Link,Title,Author,ISBN,UPC,Publisher,"Publish Date","Place of Publication",Format,"Location & Call Number"
https://catalog.saclibrary.org/GroupedWork/cb32129f-8a52-fad7-2ea8-e9e5eb40752c-eng,"Adventure on the horizon","Barbo, Maria S",9781546109839,,"Scholastic Inc.; Scholastic Inc","2024 - 2025","New York, NY","Easy Reader;eBook","Easy Reader::Carmichael Children's Area: EASY READER 2 Pokemon - Checked Out,Easy Reader::Central Kids Place - Lower Level: EASY READER 2 Pokemon - On Shelf,Easy Reader::Colonial Heights Children's Area: EASY READER 2 Pokemon - Checked Out"
https://catalog.saclibrary.org/GroupedWork/5d7d4e2b-c6cc-6318-323b-cc7e7b336953-eng,"Adventure School","Sanz, Monica (Romance fiction writer)",9780593722473,,"Random House Worlds; Books on Tape",2026,"New York",eAudiobook;Book;eBook,"Book::Arcade Children's Area: CHILDREN FICTION Minecraft - Checked Out,Book::Carmichael Children's Area: CHILDREN FICTION Minecraft - On Shelf,Book::Central Kids Place - Lower Level: CHILDREN FICTION Minecraft - Checked Out"
https://catalog.saclibrary.org/GroupedWork/46a8ace6-4193-ce6b-b867-50971c98ee8f-eng,"Adventure against the Endermen","Davidson, Danica",9781510728509,,"Sky Pony; Sky Pony Press",2017,"New York",eBook;Book,"Book::Carmichael Children's Area: CHILDREN FICTION Minecraft - On Shelf,Book::Central Kids Place - Lower Level: CHILDREN FICTION Minecraft - On Shelf,Book::Belle Cooledge Children's Area: CHILDREN FICTION Minecraft - Checked Out"
https://catalog.saclibrary.org/GroupedWork/7398e80e-2f0c-6dcf-16cd-30abe7a495cc-eng,"Adventure according to Humphrey","Birney, Betty G",9780142415146,,"Books on Tape; G.P. Putnam's Sons; Penguin Young Readers Group",2009,"New York",eAudiobook;eBook;Book,"Book::Carmichael Children's Area: CHILDREN FICTION Birney, B. - Checked Out,Book::Elk Grove Kids' Place: CHILDREN FICTION Birney, B. - In Transit,Book::Franklin Children's: CHILDREN FICTION Birney, B. - Checked Out"
https://catalog.saclibrary.org/GroupedWork/ee0ec523-200e-9239-8e24-56e885233500-eng,"Adventure on Treasure Island","Lane, Jeanette",9781338237535,,"Scholastic, Inc; Scholastic Inc.","2018 - 2021","New York",eBook;Book,"Book::Elk Grove Kids' Place: MOVING UP Pokemon - Checked Out"
https://catalog.saclibrary.org/GroupedWork/71111dbd-a660-64fa-361b-dc6f5a61d813-eng,"Adventure awaits","Kingsbury, Karen",9781665908023,,"Simon & Schuster Audio; A Paula Wiseman Book/Beach Lane Books; Simon & Schuster Books for Young Readers",2022,"New York",eAudiobook;Book;eBook,"Book::Central Kids Place - Lower Level: CHILDREN FICTION Kingsbury, K. - In Transit,Book::Belle Cooledge Children's Area: CHILDREN FICTION Kingsbury, K. - Checked Out,Book::Elk Grove Kids' Place: CHILDREN FICTION Kingsbury, K. - OFF CAMPUS"
https://catalog.saclibrary.org/GroupedWork/a3254dbb-ceed-481a-c504-c65ea2043d04-eng,"The adventures of Tom Sawyer","Twain, Mark, 1835-1910",9781435136151,,"Black and White Classics; Signet Classic; Interactive Media; Knopf Doubleday Publishing Group; Bendon, Inc; Book-of-the-Month Club; Lerner Publishing Group; Reader's Digest Association; Duke Classics; Blackstone Publishing; LRS; Barnes & Noble Classics; The American Publishing Company; Penguin Publishing Group; Barnes & Noble; Children's Classics; Project Gutenberg; Baronet Books/Playmore; Grosset & Dunlap; Sterling Pub; Brilliance Audio; Penguin Books; Puffin; Blackstone Audio; Dover Publications; CCS Books; Vintage Classic; Dodd, Mead; University of California Press; Tantor Media, Inc; Courage Books; Random House Publishing Group; Simon & Schuster Books for Young Readers","1876 - 2024","New York; Philadelphia, Pa; Hartford, CT; Ashland, Ohio; Berkeley; Berkshire, UK; Grand Haven, Michigan; Los Angeles, CA; Pleasantville, N.Y; New York, N.Y; [United States]; London; Mineola, N.Y; New York, N. Y; Hartford, Connecticut; New York, New York; [Ashland, OR]","eAudiobook;Audiobook - CD;eBook;Large Print;Book","Book::Arcade Children's Area: CHILDREN FICTION Twain, M. - On Shelf,Book::Franklin Children's: CHILDREN FICTION Twain, M. - In Transit,Book::McKinley Children's Area: CHILDREN FICTION Twain, M. - On Shelf"
https://catalog.saclibrary.org/GroupedWork/aa712ed6-445c-877b-b864-2c6a154c1f7e-eng,"The adventure and other stories","Jarvis, 1985-",9781536235449,,"Candlewick Press",2024,"Somerville, Massachusetts","Easy Reader;eBook","Easy Reader::Carmichael Children's Area: EASY READER 3 Jarvis - On Shelf,Easy Reader::Central Kids Place - Lower Level: EASY READER 3 Jarvis - Checked Out,Easy Reader::Elk Grove Kids' Place: EASY READER 3 Jarvis - Checked Out"
https://catalog.saclibrary.org/GroupedWork/cdc68336-1a7a-3ff9-6822-fabe2b69dfad-eng,"The adventures of Paddington: Paddington and the painting","Capucilli, Alyssa Satin, 1957-",9780062983077,,"Harper an imprint of HarperCollinsPublishers; HarperCollins",2020,"New York, NY","Easy Reader;eBook","Easy Reader::Colonial Heights Children's Area: EASY READER 1 Capucilli, A. - Checked Out,Easy Reader::Belle Cooledge Children's Area: EASY READER 1 Capucilli, A. - Checked Out,Easy Reader::South Natomas Children's Area: EASY READER 1 Capucilli, A. - On Shelf"
https://catalog.saclibrary.org/GroupedWork/37be382e-06fc-5e63-3c32-436c9c03f5fa-eng,"The adventures of Huckleberry Finn","Twain, Mark, 1835-1910",9780141334844,,"Charles L. Webster and Company; Interactive Media; Recorded Books; Lerner Publishing Group; Lebooks Editora; Modern Pub; Bantam Dell; Duke Classics; Blackstone Publishing; Thorndike Press; Books on Tape; Barnes & Noble Classics; Xist Publishing; Start Publishing LLC; Oxford University Press; Morrow; Librofilio; Penguin Publishing Group; EdCon Publishing; Barnes & Noble; Re-Image Publishing; Project Gutenberg; Aladdin Paperbacks; Grosset & Dunlap; Penguin Classics, an imprint of Penguin Books; Sterling Pub; Brilliance Audio; Puffin; Bendon Inc; Dover Publications; Distributed by Recorded Books; Blackstone Audiobooks; BBC Audiobooks America; Tantor Media, Inc; Random House Publishing Group; Start Classics; Simon & Schuster Books for Young Readers; Findaway Voices","1885 - 2025","New York; Grand Haven, Mich; New York, N.Y; Prince Frederick, MD; United States; Ashland, Ohio; London; Ashland, OR; Oxford; Waterville, Me","eAudiobook;Audiobook - CD;eBook;Large Print;Book","Book::Arden-Dimick Children's Area: CHILDREN FICTION Twain, M. - Checked Out,Book::Central Kids Place - Lower Level: CHILDREN FICTION Twain, M. - Checked Out,Book::Franklin Children's: CHILDREN FICTION Twain, M. - Checked Out"
https://catalog.saclibrary.org/GroupedWork/720b75f1-b642-2df8-c15d-d8b32ed4c5cd-eng,"Adventure awaits!","Bouchard, Natasha",9780736490313,,"Random House Children's books, a division of Penguin Random House",2022,"New York","Easy Reader","Easy Reader::Central Kids Place - Lower Level: EASY READER 3 Disney - On Shelf,Easy Reader::Elk Grove Kids' Place: EASY READER 3 Disney - Checked Out,Easy Reader::Fair Oaks Children's Area: EASY READER 3 Disney - Checked Out"
https://catalog.saclibrary.org/GroupedWork/98d4e9ef-1490-de6d-18a1-68983a717cb5-eng,"Adventure time: Volume 14","Tamaki, Mariko 1983-",9781684151448,,"KaBOOM!; KaBOOM!, a division of Boom Entertainment, Inc",2018,"Los Angeles, CA","Graphic Novel/Manga;eComic","Graphic Novel/Manga::Franklin Children's: CHILDREN GRAPHIC NOVEL Adventure Time v.14 - Checked Out"
https://catalog.saclibrary.org/GroupedWork/d7a4c538-76ab-04ee-5bd8-d3e2db4e0ec4-eng,"The adventures of Beekle: the unimaginary friend","Santat, Dan",9780316199988,,"Hachette Audio for Young Listeners; Hachette Audio; Little, Brown and Company","2014 - 2015","New York","eAudiobook;Picture Book;Read-Along","Picture Book::Central Kids Place - Lower Level: PICTURE BOOK Santat, D. - Checked Out,Picture Book::Fair Oaks Children's Area: PICTURE BOOK Santat, D. - On Shelf,Picture Book::Franklin Children's: PICTURE BOOK Santat, D. - On Shelf"
https://catalog.saclibrary.org/GroupedWork/51b096ca-74e1-ec5f-7443-f74c99859222-eng,"Adventure time: sugary shorts. Volume 5",,9781684153183,,Boom!,2019,"Los Angeles","Graphic Novel/Manga","Graphic Novel/Manga::Colonial Heights Children's Area: CHILDREN GRAPHIC NOVEL Adventure Time v.5 - On Shelf,Graphic Novel/Manga::Fair Oaks Children's Area: CHILDREN GRAPHIC NOVEL Adventure Time v.5 - On Shelf,Graphic Novel/Manga::McKinley Children's Area: CHILDREN GRAPHIC NOVEL Adventure Time v.5 - Checked Out"
https://catalog.saclibrary.org/GroupedWork/c16abf51-1f79-eccc-306f-889ec868fa13-eng,"The Adventurers Guild","Clark, Zack Loran",9781484788011,,"Oasis Audio; Disney-Hyperion; Little, Brown Books for Young Readers","2017 - 2018","Los Angeles",eAudiobook;eBook;Book,"Book::Carmichael Children's Area: CHILDREN FICTION Clark, Z. - On Shelf,Book::Galt Children's Area: CHILDREN FICTION Clark, Z. - On Shelf,Book::Sacramento Public Library Storage: CHILDREN FICTION Clark, Z. - On Shelf"
https://catalog.saclibrary.org/GroupedWork/9eb10231-b50a-4b77-8857-c2a0e0254e34-eng,"Adventure is out there!: a twisted tale","Braswell, Liz",9781368108263,,"Random House/Disney",2026,"New York",Book,"Book::Central Teen Area - 3rd Floor: TEEN FICTION Twisted Tales - Checked Out,Book::South Natomas Teen Area: TEEN FICTION Twisted Tales - Checked Out,Book::Pocket-Greenhaven Teen Area: TEEN FICTION Twisted Tales - On Shelf"
https://catalog.saclibrary.org/GroupedWork/98c821e4-e5dc-91d8-5439-059278a7af31-eng,"The adventures of Captain Underpants","Pilkey, Dav, 1966-",9780545499088,,"Scholastic Inc.; Scholastic Inc","2013 - 2023","New York, NY",eAudiobook;Book,"Book::Central Kids Place - Lower Level: MOVING UP Pilkey, D. - Checked Out,Book::Central Kids Place - Lower Level: ON ORDER - On Order,Book::Colonial Heights Children's Area: MOVING UP Pilkey, D. - On Shelf"
https://catalog.saclibrary.org/GroupedWork/7bde5885-da95-faa1-2680-30098ac8f192-eng,"Adventure time presents Marcy & Simon","Olson, Olivia",9781684154180,,KaBOOM!,2019,"Los Angeles, CA","Graphic Novel/Manga","Graphic Novel/Manga::Carmichael Children's Area: CHILDREN GRAPHIC NOVEL Adventure Time - On Shelf,Graphic Novel/Manga::Colonial Heights Children's Area: CHILDREN GRAPHIC NOVEL Adventure Time - On Shelf,Graphic Novel/Manga::Elk Grove Kids' Place: CHILDREN GRAPHIC NOVEL Adventure Time - Checked Out"
https://catalog.saclibrary.org/GroupedWork/ae319b04-48eb-9dc3-802f-6dfe229056d8-eng,"Adventures from the land of stories: the Mother Goose diaries","Colfer, Chris, 1990-",9780316383349,,"Little, Brown and Company",2017,"New York",Book,"Book::Central Kids Place - Lower Level: CHILDREN FICTION Colfer, C. - Checked Out,Book::Belle Cooledge Children's Area: CHILDREN FICTION Colfer, C. - Checked Out,Book::Franklin Children's: CHILDREN FICTION Colfer, C. - On Shelf"
https://catalog.saclibrary.org/GroupedWork/9e34f68a-4601-e893-e28f-bb05bd39c767-eng,"Adventure time: Volume 16","Cannon, Kevin",9781684152728,,"KaBOOM!, a division of Boom Entertainment, Inc",2018,"Los Angeles, CA","Graphic Novel/Manga","Graphic Novel/Manga::Fair Oaks Children's Area: CHILDREN GRAPHIC NOVEL Adventure Time v.16 - On Shelf,Graphic Novel/Manga::Walnut Grove Children's Area: CHILDREN GRAPHIC NOVEL Adventure Time v.16 - On Shelf,Graphic Novel/Manga::Folsom Children's Area: CHILDREN GRAPHIX Adventure Time v.16 - Checked Out"
https://catalog.saclibrary.org/GroupedWork/09ff35d7-3f9f-8bd0-d5d7-9c8ecfc65196-eng,"Adventure time: Marceline the pirate queen","Williams, Leah",9781684153053,,"KaBoom!, a division of Boom Entertainment, Inc",2019,"Los Angeles, CA","Graphic Novel/Manga","Graphic Novel/Manga::Central Kids Place - Lower Level: CHILDREN GRAPHIC NOVEL Adventure Time - On Shelf,Graphic Novel/Manga::Belle Cooledge Children's Area: CHILDREN GRAPHIC NOVEL Adventure Time - On Shelf,Graphic Novel/Manga::Courtland Children's Area: CHILDREN GRAPHIC NOVEL Adventure Time - On Shelf"
https://catalog.saclibrary.org/GroupedWork/a108dd41-ffbd-afb8-a91e-df47325e587d-eng,"Adventures in Flatfrost","Quinn, Jordan",9781481413886,,"Tantor Media, Inc.; Tantor Media, Inc; Little Simon","2014 - 2021","New York",eAudiobook;Book;eBook,"Book::Carmichael Children's Area: MOVING UP Quinn, J. - Checked Out,Book::Central Kids Place - Lower Level: MOVING UP Quinn, J. - Checked Out,Book::Colonial Heights Children's Area: MOVING UP Quinn, J. - On Hold Shelf"
https://catalog.saclibrary.org/GroupedWork/8b16f6ea-d579-b3ca-dde9-d294552d80c3-eng,"The adventures of Miss Petitfour","Michaels, Anne, 1958-",9781770495005,,"Tundra Books; Tundra",2015,"Toronto, Ontario",eBook;Book,"Book::Arcade Children's Area: CHILDREN FICTION Michaels, A. - On Shelf,Book::Carmichael Children's Area: CHILDREN FICTION Michaels, A. - On Shelf,Book::Central Kids Place - Lower Level: CHILDREN FICTION Michaels, A. - On Shelf"
https://catalog.saclibrary.org/GroupedWork/744bc4d9-98d5-84b3-3593-20c910c49850-eng,"Adventures of Mary Jane","Jahren, Hope",9780593484111,,"Delacorte Press; Random House Children's Books; Books on Tape",2024,"New York",eAudiobook;Book;eBook,"Book::Central Teen Area - 3rd Floor: TEEN FICTION Jahren, H. - On Shelf,Book::McKinley Children's Area: TEEN FICTION Jahren, H. - On Shelf,Book::North Natomas: TEEN FICTION Jahren, H. - On Shelf"
https://catalog.saclibrary.org/GroupedWork/d23c99ed-0832-c3bb-1fca-20299226576a-eng,"Adventure Time: Marceline",,9781684154197,,KaBOOM!,2019,"Los Angeles, CA","Graphic Novel/Manga","Graphic Novel/Manga::Central Kids Place - Lower Level: CHILDREN GRAPHIC NOVEL Adventure Time - On Shelf,Graphic Novel/Manga::McKinley Children's Area: CHILDREN GRAPHIC NOVEL Adventure Time - Checked Out,Graphic Novel/Manga::Southgate Children's Area: CHILDREN GRAPHIC NOVEL Adventure Time - On Shelf"
https://catalog.saclibrary.org/GroupedWork/5a5c9dea-2ffb-254c-7be8-539a484e80c8-eng,"Adventures with waffles","Parr, Maria, 1981-",9780763672812,,"Candlewick Press","2015 - 2018","[Cambridge, MA]; Somerville, MA; Somerville, Massachusetts","Audiobook - CD;Book;eBook","Book::Arcade Children's Area: CHILDREN FICTION Parr, M. - Checked Out,Book::Belle Cooledge Children's Area: CHILDREN FICTION Parr, M. - On Hold Shelf,Book::Franklin Children's: CHILDREN FICTION Parr, M. - On Shelf"
https://catalog.saclibrary.org/GroupedWork/c622f11f-0a18-6055-bcbf-5df2995e87e9-eng,"Adventure Time Comics: Volume 6",,9781684152582,,KaBOOM!,2018,"Los Angeles, CA","Graphic Novel/Manga","Graphic Novel/Manga::Central Kids Place - Lower Level: CHILDREN GRAPHIC NOVEL Adventure Time v.6 - On Shelf,Graphic Novel/Manga::Belle Cooledge Children's Area: CHILDREN GRAPHIC NOVEL Adventure Time v.6 - On Shelf,Graphic Novel/Manga::Franklin Children's: CHILDREN GRAPHIC NOVEL Adventure Time v.6 - Checked Out"
https://catalog.saclibrary.org/GroupedWork/2e83289a-206d-7278-64a0-4ad3e68a8f40-eng,"Adventure time: Volume 13","Hastings, Chris, 1983-",9781684150519,,"KaBOOM!, a division of Boom Entertainment, Inc",2017,"Los Angeles, CA","Graphic Novel/Manga","Graphic Novel/Manga::Belle Cooledge Children's Area: CHILDREN GRAPHIC NOVEL Adventure Time v.13 - On Shelf,Graphic Novel/Manga::Rancho Children's Area: CHILDREN GRAPHIC NOVEL Adventure Time v.13 - Checked Out,Graphic Novel/Manga::Southgate Children's Area: CHILDREN GRAPHIC NOVEL Adventure Time v.13 - On Shelf"
https://catalog.saclibrary.org/GroupedWork/eba7ceb6-0798-9d82-6368-770963f843b3-eng,"Adventure in Grand Canyon National Park: National park mystery series. book 3","Johnson, Aaron, 1976-",9781960053015,,"Aaron Johnson",2023,"[Place of publication not identified]",Book,"Book::Elk Grove Kids' Place: CHILDREN FICTION Johnson, A. - On Shelf,Book::Southgate Children's Area: CHILDREN FICTION Johnson, A. - On Shelf,Book::Sylvan Oaks Children's Area: CHILDREN FICTION Johnson, A. - On Shelf"
https://catalog.saclibrary.org/GroupedWork/c9d81ea3-d94f-eb8c-cf07-74bd10810db5-eng,"Adventure time: the Ooorient Express","Sorese, Jeremy",9781608869954,,"KaBoom!, a division of Boom Entertainment, Inc",2017,"Los Angeles, CA","Graphic Novel/Manga","Graphic Novel/Manga::Arcade Children's Area: CHILDREN GRAPHIC NOVEL Adventure Time v.10 - Checked Out,Graphic Novel/Manga::Belle Cooledge Children's Area: CHILDREN GRAPHIC NOVEL Adventure Time v.10 - On Shelf,Graphic Novel/Manga::Southgate Children's Area: CHILDREN GRAPHIC NOVEL Adventure Time v.10 - On Shelf"
https://catalog.saclibrary.org/GroupedWork/b3165f39-50e3-772a-8d67-9416d1da9b09-eng,"Adventure time comics: Volume 4",,9781684151332,,KaBOOM!,2018,"Los Angeles, CA","Graphic Novel/Manga","Graphic Novel/Manga::Central Kids Place - Lower Level: CHILDREN GRAPHIC NOVEL Adventure Time v.4 - On Shelf,Graphic Novel/Manga::Belle Cooledge Children's Area: CHILDREN GRAPHIC NOVEL Adventure Time v.4 - On Shelf,Graphic Novel/Manga::Elk Grove Kids' Place: CHILDREN GRAPHIC NOVEL Adventure Time v.4 - On Shelf"
https://catalog.saclibrary.org/GroupedWork/02b29077-48c0-4314-3399-281fbc9c1927-eng,"Adventure time comics: Volume 2",,9781608869848,,"Kaboom!, a division of Boom Entertainment, Inc",2017,"Los Angeles, CA","Graphic Novel/Manga","Graphic Novel/Manga::Fair Oaks Children's Area: CHILDREN GRAPHIC NOVEL Adventure Time v.2 - On Shelf,Graphic Novel/Manga::Rancho Children's Area: CHILDREN GRAPHIC NOVEL Adventure Time v.2 - Checked Out,Graphic Novel/Manga::Walnut Grove Children's Area: CHILDREN GRAPHIC NOVEL Adventure Time v.2 - On Shelf"
https://catalog.saclibrary.org/GroupedWork/01e064a1-41d5-0b59-6674-759042cd576f-eng,"Adventure time: Princess Bubblegum",,9781684155262,,"KaBoom!, a division of Boom Entertainment, Inc",2020,"Los Angeles, CA","Graphic Novel/Manga","Graphic Novel/Manga::Colonial Heights Children's Area: CHILDREN GRAPHIC NOVEL Adventure Time - Checked Out,Graphic Novel/Manga::Belle Cooledge Children's Area: CHILDREN GRAPHIC NOVEL Adventure Time - Checked Out,Graphic Novel/Manga::Pocket-Greenhaven Kids' Place: CHILDREN GRAPHIC NOVEL Adventure Time - On Shelf"
https://catalog.saclibrary.org/GroupedWork/5f547750-bc02-5007-5a01-bdc3ee7b7c96-eng,"Adventure time: 12 : Thunder Road","Sorese, Jeremy",9781684151790,,"KaBoom!, a division of Boom Entertainment, Inc",2018,"Los Angeles, CA","Graphic Novel/Manga","Graphic Novel/Manga::Carmichael Children's Area: CHILDREN GRAPHIC NOVEL Adventure Time v.12 - OFF CAMPUS,Graphic Novel/Manga::Central Kids Place - Lower Level: CHILDREN GRAPHIC NOVEL Adventure Time v.12 - On Shelf,Graphic Novel/Manga::Del Paso Heights Children's Area: CHILDREN GRAPHIC NOVEL Adventure Time v.12 - On Shelf"
https://catalog.saclibrary.org/GroupedWork/34bff9cb-0971-bab2-46d6-728ba31f7b4a-eng,"Adventure Kingdom: 2, A knight of the realm","Foxe, Steve",9781524878726,,"Andrews McMeel Publishing",2022,"Kansas City, Missouri","Graphic Novel/Manga","Graphic Novel/Manga::Carmichael Children's Area: CHILDREN GRAPHIC NOVEL Adventure Kingdom v.2 - On Shelf,Graphic Novel/Manga::Central Kids Place - Lower Level: CHILDREN GRAPHIC NOVEL Adventure Kingdom v.2 - On Shelf,Graphic Novel/Manga::Elk Grove Kids' Place: CHILDREN GRAPHIC NOVEL Adventure Kingdom v.2 - On Shelf"
https://catalog.saclibrary.org/GroupedWork/94e7be99-f74d-32be-2f10-da06b08ee9d9-eng,"Adventure time: princess and princess","Sorese, Jeremy",9781684150250,,"KaBoom!, a division of Boom Entertainment, Inc",2018,"Los Angeles, CA","Graphic Novel/Manga","Graphic Novel/Manga::Central Kids Place - Lower Level: CHILDREN GRAPHIC NOVEL Adventure Time v.11 - On Shelf,Graphic Novel/Manga::Courtland Children's Area: CHILDREN GRAPHIC NOVEL Adventure Time v.11 - On Shelf,Graphic Novel/Manga::Del Paso Heights Children's Area: CHILDREN GRAPHIC NOVEL Adventure Time v.11 - On Shelf"
https://catalog.saclibrary.org/GroupedWork/27b5c153-2193-503b-0fa7-0979440eb189-eng,"The adventurer's guide to dragons (and why they keep biting me)","White, Wade Albert",9780316305310,,"Little, Brown Books for Young Readers; Little, Brown and Company",2017,"New York",eBook;Book,"Book::Fair Oaks Children's Area: CHILDREN FICTION White, W. - On Shelf,Book::North Natomas Children's Area: CHILDREN FICTION White, W. - Checked Out"
https://catalog.saclibrary.org/GroupedWork/4e904826-7e91-f1f2-5db2-3de368c9ac38-eng,"Adventure time compendium: Vol. 3","Tamaki, Mariko",9781637158944,,"Oni Press",2025,"Portland, OR","Graphic Novel/Manga","Graphic Novel/Manga::Arcade Children's Area: CHILDREN GRAPHIC NOVEL Adventure Time v.3 - Checked Out,Graphic Novel/Manga::Central Kids Place - Lower Level: CHILDREN GRAPHIC NOVEL Adventure Time v.3 - Checked Out,Graphic Novel/Manga::Elk Grove Kids' Place: CHILDREN GRAPHIC NOVEL Adventure Time v.3 - Checked Out"
https://catalog.saclibrary.org/GroupedWork/31d3b777-df87-3bd4-1710-c8def967650d-eng,"Adventure Time: Season 11",,9781684153657,,KaBOOM!,2019,"Los Angeles, CA","Graphic Novel/Manga","Graphic Novel/Manga::Central Kids Place - Lower Level: CHILDREN GRAPHIC NOVEL Adventure Time v.1 - On Shelf,Graphic Novel/Manga::Elk Grove Kids' Place: CHILDREN GRAPHIC NOVEL Adventure Time v.1 - Checked Out,Graphic Novel/Manga::Southgate Children's Area: CHILDREN GRAPHIC NOVEL Adventure Time v.1 - Checked Out"
https://catalog.saclibrary.org/GroupedWork/dd5ff803-f40f-9312-5ee3-95fe30a85f99-eng,"Adventure time compendium: Vol. 2","Hastings, Chris, 1983-",9781637157442,,"Oni Press",2025,"Portland, OR","Graphic Novel/Manga","Graphic Novel/Manga::Central Kids Place - Lower Level: CHILDREN GRAPHIC NOVEL Adventure Time v.2 - Checked Out,Graphic Novel/Manga::Colonial Heights Children's Area: CHILDREN GRAPHIC NOVEL Adventure Time v.2 - Checked Out,Graphic Novel/Manga::Pocket-Greenhaven Kids' Place: CHILDREN GRAPHIC NOVEL Adventure Time v.2 - Checked Out"
https://catalog.saclibrary.org/GroupedWork/b959dd88-75af-c067-03db-232d8a672f53-eng,"Adventure time: brain robbers","Trujillo, Josh",9781608868759,,"KaBoom!, a division of Boom Entertainment, Inc",2017,"Los Angeles, CA","Graphic Novel/Manga","Graphic Novel/Manga::Central Kids Place - Lower Level: CHILDREN GRAPHIC NOVEL Adventure Time v.9 - On Shelf,Graphic Novel/Manga::Courtland Children's Area: CHILDREN GRAPHIC NOVEL Adventure Time v.9 - On Shelf"
https://catalog.saclibrary.org/GroupedWork/e928deaa-8cfb-2d24-8e32-9addd4104265-eng,"Adventures from the land of stories: Queen Red Riding Hood's guide to royalty","Colfer, Chris, 1990-",9780316383363,,"Little, Brown and Company",2017,"New York",Book,"Book::Colonial Heights Children's Area: CHILDREN FICTION Colfer, C. - On Shelf,Book::Elk Grove Kids' Place: CHILDREN FICTION Colfer, C. - Checked Out,Book::Franklin Children's: CHILDREN FICTION Colfer, C. - On Shelf"
https://catalog.saclibrary.org/GroupedWork/55e48ee0-b791-e7d9-9e6a-7b7edb78b9f7-eng,"Adventure time: sugary shorts. Volume 3","Ward, Pendleton, 1982-",9781684150304,,KaBOOM!,2017,"Los Angeles, CA","Graphic Novel/Manga","Graphic Novel/Manga::Belle Cooledge Children's Area: CHILDREN GRAPHIC NOVEL Adventure Time v.3 - On Shelf,Graphic Novel/Manga::Southgate Children's Area: CHILDREN GRAPHIC NOVEL Adventure Time v.3 - On Shelf"
https://catalog.saclibrary.org/GroupedWork/915b22d0-be59-fca4-ef4d-8c6e5c3a1c8a-eng,"Adventure time: with Finn & Jake",,9780593808788,,"Random House",2024,"New York","Graphic Novel/Manga","Graphic Novel/Manga::Carmichael Children's Area: CHILDREN GRAPHIC NOVEL Adventure Time - OFF CAMPUS,Graphic Novel/Manga::Central Kids Place - Lower Level: CHILDREN GRAPHIC NOVEL Adventure Time - On Shelf,Graphic Novel/Manga::McKinley Children's Area: CHILDREN GRAPHIC NOVEL Adventure Time - Checked Out"
https://catalog.saclibrary.org/GroupedWork/92bd8d43-dca3-a7f1-7f6e-847d5ffc76ad-eng,"The adventures of Sherlock Holmes","Doyle, Arthur Conan, 1859-1930",9780895772770,,"Stradivari Audio Books; Dover Publications; George Newnes, Limited; Reader's Digest Association; Quality Paperback Book Club; Harper and Brothers; Barnes & Noble Books; Morrow; Barnes & Noble; Media Books [distributor]; Findaway Voices","1891 - 2025","S.L; London; New York; Pleasantville, N.Y; Englewood Cliffs, NJ; Mineola, N.Y","Audiobook - CD;Book;eAudiobook;eBook","Book::Carmichael: MYSTERY Doyle, A. - Checked Out,Book::Central: MYSTERY Doyle, A. - On Shelf,Book::Fair Oaks: MYSTERY Doyle, A. - On Hold Shelf"
https://catalog.saclibrary.org/GroupedWork/3925a6f8-6f82-6778-1bb1-09d48da286ac-eng,"Adventures of Huckleberry Finn: ""Tom Sawyer's comrade"", scene: the Mississippi Valley, time: early nineteenth century","Twain, Mark, 1835-1910",9780451530943,,"New American Library",2008,"New York",Book,"Book::Arcade: FICTION Twain, M. - On Shelf,Book::Carmichael: FICTION Twain, M. - On Shelf,Book::Central: FICTION Twain, M. - On Shelf"
https://catalog.saclibrary.org/GroupedWork/364dc258-f652-9fe2-640b-5b2386d41133-eng,"Adventure time: Islands","Burch, Ashly, 1990-",9781608869725,,KaBoom!,2016,"Los Angeles, California","Graphic Novel/Manga","Graphic Novel/Manga::Carmichael Children's Area: CHILDREN GRAPHIC NOVEL Adventure Time - Checked Out,Graphic Novel/Manga::Belle Cooledge Children's Area: CHILDREN GRAPHIC NOVEL Adventure Time - Checked Out,Graphic Novel/Manga::Del Paso Heights Children's Area: CHILDREN GRAPHIC NOVEL Adventure Time - On Shelf"
https://catalog.saclibrary.org/GroupedWork/ecc043f4-0b63-8407-693f-d34ef4b0e7a8-eng,"The adventures of Nanny Piggins","Spratt, R. A",9780316079884,,"Penguin Random House Australia; Little, Brown Books for Young Readers; Little, Brown","2010 - 2020","New York",eAudiobook;eBook;Book,"Book::Carmichael Children's Area: CHILDREN FICTION Spratt, R. - On Shelf,Book::Central Kids Place - Lower Level: CHILDREN FICTION Spratt, R. - On Shelf,Book::Belle Cooledge Children's Area: CHILDREN FICTION Spratt, R. - On Shelf"
https://catalog.saclibrary.org/GroupedWork/8ac79f10-781d-d215-a795-3df2c08b3ced-eng,"The adventure begins","Hamilton, Richard, 1960-",9781534412927,,"Simon Spotlight",2017,"New York",Book,"Book::South Natomas Children's Area: CHILDREN FICTION Hamilton, R. - On Shelf,Book::Southgate Children's Area: CHILDREN FICTION Hamilton, R. - On Shelf"
https://catalog.saclibrary.org/GroupedWork/b9971795-256d-37cd-ed98-dfe5be109271-eng,"The adventure is now","Redman, Jess, 1986-",9780374314712,,"Farrar Straus Giroux",2021,"New York",Book,"Book::Belle Cooledge Children's Area: CHILDREN FICTION Redman, J. - On Shelf,Book::North Natomas Children's Area: CHILDREN FICTION Redman, J. - On Shelf,Book::Rio Linda Children's Area: CHILDREN FICTION Redman, J. - On Shelf"
https://catalog.saclibrary.org/GroupedWork/cca2813c-9159-5c76-b44c-d45a03af608a-eng,"Adventure time comics: Volume 3",,9781684150410,,"KaBOOM!, a division of Boom Entertainment, Inc",2017,"Los Angeles, CA","Graphic Novel/Manga","Graphic Novel/Manga::Central Kids Place - Lower Level: CHILDREN GRAPHIC NOVEL Adventure Time v.3 - On Shelf,Graphic Novel/Manga::Belle Cooledge Children's Area: CHILDREN GRAPHIC NOVEL Adventure Time v.3 - Checked Out,Graphic Novel/Manga::North Natomas Children's Area: CHILDREN GRAPHIC NOVEL Adventure Time v.3 - On Shelf"
https://catalog.saclibrary.org/GroupedWork/8706058e-21e3-a4a8-985a-6e738d1871dd-eng,"Adventure time: Volume 12","Hastings, Chris, 1983-",9781684150052,,KaBOOM!,2017,"Los Angeles, CA","Graphic Novel/Manga","Graphic Novel/Manga::Belle Cooledge Children's Area: CHILDREN GRAPHIC NOVEL Adventure Time v.12 - On Shelf,Graphic Novel/Manga::Del Paso Heights Children's Area: CHILDREN GRAPHIC NOVEL Adventure Time v.12 - On Shelf"
https://catalog.saclibrary.org/GroupedWork/b1269b3c-3e30-4555-fd29-2680ab80d2fb-eng,"The adventures of Super Diaper Baby: the first graphic novel","Pilkey, Dav, 1966-",9781338687859,,"Graphix, an imprint of Scholastic; Blue Sky Press","2002 - 2025","New York; New York, NY","Graphic Novel/Manga","Graphic Novel/Manga::Arden-Dimick Children's Area: CHILDREN GRAPHIC NOVEL Pilkey, D. - Checked Out,Graphic Novel/Manga::Carmichael Children's Area: CHILDREN GRAPHIC NOVEL Pilkey, D. - Checked Out,Graphic Novel/Manga::Central Kids Place - Lower Level: CHILDREN GRAPHIC NOVEL Pilkey, D. - In Processing"
https://catalog.saclibrary.org/GroupedWork/b5a81230-941f-320f-08c1-d9589108c175-eng,"The Adventures of Caveboy","Bardhan-Quallen, Sudipta",9781619639874,,"Bloomsbury Children's Books; Bloomsbury USA Childrens",2017,"New York","Easy Reader;eBook","Easy Reader::Colonial Heights Children's Area: EASY READER 3 Bardhan-Quallen, S. - Checked Out,Easy Reader::Belle Cooledge Children's Area: EASY READER 3 Bardhan-Quallen, S. - Checked Out,Easy Reader::Elk Grove Kids' Place: EASY READER 3 Bardhan-Quallen, S. - On Shelf"
https://catalog.saclibrary.org/GroupedWork/bad916d2-1875-59f0-fad1-f62d2dc49edc-eng,"The adventures of Huckleberry Finn: (Tom Sawyer's comrade)","Twain, Mark, 1835-1910",9780451523730,,"Signet Classic; Charles L. Webster and Company; Barnes & Noble Books; Charles L Webster","1891 - 1993","New York",eBook;Book,
https://catalog.saclibrary.org/GroupedWork/a227afa6-7448-ee40-4ac1-82129f6c7b5a-eng,"Adventures in a video game: Never trust a robot","Brady, Dustin",9798881602260,,"Andrews McMeel Publishing",2025,"Kansas City, Missouri",Book,"Book::Central Kids Place - Lower Level: CHILDREN FICTION Brady, D. - On Shelf,Book::Elk Grove Kids' Place: CHILDREN FICTION Brady, D. - On Shelf,Book::Isleton Children's Area: CHILDREN FICTION Brady, D. - On Shelf"
https://catalog.saclibrary.org/GroupedWork/fcd8a81a-acfe-f0b4-7be0-d7dc24b0b799-eng,"Adventures with my daddies","Peter, Gareth",9781682632819,,Peachtree,2021,Atlanta,"Picture Book;eBook","Picture Book::Central Kids Place - Lower Level: PICTURE BOOK Peter, G. - On Shelf,Picture Book::Elk Grove Kids' Place: PICTURE BOOK Peter, G. - Checked Out,Picture Book::Franklin Children's: PICTURE BOOK Peter, G. - On Shelf"
https://catalog.saclibrary.org/GroupedWork/3ccac525-52d1-e5c7-403e-c8e485187c17-eng,"An adventure for Lia and Lion","Rodin, Al",9780593903322,,"Alfred A. Knopf",2024,"New York","Picture Book","Picture Book::Carmichael Children's Area: PICTURE BOOK Rodin, A. - On Shelf,Picture Book::Central Kids Place - Lower Level: PICTURE BOOK Rodin, A. - On Shelf,Picture Book::Isleton Children's Area: PICTURE BOOK Rodin, A. - On Shelf"
https://catalog.saclibrary.org/GroupedWork/d27c254d-ddff-95e3-6fc9-f62423f1b126-eng,"Adventure time: Vol 1, Best of buds","Winn, Nick",9781637159101,,"Oni-Lion Forge Publishing Group",2025,"Portland, OR","Graphic Novel/Manga","Graphic Novel/Manga::Carmichael Children's Area: CHILDREN GRAPHIC NOVEL Adventure Time v.1 - Checked Out,Graphic Novel/Manga::Franklin Children's: CHILDREN GRAPHIC NOVEL Adventure Time v.1 - Checked Out,Graphic Novel/Manga::Walnut Grove Children's Area: CHILDREN GRAPHIC NOVEL Adventure Time v.1 - On Shelf"
https://catalog.saclibrary.org/GroupedWork/068e7bb7-ce46-10a6-89c2-4137db68d29e-eng,"The adventurer's guide to treasure (and how to steal it)","White, Wade Albert",9780316518444,,"Little, Brown and Company",2019,"New York",Book,"Book::Colonial Heights Children's Area: CHILDREN FICTION White, W. - On Shelf,Book::Southgate Children's Area: CHILDREN FICTION White, W. - On Shelf,Book::Sacramento Public Library Storage: CHILDREN FICTION White, W. - On Shelf"
https://catalog.saclibrary.org/GroupedWork/3c7cef79-5291-7057-3353-61b1d61917e5-eng,"Adventures of a creeper: Mervyn, the creeper who wanted to burn bright!","Kid, Books",9781684129225,,"Silver Dolphin Books",2019,"San Diego, CA",Book,"Book::Central Kids Place - Lower Level: CHILDREN FICTION Minecraft - On Shelf,Book::Valley Hi-North Laguna Children's Area: CHILDREN FICTION Minecraft - On Shelf,Book::Sacramento Public Library Storage: CHILDREN FICTION Minecraft - On Shelf"
https://catalog.saclibrary.org/GroupedWork/5485a73d-ea50-9b4c-4d04-f4dcce1b12c7-eng,"The adventures of a South Pole pig","Kurtz, Chris, 1960-",9780547634555,,"Tantor Media, Inc.; Harcourt Children's Books, Houghton Mifflin Harcourt; HarperCollins; Tantor Media, Inc","2013 - 2023","New York; Boston",eAudiobook;eBook;Book,
https://catalog.saclibrary.org/GroupedWork/9fa7015c-6c66-7533-67a9-914773950984-eng,"Adventure time with Fionna & Cake: party bash blues","Sheridan, Kate",9781684154005,,Kaboom!,2019,"Los Angeles, CA","Graphic Novel/Manga","Graphic Novel/Manga::Fair Oaks Children's Area: CHILDREN GRAPHIC NOVEL Adventure Time - Checked Out,Graphic Novel/Manga::Walnut Grove Children's Area: CHILDREN GRAPHIC NOVEL Adventure Time - On Shelf,Graphic Novel/Manga::Folsom Children's Area: CHILDREN GRAPHIX Adventure Time - Checked Out"
https://catalog.saclibrary.org/GroupedWork/04ae7e10-912d-8d9b-017b-858431863a24-eng,"The adventures of Pinocchio","Collodi, Carlo, 1826-1890",9780968876800,,"Lauscher Audiobooks; Simply Read; Creative Editions; Knopf; HarperCollins; Dreamscape Media; HarperCollins Canada; Duke Classics; HarperCollins Publishers; Start Classics; Turnaround","1988 - 2024","New York; Mankato, MN; Vancouver, B.C; London",eBook;Book;eAudiobook,
https://catalog.saclibrary.org/GroupedWork/6eef641f-c181-ab4b-a6a3-8325f587bb20-eng,"The adventures of Reddy Fox","Burgess, Thornton W. (Thornton Waldo), 1874-1965",9781942875635,,"Dover Publications; Project Gutenberg; Seagrass Press, an imprint of The Quarto Group USA Inc; Otbebookpublishing; Neeland Media LLC; iBoo Press; SC Active Business Development SRL","2012 - 2021","Lake Forest, CA",eBook;Book,"Book::Arcade Children's Area: MOVING UP Burgess, T. - On Shelf,Book::Carmichael Children's Area: MOVING UP Burgess, T. - Checked Out,Book::Belle Cooledge Children's Area: MOVING UP Burgess, T. - On Shelf"
https://catalog.saclibrary.org/GroupedWork/de1f2d5c-40f2-695b-e9a7-bf41d23fd716-eng,"The Adventures of Cipollino","Rodari, Gianni",9781592704163,,"Enchanted Lion; Enchanted Lion Books",2025,"New York",eBook;Book,"Book::Colonial Heights Children's Area: CHILDREN FICTION Rodari, G. - On Shelf,Book::McKinley Children's Area: CHILDREN FICTION Rodari, G. - Checked Out,Book::North Natomas Children's Area: CHILDREN FICTION Rodari, G. - On Shelf"
https://catalog.saclibrary.org/GroupedWork/ac92b64e-3b02-f71d-29bc-69a39b1d851c-eng,"Adventures of a zombie: Bern, the zombie who wants to take over the world!","Kid, Books",9781645176831,,"Silver Dolphin Books",2021,"San Diego, CA",Book,"Book::Arcade Children's Area: MOVING UP Minecraft - On Shelf,Book::Elk Grove Kids' Place: MOVING UP Minecraft - On Shelf,Book::Southgate Children's Area: MOVING UP Minecraft - On Shelf"
https://catalog.saclibrary.org/GroupedWork/46032530-6226-843b-2d7b-dc8df2055dab-eng,"Adventures of an Ender Dragon","Kid, Books",9781645178798,,"Silver Dolphin Books, an imprint of Printers Row Publishing Group",2022,"San Diego, CA",Book,"Book::Central Kids Place - Lower Level: MOVING UP Minecraft - On Shelf,Book::Belle Cooledge Children's Area: MOVING UP Minecraft - On Shelf,Book::Franklin Children's: MOVING UP Minecraft - Checked Out"
https://catalog.saclibrary.org/GroupedWork/72219be4-698d-32fd-fd87-6a395ad94157-eng,"The adventures of Sir Lancelot the Great","Morris, Gerald, 1963-",9780618777143,,"Houghton Mifflin; HarperCollins","2008 - 2009",Boston,eBook;Book,"Book::South Natomas Children's Area: MOVING UP Morris, G. - On Shelf,Book::Southgate Children's Area: MOVING UP Morris, G. - Checked Out,Book::Sylvan Oaks Children's Area: MOVING UP Morris, G. - On Shelf"
https://catalog.saclibrary.org/GroupedWork/d8b914ea-2259-5ad7-5043-296f2f67a4b6-eng,"The adventures of Peter Cottontail","Burgess, Thornton W. (Thornton Waldo), 1874-1965",9781942875611,,"Seagrass Press; Dover Publications; Seagrass; Blackstone Publishing; Otbebookpublishing; Neeland Media LLC","2012 - 2025","Lake Forest, CA",eBook;Book;eAudiobook,"Book::Carmichael Children's Area: MOVING UP Burgess, T. - On Shelf,Book::Isleton Children's Area: MOVING UP Burgess, T. - OFF CAMPUS,Book::South Natomas Children's Area: MOVING UP Burgess, T. - On Shelf"
https://catalog.saclibrary.org/GroupedWork/b955632a-659e-aa9a-18a4-b97494248d34-eng,"The adventures of Laila and Ahmed in Syria","Alloo, Nushin",9780692110942,,"Beauty Beneath the Rubble",2018,"United States",eBook;Book,"Book::Sylvan Oaks Children's Area: CHILDREN FICTION Alloo, N. - On Shelf"
https://catalog.saclibrary.org/GroupedWork/4df9f6fd-b318-be2b-4f55-f47c5729c5af-eng,"Adventures of a Dwergish girl","Pinkwater, Daniel Manus, 1941-",9781616963361,,Tachyon,2020,"San Francisco",Book,"Book::Carmichael Children's Area: CHILDREN FICTION Pinkwater, D. - On Shelf,Book::Central Kids Place - Lower Level: CHILDREN FICTION Pinkwater, D. - On Shelf,Book::Colonial Heights Children's Area: CHILDREN FICTION Pinkwater, D. - On Shelf"
https://catalog.saclibrary.org/GroupedWork/037f0e6d-6be4-15b3-d0e0-72c704e10478-eng,"The adventures of Chatterer the Red Squirrel","Burgess, Thornton W. (Thornton Waldo), 1874-1965",9781942875642,,"Seagrass Press; Dover Publications; Interactive Media; Seagrass; Otbebookpublishing; Neeland Media LLC","2012 - 2022","Lake Forest, CA",eBook;Book,"Book::Colonial Heights Children's Area: MOVING UP Burgess, T. - On Shelf,Book::Franklin Children's: MOVING UP Burgess, T. - On Shelf,Book::North Natomas Children's Area: MOVING UP Burgess, T. - On Shelf"
https://catalog.saclibrary.org/GroupedWork/7c2c420d-316f-2d69-69f7-8f8cab6fd679-eng,"The adventures of Invisible Boy!: zeroes to heroes","Horner, Doogie",9780593532690,,"G.P. Putnam's Sons",2025,"New York, New York","Graphic Novel/Manga","Graphic Novel/Manga::Carmichael Children's Area: CHILDREN GRAPHIC NOVEL Horner, D. - On Shelf,Graphic Novel/Manga::Central Kids Place - Lower Level: CHILDREN GRAPHIC NOVEL Horner, D. - On Shelf,Graphic Novel/Manga::Colonial Heights Children's Area: CHILDREN GRAPHIC NOVEL Horner, D. - On Shelf"
https://catalog.saclibrary.org/GroupedWork/a90844dc-4714-de70-f5b7-072f7f249310-eng,"Adventures of a slime","Kid, Books",9781684129218,,"Silver Dolphin Books",2019,"San Diego, CA",Book,"Book::Belle Cooledge Children's Area: CHILDREN FICTION Minecraft - On Shelf,Book::McClatchy Children's Area: CHILDREN FICTION Minecraft - Checked Out,Book::Rancho Children's Area: CHILDREN FICTION Minecraft - Checked Out"
https://catalog.saclibrary.org/GroupedWork/513b0c53-1642-b9b5-5aee-07bfd79ed5a2-eng,"The adventures of a girl called Bicycle","Uss, Christina",9780823440078,,"Holiday House; Margaret Ferguson Books, Holiday House",2018,"New York",eBook;Book,"Book::Central Kids Place - Lower Level: CHILDREN FICTION Uss, C. - On Shelf,Book::Courtland Children's Area: CHILDREN FICTION Uss, C. - On Shelf,Book::Colusa Main Branch Juvenile Collection: J Fic - On Shelf"
https://catalog.saclibrary.org/GroupedWork/318d28d9-04c0-0126-33b6-8b87eabb4745-eng,"The adventures of Super Diaper Baby: the first graphic novel by George Beard and Harold Hutchins, the creators of Captain Underpants","Pilkey, Dav, 1966-",9780545665445,,Scholastic,2002,"New York","Graphic Novel/Manga","Graphic Novel/Manga::Carmichael Children's Area: CHILDREN GRAPHIC NOVEL Pilkey, D. - On Shelf,Graphic Novel/Manga::Belle Cooledge Children's Area: CHILDREN GRAPHIC NOVEL Pilkey, D. - Checked Out,Graphic Novel/Manga::Elk Grove Kids' Place: CHILDREN GRAPHIC NOVEL Pilkey, D. - Checked Out"
https://catalog.saclibrary.org/GroupedWork/c20bdf85-3721-7bbd-5741-c1939aa53c82-eng,"The adventures of Jimmy Skunk","Burgess, Thornton W. (Thornton Waldo), 1874-1965",9781942875628,,"Seagrass Press; Dover Publications; Project Gutenberg; Seagrass Press, a division of Quarto Publishing Group USA Inc; Neeland Media LLC; iBoo Press","2012 - 2020","Lake Forest, CA",eBook;Book,"Book::Isleton Children's Area: MOVING UP Burgess, T. - On Shelf,Book::Pocket-Greenhaven Kids' Place: MOVING UP Burgess, T. - OFF CAMPUS,Book::Stonyford Branch Library Juvenile Collection: J Fic - On Shelf"
https://catalog.saclibrary.org/GroupedWork/f87031fb-dacb-d73d-8758-011a032de743-eng,"The adventures of Sir Balin the Ill-fated","Morris, Gerald, 1963-",9780547680859,,"Houghton Mifflin Harcourt; Houghton Mifflin Books for Children; HMH Books for Young Readers",2012,Boston,eBook;Book,"Book::Belle Cooledge Children's Area: MOVING UP Morris, G. - On Shelf,Book::Franklin Children's: MOVING UP Morris, G. - On Shelf,Book::Sutter County Main Branch Children's Area: MOVING UP Morris, G. - On Shelf"
https://catalog.saclibrary.org/GroupedWork/04adfa89-e690-4e97-9f64-604ff5d18b3b-eng,"Adventures with Claudie: an American girl 1922","Bennett, Brit",9781683372080,,"American Girl Publishing",2023,"Middleton, Wisconsin",Book,"Book::Arcade Children's Area: MOVING UP American Girls - Checked Out,Book::Belle Cooledge Children's Area: MOVING UP American Girls - Checked Out,Book::North Highlands-Antelope Children's Area: MOVING UP American Girls - Checked Out"
https://catalog.saclibrary.org/GroupedWork/3ff81ffc-dbfa-4e63-1645-1ff00c7d0c43-eng,"The adventures of BB-8","Fentiman, David",9781465451033,,"DK Publishing",2016,"New York, New York","Easy Reader","Easy Reader::Carmichael Children's Area: EASY READER 3 Star Wars - On Shelf,Easy Reader::Central Kids Place - Lower Level: EASY READER 3 Star Wars - On Shelf,Easy Reader::Pocket-Greenhaven Kids' Place: EASY READER 3 Star Wars - Checked Out"
https://catalog.saclibrary.org/GroupedWork/3146b788-a53b-71ea-c5ef-fe56bbc2ffc2-eng,"The adventures of Sir Gawain the True","Morris, Gerald, 1963-",9780547418551,,"Houghton Mifflin Harcourt; HMH Books for Young Readers",2011,Boston,eBook;Book,"Book::Valley Hi-North Laguna Children's Area: MOVING UP Morris, G. - On Shelf,Book::Grimes Branch Library Juvenile Collection: J Fic - On Shelf"
https://catalog.saclibrary.org/GroupedWork/5f0ea9aa-7374-e724-ad0b-397ba1e3a89d-eng,"The adventures of Sir Givret the Short","Morris, Gerald, 1963-",9780618777150,,"Houghton Mifflin; Houghton Mifflin Harcourt; HMH Books for Young Readers","2008 - 2009",Boston,eBook;Book,"Book::South Natomas Children's Area: MOVING UP Morris, G. - On Shelf,Book::Grimes Branch Library Juvenile Collection: J Fic - On Shelf"
https://catalog.saclibrary.org/GroupedWork/a13e46bb-4846-4905-a65b-0c26ffbc6102-eng,"The adventures of Buster Bear","Burgess, Thornton W. (Thornton Waldo), 1874-1965",9780486275642,,"Seagrass Press; Dover Publications; Interactive Media; Project Gutenberg; Published in association with the Thornton W. Burgess Museum and the Green Briar Nature Center, Sandwich, Massachusetts, by Dover Publications; Otbebookpublishing; Neeland Media LLC","1993 - 2022","New York",eBook;Book,"Book::Carmichael Children's Area: MOVING UP Burgess, T. - On Shelf,Book::Central Kids Place - Lower Level: MOVING UP Burgess, T. - On Shelf"
https://catalog.saclibrary.org/GroupedWork/f8db4955-1744-3eab-b4d1-e3575b3d260e-eng,"The adventures of Jerry Muskrat","Burgess, Thornton W. (Thornton Waldo), 1874-1965",9780486110370,,"Dover Publications; Project Gutenberg; Little, Brown","1914 - 2012",Boston,"Picture Book;eBook","Picture Book::Sacramento Room: SPE fic Burgess CHI - Library Use Only"
https://catalog.saclibrary.org/GroupedWork/4c9137dd-6591-d701-64d9-bf4cff77b42c-eng,"The adventures of Invisible Boy!!!(!)","Horner, Doogie",9780593532645,,"G.P. Putnam's Sons",2024,"New York","Graphic Novel/Manga","Graphic Novel/Manga::Central Kids Place - Lower Level: CHILDREN GRAPHIC NOVEL Horner, D. - On Shelf,Graphic Novel/Manga::Franklin Children's: CHILDREN GRAPHIC NOVEL Horner, D. - On Shelf,Graphic Novel/Manga::North Natomas Children's Area: CHILDREN GRAPHIC NOVEL Horner, D. - Checked Out"
https://catalog.saclibrary.org/GroupedWork/43ae7c7a-a4d1-5c3c-e8eb-8a66b83b0084-eng,"The adventures of Pippi Longstocking","Lindgren, Astrid, 1907-2002",9780670876129,,Viking,1997,"New York",Book,"Book::Carmichael Children's Area: CHILDREN FICTION Lindgren, A. - Checked Out,Book::Central Kids Place - Lower Level: CHILDREN FICTION Lindgren, A. - On Shelf,Book::Orangevale: CHILDREN FICTION Lindgren, A. - On Hold Shelf"
https://catalog.saclibrary.org/GroupedWork/a303694f-15c3-edb1-c3e4-85cfeb1a8394-eng,"The adventures of Henry Whiskers","Priebe, Gigi",9781481465755,,Aladdin,2017,"New York",Book,"Book::Belle Cooledge Children's Area: MOVING UP Priebe, G. - On Shelf,Book::Southgate Children's Area: MOVING UP Priebe, G. - On Shelf,Book::Sylvan Oaks Children's Area: MOVING UP Priebe, G. - On Shelf"
https://catalog.saclibrary.org/GroupedWork/d3cf10a9-bfa5-ec9e-f965-16db47342bdd-eng,"Adventures of the super zeros","Bolts, Russ",9781534460935,,"Little Simon",2020,"New York","Graphic Novel/Manga","Graphic Novel/Manga::Del Paso Heights Children's Area: CHILDREN GRAPHIC NOVEL Bots v.7 - On Shelf,Graphic Novel/Manga::North Natomas Children's Area: CHILDREN GRAPHIC NOVEL Bots v.7 - Checked Out,Graphic Novel/Manga::Rancho Children's Area: CHILDREN GRAPHIC NOVEL Bots v.7 - On Shelf"
https://catalog.saclibrary.org/GroupedWork/57a1891a-c9e2-d6de-8d49-d7572129119a-eng,"Adventuregame comics: 2, The beyond","Shiga, Jason",9781419757815,,"Amulet Books",2023,"New York","Graphic Novel/Manga","Graphic Novel/Manga::Carmichael Children's Area: CHILDREN GRAPHIC NOVEL Adventuregame Comics v.2 - On Shelf,Graphic Novel/Manga::Central Kids Place - Lower Level: CHILDREN GRAPHIC NOVEL Adventuregame Comics v.2 - On Shelf,Graphic Novel/Manga::Elk Grove Kids' Place: CHILDREN GRAPHIC NOVEL Adventuregame Comics v.2 - Checked Out"
https://catalog.saclibrary.org/GroupedWork/b44bf47e-9ca8-b921-a6f8-14d05b287abb-eng,"The adventures of a brownie","Craik, Dinah Maria Mulock, 1826-1887",9783958649088,,"Reilly & Britton; Otbebookpublishing","1908 - 2017",Chicago,eBook;Book,"Book::Sacramento Room: FICTION Craik, D. CHI - Library Use Only"
https://catalog.saclibrary.org/GroupedWork/17d7dfea-67d7-e6a7-96e7-b635c10af552-eng,"The adventures of John Blake: mystery of the ghost ship","Pullman, Philip, 1946-",9781338149128,,Graphix,2017,Oxford,"Graphic Novel/Manga","Graphic Novel/Manga::Central Kids Place - Lower Level: CHILDREN GRAPHIC NOVEL Pullman, P. - On Shelf,Graphic Novel/Manga::Sutter County Main Branch Children's Area: CHILDREN GRAPHIC NOVEL Pullman, P. - On Shelf"
https://catalog.saclibrary.org/GroupedWork/9e92b7f4-5509-8241-4fc7-2232769917da-eng,"The adventures of Tilly: a very good witch","Walker, K",9798333431042,,"Lilybet Press",2025,"Folsom, CA",Book,"Book::Central Local Author - 2nd Floor: CHILDREN FICTION Walker, K. - On Shelf"
https://catalog.saclibrary.org/GroupedWork/7982720e-cb11-eb92-fc92-fce6713e289f-eng,"Adventuregame comics: 1, Leviathan","Shiga, Jason",9781419757792,,"Amulet Books",2022,"New York","Graphic Novel/Manga","Graphic Novel/Manga::Central Kids Place - Lower Level: CHILDREN GRAPHIC NOVEL Adventuregame Comics v.1 - On Shelf,Graphic Novel/Manga::Elk Grove Kids' Place: CHILDREN GRAPHIC NOVEL Adventuregame Comics v.1 - Checked Out,Graphic Novel/Manga::Franklin Children's: CHILDREN GRAPHIC NOVEL Adventuregame Comics v.1 - Checked Out"
https://catalog.saclibrary.org/GroupedWork/3193e0dc-d669-be54-7085-9f42ed25a994-eng,"The adventures of the wishing-chair","Blyton, Enid",9781405290166,,"Egmont UK Limited",2018,London,Book,"Book::Belle Cooledge Children's Area: CHILDREN FICTION Blyton, E. - Checked Out,Book::Galt Children's Area: CHILDREN FICTION Blyton, E. - On Shelf,Book::Isleton Children's Area: CHILDREN FICTION Blyton, E. - On Shelf"
https://catalog.saclibrary.org/GroupedWork/a4dbce15-ea8f-adb8-93aa-a7ba27ccea5e-eng,"The adventures of cardboard man: The new boots","Boler, Paul",9780986060403,,"Sequoia Editions",2014,"Granite Bay, CA",Book,"Book::Pocket-Greenhaven Kids' Place: CHILDREN FICTION Boler, P. - On Shelf,Book::Barber Branch: CHILDREN FICTION Boler, P. [PAPERBACK] - On Shelf"
https://catalog.saclibrary.org/GroupedWork/bb1fba17-19d7-a115-5a65-0a9f227fa368-eng,"The adventures of Blue Avenger: a novel","Howe, Norma",9780805060621,,Holt,1999,"New York",Book,"Book::Sacramento Room: SPE fic Howe SAA - Library Use Only"
https://catalog.saclibrary.org/GroupedWork/71c71748-eced-d691-8d96-ddfd08dacce8-eng,"The adventures of Bubblegum Bobby: The journey begins","Akpulonu, Camille C",9781737158509,,,2021,"United States",Book,"Book::Central Kids Place - Lower Level: CHILDREN FICTION Akpulonu, C. - On Shelf"
https://catalog.saclibrary.org/GroupedWork/215483a8-8fdf-9318-62e5-dc71df1526b8-eng,"The adventures of Team Pom: 1, Squid happens","Roxas, Isabel",9781912497256,,"Flying Eye Books",2021,London,"Graphic Novel/Manga","Graphic Novel/Manga::Central Kids Place - Lower Level: CHILDREN GRAPHIC NOVEL Team POM v.1 - On Shelf,Graphic Novel/Manga::Galt Children's Area: CHILDREN GRAPHIC NOVEL Team POM v.1 - On Shelf,Graphic Novel/Manga::North Natomas Children's Area: CHILDREN GRAPHIC NOVEL Team POM v.1 - On Shelf"
https://catalog.saclibrary.org/GroupedWork/c3514f3d-d600-ea8f-e3a2-64006687f357-eng,"Adventures for breakfast","Keegan, Anastasiya, 1985-",9781648230042,,POW!,2022,"New York","Picture Book","Picture Book::Carmichael Children's Area: PICTURE BOOK Keegan, A. - On Shelf,Picture Book::Belle Cooledge Children's Area: PICTURE BOOK Keegan, A. - On Shelf,Picture Book::North Natomas Children's Area: PICTURE BOOK Keegan, A. - On Shelf"
https://catalog.saclibrary.org/GroupedWork/3d7409c9-a068-9152-4a15-7111377c312b-eng,"The adventures of the Bailey School Kids: 3, Ghosts don't eat potato chips","Rafer, Angeli",9781338881660,,"Graphix, an imprint of Scholastic",2023,"New York, NY","Graphic Novel/Manga","Graphic Novel/Manga::Arcade Children's Area: CHILDREN GRAPHIC NOVEL Bailey School v.3 - On Shelf,Graphic Novel/Manga::Central Kids Place - Lower Level: CHILDREN GRAPHIC NOVEL Bailey School v.3 - In Transit,Graphic Novel/Manga::Elk Grove Kids' Place: CHILDREN GRAPHIC NOVEL Bailey School v.3 - On Shelf"
https://catalog.saclibrary.org/GroupedWork/ff893c3a-9742-e630-280c-1dff0c581c23-eng,"The adventures of Wrong Man and Power Girl!","London, C. Alexander",9780399548932,,"Philomel Books",2018,"New York, NY","Picture Book","Picture Book::Carmichael Children's Area: PICTURE BOOK London, C. - On Shelf,Picture Book::Central Kids Place - Lower Level: PICTURE BOOK London, C. - On Shelf,Picture Book::Elk Grove Kids' Place: PICTURE BOOK London, C. - Checked Out"
https://catalog.saclibrary.org/GroupedWork/fc47ae27-4659-5864-9e02-bd522b6b6b9d-eng,"The adventures of Granny Clearwater & Little Critter","Holt, Kimberly Willis",9780805078992,,"Henry Holt",2010,"New York","Picture Book","Picture Book::Sylvan Oaks Children's Area: PICTURE BOOK Holt, K. - On Shelf"
https://catalog.saclibrary.org/GroupedWork/52f2e021-9abe-72c3-8268-340376ad93e2-eng,"The adventures of Bella & Harry: Let's visit Istanbul!","Manzione, Lisa",9781937616090,,"Bella & Harry",2012,"[Delray Beach, Fla.]","Picture Book","Picture Book::Arcade Children's Area: PICTURE BOOK Manzione, L. - Checked Out,Picture Book::Carmichael Children's Area: PICTURE BOOK Manzione, L. - Checked Out,Picture Book::Pocket-Greenhaven Kids' Place: PICTURE BOOK Manzione, L. - On Shelf"
https://catalog.saclibrary.org/GroupedWork/3f6db72c-715f-36c4-1c4b-54338b59d005-eng,"Adventuregame comics: 3, Samurai vs. ninja","Shiga, Jason",9781419757839,,"Abrams Fanfare",2024,"New York","Graphic Novel/Manga","Graphic Novel/Manga::Elk Grove Kids' Place: CHILDREN GRAPHIC NOVEL Adventuregame Comics v.3 - On Shelf,Graphic Novel/Manga::North Natomas Children's Area: CHILDREN GRAPHIC NOVEL Adventuregame Comics v.3 - Checked Out,Graphic Novel/Manga::Sylvan Oaks Children's Area: CHILDREN GRAPHIC NOVEL Adventuregame Comics v.3 - Checked Out"
https://catalog.saclibrary.org/GroupedWork/11dec19c-5ca8-fd4c-e1e6-030aaea262f6-eng,"The adventures of Egg Box Dragon","Adams, Richard, 1920-2016",9781444938401,,"Hodder Children's Books",2017,London,"Picture Book","Picture Book::Central Kids Place - Lower Level: PICTURE BOOK Adams, R. - On Shelf,Picture Book::Franklin Children's: PICTURE BOOK Adams, R. - On Shelf,Picture Book::Sacramento Public Library Storage: PICTURE BOOK Adams, R. - On Shelf"
https://catalog.saclibrary.org/GroupedWork/4d351923-a82e-32f0-0386-06bdf2355f99-eng,"Adventures of Superman: Jon Kent","Taylor, Tom, 1978-",9781779527189,,"DC Comics",2024,"Burbank, CA","Graphic Novel/Manga","Graphic Novel/Manga::Central Teen Area - 3rd Floor: TEEN GRAPHIC NOVEL Superman - On Shelf,Graphic Novel/Manga::Franklin Teen: TEEN GRAPHIC NOVEL Superman - On Shelf,Graphic Novel/Manga::McClatchy Teen Area: TEEN GRAPHIC NOVEL Superman - On Shelf"
https://catalog.saclibrary.org/GroupedWork/6758364c-9688-ae1d-df10-48e6dea6a0de-eng,"The adventures of Halimaw","Ramos, Gloria",2370015660437,,"Eleven Eleven Publishing",2023,"Sacramento, CA",Book,"Book::Central Local Author - 2nd Floor: CHILDREN FICTION Ramos, G. - On Shelf"
https://catalog.saclibrary.org/GroupedWork/981361c3-0692-f614-c41d-3d25bb3a0792-eng,"The adventures of Larry lemur","Castaneda, Ralph",9780595318155,,"IUniverse, Inc",2004,"New York",Book,"Book::Sacramento Room: SPE J fic J Castaneda SAA - Library Use Only"
https://catalog.saclibrary.org/GroupedWork/3058109c-d812-2c8c-13d2-efac739cc113-eng,"The adventures of Little Nutbrown Hare","McBratney, Sam",9780763658960,,"Candlewick Press",2012,"Somerville, Mass","Picture Book","Picture Book::Carmichael Children's Area: PICTURE BOOK McBratney, S. - On Shelf,Picture Book::Central Kids Place - Lower Level: PICTURE BOOK McBratney, S. - On Shelf,Picture Book::North Natomas Children's Area: PICTURE BOOK McBratney, S. - Checked Out"
https://catalog.saclibrary.org/GroupedWork/1e287fd2-3e16-2d93-b9fa-cc5587462dc4-eng,"The adventures of Robo-Kid","deGroat, Diane",9780823449767,,"Holiday House",2022,"New York","Picture Book","Picture Book::Carmichael Children's Area: PICTURE BOOK De Groat, D. - On Shelf,Picture Book::Central Kids Place - Lower Level: PICTURE BOOK De Groat, D. - On Shelf,Picture Book::Belle Cooledge Children's Area: PICTURE BOOK De Groat, D. - On Shelf"
https://catalog.saclibrary.org/GroupedWork/e290d49e-593f-53b9-06cf-ac6a35ad0c85-eng,"The adventures of Qai Qai","Williams, Serena, 1981-",9781250831408,,"Feiwel & Friends",2022,"New York","Picture Book","Picture Book::Central Kids Place - Lower Level: PICTURE BOOK Williams, S. - On Shelf,Picture Book::Belle Cooledge Children's Area: PICTURE BOOK Williams, S. - In Transit,Picture Book::Franklin Children's: PICTURE BOOK Williams, S. - Checked Out"
https://catalog.saclibrary.org/GroupedWork/34b33550-ab17-a551-70a9-b8df90e094c5-eng,"The adventures of Honey & Leon","Cumming, Alan, 1965-",9780399557972,,"Random House",2017,"New York","Picture Book","Picture Book::Carmichael Children's Area: PICTURE BOOK Cumming, A. - On Shelf,Picture Book::Central Kids Place - Lower Level: PICTURE BOOK Cumming, A. - On Shelf,Picture Book::McKinley Children's Area: PICTURE BOOK Cumming, A. - Checked Out"
https://catalog.saclibrary.org/GroupedWork/145b27ca-6b03-9e86-8970-c0d9508103d5-eng,"The adventures of Rabbi Harvey: a graphic novel of Jewish wisdom and wit in the Wild West","Sheinkin, Steve",9798887980102,,"Jewish Lights Publishing",2023,"Woodstock, Vt","Graphic Novel/Manga","Graphic Novel/Manga::Arcade Children's Area: CHILDREN GRAPHIC NOVEL Sheinkin, S. - On Shelf,Graphic Novel/Manga::Elk Grove Kids' Place: CHILDREN GRAPHIC NOVEL Sheinkin, S. - Checked Out,Graphic Novel/Manga::Franklin Children's: CHILDREN GRAPHIC NOVEL Sheinkin, S. - On Shelf"
https://catalog.saclibrary.org/GroupedWork/31e69919-bb54-4b1c-152c-fd4f3928213b-eng,"The adventures of Aku, or, How it came about that we shall always see Okra the cat lying on a velvet cushion, while Okraman the dog sleeps among the ashes","Bryan, Ashley",9780689305191,,Atheneum,1976,"New York",Book,"Book::Sacramento Room: SPE 398 B915 1976 CHI - Library Use Only"
https://catalog.saclibrary.org/GroupedWork/5767b02b-225f-6427-a04b-5c2f0b38537a-eng,"The adventures of old Bo Bear","Schertle, Alice",9780811834766,,"Chronicle Books",2006,"San Francisco","Picture Book","Picture Book::Walnut Grove Children's Area: PICTURE BOOK Schertle, A. - On Shelf"
https://catalog.saclibrary.org/GroupedWork/5e757185-9929-ec5e-1503-4775ec5aba4b-eng,"The adventures of Capitol Kitty: an almost true story","Davis, Sharon",9780439450690,,"Scholastic Inc",2002,"New York","Picture Book","Picture Book::Sacramento Room: FICTION Davis, S. SAA - Library Use Only"
https://catalog.saclibrary.org/GroupedWork/14015f60-8ef3-5da6-1ff1-5dd246b3999d-eng,"The adventures of Tom Sawyer","Hall, Margaret, 1947-",9781598890457,,"Stone Arch Books",2007,Minneapolis,"Graphic Novel/Manga","Graphic Novel/Manga::Carmichael Teen Area: TEEN GRAPHIC NOVEL Twain, M. - On Shelf,Graphic Novel/Manga::Elk Grove Teen Area: TEEN GRAPHIC NOVEL Twain, M. - Checked Out"
https://catalog.saclibrary.org/GroupedWork/44d66a4a-b638-d726-9760-d8db686e027d-eng,"The adventures of Akli'e'","Bevacqua, Michael Lujan",,,"The Guam Bus",2020,Guam,"Picture Book","Picture Book::Carmichael Children's Area: PICTURE BOOK Bevacqua, M. - On Shelf,Picture Book::Central Kids Place - Lower Level: PICTURE BOOK Bevacqua, M. - On Shelf,Picture Book::Colonial Heights Children's Area: PICTURE BOOK Bevacqua, M. - Checked Out"
https://catalog.saclibrary.org/GroupedWork/59ac31fd-a11f-4df9-addb-1b55a3f7327e-eng,"The adventures of Mimi and Moto the motorcycle monkeys","Gerloff, Nancy",9780692735343,,"Little Rider Enterprises",2016,"United States","Picture Book","Picture Book::Carmichael Children's Area: PICTURE BOOK Gerloff, N. - On Shelf,Picture Book::Colonial Heights Children's Area: PICTURE BOOK Gerloff, N. - On Shelf,Picture Book::Elk Grove Kids' Place: PICTURE BOOK Gerloff, N. - On Shelf"
https://catalog.saclibrary.org/GroupedWork/a42a90b1-7c85-5940-dd58-51fea49fb8f9-eng,"Rowley Jefferson's awesome friendly adventure","Kinney, Jeff",9781419749094,9781980093879,"Recorded Books, Inc.; Recorded Books; Amulet Books",2020,"New York; Prince Frederick, MD","eAudiobook;Audiobook - CD;Book","Book::Arden-Dimick Children's Area: CHILDREN FICTION Kinney, J. - Checked Out,Book::Carmichael Children's Area: CHILDREN FICTION Kinney, J. - On Shelf,Book::Colonial Heights Children's Area: CHILDREN FICTION Kinney, J. - On Shelf"
https://catalog.saclibrary.org/GroupedWork/de3a02ad-9028-f16d-7576-29d7e4cbb1e8-eng,"The adventures of Marco Flamingo under the sea =: Las aventuras submarinas de Marco Flamenco","Jarkins, Sheila",9781934960660,,"Raven Tree Press",2009,"McHenry, Ill","Picture Book","Picture Book::Valley Hi-North Laguna Children's Area: SPANISH PICTURE BOOK Jarkins, S. - On Shelf,Picture Book::Colusa Main Branch Children's Collection: SP E - On Shelf"
https://catalog.saclibrary.org/GroupedWork/74aef7c0-146f-e40e-df66-cb0888609c05-eng,"The adventures of a nose","Schwarz, Viviane",9780763616748,,"Candlewick Press",2002,"Cambridge, Mass","Picture Book","Picture Book::Central Kids Place - Lower Level: PICTURE BOOK Schwarz, V. - On Shelf"
https://catalog.saclibrary.org/GroupedWork/45f5da71-08d8-5701-4fdd-d71566632700-eng,"The adventures of Marco and Polo","Wiesmüller, Dieter",9780802787293,,"Walker & Co",2000,"New York","Picture Book","Picture Book::Central Kids Place - Lower Level: PICTURE BOOK Wiesmuller, D. - On Shelf"
https://catalog.saclibrary.org/GroupedWork/4dfdf168-41ae-b949-b985-24b3f0439144-eng,"The adventures of Tulip birthday wish fairy","Bergman, S. Bear, 1974-",9780987976307,,"Flamingo Rampant",2012,"Toronto, Ont","Picture Book","Picture Book::Central Kids Place - Lower Level: PICTURE BOOK Bergman, S. - On Shelf"
https://catalog.saclibrary.org/GroupedWork/78d5d96b-e77d-f1d8-ca75-e7f3f3de328d-eng,"The Aztec adventure","King, SJ",9780593971949,,"DK; Dorling Kindersley Limited",2025,London,eAudiobook;Book;eBook,"Book::Elk Grove Kids' Place: MOVING UP King, S. - Checked Out,Book::Galt Children's Area: MOVING UP King, S. - On Shelf,Book::McKinley Children's Area: MOVING UP King, S. - Checked Out"
https://catalog.saclibrary.org/GroupedWork/a67930ca-cb2d-032e-32ef-e285008887a4-eng,"Adventure time: Volume 15","Dawson, Delilah S",9781684152032,,"KaBOOM!, a division of Boom Entertainment, Inc",2018,"Los Angeles, CA","Graphic Novel/Manga","Graphic Novel/Manga::Southgate Children's Area: CHILDREN GRAPHIC NOVEL Adventure Time v.15 - In Transit"
https://catalog.saclibrary.org/GroupedWork/3da1a1cd-0694-7ec4-29a6-b60567251518-eng,"The sea of adventure","Blyton, Enid",9781529008852,,"Macmillan Children's",2022,London,Book,"Book::Central Kids Place - Lower Level: CHILDREN FICTION Blyton, E. - On Shelf,Book::Colonial Heights Children's Area: CHILDREN FICTION Blyton, E. - On Shelf,Book::Franklin Children's: CHILDREN FICTION Blyton, E. - Checked Out"
https://catalog.saclibrary.org/GroupedWork/31e96bdd-2779-fe52-ee12-d0ea53e643c6-eng,"The court of the dead: a Nico di Angelo adventure","Riordan, Rick",9781368109116,,Disney/Hyperion,2025,"Los Angeles",Book,"Book::Arcade Children's Area: CHILDREN FICTION Riordan, R. - Checked Out,Book::Carmichael Children's Area: CHILDREN FICTION Riordan, R. - On Shelf,Book::Central Kids Place - Lower Level: CHILDREN FICTION Riordan, R. - Checked Out"
https://catalog.saclibrary.org/GroupedWork/8c41e171-5e7e-8ca6-a832-efc5e877a2f9-eng,"Destruction of the overworld: an unofficial Minecrafter's adventure","Cheverton, Mark",9781510709935,,"Sky Pony Press","2015 - 2016","New York",Book,"Book::South Natomas Children's Area: CHILDREN FICTION Minecraft - On Shelf,Book::Sacramento Public Library Storage: CHILDREN FICTION Minecraft - On Shelf"
https://catalog.saclibrary.org/GroupedWork/2a90b5d6-658e-7e16-a24a-157b3aeafd15-eng,"Wizkit: an adventure overdue","Scott, Tanya J",9781665900829,,"Atheneum Books for Young Readers",2023,"New York","Graphic Novel/Manga;eComic","Graphic Novel/Manga::Carmichael Children's Area: CHILDREN GRAPHIC NOVEL Wizkit v.1 - Checked Out,Graphic Novel/Manga::Central Kids Place - Lower Level: CHILDREN GRAPHIC NOVEL Wizkit v.1 - On Shelf,Graphic Novel/Manga::Del Paso Heights Children's Area: CHILDREN GRAPHIC NOVEL Wizkit v.1 - On Shelf"
https://catalog.saclibrary.org/GroupedWork/f8810db8-117b-9abf-c2ba-ace1991584c1-eng,"The mammoth adventure","Gregory, Philippa",9780008492281,,"HarperCollins Children's Books; HarperCollins Publishers","2021 - 2022",London,eAudiobook;eBook;Book,"Book::Carmichael Children's Area: MOVING UP Gregory, P. - On Shelf,Book::Central Kids Place - Lower Level: MOVING UP Gregory, P. - On Shelf,Book::Elk Grove Kids' Place: MOVING UP Gregory, P. - Checked Out"
https://catalog.saclibrary.org/GroupedWork/cd58eada-3e44-0bcd-ce10-cc69cf9e4946-eng,"Ice planet adventure","Stilton, Geronimo",9780545746199,,"Scholastic Inc.; Scholastic Inc",2015,"New York, NY",eBook;Book,
https://catalog.saclibrary.org/GroupedWork/60e0fdd0-5f28-75ff-9f63-1ad2724883ad-eng,"Adventure at skull rock","Mayer, Kirsten",9780316283311,,"LB Kids",2014,"New York, NY",Book,
https://catalog.saclibrary.org/GroupedWork/4457898e-c530-7cfa-a0de-62bd7c84736a-eng,"Danny Go's volcano adventure!","Danny Go!",9781419786112,,"Abrams Books for Young Readers",2026,"New York","Picture Book;eBook","Picture Book::Central Kids Place - Lower Level: PICTURE BOOK Danny Go! - Checked Out,Picture Book::Belle Cooledge Children's Area: PICTURE BOOK Danny Go! - In Transit,Picture Book::McKinley Children's Area: PICTURE BOOK Danny Go! - Checked Out"
https://catalog.saclibrary.org/GroupedWork/874b145c-6086-12b3-958c-836f0b5e8e8a-eng,"The castle of adventure","Blyton, Enid",9781529008838,,"Macmillan Children's Books",2022,"London, England",Book,"Book::Elk Grove Kids' Place: CHILDREN FICTION Blyton, E. - On Shelf,Book::Franklin Children's: CHILDREN FICTION Blyton, E. - In Transit,Book::North Natomas Children's Area: CHILDREN FICTION Blyton, E. - On Shelf"
https://catalog.saclibrary.org/GroupedWork/8cc781d4-65ec-8b7b-30e5-b7a6733e2d3a-eng,"Herbie's big adventure","Poh, Jennie",9781623707675,,"Capstone Young Readers, a Capstone imprint; Capstone","2016 - 2019","North Mankato, MN","Picture Book;eBook","Picture Book::Central Kids Place - Lower Level: PICTURE BOOK Poh, J. - On Shelf,Picture Book::Fair Oaks Children's Area: PICTURE BOOK Poh, J. - On Shelf,Picture Book::Southgate Children's Area: PICTURE BOOK Poh, J. - Checked Out"
https://catalog.saclibrary.org/GroupedWork/1f370c61-c239-f4e7-cb1e-715adc1a6fe8-eng,"The ship of adventure","Blyton, Enid",9781529008876,,"Macmillan Children's Books",2022,London,Book,"Book::Arcade Children's Area: CHILDREN FICTION Blyton, E. - On Shelf,Book::Central Kids Place - Lower Level: CHILDREN FICTION Blyton, E. - On Shelf,Book::Belle Cooledge Children's Area: CHILDREN FICTION Blyton, E. - In Transit"
https://catalog.saclibrary.org/GroupedWork/67eade77-05f2-4bbd-cc5e-e3be26e8453f-eng,"Eva's campfire adventure","Elliott, Rebecca",9781338298697,,"Scholastic, Inc; Scholastic Inc.","2019 - 2026","New York",eAudiobook;Book;eBook,"Book::Central Kids Place - Lower Level: MOVING UP Elliott, R. - In Transit,Book::Sylvan Oaks Children's Area: MOVING UP Elliott, R. - On Shelf,Book::Valley Hi-North Laguna Children's Area: MOVING UP Elliott, R. - Checked Out"
https://catalog.saclibrary.org/GroupedWork/14ca04a8-10eb-dc5b-9bb8-15a2b7f2b45f-eng,"Haven: a small cat's big adventure","Lloyd, Megan Wagner",9781536216578,,"Candlewick Press; Books on Tape",2022,"Somerville, Massachusetts",eAudiobook;eBook;Book,"Book::Carmichael Children's Area: CHILDREN FICTION Lloyd, M. - On Shelf,Book::Central Kids Place - Lower Level: CHILDREN FICTION Lloyd, M. - On Shelf,Book::South Natomas Children's Area: CHILDREN FICTION Lloyd, M. - On Shelf"
https://catalog.saclibrary.org/GroupedWork/d01f72ae-1e70-b269-1e86-dd1a9cdc12bb-eng,"All-American adventure","Patterson, James, 1947-",9780316417433,,"Hachette Audio; Little, Brown Books for Young Readers; Little, Brown and Company",2019,"New York",eAudiobook;Book;eBook,"Book::Colonial Heights Children's Area: CHILDREN FICTION Patterson, J. - On Shelf,Book::Belle Cooledge Children's Area: CHILDREN FICTION Patterson, J. - On Shelf,Book::North Natomas Children's Area: CHILDREN FICTION Patterson, J. - On Shelf"
https://catalog.saclibrary.org/GroupedWork/10aa1dd5-91ad-f8db-b340-2ad8b9231344-eng,"Mario's big adventure","Man-Kong, Mary",9780593646021,,"Random House Books for Young Readers",2023,"New York","Easy Reader","Easy Reader::Arcade Children's Area: EASY READER 3 Man-Kong, M. - On Shelf,Easy Reader::Carmichael Children's Area: EASY READER 3 Man-Kong, M. - On Shelf,Easy Reader::Central Kids Place - Lower Level: EASY READER 3 Man-Kong, M. - On Shelf"
https://catalog.saclibrary.org/GroupedWork/9d148792-9a12-625a-632f-c9b02acd22ee-eng,"April adventure","Roy, Ron, 1940-",9780375961168,,"Random House Children's Books; Random House",2010,"New York",eBook;Book,"Book::Central Kids Place - Lower Level: MOVING UP Roy, R. - On Shelf,Book::Elk Grove Kids' Place: MOVING UP Roy, R. - Checked Out,Book::Arbuckle Branch Library Juvenile Collection: J Fic - On Shelf"
https://catalog.saclibrary.org/GroupedWork/28526940-9ced-d5f2-bd48-68511a38ae52-eng,"The mountain of adventure","Blyton, Enid",9781529008869,,"Macmillan Children's Books",2022,London,Book,"Book::Fair Oaks Children's Area: CHILDREN FICTION Blyton, E. - Checked Out,Book::Isleton Children's Area: CHILDREN FICTION Blyton, E. - On Shelf,Book::Orangevale: CHILDREN FICTION Blyton, E. - On Shelf"
https://catalog.saclibrary.org/GroupedWork/2fe0c479-3bb5-c08e-9dc8-071b13f046cf-eng,"Billy and the giant adventure","Oliver, Jamie, 1975-",9781774884140,,"Tundra Book Group; Tundra",2023,"[Toronto, Ontario]",eAudiobook;Book,"Book::Carmichael Children's Area: CHILDREN FICTION Oliver, J. - On Shelf,Book::Central Kids Place - Lower Level: CHILDREN FICTION Oliver, J. - On Shelf,Book::Belle Cooledge Children's Area: CHILDREN FICTION Oliver, J. - On Shelf"
https://catalog.saclibrary.org/GroupedWork/d6fc9a75-7c0f-a231-0a76-45668c606175-eng,"Freddy and the perilous adventure","Brooks, Walter R., 1886-1958",9781590207420,,"Overlook Press; ABRAMS, Inc.","2001 - 2014","New York; Woodstock, N.Y",eBook;Book,"Book::Valley Hi-North Laguna Children's Area: CHILDREN FICTION Brooks, W. - On Shelf"
https://catalog.saclibrary.org/GroupedWork/9c616efa-a616-e540-e154-ea8e698aa7f2-eng,"The adventures of Amelia Bedelia","Parish, Peggy",9781435107663,,"Barnes & Noble Books","1992 - 2005","New York",Book,
https://catalog.saclibrary.org/GroupedWork/50544ae4-648b-c9b0-9c92-b3f144128495-eng,"Pip's Adventure","Lindsay, Ashling",9780711291171,,"Frances Lincoln Children's Books; Frances Lincoln Children's Books, an imprint of the Quarto Group",2024,"Beverly, MA","Picture Book;eBook","Picture Book::Carmichael Children's Area: PICTURE BOOK Lindsay, A. - On Shelf,Picture Book::Central Kids Place - Lower Level: PICTURE BOOK Lindsay, A. - On Shelf,Picture Book::Franklin Children's: PICTURE BOOK Lindsay, A. - On Shelf"
https://catalog.saclibrary.org/GroupedWork/df5452e0-c21e-5d9b-2d83-3ceafefaa8da-eng,"A new adventure: A New Adventure","West, Alexandra",9781518283871,,"Harper, an imprint of HarperCollinsPublishers",2023,"New York, NY","Easy Reader","Easy Reader::Carmichael Children's Area: EASY READER 1 West, A. - On Shelf,Easy Reader::Colonial Heights Children's Area: EASY READER 1 West, A. - On Shelf,Easy Reader::Elk Grove Kids' Place: EASY READER 1 West, A. - Checked Out"
https://catalog.saclibrary.org/GroupedWork/eda838a3-7ba1-70db-4b03-a622ce509ff7-eng,"Brightstorm: a sky-ship adventure","Hardy, Vashti",9781324005643,,"Norton Young Readers, an imprint of W.W. Norton & Company",2020,"New York, NY",Book,"Book::Carmichael Children's Area: CHILDREN FICTION Hardy, V. - On Shelf,Book::Galt Children's Area: CHILDREN FICTION Hardy, V. - On Shelf,Book::South Natomas Children's Area: CHILDREN FICTION Hardy, V. - On Shelf"
https://catalog.saclibrary.org/GroupedWork/d46a4d50-1ea6-bc47-a832-ba8c244fba6c-eng,"Adventure in the city of stories","Otheguy, Emma",9781665915212,,,2026,,Book,"Book::Central Kids Place - Lower Level: ON ORDER - On Order,Book::Sacramento Public Library: ON ORDER - On Order"
https://catalog.saclibrary.org/GroupedWork/8f066b08-df14-aa94-c45e-0243e61fab79-eng,"Alanna: the first adventure","Pierce, Tamora",9780689853234,,"Atheneum Books for Young Readers; Books on Tape","1983 - 2023","New York",eAudiobook;Book;eBook,"Book::Belle Cooledge Teen Area: TEEN FICTION Pierce, T. - Checked Out,Book::Franklin Teen: TEEN FICTION Pierce, T. - On Shelf,Book::Galt Teen Area: TEEN FICTION Pierce, T. - On Shelf"
https://catalog.saclibrary.org/GroupedWork/c80034e1-2f55-6a5d-dafe-52fafe043786-eng,"Adventure Kingdom: 1","Foxe, Steve",9781524870782,,"Andrews McMeel Publishing",2021,"Kansas City, Missouri","Graphic Novel/Manga","Graphic Novel/Manga::Carmichael Children's Area: CHILDREN GRAPHIC NOVEL Adventure Kingdom v.1 - Checked Out,Graphic Novel/Manga::Central Kids Place - Lower Level: CHILDREN GRAPHIC NOVEL Adventure Kingdom v.1 - Checked Out,Graphic Novel/Manga::Folsom Children's Area: CHILDREN GRAPHIX Foxe, S. - Checked Out"
https://catalog.saclibrary.org/GroupedWork/f546f0d2-0775-7f4e-1d05-9b391754a2ba-eng,"Adventure time: Volume 8","North, Ryan, 1980-",9781608867950,,KaBOOM!,2016,"Los Angeles","Graphic Novel/Manga","Graphic Novel/Manga::Belle Cooledge Children's Area: CHILDREN GRAPHIC NOVEL Adventure Time v.8 - Checked Out"
https://catalog.saclibrary.org/GroupedWork/7710e435-9b52-4ae7-2bf8-11e1439842a9-eng,"Darkwhispers: a Brightstorm adventure","Hardy, Vashti",9781324015956,,"Norton Young Readers, an imprint of W.W. Norton & Company",2021,"New York, NY",Book,"Book::Arcade Children's Area: CHILDREN FICTION Hardy, V. - On Shelf,Book::Carmichael Children's Area: CHILDREN FICTION Hardy, V. - On Shelf,Book::Rio Linda Children's Area: CHILDREN FICTION Hardy, V. - On Shelf"
https://catalog.saclibrary.org/GroupedWork/84c2e32f-4259-7368-f678-8ccd82bb6377-eng,"Invasion of the overworld: an unofficial Minecrafter's adventure","Cheverton, Mark",9781632207111,,"Sky Pony; Sky Pony Press",2014,"New York",eBook;Book,"Book::Carmichael Children's Area: CHILDREN FICTION Minecraft - On Shelf,Book::Elk Grove Kids' Place: CHILDREN FICTION Minecraft - Checked Out,Book::Franklin Children's: CHILDREN FICTION Minecraft - On Shelf"
https://catalog.saclibrary.org/GroupedWork/b83ee6ad-a7c1-e596-9765-927e236d694d-eng,"The withers awaken: a far lands adventure : an unofficial Minecrafter's adventure","Cheverton, Mark",9781510734890,,"Sky Pony; Sky Pony Press",2018,"New York",eBook;Book,"Book::Del Paso Heights Children's Area: CHILDREN FICTION Minecraft - On Shelf,Book::Fair Oaks Children's Area: CHILDREN FICTION Minecraft - On Shelf,Book::North Natomas Children's Area: CHILDREN FICTION Minecraft - On Shelf"
https://catalog.saclibrary.org/GroupedWork/0e365906-c9e9-3781-504f-3ef44592480c-eng,"Stanley's Christmas adventure","Brown, Jeff, 1926-2003",9780064421751,,HarperCollins,"2003 - 2010","New York",eBook;Book,
https://catalog.saclibrary.org/GroupedWork/639e5370-59a8-334a-e374-196319c2c3ca-eng,"Thief's covenant: a Widdershins adventure","Marmell, Ari",9781616145477,,"Start Publishing Llc; Pyr",2012,"Amherst, NY",eBook;Book,
https://catalog.saclibrary.org/GroupedWork/d0caeeb9-3ecd-6d8b-b9d0-550cd9454c45-eng,"The grim adventure","Forgettable, Fern",9780593810507,,"Random House Children's Books; Random House; Books on Tape",2025,"New York",eAudiobook;Book;eBook,"Book::Carmichael Children's Area: CHILDREN FICTION Forgettable, F. - On Hold Shelf,Book::Central Kids Place - Lower Level: CHILDREN FICTION Forgettable, F. - On Shelf,Book::Colonial Heights Children's Area: CHILDREN FICTION Forgettable, F. - On Shelf"
https://catalog.saclibrary.org/GroupedWork/b5bd7560-f77a-7282-4baf-5fa64c60339e-eng,"Saving Crafter: an unofficial Minecrafter's adventure","Cheverton, Mark",9781510700147,,"Sky Pony Press",2015,"New York",Book,"Book::Fair Oaks Children's Area: CHILDREN FICTION Minecraft - On Shelf,Book::Orangevale: CHILDREN FICTION Minecraft - On Shelf,Book::Valley Hi-North Laguna Children's Area: CHILDREN FICTION Minecraft - Checked Out"
https://catalog.saclibrary.org/GroupedWork/31bf1bb4-fc36-2927-62ed-b06f190fc8ce-eng,"Olaf's frozen adventure","Posner-Sanchez, Andrea",9781537958934,,"Random House Children's Books; Golden Book",2017,"New York","Picture Book;eBook","Picture Book::Central Kids Place - Lower Level: PICTURE BOOK Disney - On Shelf,Picture Book::Belle Cooledge Children's Area: PICTURE BOOK Disney - Checked Out,Picture Book::McClatchy Children's Area: PICTURE BOOK Disney - On Shelf"
https://catalog.saclibrary.org/GroupedWork/4283ca00-bd94-73fb-08e5-8b3360987c9a-eng,"The bridge to Sharktooth Island: a Challenge Island STEAM adventure","Estroff, Sharon Duke",9781513289533,,"Turner Publishing Company; West Margin Press",2021,Portland,eBook;Book,"Book::Carmichael Children's Area: MOVING UP Estroff, S. - On Shelf,Book::Central Kids Place - Lower Level: MOVING UP Estroff, S. - On Shelf,Book::North Natomas Children's Area: MOVING UP Estroff, S. - On Shelf"
https://catalog.saclibrary.org/GroupedWork/6f3d4168-08cb-bf76-bf66-8ba5b063c314-eng,"The wither king: an unofficial Minecrafter's adventure","Cheverton, Mark",9781510734883,,"Sky Pony Press",2018,"New York",Book,"Book::McClatchy Children's Area: CHILDREN FICTION Minecraft - On Shelf"
https://catalog.saclibrary.org/GroupedWork/459f5931-64cf-a4d1-4063-02847e318959-eng,"Bones of doom: an unofficial interactive Minecrafter's adventure","Cheverton, Mark",9781510728325,,"Sky Pony Press",2017,"New York",Book,"Book::Carmichael Children's Area: CHILDREN FICTION Minecraft - In Transit,Book::Belle Cooledge Children's Area: CHILDREN FICTION Minecraft - On Shelf,Book::Elk Grove Kids' Place: CHILDREN FICTION Minecraft - Checked Out"
https://catalog.saclibrary.org/GroupedWork/305a29a1-ab94-007c-2d56-1ded4e613145-eng,"Herobrine's war: an unofficial minecrafter's adventure","Cheverton, Mark",9781518233326,,"Sky Pony Press",2017,"New York",Book,"Book::Central Kids Place - Lower Level: CHILDREN FICTION Minecraft - On Shelf,Book::Isleton Children's Area: CHILDREN FICTION Minecraft - On Shelf,Book::Pocket-Greenhaven Kids' Place: CHILDREN FICTION Minecraft - Checked Out"
https://catalog.saclibrary.org/GroupedWork/61d241a3-e615-d1b0-b490-aa3a120b6ece-eng,"The adventures of Robin Hood","Green, Roger Lancelyn",9780141329383,,"A.A. Knopf; Distributed by Random House; Puffin; Puffin Books","1994 - 2010","New York; London",Book,
https://catalog.saclibrary.org/GroupedWork/12d0fd57-8f19-6269-693d-32f487ad79c4-eng,"A fishy adventure","Newton, A. I",9781499817218,,"little bee books; Little Bee Books",2025,"New York, NY",eBook;Book,"Book::Central Kids Place - Lower Level: MOVING UP Newton, A. - On Shelf,Book::Colonial Heights Children's Area: MOVING UP Newton, A. - On Shelf,Book::Fair Oaks Children's Area: MOVING UP Newton, A. - On Shelf"
https://catalog.saclibrary.org/GroupedWork/98be11c1-ad29-96b7-b43e-74646f8dcb0d-eng,"Eloise's pirate adventure","McClatchy, Lisa",9781481499798,,"Simon Spotlight",2017,"New York","Easy Reader","Easy Reader::Arcade Children's Area: EASY READER 1 Thompson, K. - Checked Out,Easy Reader::Carmichael Children's Area: EASY READER 1 Thompson, K. - Checked Out,Easy Reader::Colonial Heights Children's Area: EASY READER 1 Thompson, K. - On Shelf"
https://catalog.saclibrary.org/GroupedWork/e4273e6d-19b6-002b-5292-9f8cf9362dbf-eng,"The adventures of Sherlock Holmes","Sasaki, Chris",9781402712173,,"Oasis Audio; Sterling Pub","2004 - 2019","New York",Book;eAudiobook,
https://catalog.saclibrary.org/GroupedWork/97c37644-c5ff-bbfc-3400-ba18ac6b7d84-eng,"The lost book of undersea adventure","Unknown Adventurer",9780711296770,,"Frances Lincoln Children's Books",2025,"Beverly, MA",Book,"Book::Carmichael Children's Area: CHILDREN FICTION Unknown Adventurer - On Shelf,Book::North Natomas Children's Area: CHILDREN FICTION Unknown Adventurer - On Shelf,Book::Sylvan Oaks Children's Area: CHILDREN FICTION Unknown Adventurer - Checked Out"
https://catalog.saclibrary.org/GroupedWork/d280d5e9-e8dd-7d58-882b-a884869a22fb-eng,"Penguin's big adventure","Yoon, Salina",9780802738288,,Bloomsbury,2015,"New York","Picture Book;Board Book","Picture Book::Central Kids Place - Lower Level: PICTURE BOOK Yoon, S. - On Shelf,Picture Book::Belle Cooledge Children's Area: PICTURE BOOK Yoon, S. - On Shelf,Picture Book::Rancho Children's Area: PICTURE BOOK Yoon, S. - On Shelf"
https://catalog.saclibrary.org/GroupedWork/20985ead-79b3-620e-fa0f-e9791c4317e9-eng,"The secret explorers and the Ice Age adventure","King, SJ",9780744056495,,"DK; DK Publishing",2022,"New York, New York",eAudiobook;Book,"Book::Carmichael Children's Area: MOVING UP King, S. - On Shelf,Book::Central Kids Place - Lower Level: MOVING UP King, S. - On Shelf,Book::Fair Oaks Children's Area: MOVING UP King, S. - On Shelf"
https://catalog.saclibrary.org/GroupedWork/bf45e2ad-6840-a5e5-abc6-e399576cae1f-eng,"Spirit, riding free: the adventure begins","Selfors, Suzanne",9780316506229,,"Little, Brown and Company","2017 - 2019","New York",Book,"Book::Franklin Children's: CHILDREN FICTION Selfors, S. - On Shelf,Book::Folsom Children's Area: CHILDREN FICTION Selfors, S. - On Shelf"
https://catalog.saclibrary.org/GroupedWork/3358b486-c14a-43f1-beea-261b724b07eb-eng,"Adventures of Fancy Nancy","O'Connor, Jane",9781435150591,,"HarperCollins; Sandy Creek","2009 - 2013","New York",Book,
https://catalog.saclibrary.org/GroupedWork/bf13e722-cb97-67e4-d47c-f75b86f48ed6-eng,"Tales from a not-so-posh Paris adventure","Russell, Rachel Renée",9781534480483,9781797120058,"Simon & Schuster Audio; Aladdin",2023,"New York; [New York, NY]","eAudiobook;Audiobook - CD;Book;eBook","Book::Belle Cooledge Children's Area: CHILDREN FICTION Russell, R. - Checked Out,Book::Courtland Children's Area: CHILDREN FICTION Russell, R. - Checked Out,Book::North Natomas Children's Area: CHILDREN FICTION Russell, R. - Checked Out"
https://catalog.saclibrary.org/GroupedWork/cd7c74cd-77b2-9520-d436-f9e4c6fe3bef-eng,"Overworld in flames: an unofficial Minecrafter's adventure","Cheverton, Mark",9781510706811,,"Sky Pony Press, a trademark of Skyhorse Publishing; Sky Pony; Perseus Distribution Services",2016,"New York",eBook;Book,"Book::Colonial Heights Children's Area: CHILDREN FICTION Minecraft - On Shelf,Book::Franklin Children's: CHILDREN FICTION Minecraft - On Shelf,Book::Galt Children's Area: CHILDREN FICTION Minecraft - On Shelf"
https://catalog.saclibrary.org/GroupedWork/1c61a70c-7d96-bfd6-c23d-d725f1f8b153-eng,"Pirate adventure","Auerbach, Annie",9781518292972,,"Disney Press",2023,"Los Angeles","Easy Reader","Easy Reader::Arcade Children's Area: EASY READER 1 Disney - On Shelf,Easy Reader::Carmichael Children's Area: EASY READER 1 Disney - On Shelf,Easy Reader::Colonial Heights Children's Area: EASY READER 1 Disney - On Shelf"
https://catalog.saclibrary.org/GroupedWork/ad9fed45-430a-187b-317c-2ed9f5712278-eng,"The Story of Moana: a Tale of Courage and Adventure","Sutherland, Kari",9781484743584,,"Disney Press; Blackstone Publishing",2016,"Los Angeles",eAudiobook;Book,
https://catalog.saclibrary.org/GroupedWork/05e2e755-bff2-c68a-3c13-d2fae66b1d56-eng,"Extreme stories from the extreme hills: [an unofficial Minecrafter's adventure]","Mann, Greyson",9781510728394,,"Sky Pony Press",2017,"New York",Book,"Book::Carmichael Children's Area: CHILDREN FICTION Minecraft - On Shelf,Book::Fair Oaks Children's Area: CHILDREN FICTION Minecraft - Checked Out,Book::Franklin Children's: CHILDREN FICTION Minecraft - On Shelf"
https://catalog.saclibrary.org/GroupedWork/a31cb6cb-e630-4bcc-77b9-b1341fa52891-eng,"Alfie explores A to Z: a seek & find adventure","Drew, Jeff",9780593813119,,"Random House Children's Books; Random House",2024,"New York","Picture Book;eBook","Picture Book::Carmichael Children's Area: PICTURE BOOK Drew, J. - Checked Out,Picture Book::Central Kids Place - Lower Level: PICTURE BOOK Drew, J. - On Shelf,Picture Book::Colonial Heights Children's Area: PICTURE BOOK Drew, J. - On Shelf"
https://catalog.saclibrary.org/GroupedWork/3b8f53ff-3d24-f8dc-a7a0-e1399e4aee24-eng,"Kitty and the sky garden adventure","Harrison, Paula",9780062935489,,"Greenwillow Books, an Imprint of HarperCollins Publishers; HarperCollins",2020,"New York",eBook;Book,"Book::Central Kids Place - Lower Level: MOVING UP Harrison, P. - On Shelf,Book::Belle Cooledge Children's Area: MOVING UP Harrison, P. - Checked Out,Book::Courtland Children's Area: MOVING UP Harrison, P. - On Shelf"
https://catalog.saclibrary.org/GroupedWork/f501bde1-64f5-f94e-f153-2c9ae3623664-eng,"Alien Invasion in My Backyard: [An EMU Club Adventure]","Bolling, Ruben",9781449457099,,"Andrews McMeel Publishing",2015,"Kansas City",Book,"Book::Arcade Children's Area: CHILDREN FICTION Bolling, R. - On Shelf,Book::Elk Grove Kids' Place: CHILDREN FICTION Bolling, R. - Checked Out,Book::Franklin Children's: CHILDREN FICTION Bolling, R. - Checked Out"
https://catalog.saclibrary.org/GroupedWork/03e1003e-3b16-1935-62a4-54230f39e3d9-eng,"The wizard's wand: the ninth adventure in the Kingdom of Fantasy","Stilton, Geronimo",9781338032918,,"Scholastic Inc",2016,"New York",Book,"Book::Arcade Children's Area: MOVING UP Stilton, G. - Checked Out,Book::Belle Cooledge Children's Area: MOVING UP Stilton, G. - Checked Out,Book::Elk Grove Kids' Place: MOVING UP Stilton, G. - Checked Out"
https://catalog.saclibrary.org/GroupedWork/0c793a5c-44ff-5bd1-71e0-f7fc4c34b55c-eng,"Homer's Excellent Adventure","Hoover, P. J. (Patricia J.), 1970-",9781944821876,,"CBAY Books",2020,"Dallas, TX",Book,"Book::Franklin Children's: CHILDREN FICTION Hoover, P. - On Shelf,Book::Orangevale: CHILDREN FICTION Hoover, P. - On Shelf,Book::Sacramento Public Library Storage: CHILDREN FICTION Hoover, P. - On Shelf"
https://catalog.saclibrary.org/GroupedWork/ea2ecc02-4dfd-f4f6-c70c-dd577858d936-eng,"My hairiest adventure","Stine, R. L",9780439863940,,"Scholastic Inc.; Scholastic","2006 - 2025","New York",eAudiobook;eBook;Book,
https://catalog.saclibrary.org/GroupedWork/53ade866-37cf-9f51-dfbb-04bcb02eefb4-eng,"Cece loves science and adventure","Derting, Kimberly",9780063089396,,"HarperCollins; Greenwillow Books, an imprint of HarperCollinsPublishers","2019 - 2021","New York, NY","Picture Book;eBook","Picture Book::Central Kids Place - Lower Level: PICTURE BOOK Derting, K. - Checked Out,Picture Book::Colonial Heights Children's Area: PICTURE BOOK Derting, K. - Checked Out,Picture Book::Belle Cooledge Children's Area: PICTURE BOOK Derting, K. - Checked Out"
https://catalog.saclibrary.org/GroupedWork/051ca56b-d09a-0ec3-8579-fd522b2f48d6-eng,"The phoenix of destiny: an epic Kingdom of Fantasy adventure","Stilton, Geronimo",9780545829076,,"Scholastic Inc.; Scholastic Inc",2015,"New York, NY",eBook;Book,"Book::Arcade Children's Area: MOVING UP Stilton, G. - Checked Out,Book::Elk Grove Kids' Place: MOVING UP Stilton, G. - Checked Out,Book::Rancho Children's Area: MOVING UP Stilton, G. - On Shelf"
https://catalog.saclibrary.org/GroupedWork/e84bb2c9-147e-8de5-0466-2d1c6d7aa8f5-eng,"System overload: an unofficial Minecrafter's adventure","Cheverton, Mark",9781510706828,,"Sky Pony Press",2016,"New York",Book,"Book::Carmichael Children's Area: CHILDREN FICTION Minecraft - On Shelf,Book::Barber Branch: CHILDREN FICTION Cheverton, M. [Paperback] - On Shelf,Book::Sacramento Public Library Storage: CHILDREN FICTION Minecraft - On Shelf"
https://catalog.saclibrary.org/GroupedWork/d5faf84d-d0a2-483f-89ce-0c8f56b82f66-eng,"The not-so-faraway adventure","Larsen, Andrew, 1960-",9781771380973,,"Kids Can Press",2016,"Toronto ; Tonawanda, NY","Picture Book;eBook","Picture Book::Carmichael Children's Area: PICTURE BOOK Larsen, A. - On Shelf,Picture Book::Franklin Children's: PICTURE BOOK Larsen, A. - On Shelf,Picture Book::South Natomas Children's Area: PICTURE BOOK Larsen, A. - On Shelf"
https://catalog.saclibrary.org/GroupedWork/5c33e59a-f727-c80c-8801-f65137d8072f-eng,"The adventurer's guide to successful escapes","White, Wade Albert",9780316305280,,"Hachette Audio; Little, Brown Books for Young Readers; Little, Brown and Company",2016,"New York",eBook;Book;eAudiobook,
https://catalog.saclibrary.org/GroupedWork/9a9e32f9-850e-60ab-6458-3185784e0e11-eng,"The adventures of Robin Hood","Burrows, John, 1972-",9781454945345,,"Union Square Kids; Oasis Audio; Sterling Pub","2005 - 2022","New York",Book;eAudiobook,
https://catalog.saclibrary.org/GroupedWork/19271287-364e-f75f-1074-32442e4e4a79-eng,"Space adventure","Murray, Lily",9780711257337,,"Wide Eyed Editions",2021,London,"Picture Book","Picture Book::Belle Cooledge Children's Area: PICTURE BOOK Murray, L. - On Shelf,Picture Book::Franklin Children's: PICTURE BOOK Murray, L. - On Shelf"
https://catalog.saclibrary.org/GroupedWork/f7093868-aa80-fcc7-3160-3edfe5b956a8-eng,"Teddy's midnight adventure","Mori, Yōko",9781782694014,,"Pushkin Press",2023,London,"Picture Book","Picture Book::Elk Grove Kids' Place: PICTURE BOOK Mori, Y. - Checked Out,Picture Book::McKinley Children's Area: PICTURE BOOK Mori, Y. - On Shelf,Picture Book::North Natomas Children's Area: PICTURE BOOK Mori, Y. - On Shelf"
https://catalog.saclibrary.org/GroupedWork/d5a3780c-9364-2688-13b8-8d68c3ab39f1-eng,"The mystery of the griefer's mark: an unofficial minecrafters adventure","Morgan, Winter",9781510759756,,"Sky Pony; Sky Pony Press","2020 - 2021","New York",eBook;Book,"Book::Elk Grove Kids' Place: CHILDREN FICTION Minecraft - Checked Out,Book::Franklin Children's: CHILDREN FICTION Minecraft - Checked Out,Book::North Sacramento-Hagginwood Children's Area: CHILDREN FICTION Minecraft - On Shelf"
https://catalog.saclibrary.org/GroupedWork/d202d04d-59c7-6eb7-b687-d45f137807d9-eng,"The small adventure of Popeye and Elvis","O'Connor, Barbara",9780374370558,,"Frances Foster Books/Farrar, Straus and Giroux; Recorded Books, Inc.",2009,"New York",Book;eAudiobook,"Book::Isleton Children's Area: CHILDREN FICTION O'Connor, B. - On Shelf,Book::Sutter County Main Branch Children's Area: CHILDREN FICTION O'Connor, B. - On Shelf"
https://catalog.saclibrary.org/GroupedWork/d3da91c7-3aba-c1e2-11ea-71de3ca1820d-eng,"Roxie loves adventure","Bardhan-Quallen, Sudipta",9781419756054,,"Abrams; Abrams Books for Young Readers",2022,"New York","Picture Book;eBook","Picture Book::Central Kids Place - Lower Level: PICTURE BOOK Bardhan-Quallen, S. - On Shelf,Picture Book::Colonial Heights Children's Area: PICTURE BOOK Bardhan-Quallen, S. - On Shelf,Picture Book::Fair Oaks Children's Area: PICTURE BOOK Bardhan-Quallen, S. - On Shelf"
https://catalog.saclibrary.org/GroupedWork/caad9f91-4a84-654f-635e-a685d67c7cb0-eng,"Traitors in space: a pick-your-own-path adventure","Collins, Tim, 1975-",9781665977630,,Aladdin,2025,"New York",eBook;Book,"Book::Carmichael Children's Area: CHILDREN FICTION Collins, T. - On Shelf,Book::Central Kids Place - Lower Level: CHILDREN FICTION Collins, T. - On Shelf,Book::Colonial Heights Children's Area: CHILDREN FICTION Collins, T. - Checked Out"
https://catalog.saclibrary.org/GroupedWork/7edce094-89f8-da71-b3b3-19e741b0b066-eng,"The volcano of fire: the fifth adventure in the Kingdom of Fantasy","Stilton, Geronimo",9780545556255,,"Scholastic Inc",2013,"New York",Book,"Book::Carmichael Children's Area: MOVING UP Stilton, G. - On Shelf,Book::Central Kids Place - Lower Level: MOVING UP Stilton, G. - Checked Out,Book::Elk Grove Kids' Place: MOVING UP Stilton, G. - Checked Out"
https://catalog.saclibrary.org/GroupedWork/4df40490-a3f4-4040-9c68-b7371545f9b2-eng,"Shadows of Sherwood: a Robyn Hoodlum adventure","Magoon, Kekla",9781619636347,,Bloomsbury,2015,"New York",Book,"Book::Carmichael Children's Area: CHILDREN FICTION Magoon, K. - On Shelf,Book::Elk Grove Kids' Place: CHILDREN FICTION Magoon, K. - On Shelf,Book::Sacramento Public Library Storage: CHILDREN FICTION Magoon, K. - On Shelf"
https://catalog.saclibrary.org/GroupedWork/577b45f4-2045-9ba1-c014-156efe27adcc-eng,"Horten's miraculous mechanisms: magic, mystery & a very strange adventure","Evans, Lissa",9781402798061,,"Sterling Children's Books; Union Square & Co.",2012,"New York",eBook;Book,"Book::Carmichael Children's Area: CHILDREN FICTION Evans, L. - On Shelf,Book::McClatchy Children's Area: CHILDREN FICTION Evans, L. - On Shelf,Book::Sylvan Oaks Children's Area: CHILDREN FICTION Evans, L. - On Shelf"
https://catalog.saclibrary.org/GroupedWork/7c7cdd4f-ba16-66e2-beb5-c38e3d59fbd7-eng,"Forty Winks: a bedtime adventure","DiPucchio, Kelly",9781647004934,,"ABRAMS; Abrams Books for Young Readers",2021,"New York","Picture Book;eBook","Picture Book::Carmichael Children's Area: PICTURE BOOK DiPucchio, K. - On Shelf,Picture Book::Central Kids Place - Lower Level: PICTURE BOOK DiPucchio, K. - On Shelf,Picture Book::Del Paso Heights Children's Area: PICTURE BOOK DiPucchio, K. - On Shelf"
https://catalog.saclibrary.org/GroupedWork/b4f310c4-14e0-9095-91f9-28e1fa162e4b-eng,"Addie Ant goes on an adventure","Morris, Maren",9798892737340,,"Recorded Books, Inc.; Chronicle Books LLC; Chronicle Chroma",2024,"Los Angeles, California","eAudiobook;Picture Book;eBook","Picture Book::Carmichael Children's Area: PICTURE BOOK Morris, M. - On Shelf,Picture Book::Central Kids Place - Lower Level: PICTURE BOOK Morris, M. - On Shelf,Picture Book::Fair Oaks Children's Area: PICTURE BOOK Morris, M. - On Shelf"
https://catalog.saclibrary.org/GroupedWork/b5658ceb-0433-8418-c17a-999aba3ee7fe-eng,"The Walloos' big adventure","Allepuz, Anuska, 1979-",9781536215311,,"Candlewick Press",2021,"Somerville, Massachusetts","Picture Book","Picture Book::Colonial Heights Children's Area: PICTURE BOOK Allepuz, A. - Checked Out,Picture Book::Courtland Children's Area: PICTURE BOOK Allepuz, A. - On Shelf,Picture Book::Southgate Children's Area: PICTURE BOOK Allepuz, A. - On Shelf"
https://catalog.saclibrary.org/GroupedWork/c42b66f8-a9cc-4bd7-6c5e-17b0c7f8fdf5-eng,"Treetop zip-line adventure","Baines, Rebecca",9780593961520,,"DK Publishing",2025,"New York",Book,"Book::Elk Grove Kids' Place: CHILDREN FICTION Baines, R. - On Shelf,Book::Galt Children's Area: CHILDREN FICTION Baines, R. - On Shelf,Book::South Natomas Children's Area: CHILDREN FICTION Baines, R. - On Shelf"
https://catalog.saclibrary.org/GroupedWork/6bb70c02-e873-77d3-1b1f-ee10edf018cb-eng,"This adventure ends","Mills, Emma, 1989-",9781627799355,,"Henry Holt and Company; Dreamscape Media","2016 - 2020","New York",eAudiobook;Book,"Book::South Natomas Teen Area: TEEN FICTION Mills, E. - On Shelf"
https://catalog.saclibrary.org/GroupedWork/13537a17-f771-92b3-05d9-11a55432e045-eng,"Flat Stanley: his original adventure!","Brown, Jeff, 1926-2003",9780061912160,,"HarperCollins; Scholastic; Harper","2009 - 2010","New York",eBook;Book,
https://catalog.saclibrary.org/GroupedWork/0eaa575d-67a2-081b-4334-53fc08b6f9e7-eng,"World champions!: a Max Einstein adventure","Patterson, James, 1947-",9780759556928,,"Jimmy Patterson Books, Little, Brown and Company; Hachette Audio",2021,"New York",eAudiobook;Book,"Book::Carmichael Children's Area: CHILDREN FICTION Patterson, J. - On Shelf,Book::Belle Cooledge Children's Area: CHILDREN FICTION Patterson, J. - On Shelf,Book::Courtland Children's Area: CHILDREN FICTION Patterson, J. - On Shelf"
https://catalog.saclibrary.org/GroupedWork/3823e931-c6e3-5d14-a428-a635e5bffc41-eng,"Adventures of Frog and Toad","Lobel, Arnold",9780760771044,,"Sandy Creek",2010,"New York",Book,"Book::Central Kids Place - Lower Level:  - In Processing,Book::Princeton Branch Library Juvenile Collection: J EASY READER 4 - Checked Out,Book::Woodland Public Library Children's Area: EASY READER 3 Lob - Checked Out"
https://catalog.saclibrary.org/GroupedWork/0e7a3b78-084f-38df-95a8-37775775a5f4-eng,"Snowy mittens: a winter adventure","Grant, Shauntay",9781647007447,,"Abrams; ABRAMS; Abrams Appleseed",2023,"New York, NY","Picture Book;eBook","Picture Book::Carmichael Children's Area: PICTURE BOOK Grant, S. - On Shelf,Picture Book::Central Kids Place - Lower Level: PICTURE BOOK Grant, S. - On Shelf,Picture Book::Elk Grove Kids' Place: PICTURE BOOK Grant, S. - On Shelf"
https://catalog.saclibrary.org/GroupedWork/0ba0bbe6-7869-41c7-4dab-efe4bbfa86ea-eng,"Sandy toes: a summer adventure","Grant, Shauntay",9781647007430,,"Abrams; ABRAMS; Abrams Appleseed",2023,"New York","Picture Book;eBook","Picture Book::Carmichael Children's Area: PICTURE BOOK Grant, S. - Checked Out,Picture Book::Central Kids Place - Lower Level: PICTURE BOOK Grant, S. - On Shelf,Picture Book::South Natomas Children's Area: PICTURE BOOK Grant, S. - On Shelf"
https://catalog.saclibrary.org/GroupedWork/0a00c3d6-0a94-ffa2-76da-8fd875b7fb3b-eng,"Into the spiders' lair: An unofficial Minecrafter's adventure","Cheverton, Mark",9781510728332,,"Sky Pony Press, an imprint of Skyhorse Publishing, Inc",2018,"New York, NY",Book,"Book::Del Paso Heights Children's Area: CHILDREN FICTION Minecraft - On Shelf,Book::Elk Grove Kids' Place: CHILDREN FICTION Minecraft - On Shelf,Book::Rancho Children's Area: CHILDREN FICTION Minecraft - On Shelf"
https://catalog.saclibrary.org/GroupedWork/efad77a3-5910-ad3d-6d29-5fd3063a5244-eng,"Adventures in Cat Town","Chen, Li, 1986-",9798881602215,,"Andrews McMeel Publishing",2025,"Kansas City, Missouri","Graphic Novel/Manga","Graphic Novel/Manga::Carmichael Children's Area: CHILDREN GRAPHIC NOVEL Detective Beans v.2 - Checked Out,Graphic Novel/Manga::Elk Grove Kids' Place: CHILDREN GRAPHIC NOVEL Detective Beans v.2 - Checked Out,Graphic Novel/Manga::Franklin Children's: CHILDREN GRAPHIC NOVEL Detective Beans v.2 - Checked Out"
https://catalog.saclibrary.org/GroupedWork/6a0d999e-abaa-5d36-eaa2-b2816f031051-eng,"Terrors of the forest: an unofficial Minecrafter's adventure","Cheverton, Mark",9781536406481,,"Sky Pony Press",2017,"New York",Book,"Book::Central Kids Place - Lower Level: CHILDREN FICTION Minecraft - On Shelf,Book::Southgate Children's Area: CHILDREN FICTION Minecraft - On Shelf,Book::Sacramento Public Library Storage: CHILDREN FICTION Minecraft - On Shelf"
https://catalog.saclibrary.org/GroupedWork/2d274ee6-ae90-c9f6-beb1-69b4199532df-eng,"Adventures with Grandpa!","Huntley, Tex",9781544400860,,"Golden Book",2018,"New York","Picture Book","Picture Book::Arcade Children's Area: PICTURE BOOK Paw Patrol - Checked Out,Picture Book::Central Kids Place - Lower Level: PICTURE BOOK Paw Patrol - Checked Out,Picture Book::Elk Grove Kids' Place: PICTURE BOOK Paw Patrol - Checked Out"
https://catalog.saclibrary.org/GroupedWork/79baee45-e2fe-8e91-7b38-0b2cc69cda12-eng,"JoJo's bizarre adventure: Part 6, Stone ocean. 2","Araki, Hirohiko, 1960-",9781974742882,,"VIZ Media LLC",2024,"San Francisco, CA","Graphic Novel/Manga","Graphic Novel/Manga::Arcade Teen Area: TEEN MANGA JoJo's Bizarre pt.6 v.2 - On Shelf,Graphic Novel/Manga::Central Teen Area - 3rd Floor: TEEN MANGA JoJo's Bizarre pt.6 v.2 - On Shelf,Graphic Novel/Manga::Belle Cooledge Teen Area: TEEN MANGA JoJo's Bizarre pt.6 v.2 - On Shelf"
https://catalog.saclibrary.org/GroupedWork/f7196e0c-23ac-e9b9-1bf6-ff866149da25-eng,"Adventure in Grand Canyon National Park","Johnson, Aaron, 1976-",9781960053053,,"Aaron Johnson",2023,"[United States]",Book,
https://catalog.saclibrary.org/GroupedWork/46d6453d-e10d-c590-f5a3-f945fc916b76-eng,"Mickey & me: a baseball card adventure","Gutman, Dan",9780060292478,,"HarperTrophy; HarperCollins Pub","2003 - 2004","New York; New York, NY",Book,"Book::Carmichael Children's Area: CHILDREN FICTION Gutman, D. - On Shelf,Book::South Natomas Children's Area: CHILDREN FICTION Gutman, D. - On Shelf"
https://catalog.saclibrary.org/GroupedWork/8d0d65b3-9c69-2c3b-2915-df5bd6d1ac59-eng,"Adventure time: sugary shorts. Volume two",,9781608867745,,KaBOOM!,2016,"Los Angeles, CA","Graphic Novel/Manga","Graphic Novel/Manga::Fair Oaks Children's Area: CHILDREN GRAPHIC NOVEL Adventure Time v.2 - Checked Out"
https://catalog.saclibrary.org/GroupedWork/ef483888-29fc-d212-a60c-52fbf7bc1462-eng,"unikitty: a cuckoo adventure","Brooke, Samantha",9780545795418,9781480663510,"Scholastic Inc",2014,"New York","Picture Book","Picture Book::Central Kids Place - Lower Level: PICTURE BOOK Lego - On Shelf,Picture Book::Rio Linda Children's Area: PICTURE BOOK Lego - On Shelf"
https://catalog.saclibrary.org/GroupedWork/8f4602e4-3d99-e601-802c-42b8e395fa9a-eng,"Tamlin's great adventure","Byron, Victoria",9781760360849,,"Starfish Bay children's Books",2020,"[Adelaide, SA]","Picture Book","Picture Book::Carmichael Children's Area: PICTURE BOOK Byron, V. - On Shelf,Picture Book::Franklin Children's: PICTURE BOOK Byron, V. - On Shelf,Picture Book::Pocket-Greenhaven Kids' Place: PICTURE BOOK Byron, V. - On Shelf"
https://catalog.saclibrary.org/GroupedWork/09c7cab6-0cf9-a714-57dc-164615841151-eng,"Blue Rain's adventure","Castle, Jennifer",9781681196916,,Bloomsbury,2018,"New York",Book,"Book::Arcade Children's Area: MOVING UP Castle, J. - On Shelf,Book::Carmichael Children's Area: MOVING UP Castle, J. - Checked Out,Book::South Natomas Children's Area: MOVING UP Castle, J. - On Shelf"
https://catalog.saclibrary.org/GroupedWork/ba828081-d7fb-6098-8859-8c6afad063f7-eng,"Could you survive the Jurassic period?: an interactive prehistoric adventure","Doeden, Matt",9781496658081,,"Capstone Press; Capstone",2020,"North Mankato, Minnesota",eBook;Book,
https://catalog.saclibrary.org/GroupedWork/818111ed-29d0-966c-78e9-3c21c84dffdc-eng,"Princess Ellie's starlight adventure","Kimpton, Diana",9780786848737,,"W. F. Howes Ltd; Hyperion Paperbacks for Children","2006 - 2015","New York",eAudiobook;Book,
https://catalog.saclibrary.org/GroupedWork/0857f2c7-a16d-cc78-6a06-67316b526080-eng,"Deep ocean six: an unofficial Minecrafter's adventure","Osa, Nancy",9781510703230,,"Sky Pony Press",2016,"New York",Book,"Book::Del Paso Heights Children's Area: CHILDREN FICTION Minecraft - On Shelf,Book::Elk Grove Kids' Place: CHILDREN FICTION Minecraft - On Shelf,Book::Rancho Children's Area: CHILDREN FICTION Minecraft - On Shelf"
https://catalog.saclibrary.org/GroupedWork/3619daaf-644e-cb77-fecc-821358edc5c7-eng,"Subway train adventure","Fenner, Julie M",9780544785854,,"Houghton Mifflin Harcourt",2016,Boston,"Easy Reader","Easy Reader::Belle Cooledge Children's Area: EASY READER 2 Rey, H. - On Shelf,Easy Reader::Elk Grove Kids' Place: EASY READER 2 Rey, H. - Checked Out,Easy Reader::Rancho Children's Area: EASY READER 2 Rey, H. - Checked Out"
https://catalog.saclibrary.org/GroupedWork/0acd6e22-8ff7-0835-d433-a704e75e88c9-eng,"The space mission adventure","Draper, Sharon M. (Sharon Mills)",9781442442269,,Aladdin,2012,"New York",eBook;Book,"Book::Arcade Children's Area: CHILDREN FICTION Draper, S. - Checked Out,Book::South Natomas Children's Area: CHILDREN FICTION Draper, S. - On Shelf,Book::Rancho Children's Area: CHILDREN FICTION Draper, S. - On Shelf"
https://catalog.saclibrary.org/GroupedWork/11c47233-8885-a99a-e9d7-56642444bf60-eng,"Chloe's adventure to Merlantis","Hibberd, Sophie",9798888226391,,"Bearport Publishing",2023,"Minneapolis, Minnesota",eBook;Book,
https://catalog.saclibrary.org/GroupedWork/35f8dbb7-3a28-b31d-628d-d42b123a1cd5-eng,"Ada Lace, on the case: an Ada Lace adventure","Calandrelli, Emily",9781481485982,,"Simon & Schuster Books for Young Readers",2017,"New York",Book,"Book::Carmichael Children's Area: MOVING UP Calandrelli, E. - On Shelf,Book::Colonial Heights Children's Area: MOVING UP Calandrelli, E. - Checked Out,Book::North Natomas Children's Area: MOVING UP Calandrelli, E. - Checked Out"
https://catalog.saclibrary.org/GroupedWork/673b577e-8c59-cc6f-4582-64501af9c53e-eng,"This last adventure","Dalton, Ryan (Young adult author)",9781541599284,,"Lerner Publishing Group; Carolrhoda Books",2022,Minneapolis,eBook;Book,"Book::Franklin Children's: CHILDREN FICTION Dalton, R. - On Shelf,Book::Isleton Children's Area: CHILDREN FICTION Dalton, R. - On Shelf,Book::Orangevale: CHILDREN FICTION Dalton, R. - On Shelf"
https://catalog.saclibrary.org/GroupedWork/d4fad981-ca02-ec30-4d1e-7d29610280b5-eng,"The great Alaska adventure!","Corwin, Jeff",9780142414095,,"Recorded Books, Inc.; Puffin Books",2010,"New York, N.Y",Book;eAudiobook,"Book::Carmichael Children's Area: MOVING UP Corwin, J. - On Shelf,Book::Belle Cooledge Children's Area: MOVING UP Corwin, J. - On Shelf,Book::North Sacramento-Hagginwood Children's Area: MOVING UP Corwin, J. - On Shelf"
https://catalog.saclibrary.org/GroupedWork/ef35c3ab-891e-c399-307b-be7ae8c2dd48-eng,"Norman and the smell of adventure: (it stinks!)","Higgins, Ryan T",9781368090216,,DisneyHyperion,2025,"Los Angeles","Picture Book","Picture Book::Arcade Children's Area: PICTURE BOOK Higgins, R. - On Shelf,Picture Book::Central Kids Place - Lower Level: PICTURE BOOK Higgins, R. - On Shelf,Picture Book::Colonial Heights Children's Area: PICTURE BOOK Higgins, R. - On Shelf"
https://catalog.saclibrary.org/GroupedWork/dab5d2b3-5ad0-e3e9-d0d5-78544db3f39d-eng,"The big outdoor adventure","Tyler, Madeline",9789798888229,,"Bearport Publishing",2023,"Minneapolis, MN",eBook;Book,
https://catalog.saclibrary.org/GroupedWork/1cff6195-f81f-d457-d0e9-789f124c6f59-eng,"The colossal forest: a Ferguson family adventure","McHenry, Derek T",9798998615443,,"Eyepatch Press",2025,"Sacramento, CA",Book,"Book::Central Kids Place - Lower Level: CHILDREN FICTION McHenry, D. - On Shelf,Book::Elk Grove Kids' Place: CHILDREN FICTION McHenry, D. - On Shelf,Book::Isleton Children's Area: CHILDREN FICTION McHenry, D. - On Shelf"
https://catalog.saclibrary.org/GroupedWork/17e817d4-4b92-1896-ae18-d67696364175-eng,"The adventures of Tintin: Volume 4","Hergé, 1907-1983",9780316358149,,"Little, Brown Books for Young Readers",2009,"New York","Graphic Novel/Manga","Graphic Novel/Manga::Del Paso Heights Children's Area: CHILDREN GRAPHIC NOVEL Tintin v.4 - Checked Out,Graphic Novel/Manga::Folsom Children's Area: CHILDREN GRAPHIX Herge v.4 - On Shelf"
https://catalog.saclibrary.org/GroupedWork/6220f13b-2df0-ed7c-f9a2-86ddc561e9ee-eng,"Arctic adventure: a tundra tale","Gopal, Jyoti Rajan",9781250385444,,"Feiwel and Friends; Feiwel & Friends",2026,"New York, NY","Picture Book;eBook","Picture Book::Arcade Children's Area: PICTURE BOOK Gopal, J. - On Shelf,Picture Book::Arden-Dimick Children's Area: PICTURE BOOK Gopal, J. - Checked Out,Picture Book::Central Kids Place - Lower Level: PICTURE BOOK Gopal, J. - On Shelf"
https://catalog.saclibrary.org/GroupedWork/525cec30-6064-50be-206d-b4f04b45a23c-eng,"The adventures of Laura and Jack","Wilder, Laura Ingalls, 1867-1957",9780060271305,,"HarperCollins Publishers",1997,"New York",Book,
https://catalog.saclibrary.org/GroupedWork/9accf158-75d8-6a3b-a653-708ead46ff17-eng,"The Wither invasion: an unofficial Minecrafter's adventure","Cheverton, Mark",9781510734906,,"Sky Pony Press",2018,"New York",Book,"Book::Rancho Children's Area: CHILDREN FICTION Minecraft - On Shelf,Book::Sacramento Public Library Storage: CHILDREN FICTION Minecraft - On Shelf"
https://catalog.saclibrary.org/GroupedWork/030ac3b7-96e0-45b1-6009-5f05e22a25ad-eng,"The great zombie invasion: an unofficial Minecrafter's adventure","Cheverton, Mark",9781510709942,,"Sky Pony Press",2016,"New York",Book,"Book::Carmichael Children's Area: CHILDREN FICTION Minecraft - On Shelf,Book::Central Kids Place - Lower Level: CHILDREN FICTION Minecraft - On Shelf,Book::Belle Cooledge Children's Area: CHILDREN FICTION Minecraft - On Shelf"
https://catalog.saclibrary.org/GroupedWork/bca13b60-5696-1a39-8023-000265de3773-eng,"Adventure time: Fionna & Cake",,9781684155255,,Kaboom!,2020,"Los Angeles, CA","Graphic Novel/Manga","Graphic Novel/Manga::Arcade Children's Area: CHILDREN GRAPHIC NOVEL Adventure Time - Checked Out,Graphic Novel/Manga::Colonial Heights Children's Area: CHILDREN GRAPHIC NOVEL Adventure Time - Checked Out"
https://catalog.saclibrary.org/GroupedWork/a781ce6d-5172-c723-16ef-926b5b4cdab7-eng,"A suitcase full of ghosts: A Geronimo Stilton Adventure","Stilton, Geronimo",9780545746113,,"Scholastic Paperbacks; Scholastic Inc.; Scholastic Inc",2015,"New York, NY",eBook;Book,
https://catalog.saclibrary.org/GroupedWork/4a317ac9-4777-b62e-7a94-9186a0de2b0e-eng,"Patterns in Peru: an adventure in patterning","Neuschwander, Cindy",9780805079548,,"H. Holt and Co",2007,"New York",Book,"Book::Southgate Children's Area: CHILDREN 152.1423 N495 2007 - On Shelf"
https://catalog.saclibrary.org/GroupedWork/d119e11f-988c-6fb3-c107-2172ed5dfb20-eng,"Moomin and the moonlight adventure",,9781914912665,,"Boxer Books",2022,"[New York, New York]","Picture Book","Picture Book::Carmichael Children's Area: PICTURE BOOK Jansson, T. - Checked Out,Picture Book::Central Kids Place - Lower Level: PICTURE BOOK Jansson, T. - On Shelf,Picture Book::Courtland Children's Area: PICTURE BOOK Jansson, T. - On Shelf"
https://catalog.saclibrary.org/GroupedWork/821db4f5-15b1-fdd3-9043-d632dc12560c-eng,"Pomelo's big adventure","Badescu, Ramona",9781592701582,,"Enchanted Lion Books",2014,"New York","Picture Book","Picture Book::Central Kids Place - Lower Level: PICTURE BOOK Badescu, R. - On Shelf"
https://catalog.saclibrary.org/GroupedWork/9af5a702-cdb2-68d2-1397-a78c487ca885-eng,"A wider world: an unofficial Minecraft Adventure","Keppeler, Jill",9781978595156,,"Enslow Publishing, LLC; West 44 Books, an imprint of Enslow Publishing","2020 - 2021","New York, NY",eBook;Book,"Book::Central Kids Place - Lower Level: MOVING UP Minecraft - On Shelf,Book::Del Paso Heights Children's Area: MOVING UP Minecraft - On Shelf,Book::Franklin Children's: MOVING UP Minecraft - Checked Out"
https://catalog.saclibrary.org/GroupedWork/22413cbe-6666-0b58-f695-89a772804efb-eng,"Humphrey's creepy-crawly camping adventure","Birney, Betty G",9780399172274,,"G. P. Putnam's Sons, an imprint of Penguin Group (USA)",2015,"New York, NY",Book,"Book::Elk Grove Kids' Place: MOVING UP Birney, B. - On Hold Shelf,Book::Franklin Children's: MOVING UP Birney, B. - Checked Out,Book::South Natomas Children's Area: MOVING UP Birney, B. - On Shelf"
https://catalog.saclibrary.org/GroupedWork/09ebd557-e137-ac12-c831-3642574a8c01-eng,"Winter's flurry adventure","Allen, Elise",9781619632974,,Bloomsbury,2014,"New York",Book,"Book::Elk Grove Kids' Place: MOVING UP Enchanted Sisters - On Shelf,Book::Isleton Children's Area: MOVING UP Enchanted Sisters - On Shelf,Book::Walnut Grove Children's Area: MOVING UP Enchanted Sisters - On Shelf"
https://catalog.saclibrary.org/GroupedWork/8746755a-d0bc-a8e1-d5d0-35f07997bd76-eng,"The nature journal: a backyard adventure","Allen, Savannah",9780593524930,,Viking,2023,"New York","Picture Book","Picture Book::Carmichael Children's Area: PICTURE BOOK Allen, S. - Checked Out,Picture Book::Central Kids Place - Lower Level: PICTURE BOOK Allen, S. - On Shelf,Picture Book::Belle Cooledge Children's Area: PICTURE BOOK Allen, S. - Checked Out"
https://catalog.saclibrary.org/GroupedWork/623bc4e6-1952-7e65-38b6-0d792dabccd3-eng,"Elvis puffs out: a breaking cat news adventure","Dunn, Georgia",9781524858193,,"Andrews McMeel; Andrews McMeel Publishing, a division of Andrews McMeel Universal",2020,"Kansas City, Missouri","Graphic Novel/Manga;eComic","Graphic Novel/Manga::Carmichael Children's Area: CHILDREN GRAPHIC NOVEL Breaking Cat - Checked Out,Graphic Novel/Manga::Colonial Heights Children's Area: CHILDREN GRAPHIC NOVEL Breaking Cat - In Transit,Graphic Novel/Manga::McKinley Children's Area: CHILDREN GRAPHIC NOVEL Breaking Cat - On Shelf"
https://catalog.saclibrary.org/GroupedWork/db7c0e2e-ac40-34f9-e47e-89815c68c474-eng,"The adventures of Tintin: Volume 1","Hergé, 1907-1983",9780316359405,,"Little, Brown",1993,Boston,"Graphic Novel/Manga",
https://catalog.saclibrary.org/GroupedWork/195e8cbf-c396-3864-d8ba-9b075354d64f-eng,"Adventures with barefoot critters","White, Teagan",9781770496248,,,2014,,Book,"Book::Sacramento Public Library Children: ON ORDER - On Order"
https://catalog.saclibrary.org/GroupedWork/3c75eadc-193b-e307-0833-97709606a37a-eng,"Clementine Fox and the great island adventure","Luna, Leigh",9781338356250,,"Graphix, an imprint of Scholastic; Scholastic Inc.",2023,"New York, NY","Graphic Novel/Manga;eComic","Graphic Novel/Manga::Arcade Children's Area: CHILDREN GRAPHIC NOVEL Clementine Fox v.1 - Checked Out,Graphic Novel/Manga::Elk Grove Kids' Place: CHILDREN GRAPHIC NOVEL Clementine Fox v.1 - Checked Out,Graphic Novel/Manga::South Natomas Children's Area: CHILDREN GRAPHIC NOVEL Clementine Fox v.1 - On Shelf"
https://catalog.saclibrary.org/GroupedWork/67d700cf-2ddf-0294-4519-d9c918f95f24-eng,"Surprise island adventure",,9780593901854,,"Random House",2025,"New York","Easy Reader","Easy Reader::Arcade Children's Area: EASY READER 2 Warner, G. - On Shelf,Easy Reader::Central Kids Place - Lower Level: EASY READER 2 Warner, G. - On Shelf,Easy Reader::Belle Cooledge Children's Area: EASY READER 2 Warner, G. - On Shelf"
https://catalog.saclibrary.org/GroupedWork/9f92bcc8-0f28-b169-5b23-0cdec06ef8d9-eng,"Penny draws a secret adventure","Shepard, Sara, 1977-",9780593616833,,"Books on Tape; G.P.  Putnam's Sons",2024,"New York, NY",eAudiobook;Book,"Book::Central Kids Place - Lower Level: CHILDREN FICTION Shepard, S. - Checked Out,Book::Fair Oaks Children's Area: CHILDREN FICTION Shepard, S. - Checked Out,Book::Franklin Children's: CHILDREN FICTION Shepard, S. - Checked Out"
https://catalog.saclibrary.org/GroupedWork/625acc6c-ea81-d707-1bfd-9826544cbb55-eng,"The adventures of the Bailey School Kids: 4, Dragons don't cook pizza","Rafer, Angeli",9781338881691,,"Graphix, an imprint of Scholastic",2024,"New York, NY","Graphic Novel/Manga","Graphic Novel/Manga::Arcade Children's Area: CHILDREN GRAPHIC NOVEL Bailey School v.4 - In Transit,Graphic Novel/Manga::Central Kids Place - Lower Level: CHILDREN GRAPHIC NOVEL Bailey School v.4 - Checked Out,Graphic Novel/Manga::Franklin Children's: CHILDREN GRAPHIC NOVEL Bailey School v.4 - Checked Out"
https://catalog.saclibrary.org/GroupedWork/754573fc-dd76-2028-e5b2-dd35ddd0aaa1-eng,"Barbie princess adventure","Stephens, Elle",9780593178621,,"Random House",2020,"New York","Easy Reader","Easy Reader::Carmichael Children's Area: EASY READER 2 Barbie - Checked Out,Easy Reader::North Natomas Children's Area: EASY READER 2 Barbie - On Shelf,Easy Reader::Woodland Public Library Children's Area: EASY READER 2 Bar - Checked Out"
https://catalog.saclibrary.org/GroupedWork/0ff059f0-a491-b3cd-04d0-2d2d71a96bfe-eng,"Adventure time compendium: 1","North, Ryan, 1980-",9781637155295,,"Oni-Lion Fiorge Publishing Group",2024,"Portland, Oregon","Graphic Novel/Manga","Graphic Novel/Manga::North Natomas Children's Area: CHILDREN GRAPHIC NOVEL Adventure Time v.1 - Checked Out"
https://catalog.saclibrary.org/GroupedWork/d32963a1-29b9-3e65-a371-43d76d14a532-eng,"The Adventure","Yost-Filgate, Susan",9780967242293,,"Rip Squeak Press",2005,"San Luis Obispo, Calif",Book,
https://catalog.saclibrary.org/GroupedWork/79a0be09-d130-1d2a-7fa7-c3da0f2cde8a-eng,"Zelda's big adventure","Alafaci, Marie, 1961-",9781328660817,,"Clarion Books, Houghton Mifflin Harcourt; HarperCollins",2017,Boston,"Picture Book;eBook","Picture Book::Colonial Heights Children's Area: PICTURE BOOK Alafaci, M. - On Shelf,Picture Book::Sacramento Public Library Storage: PICTURE BOOK Alafaci, M. - On Shelf"
https://catalog.saclibrary.org/GroupedWork/7960c3e6-3c23-f600-91b7-0044abc2fcdd-eng,"Book's big adventure","Lehrhaupt, Adam",9781534421837,,"Simon & Schuster Books for Young Readers",2021,"New York","Picture Book","Picture Book::Carmichael Children's Area: PICTURE BOOK Lehrhaupt, A. - On Shelf,Picture Book::Colonial Heights Children's Area: PICTURE BOOK Lehrhaupt, A. - Checked Out,Picture Book::Fair Oaks Children's Area: PICTURE BOOK Lehrhaupt, A. - On Shelf"
https://catalog.saclibrary.org/GroupedWork/818b355c-6d0a-32f2-d7fe-97780bd64713-eng,"Mini and Hardly and the big adventure","Rayner, Catherine",9781509804221,,"Macmillan Children's Books; Pan Macmillan","2021 - 2022",London,"Picture Book;eAudiobook","Picture Book::Arcade Children's Area: PICTURE BOOK Rayner, C. - On Shelf,Picture Book::Fair Oaks Children's Area: PICTURE BOOK Rayner, C. - On Shelf,Picture Book::North Natomas Children's Area: PICTURE BOOK Rayner, C. - On Shelf"
https://catalog.saclibrary.org/GroupedWork/86522655-bf69-0b4c-1908-a54d7f17dfcf-eng,"All for one: an unofficial Minecraft adventure","Keppeler, Jill",9781978595132,,"Enslow Publishing, LLC; West 44 Books, an imprint of Enslow Publishing","2020 - 2021","New York, NY",eBook;Book,"Book::Carmichael Children's Area: MOVING UP Minecraft - Checked Out,Book::Central Kids Place - Lower Level: MOVING UP Minecraft - On Shelf,Book::Fair Oaks Children's Area: MOVING UP Minecraft - On Shelf"
https://catalog.saclibrary.org/GroupedWork/11b9dc50-c73a-f60d-1bb1-427c0339731c-eng,"The Arkansaw bear: a tale of fanciful adventure","Paine, Albert Bigelow, 1861-1937",,,"Project Gutenberg; Harper",1925,"New York",eBook;Book,"Book::Sacramento Room: SPE fic Paine CHI - Library Use Only"
https://catalog.saclibrary.org/GroupedWork/182f4ef0-ffff-bdad-8e36-4b58c65f5b9d-eng,"Mystery mountain adventure!","Lauria, Lisa",9781544432441,,"Simon Spotlight, an imprint of Simon & Schuster Children's",2019,"New York","Picture Book","Picture Book::Belle Cooledge Children's Area: PICTURE BOOK PJ Masks - Checked Out,Picture Book::Pocket-Greenhaven Kids' Place: PICTURE BOOK PJ Masks - On Shelf"
https://catalog.saclibrary.org/GroupedWork/24b172a5-d9aa-0c35-f568-dee2b38e900f-eng,"In the belly of the bloodhound: being an account of a particularly peculiar adventure in the life of Jacky Faber","Meyer, L. A. (Louis A.), 1942-",9780152061661,,"HarperCollins; Harcourt, Inc; Listen & Live Audio, Inc.",2008,"Orlando, Fla",eAudiobook;eBook;Book,
https://catalog.saclibrary.org/GroupedWork/dd0be3ec-5a7c-0132-7843-cce9120ff38f-eng,"Molly Moon's hypnotic time travel adventure","Byng, Georgia",9781428716087,,"HarperTrophy; HarperCollins; HarperCollinsPublishers","2005 - 2010","New York",eBook;Book;eAudiobook,
https://catalog.saclibrary.org/GroupedWork/5423a034-f4f8-8eab-872f-f6a2ed9c9e38-eng,"Marya Khan and the awesome adventure park","Faruqi, Saadia",9781419761225,,"Amulet Books; Spotify Audiobooks",2024,"New York",eBook;Book;eAudiobook,"Book::Arcade Children's Area: MOVING UP Faruqi, S. - On Shelf,Book::Carmichael Children's Area: MOVING UP Faruqi, S. - On Shelf,Book::Central Kids Place - Lower Level: MOVING UP Faruqi, S. - On Shelf"
https://catalog.saclibrary.org/GroupedWork/8dcfbe9b-0547-4082-ebb7-6ca8bff7abc5-eng,"Thea Stilton and the cherry blossom adventure","Stilton, Geronimo",9780545227728,,Scholastic,2011,"New York, NY",Book,"Book::Carmichael Children's Area: MOVING UP Stilton, G. - Checked Out,Book::Valley Hi-North Laguna Children's Area: MOVING UP Stilton, G. - On Shelf,Book::Barber Branch: CHILDREN FICTION Stilton, G. [Paperback] - On Shelf"
https://catalog.saclibrary.org/GroupedWork/d5cd5bfc-d9eb-28aa-adb1-b6ffb40c87e2-eng,"Jacob and the mandolin adventure","Dublin, Anne",9781772601626,,"Second Story Press",2021,"Toronto, Ontario",eBook;Book;eAudiobook,"Book::Arcade Children's Area: CHILDREN FICTION Dublin, A. - On Shelf,Book::Carmichael Children's Area: CHILDREN FICTION Dublin, A. - On Shelf"
https://catalog.saclibrary.org/GroupedWork/f653abdf-8558-00b8-6e78-fffc3fd2a309-eng,"Legend of the Star Runner: a Timmi Tobbson adventure","Wagner, J. I. (Jens I.)",9783963267703,,"Freshamedia Books",2017,"[United States]",Book,"Book::Elk Grove Kids' Place: CHILDREN FICTION Wagner, J. - Checked Out,Book::Franklin Children's: CHILDREN FICTION Wagner, J. - On Shelf,Book::Orangevale: CHILDREN FICTION Wagner, J. - On Shelf"
https://catalog.saclibrary.org/GroupedWork/875507f3-41c3-c335-0c99-b58e46b8cd7f-eng,"Skyboy: a sci-fi action adventure novel","Aresty, Adam",9781636985114,,"Morgan James Publishing",2025,"New York",Book,"Book::Elk Grove Teen Area: TEEN FICTION Aresty, A. - On Shelf,Book::Franklin Teen: TEEN FICTION Aresty, A. - On Shelf,Book::South Natomas Teen Area: TEEN FICTION Aresty, A. - On Shelf"
https://catalog.saclibrary.org/GroupedWork/36c095f0-1456-57b1-dac9-3fa9aa279658-eng,"Diary of an 8-bit warrior: Shadow over Aetheria, an unofficial Minecraft adventure","Cube Kid (Author of fan fiction)",9781524892494,,"Andrews McMeel Publishing",2024,"Kansas City, MO",Book,"Book::Central Kids Place - Lower Level: CHILDREN FICTION Minecraft - On Shelf,Book::Colonial Heights Children's Area: CHILDREN FICTION Minecraft - Checked Out,Book::Elk Grove Kids' Place: CHILDREN FICTION Minecraft - Checked Out"
https://catalog.saclibrary.org/GroupedWork/9a208243-6554-3e6e-d962-5097eaa7469d-eng,"Jungle adventure","Murray, Lily",9780711276109,,"Wide Eyed Editions",2022,"Sommerville, Massachusetts","Picture Book","Picture Book::Central Kids Place - Lower Level: PICTURE BOOK Murray, L. - On Shelf,Picture Book::McClatchy Children's Area: PICTURE BOOK Murray, L. - On Shelf,Picture Book::Sacramento Public Library Storage: PICTURE BOOK Murray, L. - Checked Out"
https://catalog.saclibrary.org/GroupedWork/bea4eb3e-8889-671f-f119-22b17cc352e3-eng,"The suspended castle: a Philemon adventure : a TOON graphic","Fred, 1931-",9781935179863,,"TOON Books, an imprint of RAW Junior",2015,"New York, NY","Graphic Novel/Manga","Graphic Novel/Manga::Carmichael Children's Area: CHILDREN GRAPHIC NOVEL Fred - On Shelf,Graphic Novel/Manga::Elk Grove Kids' Place: CHILDREN GRAPHIC NOVEL Fred - On Shelf,Graphic Novel/Manga::Franklin Children's: CHILDREN GRAPHIC NOVEL Fred - On Shelf"
https://catalog.saclibrary.org/GroupedWork/ed0812ca-bead-0060-4cf2-c27e687db4b7-eng,"Betty's burgled bakery: an alliteration adventure","Nichols, Travis",9781452131832,,"Chronicle Books LLC; Chronicle Books",2017,"San Francisco, California","Picture Book;eBook","Picture Book::Central Kids Place - Lower Level: PICTURE BOOK Nichols, T. - On Shelf,Picture Book::Belle Cooledge Children's Area: PICTURE BOOK Nichols, T. - On Shelf,Picture Book::Franklin Children's: PICTURE BOOK Nichols, T. - On Shelf"
https://catalog.saclibrary.org/GroupedWork/6b330ca7-a7e2-5571-b4f3-62d9b2675df6-eng,"JoJo's bizarre adventure: Part 4, Diamond is unbreakable. Vol. 07","Araki, Hirohiko, 1960-",9781974708130,,"VIZ Media, LLC",2020,"San Francisco, CA","Graphic Novel/Manga","Graphic Novel/Manga::Central Teen Area - 3rd Floor: TEEN MANGA JoJo's Bizarre pt.4 v.7 - On Shelf,Graphic Novel/Manga::Franklin Teen: TEEN MANGA JoJo's Bizarre pt.4 v.7 - On Shelf,Graphic Novel/Manga::Valley Hi-North Laguna Teen Area: TEEN MANGA JoJo's Bizarre pt.4 v.7 - Checked Out"
https://catalog.saclibrary.org/GroupedWork/81cd851a-7d15-1d89-e23a-350c9eea1aec-eng,"Dragon mountain adventure","Katschke, Judy",9781481404402,,"Simon Spotlight",2014,"New York","Easy Reader","Easy Reader::Elk Grove Kids' Place: EASY READER 2 Katschke, J. - On Shelf"
https://catalog.saclibrary.org/GroupedWork/69115775-9f3d-77bd-6b34-617820c93fc3-eng,"Ancient China: an interactive history adventure","Collins, Terry (Terry Lee)",9781429694728,,"Capstone Press; Capstone","2012 - 2013","North Mankato, Minnesota",eBook;Book,"Book::Elk Grove Kids' Place: CHILDREN 931 C713 2013 - On Shelf,Book::Fair Oaks Children's Area: CHILDREN 931 C713 2013 - On Shelf"
https://catalog.saclibrary.org/GroupedWork/a50b8fe6-10e5-4fbb-6420-daef368f17ef-eng,"Linty: a pocketful of adventure","Shiell, Mike",9781525304941,,"Kids Can Press",2022,Toronto,"Graphic Novel/Manga","Graphic Novel/Manga::McKinley Children's Area: CHILDREN GRAPHIC NOVEL Linty - On Shelf,Graphic Novel/Manga::North Natomas Children's Area: CHILDREN GRAPHIC NOVEL Linty - On Shelf,Graphic Novel/Manga::Orangevale: CHILDREN GRAPHIC NOVEL Linty - On Shelf"
https://catalog.saclibrary.org/GroupedWork/c24acfeb-d719-5c22-58f4-e8c276426c6d-eng,"Just an adventure at sea","Mayer, Mercer, 1943-",9780062431417,,"Harper, an imprint of HarperCollinsPublishers",2017,"New York, NY","Easy Reader","Easy Reader::Carmichael Children's Area: EASY READER 1 Mayer, M. - Checked Out,Easy Reader::Colonial Heights Children's Area: EASY READER 1 Mayer, M. - On Shelf,Easy Reader::Franklin Children's: EASY READER 1 Mayer, M. - Checked Out"
https://catalog.saclibrary.org/GroupedWork/250a8bf4-d1ed-5f55-0696-8089b7e873b6-eng,"Jodie's Passover adventure","Levine, Anna (Anna Yaphe)",9780761356417,,"Kar-Ben Pub; Lerner Publishing Group",2012,Minneapolis,"Picture Book;eBook","Picture Book::Carmichael Children's Area: PICTURE BOOK Levine, A. - On Shelf,Picture Book::Franklin Children's: PICTURE BOOK Levine, A. - On Shelf"
https://catalog.saclibrary.org/GroupedWork/e69e0c80-258f-55be-f6bd-5b07e8e205bf-eng,"Akilak's adventure","Webster, Deborah Kigjugalik",9781772271232,,"Inhabit Media; Inhabit Media Inc","2016 - 2021","Iqaluit, Nunavut","Picture Book;eAudiobook","Picture Book::Carmichael Children's Area: PICTURE BOOK Webster, D. - On Shelf,Picture Book::Galt Children's Area: PICTURE BOOK Webster, D. - On Shelf"
https://catalog.saclibrary.org/GroupedWork/e027aa21-b875-13d2-f18a-2a149a2d85e6-eng,"Peppa's mermaid adventure","Holowaty, Lauren",9781338611748,,"Scholastic Inc",2020,"New York","Picture Book","Picture Book::Orangevale: PICTURE BOOK Peppa - On Shelf,Picture Book::Sacramento Public Library Storage: PICTURE BOOK Peppa - On Shelf"
https://catalog.saclibrary.org/GroupedWork/13ccfcc3-9c11-0f32-46f2-391f7f6245a2-eng,"George Washington's socks: a time travel adventure","Woodruff, Elvira",9780590440363,,"Scholastic Inc",1991,"New York",Book,"Book::Belle Cooledge Children's Area: CHILDREN FICTION Woodruff, E. - Checked Out,Book::Pocket-Greenhaven Kids' Place: CHILDREN FICTION Woodruff, E. - On Shelf,Book::Sylvan Oaks Children's Area: CHILDREN FICTION Woodruff, E. - Checked Out"
https://catalog.saclibrary.org/GroupedWork/53938209-b591-d6a5-d080-ce6588a2a8b3-eng,"Time stops for no mouse: a Hermux Tantamoq adventure","Hoeye, Michael",9780142409848,,"Putnam's; Books on Tape","2002 - 2006","New York",eAudiobook;Book,"Book::South Natomas Children's Area: CHILDREN FICTION Hoeye, M. - On Shelf,Book::Valley Hi-North Laguna Children's Area: CHILDREN FICTION Hoeye, M. - On Shelf,Book::Barber Branch: CHILDREN FICTION Hoeye, M. - On Shelf"
https://catalog.saclibrary.org/GroupedWork/e0ef1b4b-7ae4-7c61-2cab-a27920d60d0c-eng,"Shoeless Joe & me: a baseball card adventure","Gutman, Dan",9780613618168,,HarperTrophy,2003,"New York",Book,"Book::Carmichael Children's Area: CHILDREN FICTION Gutman, D. - On Shelf,Book::Franklin Children's: CHILDREN FICTION Gutman, D. - Checked Out,Book::North Sacramento-Hagginwood Children's Area: CHILDREN FICTION Gutman, D. - On Shelf"
https://catalog.saclibrary.org/GroupedWork/5ab0ad48-a5b7-6ff1-24a5-792d3b3737d6-eng,"Pirate adventure","Murray, Lily",9780711276123,,"Wide Eyed Editions",2022,"Beverly, MA","Picture Book","Picture Book::Central Kids Place - Lower Level: PICTURE BOOK Murray, L. - Checked Out,Picture Book::Fair Oaks Children's Area: PICTURE BOOK Murray, L. - On Shelf"
https://catalog.saclibrary.org/GroupedWork/894ad8f7-b408-a10a-24a8-7c25f739f3d8-eng,"Goodbye, hello: a going home travel adventure","Dale, Angela H",9780823454778,,"Holiday House",2024,"New York","Picture Book;eBook","Picture Book::Carmichael Children's Area: PICTURE BOOK Dale, A. - Checked Out,Picture Book::Franklin Children's: PICTURE BOOK Dale, A. - In Transit,Picture Book::Orangevale: PICTURE BOOK Dale, A. - Checked Out"
https://catalog.saclibrary.org/GroupedWork/6acf1cbf-3a4d-5057-5036-de1929cf684b-eng,"Silk & steel: a queer speculative adventure anthology",,9781633270268,,"Cantina Publishing",2020,"United States",Book,"Book::Central: SCIENCE FICTION Silk - On Shelf,Book::Southgate: SCIENCE FICTION Silk - On Shelf"
https://catalog.saclibrary.org/GroupedWork/20e84cbe-36cb-80f0-829e-3818bbd2403f-eng,"Lankybox: epic adventure!","McArthur, Adam",9780063229952,,"Harper Alley, an imprint of HarperCollinsPublishers",2023,"New York, NY","Graphic Novel/Manga","Graphic Novel/Manga::Rio Linda Children's Area: CHILDREN GRAPHIC NOVEL Lankybox - On Shelf"
https://catalog.saclibrary.org/GroupedWork/2816655e-c6a8-88c4-1dc2-6255344d741f-eng,"It's showtime, Sophie: a Breaking Cat News adventure","Dunn, Georgia",9798881602727,050837478336,"Andrews McMeel Publishing",2026,"Kansas City, Missouri","Graphic Novel/Manga","Graphic Novel/Manga::Carmichael Children's Area: CHILDREN GRAPHIC NOVEL Breaking Cat - Checked Out,Graphic Novel/Manga::Central Kids Place - Lower Level: CHILDREN GRAPHIC NOVEL Breaking Cat - On Shelf,Graphic Novel/Manga::Franklin Children's: CHILDREN GRAPHIC NOVEL Breaking Cat - Checked Out"
https://catalog.saclibrary.org/GroupedWork/7268a667-fa3e-fa5b-ec46-67e92d8a5ddd-eng,"JoJo's bizarre adventure: Part 4, Diamond is unbreakable. 05","Araki, Hirohiko, 1960-",9781974708116,,"VIZ Media, LLC",2020,"San Francisco, CA","Graphic Novel/Manga","Graphic Novel/Manga::Central Teen Area - 3rd Floor: TEEN MANGA JoJo's Bizarre pt.4 v.5 - On Shelf,Graphic Novel/Manga::Valley Hi-North Laguna Teen Area: TEEN MANGA JoJo's Bizarre pt.4 v.5 - On Shelf,Graphic Novel/Manga::Sacramento Public Library Storage: TEEN MANGA JoJo's Bizarre pt.4 v.5 - On Shelf"
https://catalog.saclibrary.org/GroupedWork/1c183237-dae8-09ef-3a3f-dc19e24e17c9-eng,"Sir Arthur Conan Doyle's The adventure of the three students","Goodwin, Vincent",9781616418953,,"Magic Wagon",2013,"Minneapolis, Minn","Graphic Novel/Manga","Graphic Novel/Manga::Sylvan Oaks Children's Area: CHILDREN GRAPHIC NOVEL Doyle, A. - On Shelf"
https://catalog.saclibrary.org/GroupedWork/8b5bbf2f-88f0-fa42-8d41-8665047ba83f-eng,"JoJo's bizarre adventure: Part 4, Diamond is unbreakable. 8","Araki, Hirohiko, 1960-",9781974708147,,"VIZ Media, LLC",2021,"San Francisco, CA","Graphic Novel/Manga","Graphic Novel/Manga::Central Teen Area - 3rd Floor: TEEN MANGA JoJo's Bizarre pt.4 v.8 - On Shelf,Graphic Novel/Manga::Rancho Cordova: TEEN MANGA JoJo's Bizarre pt.4 v.8 - On Shelf,Graphic Novel/Manga::Valley Hi-North Laguna Teen Area: TEEN MANGA JoJo's Bizarre pt.4 v.8 - On Shelf"
https://catalog.saclibrary.org/GroupedWork/6384c3ea-11a0-497c-d919-231de92b7dc9-eng,"Thea Stilton and the mystery on the Orient Express: a Geronimo Stilton adventure","Stilton, Thea",9780545341059,,"Scholastic Paperbacks; Scholastic Inc.",2012,"New York",eBook;Book,"Book::Rio Linda Children's Area: MOVING UP Stilton, T. - Checked Out,Book::Barber Branch: CHILDREN FICTION Stilton, T. [Paperback] - On Shelf,Book::Sutter Branch: CHILDREN FICTION Stilton T. [Paperback] - Checked Out"
https://catalog.saclibrary.org/GroupedWork/de96a03e-eca8-a32b-d2a3-41be283fd9a8-eng,"Willie & me: a Baseball card adventure","Gutman, Dan",9780061704048,,"Harper, an imprint of HarperCollinsPublishers",2015,"New York",Book,"Book::Arcade Children's Area: CHILDREN FICTION Gutman, D. - On Shelf,Book::Carmichael Children's Area: CHILDREN FICTION Gutman, D. - In Transit,Book::Rancho Children's Area: CHILDREN FICTION Gutman, D. - On Shelf"
https://catalog.saclibrary.org/GroupedWork/889a5b1f-a965-685c-5ea6-909c8cce5396-eng,"Our Easter adventure","Randall, Emma, 1989-",9781524793333,,"Penguin Workshop",2021,"New York","Picture Book","Picture Book::Central Kids Place - Lower Level: PICTURE BOOK Randall, E. - On Shelf,Picture Book::Belle Cooledge Children's Area: PICTURE BOOK Randall, E. - Checked Out,Picture Book::Rio Linda Children's Area: PICTURE BOOK Randall, E. - On Shelf"
https://catalog.saclibrary.org/GroupedWork/e2b525f7-f878-5d1c-d208-ee87e00d65d5-eng,"Nell of Gumbling: my extremely tiny forest adventure","Steinkellner, Emma",9780593570708,,"Labyrinth Road; Random House Children's Books",2024,"New York","Graphic Novel/Manga;eComic","Graphic Novel/Manga::Carmichael Children's Area: CHILDREN GRAPHIC NOVEL Nell v.2 - Checked Out,Graphic Novel/Manga::Central Kids Place - Lower Level: CHILDREN GRAPHIC NOVEL Nell v.2 - On Shelf,Graphic Novel/Manga::Colonial Heights Children's Area: CHILDREN GRAPHIC NOVEL Nell v.2 - On Shelf"
https://catalog.saclibrary.org/GroupedWork/853bc2be-29c7-1d3b-f57b-dd948d91cb89-eng,"Sir Arthur Conan Doyle's The adventure of the dying detective","Goodwin, Vincent",9781616419721,,"Magic Wagon",2013,"Minneapolis, Minn","Graphic Novel/Manga","Graphic Novel/Manga::Carmichael Children's Area: CHILDREN GRAPHIC NOVEL Doyle, A. - On Shelf,Graphic Novel/Manga::Franklin Children's: CHILDREN GRAPHIC NOVEL Doyle, A. - On Shelf,Graphic Novel/Manga::Galt Children's Area: CHILDREN GRAPHIC NOVEL Doyle, A. - On Shelf"
https://catalog.saclibrary.org/GroupedWork/d321883b-00b1-2f66-fbc6-db5495806d76-eng,"Library mouse: a museum adventure","Kirk, Daniel",9781419701733,,"ABRAMS, Inc.; Abrams Books for Young Readers","2012 - 2013","New York","Picture Book;eBook","Picture Book::Carmichael Children's Area: PICTURE BOOK Kirk, D. - Checked Out,Picture Book::Central Kids Place - Lower Level: PICTURE BOOK Kirk, D. - Checked Out,Picture Book::Belle Cooledge Children's Area: PICTURE BOOK Kirk, D. - On Shelf"
https://catalog.saclibrary.org/GroupedWork/23a177fb-9f37-f4a8-8f34-22664641f916-eng,"The quest for the diamond sword: an unofficial minecrafter's adventure","Morgan, Winter",9781510759749,,"Sky Pony Press",2020,"New York",Book,"Book::Carmichael Children's Area: CHILDREN FICTION Minecraft - On Shelf,Book::Del Paso Heights Children's Area: CHILDREN FICTION Minecraft - On Shelf"
https://catalog.saclibrary.org/GroupedWork/27dda3ea-1bad-6d2f-b880-4296595cc95c-eng,"Sally's snow adventure","Huneck, Stephen",9780810970618,,"Abrams Books for Young Readers; Trajectory Inc","2006 - 2012","New York","Picture Book;eBook","Picture Book::Central Kids Place - Lower Level: PICTURE BOOK Huneck, S. - On Shelf"
https://catalog.saclibrary.org/GroupedWork/0169d501-7407-8f74-e776-503d9f3618b6-eng,"Zathura: a space adventure","Van Allsburg, Chris",9780618253968,,"Houghton Mifflin",2002,Boston,"Picture Book","Picture Book::Central Kids Place - Lower Level: PICTURE BOOK Van Allsburg, C. - Checked Out,Picture Book::North Natomas Children's Area: PICTURE BOOK Van Allsburg, C. - On Shelf,Picture Book::Rancho Children's Area: PICTURE BOOK Van Allsburg, C. - Checked Out"
https://catalog.saclibrary.org/GroupedWork/9ad21f33-92a8-f135-88eb-11973c3e9eca-eng,"Battle for Loot Lake: an unofficial Fortnite adventure novel","Hunter, Devin",9781510742642,,"Sky Pony; Sky Pony Press; Blackstone Publishing","2018 - 2019","New York",eAudiobook;eBook;Book,"Book::Carmichael Children's Area: CHILDREN FICTION Fortnite - On Shelf,Book::Belle Cooledge Children's Area: CHILDREN FICTION Fortnite - On Shelf,Book::Elk Grove Kids' Place: CHILDREN FICTION Fortnite - On Shelf"
https://catalog.saclibrary.org/GroupedWork/9111afa4-fdcf-f91d-b2a2-7cbd6871f5b0-eng,"Gameknight999 vs. Herobrine: Herobrine reborn, Book three : a Gameknight999 adventure","Cheverton, Mark",9781510700109,,"Sky Pony Press",2016,"New York",Book,"Book::Elk Grove Kids' Place: CHILDREN FICTION Minecraft - Checked Out,Book::Galt Children's Area: CHILDREN FICTION Minecraft - On Shelf,Book::North Natomas Children's Area: CHILDREN FICTION Minecraft - On Shelf"
https://catalog.saclibrary.org/GroupedWork/4496688b-5cff-8604-8198-0c0fc69792fb-eng,"Sir Arthur Conan Doyle's The adventure of the engineer's thumb","Goodwin, Vincent",9781616418939,,"Magic Wagon",2013,"Minneapolis, Minn","Graphic Novel/Manga","Graphic Novel/Manga::McClatchy Children's Area: CHILDREN GRAPHIC NOVEL Doyle, A. - On Shelf,Graphic Novel/Manga::Pocket-Greenhaven Kids' Place: CHILDREN GRAPHIC NOVEL Doyle, A. - On Shelf"
https://catalog.saclibrary.org/GroupedWork/1d0f9fb9-c026-ccec-2ef1-8a6dbefcfde9-eng,"Max goes to  Mars: a science adventure with Max the dog","Bennett, Jeffrey O",9780972181914,,"Big Kid Science; Distributed by Publishers Group West",2006,"Boulder, Colo; [Berkeley, Calif.]","Picture Book","Picture Book::Central Kids Place - Lower Level: PICTURE BOOK Bennett, J. - On Shelf"
https://catalog.saclibrary.org/GroupedWork/d662e64c-01af-9aac-8936-bb69f7c94da9-eng,"Summer adventure for Groot!","Deneen, Brendan",9781368000710,,Marvel,2021,"Los Angeles","Picture Book","Picture Book::Franklin Children's: PICTURE BOOK Deneen, B. - On Shelf,Picture Book::South Natomas Children's Area: PICTURE BOOK Deneen, B. - On Shelf,Picture Book::North Natomas Children's Area: PICTURE BOOK Deneen, B. - Checked Out"
https://catalog.saclibrary.org/GroupedWork/809c39b0-f218-2f60-318f-50b4c2badfbd-eng,"Poppy and Branch's big adventure","Miller, Mona",9780399558719,,"Random House Children's Books, a division of Penguin Random House LLC",2017,"New York, NY","Easy Reader","Easy Reader::Sylvan Oaks Children's Area: EASY READER 3 Trolls - On Shelf,Easy Reader::Folsom Children's Area: EASY READER 3 MI - Checked Out"
https://catalog.saclibrary.org/GroupedWork/259d4d49-7a44-e8c5-5179-466cc8f0abd1-eng,"Adventures in friendship: Volume 1",,9781631401893,,"IDW Publishing",2014,"San Diego, CA","Graphic Novel/Manga","Graphic Novel/Manga::Fair Oaks Children's Area: CHILDREN GRAPHIC NOVEL My Little Pony v.1 - Checked Out,Graphic Novel/Manga::Orangevale: CHILDREN GRAPHIC NOVEL My Little Pony v.1 - Checked Out"
https://catalog.saclibrary.org/GroupedWork/d46c20e7-f3fb-1279-52d5-65441b442014-eng,"Click clack, quackity-quack: an alphabetical adventure","Cronin, Doreen",9781416941019,,"Atheneum Books for Young Readers",2005,"New York","Picture Book;Book","Picture Book::Arcade Children's Area: PICTURE BOOK Cronin, D. - Checked Out,Picture Book::Belle Cooledge Children's Area: PICTURE BOOK Cronin, D. - On Shelf,Picture Book::Elk Grove Kids' Place: PICTURE BOOK Cronin, D. - In Transit"
https://catalog.saclibrary.org/GroupedWork/aec941a9-fa94-3ebe-ba95-6a3b68d584bd-eng,"Jannah jewels: Adventure in America","Syed, Tayyaba",9781988337012,,"Gentle Breeze Books",2016,"Vancouver, B.C., Canada",Book,"Book::Franklin Children's: CHILDREN FICTION Nura, U. - On Shelf,Book::South Natomas Children's Area: CHILDREN FICTION Nura, U. - On Shelf,Book::Rancho Children's Area: CHILDREN FICTION Nura, U. - OFF CAMPUS"
https://catalog.saclibrary.org/GroupedWork/fc7ddb74-9f79-2d06-6ef6-06c82a78db82-eng,"The guardian of the realm: the eleventh adventure in the Kingdom of Fantasy","Stilton, Geronimo",9789352755165,,"Scholastic Inc",2018,"New York, NY",Book,"Book::Central Kids Place - Lower Level: MOVING UP Stilton, G. - On Shelf,Book::Princeton Branch Library Juvenile Collection: J Fic - On Shelf,Book::Woodland Public Library Children's Area: CHILDREN FICTION Stilton, G. - On Shelf"
https://catalog.saclibrary.org/GroupedWork/d4f5a997-7acd-7cea-6cad-f128bb82eed3-eng,"Andy & Sandy's anything adventure","DePaola, Tomie, 1934-",9781481441575,,"Simon & Schuster Books for Young Readers",2016,"New York","Easy Reader","Easy Reader::Courtland Children's Area: EASY READER 1 DePaola, T. - On Shelf,Easy Reader::Franklin Children's: EASY READER 1 DePaola, T. - Checked Out,Easy Reader::McKinley Children's Area: EASY READER 1 DePaola, T. - Checked Out"
https://catalog.saclibrary.org/GroupedWork/b1febbe2-6e48-813e-a0c2-21bd62a59075-eng,"What about X?: an alphabet adventure","Houppert, Anne Marie",9781419740787,,"Abrams; Abrams Appleseed","2020 - 2021","New York","Picture Book;eBook","Picture Book::Carmichael Children's Area: PICTURE BOOK Houppert, A. - On Shelf,Picture Book::Elk Grove Kids' Place: PICTURE BOOK Houppert, A. - On Shelf,Picture Book::Fair Oaks Children's Area: PICTURE BOOK Houppert, A. - On Shelf"
https://catalog.saclibrary.org/GroupedWork/bf88ae22-18df-c533-54b3-0407b7da2738-eng,"The pirate girl's treasure: an origami adventure","Leung, Peyton, 1978-",9781554536603,,"Kids Can Press",2012,Toronto,"Picture Book","Picture Book::Central Kids Place - Lower Level: PICTURE BOOK Leung, P. - Checked Out,Picture Book::Sylvan Oaks Children's Area: PICTURE BOOK Leung, P. - On Shelf"
https://catalog.saclibrary.org/GroupedWork/07ff8588-b146-d469-4ac7-23df75fa5c25-eng,"JoJo's bizarre adventure: Part 3, Stardust crusaders. 08","Araki, Hirohiko, 1960-",9781421591742,,"Viz Media, LLC",2018,"San Francisco, CA","Graphic Novel/Manga","Graphic Novel/Manga::Central Teen Area - 3rd Floor: TEEN MANGA JoJo's Bizarre pt.3 v.8 - On Shelf,Graphic Novel/Manga::North Natomas: TEEN MANGA JoJo's Bizarre pt.3 v.8 - Checked Out,Graphic Novel/Manga::Pocket-Greenhaven Teen Area: TEEN MANGA JoJo's Bizarre pt.3 v.8 - Checked Out"
https://catalog.saclibrary.org/GroupedWork/0ec8a551-8a61-336d-f821-995d7a1419a0-eng,"Olaf's Frozen Adventure: the deluxe junior novelization","Francis, Suzanne",9780736438155,,"Random House",2017,"New York",Book,"Book::Arcade Children's Area: CHILDREN FICTION Disney - On Shelf,Book::Colonial Heights Children's Area: CHILDREN FICTION Disney - On Shelf,Book::Galt Children's Area: CHILDREN FICTION Disney - On Shelf"
https://catalog.saclibrary.org/GroupedWork/ab9a33e9-d6e9-7e51-fa57-40d528362cb7-eng,"Peggy: a brave chicken on a big adventure","Walker, Anna",9780544259003,,"Clarion Books, Houghton Mifflin Harcourt",2014,Boston,"Picture Book","Picture Book::Central Kids Place - Lower Level: PICTURE BOOK Walker, A. - On Shelf,Picture Book::South Natomas Children's Area: PICTURE BOOK Walker, A. - On Shelf,Picture Book::North Natomas Children's Area: PICTURE BOOK Walker, A. - Checked Out"
https://catalog.saclibrary.org/GroupedWork/68de41c3-8570-da16-e9d0-de92e2eaae91-eng,"Monsters in the moonlight: a Yalda night adventure","Merabian, Sina",9781534496842,,"Simon & Schuster Books for Young Readers",2025,"New York","Picture Book;eBook","Picture Book::Arcade Children's Area: PICTURE BOOK Merabian, S. - On Shelf,Picture Book::Central Kids Place - Lower Level: PICTURE BOOK Merabian, S. - On Shelf,Picture Book::Fair Oaks Children's Area: PICTURE BOOK Merabian, S. - Checked Out"
https://catalog.saclibrary.org/GroupedWork/d123de4a-ff19-92c3-90aa-87c5524292ab-eng,"Unicorn famous: another Phoebe and her unicorn adventure","Simpson, Dana, 1977-",9781524864767,,"Andrews McMeel; Andrews McMeel Publishing",2021,"Kansas City, Missouri","Graphic Novel/Manga;eComic","Graphic Novel/Manga::Central Kids Place - Lower Level: CHILDREN GRAPHIC NOVEL Phoebe v.13 - On Shelf,Graphic Novel/Manga::Colonial Heights Children's Area: CHILDREN GRAPHIC NOVEL Phoebe v.13 - Checked Out,Graphic Novel/Manga::McKinley Children's Area: CHILDREN GRAPHIC NOVEL Phoebe v.13 - Checked Out"
https://catalog.saclibrary.org/GroupedWork/1f3668a5-f8fa-4d8d-cfb2-cd7a45498bb0-eng,"Attack on Titan adventure: the hunt for the female titan","Fujinami, Tomoyuki, 1967-",9781632366931,,"Kodansha Comics, an imprint of Kodansha USA Publishing, LLC",2018,"New York",Book,"Book::Central Teen Area - 3rd Floor: TEEN FICTION Fujinami, T. - On Shelf"
https://catalog.saclibrary.org/GroupedWork/107b6236-2fb2-f054-99e4-e1940da209a6-eng,"The adventures of Tintin: Volume 3","Hergé, 1907-1983",9780316359443,,"Little, Brown",2009,"New York, NY","Graphic Novel/Manga","Graphic Novel/Manga::North Sacramento-Hagginwood Children's Area: CHILDREN GRAPHIC NOVEL Tintin v.3 - Checked Out,Graphic Novel/Manga::Sylvan Oaks Children's Area: CHILDREN GRAPHIC NOVEL Tintin v.3 - On Hold Shelf,Graphic Novel/Manga::Princeton Branch Library Juvenile Collection: J Fic - On Shelf"
https://catalog.saclibrary.org/GroupedWork/3ce492d5-5120-bf5f-9bf6-35752055b151-eng,"Ocean's world: an island tale of discovery and adventure","PenaVega, Carlos, 1989-",9781400234981,,"Tommy Nelson; Tommy Nelson, an imprint of Thomas Nelson",2022,"Nashville, Tennessee","Picture Book;eBook;eAudiobook","Picture Book::Carmichael Children's Area: PICTURE BOOK PenaVega, C. - On Hold Shelf,Picture Book::Central Kids Place - Lower Level: PICTURE BOOK PenaVega, C. - In Transit,Picture Book::Pocket-Greenhaven Kids' Place: PICTURE BOOK PenaVega, C. - On Shelf"
https://catalog.saclibrary.org/GroupedWork/ac61e9e5-4a51-0c5e-063f-e53b26803d64-eng,"Everything's coming up Beatrix!: a Breaking Cat News adventure","Dunn, Georgia",9781524879747,,"Andrews McMeel Publishing",2023,"Kansas City","Graphic Novel/Manga","Graphic Novel/Manga::Central Kids Place - Lower Level: CHILDREN GRAPHIC NOVEL Breaking Cat - On Shelf,Graphic Novel/Manga::Elk Grove Kids' Place: CHILDREN GRAPHIC NOVEL Breaking Cat - On Shelf,Graphic Novel/Manga::Fair Oaks Children's Area: CHILDREN GRAPHIC NOVEL Breaking Cat - Checked Out"
https://catalog.saclibrary.org/GroupedWork/69c5256a-a848-a60f-46e2-10b3dd12aec3-eng,"Great white shark adventure","Fraioli, James O., 1968-",9781534420878,,"Margaret K. McElderry Books",2019,"New York","Graphic Novel/Manga","Graphic Novel/Manga::Carmichael Children's Area: CHILDREN GRAPHIC NOVEL Fraioli, J. - On Shelf,Graphic Novel/Manga::Central Kids Place - Lower Level: CHILDREN GRAPHIC NOVEL Fraioli, J. - On Shelf,Graphic Novel/Manga::Franklin Children's: CHILDREN GRAPHIC NOVEL Fraioli, J. - Checked Out"
https://catalog.saclibrary.org/GroupedWork/5c24c672-1e19-322f-7363-fedd71347a1d-eng,"Graduation day in Adventure Bay","Huntley, Matt",9780593902264,,"Random House",2025,"New York","Picture Book","Picture Book::Carmichael Children's Area: PICTURE BOOK Paw Patrol - Checked Out,Picture Book::Central Kids Place - Lower Level: PICTURE BOOK Paw Patrol - Checked Out,Picture Book::Pocket-Greenhaven Kids' Place: PICTURE BOOK Paw Patrol - On Shelf"
https://catalog.saclibrary.org/GroupedWork/a2f818da-c5b3-2d59-e790-a02ef6d18571-eng,"Pirate Nell's tale to tell: a storybook adventure","Docherty, Helen",9781492698678,,"Sourcebooks Inc; Sourcebooks Jabberwocky",2020,"Naperville, Illinois","Picture Book;eBook","Picture Book::Carmichael Children's Area: PICTURE BOOK Docherty, H. - On Shelf,Picture Book::Colonial Heights Children's Area: PICTURE BOOK Docherty, H. - On Shelf,Picture Book::Southgate Children's Area: PICTURE BOOK Docherty, H. - On Shelf"
https://catalog.saclibrary.org/GroupedWork/62e8c583-4781-45d0-c39f-3bddbb9b4ba3-eng,"Skeleton Island: an Araminta Spookie adventure","Sage, Angie",9781619639454,,Bloomsbury,2016,"New York",Book,"Book::Elk Grove Kids' Place: CHILDREN FICTION Sage, A. - On Shelf,Book::Valley Hi-North Laguna Children's Area: CHILDREN FICTION Sage, A. - On Shelf,Book::Folsom Children's Area: CHILDREN EARLY CHAPTER BOOK Sage, A. - Checked Out"
https://catalog.saclibrary.org/GroupedWork/6491510a-c927-cf0a-d56f-bbc7a50c7c4d-eng,"The amazing voyage: the third adventure in the Kingdom of Fantasy","Stilton, Geronimo",9780545307710,,"Scholastic Inc.; Scholastic",2011,"New York",eBook;Book,"Book::Carmichael Children's Area: MOVING UP Stilton, G. - On Shelf,Book::McKinley Children's Area: MOVING UP Stilton, G. - In Transit,Book::Southgate Children's Area: MOVING UP Stilton, G. - In Transit"
https://catalog.saclibrary.org/GroupedWork/b1d4efb6-21c8-72f5-2ce7-ebd1cc88169f-eng,"Attack on Titan: adventure. Year 850 : last stand at Wall Rose","Fujinami, Tomoyuki, 1967-",9781632364159,,"Kodansha Comics",2017,"New York",Book,"Book::South Natomas Teen Area: TEEN FICTION Fujinami, T. - On Shelf"
https://catalog.saclibrary.org/GroupedWork/9ff0020e-d903-87a6-2240-345e46e37b4f-eng,"Black water: journal of an adventure through time and space","MacHale, D. J",9781416957799,,"Aladdin Paperbacks",2004,"New York",Book,"Book::Colonial Heights Children's Area: CHILDREN FICTION MacHale, D. - Checked Out,Book::Galt Children's Area: CHILDREN FICTION MacHale, D. - On Shelf,Book::McKinley Children's Area: CHILDREN FICTION MacHale, D. - On Shelf"
https://catalog.saclibrary.org/GroupedWork/c7c81dcd-cd40-388e-8701-c011dcd29677-eng,"Jojo's bizarre adventure: Part 5, Golden wind. 5","Araki, Hirohiko, 1960-",9781974724130,,"VIZ Media, LLC",2022,"San Francisco, CA","Graphic Novel/Manga","Graphic Novel/Manga::Central Teen Area - 3rd Floor: TEEN MANGA Jojo's Bizarre pt.5 v.5 - On Shelf,Graphic Novel/Manga::Elk Grove Teen Area: TEEN MANGA Jojo's Bizarre pt.5 v.5 - Checked Out,Graphic Novel/Manga::Fair Oaks Teen Area: TEEN MANGA Jojo's Bizarre pt.5 v.5 - On Shelf"
https://catalog.saclibrary.org/GroupedWork/39a4c3a4-993b-4834-3b70-33ec41263a09-eng,"Every day's an adventure","Manushkin, Fran",9781479552115,,"Picture Window Books, a Capstone imprint",2014,"North Mankato, MN","Easy Reader","Easy Reader::Carmichael Children's Area: EASY READER 2 Manushkin, F. - Checked Out,Easy Reader::Elk Grove Kids' Place: EASY READER 2 Manushkin, F. - On Shelf,Easy Reader::Franklin Children's: EASY READER 2 Manushkin, F. - Checked Out"
https://catalog.saclibrary.org/GroupedWork/c3ec6554-37c9-ed5d-c71a-1e9c5076ddfd-eng,"The big adventure","Ellis, Elina",9781499801095,,"Little Bee Books",2015,"New York, New York","Picture Book","Picture Book::Central Kids Place - Lower Level: PICTURE BOOK Ellis, E. - On Shelf,Picture Book::Fair Oaks Children's Area: PICTURE BOOK Ellis, E. - Checked Out,Picture Book::Rio Linda Children's Area: PICTURE BOOK Ellis, E. - On Shelf"
https://catalog.saclibrary.org/GroupedWork/f3e6dc74-1281-966a-bc71-332cfd9ff62e-eng,"Ten pigs: an epic bath adventure","Anderson, Derek, 1969-2024",9780545168465,,"Scholastic Inc.; Orchard Books, an imprint of Scholastic Inc",2015,"New York","Picture Book;eBook","Picture Book::Rancho Children's Area: PICTURE BOOK Anderson, D. - On Shelf"
https://catalog.saclibrary.org/GroupedWork/34890aaa-9e1f-d065-519c-4f452c6e30eb-eng,"Ellie's crayon adventure","Glenn Marsh, Sarah",9780762475056,,"RP Kids",2022,Philadelphia,"Picture Book","Picture Book::Carmichael Children's Area: PICTURE BOOK Marsh, S. - Checked Out,Picture Book::Central Kids Place - Lower Level: PICTURE BOOK Marsh, S. - On Shelf,Picture Book::Fair Oaks Children's Area: PICTURE BOOK Marsh, S. - Checked Out"
https://catalog.saclibrary.org/GroupedWork/e6db71a3-e3ec-511a-b6ce-52cc7a029e6c-eng,"Unicornado: another Phoebe and her unicorn adventure","Simpson, Dana, 1977-",9781524875565,,"Andrews McMeel; Andrews McMeel Publishing",2022,"Kansas City, Missouri","Graphic Novel/Manga;eComic","Graphic Novel/Manga::Elk Grove Kids' Place: CHILDREN GRAPHIC NOVEL Phoebe v.16 - Checked Out,Graphic Novel/Manga::North Natomas Children's Area: CHILDREN GRAPHIC NOVEL Phoebe v.16 - Checked Out,Graphic Novel/Manga::Pocket-Greenhaven Kids' Place: CHILDREN GRAPHIC NOVEL Phoebe v.16 - On Hold Shelf"
https://catalog.saclibrary.org/GroupedWork/9d602508-cffe-851b-1331-334992aa041e-eng,"Lady of devices: a steampunk adventure novel","Adina, Shelley",9781463549992,,"[CreateSpace]; Moonshell Books, Inc.","2011 - 2013","[Charleston, S.C.]",eAudiobook;Book,"Book::Carmichael: SCIENCE FICTION Adina, S. - On Shelf,Book::Central: SCIENCE FICTION Adina, S. - On Shelf"
https://catalog.saclibrary.org/GroupedWork/354afc87-8ca5-54ec-63f4-2c58aa874cc0-eng,"The adventures of Robin Hood","Punter, Russell",9780794540968,,"Usborne Publishing Ltd",2017,"London, England",Book,
https://catalog.saclibrary.org/GroupedWork/c0621846-d742-7b38-993c-9bac38df540d-eng,"Ratty's big adventure","Hawthorne, Lara",9781536226706,,"Big Picture Press",2022,"Somerville, Massachusetts","Picture Book","Picture Book::Carmichael Children's Area: PICTURE BOOK Hawthorne, L. - On Shelf,Picture Book::Central Kids Place - Lower Level: PICTURE BOOK Hawthorne, L. - On Shelf,Picture Book::Franklin Children's: PICTURE BOOK Hawthorne, L. - On Shelf"
https://catalog.saclibrary.org/GroupedWork/01bd643c-ab67-7501-4065-6b7c7c9698fa-eng,"One piece: Vol. 26, [Skypiea. Part 3], Adventure on Kami's Island","Oda, Eiichirō, 1975-",9781421534428,,"Viz Media",2010,"San Francisco, Calif","Graphic Novel/Manga","Graphic Novel/Manga::Central Teen Area - 3rd Floor: TEEN MANGA One Piece v.26 - On Hold Shelf,Graphic Novel/Manga::Orangevale: TEEN MANGA One Piece v.26 - On Shelf,Graphic Novel/Manga::Sacramento Public Library Storage: TEEN MANGA One Piece v.26 - On Hold Shelf"
https://catalog.saclibrary.org/GroupedWork/71d796b9-8693-64cf-516c-33b103c66ddf-eng,"In search of superpowers: a fantasy pin world adventure","Lawrence, Briana",9781524880712,,"Andrew McMeel Publishing",2024,"Kansas City, Missouri",Book,"Book::Carmichael Children's Area: CHILDREN FICTION Lawrence, B. - On Shelf,Book::Colonial Heights Children's Area: CHILDREN FICTION Lawrence, B. - On Shelf,Book::Belle Cooledge Children's Area: CHILDREN FICTION Lawrence, B. - Checked Out"
https://catalog.saclibrary.org/GroupedWork/81cdd7f2-8889-9402-4b0e-458facc64fe7-eng,"Tales from the Arabian nights: stories of adventure, magic, love, and betrayal","Napoli, Donna Jo, 1948-",9781426325410,,"Recorded Books, Inc.; National Geographic; Disney Book Group; Disney - RHCB",2016,"Washington, DC",eAudiobook;eBook;Book,"Book::Arden-Dimick Children's Area: OVERSIZE CHILDREN 398.2 N216 2016 - Checked Out,Book::Carmichael Children's Area: OVERSIZE CHILDREN 398.2 N216 2016 - On Shelf,Book::Belle Cooledge Children's Area: OVERSIZE CHILDREN 398.2 N216 2016 - On Shelf"
https://catalog.saclibrary.org/GroupedWork/acfebac5-5fda-1bb8-0198-46805d0e20b3-eng,"Take it away, Tommy!: a Breaking Cat News adventure","Dunn, Georgia",9781524858186,,"Andrews McMeel Publishing",2020,Kansas,"Graphic Novel/Manga","Graphic Novel/Manga::Carmichael Children's Area: CHILDREN GRAPHIC NOVEL Breaking Cat - Checked Out,Graphic Novel/Manga::Central Kids Place - Lower Level: CHILDREN GRAPHIC NOVEL Breaking Cat - Checked Out,Graphic Novel/Manga::Pocket-Greenhaven Kids' Place: CHILDREN GRAPHIC NOVEL Breaking Cat - On Shelf"
https://catalog.saclibrary.org/GroupedWork/8e01c6fe-1914-a95c-94dd-16119471e49c-eng,"Cast away on the letter A: a Philémon adventure : a toon graphic","Fred, 1931-",9781935179634,,"TOON Books, an imprint of Candlewick Press",2014,"New York, NY","Graphic Novel/Manga","Graphic Novel/Manga::Central Kids Place - Lower Level: CHILDREN GRAPHIC NOVEL Fred - On Shelf,Graphic Novel/Manga::Orangevale: CHILDREN GRAPHIC NOVEL Fred - On Shelf,Graphic Novel/Manga::Sutter County Main Branch Children's Area: CHILDREN GRAPHIC NOVEL Fred - On Shelf"
https://catalog.saclibrary.org/GroupedWork/206048cc-eb3e-9f96-8bbc-1c0460c87acc-eng,"Biking with Grandma: a ""wish you were here"" adventure","Santella, Chris",9781419748042,,"Abrams Books for Young Readers",2022,"New York","Picture Book","Picture Book::Arcade Children's Area: PICTURE BOOK Santella, C. - On Shelf,Picture Book::Central Kids Place - Lower Level: PICTURE BOOK Santella, C. - On Shelf,Picture Book::Rio Linda Children's Area: PICTURE BOOK Santella, C. - On Shelf"
https://catalog.saclibrary.org/GroupedWork/91fd2fd4-5385-1467-3aec-8ec0a2d97636-eng,"Punk rock unicorn: another Phoebe and her unicorn adventure","Simpson, Dana, 1977-",9781524879228,,"Andrews McMeel; Andrews McMeel Publishing",2023,"Kansas City, Missouri","Graphic Novel/Manga;eComic","Graphic Novel/Manga::Carmichael Children's Area: CHILDREN GRAPHIC NOVEL Phoebe v.17 - Checked Out,Graphic Novel/Manga::Franklin Children's: CHILDREN GRAPHIC NOVEL Phoebe v.17 - Checked Out,Graphic Novel/Manga::South Natomas Children's Area: CHILDREN GRAPHIC NOVEL Phoebe v.17 - Checked Out"
https://catalog.saclibrary.org/GroupedWork/b3265bdd-e085-dbf6-f981-431d72ebb1d4-eng,"The number devil: a mathematical adventure","Enzensberger, Hans Magnus",9780805062991,,"Henry Holt",1998,"New York",Book,"Book::Central Kids Place - Lower Level: CHILDREN FICTION Enzensberger, H. - Checked Out,Book::Elk Grove Kids' Place: CHILDREN FICTION Enzensberger, H. - On Shelf"
https://catalog.saclibrary.org/GroupedWork/64e2bf47-8a90-36ed-460e-e351706c45f1-eng,"The adventures of Tom Sawyer","Woodside, Martin",9781402712166,,"Sterling Pub",2005,"New York",Book,
https://catalog.saclibrary.org/GroupedWork/b5f21326-d6fa-8ebe-8e5f-1325abb8ad54-eng,"JoJo's bizarre adventure: Part 6 Stone ocean. 1","Araki, Hirohiko, 1960-",9781974732661,,"VIZ Media, LLC",2023,"San Francisco, CA","Graphic Novel/Manga","Graphic Novel/Manga::Valley Hi-North Laguna Teen Area: TEEN MANGA JoJo's Bizarre pt.6 v.1 - On Shelf,Graphic Novel/Manga::Sacramento Public Library Storage: TEEN MANGA JoJo's Bizarre pt.6 v.1 - On Shelf"
https://catalog.saclibrary.org/GroupedWork/bf3cbd3a-23ca-4ed7-0707-85447ed47f1d-eng,"Gargoyle Hall: an Araminta Spookie adventure","Sage, Angie",9781619636262,,Bloomsbury,2015,"New York",Book,"Book::Belle Cooledge Children's Area: CHILDREN FICTION Sage, A. - On Shelf,Book::Elk Grove Kids' Place: CHILDREN FICTION Sage, A. - On Shelf,Book::Rancho Children's Area: CHILDREN FICTION Sage, A. - On Shelf"
https://catalog.saclibrary.org/GroupedWork/980ec1e1-3b9b-cc6a-052c-2ced3d12d91c-eng,"Unicorn time machine: another Phoebe and her unicorn adventure","Simpson, Dana, 1977-",9781524890445,,"Andrews McMeel Publishing",2024,"Kansas City, Missouri","Graphic Novel/Manga","Graphic Novel/Manga::Carmichael Children's Area: CHILDREN GRAPHIC NOVEL Phoebe v.20 - Checked Out,Graphic Novel/Manga::Central Kids Place - Lower Level: CHILDREN GRAPHIC NOVEL Phoebe v.20 - On Shelf,Graphic Novel/Manga::Courtland Children's Area: CHILDREN GRAPHIC NOVEL Phoebe v.20 - On Shelf"
https://catalog.saclibrary.org/GroupedWork/4c9e2756-f7fa-f2f8-5aaa-2beca3030cba-eng,"Sir Cumference and the off-the-charts dessert: a math adventure","Neuschwander, Cindy",9781570911989,,Charlesbridge,2013,"Watertown, Mass",Book,"Book::Belle Cooledge Children's Area: CHILDREN 511.5 N495 2013 - In Transit,Book::Pocket-Greenhaven Kids' Place: CHILDREN 511.5 N495 2013 - Checked Out,Book::Sylvan Oaks Children's Area: CHILDREN 511.5 N495 2013 - On Shelf"
https://catalog.saclibrary.org/GroupedWork/e54f9850-bea1-291e-b37f-385907445ab9-eng,"Road trip!: a Whiskers Hollow adventure","Light, Steve",9781536209471,,"Candlewick Press",2021,"Somerville, Massachusetts","Picture Book","Picture Book::Arcade Children's Area: PICTURE BOOK Light, S. - On Shelf,Picture Book::Carmichael Children's Area: PICTURE BOOK Light, S. - In Transit,Picture Book::Central Kids Place - Lower Level: PICTURE BOOK Light, S. - On Shelf"
https://catalog.saclibrary.org/GroupedWork/989d9518-09e3-8679-4a52-c5f46feb99be-eng,"Super Potato's middle ages adventure","Laperla (Artist)",9781728459530,,"Graphic Universe",2023,Minneapolis,"Graphic Novel/Manga","Graphic Novel/Manga::Carmichael Children's Area: CHILDREN GRAPHIC NOVEL Super Potato v.10 - On Shelf,Graphic Novel/Manga::Central Kids Place - Lower Level: CHILDREN GRAPHIC NOVEL Super Potato v.10 - On Shelf,Graphic Novel/Manga::Belle Cooledge Children's Area: CHILDREN GRAPHIC NOVEL Super Potato v.10 - On Shelf"
https://catalog.saclibrary.org/GroupedWork/14639c96-ffe5-bdab-d121-a1096a44ee91-eng,"Con Pollo: a bilingual playtime adventure","Fallon, Jimmy",9781250830418,,"Feiwel and Ffriends",2022,"New York","Picture Book","Picture Book::Central Kids Place - Lower Level: PICTURE BOOK Fallon, J. - On Shelf,Picture Book::Colonial Heights Children's Area: PICTURE BOOK Fallon, J. - Checked Out,Picture Book::Franklin Children's: PICTURE BOOK Fallon, J. - Checked Out"
https://catalog.saclibrary.org/GroupedWork/d513f737-348b-e644-78e4-2fb1320ea602-eng,"The Eid al-Adha adventure","Oxley, Jennifer",9780763699321,,"Candlewick Entertainment",2017,"Somerville, Massachusetts","Picture Book","Picture Book::Carmichael Children's Area: PICTURE BOOK Oxley, J. - On Shelf,Picture Book::Colonial Heights Children's Area: PICTURE BOOK Oxley, J. - On Shelf,Picture Book::Franklin Children's: PICTURE BOOK Oxley, J. - In Transit"
https://catalog.saclibrary.org/GroupedWork/e7c9ea1b-64d7-1031-2a13-189ede8f7fdc-eng,"Unicorn bowling: another Phoebe and her unicorn adventure","Simpson, Dana, 1977-",9780876173275,,"Andrew McMeel Publishing",2019,"Kansas City, Missouri","Graphic Novel/Manga","Graphic Novel/Manga::Carmichael Children's Area: CHILDREN GRAPHIC NOVEL Phoebe v.9 - Checked Out,Graphic Novel/Manga::Central Kids Place - Lower Level: CHILDREN GRAPHIC NOVEL Phoebe v.9 - On Shelf,Graphic Novel/Manga::Elk Grove Kids' Place: CHILDREN GRAPHIC NOVEL Phoebe v.9 - Checked Out"
https://catalog.saclibrary.org/GroupedWork/62903a45-d4cc-96db-291d-59341f074755-eng,"Supranormal: a Billy Buckhorn supernatural adventure","Robinson, Gary, 1950-",9781939053121,,"7th Generation",2015,"Summertown, Tennessee",Book,"Book::Carmichael Teen Area: TEEN FICTION Robinson, G. - On Shelf,Book::Central Teen Area - 3rd Floor: TEEN FICTION Robinson, G. - On Shelf,Book::Elk Grove Teen Area: TEEN FICTION Robinson, G. - On Shelf"
https://catalog.saclibrary.org/GroupedWork/c823abf4-b56a-1f87-076a-3f16f28beda6-eng,"The wildlife divas adventure team: Saving the Endangered Mountain Gorilla","Randolph, Lisa M",9781637307113,,"New Degree Press",2021,"United States",eBook;Book,"Book::Central Kids Place - Lower Level: CHILDREN FICTION Randolph, L. - On Shelf,Book::Belle Cooledge Children's Area: CHILDREN FICTION Randolph, L. - On Shelf,Book::North Natomas Children's Area: CHILDREN FICTION Randolph, L. - On Shelf"
https://catalog.saclibrary.org/GroupedWork/0980562d-6c3e-0e22-48e7-5f7064037928-eng,"Unicorn crush: another Phoebe and her unicorn adventure","Simpson, Dana, 1977-",9781524887513,,"Andrews McMeel Publishing",2024,"Kansas City, Missouri","Graphic Novel/Manga","Graphic Novel/Manga::Carmichael Children's Area: CHILDREN GRAPHIC NOVEL Phoebe v.19 - Checked Out,Graphic Novel/Manga::Central Kids Place - Lower Level: CHILDREN GRAPHIC NOVEL Phoebe v.19 - On Shelf,Graphic Novel/Manga::Belle Cooledge Children's Area: CHILDREN GRAPHIC NOVEL Phoebe v.19 - Checked Out"
https://catalog.saclibrary.org/GroupedWork/1b02e856-da0f-4961-18bf-36e0d897f99a-eng,"How to catch a garden fairy: a springtime adventure","Walstead, Alice",9781728263205,,"Sourcebooks Wonderland",2023,"Naperville, Illinois","Picture Book","Picture Book::Carmichael Children's Area: PICTURE BOOK Walstead, A. - Checked Out,Picture Book::Central Kids Place - Lower Level: PICTURE BOOK Walstead, A. - Checked Out,Picture Book::Elk Grove Kids' Place: PICTURE BOOK Walstead, A. - Checked Out"
https://catalog.saclibrary.org/GroupedWork/a74f53a2-cdca-d843-44ae-bef501184807-eng,"Peter and Lotta's adventure","Beskow, Elsa, 1874-1953",9781782503033,,"Floris Books",2016,Edinburgh,"Picture Book","Picture Book::Carmichael Children's Area: PICTURE BOOK Beskow, E. - On Shelf,Picture Book::Belle Cooledge Children's Area: PICTURE BOOK Beskow, E. - Checked Out,Picture Book::Orangevale: PICTURE BOOK Beskow, E. - OFF CAMPUS"
https://catalog.saclibrary.org/GroupedWork/9d87081c-0435-6e1f-0bca-1b65410a390a-eng,"Power of flight: a pick-your-path adventure","Khan, Hena",9780593224854,,"Penguin Workshop",2022,"New York",Book,"Book::Arcade Children's Area: CHILDREN FICTION Khan, H. - On Shelf,Book::Central Kids Place - Lower Level: CHILDREN FICTION Khan, H. - On Shelf,Book::Elk Grove Kids' Place: CHILDREN FICTION Khan, H. - On Shelf"
https://catalog.saclibrary.org/GroupedWork/67c8a93e-8a31-996a-e11a-1b3de7172be6-eng,"Star Wars moving target: a Princess Leia adventure","Castellucci, Cecil, 1969-",9781484724972,,"Disney Lucasfilm Press",2015,"Los Angeles",Book,"Book::Belle Cooledge Children's Area: CHILDREN FICTION Star Wars - On Shelf,Book::Rio Linda Children's Area: CHILDREN FICTION Star Wars - On Shelf,Book::Valley Hi-North Laguna Children's Area: CHILDREN FICTION Star Wars - On Shelf"
https://catalog.saclibrary.org/GroupedWork/5c009a40-05df-8415-a881-5b2b0f30c464-eng,"Super Potato's mega time-travel adventure","Laperla (Artist)",9781541572874,,"Graphic Universe, a division of Lerner Publlishing Group, Inc",2019,"Minneapolis, MN","Graphic Novel/Manga","Graphic Novel/Manga::Carmichael Children's Area: CHILDREN GRAPHIC NOVEL Super Potato v.3 - On Shelf,Graphic Novel/Manga::North Natomas Children's Area: CHILDREN GRAPHIC NOVEL Super Potato v.3 - On Shelf,Graphic Novel/Manga::Walnut Grove Children's Area: CHILDREN GRAPHIC NOVEL Super Potato v.3 - On Shelf"
https://catalog.saclibrary.org/GroupedWork/8a0d82e2-0d1d-a72c-2a2f-3a0373e55f66-eng,"Big Dog and Little Dog: tales of adventure","Pilkey, Dav, 1966-",9781328577443,,"Houghton Mifflin Harcourt",2019,"New York","Easy Reader","Easy Reader::Colonial Heights Children's Area: EASY READER 1 Pilkey, D. - On Shelf,Easy Reader::Belle Cooledge Children's Area: EASY READER 1 Pilkey, D. - Checked Out,Easy Reader::Elk Grove Kids' Place: EASY READER 1 Pilkey, D. - Checked Out"
https://catalog.saclibrary.org/GroupedWork/3291d52c-c349-259b-02d3-dfd3709a8b54-eng,"Juno Valentine and the fantastic fashion adventure","Chen, Eva, 1980-",9781250297303,,"Macmillan Audio; Feiwel and Friends,an imprint of Macmillan Publishing Group",2019,"New York, NY","Picture Book;eAudiobook","Picture Book::South Natomas Children's Area: PICTURE BOOK Chen, E. - Checked Out,Picture Book::Pocket-Greenhaven Kids' Place: PICTURE BOOK Chen, E. - Checked Out,Picture Book::Rancho Children's Area: PICTURE BOOK Chen, E. - On Shelf"
https://catalog.saclibrary.org/GroupedWork/18db7290-c076-ae50-6a22-7e82019e7b4f-eng,"One piece: Vol. 46, Water Seven. Part 15. Thriller Bark. Part 1, Adventure on Ghost Island","Oda, Eiichirō, 1975-",9780329760069,,"VIZ Media",2010,"San Francisco","Graphic Novel/Manga","Graphic Novel/Manga::South Natomas Teen Area: TEEN MANGA One Piece v.46 - Checked Out,Graphic Novel/Manga::Pocket-Greenhaven Teen Area: TEEN MANGA One Piece v.46 - On Shelf,Graphic Novel/Manga::Valley Hi-North Laguna Teen Area: TEEN MANGA One Piece v.46 - In Transit"
https://catalog.saclibrary.org/GroupedWork/50d879ff-a73c-8838-7576-ab3145fa4985-eng,"Isabel's school adventure: Journey to Crystal Caverns","Miller, Sara (Sara F.)",9781518226502,,"Disney Press",2017,"Los Angeles","Easy Reader","Easy Reader::Arcade Children's Area: EASY READER 2 Disney - On Shelf,Easy Reader::Carmichael Children's Area: EASY READER 2 Disney - Checked Out,Easy Reader::Elk Grove Kids' Place: EASY READER 2 Disney - Checked Out"
https://catalog.saclibrary.org/GroupedWork/a789a3e8-958d-1578-e567-b3cbc62cf1a0-eng,"Dragon quest: The adventure of Dai, 6. Dragon Knight I","Sanjo, Riku",9781974762439,,"VIZ Media, LLC",2026,"San Francisco, CA","Graphic Novel/Manga","Graphic Novel/Manga::Carmichael Children's Area: CHILDREN MANGA Dragon Quest v.6 - Checked Out,Graphic Novel/Manga::Central Kids Place - Lower Level: CHILDREN MANGA Dragon Quest v.6 - On Shelf,Graphic Novel/Manga::Franklin Children's: CHILDREN MANGA Dragon Quest v.6 - Checked Out"
https://catalog.saclibrary.org/GroupedWork/35f27667-67f6-fa6b-99be-9882b6e5a1bc-eng,"The adventures of Mr. Toad from The wind in the willows","Grahame, Kenneth, 1859-1932",9780763605810,,"Candlewick Press",1998,"Cambridge, Mass",Book,
https://catalog.saclibrary.org/GroupedWork/9b57e390-c7ee-c020-4fa5-91a110ac3d87-eng,"The adventures of King Arthur","Punter, Russell",9781474922029,,[Usborne],2017,[London],Book,
https://catalog.saclibrary.org/GroupedWork/169f400a-bb84-578f-59e6-f78a4d973c5f-eng,"Monkey and elephant and the babysitting adventure","Schaefer, Carole Lexa",9780763665357,,"Candlewick Press",2016,"Somerville, Massachusetts","Easy Reader","Easy Reader::Carmichael Children's Area: EASY READER 2 Schaefer, C. - On Shelf,Easy Reader::Courtland Children's Area: EASY READER 2 Schaefer, C. - On Shelf,Easy Reader::Del Paso Heights Children's Area: EASY READER 2 Schaefer, C. - On Shelf"
https://catalog.saclibrary.org/GroupedWork/21b68413-f51a-82a3-5e62-5e76349f25e9-eng,"Pokemon adventures XY: Volume four","Kusaka, Hidenori",9781974729975,,"VIZ Media, LLC",2023,"San Francisco, CA","Graphic Novel/Manga","Graphic Novel/Manga::Central Kids Place - Lower Level: CHILDREN MANGA Pokemon Adventures v.4 - Checked Out,Graphic Novel/Manga::Courtland Children's Area: CHILDREN MANGA Pokemon Adventures v.4 - On Shelf,Graphic Novel/Manga::Elk Grove Kids' Place: CHILDREN MANGA Pokemon Adventures v.4 - Checked Out"
https://catalog.saclibrary.org/GroupedWork/be4115ca-8b28-4c25-f3bb-b12484eccb61-eng,"Heroes wear masks: Elmo's super adventure","Jane, Lillian",9781728236599,760789306259,"Sourcebooks Wonderland",2020,"Naperville, Illinois","Picture Book","Picture Book::Carmichael Children's Area: PICTURE BOOK Sesame Street - Checked Out,Picture Book::Central Kids Place - Lower Level: PICTURE BOOK Sesame Street - On Shelf,Picture Book::Colonial Heights Children's Area: PICTURE BOOK Sesame Street - On Shelf"
https://catalog.saclibrary.org/GroupedWork/bf860b95-255e-4930-31d8-c156a8ba7ea9-eng,"The adventures of Tintin: Volume 2","Hergé, 1907-1983",9780316359429,,"Little Brown",1993,Boston,"Graphic Novel/Manga","Graphic Novel/Manga::Pocket-Greenhaven Kids' Place: CHILDREN GRAPHIC NOVEL Tintin v.2 - Checked Out,Graphic Novel/Manga::Rio Linda Children's Area: CHILDREN GRAPHIC NOVEL Tintin v.2 - Checked Out,Graphic Novel/Manga::Princeton Branch Library Juvenile Collection: J Fic - On Shelf"
https://catalog.saclibrary.org/GroupedWork/ccfb4c98-d383-276d-d831-90476f3d3d4f-eng,"Peppa Pig and the Earth Day adventure",,9781536218985,,"Candlewick Entertainment",2021,"Somerville, Massachusetts","Picture Book","Picture Book::Arcade Children's Area: PICTURE BOOK Peppa - On Shelf,Picture Book::Central Kids Place - Lower Level: PICTURE BOOK Peppa - On Shelf"
https://catalog.saclibrary.org/GroupedWork/9fe70322-d52c-c826-2ec5-521cb9696181-eng,"Fairy Felicity's moonlight adventure","Murray, Alison (Illustrator)",9780763689452,,"Nosy Crow",2016,London,"Picture Book","Picture Book::Central Kids Place - Lower Level: PICTURE BOOK Murray, A. - On Shelf,Picture Book::Woodland Public Library Children's Area: PICTURE BOOK CELEBRATIONS Mur - On Shelf"
https://catalog.saclibrary.org/GroupedWork/9e3ddaa7-00d4-b424-02e5-e44555570e70-eng,"Camping with unicorns: another Phoebe and her unicorn adventure","Simpson, Dana, 1977-",9781524855581,,"Andrews McMeel Publishing",2020,"Kansas City, Missouri","Graphic Novel/Manga","Graphic Novel/Manga::Central Kids Place - Lower Level: CHILDREN GRAPHIC NOVEL Phoebe v.11 - Checked Out,Graphic Novel/Manga::Belle Cooledge Children's Area: CHILDREN GRAPHIC NOVEL Phoebe v.11 - On Shelf,Graphic Novel/Manga::Elk Grove Kids' Place: CHILDREN GRAPHIC NOVEL Phoebe v.11 - Checked Out"
https://catalog.saclibrary.org/GroupedWork/86d3f02d-c823-033f-e68e-a193555da81f-eng,"Peng!: action sports adventure","Lewis, Corey Sutherland",9781620107577,,"ONI-Lion Forge Publishing Group, LLC",2020,"Portland, OR","Graphic Novel/Manga","Graphic Novel/Manga::Elk Grove Teen Area: TEEN GRAPHIC NOVEL Lewis, C. - On Shelf,Graphic Novel/Manga::McKinley Children's Area: TEEN GRAPHIC NOVEL Lewis, C. - On Shelf,Graphic Novel/Manga::Valley Hi-North Laguna Teen Area: TEEN GRAPHIC NOVEL Lewis, C. - On Shelf"
https://catalog.saclibrary.org/GroupedWork/2511c88c-4755-9cc0-6a8e-46e0de6c77cd-eng,"Warthog: [a counting adventure]","Black, Birdie",9780763693237,,"Nosy Crow",2017,"Somerville, Massachusetts","Picture Book","Picture Book::Carmichael Children's Area: PICTURE BOOK Black, B. - Checked Out,Picture Book::Galt Children's Area: PICTURE BOOK Black, B. - On Shelf"
https://catalog.saclibrary.org/GroupedWork/3c4bbbe8-04a1-b862-f1c4-3510d1ee63df-eng,"Diary of a Minecraft zombie: Book 17, Zombie's excellent adventure","Zombie, Zack (Fictitious character)",9781725467606,,"Zack Zombie Publishing LLC",2015,"[United States]",Book,"Book::Central Kids Place - Lower Level: CHILDREN FICTION Minecraft bk.17 - On Shelf,Book::Elk Grove Kids' Place: CHILDREN FICTION Minecraft bk.17 - Checked Out,Book::Sacramento Public Library Storage: CHILDREN FICTION Minecraft bk.17 - On Shelf"
https://catalog.saclibrary.org/GroupedWork/32e682a2-a56f-4540-0a18-66a1d3e5d203-eng,"JoJo's bizarre adventure: Part 4, Diamond is unbreakable. 9","Araki, Hirohiko, 1960-",9781974708154,,"Viz Media, LLC",2021,"San Francisco, CA","Graphic Novel/Manga","Graphic Novel/Manga::Central Teen Area - 3rd Floor: TEEN MANGA JoJo's Bizarre pt.4 v.9 - On Shelf,Graphic Novel/Manga::Sutter County Main Branch Teen Area: TEEN MANGA Jojo's Bizarre v.9 - On Shelf"
https://catalog.saclibrary.org/GroupedWork/199124c3-7364-f6a6-9e5f-542a7fc9aacc-eng,"Ming's adventure with the Terracotta Army","Li, Jian (Art teacher)",9781602209831,,"Better Link Press",2014,"New York, NY","Picture Book","Picture Book::Sylvan Oaks Children's Area: PICTURE BOOK Li, J. - On Shelf,Picture Book::Sutter County Main Branch Children's Area: CHINESE CHILDREN PICTURE BOOK Li, J. - On Shelf,Picture Book::Woodland Public Library Children's Area: PICTURE BOOK STORIES Jia - On Shelf"
https://catalog.saclibrary.org/GroupedWork/e1bd9c3b-720e-9ade-8ceb-0b8008721b6f-eng,"Emma's awesome summer camp adventure","Webb, Amy, 1977-",9781506483399,,"Beaming Books",2024,Minneapolis,"Picture Book","Picture Book::Elk Grove Kids' Place: PICTURE BOOK Webb, A. - On Shelf,Picture Book::Fair Oaks Children's Area: PICTURE BOOK Webb, A. - On Shelf,Picture Book::North Sacramento-Hagginwood Children's Area: PICTURE BOOK Webb, A. - On Shelf"
https://catalog.saclibrary.org/GroupedWork/c70aadec-0445-6d83-1c6c-d6a21da43051-eng,"Sleeping beauty: an interactive fairy tale adventure","Gunderson, Jessica",9781543530063,,"Capstone Press, an imprint of Capstone",2019,"North Mankato, Minnesota",Book,"Book::Carmichael Children's Area: CHILDREN FICTION Gunderson, J. - On Shelf,Book::South Natomas Children's Area: CHILDREN FICTION Gunderson, J. - On Shelf,Book::Rancho Children's Area: CHILDREN FICTION Gunderson, J. - On Shelf"
https://catalog.saclibrary.org/GroupedWork/42dc808a-7705-60d7-a2f7-4bca505ba967-eng,"Thump, quack, moo: a whacky adventure","Cronin, Doreen",9781416916307,,"Atheneum Books for Young Readers",2008,"New York","Picture Book","Picture Book::Central Kids Place - Lower Level: PICTURE BOOK Cronin, D. - On Shelf,Picture Book::McKinley Children's Area: PICTURE BOOK Cronin, D. - Checked Out,Picture Book::Arbuckle Branch Library Children's Collection: E - On Shelf"
https://catalog.saclibrary.org/GroupedWork/ddae171d-c344-11f8-e046-1a13b46e2b62-eng,"Unicorn Christmas: a sparkly holiday adventure","Murray, Diana",9781728244761,,"Sourcebooks Jabberwocky",2022,"Naperville, Illinois","Picture Book","Picture Book::Carmichael Children's Area: PICTURE BOOK Murray, D. - On Shelf,Picture Book::Central Kids Place - Lower Level: PICTURE BOOK Murray, D. - On Shelf,Picture Book::McClatchy Children's Area: PICTURE BOOK Murray, D. - On Shelf"
https://catalog.saclibrary.org/GroupedWork/b048a212-2e3d-47d5-3236-5a69b3f762bf-eng,"The Penguin's arctic adventure","Lemke, Donald B",9781480681026,,"HarperFestival, an imprint of HarperCollins Publishers",2015,"New York","Picture Book","Picture Book::Carmichael Children's Area: PICTURE BOOK Batman - On Shelf,Picture Book::Central Kids Place - Lower Level: PICTURE BOOK Batman - On Shelf"
https://catalog.saclibrary.org/GroupedWork/756cf360-41c4-f958-8ca3-e71e2d5d9399-eng,"Attack of the shadow-crafters: an unofficial minecrafter's adventure","Cheverton, Mark",9781518235504,,"Sky Pony Press",2016,"New York",Book,"Book::Arcade Children's Area: CHILDREN FICTION Minecraft - On Shelf,Book::Central Kids Place - Lower Level: CHILDREN FICTION Minecraft - On Shelf,Book::Del Paso Heights Children's Area: CHILDREN FICTION Minecraft - On Shelf"
https://catalog.saclibrary.org/GroupedWork/0707800c-ac60-5cca-3c22-094b6c15f5b8-eng,"What about an elephant?: a fact-filled savanna adventure","Kerbel, Deborah",9781771476188,,"Owlkids Books",2025,"Toronto, ON",Book,"Book::Carmichael Children's Area: CHILDREN 599.67 K392 2025 - On Shelf,Book::Central Kids Place - Lower Level: CHILDREN 599.67 K392 2025 - On Shelf,Book::Galt Children's Area: CHILDREN 599.67 K392 2025 - On Shelf"
https://catalog.saclibrary.org/GroupedWork/c09e178c-7d35-4792-31cd-dafeb4432ca8-eng,"Necks out for adventure !: the true story of Edwin Wiggleskin","Ering, Timothy B",9780763623555,,"Candlewick Press",2008,"Cambridge, MA","Picture Book","Picture Book::Franklin Children's: PICTURE BOOK Ering, T. - On Shelf"
https://catalog.saclibrary.org/GroupedWork/57027d97-f111-8336-1c60-4a5fb7fc3279-eng,"Badness for beginners: a Little Wolf and Smellybreff adventure","Whybrow, Ian",9781575058610,,"Carolrhoda Books",2005,"Minneapolis, Minn","Picture Book","Picture Book::Arcade Children's Area: PICTURE BOOK Whybrown, I - On Shelf,Picture Book::South Natomas Children's Area: PICTURE BOOK Whybrown, I - On Shelf"
https://catalog.saclibrary.org/GroupedWork/69493ddb-6f0e-e753-e2e7-dc9aa20be354-eng,"Twilight robbery: a shadow jumper mystery adventure","Forster, J. M. (Julia M.)",9780993070969,,"Scribblepad Press",2021,"Monee, IL",Book,"Book::Del Paso Heights Children's Area: CHILDREN FICTION Forster, J. - Checked Out,Book::Elk Grove Kids' Place: CHILDREN FICTION Forster, J. - Checked Out,Book::Orangevale: CHILDREN FICTION Forster, J. - On Shelf"
https://catalog.saclibrary.org/GroupedWork/634df7f3-4e67-1e13-12dc-3045d8e22888-eng,"Travel guide for monsters part deux: a Canadian adventure","Degman, Lori",9781534111875,,"Sleeping Bear Press",2023,"Ann Arbor, MI","Picture Book;eBook","Picture Book::Central Kids Place - Lower Level: PICTURE BOOK Degman, L. - On Shelf,Picture Book::Fair Oaks Children's Area: PICTURE BOOK Degman, L. - On Shelf,Picture Book::Franklin Children's: PICTURE BOOK Degman, L. - Checked Out"
https://catalog.saclibrary.org/GroupedWork/46f53359-e95c-8253-19fe-68e3b9adad57-eng,"Game for adventure: Andrew the seeker : a graphic novel","Nordling, Lee",9781512430677,,"Graphic Universe",2017,Minneapolis,"Graphic Novel/Manga","Graphic Novel/Manga::Elk Grove Kids' Place: CHILDREN GRAPHIC NOVEL Nordling, L. - On Shelf,Graphic Novel/Manga::Isleton Children's Area: CHILDREN GRAPHIC NOVEL Nordling, L. - On Shelf,Graphic Novel/Manga::McClatchy Children's Area: CHILDREN GRAPHIC NOVEL Nordling, L. - On Shelf"
https://catalog.saclibrary.org/GroupedWork/07afc02f-c185-9543-853f-55dfcd21b841-eng,"Ducks on the road: a counting adventure","Lobel, Anita",9781534465923,,"Simon & Schuster Books for Young Readers",2021,"New York","Picture Book","Picture Book::Carmichael Children's Area: PICTURE BOOK Lobel, A. - On Shelf,Picture Book::Central Kids Place - Lower Level: PICTURE BOOK Lobel, A. - On Shelf,Picture Book::Franklin Children's: PICTURE BOOK Lobel, A. - On Shelf"
https://catalog.saclibrary.org/GroupedWork/151a543a-6e4c-369b-bc1d-2560d534b618-eng,"Flat Stanley: the graphic novel. His original adventure!","Wilson, S. B., (Comics writer)",9780063095106,,HarperAlley,2025,"New York","Graphic Novel/Manga","Graphic Novel/Manga::Carmichael Children's Area: CHILDREN GRAPHIC NOVEL Flat Stanley v.1 - On Shelf,Graphic Novel/Manga::Central Kids Place - Lower Level: CHILDREN GRAPHIC NOVEL Flat Stanley v.1 - On Shelf,Graphic Novel/Manga::Colonial Heights Children's Area: CHILDREN GRAPHIC NOVEL Flat Stanley v.1 - On Shelf"
https://catalog.saclibrary.org/GroupedWork/abc7d0c6-2057-099a-6370-a44a745d36df-eng,"Cat & cat adventures: 4, The staff of knowledge","Yi, Susie",9780063381377,,"HarperAlley, an imprint of HarperCollins Publishers",2024,"New York, NY","Graphic Novel/Manga","Graphic Novel/Manga::Arcade Children's Area: CHILDREN GRAPHIC NOVEL Cat & Cat v.4 - Checked Out,Graphic Novel/Manga::Central Kids Place - Lower Level: CHILDREN GRAPHIC NOVEL Cat & Cat v.4 - On Hold Shelf,Graphic Novel/Manga::McKinley Children's Area: CHILDREN GRAPHIC NOVEL Cat & Cat v.4 - On Shelf"
https://catalog.saclibrary.org/GroupedWork/7f7c9cd8-a04e-7f36-cf5c-b22ae54bf1b2-eng,"Secret weapon: seven untold adventures from the life of a teenaged spy","Horowitz, Anthony, 1955-",9781524739331,,"Philomel Books",2019,"New York, NY",Book,"Book::Carmichael Teen Area: TEEN FICTION Horowitz, A. - On Shelf,Book::Belle Cooledge Teen Area: TEEN FICTION Horowitz, A. - On Shelf,Book::South Natomas Teen Area: TEEN FICTION Horowitz, A. - On Shelf"
https://catalog.saclibrary.org/GroupedWork/bafdc494-7baa-5bda-49a9-07b66c829034-eng,"Star Wars Smuggler's run: a Han Solo & Chewbacca adventure","Rucka, Greg",9781484724958,,"Disney Lucasfilm Press",2015,"Los Angeles",Book,"Book::Fair Oaks Children's Area: CHILDREN FICTION Star Wars - On Shelf,Book::Franklin Children's: CHILDREN FICTION Star Wars - Checked Out,Book::Rancho Children's Area: CHILDREN FICTION Star Wars - On Shelf"
https://catalog.saclibrary.org/GroupedWork/686ac4d4-ba93-99f5-f94e-1ebb6b4c0666-eng,"Sir Arthur Conan Doyle's The adventure of Wisteria Lodge","Goodwin, Vincent",9781616418960,,"Magic Wagon",2012,"Minneapolis, Minn","Graphic Novel/Manga","Graphic Novel/Manga::Pocket-Greenhaven Kids' Place: CHILDREN GRAPHIC NOVEL Doyle, A. - On Shelf"
https://catalog.saclibrary.org/GroupedWork/baa79e74-6548-92b8-37eb-c04737c06d9e-eng,"Forest: Finn and Skip's rainforest adventure","Kearney, Brendan (Illustrator)",9780744049893,,"DK Publishing",2022,"New York, NY","Picture Book","Picture Book::Carmichael Children's Area: PICTURE BOOK Kearney, B. - In Transit,Picture Book::Isleton Children's Area: PICTURE BOOK Kearney, B. - On Shelf,Picture Book::Southgate Children's Area: PICTURE BOOK Kearney, B. - On Shelf"
https://catalog.saclibrary.org/GroupedWork/30a8218f-23da-8d6f-3e5f-fbb1716e9bb1-eng,"Mermaid candy: a sea glass adventure","Lucas, Ashley Regina",9780764370731,,"Schiffer Kids",2026,"Atglen, PA","Picture Book","Picture Book::Arcade Children's Area: PICTURE BOOK Lucas, A. - On Shelf,Picture Book::Elk Grove Kids' Place: PICTURE BOOK Lucas, A. - Checked Out,Picture Book::South Natomas Children's Area: PICTURE BOOK Lucas, A. - Checked Out"
https://catalog.saclibrary.org/GroupedWork/3e415270-862f-d9cf-f7a2-4a1eb4a74ff6-eng,"Hope at sea: an adventure story","Miyares, Daniel",9781984892836,,"Anne Schwartz Books",2021,"New York","Picture Book","Picture Book::Carmichael Children's Area: PICTURE BOOK Miyares, D. - On Shelf,Picture Book::Central Kids Place - Lower Level: PICTURE BOOK Miyares, D. - On Shelf,Picture Book::Del Paso Heights Children's Area: PICTURE BOOK Miyares, D. - Checked Out"
https://catalog.saclibrary.org/GroupedWork/f9faf2dd-ad77-df16-8fa9-bf3bec32d656-eng,"Her own devices: a steampunk adventure novel","Adina, Shelley",9781468134377,,"Moonshell Books",2013,"[United States]",Book,"Book::Rancho Cordova: SCIENCE FICTION Adina, S. - On Shelf,Book::Valley Hi-North Laguna: SCIENCE FICTION Adina, S. - On Shelf"
https://catalog.saclibrary.org/GroupedWork/7931d271-39cd-0d8a-9929-b383401cc982-eng,"Sunny Starscout's book of adventure: My Little Pony official guide",,9781338825213,,"Scholastic Inc",2023,"New York, NY",Book,"Book::Carmichael Children's Area: CHILDREN 791.4572 M995zs 2023 - On Shelf,Book::Fair Oaks Children's Area: CHILDREN 791.4572 M995zs 2023 - On Shelf,Book::Franklin Children's: CHILDREN 791.4572 M995zs 2023 - On Shelf"
https://catalog.saclibrary.org/GroupedWork/cf11fef5-9e81-3818-3596-65fafa80aba4-eng,"Bear's spooky book of hidden things: a search-and-find adventure","Dudás, Gergely",9780062570796,,"Harper, an imprint of HarperCollins Publishers",2018,"New York","Picture Book","Picture Book::Central Kids Place - Lower Level: PICTURE BOOK Dudas, G. - On Shelf"
https://catalog.saclibrary.org/GroupedWork/69492e7f-d2b4-209a-8bc2-9cd2d26620eb-eng,"The midnight heist: The seventeeth adventure in the Kingdom of fantasy","Stilton, Geronimo",9781546141839,,"Scholastic Inc",2025,"New York, NY",Book,"Book::Carmichael Children's Area: MOVING UP Stilton, G. - In Transit,Book::Central Kids Place - Lower Level: MOVING UP Stilton, G. - Checked Out,Book::Elk Grove Kids' Place: MOVING UP Stilton, G. - Checked Out"
https://catalog.saclibrary.org/GroupedWork/4a140823-618d-3159-f464-01881cd94ba2-eng,"Star Wars: a galactic pop-up adventure","Reinhart, Matthew",9780545176163,,"Orchard Books",2012,"New York",Book,"Book::Sacramento Room: 099 R371s 2012 BAC - Library Use Only"
https://catalog.saclibrary.org/GroupedWork/411ce545-7eac-088b-9601-0f3a346b6641-eng,"Edward and Annie: a penguin adventure","Rivadeneira, Caryn Dahlstrand",9781400228287,,"Tommy Nelson",2022,"Nashville, TN","Picture Book","Picture Book::Fair Oaks Children's Area: PICTURE BOOK Rivadeneira, C. - Checked Out,Picture Book::Galt Children's Area: PICTURE BOOK Rivadeneira, C. - On Shelf,Picture Book::Isleton Children's Area: PICTURE BOOK Rivadeneira, C. - On Shelf"
https://catalog.saclibrary.org/GroupedWork/e229d0cf-f236-f2b1-1729-f2d42aaf52db-eng,"Facing tragedy on the Titanic: a history seeking adventure","Lassieur, Allison",9781669058182,,"Capstone Press",2024,"North Mankato, Minnesota",Book,"Book::Carmichael Children's Area: CHILDREN 910.91634 L347 2024 - On Shelf,Book::Central Kids Place - Lower Level: CHILDREN 910.91634 L347 2024 - On Shelf,Book::Fair Oaks Children's Area: CHILDREN 910.91634 L347 2024 - On Shelf"
https://catalog.saclibrary.org/GroupedWork/f2b2a186-35df-2844-4c3d-381cd71e51d1-eng,"Gurple and Preen: a broken crayon cosmic adventure","Park, Linda Sue",9781534431416,,"Simon & Schuster Books for Young Readers",2020,"New York","Picture Book","Picture Book::Carmichael Children's Area: PICTURE BOOK Park, L. - On Shelf,Picture Book::Elk Grove Kids' Place: PICTURE BOOK Park, L. - On Shelf,Picture Book::Franklin Children's: PICTURE BOOK Park, L. - On Shelf"
https://catalog.saclibrary.org/GroupedWork/92127941-70c1-0055-31eb-6a77efb3ddf7-eng,"The rainbow cleanup: a magical organizing adventure","Shearer, Clea, 1982-",9780593712160,,"Random House",2025,"New York","Picture Book","Picture Book::Belle Cooledge Children's Area: PICTURE BOOK Shearer, C. - Checked Out,Picture Book::Franklin Children's: PICTURE BOOK Shearer, C. - Checked Out,Picture Book::South Natomas Children's Area: PICTURE BOOK Shearer, C. - Checked Out"
https://catalog.saclibrary.org/GroupedWork/d1c7e15d-4e9e-4166-0b5b-5e050a447c29-eng,"Adventures of Spider-Man","Hill, Susan, 1965-",9781435126510,,"Sandy Creek",2010,"New York",Book,
https://catalog.saclibrary.org/GroupedWork/1fb6e897-de6f-e506-ea35-b3ee3dab7a4c-eng,"Pokemon adventures: Emerald, 26","Kusaka, Hidenori",9781421535609,,"VIZ Media, LLC",2015,"San Francisco, CA","Graphic Novel/Manga","Graphic Novel/Manga::Franklin Children's: CHILDREN MANGA Pokemon Adventures v.26 - Checked Out,Graphic Novel/Manga::South Natomas Children's Area: CHILDREN MANGA Pokemon Adventures v.26 - Checked Out,Graphic Novel/Manga::Orangevale: CHILDREN MANGA Pokemon Adventures v.26 - On Shelf"
https://catalog.saclibrary.org/GroupedWork/415b94ad-d91b-38c5-6c1c-40645078baed-eng,"Investigating Machu Picchu: an Isabel Soto archaeology adventure","Sohn, Emily",9781429634076,,"Capstone Press",2010,"Mankato, Minn",Book,"Book::North Natomas Children's Area: CHILDREN 985.37 S682 2010 - On Shelf"
https://catalog.saclibrary.org/GroupedWork/96fc9fad-e73f-b504-a5ba-0761a7ca287f-eng,"The last great adventure of the PB & J Society","Sumner Johnson, Janet",9781623706364,,"Capstone Young Readers, a Capstone imprint",2016,"North Mankato, MN",Book,"Book::Arcade Children's Area: CHILDREN FICTION Sumner J. - On Shelf,Book::Belle Cooledge Children's Area: CHILDREN FICTION Sumner J. - On Shelf,Book::North Natomas Children's Area: CHILDREN FICTION Sumner J. - Checked Out"
https://catalog.saclibrary.org/GroupedWork/5d55950a-3c45-7a89-becc-cda9312b0881-eng,"Jojo's bizarre adventure: Part 4 : Diamond is unbreakable. Volume 4","Araki, Hirohiko, 1960-",9781974708109,,"VIZ Media, LLC",2020,"San Francisco, CA","Graphic Novel/Manga","Graphic Novel/Manga::Central Teen Area - 3rd Floor: TEEN MANGA JoJo's Bizarre pt.4 v.4 - On Shelf,Graphic Novel/Manga::Belle Cooledge Teen Area: TEEN MANGA JoJo's Bizarre pt.4 v.4 - On Shelf,Graphic Novel/Manga::South Natomas Teen Area: TEEN MANGA JoJo's Bizarre pt.4 v.4 - Checked Out"
https://catalog.saclibrary.org/GroupedWork/7141afb1-d20b-aa21-0652-0f27defab740-eng,"The further adventures of Miss Petitfour","Michaels, Anne, 1958-",9780735268210,,Tundra,2022,"[Toronto, Ontario, Canada]",Book,"Book::Carmichael Children's Area: MOVING UP Michaels, A. - On Shelf,Book::Fair Oaks Children's Area: MOVING UP Michaels, A. - On Shelf,Book::Franklin Children's: MOVING UP Michaels, A. - On Shelf"
https://catalog.saclibrary.org/GroupedWork/dadf0031-31d0-d610-5da7-cd0e8bed8441-eng,"Bear Grylls adventures: The blizzard challenge","Grylls, Bear",9781786960122,,"Bear Grylls",2017,London,Book,"Book::Pocket-Greenhaven Kids' Place: CHILDREN FICTION Grylls, B. - On Shelf,Book::Sutter County Main Branch Children's Area: CHILDREN FICTION Grylls, B. - On Shelf"
https://catalog.saclibrary.org/GroupedWork/09bf38f2-34a3-296f-b760-b670f6087fc0-eng,"Pokemon adventures: Emerald. Volume 28","Kusaka, Hidenori",9781421535623,,"VIZ Media, LLC",2015,"San Francisco, CA","Graphic Novel/Manga","Graphic Novel/Manga::Del Paso Heights Children's Area: CHILDREN MANGA Pokemon Adventures v.28 - On Shelf,Graphic Novel/Manga::South Natomas Children's Area: CHILDREN MANGA Pokemon Adventures v.28 - On Shelf,Graphic Novel/Manga::Pocket-Greenhaven Kids' Place: CHILDREN MANGA Pokemon Adventures v.28 - Checked Out"
https://catalog.saclibrary.org/GroupedWork/9fd1df4d-1fe9-fcdb-9ad3-f706da3070a7-eng,"Enduring winter at Valley Forge: a history seeking adventure","Braun, Eric, 1971-",9781669058236,,"Capstone Press",2024,"North Mankato, Minnesota",Book,"Book::Carmichael Children's Area: CHILDREN 973.3 B825 2024 - On Shelf,Book::Central Kids Place - Lower Level: CHILDREN 973.3 B825 2024 - On Shelf,Book::Elk Grove Kids' Place: CHILDREN 973.3 B825 2024 - On Shelf"
https://catalog.saclibrary.org/GroupedWork/9b3f5573-ad3e-2a07-3f3e-78685af02394-eng,"Run, Little Chaski!: an Inka Trail adventure","Llanos, Mariana",9781646861651,,"Barefoot Books",2021,"West Concord, MA","Picture Book","Picture Book::Fair Oaks Children's Area: PICTURE BOOK Llanos, M. - On Shelf,Picture Book::Orangevale: PICTURE BOOK Llanos, M. - On Shelf,Picture Book::Pocket-Greenhaven Kids' Place: PICTURE BOOK Llanos, M. - Checked Out"
https://catalog.saclibrary.org/GroupedWork/108c39c1-2304-96d7-2357-080eb61c4bd3-eng,"Click, clack, splish, splash: a counting adventure","Cronin, Doreen",9781415656150,,"Atheneum Books for Young Readers",2006,"New York","Picture Book","Picture Book::Colonial Heights Children's Area: PICTURE BOOK Cronin, D. - On Shelf,Picture Book::Belle Cooledge Children's Area: PICTURE BOOK Cronin, D. - Checked Out,Picture Book::South Natomas Children's Area: PICTURE BOOK Cronin, D. - On Shelf"
https://catalog.saclibrary.org/GroupedWork/56068a6f-7c82-a54a-2ad9-d9af96f5c9a9-eng,"At the park: a Mr. and Mrs. Green adventure","Baker, Keith",9780544555570,,"Green Light Readers/Houghton Mifflin Harcourt",2015,Boston,"Easy Reader","Easy Reader::Elk Grove Kids' Place: EASY READER 2 Baker, K. - Checked Out,Easy Reader::Franklin Children's: EASY READER 2 Baker, K. - On Shelf,Easy Reader::Isleton Children's Area: EASY READER 2 Baker, K. - On Shelf"
https://catalog.saclibrary.org/GroupedWork/e6a25462-9700-5fb9-c433-c1fda7bd9cd0-eng,"The Christmasaurus: a timeless picture book adventure","Fletcher, Tom, 1985-",9780241466551,,Puffin,2021,London,"Picture Book","Picture Book::Fair Oaks Children's Area: PICTURE BOOK Fletcher, T. - On Shelf,Picture Book::North Natomas Children's Area: PICTURE BOOK Fletcher, T. - Checked Out,Picture Book::Rancho Children's Area: PICTURE BOOK Fletcher, T. - Checked Out"
https://catalog.saclibrary.org/GroupedWork/8cbfdbc3-9c4c-d97f-aca0-019b21838db3-eng,"The adventures of Lily Huckleberry around the world","Smit, Audrey",9781732696150,,"This Little Street",2020,"Berkeley, CA",Book,
https://catalog.saclibrary.org/GroupedWork/edd8253d-9d8e-b6b1-bdb3-d1abbab98386-eng,"The cosmic adventures of Astrid and Stella","Moyle, Sabrina",9781419757013,,"Abrams; Amulet Books",2022,"New York","Graphic Novel/Manga;eComic","Graphic Novel/Manga::North Natomas Children's Area: CHILDREN GRAPHIC NOVEL Astrid v.1 - Checked Out,Graphic Novel/Manga::Pocket-Greenhaven Kids' Place: CHILDREN GRAPHIC NOVEL Astrid v.1 - On Shelf,Graphic Novel/Manga::Folsom Children's Area: CHILDREN GRAPHIX Moyle, S. v.1 - Checked Out"
https://catalog.saclibrary.org/GroupedWork/2040548b-84ed-4af7-99e9-e89706f1a3df-eng,"Cinnamon's day out: a gerbil adventure","Roth, Susan L",9780803723238,,"Dial Books for Young Readers",1998,"New York","Picture Book","Picture Book::South Natomas Children's Area: PICTURE BOOK Roth, S. - On Shelf"
https://catalog.saclibrary.org/GroupedWork/1b0b2a04-5fd6-11bb-2606-ea498e229db6-eng,"Again!: a Big Hedgehog and Little Hedgehog adventure","Teckentrup, Britta",9783791375878,,Prestel,2025,Munich,"Picture Book","Picture Book::Carmichael Children's Area: PICTURE BOOK Teckentrup, B. - Checked Out,Picture Book::Central Kids Place - Lower Level: PICTURE BOOK Teckentrup, B. - On Shelf,Picture Book::Colonial Heights Children's Area: PICTURE BOOK Teckentrup, B. - On Shelf"
https://catalog.saclibrary.org/GroupedWork/30ce134d-fa87-ad39-9c31-7096ecdb4dd3-eng,"The world is lava: a Crabgrass comics adventure","Bondia, Tauhid",9781524890452,,"Andrews McMeel Publishing",2025,"Kansas City, Missouri","Graphic Novel/Manga","Graphic Novel/Manga::Central Kids Place - Lower Level: CHILDREN GRAPHIC NOVEL Crabgrass - Checked Out,Graphic Novel/Manga::Del Paso Heights Children's Area: CHILDREN GRAPHIC NOVEL Crabgrass - In Transit,Graphic Novel/Manga::North Natomas Children's Area: CHILDREN GRAPHIC NOVEL Crabgrass - On Shelf"
https://catalog.saclibrary.org/GroupedWork/6753380e-514b-ce6e-14a0-479983b9e3ba-eng,"The adventures of Batgirl and Supergirl: The alien bloom of doom","Sutton, Laurie S., 1953-",9781669033486,,"Stone Arch Books, an imprint of Capstone",2023,"North Mankato, Minnesota",Book,
https://catalog.saclibrary.org/GroupedWork/12e26c6b-8b97-c6da-f708-672e35f72a79-eng,"In the woods: an adventure for your senses","Tolosa Sisteré, Mariona",9781771476058,,"Owlkids Books",2023,"Toronto, Ontario","Picture Book","Picture Book::Carmichael Children's Area: PICTURE BOOK Tolosa Sistere, M. - On Shelf,Picture Book::Central Kids Place - Lower Level: PICTURE BOOK Tolosa Sistere, M. - Checked Out,Picture Book::Belle Cooledge Children's Area: PICTURE BOOK Tolosa Sistere, M. - On Shelf"
https://catalog.saclibrary.org/GroupedWork/9afd5653-098b-c418-892a-36ad5905e4a4-eng,"Arrow to Alaska: a Pacific Northwest adventure","Viano, Hannah",9781570619496,,"Little Bigfoot, an imprint of Sasquatch Books",2015,"Seattle, WA","Picture Book","Picture Book::Carmichael Children's Area: PICTURE BOOK Viano, H. - On Shelf,Picture Book::Elk Grove Kids' Place: PICTURE BOOK Viano, H. - Checked Out,Picture Book::Galt Children's Area: PICTURE BOOK Viano, H. - On Shelf"
https://catalog.saclibrary.org/GroupedWork/c7346bac-7f57-910d-f139-67c16d6953c0-eng,"Jimmy Zangwow's out-of-this-world, moon pie adventure","DiTerlizzi, Tony",9780689822155,,"Recorded Books, Inc.; Simon & Schuster Books For Young Readers","2000 - 2015","New York","Picture Book;eAudiobook","Picture Book::Fair Oaks Children's Area: PICTURE BOOK DiTerlizzi, T. - On Shelf,Picture Book::Galt Children's Area: PICTURE BOOK DiTerlizzi, T. - On Shelf,Picture Book::Southgate Children's Area: PICTURE BOOK DiTerlizzi, T. - On Shelf"
https://catalog.saclibrary.org/GroupedWork/1b86a7d2-788f-1428-a4f1-1aba3e4396f7-eng,"The greatest spy who never was: a Hugo Dare adventure","Codd, David",9798614305796,,"David Codd",2019,"[Place of Publication Not Identified]",Book,"Book::Carmichael Children's Area: CHILDREN FICTION Codd, D. - On Shelf,Book::Elk Grove Kids' Place: CHILDREN FICTION Codd, D. - On Shelf,Book::Franklin Children's: CHILDREN FICTION Codd, D. - On Shelf"
https://catalog.saclibrary.org/GroupedWork/b1d30d66-958e-a2ad-13a6-a2e949dabdd2-eng,"How to grow happiness: a Jerome the Gnome adventure","DiPucchio, Kelly",9781635651409,,"Rodale Kids",2018,"New York","Picture Book","Picture Book::Carmichael Children's Area: PICTURE BOOK DiPucchio, K. - On Shelf,Picture Book::Central Kids Place - Lower Level: PICTURE BOOK DiPucchio, K. - On Shelf,Picture Book::Courtland Children's Area: PICTURE BOOK DiPucchio, K. - On Shelf"
https://catalog.saclibrary.org/GroupedWork/af82e98f-4381-19d2-3827-916854f9a05c-eng,"Violet and the crumbs: a gluten-free adventure","Rayner, Abigail",9780735844858,,"North-South Books",2022,"New York","Picture Book","Picture Book::Central Kids Place - Lower Level: PICTURE BOOK Rayner, A. - On Shelf,Picture Book::Elk Grove Kids' Place: PICTURE BOOK Rayner, A. - Checked Out,Picture Book::Fair Oaks Children's Area: PICTURE BOOK Rayner, A. - On Shelf"
https://catalog.saclibrary.org/GroupedWork/6bfc61ac-08c4-c2ef-8643-3fbca4f9fb99-eng,"Jojo's Bizarre Adventure: Part 7, 4 : Steel Ball Run","Araki, Hirohiko, 1960-",9781974758890,,"Viz Media",2025,"San Francisco, CA","Graphic Novel/Manga","Graphic Novel/Manga::Arcade Teen Area: TEEN MANGA JoJo's Bizarre pt.7 v.4 - On Shelf,Graphic Novel/Manga::Carmichael Teen Area: TEEN MANGA JoJo's Bizarre pt.7 v.4 - Checked Out,Graphic Novel/Manga::Central Teen Area - 3rd Floor: TEEN MANGA JoJo's Bizarre pt.7 v.4 - Checked Out"
https://catalog.saclibrary.org/GroupedWork/7996f69b-5389-dc25-f6fe-46a0c2a1c5a2-eng,"The adventures of the Bailey School kids: 1, Vampires don't wear polka dots","Low, Pearl",9781338736595,,"Graphix, an imprint of Scholastic",2021,"New York, NY",Book,
https://catalog.saclibrary.org/GroupedWork/1246cac9-0573-d02c-61bd-b8ec4b6be352-eng,"Adventures of Ice Age",,9781435150607,,"Sandy Creek",2013,"New York, N.Y",Book,
https://catalog.saclibrary.org/GroupedWork/a6e31219-3311-1e58-126e-69944ec68c04-eng,"Little Bo in London: the ultimate adventure of Bonnie Boadicea","Edwards, Julie, 1935-",9780060089115,,HarperCollins,2012,"New York",Book,"Book::Arcade Children's Area: CHILDREN FICTION Edwards, J. - On Shelf"
https://catalog.saclibrary.org/GroupedWork/d5d78205-4ccc-0e79-7bab-93dfb083cc20-eng,"Can you survive a Civil War escape?: an interactive history adventure","Gunderson, Jessica",9781669061250,,"Capstone Press, a Capstone imprint",2024,"North Mankato, Minnesota",Book,"Book::Central Kids Place - Lower Level: CHILDREN 973.7 G975 2024 - On Shelf,Book::Belle Cooledge Children's Area: CHILDREN 973.7 G975 2024 - On Shelf,Book::Courtland Children's Area: CHILDREN 973.7 G975 2024 - On Shelf"
https://catalog.saclibrary.org/GroupedWork/8eb43745-6c6b-30c1-da45-9f19a4fdf5be-eng,"Bayberry Island: an adventure about friendship and the journey home","Cole, Henry, 1955-",9780062245519,,"Katherine Tegen Books",2017,"New York",Book,"Book::Central Kids Place - Lower Level: CHILDREN FICTION Cole, H. - On Shelf,Book::Pocket-Greenhaven Kids' Place: CHILDREN FICTION Cole, H. - In Transit,Book::Woodland Public Library Children's Area: CHILDREN FICTION Cole, H. - On Shelf"
https://catalog.saclibrary.org/GroupedWork/d6e59534-d51a-cf63-5316-c8753938e1c2-eng,"Jojo's bizarre adventure: Part 4, Diamond is unbreakable. 01","Araki, Hirohiko, 1960-",9781974706525,,"VIZ Media",2019,"San Francisco, CA","Graphic Novel/Manga","Graphic Novel/Manga::Central Teen Area - 3rd Floor: TEEN MANGA JoJo's Bizarre pt.4 v.1 - On Shelf,Graphic Novel/Manga::North Natomas: TEEN MANGA JoJo's Bizarre pt.4 v.1 - Checked Out,Graphic Novel/Manga::Sacramento Public Library Storage: TEEN MANGA JoJo's Bizarre pt.4 v.1 - On Shelf"
https://catalog.saclibrary.org/GroupedWork/2ec2688d-3c69-ba97-5fdf-e584cba721f6-eng,"The adventures of Rainbow Fish","Pfister, Marcus",9780735841857,,NorthSouth,2014,"New York","Picture Book","Picture Book::Central Kids Place - Lower Level: PICTURE BOOK Pfister, M. - In Transit"
https://catalog.saclibrary.org/GroupedWork/71c438f2-6de0-6b23-bfdb-088fe89027f1-eng,"Ricky Ricotta's Mighty Robot vs. the Uranium unicorns from Uranus: the seventh robot adventure novel","Pilkey, Dav, 1966-",9781480695641,,Scholastic,2005,"New York",Book,"Book::Elk Grove Kids' Place: MOVING UP Pilkey, D. - In Transit,Book::Galt Children's Area: MOVING UP Pilkey, D. - On Shelf,Book::Isleton Children's Area: MOVING UP Pilkey, D. - On Shelf"
https://catalog.saclibrary.org/GroupedWork/69383185-45ba-1ec5-9dd0-bed0b3b9132d-eng,"Dungeoneer adventures: 2, Wrath of the exiles","Costa, Ben, 1984-",9781665910712,,Aladdin,2023,"New York",Book,"Book::Carmichael Children's Area: CHILDREN FICTION Costa, B. - On Shelf,Book::Central Kids Place - Lower Level: CHILDREN FICTION Costa, B. - Checked Out,Book::Courtland Children's Area: CHILDREN FICTION Costa, B. - On Shelf"
https://catalog.saclibrary.org/GroupedWork/19024909-ea6b-36b1-d2b3-5fafb46d6a71-eng,"The adventures of Lily Huckleberry in Scandinavia","Smit, Audrey",9781732696112,,"This Little Street",2019,"Berkeley, CA",Book,
https://catalog.saclibrary.org/GroupedWork/9d6ec052-8e11-a6f9-91aa-8fb022d8edc8-eng,"The Jellybeans and the big art adventure","Numeroff, Laura Joffe",9781419701719,,"Abrams Books for Young Readers",2012,"New York","Picture Book","Picture Book::Central Kids Place - Lower Level: PICTURE BOOK Numeroff, L. - On Shelf,Picture Book::Woodland Public Library Children's Area: PICTURE BOOK ANIMALS Num - On Shelf"
https://catalog.saclibrary.org/GroupedWork/db5457ad-d781-b5b0-e017-cb85917b9dda-eng,"Lost in the Museum: a seek-and-find adventure in the Met","Mabbitt, Will",9780744033625,,"Dorling Kindersley, Inc",2021,"New York",Book,"Book::Arcade Children's Area: CHILDREN 700 M112 2021 - On Shelf,Book::Fair Oaks Children's Area: CHILDREN 700 M112 2021 - On Shelf,Book::Franklin Children's: CHILDREN 700 M112 2021 - On Shelf"
https://catalog.saclibrary.org/GroupedWork/ede01b01-7c00-6b78-0d5c-586ca1998198-eng,"Pokemon adventures: FireRed & LeafGreen. Volume 25","Kusaka, Hidenori",9781421535593,,"Viz Media",2014,"San Francisco, CA","Graphic Novel/Manga","Graphic Novel/Manga::Carmichael Children's Area: CHILDREN MANGA Pokemon Adventures v.25 - On Shelf,Graphic Novel/Manga::Elk Grove Kids' Place: CHILDREN MANGA Pokemon Adventures v.25 - Checked Out,Graphic Novel/Manga::Isleton Children's Area: CHILDREN MANGA Pokemon Adventures v.25 - On Shelf"
https://catalog.saclibrary.org/GroupedWork/4c930c87-b4ef-0db2-beac-6bf16d83d792-eng,"Can you survive a supervolcano eruption?: an interactive doomsday adventure","Hoena, B. A",9781491481264,,"Capstone Press, a Capstone imprint",2016,"North Mankato, Minnesota",Book,"Book::Arcade Children's Area: CHILDREN 363.3495 H694 2016 - On Shelf,Book::Carmichael Children's Area: CHILDREN 363.3495 H694 2016 - On Shelf"
https://catalog.saclibrary.org/GroupedWork/c463d2ab-14db-15de-9f97-fac1eefd3082-eng,"Garbage Island: the nearly always perilous adventures of Archibald Shrew","Koehler, Fred",9781629796758,,"Boyds Mills Press, an imprint of Highlights",2018,"Honesdale, Pennsylvania",Book,"Book::Pocket-Greenhaven Kids' Place: CHILDREN FICTION Koehler, F. - On Shelf,Book::Rancho Children's Area: CHILDREN FICTION Koehler, F. - On Shelf,Book::Sacramento Public Library Storage: CHILDREN FICTION Koehler, F. - On Shelf"
https://catalog.saclibrary.org/GroupedWork/1f4d611e-e671-63c1-99eb-ad6f4a7520d6-eng,"Pokémon adventures: Volume 17, Ruby & Sapphire","Kusaka, Hidenori",9781421535517,,"VIZ Media",2013,"San Francisco, CA","Graphic Novel/Manga","Graphic Novel/Manga::Arden-Dimick Children's Area: CHILDREN MANGA Pokemon Adventures v.17 - Checked Out,Graphic Novel/Manga::Fair Oaks Children's Area: CHILDREN MANGA Pokemon Adventures v.17 - Checked Out,Graphic Novel/Manga::Franklin Children's: CHILDREN MANGA Pokemon Adventures v.17 - On Shelf"
https://catalog.saclibrary.org/GroupedWork/fad93874-61a2-3d0a-0ac8-c3061ec2d3f0-eng,"Building the Great Wall of China: an Isabel Soto history adventure","Collins, Terry",9781429634113,,"Capstone Press",2010,"Mankato, Minn",Book,"Book::Pocket-Greenhaven Kids' Place: CHILDREN 951 C713 2010 - On Shelf"
https://catalog.saclibrary.org/GroupedWork/265d5bfe-6e17-3bca-2fe4-57bdb78964ae-eng,"The adventure of Louey and Frank","White, Carolyn, 1948-",9780688165031,,"Greenwillow Books",2001,"New York",Book,
https://catalog.saclibrary.org/GroupedWork/adb62e8e-ac1c-8071-0ca0-ea62581382b5-eng,"Adventures of Stuart Little","Hill, Susan",9780760771112,,"Barnes & Noble Books",2005,"New York","Easy Reader",
https://catalog.saclibrary.org/GroupedWork/6c456509-e75d-286e-2265-cb85386f21b9-eng,"Ming's adventure in the Forbidden City: a story in English and Chinese","Li, Jian (Art teacher)",9781602209855,,"Better Link Press",2014,"New York","Picture Book","Picture Book::Carmichael Children's Area: CHINESE PICTURE BOOK Jian, L. - On Shelf,Picture Book::McKinley Children's Area: CHINESE PICTURE BOOK Jian, L. - On Shelf,Picture Book::Pocket-Greenhaven Kids' Place: CHINESE PICTURE BOOK Jian, L. - On Shelf"
https://catalog.saclibrary.org/GroupedWork/acfdde93-b9b8-0b5b-cd19-1e1122b30fa8-eng,"Adventures of Little Critter","Mayer, Mercer, 1943-",9781435126473,,"Sandy Creek",2010,"New York","Easy Reader",
https://catalog.saclibrary.org/GroupedWork/eb899581-b55c-6132-4345-5d8a82052bbf-eng,"Pokémon adventures: Volume two, Omega Ruby, Alpha Sapphire","Kusaka, Hidenori",9781974743261,,"VIZ Media, LLC",2024,"San Francisco, CA","Graphic Novel/Manga","Graphic Novel/Manga::Carmichael Children's Area: CHILDREN MANGA Pokemon Adventures v.2 - On Shelf,Graphic Novel/Manga::Central Kids Place - Lower Level: CHILDREN MANGA Pokemon Adventures v.2 - Checked Out,Graphic Novel/Manga::Franklin Children's: CHILDREN MANGA Pokemon Adventures v.2 - On Shelf"
https://catalog.saclibrary.org/GroupedWork/a53e2f97-06c5-8860-2004-bbd8ab2fce82-eng,"Rapture of the deep: being an account of the further adventures of Jacky Faber, soldier, sailor, mermaid, spy","Meyer, L. A. (Louis A.), 1942-",9780547551203,,"Harcourt; HarperCollins; Listen & Live Audio, Inc.","2009 - 2010",Boston,eAudiobook;eBook;Book,"Book::Belle Cooledge Teen Area: TEEN FICTION Meyer, L. - On Shelf,Book::Orangevale: TEEN FICTION Meyer, L. - On Shelf,Book::Rancho Cordova: TEEN FICTION Meyer, L. - On Shelf"
https://catalog.saclibrary.org/GroupedWork/70d4e9d4-5c1d-a61f-7798-6418c7cf59ed-eng,"Adventures of Splat the Cat","Scotton, Rob",9781435150621,,"Sandy Creek",2013,"New York",Book,
https://catalog.saclibrary.org/GroupedWork/4af3a3c0-e795-769d-dc63-46e14bfa3a67-eng,"Pokémon adventures: Black 2 & White 2. Volume two","Kusaka, Hidenori",9781421584386,,"VIZ Media, LLC",2018,"San Francisco, CA","Graphic Novel/Manga","Graphic Novel/Manga::Carmichael Children's Area: CHILDREN GRAPHIC NOVEL Kusaka, H. v.2 - Checked Out,Graphic Novel/Manga::Carmichael Children's Area: CHILDREN MANGA Pokemon Adventures v.2 - Checked Out,Graphic Novel/Manga::Belle Cooledge Children's Area: CHILDREN MANGA Pokemon Adventures v.2 - On Shelf"
https://catalog.saclibrary.org/GroupedWork/0b6ca8c2-6b46-c04e-96ca-11a20449c620-eng,"I can do that too: a big hedgehog and little hedgehog adventure","Teckentrup, Britta",9783791375649,,Prestel,2024,Munich,"Picture Book","Picture Book::Colonial Heights Children's Area: PICTURE BOOK Teckentrup, B. - On Shelf,Picture Book::Belle Cooledge Children's Area: PICTURE BOOK Teckentrup, B. - On Shelf,Picture Book::Del Paso Heights Children's Area: PICTURE BOOK Teckentrup, B. - On Shelf"
https://catalog.saclibrary.org/GroupedWork/9635be0e-9f61-e7f9-e91e-8e3f1f643291-eng,"Can you survive a World War I escape?: an interactive history adventure","Braun, Eric, 1971-",9781669061274,,"Capstone Press",2024,"North Mankato, Minnesota",Book,"Book::Carmichael Children's Area: CHILDREN 940.3 B825 2024 - On Shelf,Book::Central Kids Place - Lower Level: CHILDREN 940.3 B825 2024 - On Shelf,Book::Belle Cooledge Children's Area: CHILDREN 940.3 B825 2024 - On Shelf"
https://catalog.saclibrary.org/GroupedWork/349e22fc-fc3e-c0b2-1b66-cdf014c5720a-eng,"What the dinosaurs did last night: a very messy adventure","Tuma, Refe",9780316335621,,"Little, Brown Books for Young Readers",2015,London,"Picture Book","Picture Book::Carmichael Children's Area: PICTURE BOOK Tuma, R. - Checked Out,Picture Book::Central Kids Place - Lower Level: PICTURE BOOK Tuma, R. - On Shelf,Picture Book::Colonial Heights Children's Area: PICTURE BOOK Tuma, R. - Checked Out"
https://catalog.saclibrary.org/GroupedWork/3aaa8d97-21e3-93e2-272c-af920141c9cd-eng,"The cosmic adventures of Astrid and Stella: star struck!","Moyle, Sabrina",9781419757020,,"Amulet Books",2023,"New York","Graphic Novel/Manga","Graphic Novel/Manga::Carmichael Children's Area: CHILDREN GRAPHIC NOVEL Astrid v.2 - Checked Out,Graphic Novel/Manga::Central Kids Place - Lower Level: CHILDREN GRAPHIC NOVEL Astrid v.2 - Checked Out,Graphic Novel/Manga::Colonial Heights Children's Area: CHILDREN GRAPHIC NOVEL Astrid v.2 - On Shelf"
https://catalog.saclibrary.org/GroupedWork/026334ba-ff44-b825-0a2a-15c5270b7653-eng,"Nola's scribbles save the day: an adventure in creativity","Lalli, Cristina",9781624149429,,"Page Street Kids",2020,"Salem, MA","Picture Book","Picture Book::Carmichael Children's Area: PICTURE BOOK Lalli, C. - On Shelf,Picture Book::Fair Oaks Children's Area: PICTURE BOOK Lalli, C. - On Shelf,Picture Book::Isleton Children's Area: PICTURE BOOK Lalli, C. - On Shelf"
https://catalog.saclibrary.org/GroupedWork/699be8fe-9dc6-bad5-3291-44720666c501-eng,"The adventures of Lily Huckleberry in Japan","Smit, Audrey",9781732696129,,"This Little Street",2019,"Berkeley, CA",Book,
https://catalog.saclibrary.org/GroupedWork/c4f2111b-02a9-746a-cad6-abf378f86bbd-eng,"The adventures of Lily Huckleberry in Mexico","Smit, Audrey",9781732696136,,"This Little Street",2020,"[Berkeley, California]",Book,
https://catalog.saclibrary.org/GroupedWork/a0cd198b-2cc2-0cd0-b99f-4aa14d727991-eng,"The extraordinary adventures of Alfred Kropp","Yancey, Rick",9781582346939,,"Bloomsbury Pub; Random House/Listening Library; Distributed to the trade by Holtzbrinck Publishers; Books on Tape; Bloomsbury Publishing","2005 - 2010","New York","eAudiobook;Audiobook - CD;eBook;Book",
https://catalog.saclibrary.org/GroupedWork/0ffefd83-0ab5-2029-8c01-7e05a969dcee-eng,"Fighting for the Civil Rghts Act of 1964: a history seeking adventure","Smith, Elliott, 1976-",9781669058281,,"Capstone Press, a Capstone imprint",2024,"North Mankato, Minnesota",Book,"Book::Arcade Children's Area: CHILDREN 342.73085 S646 2024 - On Shelf,Book::Central Kids Place - Lower Level: CHILDREN 342.73085 S646 2024 - On Shelf,Book::Galt Children's Area: CHILDREN 342.73085 S646 2024 - On Shelf"
https://catalog.saclibrary.org/GroupedWork/dd78bc3f-929a-9c1c-6e87-730561babdcc-eng,"The Minor miracle: the amazing adventures of Noah Minor","Davis, Meredith (Meredith Lynn), 1971-",9780593445334,,WaterBrook,2024,"Colorado Springs",Book,"Book::Colonial Heights Children's Area: CHILDREN FICTION Davis, M. - On Shelf,Book::Courtland Children's Area: CHILDREN FICTION Davis, M. - On Shelf,Book::Franklin Children's: CHILDREN FICTION Davis, M. - On Shelf"
https://catalog.saclibrary.org/GroupedWork/651b0e85-b892-7342-d65f-cb0cc3505661-eng,"The little steamroller: a story of adventure, mystery, and detection","Greene, Graham, 1904-1991",1500,,"Lothrop, Lee & Shepard Co",1955,"New York",Book,"Book::Sacramento Room: SPE fic Greene CHI - Library Use Only"
https://catalog.saclibrary.org/GroupedWork/aad9e535-18db-cb01-2917-46e87d56600b-eng,Firesong,"Hardy, Vashti",9781324030454,,"Recorded Books, Inc.; Norton Young Readers, an imprint of W.W. Norton & Company",2022,"New York, NY",eAudiobook;Book,"Book::Elk Grove Kids' Place: CHILDREN FICTION Hardy, V. - On Shelf,Book::Rancho Children's Area: CHILDREN FICTION Hardy, V. - On Shelf,Book::Sacramento Public Library Storage: CHILDREN FICTION Hardy, V. - On Shelf"
https://catalog.saclibrary.org/GroupedWork/941a13f3-96d5-0ed6-ebbf-396c9e2a6ba6-eng,"The adventures of the Plott family: a decodable stories collection","Smith, Kristina (Teacher)",9781646046157,,"Ulysses Books for Young Readers",2024,"Berkeley, CA",Book,
https://catalog.saclibrary.org/GroupedWork/e01ccb15-3925-8f2c-54c2-dea27c2037c0-eng,"Alice's adventures in Wonderland","Carroll, Lewis, 1832-1898",9781665925778,,"Tom Doherty Associates; Interactive Media; Sterling; Bendon, Inc; Fili Public; Aladdin Books; Lerner Publishing Group; Books of Wonder; Dreamscape Media; HarperCollins Canada; Sheba Blake Publishing Corp.; Blackstone Publishing; Books on Tape; Collins Design; The Heritage Illustrated Bookshelf; Xist Publishing; Start Publishing LLC; Random House/Listening Library; Dalmation Press; HarperCollins Publishers; Librofilio; BEESQUARE; G&D Media; Macmillan & Co; Puffin Books, an imprint of Penguin Group (USA); Project Gutenberg; eBooksLib; Nelson Doubleday; Ascent Audio; Holt, Rinehart, and Winston; OXFORD CHILDRENS; Penguin Books; Puffin; Language Mastery Publishing; Jovian Press; Warbler Classics; Dover Publications; Princeton University Press; Hutchinson Children's; Neeland Media LLC; Puffin Books; Sterling Pub. Co; Findaway Voices","1888 - 2025","New York; New York, N.Y; [S.l.]; Ashland, Ohio; London; Franklin, TN; Garden City, N.Y","eAudiobook;Audiobook - CD;eBook;Board Book;Book","Book::Central Kids Place - Lower Level: CHILDREN FICTION Carroll, L. - On Shelf,Book::Belle Cooledge Children's Area: CHILDREN FICTION Carroll, L. - On Shelf,Book::Rancho Children's Area: CHILDREN FICTION Carroll, L. - On Shelf"
https://catalog.saclibrary.org/GroupedWork/39364a72-90e3-b807-2164-60bda7eac185-eng,"The adventures of Huckleberry Finn","Ho, Oliver",9781402724992,,"Sterling Pub",2006,"New York",Book,
https://catalog.saclibrary.org/GroupedWork/3573b841-1697-7d1c-a84a-2ff36bac760f-eng,"Twilight of the elves","Clark, Zack Loran",9781484788608,,"Oasis Audio; Disney-Hyperion; Little, Brown Books for Young Readers",2018,"Los Angeles",eAudiobook;eBook;Book,"Book::Arcade Children's Area: CHILDREN FICTION Clark, Z. - On Shelf,Book::North Natomas Children's Area: CHILDREN FICTION Clark, Z. - Checked Out,Book::Southgate Children's Area: CHILDREN FICTION Clark, Z. - On Shelf"
https://catalog.saclibrary.org/GroupedWork/1bb638d5-e08f-9edc-31b9-e456794694cc-eng,"Grounded: the adventures of Rapunzel","Morrison, Megan, 1976-",9780545642699,,"Arthur A. Levine Books, an imprint of Scholastic Inc; Scholastic Inc.","2015 - 2017","New York, NY",eBook;Book;eAudiobook,"Book::Fair Oaks Children's Area: CHILDREN FICTION Morrison, M. - On Shelf,Book::Sacramento Public Library Storage: CHILDREN FICTION Morrison, M. - On Shelf,Book::Woodland Public Library Children's Area: CHILDREN FICTION Morrison, M. - On Shelf"
https://catalog.saclibrary.org/GroupedWork/5cc21852-8674-9f01-bc20-0401baf50f01-eng,"You and me and the land of lost things","Griffiths, Andy",9781250367358,,"Feiwel and Friends; Feiwel & Friends",2025,"New York",eBook;Book,"Book::Central Kids Place - Lower Level: MOVING UP Griffiths, A. - Checked Out,Book::Fair Oaks Children's Area: MOVING UP Griffiths, A. - On Shelf,Book::Galt Children's Area: MOVING UP Griffiths, A. - On Shelf"
https://catalog.saclibrary.org/GroupedWork/ad5e2cf5-49f7-24cb-d10e-df1f69aecc7e-eng,"Pikachu's nighttime adventure: the big, roud moon shone in the night sky","Matsuo, Rikako",9781339015071,,"Scholastic Inc",2025,"New York, NY","Picture Book","Picture Book::Central Kids Place - Lower Level: PICTURE BOOK Pokemon - Checked Out,Picture Book::Belle Cooledge Children's Area: PICTURE BOOK Pokemon - On Shelf,Picture Book::McClatchy Children's Area: PICTURE BOOK Pokemon - Checked Out"
https://catalog.saclibrary.org/GroupedWork/1902c4e0-6233-4638-a532-d015fbd9aa74-eng,"Peace, bugs, and understanding: an adventure in sibling harmony","Silver, Gail",9781937006631,,"Plum Blossom Books, Parallax Press",2014,"Berkeley, California","Picture Book","Picture Book::Carmichael Children's Area: PICTURE BOOK Silver, G. - On Shelf,Picture Book::Central Kids Place - Lower Level: PICTURE BOOK Silver, G. - On Shelf,Picture Book::Fair Oaks Children's Area: PICTURE BOOK Silver, G. - On Shelf"
https://catalog.saclibrary.org/GroupedWork/78eced13-30ec-d674-3ba0-b6d1049445f3-eng,"The last of the ender crystal","Davidson, Danica",9781510733527,,"Sky Pony; Sky Pony Press",2018,"New York",eBook;Book,"Book::Carmichael Children's Area: CHILDREN FICTION Minecraft - Checked Out,Book::Central Kids Place - Lower Level: CHILDREN FICTION Minecraft - On Shelf,Book::Belle Cooledge Children's Area: CHILDREN FICTION Minecraft - On Shelf"
https://catalog.saclibrary.org/GroupedWork/d23b7e2c-33d3-72e9-2578-062c88f7f72f-eng,"The marvelous adventures of Gwendolyn Gray","Williamson, B. A",9781631631726,,"North Star Editions; Jolly Fish Press",2018,"Mendota Heights, Minnesota",eBook;Book,"Book::Rancho Children's Area: CHILDREN FICTION Williamson, B. - On Shelf,Book::Rio Linda Children's Area: CHILDREN FICTION Williamson, B. - On Shelf"
https://catalog.saclibrary.org/GroupedWork/00e02eb6-8978-4cce-4fee-a8221bccf445-eng,"Phoebe and her unicorn: 10, The unicorn whisperer : another Phoebe and her unicorn adventure","Simpson, Dana, 1977-",9781544435831,,"Andrews McMeel Publishing",2019,"Kansas City, Missouri","Graphic Novel/Manga","Graphic Novel/Manga::Arcade Children's Area: CHILDREN GRAPHIC NOVEL Phoebe v.10 - On Shelf,Graphic Novel/Manga::Carmichael Children's Area: CHILDREN GRAPHIC NOVEL Phoebe v.10 - Checked Out,Graphic Novel/Manga::Central Kids Place - Lower Level: CHILDREN GRAPHIC NOVEL Phoebe v.10 - Checked Out"
https://catalog.saclibrary.org/GroupedWork/9fd506cf-57b6-8315-62fe-7fb39f874592-eng,"The sun and the star: a Nico di Angelo adventure","Riordan, Rick",9781368081153,,"Disney, Hyperion",2023,"Los Angeles",Book,"Book::Elk Grove Kids' Place: CHILDREN FICTION Riordan, R. - Checked Out,Book::Sylvan Oaks Children's Area: CHILDREN FICTION Riordan, R. - Checked Out,Book::Colusa Main Branch Juvenile Collection: J Fic - In Transit"
https://catalog.saclibrary.org/GroupedWork/e1a8c9b0-3bf0-71ed-e54d-969805621668-eng,"The extremely inconvenient adventures of Bronte Mettlestone","Moriarty, Jaclyn",9781338255843,,"Recorded Books, Inc.; W. F. Howes Ltd; Arthur A. Levine Books, an imprint of Scholastic Inc; Guppy Publishing Ltd","2018 - 2019","New York, NY",eAudiobook;Book;eBook,"Book::Carmichael Children's Area: CHILDREN FICTION Moriarty, J. - Checked Out,Book::Central Kids Place - Lower Level: CHILDREN FICTION Moriarty, J. - On Shelf,Book::Belle Cooledge Children's Area: CHILDREN FICTION Moriarty, J. - On Shelf"
https://catalog.saclibrary.org/GroupedWork/9cd2de6f-aff4-421d-9c2b-65ca893c19f1-eng,"Pokémon adventures: Volume 3","Kusaka, Hidenori",9781421530567,,"Viz Comics",2009,"San Francisco, Calif","Graphic Novel/Manga","Graphic Novel/Manga::Elk Grove Kids' Place: CHILDREN MANGA Pokemon Adventures v.3 - Checked Out,Graphic Novel/Manga::Franklin Children's: CHILDREN MANGA Pokemon Adventures v.3 - Checked Out,Graphic Novel/Manga::North Natomas Children's Area: CHILDREN MANGA Pokemon Adventures v.3 - Checked Out"
https://catalog.saclibrary.org/GroupedWork/0bdda2b1-5260-4adf-06f8-fc46dddadeb9-eng,"The adventures of mouse deer: favorite tales Southeast Asia","Shepard, Aaron",9781620355251,,"Skyhook Press",2018,"Bellingham, Washington",Book,
https://catalog.saclibrary.org/GroupedWork/d255b22b-c287-8158-8ad2-d89876d24a87-eng,"My near-death adventures (99% true!)","DeCamp, Alison",9780385390453,,"Crown Books for Young Readers",2015,"New York",Book,"Book::Carmichael Children's Area: CHILDREN FICTION Decamp, A. - On Shelf,Book::Fair Oaks Children's Area: CHILDREN FICTION Decamp, A. - On Shelf,Book::Sacramento Public Library Storage: CHILDREN FICTION Decamp, A. - On Shelf"
https://catalog.saclibrary.org/GroupedWork/e2235df8-3a4b-09a9-249b-f171b72bbc76-eng,"Ming's adventure with Confucius in Qufu: a story in English and Chinese","Li, Jian (Art teacher)",9781602209893,,"Better Link Press",2015,"New York, NY","Picture Book","Picture Book::Rancho Cordova Children's Area: CHINESE PICTURE BOOK Li, J. - On Shelf,Picture Book::Sutter County Main Branch Children's Area: CHINESE PICTURE BOOK Li, J. - On Shelf"
https://catalog.saclibrary.org/GroupedWork/179aad2c-c65e-bb56-e822-7ac7ea6bc77c-eng,"Star Wars: the High Republic adventures (Phase III). Volume 4","Older, Daniel José",9781506745770,,"Dark Horse Books; Dark Horse Comics, LLC.; Dark Horse Comics",2025,"Milwaukie, OR","Graphic Novel/Manga;eComic","Graphic Novel/Manga::Central Teen Area - 3rd Floor: TEEN GRAPHIC NOVEL Star Wars v.4 - On Shelf,Graphic Novel/Manga::Fair Oaks Teen Area: TEEN GRAPHIC NOVEL Star Wars v.4 - On Shelf,Graphic Novel/Manga::Rio Linda Teen Area: TEEN GRAPHIC NOVEL Star Wars v.4 - On Shelf"
https://catalog.saclibrary.org/GroupedWork/9a10ed79-50a9-477a-aab4-25d7b41aa202-eng,"The fintastic fishsitter: a Big fat zombie goldfish adventure","O'Hara, Mo",9781250065230,,"Feiwel & Friends",2016,"New York","Picture Book","Picture Book::Carmichael Children's Area: PICTURE BOOK O'Hara, M. - On Shelf,Picture Book::Central Kids Place - Lower Level: PICTURE BOOK O'Hara, M. - On Shelf"
https://catalog.saclibrary.org/GroupedWork/b6ab9d78-e21a-64ed-37f3-e0fe2c46607c-eng,"Pokemon adventures: Black & White. 8","Kusaka, Hidenori",9781421578378,,"VIZ Media, LLC",2015,"San Francisco, CA","Graphic Novel/Manga","Graphic Novel/Manga::Carmichael Children's Area: CHILDREN MANGA Pokemon Adventures v.8 - Checked Out,Graphic Novel/Manga::Belle Cooledge Children's Area: CHILDREN MANGA Pokemon Adventures v.8 - Checked Out,Graphic Novel/Manga::Elk Grove Kids' Place: CHILDREN MANGA Pokemon Adventures v.8 - On Shelf"
https://catalog.saclibrary.org/GroupedWork/7caa57af-66c4-8351-88e4-4c35e27e1e7b-eng,"Mysteries of the Overworld","Davidson, Danica",9781510728516,,"Sky Pony; Sky Pony Press",2018,"New York",eBook;Book,"Book::Arcade Children's Area: CHILDREN FICTION Minecraft - Checked Out,Book::Carmichael Children's Area: CHILDREN FICTION Minecraft - Checked Out,Book::Central Kids Place - Lower Level: CHILDREN FICTION Minecraft - On Shelf"
https://catalog.saclibrary.org/GroupedWork/650979e0-db68-76b5-c8b4-87fed5451e34-eng,"The island of adventure","Blyton, Enid",9781529008821,,"Macmillan Children's Books",2020,London,Book,"Book::McKinley Children's Area: CHILDREN FICTION Blyton, E. - In Transit,Book::Sylvan Oaks Children's Area: CHILDREN FICTION Blyton, E. - In Transit,Book::Walnut Grove Children's Area: CHILDREN FICTION Blyton, E. - Checked Out"
https://catalog.saclibrary.org/GroupedWork/ade3028b-fbea-6388-2325-de333447d76c-eng,"The adventures of Alfie Onion","French, Vivian",9781610677936,,"Kane Miller, a division of EDC Publishing",2018,"Tulsa, OK",Book,
https://catalog.saclibrary.org/GroupedWork/fab83019-2ca6-3327-939f-096040459efb-eng,"Where the world ends: a Zip, Trik, and Flip adventure","Calì, Davide, 1972-",9781616899370,,"Princeton Architectural Press",2021,"New York","Picture Book","Picture Book::Carmichael Children's Area: PICTURE BOOK Cali, D. - On Shelf,Picture Book::Galt Children's Area: PICTURE BOOK Cali, D. - On Shelf,Picture Book::McKinley Children's Area: PICTURE BOOK Cali, D. - On Shelf"
https://catalog.saclibrary.org/GroupedWork/372ed2b8-6285-a0a4-31dc-7080d78d2876-eng,"Afikoman, where'd you go?: a Passover hide-and-seek adventure","Levington, Rebecca Gardyn",9780593617786,,"Rocky Pond Books",2024,"New York","Picture Book","Picture Book::Central Kids Place - Lower Level: PICTURE BOOK Levington, R. - On Shelf,Picture Book::Elk Grove Kids' Place: PICTURE BOOK Levington, R. - On Shelf,Picture Book::Franklin Children's: PICTURE BOOK Levington, R. - Checked Out"
https://catalog.saclibrary.org/GroupedWork/b1688e7e-1493-4733-33a1-589745471f32-eng,"Louise: the adventures of a chicken","DiCamillo, Kate",9780060755553,,"Live Oak Media; Joanna Cotler Books","2008 - 2009","New York","Picture Book;eAudiobook","Picture Book::Colonial Heights Children's Area: PICTURE BOOK DiCamillo, K. - On Shelf,Picture Book::Galt Children's Area: PICTURE BOOK DiCamillo, K. - On Shelf,Picture Book::Isleton Children's Area: PICTURE BOOK DiCamillo, K. - On Shelf"
https://catalog.saclibrary.org/GroupedWork/bd2a76fe-d3b9-5091-605b-1b68fa388aa8-eng,"Reign of outlaws","Magoon, Kekla",9781619636576,,"Bloomsbury; Bloomsbury Publishing",2017,"New York",eBook;Book,"Book::Pocket-Greenhaven Kids' Place: CHILDREN FICTION Magoon, K. - On Shelf,Book::Rancho Children's Area: CHILDREN FICTION Magoon, K. - On Shelf,Book::Sacramento Public Library Storage: CHILDREN FICTION Magoon, K. - On Shelf"
https://catalog.saclibrary.org/GroupedWork/e0c1178e-d90e-2e09-7990-ff0a4c95e26f-eng,"School for crooks","Rusu, Meredith",9781338262490,,"Scholastic Inc.; Scholastic Inc",2018,"New York, NY",Book;eAudiobook,"Book::Elk Grove Kids' Place: MOVING UP Lego - On Shelf,Book::Rancho Children's Area: MOVING UP Lego - Checked Out,Book::Sylvan Oaks Children's Area: MOVING UP Lego - On Shelf"
https://catalog.saclibrary.org/GroupedWork/c87b4c3c-eeff-7eb0-3476-e57c6d03c340-eng,"You & me and the peanut butter beast","Griffiths, Andy, 1961-",9781250367365,,"Feiwel and Friends; Feiwel & Friends",2026,"New York",eBook;Book,"Book::Carmichael Children's Area: MOVING UP Griffiths, A. - Checked Out,Book::Central Kids Place - Lower Level: MOVING UP Griffiths, A. - Checked Out,Book::Colonial Heights Children's Area: MOVING UP Griffiths, A. - Checked Out"
https://catalog.saclibrary.org/GroupedWork/4ac770cf-b328-08f1-510c-dcbf8d8c26d5-eng,"Nightshade revenge","Horowitz, Anthony, 1955-",9780593691397,,"Philomel Books; Penguin Young Readers Group",2024,"New York",eBook;Book,"Book::Carmichael Teen Area: TEEN FICTION Horowitz, A. - Checked Out,Book::Central Teen Area - 3rd Floor: TEEN FICTION Horowitz, A. - On Shelf,Book::Belle Cooledge Teen Area: TEEN FICTION Horowitz, A. - Checked Out"
https://catalog.saclibrary.org/GroupedWork/752e82d4-cc1f-d152-b02a-4deb81184480-eng,"Trapped in the overworld","Morgan, Winter",9781484478929,,"Sky Pony; Sky Pony Press",2016,"New York",eBook;Book,
https://catalog.saclibrary.org/GroupedWork/36180858-d2ff-4dab-0964-179295d38da0-eng,"Tucket's ride","Paulsen, Gary",9780440411475,,"Recorded Books, Inc.; Dell Yearling","1998 - 2014","New York",eAudiobook;Book,"Book::Arcade Children's Area: CHILDREN FICTION Paulsen, G. - On Shelf,Book::Belle Cooledge Children's Area: CHILDREN FICTION Paulsen, G. - On Shelf,Book::North Natomas Children's Area: CHILDREN FICTION Paulsen, G. - On Shelf"
https://catalog.saclibrary.org/GroupedWork/273fd206-ad63-4d6a-0398-b73e81cfd103-eng,"The adventures of Luke Skywalker, Jedi knight","DiTerlizzi, Tony",9781484706688,,"Disney Lucasfilm Press",2014,"Los Angeles, California","Picture Book",
https://catalog.saclibrary.org/GroupedWork/57e2bdc9-7efc-6d3e-e0fb-596069d6c6e6-eng,"The last chance for Logan County","Giles, Lamar, 1979-",9780358423362,,"Recorded Books, Inc.; HarperCollins; Versify, Houghton Mifflin Harcourt",2021,Boston,eAudiobook;eBook;Book,"Book::Carmichael Children's Area: CHILDREN FICTION Giles, L. - On Shelf,Book::Elk Grove Kids' Place: CHILDREN FICTION Giles, L. - On Shelf,Book::Fair Oaks Children's Area: CHILDREN FICTION Giles, L. - On Shelf"
https://catalog.saclibrary.org/GroupedWork/1b051168-613e-dc3a-9678-77203562da6f-eng,"The life and adventures of Robinson Crusoe","Defoe, Daniel, 1661?-1731",9781684127931,,"Project Gutenberg; Dreamscape Media; Delince Group, Inc.; HarperCollins Canada; Hurst; Otbebookpublishing; Wildside Press LLC; SC Active Business Development SRL; Jason Nollan; Printers Row Publishing Group","1900 - 2023","New York; San Diego, CA",eBook;Book,"Book::Arcade Children's Area: CHILDREN FICTION Defoe, D. - Checked Out,Book::Carmichael Children's Area: CHILDREN FICTION Defoe, D. - On Shelf,Book::Sylvan Oaks Children's Area: CHILDREN FICTION Defoe, D. - On Shelf"
https://catalog.saclibrary.org/GroupedWork/0dd23f80-06b8-e176-5a66-dfbab4370bca-eng,"Journey on a runaway train","Garretson, Dee",9780807506967,,"Albert Whitman & Company; Oasis Audio",2017,"Chicago, Illinois",eAudiobook;Book,"Book::Arcade Children's Area: CHILDREN FICTION Warner, G. - Checked Out,Book::Belle Cooledge Children's Area: CHILDREN FICTION Warner, G. - On Shelf,Book::McKinley Children's Area: CHILDREN FICTION Warner, G. - Checked Out"
https://catalog.saclibrary.org/GroupedWork/0e6d951a-6887-c500-babb-04f44896e31a-eng,"Dive in!: a topsy-turvy-say-it-out-loud underwater adventure","Recess Monkey (Musical group)",9781943200139,,"Compendium Inc",2017,"Seattle, Washington","Picture Book","Picture Book::Isleton Children's Area: PICTURE BOOK Dive - On Shelf,Picture Book::Sylvan Oaks Children's Area: PICTURE BOOK Dive - On Shelf,Picture Book::Grimes Branch Library Juvenile Collection: E - On Shelf"
https://catalog.saclibrary.org/GroupedWork/a70e2ca2-01b5-de6a-c109-60eebfd1bfc1-eng,"The creeper attack","Morgan, Winter",9781510737365,,"Sky Pony; Sky Pony Press",2018,"New York",eBook;Book,"Book::Carmichael Children's Area: CHILDREN FICTION Minecraft - On Shelf,Book::Folsom Children's Area: CHILDREN PAPERBACK SERIES M - Checked Out"
https://catalog.saclibrary.org/GroupedWork/4304c0d4-e7a6-4771-4862-e83a611ae3a7-eng,"Thea Stilton and the dancing shadows: a Geronimo Stilton adventure","Stilton, Thea",9780545481878,,"Scholastic Inc.; Scholastic",2013,"New York",eBook;Book,"Book::Central Kids Place - Lower Level: MOVING UP Stilton, T. - Checked Out,Book::Sutter County Main Branch Children's Area: MOVING UP Stilton, T. - Checked Out,Book::Woodland Public Library Children's Area: CHILDREN FICTION Stilton - Checked Out"
https://catalog.saclibrary.org/GroupedWork/3a52c482-af77-dbce-6030-4037dc0959dd-eng,"Adventures of a kid magician: From the magical life of Justin Flom","Flom, Scott",9780692512562,,"Magic Life, LLC",2015,"Eden Prairie, MN",Book,
https://catalog.saclibrary.org/GroupedWork/faa4a800-8e7f-ddad-7ef1-e59a33d8dc78-eng,"Pokémon adventures: XY. Volume 5","Kusaka, Hidenori",9781974734603,,"VIZ Media; VIZ Media, LLC",2023,"San Francisco, CA","Graphic Novel/Manga;eComic","Graphic Novel/Manga::Arcade Children's Area: CHILDREN MANGA Pokemon Adventures v.5 - Checked Out,Graphic Novel/Manga::Elk Grove Kids' Place: CHILDREN MANGA Pokemon Adventures v.5 - On Shelf,Graphic Novel/Manga::Fair Oaks Children's Area: CHILDREN MANGA Pokemon Adventures v.5 - On Shelf"
https://catalog.saclibrary.org/GroupedWork/b96ce8fc-106a-2c22-a35d-7060714cf056-eng,"Diana and the journey to the unknown","Saeed, Aisha",9780593178416,,"Random House; Books on Tape",2022,"New York",eAudiobook;Book,"Book::Belle Cooledge Children's Area: CHILDREN FICTION Wonder Woman - On Shelf,Book::Courtland Children's Area: CHILDREN FICTION Wonder Woman - On Shelf,Book::Franklin Children's: CHILDREN FICTION Wonder Woman - On Shelf"
https://catalog.saclibrary.org/GroupedWork/4a4c7a90-536d-876c-cab5-690a80cfcc6b-eng,"Nurk: the strange, surprising adventures of a (somewhat) brave shrew","Vernon, Ursula",9780152063757,,"Harcourt; HarperCollins; Full Cast Audio","2008 - 2009","Orlando [Fla.]; [New York, N.Y.]","eAudiobook;Audiobook - CD;eBook;Book","Book::South Natomas Children's Area: CHILDREN FICTION Vernon, U. - Checked Out"
https://catalog.saclibrary.org/GroupedWork/3ba3127f-5757-f461-22a6-e8214f390041-eng,"The dragon of fortune: an epic Kingdom of Fantasy adventure","Stilton, Geronimo",9781338159394,,"Scholastic Inc",2017,"New York, NY",Book,"Book::Fair Oaks Children's Area: MOVING UP Stilton, G. - Checked Out,Book::Princeton Branch Library Juvenile Collection: J Fic - On Shelf"
https://catalog.saclibrary.org/GroupedWork/e80abc2f-5ea6-24ba-3f05-4347d4587e91-eng,"Oscar: the big adventure of a little sock monkey","Schwartz, Amy",9780060726232,,"Katherine Tegen Books",2006,"New York","Picture Book","Picture Book::Central Kids Place - Lower Level: PICTURE BOOK Schwartz, A. - On Shelf"
https://catalog.saclibrary.org/GroupedWork/2421359d-149e-ed16-06a2-c0e9a317ee29-eng,"Pendragon: The lost city of Faar : journal of an adventure through time and space","MacHale, D. J",9781416936268,,"Simon & Schuster Books for Young Readers",2007,"New York",Book,"Book::Colonial Heights Children's Area: CHILDREN FICTION MacHale, D. - On Shelf,Book::Belle Cooledge Children's Area: CHILDREN FICTION MacHale, D. - On Shelf,Book::McClatchy Children's Area: CHILDREN FICTION MacHale, D. - On Shelf"
https://catalog.saclibrary.org/GroupedWork/ecf7ce1b-cc60-73e9-21e4-e527f2f5ee6e-eng,"Sophie Quire and the last Storyguard","Auxier, Jonathan",9781419717475,,"Amulet Books",2016,"New York",eBook;Book,"Book::Central Kids Place - Lower Level: CHILDREN FICTION Auxier, J. - On Shelf,Book::Woodland Public Library Children's Area: CHILDREN FICTION Auxier, J. - Checked Out"
https://catalog.saclibrary.org/GroupedWork/9760dceb-2fd5-e705-540b-b16baac215aa-eng,"The great big dinosaur treasury: tales of adventure and discovery",,9780544325258,,"Houghton Mifflin Harcourt",2014,Boston,"Picture Book","Picture Book::Central Kids Place - Lower Level: PICTURE BOOK Great - On Shelf,Picture Book::Princeton Branch Library Children's Collection: E - On Shelf"
https://catalog.saclibrary.org/GroupedWork/14694879-94c8-8484-c989-182c020f76ed-eng,"Timo the adventurer","Garnier, Jonathan, 1982-",9780358360124,,"Etch, Clarion Books, Houghton Mifflin Harcourt",2020,Boston,"Graphic Novel/Manga","Graphic Novel/Manga::Carmichael Children's Area: CHILDREN GRAPHIC NOVEL Garnier, J. - On Shelf,Graphic Novel/Manga::Franklin Children's: CHILDREN GRAPHIC NOVEL Garnier, J. - Checked Out,Graphic Novel/Manga::North Natomas Children's Area: CHILDREN GRAPHIC NOVEL Garnier, J. - On Shelf"
https://catalog.saclibrary.org/GroupedWork/c204637a-ad2f-5781-ccfc-e3474e2c76ab-eng,"Roar of the thunder dragon","West, Tracey, 1965-",9781338042924,,"Branches/Scholastic Inc; Scholastic Inc.","2017 - 2020","New York, NY",eAudiobook;eBook;Book,"Book::Carmichael Children's Area: MOVING UP West, T. - Checked Out,Book::Central Kids Place - Lower Level: MOVING UP West, T. - On Hold Shelf,Book::Fair Oaks Children's Area: MOVING UP West, T. - Checked Out"
https://catalog.saclibrary.org/GroupedWork/8446d8b7-42b0-9b21-db8e-7f5772eabfa5-eng,"Island of Dragons: the twelfth adventure in the Kingdom of Fantasy","Stilton, Geronimo",9781338546934,,"Scholastic Inc",2019,"New York, NY",Book,"Book::Carmichael Children's Area: MOVING UP Stilton, G. - Checked Out,Book::Elk Grove Kids' Place: MOVING UP Stilton, G. - Checked Out,Book::Franklin Children's: MOVING UP Stilton, G. - Checked Out"
https://catalog.saclibrary.org/GroupedWork/b55613f2-1e7a-401c-f928-f49c3c5dd7ee-eng,"The sun and the star","Riordan, Rick",9798885795111,,"Disney Hyperion; Disney Hyperion Digital; Thorndike Press","2023 - 2024",Mexico,"eAudiobook;Large Print;eBook",
https://catalog.saclibrary.org/GroupedWork/dc8719c1-0127-49f3-01e9-c469faaec917-eng,"Geronimo Stilton: The Enchanted charms : the seventh adventure in the Kingdom of Fantasy","Stilton, Geronimo",9780545746151,,"Scholastic Inc",2015,"New York",Book,"Book::Franklin Children's: MOVING UP Stilton, G. - On Hold Shelf,Book::North Natomas Children's Area: MOVING UP Stilton, G. - Checked Out,Book::Southgate Children's Area: MOVING UP Stilton, G. - Checked Out"
https://catalog.saclibrary.org/GroupedWork/91f2e3d2-0c9a-e12f-81b1-dd68560e74e8-eng,"Nimesh the adventurer","Singh, Ranjit (Author at Lantana Publishing)",9781911373247,,"Lantana Publishing Ltd; Lantana Publishing",2018,London,"Picture Book;eBook","Picture Book::Carmichael Children's Area: PICTURE BOOK Singh, R. - Checked Out,Picture Book::Central Kids Place - Lower Level: PICTURE BOOK Singh, R. - On Shelf,Picture Book::Franklin Children's: PICTURE BOOK Singh, R. - On Shelf"
https://catalog.saclibrary.org/GroupedWork/eb115e54-a094-290a-dab5-03a9b9a969dd-eng,"Pokémon adventures: Diamond and Pearl platinum. Volume 3","Kusaka, Hidenori",9781421538181,,"VIZ Media","2011 - 2018","San Francisco","Graphic Novel/Manga;eComic","Graphic Novel/Manga::Carmichael Children's Area: CHILDREN MANGA Pokemon Adventures v.3 - Checked Out,Graphic Novel/Manga::Franklin Children's: CHILDREN MANGA Pokemon Adventures v.3 - Checked Out,Graphic Novel/Manga::Valley Hi-North Laguna Children's Area: CHILDREN MANGA Pokemon Adventures v.3 - Checked Out"
https://catalog.saclibrary.org/GroupedWork/ca232fc7-4b9c-0d28-fbd2-a818b71e2226-eng,"The African safari discovery","Greenhut, Josh",9780061430015,,"Scholastic; Harper",2011,"New York; Toronto",Book,"Book::Elk Grove Kids' Place: MOVING UP Brown, J. - On Shelf,Book::North Natomas Children's Area: MOVING UP Brown, J. - On Shelf,Book::Folsom Children's Area: CHILDREN PAPERBACK SERIES F - On Shelf"
https://catalog.saclibrary.org/GroupedWork/ea711347-5ff3-cc51-f75c-54bf1d4b4906-eng,"The actual & truthful adventures of Becky Thatcher","Lawson, Jessica",9781481401500,,"Dreamscape Media; Simon & Schuster Books for Young Readers",2014,"New York",eAudiobook;Book,"Book::Carmichael Children's Area: CHILDREN FICTION Lawson, J. - On Shelf,Book::Colusa Main Branch Juvenile Collection: J Fic - On Shelf"
https://catalog.saclibrary.org/GroupedWork/9febd1e4-9ad3-77ed-f374-7a6a85a0330c-eng,"Welcome to the island","Costa, Dela",9781665926546,,"Little Simon",2022,"New York",eBook;Book,"Book::Central Kids Place - Lower Level: MOVING UP Costa, D. - Checked Out,Book::Belle Cooledge Children's Area: MOVING UP Costa, D. - Checked Out,Book::McKinley Children's Area: MOVING UP Costa, D. - In Transit"
https://catalog.saclibrary.org/GroupedWork/25af3e81-f4a5-01aa-1618-6056462232ad-eng,"The monstrous adventures of Mummy Man and Waffles","Behling, Steve",9780063254848,,"HarperCollins; Harper, an imprint of HarperCollinsPublishers",2024,"New York, NY",eAudiobook;eBook;Book,"Book::Carmichael Children's Area: CHILDREN FICTION Behling, S. - On Shelf,Book::Central Kids Place - Lower Level: CHILDREN FICTION Behling, S. - On Shelf,Book::Belle Cooledge Children's Area: CHILDREN FICTION Behling, S. - On Shelf"
https://catalog.saclibrary.org/GroupedWork/27128ccd-6626-69f7-1947-324684a23d7b-eng,"Pokémon adventures: Volume 8, Gold & silver","Kusaka, Hidenori",9781421530611,,"Viz Media",2010,"San Francisco","Graphic Novel/Manga","Graphic Novel/Manga::Isleton Children's Area: CHILDREN MANGA Pokemon Adventures v.8 - On Shelf,Graphic Novel/Manga::Orangevale: CHILDREN MANGA Pokemon Adventures v.8 - Checked Out,Graphic Novel/Manga::Pocket-Greenhaven Kids' Place: CHILDREN MANGA Pokemon Adventures v.8 - Checked Out"
https://catalog.saclibrary.org/GroupedWork/16473b6b-5512-aabd-0792-725ef352f45d-eng,"Marvel super stories: Book 2, Amazing adventures","Jennings, John",9781419771446,,"Abrams Fanfare",2024,"New York","Graphic Novel/Manga","Graphic Novel/Manga::Arcade Children's Area: CHILDREN GRAPHIC NOVEL Marvel bk.2 - Checked Out,Graphic Novel/Manga::Carmichael Children's Area: CHILDREN GRAPHIC NOVEL Marvel bk.2 - Checked Out,Graphic Novel/Manga::Central Kids Place - Lower Level: CHILDREN GRAPHIC NOVEL Marvel bk.2 - On Shelf"
https://catalog.saclibrary.org/GroupedWork/636830bb-58bc-7520-b98f-c7675082107d-eng,"Destruction in the desert","Morgan, Winter",9781510737372,,"Sky Pony; Sky Pony Press",2019,"New York",eBook;Book,"Book::Arcade Children's Area: CHILDREN FICTION Minecraft - On Shelf,Book::Carmichael Children's Area: CHILDREN FICTION Minecraft - On Shelf,Book::Del Paso Heights Children's Area: CHILDREN FICTION Minecraft - On Shelf"
https://catalog.saclibrary.org/GroupedWork/6aabebe0-adf4-6fa8-ab49-0750596b6624-eng,"Cora’s beach adventure","Walker, Sally M",9781536240313,,,2026,,Book,"Book::Central Kids Place - Lower Level: ON ORDER - On Order,Book::Sacramento Public Library: ON ORDER - On Order"
https://catalog.saclibrary.org/GroupedWork/c75cc5ff-56da-9096-2b58-adfd09c466e8-eng,"Return of the Ender Dragon","Davidson, Danica",9781510733541,,"Sky Pony; Sky Pony Press",2018,"New York",eBook;Book,"Book::Arcade Children's Area: CHILDREN FICTION Minecraft - Checked Out,Book::Belle Cooledge Children's Area: CHILDREN FICTION Minecraft - On Shelf,Book::Del Paso Heights Children's Area: CHILDREN FICTION Minecraft - Checked Out"
https://catalog.saclibrary.org/GroupedWork/1ea8a1a3-2140-fe5c-f35a-a088bc7fd965-eng,Moonlocket,"Bunzl, Peter",9781631633751,,"Recorded Books, Inc.; North Star Editions; Jolly Fish Press",2019,"Mendota Heights, MN",eBook;Book;eAudiobook,"Book::Central Kids Place - Lower Level: CHILDREN FICTION Bunzl, P. - On Shelf,Book::McKinley Children's Area: CHILDREN FICTION Bunzl, P. - On Shelf,Book::South Natomas Children's Area: CHILDREN FICTION Bunzl, P. - On Shelf"
https://catalog.saclibrary.org/GroupedWork/ef432277-a201-9005-129e-7b979ed46b71-eng,"Battle for time","Morgan, Winter",9781510741195,,"Sky Pony; Sky Pony Press",2019,"New York",eBook;Book,"Book::North Sacramento-Hagginwood Children's Area: CHILDREN FICTION Minecraft - On Shelf,Book::Orangevale: CHILDREN FICTION Minecraft - On Shelf,Book::Southgate Children's Area: CHILDREN FICTION Minecraft - On Shelf"
https://catalog.saclibrary.org/GroupedWork/ce378f9d-8045-e3b8-9374-52dc9e767e3d-eng,"Toys go out: being the adventures of a knowledgeable Stingray, a toughy little Buffalo, and someone called Plastic","Jenkins, Emily, 1967-",9780375936043,,"Recorded Books, Inc.; Schwartz & Wade Books; Random House Children's Books","2006 - 2008","New York",eAudiobook;eBook;Book,"Book::Carmichael Children's Area: MOVING UP Jenkins, E. - On Shelf,Book::Sutter County Main Branch Children's Area: CHILDREN FICTION Jenkins, E. - On Shelf"
https://catalog.saclibrary.org/GroupedWork/ae6e4cdb-c61d-cb9a-c0ce-1f72b7890c69-eng,"Hello Ruby: adventures in coding","Liukas, Linda",9781250065001,,"Feiwel and Friends",2015,"New York",Book,"Book::Belle Cooledge Children's Area: CHILDREN 005.13 L783 2015 - On Shelf,Book::Rancho Children's Area: CHILDREN 005.13 L783 2015 - Checked Out,Book::Maxwell Branch Library Juvenile Collection: J 005.13 L - On Shelf"
https://catalog.saclibrary.org/GroupedWork/63cde034-fa40-eb69-25aa-5b04bb66290d-eng,"The epic adventures of Huggie & Stick","Daywalt, Drew",9780399172762,,"Philomel Books",2018,"New York, NY","Picture Book","Picture Book::Carmichael Children's Area: PICTURE BOOK Daywalt, D. - Checked Out,Picture Book::Central Kids Place - Lower Level: PICTURE BOOK Daywalt, D. - On Shelf,Picture Book::Fair Oaks Children's Area: PICTURE BOOK Daywalt, D. - On Shelf"
https://catalog.saclibrary.org/GroupedWork/f756f6dd-b0ff-3707-65df-157b909391b4-eng,"Ba-chan the ninja grandma: an adventure with Little Kunoichi, the ninja girl","Ishida, Sanae",9781632171184,,"Little Bigfoot",2018,Seattle,"Picture Book","Picture Book::Carmichael Children's Area: PICTURE BOOK Ishida, S. - On Shelf,Picture Book::Central Kids Place - Lower Level: PICTURE BOOK Ishida, S. - On Shelf,Picture Book::Franklin Children's: PICTURE BOOK Ishida, S. - On Shelf"
https://catalog.saclibrary.org/GroupedWork/e65a1a47-dfb7-9cd3-4c83-72d2b60c2173-eng,"Bloody Jack: being an account of the curious adventures of Mary ""Jacky"" Faber, Ship's Boy","Meyer, L. A. (Louis A.), 1942-",9780152050856,,"Harcourt; HarperCollins; Listen & Live Audio, Inc.",2004,"San Diego",eAudiobook;eBook;Book,"Book::North Natomas: TEEN FICTION Meyer, L. - On Shelf,Book::Colusa Main Branch Juvenile Collection: J Fic - On Shelf,Book::Sacramento Public Library Storage: TEEN FICTION Meyer, L. - On Shelf"
https://catalog.saclibrary.org/GroupedWork/ff2fbe1f-7b02-0843-3c35-6bfa9b7a481c-eng,"My friend from the future","Brady, Dustin",9781524890360,,"Andrews McMeel; Andrews McMeel Publishing",2024,"Kansas City, Missouri",eBook;Book,"Book::Arcade Children's Area: CHILDREN FICTION Brady, D. - On Shelf,Book::Carmichael Children's Area: CHILDREN FICTION Brady, D. - On Shelf,Book::Colonial Heights Children's Area: CHILDREN FICTION Brady, D. - On Shelf"
https://catalog.saclibrary.org/GroupedWork/221a17f2-d026-bdcf-3584-ac5ff895196d-eng,"The haunted dinosaur: A Geronimo Stilton Adventure","Stilton, Geronimo",9781338087895,,"Scholastic Inc",2017,"New York, NY",Book,"Book::Sylvan Oaks Children's Area: MOVING UP Stilton, G. - Checked Out,Book::Valley Hi-North Laguna Children's Area: MOVING UP Stilton, G. - Checked Out,Book::Folsom Children's Area: CHILDREN PAPERBACK SERIES G - Checked Out"
https://catalog.saclibrary.org/GroupedWork/685d70de-c69c-327d-55df-68bcce0facaa-eng,"Shinji Takahashi and the mark of the coatl","Kagawa, Julie",9781368068192,,"Disney Hyperion; Disney-Hyperion; Disney - RHCB; Books on Tape",2022,"Los Angeles",eAudiobook;eBook;Book,"Book::Central Kids Place - Lower Level: CHILDREN FICTION Kagawa, J. - On Shelf,Book::Elk Grove Kids' Place: CHILDREN FICTION Kagawa, J. - Checked Out,Book::Franklin Children's: CHILDREN FICTION Kagawa, J. - On Shelf"
https://catalog.saclibrary.org/GroupedWork/2b524c57-dbec-8b52-4d9d-4d4d6212898c-eng,"Marvel Spider-Man: Adventures of the web-slinger","Hugo, Simon",9781465451613,,"DK Publishing",2016,"New York",Book,"Book::Carmichael Children's Area: CHILDREN FICTION Spider-Man - On Shelf"
https://catalog.saclibrary.org/GroupedWork/a71e9c77-e6cd-8981-8de2-2a7d34336314-eng,"PAW patrol: Adventure Bay's noisy day!",,9781503771536,,"PI Kids, an imprint of Phoenix International Publications, Inc",2021,"Chicago, Illinois",Book,
https://catalog.saclibrary.org/GroupedWork/e86c8ecf-b0a2-af67-2ca7-7ba4646c7581-eng,"The adventures of Pinocchio","Robinson, W. T. (William Theodore), 1877-1953",9781453064542,,"Dalmatian Press",2013,"Franklin, Tennessee",Book,
https://catalog.saclibrary.org/GroupedWork/87b2194b-8f39-9669-20ea-08531db61e8d-eng,"Outdoor adventures!","Kertell, Lynn Maslen",9781338814125,,"Scholastic Inc.; Scholastic Inc",2022,"New York, NY","Easy Reader;eBook","Easy Reader::Carmichael Children's Area: EASY READER 1 Kertell, L. - Checked Out,Easy Reader::Elk Grove Kids' Place: EASY READER 1 Kertell, L. - On Shelf,Easy Reader::Fair Oaks Children's Area: EASY READER 1 Kertell, L. - Checked Out"
https://catalog.saclibrary.org/GroupedWork/2b055ebc-0a84-9ef9-2429-3f42022bbc20-eng,"My one hundred adventures","Horvath, Polly",9780375845826,,"Schwartz & Wade Books; Books on Tape",2008,"New York",eAudiobook;Book,"Book::Elk Grove Kids' Place: CHILDREN FICTION Horvath, P. - On Shelf,Book::Franklin Children's: CHILDREN FICTION Horvath, P. - On Shelf,Book::Rancho Children's Area: CHILDREN FICTION Horvath, P. - On Shelf"
https://catalog.saclibrary.org/GroupedWork/f1ca232b-943b-fb8e-50ff-fc0726c2335e-eng,"Sueño Bay adventures: 3, Hermit Hill","Deas, Mike, 1982-",9781459831490,,"Orca Book Publishers",2022,"Victoria, British Columbia","Graphic Novel/Manga","Graphic Novel/Manga::Arcade Children's Area: CHILDREN GRAPHIC NOVEL Sueno Bay v.3 - On Shelf,Graphic Novel/Manga::Carmichael Children's Area: CHILDREN GRAPHIC NOVEL Sueno Bay v.3 - Checked Out,Graphic Novel/Manga::Franklin Children's: CHILDREN GRAPHIC NOVEL Sueno Bay v.3 - Checked Out"
https://catalog.saclibrary.org/GroupedWork/e3eeb812-e5d2-3193-d0cf-34297506eba0-eng,"Clash in the underwater world","Davidson, Danica",9781510733497,,"Sky Pony; Sky Pony Press",2018,"New York, NY",eBook;Book,"Book::Carmichael Children's Area: CHILDREN FICTION Minecraft - Checked Out,Book::Central Kids Place - Lower Level: CHILDREN FICTION Minecraft - On Shelf,Book::Courtland Children's Area: CHILDREN FICTION Minecraft - On Shelf"
https://catalog.saclibrary.org/GroupedWork/33bcbead-23bc-9c65-5311-f6c146ddf436-eng,"Tomo takes flight","Lai, Trevor",9781250085467,,Imprint,2017,"New York","Picture Book;eBook","Picture Book::Central Kids Place - Lower Level: PICTURE BOOK Lai, T. - On Shelf,Picture Book::Orangevale: PICTURE BOOK Lai, T. - On Shelf,Picture Book::Sylvan Oaks Children's Area: PICTURE BOOK Lai, T. - On Shelf"
https://catalog.saclibrary.org/GroupedWork/0d9d5547-4884-e356-0f1f-aa9cc56e405d-eng,"Chibi Samurai wants a pet: an adventure with Little Kunoichi the ninja girl","Ishida, Sanae",9781632171177,,"Little Bigfoot, an imprint of Sasquatch Books",2017,"Seattle, WA","Picture Book","Picture Book::Central Kids Place - Lower Level: PICTURE BOOK Ishida, S. - On Shelf,Picture Book::Sylvan Oaks Children's Area: PICTURE BOOK Ishida, S. - On Shelf,Picture Book::Woodland Public Library Children's Area: PICTURE BOOK STORIES Ish - On Shelf"
https://catalog.saclibrary.org/GroupedWork/f505a615-33fc-3bc0-f733-05b681ff30ee-eng,"One ridonculous adventure","Daly, Catherine",9781423115557,,"Disney Press",2008,"New York, N.Y",Book,
https://catalog.saclibrary.org/GroupedWork/9ea4da93-ab49-707e-3864-ddc9c7859bf8-eng,"A trip to the country for Marvin & James","Broach, Elise",9781250186096,,"Henry Holt and Co. (BYR); Christy Ottaviano Books, Henry Holt and Company",2020,"New York",eBook;Book,"Book::Arcade Children's Area: MOVING UP Broach, E. - On Shelf,Book::Carmichael Children's Area: MOVING UP Broach, E. - On Shelf,Book::Belle Cooledge Children's Area: MOVING UP Broach, E. - On Shelf"
https://catalog.saclibrary.org/GroupedWork/b229ff57-3897-39b2-e667-cf66a4dc00a5-eng,"Mars: you decide how to survive!","Khan, Hena",9780811871242,,"Chronicle Books",2011,"San Francisco, Calif",Book,"Book::Central Kids Place - Lower Level: CHILDREN FICTION Khan, H. - On Shelf,Book::Southgate Children's Area: CHILDREN FICTION Khan, H. - On Shelf,Book::Sacramento Public Library Storage: CHILDREN FICTION Khan, H. - On Shelf"
https://catalog.saclibrary.org/GroupedWork/50c3c6a1-387b-26a6-2bda-42581fb5d2a0-eng,"The adventures of Don Quixote de la Mancha","Cervantes Saavedra, Miguel de, 1547-1616",,,"A. A. Knopf",1939,"N[ew] Y[ork]",Book,
https://catalog.saclibrary.org/GroupedWork/d74de7d4-84c0-db5c-ee59-ccb998ed115a-eng,"Last mirror on the left","Giles, Lamar, 1979-",9780358129417,,"Recorded Books, Inc.; HarperCollins; Versify, Houghton Mifflin Harcourt",2020,Boston,eAudiobook;eBook;Book,"Book::North Natomas Children's Area: CHILDREN FICTION Giles, L. - On Shelf,Book::Rancho Children's Area: CHILDREN FICTION Giles, L. - On Shelf,Book::Sylvan Oaks Children's Area: CHILDREN FICTION Giles, L. - On Shelf"
https://catalog.saclibrary.org/GroupedWork/51dece5f-3146-6a25-a8fa-602bf52db820-eng,"Dora's big birthday adventure","Silverhardt, Lauryn",9781451791921,,"Random House Childrens Books",2013,"New York",Book,
https://catalog.saclibrary.org/GroupedWork/0d2a216c-b76b-4558-8ce6-1b97168eab19-eng,"Wrath of the Triple Goddess","Riordan, Rick",9781368107631,,"Thorndike Press, a part of Gale, a Cengage Company; Disney Hyperion; Disney Hyperion Digital; Disney, Hyperion","2024 - 2025","Los Angeles; [Waterville, Maine]","eAudiobook;eBook;Large Print;Book","Book::Carmichael Children's Area: CHILDREN FICTION Riordan, R. - Checked Out,Book::Central Kids Place - Lower Level: CHILDREN FICTION Riordan, R. - In Transit,Book::Central Kids Place - Lower Level: ON ORDER - On Order"
https://catalog.saclibrary.org/GroupedWork/8b45816e-5f93-4e30-4c5e-99e3c5ff30b3-eng,"Escape from the Nether","Morgan, Winter",9781510741171,,"Sky Pony; Sky Pony Press",2019,"New York",eBook;Book,"Book::Arcade Children's Area: CHILDREN FICTION Minecraft - Checked Out,Book::Carmichael Children's Area: CHILDREN FICTION Minecraft - On Shelf,Book::Folsom Children's Area: CHILDREN PAPERBACK SERIES M - Checked Out"
https://catalog.saclibrary.org/GroupedWork/f3bff800-6cc7-3063-6b09-186d6bc4ec7d-eng,"The keepers of the empire: the fourteenth adventure in the Kingdom of Fantasy","Stilton, Geronimo",9781338756920,,"Scholastic, Inc",2021,"New York",Book,"Book::South Natomas Children's Area: MOVING UP Stilton, G. - On Hold Shelf,Book::Sutter County Main Branch Children's Area: MOVING UP Stilton, G. - On Shelf"
https://catalog.saclibrary.org/GroupedWork/62388e80-c6a7-ce73-6f73-a12279528c97-eng,"Star Wars: The High Republic adventures","Older, Daniel José",9781684058532,,"IDW Publishing, a division of Idea and Design Works, LLC",2021,"San Diego, CA","Graphic Novel/Manga","Graphic Novel/Manga::Carmichael Children's Area: CHILDREN GRAPHIC NOVEL Star Wars v.1 - On Shelf,Graphic Novel/Manga::Central Kids Place - Lower Level: CHILDREN GRAPHIC NOVEL Star Wars v.1 - On Shelf,Graphic Novel/Manga::Fair Oaks Children's Area: CHILDREN GRAPHIC NOVEL Star Wars v.1 - Checked Out"
https://catalog.saclibrary.org/GroupedWork/32d699fd-1d84-a81f-52ac-03f418760606-eng,"The battle for Crystal Castle: Geronimo Stilton's thirteenth adventure in the Kingdom of Fantasy","Stilton, Geronimo",9781338655018,,"Scholastic, Inc",2020,"New York",Book,"Book::Central Kids Place - Lower Level: MOVING UP Stilton, G. - Checked Out,Book::North Natomas Children's Area: MOVING UP Stilton, G. - Checked Out,Book::Valley Hi-North Laguna Children's Area: MOVING UP Stilton, G. - Checked Out"
https://catalog.saclibrary.org/GroupedWork/97ece69d-637e-4596-2e74-0862a6d77d82-eng,"Spy School British invasion","Gibbs, Stuart, 1969-",9781534424708,9781508282747,"Simon & Schuster Audio; Audioworks, imprint of Simon & Schuster Audio; Simon & Schuster Books for Young Readers",2019,"New York","eAudiobook;Audiobook - CD;Book;eBook","Book::Central Kids Place - Lower Level: CHILDREN FICTION Gibbs, S. - In Transit,Book::Rancho Children's Area: CHILDREN FICTION Gibbs, S. - On Hold Shelf,Book::Rio Linda Children's Area: CHILDREN FICTION Gibbs, S. - On Hold Shelf"
https://catalog.saclibrary.org/GroupedWork/e39b1bb8-1312-105a-0bf5-e380e89f131b-eng,"Lost in the mushroom maze","Costa, Ben, 1984-",9781665910699,,Aladdin,2022,"New York",Book,"Book::Carmichael Children's Area: CHILDREN FICTION Costa, B. - Checked Out,Book::Central Kids Place - Lower Level: CHILDREN FICTION Costa, B. - Checked Out,Book::Belle Cooledge Children's Area: CHILDREN FICTION Costa, B. - Checked Out"
https://catalog.saclibrary.org/GroupedWork/f2912ef0-728f-a3fb-7ac5-c19707cbf52b-eng,"The BIG adventures of Babymouse: Besties!","Holm, Jennifer L",9780593430941,,"Random House",2023,"New York","Graphic Novel/Manga","Graphic Novel/Manga::Arcade Children's Area: CHILDREN GRAPHIC NOVEL Babymouse v.2 - Checked Out,Graphic Novel/Manga::Carmichael Children's Area: CHILDREN GRAPHIC NOVEL Babymouse v.2 - Checked Out,Graphic Novel/Manga::Central Kids Place - Lower Level: CHILDREN GRAPHIC NOVEL Babymouse v.2 - On Shelf"
https://catalog.saclibrary.org/GroupedWork/3a91beaa-7843-9450-4014-91df66a3de8c-eng,"We are not eaten by yaks","London, C. Alexander",9780399254871,9780142428986,"Penguin Audio; Philomel Books",2011,"New York; New York, NY","Audiobook - CD;Book",
https://catalog.saclibrary.org/GroupedWork/db3ef17b-675f-541c-080f-f6487acaa796-eng,"The annotated Alice: Alice's adventures in Wonderland & Through the looking-glass","Carroll, Lewis, 1832-1898",9780393245431,,"Norton; W.W. Norton & Company","2000 - 2015","New York",Book,"Book::Carmichael: 823.8 C319 2015 - Checked Out,Book::Central: 823.8 C319 2015 - On Shelf,Book::Galt: 823.8 C319 2015 - Checked Out"
https://catalog.saclibrary.org/GroupedWork/e14bbb9a-abb5-f112-d8df-9341ce96e2e8-eng,"Flat Stanley's adventures in classroom 2E: Class pet surprise","Egan, Kate",9780063094970,,"Vox Publishing/Library Ideas; Harper, an imprint of HarperCollinsPublishers",2023,"New York; Vienna, VA",Read-Along;Book,"Book::Carmichael Children's Area: MOVING UP Brown, J. - On Hold Shelf,Book::Central Kids Place - Lower Level: MOVING UP Brown, J. - On Shelf,Book::Elk Grove Kids' Place: MOVING UP Brown, J. - Checked Out"
https://catalog.saclibrary.org/GroupedWork/71e1af62-97e8-d236-81e9-1d8ade754525-eng,"The Raven's revenge","Sands, Kevin",9781534484597,,"Simon & Schuster Audio; Aladdin",2023,"New York",eAudiobook;Book;eBook,"Book::Central Kids Place - Lower Level: CHILDREN FICTION Sands, K. - On Shelf,Book::Belle Cooledge Children's Area: CHILDREN FICTION Sands, K. - On Shelf,Book::Elk Grove Kids' Place: CHILDREN FICTION Sands, K. - On Shelf"
https://catalog.saclibrary.org/GroupedWork/c62e55eb-c8bf-945a-bd1b-05f7feb2d4d3-eng,"The throne of fire","Riordan, Rick",9781423140566,9781455808380,"Disney Hyperion; Disney Hyperion Digital; Disney/Hyperion; Brilliance Audio","2011 - 2022","New York; Grand Haven, MI","eAudiobook;Audiobook - CD;Book;eBook","Book::Central Kids Place - Lower Level: CHILDREN FICTION Riordan, R. - Checked Out,Book::Belle Cooledge Children's Area: CHILDREN FICTION Riordan, R. - On Hold Shelf,Book::Franklin Children's: CHILDREN FICTION Riordan, R. - In Transit"
https://catalog.saclibrary.org/GroupedWork/a16242be-275e-3cc7-8303-37cc27e37c43-eng,"Anna's icy adventure","Allen, Elise",9780736481328,,"Golden Books",2013,"New York",Book,
https://catalog.saclibrary.org/GroupedWork/315a1558-8771-a1b3-6f6c-a8f5ad8a4310-eng,"The mysterious Benedict Society","Stewart, Trenton Lee",9780316057776,9780307284396,"Hachette Audio; Little, Brown Books for Young Readers; Random House/Listening Library; Little, Brown; Penguin Random House Audio Publishing Group","2007 - 2022","New York","eAudiobook;Audiobook - CD;eBook;Book","Book::Colonial Heights Children's Area: CHILDREN FICTION Stewart, T. - Checked Out,Book::Belle Cooledge Children's Area: CHILDREN FICTION Stewart, T. - Checked Out,Book::Franklin Children's: CHILDREN FICTION Stewart, T. - Checked Out"
https://catalog.saclibrary.org/GroupedWork/d82a7456-6ba7-5ec3-b2e5-dff0bcb143f2-eng,"Madness in the mine","Morgan, Winter",9781510741188,,"Sky Pony; Sky Pony Press",2019,"New York",eBook;Book,"Book::Arcade Children's Area: CHILDREN FICTION Minecraft - On Shelf,Book::Fair Oaks Children's Area: CHILDREN FICTION Minecraft - On Shelf,Book::Galt Children's Area: CHILDREN FICTION Minecraft - On Shelf"
https://catalog.saclibrary.org/GroupedWork/117fdf67-5400-7746-eb86-9c083857fe2d-eng,"The untamed scoundrel","Ambrose, Adrianne",9780843180329,,"Price Stern Sloan, an imprint of Penguin Group (USA) LLC",2014,"New York, New York, USA",Book,"Book::Carmichael Children's Area: CHILDREN FICTION Adventure Time - On Shelf,Book::Elk Grove Kids' Place: CHILDREN FICTION Adventure Time - On Shelf"
https://catalog.saclibrary.org/GroupedWork/82709713-de64-c222-2559-aed0c60d907f-eng,"Don't climb this mountain","Brady, Dustin",9781524879426,,"Andrews McMeel Publishing",2024,"Kansas City, Missouri",Book,"Book::Arcade Children's Area: CHILDREN FICTION Brady, D. - On Shelf,Book::Central Kids Place - Lower Level: CHILDREN FICTION Brady, D. - On Shelf,Book::Fair Oaks Children's Area: CHILDREN FICTION Brady, D. - On Shelf"
https://catalog.saclibrary.org/GroupedWork/67defe22-511b-1d4f-81b7-5448509b395b-eng,"Avatar, the last airbender: The lost adventures, Team Avatar tales",,9781506750507,,"Dark Horse Books",2025,"Milwaukie, OR","Graphic Novel/Manga","Graphic Novel/Manga::Colonial Heights Children's Area: CHILDREN GRAPHIC NOVEL Avatar - On Shelf,Graphic Novel/Manga::Courtland Children's Area: CHILDREN GRAPHIC NOVEL Avatar - Checked Out,Graphic Novel/Manga::Fair Oaks Children's Area: CHILDREN GRAPHIC NOVEL Avatar - On Hold Shelf"
https://catalog.saclibrary.org/GroupedWork/6699daca-ae21-6d07-68c7-cc38454ecca5-eng,"Alex Rider: Russian roulette : the story of an assassin","Horowitz, Anthony, 1955-",9780399254413,,"Philomel Books/Penguin Group USA",2013,"New York, NY",Book,"Book::Carmichael Teen Area: TEEN FICTION Horowitz, A. - On Shelf,Book::Franklin Teen: TEEN FICTION Horowitz, A. - On Shelf,Book::Galt Teen Area: TEEN FICTION Horowitz, A. - On Hold Shelf"
https://catalog.saclibrary.org/GroupedWork/53ed1526-5222-19e2-599c-b7a022ae3ce8-eng,"The clue in the papyrus scroll","Warner, Gertrude Chandler, 1890-1979",9780807506998,,"Albert Whitman & Company; Albert Whitman",2017,"Chicago, Illinois",eBook;Book,"Book::South Natomas Children's Area: CHILDREN FICTION Warner, G. - On Shelf,Book::North Natomas Children's Area: CHILDREN FICTION Warner, G. - Checked Out,Book::Valley Hi-North Laguna Children's Area: CHILDREN FICTION Warner, G. - On Shelf"
https://catalog.saclibrary.org/GroupedWork/454a957b-dea2-7af5-c7ad-7d51f7fcd96a-eng,"Owl tree","Montgomery, R. A",9781933390802,,Chooseco,2010,"Waitsfield, Vt",Book,"Book::Colonial Heights Children's Area: CHILDREN FICTION Montgomery, R. - On Shelf,Book::Fair Oaks Children's Area: CHILDREN FICTION Montgomery, R. - Checked Out,Book::Galt Children's Area: CHILDREN FICTION Montgomery, R. - On Shelf"
https://catalog.saclibrary.org/GroupedWork/2cb6613a-3b6b-3f3f-410e-c485084559c9-eng,"The golden path: Volume I, Into the hollow Earth","Montgomery, A. C",9781933390819,,Chooseco,2008,"Waitsfield, Vt",Book,"Book::Rancho Children's Area: CHILDREN FICTION Montgomery, A. v.1 - On Shelf"
https://catalog.saclibrary.org/GroupedWork/9fc813d4-0adb-e334-2b03-27d9f3cd4086-eng,"The hour of magic: the eighth adventure in the kingdom of fantasy","Stilton, Geronimo",9780545823364,,"Scholastic Inc",2016,"New York, NY",Book,"Book::Arcade Children's Area: MOVING UP Stilton, G. - Checked Out,Book::Elk Grove Kids' Place: MOVING UP Stilton, G. - Checked Out,Book::North Natomas Children's Area: MOVING UP Stilton, G. - Checked Out"
https://catalog.saclibrary.org/GroupedWork/8eb0ab49-64bd-1d42-4ac7-63a9faf677c1-eng,"Attack of the drowned","Marks, Maggie",9781510747289,,"Sky Pony Press; Sky Pony",2019,"New York",eBook;Book,"Book::Carmichael Children's Area: CHILDREN FICTION Minecraft - On Shelf,Book::Central Kids Place - Lower Level: CHILDREN FICTION Minecraft - On Shelf,Book::Elk Grove Kids' Place: CHILDREN FICTION Minecraft - Checked Out"
https://catalog.saclibrary.org/GroupedWork/b6410b75-e490-2fea-6260-acabe16a1de8-eng,"Star Wars adventures: endangered",,9781684052493,,IDW,2018,"San Diego, CA","Graphic Novel/Manga","Graphic Novel/Manga::Central Kids Place - Lower Level: CHILDREN GRAPHIC NOVEL Star Wars v.3 - On Shelf,Graphic Novel/Manga::Franklin Children's: CHILDREN GRAPHIC NOVEL Star Wars v.3 - Checked Out,Graphic Novel/Manga::North Natomas Children's Area: CHILDREN GRAPHIC NOVEL Star Wars v.3 - On Shelf"
https://catalog.saclibrary.org/GroupedWork/b7cb7f61-1823-6290-8455-e84ccd685bd6-eng,"Shinji Takahashi: into the heart of the storm","Kagawa, Julie",9781368075046,,"Disney Hyperion; Disney-Hyperion; Disney - RHCB; Books on Tape",2023,"Los Angeles",eAudiobook;eBook;Book,"Book::Central Kids Place - Lower Level: CHILDREN FICTION Kagawa, J. - On Shelf,Book::Elk Grove Kids' Place: CHILDREN FICTION Kagawa, J. - Checked Out,Book::Fair Oaks Children's Area: CHILDREN FICTION Kagawa, J. - On Shelf"
https://catalog.saclibrary.org/GroupedWork/8caa872e-9b24-cc19-239a-f6e9274aa23d-eng,"Adventures of biscuit: five stories about everyone's favorite puppy","Capucilli, Alyssa Satin, 1957-",9780760771082,,"Barnes & Noble Books",2005,"New York","Easy Reader",
https://catalog.saclibrary.org/GroupedWork/14207e39-d42b-a822-e506-1e36b3371bc6-eng,"Abby in Wonderland","Mlynowski, Sarah",9780545746649,,"Scholastic Inc.; Scholastic Press",2017,"New York",eAudiobook;eBook;Book,"Book::Carmichael Children's Area: CHILDREN FICTION Mlynowski, S. - On Hold Shelf,Book::Elk Grove Kids' Place: CHILDREN FICTION Mlynowski, S. - Checked Out,Book::South Natomas Children's Area: CHILDREN FICTION Mlynowski, S. - On Shelf"
https://catalog.saclibrary.org/GroupedWork/4da03073-3185-3a2d-4e4e-9c1573eae585-eng,"The wake of the Lorelei Lee: being an account of the further adventures of Jacky Faber, on her way to Botany Bay","Meyer, L. A. (Louis A.), 1942-",9780547721941,,"Houghton Mifflin Harcourt; HarperCollins; Listen & Live Audio, Inc.",2010,Boston,eAudiobook;eBook;Book,"Book::Colonial Heights: TEEN FICTION Meyer, L. - On Shelf,Book::Galt Teen Area: TEEN FICTION Meyer, L. - On Shelf"
https://catalog.saclibrary.org/GroupedWork/e5f1e058-fa4e-2b00-4676-6de955e89a57-eng,"Night of the dream dragon","West, Tracey",9781546110491,,"Scholastic Inc.; Scholastic Inc",2025,"New York",eAudiobook;eBook;Book,"Book::Arcade Children's Area: MOVING UP West, T. - Checked Out,Book::Central Kids Place - Lower Level: MOVING UP West, T. - Checked Out,Book::Belle Cooledge Children's Area: MOVING UP West, T. - Checked Out"
https://catalog.saclibrary.org/GroupedWork/bf8f0c20-6533-15e8-ae17-d417a109db4a-eng,"The miraculous journey of Edward Tulane","DiCamillo, Kate",9780763625894,,"Random House/Listening Library; Candlewick Press; Books on Tape","2006 - 2009","New York; Cambridge, Mass","eAudiobook;Audiobook - CD;eBook;Book","Book::Arcade Children's Area: CHILDREN FICTION DiCamillo, K. - Checked Out,Book::Central Kids Place - Lower Level: CHILDREN FICTION DiCamillo, K. - Checked Out,Book::Rancho Children's Area: CHILDREN FICTION DiCamillo, K. - On Hold Shelf"
https://catalog.saclibrary.org/GroupedWork/2109867c-c1dd-c6ce-e463-8f028d221100-eng,"Onestar's confession","Hunter, Erin",9780063050471,,"HarperCollins; Harper, an imprint of HarperCollinsPublishers",2022,"New York",eAudiobook;Book;eBook,"Book::Carmichael Children's Area: CHILDREN FICTION Hunter, E. - Checked Out,Book::Central Kids Place - Lower Level: CHILDREN FICTION Hunter, E. - On Shelf,Book::Elk Grove Kids' Place: CHILDREN FICTION Hunter, E. - Checked Out"
https://catalog.saclibrary.org/GroupedWork/6c0e1b97-fe2e-ef95-78e8-ef5c0ff66245-eng,"The fuzzy apocalypse","Messinger, Jonathan",9780062932150,,"Harper, an imprint of HarperCollins Publishers; HarperCollins",2020,"New York, NY",eBook;Book;eAudiobook,"Book::Arcade Children's Area: MOVING UP Messinger, J. - On Shelf,Book::Elk Grove Kids' Place: MOVING UP Messinger, J. - On Shelf,Book::Fair Oaks Children's Area: MOVING UP Messinger, J. - On Shelf"
https://catalog.saclibrary.org/GroupedWork/bf77d192-60a0-f61d-8830-91b43980a219-eng,"Wicked epic adventures: another Wallace the brave collection","Henry, Will",9781524865078,050837441590,"Andrews McMeel Publishing; Andrews McMeel Publishing, LLC",2021,"Kansas City, Missouri","Graphic Novel/Manga;eComic","Graphic Novel/Manga::Arcade Children's Area: CHILDREN GRAPHIC NOVEL Wallace v.3 - On Shelf,Graphic Novel/Manga::Carmichael Children's Area: CHILDREN GRAPHIC NOVEL Wallace v.3 - On Shelf,Graphic Novel/Manga::South Natomas Children's Area: CHILDREN GRAPHIC NOVEL Wallace v.3 - On Shelf"
https://catalog.saclibrary.org/GroupedWork/ba836708-a33b-63a4-ea5c-a356389b2a8d-eng,"Magic of the wizard dragon","West, Tracey, 1965-",9781546110842,,"Scholastic, Inc; Scholastic Inc.",2025,"New York",eAudiobook;Book;eBook,"Book::Carmichael Children's Area: MOVING UP West, T. - On Shelf,Book::Central Kids Place - Lower Level: MOVING UP West, T. - On Shelf,Book::Colonial Heights Children's Area: MOVING UP West, T. - On Shelf"
https://catalog.saclibrary.org/GroupedWork/f6496b62-6159-62ca-b36b-97b6adcd4653-eng,"Pokémon adventures: Diamond and Pearl platinum. Volume 7","Kusaka, Hidenori",9781421542478,,"VIZ Media","2013 - 2018","San Francisco","Graphic Novel/Manga;eComic","Graphic Novel/Manga::Carmichael Children's Area: CHILDREN MANGA Pokemon Adventures v.7 - Checked Out,Graphic Novel/Manga::North Natomas Children's Area: CHILDREN MANGA Pokemon Adventures v.7 - Checked Out,Graphic Novel/Manga::Rancho Children's Area: CHILDREN MANGA Pokemon Adventures v.7 - Checked Out"
https://catalog.saclibrary.org/GroupedWork/ba59785a-5ce8-7dc8-9338-c2ab80ec55ed-eng,"The virtue of ardor","Dragoon, Leigh, 1976-",9781101995129,,"Price Stern Sloan, an imprint of Penguin Group (USA) LLC",2016,"New York, New York, USA",Book,"Book::Sylvan Oaks Children's Area: CHILDREN FICTION Adventure Time - On Shelf"
https://catalog.saclibrary.org/GroupedWork/cd6314ae-dce2-984d-00a5-45ab26be643b-eng,"Spy school goes north","Gibbs, Stuart, 1969-",9781665934749,9781797163451,"Simon & Schuster Audio; Simon & Schuster Books for Young Readers",2023,"New York","eAudiobook;Audiobook - CD;Book;eBook","Book::Carmichael Children's Area: CHILDREN FICTION Gibbs, S. - Checked Out,Book::Central Kids Place - Lower Level: CHILDREN FICTION Gibbs, S. - On Shelf,Book::Elk Grove Kids' Place: CHILDREN FICTION Gibbs, S. - Checked Out"
https://catalog.saclibrary.org/GroupedWork/be5fdffb-932b-f453-d637-124c7adde67d-eng,"The warlock and the unicorn","Goodman, Deborah Lerme, 1956-",9781954232136,,Chooseco,2023,"Waitsfield, VT",Book,"Book::Central Kids Place - Lower Level: CHILDREN FICTION Choose Your - On Shelf,Book::Colonial Heights Children's Area: CHILDREN FICTION Choose Your - On Shelf,Book::Elk Grove Kids' Place: CHILDREN FICTION Choose Your - On Shelf"
https://catalog.saclibrary.org/GroupedWork/4af2eac4-21fe-7094-dca2-0d7a75bdeb36-eng,"The cosmic adventures of Astrid and Stella: [4], Comet together!","Moyle, Sabrina",9781419774553,,"Abrams Fanfare",2025,"New York","Graphic Novel/Manga","Graphic Novel/Manga::Central Kids Place - Lower Level: CHILDREN GRAPHIC NOVEL Astrid v.4 - Checked Out,Graphic Novel/Manga::Franklin Children's: CHILDREN GRAPHIC NOVEL Astrid v.4 - On Shelf,Graphic Novel/Manga::McClatchy Children's Area: CHILDREN GRAPHIC NOVEL Astrid v.4 - On Shelf"
https://catalog.saclibrary.org/GroupedWork/dcddbaf4-90dc-b0a1-d1bd-7c62af8abb5e-eng,"Welcome to Furtopia: an unofficial novel for Animal Crossing fans","Morgan, Winter",9781510765276,,"Sky Pony Press",2021,"New York, NY",Book,"Book::Carmichael Children's Area: CHILDREN FICTION Animal Crossing - On Shelf,Book::Courtland Children's Area: CHILDREN FICTION Animal Crossing - On Shelf,Book::North Natomas Children's Area: CHILDREN FICTION Animal Crossing - On Shelf"
https://catalog.saclibrary.org/GroupedWork/0d231349-5785-e6bc-69c5-61f3592572f6-eng,"The mostly true adventures of Homer P. Figg","Philbrick, W. R. (W. Rodman)",9780439668187,,"Blue Sky Press",2009,"New York",Book,"Book::Carmichael Children's Area: CHILDREN FICTION Philbrick, W. - On Shelf,Book::Sacramento Public Library Storage: CHILDREN FICTION Philbrick, W. - On Shelf,Book::Sutter County Main Branch Children's Area: CHILDREN FICTION Philbrick, W. - On Shelf"
https://catalog.saclibrary.org/GroupedWork/b756d7c2-cc69-1030-2b85-a028a9d8104e-eng,"The warrior's curse","Nielsen, Jennifer A",9781338045451,,"Scholastic Audio Books; Scholastic Inc.; Scholastic Press",2020,"New York; [New York]","eAudiobook;Audiobook - CD;eBook;Book","Book::Fair Oaks Teen Area: TEEN FICTION Nielsen, J. - Checked Out,Book::Franklin Teen: TEEN FICTION Nielsen, J. - On Shelf,Book::North Natomas: TEEN FICTION Nielsen, J. - On Shelf"
https://catalog.saclibrary.org/GroupedWork/643311d4-ee0e-c8cb-9d27-146e8ad3eab4-eng,"Charlie Thorne and the Royal Society","Gibbs, Stuart, 1969-",9781665934893,,"Simon & Schuster Audio; Simon & Schuster Books for Young Readers; Thorndike Press, a part of Gale, Cengage Company",2024,"New York; New York, NY; [Waterville, Maine]","eAudiobook;Audiobook - CD;Large Print;Book;eBook","Book::Carmichael Children's Area: CHILDREN FICTION Gibbs, S. - Checked Out,Book::Central Kids Place - Lower Level: CHILDREN FICTION Gibbs, S. - Checked Out,Book::Elk Grove Kids' Place: CHILDREN FICTION Gibbs, S. - Checked Out"
https://catalog.saclibrary.org/GroupedWork/02530cad-20aa-8448-da43-eb7c13f2f5c7-eng,"Pokemon: Sword & shield. 5","Kusaka, Hidenori",9781974726561,,"Viz Media, LLC",2022,"San Francisco, CA","Graphic Novel/Manga","Graphic Novel/Manga::Carmichael Children's Area: CHILDREN MANGA Pokemon v.5 - Checked Out,Graphic Novel/Manga::Central Kids Place - Lower Level: CHILDREN MANGA Pokemon v.5 - On Shelf,Graphic Novel/Manga::Elk Grove Kids' Place: CHILDREN MANGA Pokemon v.5 - Checked Out"
https://catalog.saclibrary.org/GroupedWork/5e696884-6c67-8da5-cbfc-a1b776af7621-eng,"Flora & Ulysses: the illuminated adventures","DiCamillo, Kate",9780763660406,,"Random House/Listening Library; Candlewick Press; Books on Tape",2013,"New York; Somerville, Massachusetts","eAudiobook;Audiobook - CD;eBook;Book","Book::Arcade Children's Area: CHILDREN FICTION DiCamillo, K. - On Shelf,Book::Carmichael Children's Area: CHILDREN FICTION DiCamillo, K. - On Shelf,Book::Central Kids Place - Lower Level: ON ORDER - On Order"
https://catalog.saclibrary.org/GroupedWork/5c7e113c-a8f5-6844-0d0b-ad0936cbae4b-eng,"Cool Beans: the further adventures of Beanboy","Harkrader, Lisa",9780544039049,,"Houghton Mifflin Harcourt; HarperCollins",2014,Boston,eBook;Book,"Book::Arcade Children's Area: CHILDREN FICTION Harkrader, L. - On Shelf"
https://catalog.saclibrary.org/GroupedWork/c1cedeed-8e49-5f8b-aa51-c322437d04d8-eng,"On the edge of the dark sea of darkness","Peterson, Andrew, 1974-",9780593582473,,"WaterBrook; Random House Children's Books; WaterBrook Press; Books on Tape","2008 - 2021","Colorado Springs, Colo; [Colorado Springs]",eAudiobook;eBook;Book,"Book::Arcade Children's Area: CHILDREN FICTION Peterson, A. - Checked Out,Book::Elk Grove Kids' Place: CHILDREN FICTION Peterson, A. - On Hold Shelf,Book::Fair Oaks Children's Area: CHILDREN FICTION Peterson, A. - In Transit"
https://catalog.saclibrary.org/GroupedWork/b99fea2b-680e-5714-d503-9979b610686b-eng,"Diana and the island of no return","Saeed, Aisha",9780593174470,,"Random House; Books on Tape",2020,"New York",eAudiobook;Book,"Book::Carmichael Children's Area: CHILDREN FICTION DC - On Shelf,Book::Franklin Children's: CHILDREN FICTION Wonder Woman - On Shelf,Book::South Natomas Children's Area: CHILDREN FICTION DC - On Shelf"
https://catalog.saclibrary.org/GroupedWork/77e7ac11-54bc-4fe8-44f4-d33a8086bc4a-eng,"Punishment : Earth","Montgomery, R. A",9781933390369,,Chooseco,2010,"Waitsfield, VT",Book,"Book::Orangevale: CHILDREN FICTION Montgomery, R. - On Shelf,Book::Folsom Children's Area: CHILDREN PAPERBACK SERIES C - On Shelf,Book::Sacramento Public Library Storage: CHILDREN FICTION Montgomery, R. - On Shelf"
https://catalog.saclibrary.org/GroupedWork/19a21d9c-b465-ab49-adb2-1d01e29e3a7a-eng,"Eagle Strike","Horowitz, Anthony, 1955-",9780142406137,,"Recorded Books, Inc.; Philomel Books; Penguin Young Readers Group","2004 - 2006","New York",eAudiobook;Book;eBook,"Book::Carmichael Teen Area: TEEN FICTION Horowitz, A. - On Shelf,Book::Galt Teen Area: TEEN FICTION Horowitz, A. - On Shelf,Book::Pocket-Greenhaven Teen Area: TEEN FICTION Horowitz, A. - On Hold Shelf"
https://catalog.saclibrary.org/GroupedWork/c40a51e9-6352-f8a0-d84f-61c304267083-eng,"Call of the sound dragon","West, Tracey, 1965-",9781338540284,,"Scholastic Inc.; Scholastic Inc","2020 - 2021","New York, NY",eAudiobook;eBook;Book,"Book::Colonial Heights Children's Area: MOVING UP West, T. - On Shelf,Book::McClatchy Children's Area: MOVING UP West, T. - In Transit,Book::North Natomas Children's Area: MOVING UP West, T. - Checked Out"
https://catalog.saclibrary.org/GroupedWork/268859b4-1d7b-ce47-da7c-b68a2ae4306e-eng,"Spy school at sea: a spy school novel","Gibbs, Stuart, 1969-",9781534479432,9781797135106,"Simon & Schuster Audio; Simon & Schuster Books for Young Readers",2021,"New York; [New York, NY]","eAudiobook;Audiobook - CD;Book;eBook","Book::Carmichael Children's Area: CHILDREN FICTION Gibbs, S. - On Hold Shelf,Book::Elk Grove Kids' Place: CHILDREN FICTION Gibbs, S. - Checked Out,Book::Fair Oaks Children's Area: CHILDREN FICTION Gibbs, S. - On Shelf"
https://catalog.saclibrary.org/GroupedWork/d9c2f6ca-f653-5a21-913b-b4b7700ff265-eng,"Mystery at the aquarium","Jerome, Kate Boehm",9781681889245,,"EarthAware Kids",2023,"San Rafael, CA",Book,"Book::Carmichael Children's Area: CHILDREN FICTION Jerome, K. - On Shelf,Book::Central Kids Place - Lower Level: CHILDREN FICTION Jerome, K. - On Shelf,Book::South Natomas Children's Area: CHILDREN FICTION Jerome, K. - On Shelf"
https://catalog.saclibrary.org/GroupedWork/0e18a2af-e5e8-ed74-d9e7-24f5e1e44aa7-eng,"Queen of rogues","Dragoon, Leigh, 1976-",9780843180350,,"Price Stern Sloan, an imprint of Penguin Group (USA) LLC",2014,"New York, New York, USA",Book,"Book::North Natomas Children's Area: CHILDREN FICTION Adventure Time - On Shelf"
https://catalog.saclibrary.org/GroupedWork/fbebd1c4-f724-3226-21eb-75292d9a8d5e-eng,"Treasure of the Gold Dragon","West, Tracey, 1965-",9781338263688,,"Scholastic Inc.; Scholastic Inc","2018 - 2020","New York, NY",eAudiobook;Book;eBook,"Book::Arcade Children's Area: MOVING UP West, T. - On Shelf,Book::Southgate Children's Area: MOVING UP West, T. - Checked Out,Book::Colusa Main Branch Juvenile Collection: J Fic - On Shelf"
https://catalog.saclibrary.org/GroupedWork/cdd8053b-73d4-96da-3d0a-63daf780f106-eng,"Potion of the turtle master: an unofficial minecrafters novel","Marks, Maggie",9781510753266,,"Sky Pony; Sky Pony Press",2020,"New York",eBook;Book,"Book::Carmichael Children's Area: CHILDREN FICTION Minecraft - On Shelf,Book::Central Kids Place - Lower Level: CHILDREN FICTION Minecraft - On Shelf,Book::Elk Grove Kids' Place: CHILDREN FICTION Minecraft - Checked Out"
https://catalog.saclibrary.org/GroupedWork/6aef77f0-25c1-269d-93c2-2d9a04d40084-eng,"Around the world in eighty days","Verne, Jules, 1828-1905",9781665934220,,"Lauscher Audiobooks; Interactive Media; Dreamscape Media; HarperCollins Canada; Sheba Blake Publishing Corp.; Blackstone Publishing; Tor Publishing Group; IndyPublish.com; Charles Scribner's Sons; Xist Publishing; Oxford University Press; HarperCollins Publishers; Canongate Books; Aladdin; G&D Media; New York; Phoenix Books, Inc.; Penguin Books; Puffin; Max Bollinger; Palazzo; Dover Publications; Dodd, Mead; Saddleback Educational Publishing; Blackstone Audiobooks","1906 - 2024","New York; [United States]; Boston, Mass; London; Ashland, OR; Oxford; Bath [England]","eAudiobook;Audiobook - CD;eBook;Book","Book::Central Kids Place - Lower Level: CHILDREN FICTION Verne, J. - On Shelf,Book::Colonial Heights Children's Area: CHILDREN FICTION Verne, J. - Checked Out,Book::North Natomas Children's Area: CHILDREN FICTION Verne, J. - On Shelf"
https://catalog.saclibrary.org/GroupedWork/e6466cbf-bef3-2ec6-5e2e-aa8d75a0c8d7-eng,"Stay strong, Geronimo!","Stilton, Geronimo",9781338088694,,"Scholastic Inc.; Scholastic Inc",2017,"New York, NY",eBook;Book,"Book::Elk Grove Kids' Place: MOVING UP Stilton, G. - Checked Out,Book::Franklin Children's: MOVING UP Stilton, G. - Checked Out,Book::Rio Linda Children's Area: MOVING UP Stilton, G. - On Shelf"
https://catalog.saclibrary.org/GroupedWork/3e136c96-f734-4947-3ae6-c9d923a7ba4f-eng,"Spirit of the jungle","Grylls, Bear",9781250111500,,"A Feiwel and Friends book, an imprint of Macmillan Publishing Group, LLC",2017,"New York, NY",Book,"Book::Franklin Children's: CHILDREN FICTION Grylls, B. - On Shelf,Book::Rancho Children's Area: CHILDREN FICTION Grylls, B. - On Shelf"
https://catalog.saclibrary.org/GroupedWork/fe87d464-1910-858c-5782-76d0c65b465a-eng,"Winter's no time to sleep!: The adventures of Sophie Mouse","Green, Poppy",9781481442008,,"Little Simon",2015,"New York",Book,"Book::Arcade Children's Area: MOVING UP Green, P. - In Transit,Book::Carmichael Children's Area: MOVING UP Green, P. - Checked Out,Book::Franklin Children's: MOVING UP Green, P. - Checked Out"
https://catalog.saclibrary.org/GroupedWork/c90b4ad8-d18a-294b-e117-0d691ea7806d-eng,"The cave of time","Packard, Edward, 1931-",9781933390796,,Chooseco,2025,"Waitsfield, Vermont",Book,"Book::Central Kids Place - Lower Level: CHILDREN FICTION Choose Your - Checked Out,Book::Fair Oaks Children's Area: CHILDREN FICTION Choose Your - Checked Out,Book::Franklin Children's: CHILDREN FICTION Choose Your - Checked Out"
https://catalog.saclibrary.org/GroupedWork/7240cb13-335e-d5c2-6852-3b29c79778d8-eng,"Star Wars, the high Republic adventures: Volume one","Older, Daniel José",9781506732923,,"Dark Horse Books","2023 - 2024","Milwaukie, OR","Graphic Novel/Manga","Graphic Novel/Manga::Central Teen Area - 3rd Floor: TEEN GRAPHIC NOVEL Star Wars v.1 - On Shelf,Graphic Novel/Manga::Elk Grove Teen Area: TEEN GRAPHIC NOVEL Star Wars v.1 - On Shelf,Graphic Novel/Manga::Sylvan Oaks Teen Area: TEEN GRAPHIC NOVEL Star Wars v.1 - On Shelf"
https://catalog.saclibrary.org/GroupedWork/47635ad3-c65e-b3b9-0aa6-074782344732-eng,"The voyage","Fry, Jason, 1969-",9780399180750,,"Del Rey; Random House Worlds; Books on Tape",2020,"New York",eAudiobook;Book;eBook,"Book::Arcade Children's Area: CHILDREN FICTION Minecraft - On Shelf,Book::Carmichael Children's Area: CHILDREN FICTION Minecraft - On Shelf,Book::Courtland Children's Area: CHILDREN FICTION Minecraft - On Shelf"
https://catalog.saclibrary.org/GroupedWork/20a8afae-e834-45dd-51ad-27825cd3fb4d-eng,"Future of the time dragon","West, Tracey, 1965-",9781338540253,,"Scholastic Inc.; Scholastic Inc","2020 - 2021","New York, NY",eAudiobook;eBook;Book,"Book::McKinley Children's Area: MOVING UP West, T. - On Shelf,Book::South Natomas Children's Area: MOVING UP West, T. - Checked Out,Book::North Natomas Children's Area: MOVING UP West, T. - Checked Out"
https://catalog.saclibrary.org/GroupedWork/b4d88b26-d679-95c3-9d0b-ee0a6c4e8b9b-eng,"Dolphin's grace","Marks, Maggie",9781510747319,,"Sky Pony Press; Sky Pony",2020,"New York",eBook;Book,"Book::Belle Cooledge Children's Area: CHILDREN FICTION Minecraft - On Shelf,Book::Galt Children's Area: CHILDREN FICTION Minecraft - On Shelf,Book::McKinley Children's Area: CHILDREN FICTION Minecraft - On Shelf"
https://catalog.saclibrary.org/GroupedWork/d4ef6333-a4d9-fd5f-5435-977caa673d2b-eng,"A wolf called Wander","Parry, Rosanne",9780062895936,,"Greenwillow Books; HarperCollins; Greenwillow Books, an imprint of HarperCollins Publishers; Harper Audio",2019,"New York, NY","eAudiobook;Audiobook - CD;eBook;Book","Book::Elk Grove Kids' Place: CHILDREN FICTION Parry, R. - Checked Out,Book::Franklin Children's: CHILDREN FICTION Parry, R. - Checked Out,Book::Southgate Children's Area: CHILDREN FICTION Parry, R. - On Hold Shelf"
https://catalog.saclibrary.org/GroupedWork/9eb5e2ad-9b4e-eb02-9a3c-a0dcde23425f-eng,"The bronze key","Black, Holly",9780545522328,,"Random House/Listening Library; Scholastic Inc.; Books on Tape; Scholastic Press",2016,"New York","eAudiobook;Audiobook - CD;Book;eBook","Book::Courtland Children's Area: CHILDREN FICTION Black, H. - On Shelf,Book::Galt Children's Area: CHILDREN FICTION Black, H. - On Shelf,Book::South Natomas Children's Area: CHILDREN FICTION Black, H. - On Shelf"
https://catalog.saclibrary.org/GroupedWork/ca26b261-64f4-3b9d-8411-38c6e4592f7a-eng,"Cat & Cat adventures: Magic at the mansion","Yi, Susie",9780063381421,,"HarperAlley, an imprint of HarperCollinsPublishers",2025,"New York, NY","Graphic Novel/Manga","Graphic Novel/Manga::Arcade Children's Area: CHILDREN GRAPHIC NOVEL Cat & Cat v.5 - On Shelf,Graphic Novel/Manga::Carmichael Children's Area: CHILDREN GRAPHIC NOVEL Cat & Cat v.5 - Checked Out,Graphic Novel/Manga::Central Kids Place - Lower Level: CHILDREN GRAPHIC NOVEL Cat & Cat v.5 - Checked Out"
https://catalog.saclibrary.org/GroupedWork/eb77729b-3ee5-c3dd-8900-5d400c5ad221-eng,"Shine of the silver dragon","West, Tracey, 1965-",9781338263657,,"Branches/Scholastic Inc; Scholastic Inc.","2018 - 2020","New York",eAudiobook;eBook;Book,"Book::Arcade Children's Area: MOVING UP West, T. - Checked Out,Book::Central Kids Place - Lower Level: MOVING UP West, T. - Checked Out,Book::Elk Grove Kids' Place: MOVING UP West, T. - On Shelf"
https://catalog.saclibrary.org/GroupedWork/3c8e24aa-5eae-e2f6-a69b-f9faf1cddffb-eng,"The big adventure","Rippin, Sally",9781610674539,,"Kane Miller, a Division of EDC Publishing",2015,"Tulsa, OK",Book,
https://catalog.saclibrary.org/GroupedWork/5329ca71-a519-23ee-8bda-9414ddb67901-eng,"Crocodile tears","Horowitz, Anthony, 1955-",9780142417195,,"Recorded Books, Inc.; Philomel Books; Penguin Young Readers Group","2009 - 2010","New York, N.Y",eAudiobook;Book;eBook,
https://catalog.saclibrary.org/GroupedWork/6e4e0458-3b1e-f47d-1c10-04636bb8b6c0-eng,"The Ship of the Dead","Riordan, Rick",9781423160939,,"Disney Hyperion Digital; Listening Library, an imprint of Penguin Random House Audio; Disney-Hyperion; Thorndike Press; Books on Tape",2017,"Waterville, Maine; New York; Los Angeles","eAudiobook;Audiobook - CD;Large Print;Book;eBook","Book::Arcade Children's Area: CHILDREN FICTION Riordan, R. - On Shelf,Book::Carmichael Children's Area: CHILDREN FICTION Riordan, R. - Checked Out,Book::Colonial Heights Children's Area: CHILDREN FICTION Riordan, R. - In Transit"
https://catalog.saclibrary.org/GroupedWork/6accdef8-c329-3e1c-f7fe-ca67f87b306b-eng,"Night whispers","Hunter, Erin",9780061555152,,HarperCollins,"2010 - 2020","New York",eAudiobook;Book;eBook,"Book::Sylvan Oaks Children's Area: CHILDREN FICTION Hunter, E. - On Hold Shelf,Book::Barber Branch: CHILDREN FICTION Hunter, E. - On Shelf,Book::Colusa Main Branch Juvenile Collection: J Fic - On Shelf"
https://catalog.saclibrary.org/GroupedWork/bdb8dd42-c12c-745c-fc05-1bf5f4a2627d-eng,"Hot Rod Hamster and the awesome ATV adventure!","Lord, Cynthia",9780545767347,,"Scholastic Inc.; Scholastic Press",2015,"New York","Easy Reader;eBook","Easy Reader::Carmichael Children's Area: EASY READER 2 Lord, C. - Checked Out,Easy Reader::Belle Cooledge Children's Area: EASY READER 2 Lord, C. - Checked Out,Easy Reader::Woodland Public Library Children's Area: EASY READER 2 Lor - On Shelf"
https://catalog.saclibrary.org/GroupedWork/dde6cdcb-9b8c-09b3-213b-ba30ccca5210-eng,"The magician's elephant","DiCamillo, Kate",9780763644109,,"Candlewick Press; Brilliance Audio; Thorndike Press","2009 - 2010","Grand Haven, MI; Waterville, Me; Somerville, Mass","Audiobook - CD;eBook;Large Print;Book","Book::Arcade Children's Area: CHILDREN FICTION DiCamillo, K. - On Shelf,Book::McKinley Children's Area: CHILDREN FICTION DiCamillo, K. - On Shelf,Book::Arbuckle Branch Library Juvenile Collection: J Fic - On Shelf"
https://catalog.saclibrary.org/GroupedWork/7bbf704c-3a5c-9da9-218a-4895bc29d318-eng,"Vortex of the Chaos Dragon","West, Tracey, 1965-",9781546111245,,"Scholastic Inc.; Scholastic Inc",2025,"New York, NY",eAudiobook;eBook;Book,"Book::Carmichael Children's Area: MOVING UP West, T. - In Transit,Book::Central Kids Place - Lower Level: MOVING UP West, T. - Checked Out,Book::Elk Grove Kids' Place: MOVING UP West, T. - Checked Out"
https://catalog.saclibrary.org/GroupedWork/8584907c-2a08-6d16-2f0e-06b5628477aa-eng,"Around the world in 80 days","Verne, Jules, 1828-1905",9781955529686,,"State University of New York Press; Independently Published; SeaWolf Press; Reader's Digest Association; Dreamscape Media; Sheba Blake Publishing; Duke Classics; Books on Tape; Oasis Audio; Listening Library; Saddleback Educational Publishing; Start Publishing LLC; HarperCollins Publishers; EdCon Publishing; Baronet Books/Playmore, Inc","1905 - 2024","New York; Pleasantville, N.Y","eAudiobook;Audiobook - CD;eBook;Book",
https://catalog.saclibrary.org/GroupedWork/b93baec1-f9c0-14e2-0001-deaea54fd2ab-eng,"Mortal engines","Reeve, Philip",9781338303711,,"Scholastic Inc.; Scholastic Inc","2012 - 2017","New York, NY",eAudiobook;Book;eBook,"Book::Franklin Teen: TEEN FICTION Reeve, P. - On Shelf,Book::Folsom Teen Room: TEEN FICTION Reeve, P. - On Shelf,Book::Sacramento Public Library Storage: TEEN FICTION Reeve, P. - On Shelf"
https://catalog.saclibrary.org/GroupedWork/4f909af8-93ac-68ea-4560-303f33c98790-eng,"Thomas & friends: The adventure begins","Brenner, Andrew",9781480671669,,"Random House Inc",2015,"New York, NY","Picture Book","Picture Book::South Natomas Children's Area: PICTURE BOOK Awdry, W. - Checked Out"
https://catalog.saclibrary.org/GroupedWork/8c3c04b1-8cb4-75d8-7586-a8ea680514b3-eng,"The end of infinity","Myklusch, Matt",9781416995678,,"Simon & Schuster Audio; Aladdin",2012,"New York",eAudiobook;Book;eBook,
https://catalog.saclibrary.org/GroupedWork/13c2973a-064e-0ab7-f66d-cc4baa207a42-eng,"Two degrees","Gratz, Alan, 1972-",9781338735673,,"Scholastic Inc.; Scholastic; Scholastic Press",2022,"New York; New York, NY","eAudiobook;Audiobook - CD;eBook;Book","Book::Colonial Heights Children's Area: CHILDREN FICTION Gratz, A. - On Shelf,Book::Belle Cooledge Children's Area: CHILDREN FICTION Gratz, A. - On Shelf,Book::Courtland Children's Area: CHILDREN FICTION Gratz, A. - On Shelf"
https://catalog.saclibrary.org/GroupedWork/7b978fce-2fd3-04ec-3a81-ad30dcc16324-eng,"Fortunately, the milk","Gaiman, Neil",9780062224071,,"Harper, an imprint of HarperCollins Publishers; HarperCollins; Harper, an imprint of HarperCollinsPublishers; Harper Audio","2013 - 2015","New York; New York, NY","eAudiobook;Audiobook - CD;Book;eBook","Book::Belle Cooledge Children's Area: CHILDREN FICTION Gaiman, N. - Checked Out,Book::Colusa Main Branch Juvenile Collection: J Fic - On Shelf,Book::Folsom Children's Area: CHILDREN PAPERBACK FICTION G - Checked Out"
https://catalog.saclibrary.org/GroupedWork/4ba385e4-4f49-88d8-31f3-884a9d92e130-eng,"The Count of Monte Cristo","Dumas, Alexandre, 1802-1870",9781593083335,,"Dodd, Mead; Penguin; Barnes & Nobles Classics; Naxos Audiobooks; Fall River Press; Duke Classics; HarperCollins Canada; Blackstone Publishing; Penguin Books; Modern Library; ABDO Publishing Company","1900 - 2016","New York; London; London, England",eAudiobook;eBook;Book,"Book::Central: FICTION Dumas, A. - Checked Out,Book::Elk Grove: FICTION Dumas, A. - Checked Out,Book::South Natomas: FICTION Dumas, A. - Checked Out"
https://catalog.saclibrary.org/GroupedWork/9fee9b36-568a-caea-9043-2ea193cc8e3d-eng,"When a phantom spawns","Marks, Maggie",9781510747265,,"Sky Pony Press; Sky Pony",2019,"New York",eBook;Book,"Book::Carmichael Children's Area: CHILDREN FICTION Minecraft - On Shelf,Book::Belle Cooledge Children's Area: CHILDREN FICTION Minecraft - On Shelf,Book::Del Paso Heights Children's Area: CHILDREN FICTION Minecraft - On Shelf"
https://catalog.saclibrary.org/GroupedWork/38526755-e713-b5fd-0ab6-4df51b6c0f55-eng,"North! Or be eaten","Peterson, Andrew, 1974-",9780593797365,,"WaterBrook; Random House Children's Books; Books on Tape","2009 - 2024","[Colorado Springs, CO]; [Colorado Springs, Colorado]",eAudiobook;Book;eBook,"Book::Arcade Children's Area: CHILDREN FICTION Peterson, A. - On Shelf,Book::Carmichael Children's Area: CHILDREN FICTION Peterson, A. - Checked Out,Book::Colonial Heights Children's Area: CHILDREN FICTION Peterson, A. - On Shelf"
https://catalog.saclibrary.org/GroupedWork/b58eaf28-12a4-3338-f5e6-b50a8dea79fa-eng,"Spy school project X","Gibbs, Stuart, 1969-",9781534479494,,"Simon & Schuster Audio; Simon & Schuster Books for Young Readers",2022,"New York; New York, NY","eAudiobook;Audiobook - CD;eBook;Book","Book::Carmichael Children's Area: CHILDREN FICTION Gibbs, S. - Checked Out,Book::Central Kids Place - Lower Level: CHILDREN FICTION Gibbs, S. - Checked Out,Book::Fair Oaks Children's Area: CHILDREN FICTION Gibbs, S. - Checked Out"
https://catalog.saclibrary.org/GroupedWork/4759128a-0933-9b03-8b47-56fefde9d78e-eng,"Eye of the earthquake dragon: A Branches Book","West, Tracey, 1965-",9781725417878,,"Scholastic Inc.; Scholastic Inc","2019 - 2020","New York, NY",eAudiobook;eBook;Book,"Book::Carmichael Children's Area: MOVING UP West, T. - On Shelf,Book::Elk Grove Kids' Place: MOVING UP West, T. - On Shelf,Book::Franklin Children's: MOVING UP West, T. - Checked Out"
https://catalog.saclibrary.org/GroupedWork/909e5cfe-8776-818a-ddd5-3aeae8387912-eng,"Haunting of the ghost dragon","West, Tracey, 1965-",9781546110033,,"Scholastic, Inc; Scholastic Inc.",2024,"New York, NY",eAudiobook;eBook;Book,"Book::Carmichael Children's Area: MOVING UP West, T. - Checked Out,Book::Central Kids Place - Lower Level: MOVING UP West, T. - On Shelf,Book::Belle Cooledge Children's Area: MOVING UP West, T. - Checked Out"
https://catalog.saclibrary.org/GroupedWork/fa93f4d5-e2dd-f46a-0929-5142ad9e3b30-eng,"Wonder Woman: the adventures of young Diana","Bellaire, Jordie",9781779527134,,"DC Comics",2024,"Burbank, CA","Graphic Novel/Manga;eComic","Graphic Novel/Manga::Central Teen Area - 3rd Floor: TEEN GRAPHIC NOVEL Wonder Woman - Checked Out,Graphic Novel/Manga::Elk Grove Teen Area: TEEN GRAPHIC NOVEL Wonder Woman - On Shelf,Graphic Novel/Manga::Franklin Teen: TEEN GRAPHIC NOVEL Wonder Woman - On Shelf"
https://catalog.saclibrary.org/GroupedWork/97a7f810-c3c7-e78d-842f-edaed3367a93-eng,"Dive for the black pearl","Yardi, Robin",9781546122463,,"Branches/Scholastic, Inc; Scholastic Inc.",2025,"New York",eBook;Book,"Book::Arcade Children's Area: MOVING UP Yardi, R. - On Shelf,Book::Carmichael Children's Area: MOVING UP Yardi, R. - On Shelf,Book::Central Kids Place - Lower Level: MOVING UP Yardi, R. - Checked Out"
https://catalog.saclibrary.org/GroupedWork/afdd3ecc-5fc7-ea01-48e1-03d503fca04f-eng,"Ark angel","Horowitz, Anthony, 1955-",9780142407387,,"Recorded Books, Inc.; Walker Books; Philomel Books; Penguin Young Readers Group","2006 - 2020","New York",eAudiobook;eBook;Book,"Book::Courtland Teen Area: TEEN FICTION Horowitz, A. - On Shelf,Book::Galt Teen Area: TEEN FICTION Horowitz, A. - On Shelf,Book::South Natomas Teen Area: TEEN FICTION Horowitz, A. - On Shelf"
https://catalog.saclibrary.org/GroupedWork/2555104e-45b2-f0fa-5cda-4fc49bfc4357-eng,"The detour of the elephants","Warner, Gertrude Chandler, 1890-1979",9780807506851,,"Albert Whitman & Company",2017,"Chicago, Illinois",eBook;Book,"Book::Arcade Children's Area: CHILDREN FICTION Warner, G. - Checked Out,Book::Central Kids Place - Lower Level: CHILDREN FICTION Warner, G. - Checked Out,Book::Courtland Children's Area: CHILDREN FICTION Warner, G. - On Shelf"
https://catalog.saclibrary.org/GroupedWork/48538b21-eec0-6459-d95e-37bfd2e7ef7c-eng,"Dino-Mike and the lunar showdown","Aureliani, Franco",9781496524966,,"Capstone; Stone Arch Books, a Capstone imprint","2016 - 2017","North Mankato, Minnesota",eBook;Book,"Book::Arcade Children's Area: MOVING UP Aureliani, F. - On Shelf,Book::North Sacramento-Hagginwood Children's Area: MOVING UP Aureliani, F. - On Shelf,Book::Rancho Children's Area: MOVING UP Aureliani, F. - Checked Out"
https://catalog.saclibrary.org/GroupedWork/554c385c-d3af-fbe3-0ee2-923a195503f7-eng,"Flight of the Red Bandit","Stilton, Geronimo",9780545556309,,"Scholastic Inc.; Scholastic Inc",2014,"New York, NY",eBook;Book,"Book::Belle Cooledge Children's Area: MOVING UP Stilton, G. - Checked Out,Book::Franklin Children's: MOVING UP Stilton, G. - Checked Out,Book::Isleton Children's Area: MOVING UP Stilton, G. - In Transit"
https://catalog.saclibrary.org/GroupedWork/96ee01e4-daba-1cd8-b7a3-20308e183584-eng,"Once upon a Tim","Gibbs, Stuart, 1969-",9781534499256,,"Simon & Schuster Audio; Simon & Schuster Books for Young Readers","2022 - 2024","New York; [New York, NY]","eAudiobook;Audiobook - CD;Book;eBook","Book::Arcade Children's Area: CHILDREN FICTION Gibbs, S. - On Shelf,Book::Courtland Children's Area: CHILDREN FICTION Gibbs, S. - On Shelf,Book::Elk Grove Kids' Place: CHILDREN FICTION Gibbs, S. - Checked Out"
https://catalog.saclibrary.org/GroupedWork/cf2e366e-300c-1391-ff18-91ff959d233c-eng,Snakehead,"Horowitz, Anthony, 1955-",9780142412121,,"Recorded Books, Inc.; Philomel Books; Penguin Young Readers Group","2007 - 2008","New York",eAudiobook;Book;eBook,"Book::Galt Teen Area: TEEN FICTION Horowitz, A. - On Shelf,Book::Colusa Main Branch Teen Collection: YA Fic - On Shelf,Book::Sacramento Public Library Storage: TEEN FICTION Horowitz, A. - Checked Out"
https://catalog.saclibrary.org/GroupedWork/bcde7806-e7e9-5d90-2736-5117a8fb99a1-eng,"Search for the black rhino","Gilligan, Alison",9781937133016,,Chooseco,2011,"Waitsfield, Vt",Book,"Book::Carmichael Children's Area: CHILDREN FICTION Gilligan. A. - Checked Out,Book::Sylvan Oaks Children's Area: CHILDREN FICTION Gilligan. A. - On Shelf,Book::Woodland Public Library Children's Area: CHILDREN SERIES Choose - On Shelf"
https://catalog.saclibrary.org/GroupedWork/30446b1d-b515-1f64-3e4a-76c9a9c44350-eng,"Flat Stanley's adventures in classroom 2E: riding the slides","Egan, Kate",9780063095014,,"Harper, an imprint of HarperCollinsPublishers",2023,"New York, NY",Book,"Book::Carmichael Children's Area: MOVING UP Brown, J. - Checked Out,Book::Central Kids Place - Lower Level: MOVING UP Brown, J. - On Hold Shelf,Book::Elk Grove Kids' Place: MOVING UP Brown, J. - Checked Out"
https://catalog.saclibrary.org/GroupedWork/396c2312-17b8-fbf6-b600-cfc7af017c0a-eng,"Diana and the underworld odyssey","Saeed, Aisha",9780593178379,,"Random House; Books on Tape",2021,"New York",eAudiobook;Book,"Book::Arcade Children's Area: CHILDREN FICTION Wonder Woman - On Shelf,Book::Carmichael Children's Area: CHILDREN FICTION Wonder Woman - On Shelf,Book::Franklin Children's: CHILDREN FICTION Wonder Woman - On Shelf"
https://catalog.saclibrary.org/GroupedWork/c5232fe2-9fca-fb4d-abde-102277ff06bb-eng,"The ghostly guardian: an unofficial Minecrafters novel","Marks, Maggie",9781510753303,,"Sky Pony Press; Sky Pony",2020,"New York, NY",eBook;Book,"Book::Carmichael Children's Area: CHILDREN FICTION Minecraft - On Shelf,Book::Central Kids Place - Lower Level: CHILDREN FICTION Minecraft - On Shelf,Book::Rancho Children's Area: CHILDREN FICTION Minecraft - On Shelf"
https://catalog.saclibrary.org/GroupedWork/1a23c6ce-dc44-7335-4013-1601c919bd27-eng,"Adventures of Rainbow Fish",,9780760771068,,"Barnes & Noble Books",2005,"New York","Easy Reader",
https://catalog.saclibrary.org/GroupedWork/9ad1aa76-3584-3fc6-935a-9e516c3d344c-eng,"Spy school revolution: a Spy school novel","Gibbs, Stuart, 1969-",9781534443785,,"Simon & Schuster Audio; Simon & Schuster Books for Young Readers",2020,"New York; New York, NY","eAudiobook;Audiobook - CD;eBook;Book","Book::Carmichael Children's Area: CHILDREN FICTION Gibbs, S. - Checked Out,Book::Colonial Heights Children's Area: CHILDREN FICTION Gibbs, S. - On Shelf,Book::Belle Cooledge Children's Area: CHILDREN FICTION Gibbs, S. - Checked Out"
https://catalog.saclibrary.org/GroupedWork/b5bd048b-e9a4-4a87-4575-b8fc5294efd0-eng,Northwind,"Paulsen, Gary",9780374314200,,"Thorndike Press, a part of Gale, a Cengage Company; Farrar, Straus and Giroux (BYR); Macmillan Audio; Farrar Straus Giroux",2022,"New York; New York, NY; Waterville, ME","eAudiobook;Audiobook - CD;Large Print;Book;eBook","Book::Central Kids Place - Lower Level: CHILDREN FICTION Paulsen, G. - On Shelf,Book::Colonial Heights Children's Area: CHILDREN FICTION Paulsen, G. - On Shelf,Book::Belle Cooledge Children's Area: CHILDREN FICTION Paulsen, G. - Checked Out"
https://catalog.saclibrary.org/GroupedWork/dcf62eeb-81cb-6a2b-ebbe-3a7d739c412f-eng,"The ember stone","Charman, Katrina",9781338122138,,"Scholastic Inc.; Scholastic Inc","2017 - 2026","New York, NY",eAudiobook;Book;eBook,"Book::Colonial Heights Children's Area: MOVING UP Charman, K. - On Shelf,Book::Franklin Children's: MOVING UP Charman, K. - On Shelf,Book::North Natomas Children's Area: MOVING UP Charman, K. - Checked Out"
https://catalog.saclibrary.org/GroupedWork/a8298c41-7840-67b9-384e-8fcd2112a847-eng,"Maximum Ride forever","Patterson, James, 1947-",9780316207508,,"Blackstone Audio, Inc; Hachette Audio; Little, Brown Books for Young Readers; Little, Brown and Company",2015,"New York; [Ashland, Oregon]","eAudiobook;Audiobook - CD;eBook;Book","Book::Carmichael Teen Area: TEEN FICTION Patterson, J. - On Shelf,Book::North Natomas: TEEN FICTION Patterson, J. - On Hold Shelf,Book::Arbuckle Branch Library Teen Collection: YA Fic - On Shelf"
https://catalog.saclibrary.org/GroupedWork/68cd4809-48fe-3466-22c7-f15c11463467-eng,"Behind the wheel","Montgomery, R. A",9781933390352,,Chooseco,2010,"Waitsfield, Vt",Book,"Book::Franklin Children's: CHILDREN FICTION Montgomery, R. - On Shelf,Book::Woodland Public Library Children's Area: CHILDREN SERIES Choose - On Shelf,Book::Woodland Public Library Children's Area: MEZZANINE CHILDREN SERIES Choose - On Shelf"
https://catalog.saclibrary.org/GroupedWork/8acea054-2082-c92b-f4e0-720839e3f420-eng,"Hawkwing's journey","Hunter, Erin",9780062467706,,"Harper, an imprint of HarperCollins Publishers; HarperCollins","2016 - 2020","New York, NY",eAudiobook;Book;eBook,"Book::Arcade Children's Area: CHILDREN FICTION Hunter, E. - On Shelf,Book::Carmichael Children's Area: CHILDREN FICTION Hunter, E. - Checked Out,Book::Rancho Children's Area: CHILDREN FICTION Hunter, E. - Checked Out"
https://catalog.saclibrary.org/GroupedWork/50c5b3df-6663-fbc4-0c09-503babda0269-eng,"The horse of the river","Cooper, Sari",9781550178777,,"Harbour Publishing",2019,"Madeira Park, British Columbia",Book,"Book::South Natomas Children's Area: CHILDREN FICTION Cooper, S. - On Shelf,Book::North Natomas Children's Area: CHILDREN FICTION Cooper, S. - On Shelf,Book::Sacramento Public Library Storage: CHILDREN FICTION Cooper, S. - On Shelf"
https://catalog.saclibrary.org/GroupedWork/977826c7-5f2c-9691-f0e0-1f66af23bb26-eng,"Thursday: war of the waterslides","Lazar, Ralph",9781338770490,,"Scholastic Inc.; Scholastic Press",2022,"New York, NY",eAudiobook;Book;eBook,"Book::Carmichael Children's Area: MOVING UP Lazar, R. - On Shelf,Book::Central Kids Place - Lower Level: MOVING UP Lazar, R. - On Shelf,Book::Franklin Children's: MOVING UP Lazar, R. - Checked Out"
https://catalog.saclibrary.org/GroupedWork/c5dc4e02-0f97-b1a5-b92c-6c17aea4ccaf-eng,"Flight of the Bluebird","LaReau, Kara",9781419731440,,"Abrams; Dreamscape Media; Amulet Books",2019,"New York",eBook;Book;eAudiobook,"Book::Elk Grove Kids' Place: CHILDREN FICTION LaReau, K. - On Shelf,Book::North Natomas Children's Area: CHILDREN FICTION LaReau, K. - On Shelf,Book::Sacramento Public Library Storage: CHILDREN FICTION LaReau, K. - On Shelf"
https://catalog.saclibrary.org/GroupedWork/d29c4d25-99bb-babe-efed-8456268e9150-eng,"Unsupervised: a Crabgrass comics adventure","Bondia, Tauhid",9781524884956,,"Andrews McMeel; Andrews McMeel Publishing",2023,"Kansas City","Graphic Novel/Manga;eComic","Graphic Novel/Manga::Central Kids Place - Lower Level: CHILDREN GRAPHIC NOVEL Crabgrass - In Transit,Graphic Novel/Manga::Elk Grove Kids' Place: CHILDREN GRAPHIC NOVEL Crabgrass - In Transit,Graphic Novel/Manga::Fair Oaks Children's Area: CHILDREN GRAPHIC NOVEL Crabgrass - Checked Out"
https://catalog.saclibrary.org/GroupedWork/0f1d3077-5a2a-1a30-2252-3595bc7ac630-eng,"Elisa the royal adventure fairy","Meadows, Daisy",9780545433938,,Scholastic,2012,"New York",Book,
https://catalog.saclibrary.org/GroupedWork/5f701e8a-e458-0f5d-2a5e-6c8f699b2e14-eng,"Sky Raiders","Mull, Brandon, 1974-",9781442497009,,"Simon & Schuster Audio; Aladdin",2014,"New York",eAudiobook;Book;eBook,"Book::Central Kids Place - Lower Level: CHILDREN FICTION Mull, B. - On Shelf,Book::Courtland Children's Area: CHILDREN FICTION Mull, B. - On Shelf,Book::Rancho Children's Area: CHILDREN FICTION Mull, B. - Checked Out"
https://catalog.saclibrary.org/GroupedWork/44365528-4157-f5ed-2afd-f2c55132922e-eng,"The ambush at Sorato","Flanagan, John (John Anthony)",9780593463871,,"Viking; Books on Tape; Penguin Young Readers Group",2024,"New York, New York",eAudiobook;Book;eBook,"Book::Carmichael Teen Area: TEEN FICTION Flanagan, J. - On Shelf,Book::Central Teen Area - 3rd Floor: TEEN FICTION Flanagan, J. - On Shelf,Book::Colonial Heights: TEEN FICTION Flanagan, J. - On Shelf"
https://catalog.saclibrary.org/GroupedWork/2c1fa6e7-04bc-3e18-45e8-57e3a1256d06-eng,"Star Wars: the High Republic adventures (Phase III). Volume 5","Older, Daniel José",9781506750866,,"Dark Horse Books; Dark Horse Comics, LLC.; Dark Horse Comics",2025,"Milwaukie, OR","Graphic Novel/Manga;eComic","Graphic Novel/Manga::Central Teen Area - 3rd Floor: TEEN GRAPHIC NOVEL Star Wars v.5 - On Shelf,Graphic Novel/Manga::Fair Oaks Teen Area: TEEN GRAPHIC NOVEL Star Wars v.5 - On Shelf,Graphic Novel/Manga::McKinley Children's Area: TEEN GRAPHIC NOVEL Star Wars v.5 - On Shelf"
https://catalog.saclibrary.org/GroupedWork/d8cddeb5-bd6c-8821-cd11-706b50689230-eng,"The adventures of the dish and the spoon","Grey, Mini",9780375836916,,"Alfred A. Knopf",2006,"New York","Picture Book",
https://catalog.saclibrary.org/GroupedWork/6b5b96f3-a029-809b-ef57-218a2cf1e036-eng,"A cheese-colored camper","Stilton, Geronimo",9780439691390,,"Scholastic Inc.; Scholastic","2005 - 2011","New York",eBook;Book,
https://catalog.saclibrary.org/GroupedWork/f28e912e-96db-c7ac-08fb-8c32df9549e8-eng,"Pokemon sword & shield: 4","Kusaka, Hidenori",9781974726462,,"Viz Media, LLC",2022,"San Francisco, CA","Graphic Novel/Manga","Graphic Novel/Manga::Carmichael Children's Area: CHILDREN MANGA Pokemon Sword v.4 - Checked Out,Graphic Novel/Manga::Central Kids Place - Lower Level: CHILDREN MANGA Pokemon Sword v.4 - On Shelf,Graphic Novel/Manga::Fair Oaks Children's Area: CHILDREN MANGA Pokemon Sword v.4 - On Shelf"
https://catalog.saclibrary.org/GroupedWork/2c12ce8c-4c59-f2e2-dfe3-8cff19b41c41-eng,"Nowhere to run","Watson, Jude",9780545597067,,"Scholastic Inc.; Scholastic Inc","2013 - 2017","New York, NY",eAudiobook;eBook;Book,
https://catalog.saclibrary.org/GroupedWork/c8fbe075-e7d4-d2f3-ac41-abdb1e98d681-eng,"The Queen of Attolia: a queen's thief novel","Turner, Megan Whalen",9780606403313,,"HarperCollins; Greenwillow Books, an imprint of HarperCollins Publishers","2009 - 2017","New York",eAudiobook;Book;eBook,"Book::Belle Cooledge Teen Area: TEEN FICTION Turner, M. - On Shelf,Book::Sacramento Public Library Storage: TEEN FICTION Turner, M. - On Shelf"
https://catalog.saclibrary.org/GroupedWork/b7f65899-5a41-0bc4-37e9-cebf62b7e094-eng,"Stormclan's folly","Hunter, Erin",9780063357419,,"HarperCollins; Harper, an imprint of HarperCollinsPublishers; HarperCollins Publishers",2025,"[United States]; New York, NY","eAudiobook;Audiobook - CD;eBook;Book","Book::Carmichael Children's Area: CHILDREN FICTION Hunter, E. - Checked Out,Book::Central Kids Place - Lower Level: CHILDREN FICTION Hunter, E. - In Transit,Book::Colonial Heights Children's Area: CHILDREN FICTION Hunter, E. - On Shelf"
https://catalog.saclibrary.org/GroupedWork/469a7340-482c-8ec6-3270-93107c3d88bb-eng,"Pokemon sword & shield: 6","Kusaka, Hidenori",9781974729982,,"Viz Media, LLC",2023,"San Francisco, CA","Graphic Novel/Manga","Graphic Novel/Manga::Carmichael Children's Area: CHILDREN MANGA Pokemon Sword v.6 - Checked Out,Graphic Novel/Manga::Central Kids Place - Lower Level: CHILDREN MANGA Pokemon Sword v.6 - On Shelf,Graphic Novel/Manga::Elk Grove Kids' Place: CHILDREN MANGA Pokemon Sword v.6 - Checked Out"
https://catalog.saclibrary.org/GroupedWork/174bbea6-f85d-2b3e-2f98-5829f31a3bf4-eng,"The Secret Explorers and the lost whales","King, SJ",9780744023848,,"DK; DK Publishing",2020,"New York, New York",eAudiobook;Book;eBook,"Book::Arcade Children's Area: MOVING UP King, S. - On Shelf,Book::Pocket-Greenhaven Kids' Place: MOVING UP King, S. - On Shelf,Book::Southgate Children's Area: MOVING UP King, S. - On Hold Shelf"
https://catalog.saclibrary.org/GroupedWork/7c536a7e-0c28-11cf-a99a-76d0b0509fc3-eng,"Pokémon adventures: Black & White. Volume 5","Kusaka, Hidenori",9781421561813,,"VIZ Media; Viz Media","2014 - 2018","San Francisco, CA","Graphic Novel/Manga;eComic","Graphic Novel/Manga::Elk Grove Kids' Place: CHILDREN MANGA Pokemon Adventures v.5 - Checked Out,Graphic Novel/Manga::Southgate Children's Area: CHILDREN MANGA Pokemon Adventures v.5 - On Hold Shelf,Graphic Novel/Manga::Sylvan Oaks Children's Area: CHILDREN MANGA Pokemon Adventures v.5 - In Transit"
https://catalog.saclibrary.org/GroupedWork/b2ddfba4-6cde-9468-73c2-09d5fe07683f-eng,"The greatest treasure hunt","Patterson, James, 1947-",9781668634301,,"Jimmy Patterson Books, Little, Brown and Company; Little, Brown and Company; Blackstone",2023,"New York; [United States]",eBook;Book,"Book::Arcade Children's Area: CHILDREN FICTION Patterson, J. - On Shelf,Book::Central Kids Place - Lower Level: CHILDREN FICTION Patterson, J. - On Shelf,Book::Colonial Heights Children's Area: CHILDREN FICTION Patterson, J. - On Shelf"
https://catalog.saclibrary.org/GroupedWork/ae16c5f4-f705-e962-e0ea-0af89bc45f19-eng,"Quest mode","Cube Kid (Author of fan fiction)",9781449494049,,"Andrews McMeel Publishing","2018 - 2023","Kansas City, Missouri",eAudiobook;eBook;Book,"Book::Carmichael Children's Area: CHILDREN FICTION Minecraft - Checked Out,Book::Franklin Children's: CHILDREN FICTION Minecraft - On Hold Shelf,Book::Barber Branch: CHILDREN FICTION Minecraft - Checked Out"
https://catalog.saclibrary.org/GroupedWork/b7837e98-a13e-b2c4-1afa-1f1d3cc5f9cb-eng,"Never say die","Horowitz, Anthony, 1955-",9781524739300,,"Recorded Books, Inc.; Philomel Books; Penguin Young Readers Group",2017,"New York, NY",eAudiobook;Book;eBook,"Book::Courtland Teen Area: TEEN FICTION Horowitz, A. - In Transit,Book::Galt Teen Area: TEEN FICTION Horowitz, A. - On Shelf,Book::Sylvan Oaks Teen Area: TEEN FICTION Horowitz, A. - On Shelf"
https://catalog.saclibrary.org/GroupedWork/3138e194-1480-a72b-e13c-2e262c64ac75-eng,"The last last-day-of-summer","Giles, Lamar, 1979-",9780358244417,,"Recorded Books, Inc.; HarperCollins; HMH Books; Versity, Houghton Mifflin Harcourt",2019,Boston,eAudiobook;eBook;Book,"Book::Carmichael Children's Area: CHILDREN FICTION Giles, L. - On Shelf,Book::Central Kids Place - Lower Level: CHILDREN FICTION Giles, L. - On Shelf,Book::Colonial Heights Children's Area: CHILDREN FICTION Giles, L. - Checked Out"
https://catalog.saclibrary.org/GroupedWork/1bc614f9-43a0-cb42-3716-20ba83adeb99-eng,"Marvel super hero adventures: Spider-man : Spider-sense of adventure",,9781532144547,,"ABDO, Spotlight",2020,"Minneapolis, Minnesota",Book,
https://catalog.saclibrary.org/GroupedWork/84ff7edd-dc6c-2442-4e66-71f4455d012b-eng,"We're roaming in the rainforest: an Amazon adventure","Krebs, Laurie",9781846863318,,"Barefoot Books","2010 - 2019","Cambridge, MA",eBook;Book,
https://catalog.saclibrary.org/GroupedWork/22b31a01-ddb4-4873-1d1e-8ad85d0aae60-eng,"The mysterious Benedict Society and the riddle of ages","Stewart, Trenton Lee",9780316452649,,"Hachette Audio; Little, Brown Books for Young Readers; Megan Tingley Books, Little, Brown and Company",2019,"New York; New York, NY","eAudiobook;Audiobook - CD;Book;eBook","Book::Fair Oaks Children's Area: CHILDREN FICTION Stewart, T. - On Shelf,Book::Franklin Children's: CHILDREN FICTION Stewart, T. - On Shelf,Book::Galt Children's Area: CHILDREN FICTION Stewart, T. - On Shelf"
https://catalog.saclibrary.org/GroupedWork/b846f1b5-a25e-5c65-fc47-7f9d7ee46bcb-eng,"Lost in New York","Egan, Kate",9781338554281,,"Harper, an Imprint of HarperCollins Publishers",2018,"New York, NY",Book,"Book::Courtland Children's Area: MOVING UP Brown, J. - On Shelf,Book::Elk Grove Kids' Place: MOVING UP Brown, J. - Checked Out,Book::South Natomas Children's Area: MOVING UP Brown, J. - Checked Out"
https://catalog.saclibrary.org/GroupedWork/dada5223-e9da-aef6-c390-380322b61041-eng,Countdown,"Standiford, Natalie",9780545597135,,"Scholastic Audiobooks; Scholastic Inc.; Scholastic Inc","2014 - 2017","[New York]; New York, NY","eAudiobook;Audiobook - CD;Book;eBook","Book::Elk Grove Kids' Place: CHILDREN FICTION 39 Clues - On Shelf"
https://catalog.saclibrary.org/GroupedWork/a3f34572-cb7d-e1cb-1442-93493301c516-eng,"Unicorns don't give sleigh rides","Dadey, Debbie",9780590257831,7807300350,"Tantor Media, Inc; Scholastic","1997 - 2024","New York",eAudiobook;Book,
https://catalog.saclibrary.org/GroupedWork/9679ed73-310c-c27b-31ac-e57a5fa2cff8-eng,"The quest for the golden fleas","Boyer, Crispin",9781426335471,,"Recorded Books, Inc.; W. F. Howes Ltd; National Geographic Kids","2019 - 2022",Washington,eAudiobook;Book,"Book::McKinley Children's Area: CHILDREN FICTION Boyer, C. - On Shelf,Book::South Natomas Children's Area: CHILDREN FICTION Boyer, C. - In Transit,Book::Rancho Children's Area: CHILDREN FICTION Boyer, C. - Checked Out"
https://catalog.saclibrary.org/GroupedWork/14b0a369-25e7-d071-ad0e-7cb3838250ad-eng,"Pokémon sword & shield: 7","Kusaka, Hidenori",9781974736386,,"Viz Media, LLC",2023,"San Francisco, CA","Graphic Novel/Manga","Graphic Novel/Manga::Arcade Children's Area: CHILDREN MANGA Pokemon Sword v.7 - On Shelf,Graphic Novel/Manga::Central Kids Place - Lower Level: CHILDREN MANGA Pokemon Sword v.7 - On Shelf,Graphic Novel/Manga::Del Paso Heights Children's Area: CHILDREN MANGA Pokemon Sword v.7 - On Shelf"
https://catalog.saclibrary.org/GroupedWork/01ac7e78-9ac0-5dbf-2c2d-5897ac1ebb39-eng,"The new adventures of...Disney Moana 2: born to voyage","Leong, Sloane",9781545819661,,Papercutz,2025,"[New York]","Graphic Novel/Manga","Graphic Novel/Manga::Central Kids Place - Lower Level: CHILDREN GRAPHIC NOVEL Disney - On Shelf,Graphic Novel/Manga::Franklin Children's: CHILDREN GRAPHIC NOVEL Disney - Checked Out,Graphic Novel/Manga::Southgate Children's Area: CHILDREN GRAPHIC NOVEL Disney - On Shelf"
https://catalog.saclibrary.org/GroupedWork/c7c82a98-7c9d-9935-7aeb-68eb4c2c805c-eng,"The arm of the starfish","L'Engle, Madeleine",9780312674885,,"Dell Laurel-Leaf; Farrar, Straus and Giroux (BYR); Square Fish; Books on Tape","1980 - 2016","New York; New York, N.Y",eAudiobook;Book;eBook,"Book::Belle Cooledge Teen Area: TEEN FICTION L'Engle, M. - On Shelf,Book::Fair Oaks Teen Area: TEEN FICTION L'Engle, M. - On Shelf,Book::North Natomas: TEEN FICTION L'Engle, M. - On Shelf"
https://catalog.saclibrary.org/GroupedWork/51e54fac-a4b0-ecff-8437-948e9114f54d-eng,"The vanishing","Holt, Christopher, 1980-",9780316251754,,"Hachette Audio; Little, Brown Books for Young Readers; Little, Brown",2012,"New York",eAudiobook;eBook;Book,
https://catalog.saclibrary.org/GroupedWork/787091c9-75f7-0681-2470-462b47dc4567-eng,"Battle for the Z-Ring","Lane, Jeanette",9781338185324,,"Scholastic Inc.; Scholastic","2017 - 2021","New York",eBook;Book,"Book::Elk Grove Kids' Place: MOVING UP Pokemon - Checked Out,Book::South Natomas Children's Area: MOVING UP Pokemon - On Shelf,Book::Valley Hi-North Laguna Children's Area: MOVING UP Pokemon - On Shelf"
https://catalog.saclibrary.org/GroupedWork/4beda2f5-6a99-2c7c-6ce8-a324c5cad840-eng,"The traitor's game","Nielsen, Jennifer A",9781338045376,,"Scholastic Inc.; Scholastic Press",2018,"New York",eAudiobook;eBook;Book,"Book::Belle Cooledge Teen Area: TEEN FICTION Nielsen, J. - On Shelf,Book::Fair Oaks Teen Area: TEEN FICTION Nielsen, J. - Checked Out,Book::North Natomas: TEEN FICTION Nielsen, J. - On Shelf"
https://catalog.saclibrary.org/GroupedWork/7db15ea4-d071-df2e-e431-f3b4cc7397f0-eng,"Tom Sawyer abroad","Twain, Mark, 1835-1910",9780195101485,,"Wilder Publications, Inc.; Project Gutenberg; Dreamscape Media; Sheba Blake Publishing; HarperCollins Canada; Duke Classics; Blackstone Publishing; Otbebookpublishing; libreka classics; Read Books Ltd.; Start Publishing LLC; Oxford University Press; Dancing Unicorn Books; Start Classics","1996 - 2021","New York",eAudiobook;eBook;Book,"Book::Central: FICTION Twain, M. - On Shelf"
https://catalog.saclibrary.org/GroupedWork/e335c95f-cbad-e329-a95c-cf6b15080d14-eng,"By balloon to the Sahara","Terman, Douglas, 1933-",9781937133481,,"Chooseco LLC",2015,"Waitsfield, Vermont",Book,"Book::Galt Children's Area: CHILDREN FICTION Terman, D. - Checked Out,Book::Rio Linda Children's Area: CHILDREN FICTION Terman, D. - On Shelf,Book::Woodland Public Library Children's Area: CHILDREN SERIES Choose - On Shelf"
https://catalog.saclibrary.org/GroupedWork/5b331835-2c52-a439-a5e6-bf6f2c1e15c1-eng,"Pokemon sword & shield: 2","Kusaka, Hidenori",9781974725250,,"Viz Media, LLC",2021,"San Francisco, CA","Graphic Novel/Manga","Graphic Novel/Manga::Carmichael Children's Area: CHILDREN MANGA Pokemon Sword v.2 - In Transit,Graphic Novel/Manga::Central Kids Place - Lower Level: CHILDREN MANGA Pokemon Sword v.2 - On Shelf,Graphic Novel/Manga::Courtland Children's Area: CHILDREN MANGA Pokemon Sword v.2 - On Shelf"
https://catalog.saclibrary.org/GroupedWork/e705e474-59a0-aca4-9ad5-46093ca205f7-eng,"Aurora's end","Kaufman, Amie",9781524720889,,"Alfred A. Knopf; Random House Children's Books; Books on Tape",2021,"New York",eAudiobook;Book;eBook,"Book::Arcade Teen Area: TEEN FICTION Kaufman, A. - On Shelf,Book::Elk Grove Teen Area: TEEN FICTION Kaufman, A. - On Shelf,Book::South Natomas Teen Area: TEEN FICTION Kaufman, A. - On Shelf"
https://catalog.saclibrary.org/GroupedWork/2ecfa657-4ecf-e171-58ed-11aec4cdc492-eng,"The cloud kingdom","Charman, Katrina",9781338307177,,"Scholastic Inc.; Scholastic Inc",2019,"New York, NY",eBook;Book,"Book::Carmichael Children's Area: MOVING UP Charman, K. - Checked Out,Book::Central Kids Place - Lower Level: MOVING UP Charman, K. - Checked Out,Book::Courtland Children's Area: MOVING UP Charman, K. - On Shelf"
https://catalog.saclibrary.org/GroupedWork/58ea40cd-3f66-aa84-09ac-8be62dcc62d8-eng,"The dangerous gift","Sutherland, Tui, 1978-",9781338214550,,"Thorndike Press, a part of Gale, a Cengage Company; Scholastic Audiobooks; Thorndike Press, a part of Gale, a Cengage Companyt; Scholastic Press","2021 - 2025","New York; New York, NY; [Waterville, Maine]","Large Print;Audiobook - CD;Book","Book::Arcade Children's Area: CHILDREN FICTION Sutherland, T. - Checked Out,Book::Carmichael Children's Area: CHILDREN FICTION Sutherland, T. - On Shelf,Book::Central Kids Place - Lower Level: CHILDREN FICTION Sutherland, T. - In Transit"
https://catalog.saclibrary.org/GroupedWork/181496a8-7f7a-17b6-ca65-4b3266d56b10-eng,"Doll bones","Black, Holly",9781416963981,,"Random House/Listening Library; Margaret K. McElderry Books; Books on Tape",2013,"New York","eAudiobook;Audiobook - CD;Book;eBook","Book::Arcade Children's Area: CHILDREN FICTION Black, H. - On Shelf,Book::Central Kids Place - Lower Level: CHILDREN FICTION Black, H. - On Shelf,Book::Colonial Heights Children's Area: CHILDREN FICTION Black, H. - On Shelf"
https://catalog.saclibrary.org/GroupedWork/7ddc524a-3b15-edff-9335-db10fb4a6403-eng,"Scorpia rising","Horowitz, Anthony, 1955-",9780399250576,,"Recorded Books, Inc.; Philomel Books; Penguin Young Readers Group","2011 - 2012","New York",eAudiobook;Book;eBook,"Book::Courtland Teen Area: TEEN FICTION Horowitz, A. - On Shelf,Book::Rancho Cordova: TEEN FICTION Horowitz, A. - On Shelf,Book::Barber Branch: TEEN FICTION Horowitz, A. - On Shelf"
https://catalog.saclibrary.org/GroupedWork/3cb451f9-d750-c390-d5ac-435ad8b415f3-eng,"The long road","Holt, Christopher, 1980-",9781484428597,,"Little, Brown and Company, Hachette Book Group; Hachette Audio; Little, Brown and Company","2013 - 2014","New York; New York, N.Y",eAudiobook;Book,
https://catalog.saclibrary.org/GroupedWork/d9fa4adb-9d28-599f-043d-50d83b87aceb-eng,"Help, I'm in hot lava!","Stilton, Geronimo",9780545642903,,"Scholastic Inc",2013,"New York",Book,"Book::Arcade Children's Area: MOVING UP Stilton, G. - On Shelf,Book::Arden-Dimick Children's Area: MOVING UP Stilton, G. - Checked Out,Book::Elk Grove Kids' Place: MOVING UP Stilton, G. - Checked Out"
https://catalog.saclibrary.org/GroupedWork/f0058fe0-e91b-26ab-d069-5ab96b4bc12f-eng,"A conspiracy of kings","Turner, Megan Whalen",9780061870934,,"Greenwillow Books; HarperCollins","2010 - 2017","New York",eAudiobook;Book;eBook,"Book::Carmichael Teen Area: TEEN FICTION Turner, M. - On Shelf,Book::Sacramento Public Library Storage: TEEN FICTION Turner, M. - Checked Out"
https://catalog.saclibrary.org/GroupedWork/a33b0f46-065c-b7e2-2edd-e498941d1b9e-eng,"Minecraft: mob squad","Dawson, Delilah S",9780593355770,,"Del Rey",2021,"New York",Book,"Book::Carmichael Children's Area: CHILDREN FICTION Minecraft - Checked Out,Book::Central Kids Place - Lower Level: CHILDREN FICTION Minecraft - On Shelf,Book::Elk Grove Kids' Place: CHILDREN FICTION Minecraft - On Shelf"
https://catalog.saclibrary.org/GroupedWork/5664f5e9-c251-2e9a-b2c1-9df166077858-eng,"The Chroma's clutches","West, Tracey, 1965-",9780593565704,4013575961221,"LEONINE Audio; Random House","2022 - 2025","New York",eAudiobook;Book,"Book::Carmichael Children's Area: MOVING UP Lego - On Shelf,Book::Central Kids Place - Lower Level: MOVING UP Lego - On Shelf,Book::Belle Cooledge Children's Area: MOVING UP Lego - On Shelf"
https://catalog.saclibrary.org/GroupedWork/144c20ad-3107-9be4-270a-156a892ec965-eng,"Danger down the Nile","Patterson, James, 1947-",9780316370868,,"Hachette Audio; Little, Brown Books for Young Readers; Little, Brown and Company",2014,"New York",eAudiobook;Book;eBook,"Book::Carmichael Children's Area: CHILDREN FICTION Patterson, J. - On Shelf,Book::Central Kids Place - Lower Level: CHILDREN FICTION Patterson, J. - Checked Out,Book::Belle Cooledge Children's Area: CHILDREN FICTION Patterson, J. - In Transit"
https://catalog.saclibrary.org/GroupedWork/017a120d-ccb5-ae42-5755-19562fa52839-eng,"Buddy and Earl go exploring","Fergus, Maureen",9781554989249,,"Groundwood; Groundwood Books Ltd",2016,Toronto,"Picture Book;eBook","Picture Book::Central Kids Place - Lower Level: PICTURE BOOK Fergus, M. - On Shelf,Picture Book::Colonial Heights Children's Area: PICTURE BOOK Fergus, M. - Checked Out,Picture Book::Belle Cooledge Children's Area: PICTURE BOOK Fergus, M. - On Shelf"
https://catalog.saclibrary.org/GroupedWork/6fe50c35-2647-6a84-f656-5ff5291b47b9-eng,"Hunt for the kraken: a decide-as-you-go adventure","Butler, Kathryn, 1980-",9781433599590,,Crossway,2026,"Wheaton, Illinois",Book,"Book::Carmichael Children's Area: CHILDREN FICTION Butler, K. - Checked Out,Book::Pocket-Greenhaven Kids' Place: CHILDREN FICTION Butler, K. - Checked Out,Book::Rio Linda Children's Area: CHILDREN FICTION Butler, K. - Checked Out"
https://catalog.saclibrary.org/GroupedWork/a4c575fd-843d-311a-b1b6-28e78e69026c-eng,"Aru Shah and the song of death","Chokshi, Roshani",9781368013840,9780525587613,"Disney Hyperion; Random House/Listening Library; Rick Riordan Presents Digital; Books on Tape",2019,"[New York]; Los Angeles","eAudiobook;Audiobook - CD;eBook;Book","Book::Colonial Heights Children's Area: CHILDREN FICTION Chokshi, R. - On Shelf,Book::Belle Cooledge Children's Area: CHILDREN FICTION Chokshi, R. - Checked Out,Book::Elk Grove Kids' Place: CHILDREN FICTION Chokshi, R. - On Shelf"
https://catalog.saclibrary.org/GroupedWork/bf73ed92-2804-18cf-71c9-b62fde1635eb-eng,"The black circle","Carman, Patrick",9780545090636,,"Scholastic Inc.; Scholastic","2009 - 2017","New York; New York, NY; London",eAudiobook;Book;eBook,"Book::Elk Grove Kids' Place: CHILDREN FICTION 39 Clues - Checked Out,Book::South Natomas Children's Area: CHILDREN FICTION 39 Clues - Checked Out,Book::Barber Branch: CHILDREN FICTION Carman, P. [39 CLUES] - On Shelf"
https://catalog.saclibrary.org/GroupedWork/39aa6693-11bd-9d9e-77ed-ea1c1b0a5b37-eng,"Friend or foe?","Higginson, Sheila Sweeny, 1966-",9780736482639,,"Random House",2018,"New York",Book,"Book::Arcade Children's Area: MOVING UP Disney - On Shelf,Book::Carmichael Children's Area: MOVING UP Disney - On Shelf,Book::North Sacramento-Hagginwood Children's Area: MOVING UP Disney - On Shelf"
https://catalog.saclibrary.org/GroupedWork/c6d8d3ff-a389-d361-47d2-a589fcd1872b-eng,"Toaff's way","Voigt, Cynthia",9781524765361,,"Alfred A. Knopf; Random House Children's Books",2018,"New York",eBook;Book,"Book::Arcade Children's Area: CHILDREN FICTION Voigt, C. - On Shelf,Book::Central Kids Place - Lower Level: CHILDREN FICTION Voigt, C. - On Shelf,Book::Elk Grove Kids' Place: CHILDREN FICTION Voigt, C. - On Shelf"
https://catalog.saclibrary.org/GroupedWork/725e6970-8add-bf97-41d0-d9817d688ba1-eng,"Journey under the sea","Montgomery, R. A",9781933390024,,"Chooseco; Grey Castle Press","1987 - 2005","Waitsfield, Vt; Sharon, CT","Large Print;Book","Book::Elk Grove Kids' Place: CHILDREN FICTION Montgomery, R. - Checked Out,Book::North Natomas Children's Area: CHILDREN FICTION Montgomery, R. - On Shelf,Book::Rancho Children's Area: CHILDREN FICTION Montgomery, R. - Checked Out"
https://catalog.saclibrary.org/GroupedWork/762e4181-d83c-e95a-8f87-6896acd401f2-eng,Outcast,"Hunter, Erin",9780060892104,,"HarperCollins; Harper; Harper Trophy","2008 - 2019","New York",eAudiobook;Book;eBook,"Book::Galt Children's Area: CHILDREN FICTION Hunter, E. - Checked Out,Book::McClatchy Children's Area: CHILDREN FICTION Hunter, E. - Checked Out"
https://catalog.saclibrary.org/GroupedWork/5963b872-617f-ea18-9b4a-ea63db242074-eng,"Island of shipwrecks","McMann, Lisa",9781442493315,,"Simon & Schuster Audio; Aladdin",2015,"New York","eAudiobook;Audiobook - CD;Book;eBook","Book::Carmichael Children's Area: CHILDREN FICTION McMann, L. - Checked Out,Book::Elk Grove Kids' Place: CHILDREN FICTION McMann, L. - On Shelf,Book::Valley Hi-North Laguna Children's Area: CHILDREN FICTION McMann, L. - Checked Out"
https://catalog.saclibrary.org/GroupedWork/4700f215-8c66-3f65-a9cc-b580842bcfbc-eng,"Forecast from Stonehenge","Phillips, Stephanie, 1991-",9781637152454,,"Oni Press",2024,"Portland, OR","Graphic Novel/Manga","Graphic Novel/Manga::Arcade Children's Area: CHILDREN GRAPHIC NOVEL Choose Your - On Shelf,Graphic Novel/Manga::Central Kids Place - Lower Level: CHILDREN GRAPHIC NOVEL Choose Your - On Shelf,Graphic Novel/Manga::Folsom Children's Area: CHILDREN GRAPHIX Choose Your Own Adventure - Checked Out"
https://catalog.saclibrary.org/GroupedWork/b7e1e0a9-6377-ce6c-13b0-b2003c5bf341-eng,"Wrath of the storm","Nielsen, Jennifer A",9780545562072,,"Scholastic Inc.; Scholastic Press; Scholastic Audio",2017,"New York; [New York]","eAudiobook;Audiobook - CD;Book;eBook","Book::Elk Grove Teen Area: TEEN FICTION Nielsen, J. - On Shelf,Book::Franklin Teen: TEEN FICTION Nielsen, J. - On Shelf,Book::North Sacramento-Hagginwood Teen Area: TEEN FICTION Nielsen, J. - On Shelf"
https://catalog.saclibrary.org/GroupedWork/b2df05c7-3096-adf5-328c-d52bd64ef8e3-eng,"The last gold diggers: being as it were, an account of a small dog's adventures, down under","Horse, Harry",9781561454358,,Peachtree,2008,Atlanta,Book,"Book::North Natomas Children's Area: MOVING UP Horse, H. - On Shelf,Book::Valley Hi-North Laguna Children's Area: MOVING UP Horse, H. - On Shelf"
https://catalog.saclibrary.org/GroupedWork/22d073be-5ec6-d07f-7adb-6f628f048c8f-eng,"Bloom of the flower dragon","West, Tracey, 1965-",9781338776874,,"Scholastic Inc.; Scholastic Inc",2022,"New York, NY",eAudiobook;eBook;Book,"Book::Arcade Children's Area: MOVING UP West, T. - Checked Out,Book::Carmichael Children's Area: MOVING UP West, T. - Checked Out,Book::Central Kids Place - Lower Level: MOVING UP West, T. - On Shelf"
https://catalog.saclibrary.org/GroupedWork/8f1be7e7-838c-8bea-d6d6-cc6366667bde-eng,"The Secret Explorers and the tomb robbers","King, SJ",9780744023862,,"DK; DK Publishing",2020,"New York, New York",eAudiobook;Book;eBook,"Book::Arden-Dimick Children's Area: MOVING UP King, S. - Checked Out,Book::Carmichael Children's Area: MOVING UP King, S. - Checked Out,Book::Central Kids Place - Lower Level: MOVING UP King, S. - Checked Out"
https://catalog.saclibrary.org/GroupedWork/9ffe08f7-dce8-07fa-c9c3-018651c985bd-eng,"Masters of disaster","Paulsen, Gary",9780385908160,,"Wendy Lamb Books; Random House Children's Books",2010,"New York",eBook;Book,"Book::Franklin Children's: CHILDREN FICTION Paulsen, G. - Checked Out,Book::Colusa Main Branch Juvenile Collection: J Fic - On Shelf,Book::Princeton Branch Library Juvenile Collection: J Fic - On Shelf"
https://catalog.saclibrary.org/GroupedWork/e360e1f2-b69e-4d9b-09ce-d6e2663a6f12-eng,"Viking adventure","Bulla, Clyde Robert",,,"Thomas Y. Crowell",1963,"New York, N.Y",Book,
https://catalog.saclibrary.org/GroupedWork/c0222e25-1543-2248-e5b6-f673739ed69d-eng,"Elk hunt adventure","Roe, Monica, 1978-",9781666329636,,"Capstone; Stone Arch Books, a Capstone imprint",2022,"North Mankato, Minnesota",eBook;Book,
https://catalog.saclibrary.org/GroupedWork/337f0fa1-595c-bfc3-ff04-439f9f9ae5bb-eng,"Flash Gordon adventures!: 1","Baltazar, Art",9781545812181,,Papercutz,2024,"[New York]","Graphic Novel/Manga","Graphic Novel/Manga::Carmichael Children's Area: CHILDREN GRAPHIC NOVEL Flash Gordon v.1 - On Shelf,Graphic Novel/Manga::Central Kids Place - Lower Level: CHILDREN GRAPHIC NOVEL Flash Gordon v.1 - On Shelf,Graphic Novel/Manga::Belle Cooledge Children's Area: CHILDREN GRAPHIC NOVEL Flash Gordon v.1 - Checked Out"
https://catalog.saclibrary.org/GroupedWork/d1db7d46-7610-25ab-c946-fbe70d7cdc70-eng,"I survived the Japanese Tsunami, 2011","Tarshis, Lauren",9780545459372,,"Scholastic Inc.; Scholastic Inc","2013 - 2017","New York, NY",eAudiobook;Book;eBook,"Book::Central Kids Place - Lower Level: CHILDREN FICTION Tarshis, L. - In Processing,Book::Central Kids Place - Lower Level: ON ORDER - On Order,Book::Galt Children's Area: CHILDREN FICTION Tarshis, L. - In Transit"
https://catalog.saclibrary.org/GroupedWork/8b039b08-ec06-2b6b-9ada-5c48ec28bd8c-eng,"Fergus Crane","Stewart, Paul, 1955-",9780385750882,,"David Fickling Books",2006,"New York",Book,"Book::Carmichael Children's Area: CHILDREN FICTION Stewart, P. - On Shelf,Book::Elk Grove Kids' Place: CHILDREN FICTION Stewart, P. - On Shelf"
https://catalog.saclibrary.org/GroupedWork/64dff687-baf3-7462-63b2-8479540fab37-eng,"Codename: Zero","Rylander, Chris",9780062120083,,"HarperCollins; Walden Pond Press, an Imprint of HarperCollinsPublishers",2014,"New York, NY",eBook;Book,"Book::Arden-Dimick Children's Area: CHILDREN FICTION Rylander, C. - Checked Out,Book::Elk Grove Kids' Place: CHILDREN FICTION Rylander, C. - On Shelf,Book::Sacramento Public Library Storage: CHILDREN FICTION Rylander, C. - On Shelf"
https://catalog.saclibrary.org/GroupedWork/3740026c-6a2b-c39d-cd50-3e25d5a662c3-eng,"Rise of the Teenage Mutant Ninja Turtles: the complete adventures","Manning, Matthew K",9798887240121,,"IDW Publishing, a division of Idea and Design Works, LLC; IDW Publishing",2023,"San Diego, California","Graphic Novel/Manga;eComic","Graphic Novel/Manga::Carmichael Children's Area: CHILDREN GRAPHIC NOVEL Ninja Turtles - On Shelf,Graphic Novel/Manga::Central Kids Place - Lower Level: CHILDREN GRAPHIC NOVEL Ninja Turtles - On Shelf,Graphic Novel/Manga::Colonial Heights Children's Area: CHILDREN GRAPHIC NOVEL Ninja Turtles - Checked Out"
https://catalog.saclibrary.org/GroupedWork/8abc27f2-8e0b-4a3a-b764-1399003bc5f1-eng,"Search for the silver shell","Yardi, Robin",9781546122425,,"Scholastic, Inc; Scholastic Inc.",2025,"New York, NY",eBook;Book,"Book::Arcade Children's Area: MOVING UP Yardi, R. - On Shelf,Book::Central Kids Place - Lower Level: MOVING UP Yardi, R. - Checked Out,Book::Colonial Heights Children's Area: MOVING UP Yardi, R. - Checked Out"
https://catalog.saclibrary.org/GroupedWork/e92c4ce1-fd09-cedd-d373-71e36fb71f79-eng,"The mysterious Benedict Society and the perilous journey","Stewart, Trenton Lee",9780316057806,,"Hachette Audio; Little, Brown Books for Young Readers; Random House/Listening Library; Little, Brown and Co; Penguin Random House Audio Publishing Group","2008 - 2022","[New York]; Boston","eAudiobook;Audiobook - CD;eBook;Book","Book::Central Kids Place - Lower Level: CHILDREN FICTION Stewart, T. - Checked Out,Book::Galt Children's Area: CHILDREN FICTION Stewart, T. - Checked Out,Book::Pocket-Greenhaven Kids' Place: CHILDREN FICTION Stewart, T. - On Shelf"
https://catalog.saclibrary.org/GroupedWork/706561d2-ecca-e439-2141-3e81274a11a3-eng,"Pokemon sword & shield: 9","Kusaka, Hidenori",9781974743445,,"Viz Media, LLC",2024,"San Francisco, CA","Graphic Novel/Manga","Graphic Novel/Manga::Carmichael Children's Area: CHILDREN MANGA Pokemon Sword v.9 - Checked Out,Graphic Novel/Manga::Central Kids Place - Lower Level: CHILDREN MANGA Pokemon Sword v.9 - Checked Out,Graphic Novel/Manga::Del Paso Heights Children's Area: CHILDREN MANGA Pokemon Sword v.9 - On Shelf"
https://catalog.saclibrary.org/GroupedWork/869a849b-211d-d9fe-bb5c-45d7b15c9d76-eng,"Race the night","Hubbard, Kirsten",9781484708347,,"Disney-Hyperion; Little, Brown Books for Young Readers",2016,"Los Angeles",eBook;Book,"Book::Fair Oaks Children's Area: CHILDREN FICTION Hubbard, K. - On Shelf,Book::Sacramento Public Library Storage: CHILDREN FICTION Hubbard, K. - On Shelf"
https://catalog.saclibrary.org/GroupedWork/0b6d1a30-f812-5147-24f6-bb168bc7d5ca-eng,"The Shadow returns","Charman, Katrina",9781338832556,,"Scholastic Inc.; Scholastic Inc",2023,"New York",eBook;Book,"Book::Carmichael Children's Area: MOVING UP Charman, K. - Checked Out,Book::Central Kids Place - Lower Level: MOVING UP Charman, K. - On Shelf,Book::Colonial Heights Children's Area: MOVING UP Charman, K. - On Shelf"
https://catalog.saclibrary.org/GroupedWork/4bd74106-0f2a-84bf-eb80-0bcab6aaccaa-eng,"Dog Man","Pilkey, Dav, 1966-",9780545581639,,"Graphix, an imprint of Scholastic; Scholastic Inc.",2016,"New York, NY","eComic;Graphic Novel/Manga","Graphic Novel/Manga::Carmichael Children's Area: CHILDREN GRAPHIC NOVEL Dog Man v.1 - Checked Out,Graphic Novel/Manga::Central Kids Place - Lower Level: ON ORDER - On Order,Graphic Novel/Manga::Colonial Heights Children's Area: CHILDREN GRAPHIC NOVEL Dog Man v.1 - Checked Out"
https://catalog.saclibrary.org/GroupedWork/7f681061-19f1-7179-774e-5f3ba07bf28a-eng,"Pokémon adventures: gold & silver. Volume 9","Kusaka, Hidenori",9781421530628,,"Viz Media",2010,"San Francisco, Calif","Graphic Novel/Manga","Graphic Novel/Manga::Carmichael Children's Area: CHILDREN MANGA Pokemon Adventures v.9 - In Transit,Graphic Novel/Manga::Colonial Heights Children's Area: CHILDREN MANGA Pokemon Adventures v.9 - On Shelf,Graphic Novel/Manga::Courtland Children's Area: CHILDREN MANGA Pokemon Adventures v.9 - On Shelf"
https://catalog.saclibrary.org/GroupedWork/c08a4839-dbda-9467-0e9a-999bb1a1f67d-eng,"Daughter of the deep","Riordan, Rick",9781368077927,,"Thorndike Press, a part of Gale, a Cengage Company; Disney Hyperion; Disney Hyperion Digital; Disney/Hyperion","2021 - 2022","Los Angeles; Waterville, ME","eAudiobook;eBook;Large Print;Book","Book::Arcade Children's Area: CHILDREN FICTION Riordan, R. - On Shelf,Book::Belle Cooledge Children's Area: CHILDREN FICTION Riordan, R. - On Shelf,Book::Fair Oaks Children's Area: CHILDREN FICTION Riordan, R. - On Shelf"
https://catalog.saclibrary.org/GroupedWork/0246597d-1e83-b104-3c1d-bd3cbe8020d1-eng,"Worlds apart","Riley, James, 1977-",9781481485746,,"Simon & Schuster Audio; Aladdin",2018,"New York",eAudiobook;Book;eBook,"Book::Arcade Children's Area: CHILDREN FICTION Riley, J. - On Shelf,Book::Carmichael Children's Area: CHILDREN FICTION Riley, J. - On Shelf,Book::Belle Cooledge Children's Area: CHILDREN FICTION Riley, J. - On Shelf"
https://catalog.saclibrary.org/GroupedWork/242b9eef-2fd4-554d-4124-507c08ad148b-eng,"Pokemon adventures: Volume 10 : gold & silver","Kusaka, Hidenori",9781421530635,,"VIZ Media",2010,"San Francisco, CA","Graphic Novel/Manga","Graphic Novel/Manga::Arcade Children's Area: CHILDREN MANGA Pokemon Adventures v.10 - Checked Out,Graphic Novel/Manga::Franklin Children's: CHILDREN MANGA Pokemon Adventures v.10 - On Shelf,Graphic Novel/Manga::South Natomas Children's Area: CHILDREN MANGA Pokemon Adventures v.10 - Checked Out"
https://catalog.saclibrary.org/GroupedWork/42fdd075-7bdc-71af-863f-a735569af963-eng,"Pokémon adventures: Volume 13, Gold & silver","Kusaka, Hidenori",9781421535470,,"Viz Media",2011,"San Francisco, Calif","Graphic Novel/Manga","Graphic Novel/Manga::Arcade Children's Area: CHILDREN MANGA Pokemon Adventures v.13 - Checked Out,Graphic Novel/Manga::Fair Oaks Children's Area: CHILDREN MANGA Pokemon Adventures v.13 - Checked Out,Graphic Novel/Manga::South Natomas Children's Area: CHILDREN MANGA Pokemon Adventures v.13 - Checked Out"
https://catalog.saclibrary.org/GroupedWork/45ed22a9-8cd4-bc47-f3b3-6ec78c87a3b6-eng,"Unicorn for a day: another Phoebe and her unicorn adventure","Simpson, Dana, 1977-",9781524881306,,"Andrews McMeel; Andrews McMeel Publishing",2023,"Kansas City, Missouri","Graphic Novel/Manga;eComic","Graphic Novel/Manga::Pocket-Greenhaven Kids' Place: CHILDREN GRAPHIC NOVEL Phoebe v.18 - Checked Out,Graphic Novel/Manga::Valley Hi-North Laguna Children's Area: CHILDREN GRAPHIC NOVEL Phoebe v.18 - Checked Out,Graphic Novel/Manga::Folsom Children's Area: CHILDREN GRAPHIX Simpson, D. v.18 - Checked Out"
https://catalog.saclibrary.org/GroupedWork/97117d29-be23-3aa2-244f-3b38adf84837-eng,"Time jumpers","Mull, Brandon, 1974-",9781442497122,,"Simon & Schuster Audio; Aladdin; Audioworks/Simon & Schuster Audio",2018,"New York; [New York]","eAudiobook;Audiobook - CD;Book","Book::Carmichael Children's Area: CHILDREN FICTION Mull, B. - On Shelf,Book::Elk Grove Kids' Place: CHILDREN FICTION Mull, B. - On Shelf,Book::McKinley Children's Area: CHILDREN FICTION Mull, B. - On Shelf"
https://catalog.saclibrary.org/GroupedWork/229a541c-c957-1626-25cd-07ac8bb02fc5-eng,Angel,"Patterson, James, 1947-",9780316038324,,"Hachette Audio; Little, Brown Books for Young Readers; Little, Brown",2011,"New York",eAudiobook;eBook;Book,
https://catalog.saclibrary.org/GroupedWork/3da2274b-6e54-6b3d-89a9-4f565a9dff23-eng,"David Balfour: being memoirs of the further adventures of David Balfour at home and abroad","Stevenson, Robert Louis, 1850-1894",,,Scribner,1924,"New York",Book,"Book::Sacramento Room: SPE fic Stevenson CHI - Library Use Only"
https://catalog.saclibrary.org/GroupedWork/e2290b78-961c-c87f-5391-9c40c376292f-eng,Hunted,"Melki-Wegner, Skye",9781250827692,,"Henry Holt and Co. (BYR); Henry Holt and Company; Macmillan Audio",2023,"New York",eAudiobook;Book;eBook,"Book::Belle Cooledge Children's Area: CHILDREN FICTION Melki-Wegner, S. - On Shelf,Book::Elk Grove Kids' Place: CHILDREN FICTION Melki-Wegner, S. - On Shelf,Book::Isleton Children's Area: CHILDREN FICTION Melki-Wegner, S. - On Shelf"
https://catalog.saclibrary.org/GroupedWork/52f81097-01c9-716b-d778-36c2ca11ef64-eng,"The Secret Explorers and the jurassic rescue","King, SJ",9780744023879,,"DK; DK Publishing",2020,"New York, New York",eAudiobook;Book;eBook,"Book::Belle Cooledge Children's Area: MOVING UP King, S. - Checked Out,Book::Fair Oaks Children's Area: MOVING UP King, S. - On Shelf,Book::North Natomas Children's Area: MOVING UP King, S. - On Shelf"
https://catalog.saclibrary.org/GroupedWork/18412059-a134-7b82-7bfd-6eccae0f9e04-eng,"The dragon prophecy: the fourth adventure in the Kingdom of Fantasy","Stilton, Geronimo",9780545393515,,Scholastic,2012,"New York, N.Y",Book,
https://catalog.saclibrary.org/GroupedWork/e10ef29c-e034-84ef-a2b0-968290663164-eng,"The key","Lerangis, Peter",9780062238924,,"HarperCollins; Harpercollins Childrens",2015,"New York, NY",eAudiobook;eBook;Book,"Book::North Natomas Children's Area: CHILDREN FICTION Lerangis, P. - On Shelf"
https://catalog.saclibrary.org/GroupedWork/6ead4c7c-6aa2-4106-9081-f4c5ffef5dd2-eng,"Could you survive the Cretaceous period?: an interactive prehistoric adventure","Braun, Eric, 1971-",9781496658074,,"Capstone Press; Capstone",2020,"North Mankato, Minnesota",eBook;Book,
https://catalog.saclibrary.org/GroupedWork/27d186df-16f3-71b6-c006-052b0fb12837-eng,"Star wars adventures: Volume 2, Unexpected detour",,9781684051694,,"IDW Publishing",2018,"San Diego, CA","Graphic Novel/Manga","Graphic Novel/Manga::Central Kids Place - Lower Level: CHILDREN GRAPHIC NOVEL Star Wars v.2 - Checked Out,Graphic Novel/Manga::Franklin Children's: CHILDREN GRAPHIC NOVEL Star Wars v.2 - Checked Out,Graphic Novel/Manga::McClatchy Children's Area: CHILDREN GRAPHIC NOVEL Star Wars v.2 - On Shelf"
https://catalog.saclibrary.org/GroupedWork/72792c90-0f32-11b9-0ffc-7a8e1f90b35f-eng,"The super adventures of Ollie and Bea: Bats what friends are for","Treml, Renée",9781666314878,,"Capstone; Picture Window Books, a Capstone imprint",2022,"North Mankato, Minnesota","Graphic Novel/Manga;eComic","Graphic Novel/Manga::Central Kids Place - Lower Level: CHILDREN GRAPHIC NOVEL Ollie and Bea - On Shelf,Graphic Novel/Manga::Belle Cooledge Children's Area: CHILDREN GRAPHIC NOVEL Ollie and Bea - On Shelf,Graphic Novel/Manga::Elk Grove Kids' Place: CHILDREN GRAPHIC NOVEL Ollie and Bea - Checked Out"
https://catalog.saclibrary.org/GroupedWork/c8f303a5-1ed8-aa17-f91f-3872e78db82e-eng,"Shadow of the shark","Osborne, Mary Pope",9780553510829,,"Random House Children's Books; Random House, Inc., Listening Library; Random House; Books on Tape","2015 - 2017","New York; [New York]","eAudiobook;Audiobook - CD;eBook;Book","Book::Carmichael Children's Area: MOVING UP Osborne, M. - On Shelf,Book::Franklin Children's: MOVING UP Osborne, M. - Checked Out,Book::North Natomas Children's Area: MOVING UP Osborne, M. - Checked Out"
https://catalog.saclibrary.org/GroupedWork/91b57461-6c8b-e503-f134-dc1503a05869-eng,"The name of this book is secret","Bosch, Pseudonymous",9780316113663,,"Little, Brown Books for Young Readers; Little, Brown; Scholastic Audio","2007 - 2015","New York",eAudiobook;eBook;Book,"Book::Franklin Children's: CHILDREN FICTION Bosch, P. - On Shelf,Book::Folsom Children's Area: CHILDREN PAPERBACK FICTION B - Checked Out,Book::Sacramento Public Library Storage: CHILDREN FICTION Bosch, P. - Checked Out"
https://catalog.saclibrary.org/GroupedWork/12ddc4a8-f890-3c81-ff6d-04c24328afe5-eng,"The whipping boy","Fleischman, Sid, 1920-2010",9780688062163,,"Recorded Books, Inc.; Greenwillow Books; AudioGO Ltd","1986 - 2013","New York",eAudiobook;Book,"Book::Carmichael Children's Area: CHILDREN FICTION Fleischman, S. - On Shelf,Book::Central Kids Place - Lower Level: CHILDREN FICTION Fleischman, S. - On Shelf,Book::Courtland Children's Area: CHILDREN FICTION Fleischman, S. - On Shelf"
https://catalog.saclibrary.org/GroupedWork/955ea7d1-f145-65b2-a6e7-f1aebc274d61-eng,"Max and the Midknights","Peirce, Lincoln",9781101931097,,"Crown Books for Young Readers; Random House/Listening Library; Books on Tape","2018 - 2019","New York; [New York, N.Y.]","eAudiobook;Audiobook - CD;Book","Book::Central Kids Place - Lower Level: CHILDREN FICTION Peirce, L. - On Shelf,Book::McClatchy Children's Area: CHILDREN FICTION Peirce, L. - On Shelf,Book::Sylvan Oaks Children's Area: CHILDREN FICTION Peirce, L. - Checked Out"
https://catalog.saclibrary.org/GroupedWork/414cc016-694c-e7a4-6a89-9bec7e8f5f71-eng,"My name is Stilton, Geronimo Stilton","Stilton, Geronimo",9780439691420,,"Scholastic, Inc; Scholastic Inc.","2005 - 2011","New York",eBook;Book,"Book::Franklin Children's: MOVING UP Stilton, G. - On Hold Shelf,Book::Pocket-Greenhaven Kids' Place: MOVING UP Stilton, G. - Checked Out,Book::Rancho Children's Area: MOVING UP Stilton, G. - On Shelf"
https://catalog.saclibrary.org/GroupedWork/32e6393f-c05c-021d-e9a8-32ce3ef4e6fa-eng,"Star Wars adventures: Volume 4, Smuggler's blues",,9781684053445,,"IDW Publishing",2018,"San Diego, CA","Graphic Novel/Manga","Graphic Novel/Manga::Carmichael Children's Area: CHILDREN GRAPHIC NOVEL Star Wars v.4 - On Shelf,Graphic Novel/Manga::Colonial Heights Children's Area: CHILDREN GRAPHIC NOVEL Star Wars v.4 - On Shelf,Graphic Novel/Manga::Del Paso Heights Children's Area: CHILDREN GRAPHIC NOVEL Star Wars v.4 - On Shelf"
https://catalog.saclibrary.org/GroupedWork/80aa914e-a201-7e70-7e70-6a2f42b49dd4-eng,"The Rose Field","Pullman, Philip, 1946-",9780593306635,,"Alfred A. Knopf; Random House Children's Books; Books on Tape",2025,"New York",eAudiobook;eBook;Book,"Book::Arcade Teen Area: TEEN FICTION Pullman, P. - Checked Out,Book::Central Teen Area - 3rd Floor: TEEN FICTION Pullman, P. - On Shelf,Book::Elk Grove Teen Area: TEEN FICTION Pullman, P. - Checked Out"
https://catalog.saclibrary.org/GroupedWork/73fb7b50-7d31-4ba7-1e52-51ecd9f7c9e5-eng,"Tigerheart's shadow","Hunter, Erin",9781544411033,,"HarperCollins; Harper, an imprint of HarperCollinsPublishers","2017 - 2020","New York, NY",eAudiobook;Book;eBook,"Book::Central Kids Place - Lower Level: CHILDREN FICTION Hunter, E. - Checked Out,Book::Elk Grove Kids' Place: CHILDREN FICTION Hunter, E. - Checked Out,Book::Fair Oaks Children's Area: CHILDREN FICTION Hunter, E. - Checked Out"
https://catalog.saclibrary.org/GroupedWork/0f32d5e6-35ac-36a0-c565-c7403642b53c-eng,"Awesome Dog 5000","Dean, Justin",9780525644811,,"Random House Children's Books; Random House; Books on Tape",2019,"New York",eAudiobook;Book;eBook,"Book::Arcade Children's Area: CHILDREN FICTION Dean, J. - On Shelf,Book::Fair Oaks Children's Area: CHILDREN FICTION Dean, J. - Checked Out,Book::North Natomas Children's Area: CHILDREN FICTION Dean, J. - On Shelf"
https://catalog.saclibrary.org/GroupedWork/8c98b1c0-18ed-3d8b-0ba2-804c3944835c-eng,"The emperor's ostrich","Berry, Julie, 1974-",9781596439580,,"Roaring Brook Press; Books on Tape",2017,"New York",eAudiobook;eBook;Book,"Book::Central Kids Place - Lower Level: CHILDREN FICTION Berry, J. - Checked Out,Book::South Natomas Children's Area: CHILDREN FICTION Berry, J. - Checked Out,Book::Woodland Public Library Children's Area: CHILDREN FICTION Berry, J. - On Shelf"
https://catalog.saclibrary.org/GroupedWork/b89dfe1e-68b9-2086-630a-c68e714895a7-eng,"The most boring book ever","Sanderson, Brandon",9781250843661,,"Roaring Brook Press",2024,"New York","Picture Book;eBook","Picture Book::Carmichael Children's Area: PICTURE BOOK Sanderson, B. - Checked Out,Picture Book::Central Kids Place - Lower Level: PICTURE BOOK Sanderson, B. - On Shelf,Picture Book::Belle Cooledge Children's Area: PICTURE BOOK Sanderson, B. - On Shelf"
https://catalog.saclibrary.org/GroupedWork/ee01fe9b-21c9-baa8-fcaf-f9bff631e405-eng,"The captive kingdom","Nielsen, Jennifer A",9781338551082,,"Scholastic Inc.; Scholastic Press",2020,"New York",eAudiobook;eBook;Book,"Book::Belle Cooledge Teen Area: TEEN FICTION Nielsen, J. - On Shelf,Book::Valley Hi-North Laguna Teen Area: TEEN FICTION Nielsen, J. - In Transit,Book::Arbuckle Branch Library Teen Collection: YA Fic - On Shelf"
https://catalog.saclibrary.org/GroupedWork/649780a2-7ab2-50ec-b4ff-766cfac01f73-eng,"The flames of hope","Sutherland, Tui, 1978-",9781338214574,,"Thorndike Press, a part of Gale, a Cengage Company; Scholastic Press",2022,"New York; Waterville, ME","Large Print;Book","Book::Central Kids Place - Lower Level: CHILDREN FICTION Sutherland, T. - Checked Out,Book::Colonial Heights Children's Area: CHILDREN FICTION Sutherland, T. - On Hold Shelf,Book::Del Paso Heights Children's Area: CHILDREN FICTION Sutherland, T. - Checked Out"
https://catalog.saclibrary.org/GroupedWork/b92252ce-534a-3b95-320d-073ed71d9ce9-eng,"Race for the ruby turtle","Bramucci, Stephen",9781547607020,,"BloomsburyChildren's Books; Bloomsbury Publishing",2023,"New York",eAudiobook;Book;eBook,"Book::Central Kids Place - Lower Level: CHILDREN FICTION Bramucci, S. - On Shelf,Book::South Natomas Children's Area: CHILDREN FICTION Bramucci, S. - On Shelf,Book::Rancho Children's Area: CHILDREN FICTION Bramucci, S. - On Shelf"
https://catalog.saclibrary.org/GroupedWork/5c8fda6b-9c11-40f5-fed6-296b18dea514-eng,"A week without Tuesday","Banks, Angelica",9781627791557,,"Henry Holt and Company; Henry Holt and Co.","2016 - 2024","New York",eBook;Book,"Book::Carmichael Children's Area: CHILDREN FICTION Banks, A. - On Shelf,Book::Rancho Children's Area: CHILDREN FICTION Banks, A. - Checked Out,Book::Princeton Branch Library Juvenile Collection: J Fic - On Shelf"
https://catalog.saclibrary.org/GroupedWork/57a36f07-3384-2a12-e2e8-341af19dfa95-eng,"Crystal keepers","Mull, Brandon, 1974-",9781442497061,,"Simon & Schuster Audio; Aladdin",2015,"New York",eAudiobook;Book;eBook,"Book::Isleton Children's Area: CHILDREN FICTION Mull, B. - On Shelf,Book::North Natomas Children's Area: CHILDREN FICTION Mull, B. - Checked Out,Book::Southgate Children's Area: CHILDREN FICTION Mull, B. - On Shelf"
https://catalog.saclibrary.org/GroupedWork/3aa29dd2-35d0-095a-c0dc-7b34f7abacc5-eng,"Lupin leaps in: a breaking news cat adventure","Dunn, Georgia",9781449495220,,"Andrews McMeel Publishing",2019,"Kansas City, Missouri","Graphic Novel/Manga","Graphic Novel/Manga::Central Kids Place - Lower Level: CHILDREN GRAPHIC NOVEL Breaking Cat - Checked Out,Graphic Novel/Manga::Elk Grove Kids' Place: CHILDREN GRAPHIC NOVEL Breaking Cat - In Transit"
https://catalog.saclibrary.org/GroupedWork/ba07a19b-e7e1-e9d1-abbd-efad532b9738-eng,"Fox snare","Lee, Yoon Ha",9781368081986,,"Thorndike Press, a part of Gale, a Cengage Company; Disney Hyperion; Disney Book Group; Rick Riordan Presents Digital",2023,"Los Angeles; [Farmington Hills, Michigan]","eAudiobook;Large Print;eBook;Book","Book::Carmichael Children's Area: CHILDREN FICTION Lee, Y. - On Hold Shelf,Book::Central Kids Place - Lower Level: CHILDREN FICTION Lee, Y. - On Shelf,Book::Colonial Heights Children's Area: CHILDREN FICTION Lee, Y. - On Shelf"
https://catalog.saclibrary.org/GroupedWork/c7542b60-5f9d-f17f-f16e-77d3f061319d-eng,"Pokémon Adventures: Ruby & Sapphire. Volume 19","Kusaka, Hidenori",9781421535531,,VizKids,2013,"San Francisco, Calif","Graphic Novel/Manga","Graphic Novel/Manga::South Natomas Children's Area: CHILDREN MANGA Pokemon Adventures v.19 - Checked Out,Graphic Novel/Manga::Valley Hi-North Laguna Children's Area: CHILDREN MANGA Pokemon Adventures v.19 - On Shelf"
https://catalog.saclibrary.org/GroupedWork/fdff4c91-9d36-e4c0-4e0c-44e75e788d76-eng,"Clash of beasts","McMann, Lisa",9780062337214,,"HarperCollins; Dreamscape Media; Harper, an imprint of HarperCollinsPublishers","2018 - 2019","New York, NY",eAudiobook;Book;eBook,"Book::Carmichael Children's Area: CHILDREN FICTION McMann, L. - On Shelf,Book::Elk Grove Kids' Place: CHILDREN FICTION McMann, L. - On Shelf,Book::Galt Children's Area: CHILDREN FICTION McMann, L. - On Shelf"
https://catalog.saclibrary.org/GroupedWork/fcc4fd48-352f-a0c3-ea5e-641ff3921ed4-eng,"The scourge","Nielsen, Jennifer A",9780545682459,,"Scholastic Inc.; Scholastic Press","2016 - 2017","New York",eAudiobook;eBook;Book,"Book::Arcade Teen Area: TEEN FICTION Nielsen, J. - On Shelf,Book::Central Teen Area - 3rd Floor: TEEN FICTION Nielsen, J. - On Shelf,Book::Belle Cooledge Teen Area: TEEN FICTION Nielsen, J. - On Shelf"
https://catalog.saclibrary.org/GroupedWork/1927042f-a47e-b6e4-3c6f-b1c1012ba2bf-eng,"The search for treasure: the sixth adventure in the Kingdom of Fantasy","Stilton, Geronimo",9780545656047,,"Scholastic Inc",2014,"New York, NY",Book,
https://catalog.saclibrary.org/GroupedWork/85044271-cdf3-e1d1-c009-f94a305e2539-eng,"Muse of nightmares","Taylor, Laini",9780316341714,,"Hachette Audio; Little, Brown Books for Young Readers; Little, Brown and Company",2018,"New York",eAudiobook;eBook;Book,"Book::Carmichael Teen Area: TEEN FICTION Taylor, L. - On Shelf,Book::Galt Teen Area: TEEN FICTION Taylor, L. - On Shelf,Book::Colusa Main Branch Teen Collection: YA Fic - On Shelf"
https://catalog.saclibrary.org/GroupedWork/15e61eaf-39f3-e2a3-1a09-db1b9fc497df-eng,"Cats in conductor hats: a train adventure","Bardhan-Quallen, Sudipta",9780593706879,,,2026,,Book,"Book::Central Kids Place - Lower Level: ON ORDER - On Order,Book::Sacramento Public Library: ON ORDER - On Order"
https://catalog.saclibrary.org/GroupedWork/c9d9f366-e1f9-d223-75d8-d84d0cad9b62-eng,"The outsider","Davidson, Danica",9780593722404,,"Random House Worlds; Books on Tape",2023,"New York",eAudiobook;Book;eBook,"Book::Central Kids Place - Lower Level: CHILDREN FICTION Minecraft - On Shelf,Book::Colonial Heights Children's Area: CHILDREN FICTION Minecraft - On Shelf,Book::Belle Cooledge Children's Area: CHILDREN FICTION Minecraft - Checked Out"
https://catalog.saclibrary.org/GroupedWork/59a60f49-b39a-8e1d-980f-0209006151ec-eng,"Podkin One-Ear","Larwood, Kieran",9781328695826,,"Clarion Books, Houghton Mifflin Harcourt; Clarion Books; HarperCollins",2017,Boston,eBook;Book,"Book::Southgate Children's Area: CHILDREN FICTION Larwood, K. - On Shelf,Book::Valley Hi-North Laguna Children's Area: CHILDREN FICTION Larwood, K. - On Shelf,Book::Folsom Children's Area: CHILDREN FICTION Larwood, K. - Checked Out"
https://catalog.saclibrary.org/GroupedWork/0dcac629-89b0-2948-1572-4c6ab067e1ec-eng,"Star wars: Volume 5 : Clone Wars adventures",,9781599619088,,Spotlight,2012,"Edina, Minn","Graphic Novel/Manga","Graphic Novel/Manga::Arcade Children's Area: CHILDREN GRAPHIC NOVEL Star Wars v.5 - On Shelf,Graphic Novel/Manga::Carmichael Children's Area: CHILDREN GRAPHIC NOVEL Star Wars v.5 - On Shelf,Graphic Novel/Manga::Isleton Children's Area: CHILDREN GRAPHIC NOVEL Star Wars v.5 - On Shelf"
https://catalog.saclibrary.org/GroupedWork/9a29cf39-34d7-d4dd-670a-f783b3869f55-eng,"Order of the Majestic","Myklusch, Matt",9781534424876,,"Recorded Books, Inc.; Aladdin",2019,"New York",eBook;Book;eAudiobook,"Book::Central Kids Place - Lower Level: CHILDREN FICTION Myklusch, M. - On Shelf,Book::Franklin Children's: CHILDREN FICTION Myklusch, M. - On Shelf,Book::Isleton Children's Area: CHILDREN FICTION Myklusch, M. - On Shelf"
https://catalog.saclibrary.org/GroupedWork/1389a74d-6d1c-1e64-d819-ecccb7a407b1-eng,"Fuecoco, I choose you!","Barbo, Maria S",9781546131243,,"Scholastic Inc.; Scholastic Inc",2025,"New York",eBook;Book,"Book::Central Kids Place - Lower Level: MOVING UP Pokemon - On Shelf,Book::Colonial Heights Children's Area: MOVING UP Pokemon - Checked Out,Book::Elk Grove Kids' Place: MOVING UP Pokemon - Checked Out"
https://catalog.saclibrary.org/GroupedWork/1ed9c872-df20-0678-8628-799bdd878e7f-eng,"The secret maze","Charman, Katrina",9781338565386,,"Scholastic Inc.; Scholastic Inc",2021,"New York, NY",eBook;Book,"Book::Arcade Children's Area: MOVING UP Charman, K. - Checked Out,Book::Carmichael Children's Area: MOVING UP Charman, K. - Checked Out,Book::Belle Cooledge Children's Area: MOVING UP Charman, K. - On Shelf"
https://catalog.saclibrary.org/GroupedWork/b47f8079-bedb-f39c-3881-461a07513e50-eng,"Fang: a Maximum Ride novel","Patterson, James, 1947-",9780316038317,,"Hachette Audio; Little, Brown Books for Young Readers; Little, Brown",2010,"New York; [New York]","eAudiobook;Audiobook - CD;eBook;Book",
https://catalog.saclibrary.org/GroupedWork/004fd4ca-419d-b2d3-7763-bf97c17367f9-eng,Frogkisser!,"Nix, Garth",9781338052084,,"Books on Tape; Scholastic Inc.; Scholastic Press",2017,"New York",eAudiobook;eBook;Book,"Book::Central Kids Place - Lower Level: CHILDREN FICTION Nix, G. - On Shelf,Book::Belle Cooledge Children's Area: CHILDREN FICTION Nix, G. - Checked Out,Book::Pocket-Greenhaven Kids' Place: CHILDREN FICTION Nix, G. - In Transit"
https://catalog.saclibrary.org/GroupedWork/57b49514-2c62-97b8-65db-4aeb86b93e36-eng,"The sight","Hunter, Erin",9780060892012,,HarperCollins,"2007 - 2019","New York",eAudiobook;Book;eBook,"Book::Central Kids Place - Lower Level: CHILDREN FICTION Hunter, E. - Checked Out,Book::Isleton Children's Area: CHILDREN FICTION Hunter, E. - In Transit,Book::Pocket-Greenhaven Kids' Place: CHILDREN FICTION Hunter, E. - Checked Out"
https://catalog.saclibrary.org/GroupedWork/9706a213-e33d-2af4-1dff-c803b541cc74-eng,Voyage,"Servant, Stéphane, 1975-",9781778400711,,"Aldana Libraos; Greystone Books","2022 - 2024",Canada,"Picture Book;eBook","Picture Book::Carmichael Children's Area: PICTURE BOOK Servant, S. - On Shelf,Picture Book::Central Kids Place - Lower Level: PICTURE BOOK Servant, S. - On Shelf,Picture Book::Colonial Heights Children's Area: PICTURE BOOK Servant, S. - Checked Out"
https://catalog.saclibrary.org/GroupedWork/6fcd5c49-6f92-675d-95f7-cfc853541280-eng,"The magic moon machine: a counting adventure","Moncure, Jane Belk",9781623235802,,"The Child's World; The Child's World, Inc.","2013 - 2014","Mankato, MN",eBook;Book,
https://catalog.saclibrary.org/GroupedWork/27b0caaa-fa01-08f5-1fa9-3627b9f9bc22-eng,"Sea dragons","Yolen, Jane",9781623544737,,"Charlesbridge Moves; Charlesbridge","2024 - 2025","Watertown, MA",eBook;Book,"Book::Belle Cooledge Children's Area: CHILDREN FICTION Yolen, J. - On Shelf,Book::Elk Grove Kids' Place: CHILDREN FICTION Yolen, J. - On Shelf,Book::North Sacramento-Hagginwood Children's Area: CHILDREN FICTION Yolen, J. - On Shelf"
https://catalog.saclibrary.org/GroupedWork/6a6371ac-3a39-5d41-e637-cda132cc4f42-eng,"The Axe of Sundering","Forman, Mark, 1964-",9781609079345,,"Shadow Mountain",2017,"Salt Lake City, Utah",Book,"Book::Central Teen Area - 3rd Floor: TEEN FICTION Forman, M. - On Shelf,Book::Franklin Teen: TEEN FICTION Forman, M. - On Shelf"
https://catalog.saclibrary.org/GroupedWork/60189fb6-4153-0dd0-955d-818e88caa1ef-eng,"The After-room","Meloy, Maile",9780399175442,,"Books on Tape; G.P. Putnam's Sons, an imprint of Penguin Group (USA); Penguin Young Readers Group",2015,"New York",eAudiobook;Book;eBook,
https://catalog.saclibrary.org/GroupedWork/09a58d9f-a619-cbf8-cbff-a55a80130a20-eng,Fable,"Young, Adrienne, 1985-",9781250254368,,"St. Martin's Publishing Group; Macmillan Audio; Wednesday Books",2020,"New York; New York, NY","eAudiobook;Audiobook - CD;Book;eBook","Book::Franklin Teen: TEEN FICTION Young, A. - On Shelf,Book::North Highlands-Antelope Teen Area: TEEN FICTION Young, A. - Checked Out,Book::North Sacramento-Hagginwood Teen Area: TEEN FICTION Young, A. - On Shelf"
https://catalog.saclibrary.org/GroupedWork/d2b2e343-bd67-8853-d9e0-bb8b398f917d-eng,"Bite of the Kaba Lagoon","Mensah, Bernard (Children's author)",9781338843354,,"Scholastic, Inc; Scholastic Inc.","2024 - 2025","New York",eBook;Book,"Book::Central Kids Place - Lower Level: MOVING UP Mensah, B. - On Shelf,Book::Colonial Heights Children's Area: MOVING UP Mensah, B. - Checked Out,Book::Belle Cooledge Children's Area: MOVING UP Mensah, B. - Checked Out"
https://catalog.saclibrary.org/GroupedWork/7aa4123b-2bab-ffd1-174a-f4dd6b516135-eng,"House of horrors","Colón, Angel Luis",9780593972311,,"Random House Worlds; Books on Tape",2025,"New York",eAudiobook;Book;eBook,"Book::Carmichael Children's Area: CHILDREN FICTION Minecraft - Checked Out,Book::Franklin Children's: CHILDREN FICTION Minecraft - Checked Out,Book::Isleton Children's Area: CHILDREN FICTION Minecraft - On Shelf"
https://catalog.saclibrary.org/GroupedWork/c719ee45-1ec3-f8e3-fca5-9ef0bf5d4444-eng,"Pokemon sword & shield: 8","Kusaka, Hidenori",9781974736393,,"Viz Media, LLC",2023,"San Francisco, CA","Graphic Novel/Manga","Graphic Novel/Manga::Central Kids Place - Lower Level: CHILDREN MANGA Pokemon Sword v.8 - On Shelf,Graphic Novel/Manga::Elk Grove Kids' Place: CHILDREN MANGA Pokemon Sword v.8 - Checked Out,Graphic Novel/Manga::Isleton Children's Area: CHILDREN MANGA Pokemon Sword v.8 - On Shelf"
https://catalog.saclibrary.org/GroupedWork/67627b7f-2ca2-ddc7-f40f-d40b04cd0d66-eng,"Oh no, Astro!","Roeser, Matt",9781501924071,,"Recorded Books, Inc.; Simon & Schuster Books for Young Readers",2016,"New York","eAudiobook;Picture Book","Picture Book::Arcade Children's Area: PICTURE BOOK Roeser, M. - On Shelf,Picture Book::Carmichael Children's Area: PICTURE BOOK Roeser, M. - Checked Out,Picture Book::Central Kids Place - Lower Level: PICTURE BOOK Roeser, M. - On Shelf"
https://catalog.saclibrary.org/GroupedWork/69ce103e-4eab-78d8-85d2-0ae697d6e69c-eng,"Cavemice: 2. Watch your tail!","Stilton, Geronimo",9780545447751,,"Scholastic Inc",2013,"New York",Book,"Book::Arcade Children's Area: MOVING UP Stilton, G. - On Shelf,Book::Central Kids Place - Lower Level: MOVING UP Stilton, G. - OFF CAMPUS,Book::Belle Cooledge Children's Area: MOVING UP Stilton, G. - Checked Out"
https://catalog.saclibrary.org/GroupedWork/9b34fb6f-58b5-a7bf-a5d3-718d547270d5-eng,"Amazing Annie: the spectacular and mostly true adventures of Annie Kopchovsky","Krensky, Stephen",9781681156576,,"Apples & Honey Press",2025,"Millburn, New Jersey",Book,"Book::Central Kids Place - Lower Level: CHILDREN BIOGRAPHY Kopchovsky, A. 2025 - On Shelf,Book::Franklin Children's: CHILDREN BIOGRAPHY Kopchovsky, A. 2025 - On Shelf,Book::McKinley Children's Area: CHILDREN BIOGRAPHY Kopchovsky, A. 2025 - Checked Out"
https://catalog.saclibrary.org/GroupedWork/5a22f326-f31d-956b-b8df-5cedbf2e1749-eng,"Long shadows","Hunter, Erin",9780060892159,,"HarperCollins; HarperCollinsPublishers","2009 - 2019","New York",eAudiobook;Book;eBook,"Book::Central Kids Place - Lower Level: CHILDREN FICTION Hunter, E. - In Transit,Book::Franklin Children's: CHILDREN FICTION Hunter, E. - Checked Out,Book::Barber Branch: CHILDREN FICTION Hunter, E. - On Shelf"
https://catalog.saclibrary.org/GroupedWork/f9fa2396-ed10-be3a-1bb0-2ee714c1a522-eng,"Rise of the snake goddess","Moke, Jenny Elder",9781368067270,,"Disney Hyperion; Disney Book Group; Hyperion",2022,"Los Angeles",eBook;Book;eAudiobook,"Book::Franklin Teen: TEEN FICTION Moke, J. - On Shelf,Book::South Natomas Teen Area: TEEN FICTION Moke, J. - On Shelf,Book::Valley Hi-North Laguna Teen Area: TEEN FICTION Moke, J. - On Shelf"
https://catalog.saclibrary.org/GroupedWork/ba6ecb47-b842-641c-7044-ff69f78ccc94-eng,"Return to Doom Island","Brady, Dustin",9781449496258,,"Andrews McMeel; Andrews McMeel Publishing",2018,"Kansas City, Missouri",eAudiobook;eBook;Book,
https://catalog.saclibrary.org/GroupedWork/211c460a-b4bc-c384-6e2b-314dbd52b9db-eng,"Chill of the ice dragon","West, Tracey, 1965-",9781338169867,,"Branches, Scholastic Inc; Scholastic Inc.","2018 - 2020","New York, NY",eAudiobook;eBook;Book,"Book::Arcade Children's Area: MOVING UP West, T. - On Shelf,Book::Colonial Heights Children's Area: MOVING UP West, T. - Checked Out,Book::McKinley Children's Area: MOVING UP West, T. - On Shelf"
https://catalog.saclibrary.org/GroupedWork/279e7f9c-fe16-539c-c504-0bd9fdd6f205-eng,"The lost girls of camp forevermore","Fu, Kim",9780544098268,,"Houghton Mifflin Harcourt; Blackstone Publishing",2018,Boston,eAudiobook;eBook;Book,"Book::Arcade: FICTION Fu, K. - Checked Out,Book::Carmichael: FICTION Fu, K. - On Shelf,Book::Central: FICTION Fu, K. - On Shelf"
https://catalog.saclibrary.org/GroupedWork/997ad226-1e69-5aa9-b9aa-61750d0fdf84-eng,"Good as Goldie: a Breaking Cat News adventure","Dunn, Georgia",9781524892067,050837467828,"Andrews McMeel Publishing",2024,"Kansas City, Missouri","Graphic Novel/Manga","Graphic Novel/Manga::Arcade Children's Area: CHILDREN GRAPHIC NOVEL Breaking Cat - Checked Out,Graphic Novel/Manga::Fair Oaks Children's Area: CHILDREN GRAPHIC NOVEL Breaking Cat - Checked Out,Graphic Novel/Manga::North Natomas Children's Area: CHILDREN GRAPHIC NOVEL Breaking Cat - In Transit"
https://catalog.saclibrary.org/GroupedWork/29db8a11-ada2-3b46-5923-e5587fb02727-eng,"King of scars","Bardugo, Leigh",9781250142283,,Imprint,2019,"New York",eBook;Book,"Book::Central Teen Area - 3rd Floor: TEEN FICTION Bardugo, L. - On Shelf,Book::Colonial Heights: TEEN FICTION Bardugo, L. - On Shelf,Book::Belle Cooledge Teen Area: TEEN FICTION Bardugo, L. - On Shelf"
https://catalog.saclibrary.org/GroupedWork/c14caabf-98d7-9bfa-a5c4-3f1789f3b338-eng,"Pokemon adventures: Volume 11, Gold & Silver","Kusaka, Hidenori",9781421535456,,"Viz Media",2011,"San Francisco, CA","Graphic Novel/Manga","Graphic Novel/Manga::Belle Cooledge Children's Area: CHILDREN MANGA Pokemon Adventures v.11 - Checked Out,Graphic Novel/Manga::Rancho Children's Area: CHILDREN MANGA Pokemon Adventures v.11 - Checked Out,Graphic Novel/Manga::Sylvan Oaks Children's Area: CHILDREN MANGA Pokemon Adventures v.11 - On Shelf"
https://catalog.saclibrary.org/GroupedWork/c187ab1a-fc34-1b0c-2467-49465430cbe2-eng,"The shadow throne","Nielsen, Jennifer A",9780545284189,,"Scholastic Audiobooks; Scholastic Inc.; Scholastic Press","2013 - 2017","New York","eAudiobook;Audiobook - CD;eBook;Book",
https://catalog.saclibrary.org/GroupedWork/e36bbad5-9ae8-f12a-b111-8fad0373ba0e-eng,"Dino-Mike and the T. Rex attack","Aureliani, Franco",9781434296313,,"Stone Arch Books/Capstone; Capstone",2015,"North Mankato, Minnesota",eBook;Book,"Book::Southgate Children's Area: MOVING UP Aureliani, F. - On Shelf"
https://catalog.saclibrary.org/GroupedWork/1c45e5d2-507a-2eba-5c65-31713aeb5a95-eng,"Elf dog & owl head","Anderson, M. T",9781536222814,,"Dreamscape Media; Candlewick Press",2023,"Somerville, Massachusetts",eAudiobook;eBook;Book,"Book::Central Kids Place - Lower Level: CHILDREN FICTION Anderson, M. - On Shelf,Book::Isleton Children's Area: CHILDREN FICTION Anderson, M. - On Shelf,Book::North Natomas Children's Area: CHILDREN FICTION Anderson, M. - On Shelf"
https://catalog.saclibrary.org/GroupedWork/67be6520-6ab4-cb0b-e2e4-77f79ba1ea0d-eng,"The boy who met a whale","Farook, Nizrana",9781682633731,,"Recorded Books, Inc.; Peachtree","2022 - 2023","Atlanta, Georgia",eAudiobook;Book;eBook,"Book::Carmichael Children's Area: CHILDREN FICTION Farook, N. - On Shelf,Book::Central Kids Place - Lower Level: CHILDREN FICTION Farook, N. - On Shelf,Book::Franklin Children's: CHILDREN FICTION Farook, N. - On Shelf"
https://catalog.saclibrary.org/GroupedWork/4bb62697-e524-abc2-abc1-173edca49295-eng,"The reckless rescue","Kress, Adrienne",9781101940105,,"Delacorte Press; Random House Children's Books; Books on Tape",2018,"New York",eAudiobook;Book;eBook,"Book::Arcade Children's Area: CHILDREN FICTION Kress, A. - On Shelf,Book::Carmichael Children's Area: CHILDREN FICTION Kress, A. - On Shelf,Book::Belle Cooledge Children's Area: CHILDREN FICTION Kress, A. - On Shelf"
https://catalog.saclibrary.org/GroupedWork/24b36a39-2f5a-dab3-6457-b9f2ca2f234e-eng,"The Curse of the cat-eye jewel","West, Tracey, 1965-",9780593381410,4013575961139,"LEONINE Audio; Random House Children's Books","2021 - 2025","New York",eAudiobook;Book;eBook,"Book::Carmichael Children's Area: MOVING UP Lego - Checked Out,Book::Central Kids Place - Lower Level: MOVING UP Lego - On Shelf,Book::Belle Cooledge Children's Area: MOVING UP Lego - Checked Out"
https://catalog.saclibrary.org/GroupedWork/4eecb7f7-38c5-96c1-36e8-a4e4c7c6ed91-eng,"The sun trail","Hunter, Erin",9780062063465,,"HarperCollins; Harper","2013 - 2020","New York",eAudiobook;Book;eBook,"Book::Arcade Children's Area: CHILDREN FICTION Hunter, E. - Checked Out,Book::Belle Cooledge Children's Area: CHILDREN FICTION Hunter, E. - In Transit,Book::Sylvan Oaks Children's Area: CHILDREN FICTION Hunter, E. - Checked Out"
https://catalog.saclibrary.org/GroupedWork/f5bbed2b-afb0-8089-bb1a-f7bebce56807-eng,"The secret of the snow","Stilton, Thea",9780545656054,,"Scholastic Inc.; Scholastic Inc",2014,"New York, NY",eBook;Book,"Book::Central Kids Place - Lower Level: MOVING UP Stilton, T. - In Transit,Book::Southgate Children's Area: MOVING UP Stilton, T. - On Hold Shelf,Book::Princeton Branch Library Juvenile Collection: J Fic - On Shelf"
https://catalog.saclibrary.org/GroupedWork/a2bb6bb3-e624-131f-0d18-f35f13e80135-eng,Landfall,"Alvarez, Jennifer Lynn",9780062286123,,"Harper an imprint of HarperCollins Publisher; HarperCollins",2016,"New York",eBook;Book;eAudiobook,"Book::Central Kids Place - Lower Level: CHILDREN FICTION Alvarez, J. - On Shelf,Book::Woodland Public Library Children's Area: CHILDREN FICTION Alvarez, J. - On Shelf"
https://catalog.saclibrary.org/GroupedWork/5a9ce416-a417-e12d-875b-5e82ded16abe-eng,"Could you survive the New Stone Age?: an interactive prehistoric adventure","Troupe, Thomas Kingsley",9781496658104,,"Capstone Press; Capstone",2020,"North Mankato, Minnesota",eBook;Book,
https://catalog.saclibrary.org/GroupedWork/e2341438-721d-7aba-35bc-63e7dbbc860e-eng,"Eye of Ender","Rivière, Laura",9781524885991,,"Andrews McMeel Publishing",2024,"Kansas City, Missouri",Book,"Book::Carmichael Children's Area: MOVING UP Minecraft - Checked Out,Book::Central Kids Place - Lower Level: MOVING UP Minecraft - On Shelf,Book::Courtland Children's Area: MOVING UP Minecraft - On Shelf"
https://catalog.saclibrary.org/GroupedWork/7dca9ffc-7a52-f252-4d4a-c38ef59704d6-eng,"Lost legends of Nothing","Green, Alejandra",9780062839527,,"HarperCollins; Katherine Tegen Books, an imprint of HarperCollinsPublishers; HarperCollins Publishers",2023,"New York, NY","Graphic Novel/Manga;eComic","Graphic Novel/Manga::Carmichael Children's Area: CHILDREN GRAPHIC NOVEL Green, A. v.2 - On Shelf,Graphic Novel/Manga::Central Kids Place - Lower Level: CHILDREN GRAPHIC NOVEL Green, A. v.2 - Checked Out,Graphic Novel/Manga::Belle Cooledge Children's Area: CHILDREN GRAPHIC NOVEL Green, A. v.2 - Checked Out"
https://catalog.saclibrary.org/GroupedWork/2d386849-dbc4-4887-e123-e1d13143e880-eng,"A pocketful of pets: a search-and-count adventure","Moncure, Jane Belk",9781623235840,,"The Child's World; The Child's World, Inc.","2013 - 2014","Mankato, MN",eBook;Book,
https://catalog.saclibrary.org/GroupedWork/bee03349-a221-6d4f-1646-400437c3ae1e-eng,"The golden temple","Charman, Katrina",9781338565355,,"Scholastic Inc.; Scholastic Inc",2020,"New York, NY",eBook;Book,"Book::Arcade Children's Area: MOVING UP Charman, K. - On Shelf,Book::Carmichael Children's Area: MOVING UP Charman, K. - Checked Out,Book::Central Kids Place - Lower Level: MOVING UP Charman, K. - Checked Out"
https://catalog.saclibrary.org/GroupedWork/fc20c1b4-2580-1a40-0859-443d7dcbf74d-eng,OCDaniel,"King, Wesley",9781481455312,,"Tantor Media, Inc.; A Paula Wiseman Book/Beach Lane Books; Tantor Media, Inc; Simon & Schuster Books for Young Readers","2016 - 2018","New York",eAudiobook;Book;eBook,
https://catalog.saclibrary.org/GroupedWork/0be1e13e-2d3f-d97e-b2f0-c173c93a9775-eng,"Legends of the Clans","Hunter, Erin",9780062560872,,"Harper, an imprint of HarperCollins Publishers; HarperCollins",2017,"New York, NY",eBook;Book,"Book::Arcade Children's Area: CHILDREN FICTION Hunter, E. - OFF CAMPUS"
https://catalog.saclibrary.org/GroupedWork/31085aba-4176-395b-adfc-5c9b1873ae87-eng,"The big adventures of Babymouse: 1, Once upon a messy whisker","Holm, Jennifer L",9780593430903,,"Random House",2022,"New York","Graphic Novel/Manga","Graphic Novel/Manga::Central Kids Place - Lower Level: CHILDREN GRAPHIC NOVEL Babymouse v.1 - On Shelf,Graphic Novel/Manga::Isleton Children's Area: CHILDREN GRAPHIC NOVEL Babymouse v.1 - On Shelf,Graphic Novel/Manga::Rio Linda Children's Area: CHILDREN GRAPHIC NOVEL Babymouse v.1 - Checked Out"
https://catalog.saclibrary.org/GroupedWork/220f0feb-56f2-dc58-12fb-3c8404e523e0-eng,"Mrs. Smith's Spy School for Girls","McMullen, Beth, 1969-",9781481490214,,"Tantor Media, Inc.; Tantor Media, Inc; Aladdin","2017 - 2019","New York",eAudiobook;Book;eBook,"Book::Elk Grove Kids' Place: CHILDREN FICTION McMullen, B. - On Shelf,Book::Galt Children's Area: CHILDREN FICTION McMullen, B. - On Shelf,Book::Pocket-Greenhaven Kids' Place: CHILDREN FICTION McMullen, B. - On Shelf"
https://catalog.saclibrary.org/GroupedWork/86cf3499-6513-ec3a-2360-04c2e350232b-eng,"The end of the Overworld","Eliopulos, Nick",9780593562949,,"Random House Children's Books; Random House; Books on Tape",2024,"New York",eAudiobook;Book;eBook,"Book::Arcade Children's Area: MOVING UP Minecraft - On Shelf,Book::Carmichael Children's Area: MOVING UP Minecraft - On Shelf,Book::Central Kids Place - Lower Level: MOVING UP Minecraft - On Shelf"
https://catalog.saclibrary.org/GroupedWork/bde0ff7b-5b8c-e9a2-d4da-673f44038ad6-eng,"Pokémon adventures: Heart gold & soul silver. Volume 2","Kusaka, Hidenori",9781421559018,,"Viz Kids",2013,"San Francisco, California","Graphic Novel/Manga","Graphic Novel/Manga::Courtland Children's Area: CHILDREN MANGA Pokemon Adventures v.2 - On Shelf,Graphic Novel/Manga::Rancho Children's Area: CHILDREN MANGA Pokemon Adventures v.2 - Checked Out,Graphic Novel/Manga::Southgate Children's Area: CHILDREN MANGA Pokemon Adventures v.2 - On Shelf"
https://catalog.saclibrary.org/GroupedWork/69318914-f18e-90df-4114-6b46340162d9-eng,"Mouse vs wild","Stilton, Geronimo",9781338848021,,"Scholastic Inc.; Scholastic Inc","2022 - 2023","New York",eBook;Book,"Book::Arcade Children's Area: MOVING UP Stilton, G. - On Shelf,Book::Carmichael Children's Area: MOVING UP Stilton, G. - On Shelf,Book::Central Kids Place - Lower Level: MOVING UP Stilton, G. - On Shelf"
https://catalog.saclibrary.org/GroupedWork/7347c93f-ea26-5d13-05f3-f487792901ed-eng,"The Secret Explorers and the haunted castle","King, SJ",9780744056792,,"DK; DK Publishing",2022,"New York, New York",eAudiobook;Book;eBook,"Book::Arcade Children's Area: MOVING UP King, S. - Checked Out,Book::Fair Oaks Children's Area: MOVING UP King, S. - On Shelf,Book::Galt Children's Area: MOVING UP King, S. - On Shelf"
https://catalog.saclibrary.org/GroupedWork/bed1064f-e04e-4b4f-8ced-47605a123476-eng,"Mac undercover","Barnett, Mac",9781338143591,,"Dreamscape Media; Scholastic Inc.; Orchard Books, an imprint of Scholastic Inc","2018 - 2020","New York",eAudiobook;eBook;Book,"Book::Colonial Heights Children's Area: MOVING UP Barnett, M. - Checked Out,Book::Belle Cooledge Children's Area: MOVING UP Barnett, M. - Checked Out,Book::Elk Grove Kids' Place: MOVING UP Barnett, M. - Checked Out"
https://catalog.saclibrary.org/GroupedWork/1a70b485-7c5e-8f8c-dac5-de14eaca67b0-eng,"Spy school goes wild","Gibbs, Stuart, 1969-",9781665934770,,"Simon & Schuster Audio; Simon & Schuster Books for Young Readers",2024,"New York; New York, NY","eAudiobook;Audiobook - CD;eBook;Book","Book::Arcade Children's Area: CHILDREN FICTION Gibbs, S. - Checked Out,Book::Carmichael Children's Area: CHILDREN FICTION Gibbs, S. - Checked Out,Book::Central Kids Place - Lower Level: CHILDREN FICTION Gibbs, S. - Checked Out"
https://catalog.saclibrary.org/GroupedWork/6b2afa67-54f5-8ac9-4a7d-9bd6aa0ccaf4-eng,"The legend of the rift","Lerangis, Peter",9780062070524,,"Harper, an imprint of HarperCollins Publishers; HarperCollins; Harper Audio",2016,"New York, NY","eAudiobook;Audiobook - CD;eBook;Book",
https://catalog.saclibrary.org/GroupedWork/5c30242a-9e36-ed08-3da6-8e400a5bb0d9-eng,"Obby challenge","Avatar, Ari",9781338863482,,"Scholastic Inc.; Scholastic Inc",2023,"New York, NY",eBook;Book,"Book::Elk Grove Kids' Place: MOVING UP Roblox - Checked Out,Book::Valley Hi-North Laguna Children's Area: MOVING UP Roblox - Checked Out,Book::Barber Branch: CHILDREN FICTION Avatar, A. [PAPERBACK] - On Shelf"
https://catalog.saclibrary.org/GroupedWork/c817ef08-dbbc-bd74-ca26-dd5f664a535c-eng,"Treasure Island","Stevenson, Robert Louis, 1850-1894",9780451530974,,"Longmeadow Press; Bendon, Inc.; Lauscher Audiobooks; Atheneum Books for Young Readers; Interactive Media; Sterling; Reader's Digest Association; Dreamscape Media; Sheba Blake Publishing; Global Publishers; Barnes & Noble Classics; The Well-Trained Mind Press; Tor Publishing Group; Bendon Publishing International, Inc; Charles Scribner's Sons; Distributed by Random House; Start Publishing LLC; Knopf; Random House/Listening Library; Oxford University Press; Harper and Brothers; Dalmatian Press; HarperCollins Publishers; Librofilio; Canongate Books; EdCon Publishing; Baronet Books/Playmore, Inc; Starry Forest Books; Treasureword; Scribner; Grosset & Dunlap; Penguin Books; Left of Brain Books; Easton Press; Puffin; Findaway Voices","1915 - 2024","New York; Pleasantville, N.Y; Ashland, Ohio; Norwalk, Conn; London; Franklin, TN; Oxford; [Stamford, CT]","Audiobook - CD;eBook;Book;eAudiobook","Book::Rancho Children's Area: CHILDREN FICTION Stevenson, R. - On Shelf,Book::Sacramento Public Library Children: ON ORDER - On Order,Book::Folsom Children's Area: CHILDREN PAPERBACK FICTION S - On Shelf"
https://catalog.saclibrary.org/GroupedWork/ac5959b9-6cef-4937-48dd-d8ede2869208-eng,"Charlie in the underworld","Ward, Nick, 1955-",9780385751780,,"David Fickling Books",2009,"New York",Book,"Book::Sylvan Oaks Children's Area: CHILDREN FICTION Small, C. - On Shelf"
https://catalog.saclibrary.org/GroupedWork/5b22d1f0-4721-21c9-5507-a49ab64fbbc4-eng,"Will power","Hartley, A. J. (Andrew James)",9780765321251,,"Fire Mountain Books; Tor","2010 - 2013","New York",eBook;Book,"Book::Central: SCIENCE FICTION Hartley, A. - On Shelf"
https://catalog.saclibrary.org/GroupedWork/e2a59042-dacb-c07b-6f8c-6ad6aee4abdc-eng,"The colossus rises","Lerangis, Peter",9780062070401,,"HarperCollins; Harper Audio; Harper",2013,"[New York]; New York, NY","eAudiobook;Audiobook - CD;eBook;Book",
https://catalog.saclibrary.org/GroupedWork/83f69874-dd8c-8b3f-d794-8b04a09fb19c-eng,"Return to Atlantis","O'Hearn, Kate",9781534456945,,Aladdin,2023,"New York",eBook;Book,"Book::Central Kids Place - Lower Level: CHILDREN FICTION O'Hearn, K. - On Shelf,Book::Colonial Heights Children's Area: CHILDREN FICTION O'Hearn, K. - On Shelf,Book::Franklin Children's: CHILDREN FICTION O'Hearn, K. - On Shelf"
https://catalog.saclibrary.org/GroupedWork/62ee3448-30ba-c4f6-06f7-31d340ec0257-eng,"The immortal fire","Ursu, Anne",9781416905929,,"Atheneum Books for Young Readers","2010 - 2025","New York",Book,"Book::Arcade Children's Area: CHILDREN FICTION Ursu, A. - On Shelf,Book::Central Kids Place - Lower Level: CHILDREN FICTION Ursu, A. - On Shelf,Book::Colonial Heights Children's Area: CHILDREN FICTION Ursu, A. - On Shelf"
https://catalog.saclibrary.org/GroupedWork/dc459c4a-fb9a-f860-b4aa-9896a201fa46-eng,"Dark river","Hunter, Erin",9780060892067,,"HarperCollins; HarperCollinsPublishers","2008 - 2019","New York",eAudiobook;Book;eBook,"Book::Central Kids Place - Lower Level: CHILDREN FICTION Hunter, E. - Checked Out,Book::Fair Oaks Children's Area: CHILDREN FICTION Hunter, E. - On Shelf,Book::Rio Linda Children's Area: CHILDREN FICTION Hunter, E. - Checked Out"
https://catalog.saclibrary.org/GroupedWork/1fd7e727-2024-0eb6-20bf-895c2786bca9-eng,"The monster in the Hollows","Peterson, Andrew, 1974-",9780593601419,,"WaterBrook; Random House Children's Books; Books on Tape","2020 - 2024","[Colorado Springs]",eAudiobook;Book;eBook,"Book::Carmichael Children's Area: CHILDREN FICTION Peterson, A. - On Shelf,Book::Colonial Heights Children's Area: CHILDREN FICTION Peterson, A. - Checked Out,Book::Franklin Children's: CHILDREN FICTION Peterson, A. - In Transit"
https://catalog.saclibrary.org/GroupedWork/fae66944-2191-14c8-a42e-d7f12086e658-eng,"Sea monster!","Quinn, Jordan",9781481400732,,"Tantor Media, Inc.; Tantor Media, Inc; Little Simon","2014 - 2021","New York",eAudiobook;Book;eBook,"Book::Arcade Children's Area: MOVING UP Quinn, J. - Checked Out,Book::Colonial Heights Children's Area: MOVING UP Quinn, J. - On Shelf,Book::Belle Cooledge Children's Area: MOVING UP Quinn, J. - Checked Out"
https://catalog.saclibrary.org/GroupedWork/d4c7fdaf-453a-fb90-d066-92a8f6b12731-eng,"The Berenstain Bears blast off!","Berenstain, Mike, 1951-",9780063295810,,"HarperCollins; Harper, an imprint of HarperCollinsPublishers",2023,"New York, NY","Easy Reader;eAudiobook;eBook","Easy Reader::Arden-Dimick Children's Area: EASY READER 1 Berenstain, M. - Checked Out,Easy Reader::Carmichael Children's Area: EASY READER 1 Berenstain, M. - Checked Out,Easy Reader::Central Kids Place - Lower Level: EASY READER 1 Berenstain, M. - On Shelf"
https://catalog.saclibrary.org/GroupedWork/288e1a40-1385-865a-0121-ab5e0a14f78f-eng,"Star Wars: the high Republic adventures: Volume two","Older, Daniel Jose",9781506745756,,"Dark Horse Books",2025,"Milwaukie, OR","Graphic Novel/Manga","Graphic Novel/Manga::Carmichael Teen Area: TEEN GRAPHIC NOVEL Star Wars v.2 - On Shelf,Graphic Novel/Manga::Central Teen Area - 3rd Floor: TEEN GRAPHIC NOVEL Star Wars v.2 - On Shelf,Graphic Novel/Manga::Elk Grove Teen Area: TEEN GRAPHIC NOVEL Star Wars v.2 - On Shelf"
https://catalog.saclibrary.org/GroupedWork/1dc9e4c0-0fb5-4d35-1af2-93424b9e0ebd-eng,"Heroes unite!","Johnson, Nicole (Writer of children's books)",9780593647912,,"Random House Children's Books; Random House",2023,"New York","Easy Reader;eBook","Easy Reader::Carmichael Children's Area: EASY READER 3 Johnson, N. - On Shelf,Easy Reader::Central Kids Place - Lower Level: EASY READER 3 Johnson, N. - On Shelf,Easy Reader::Elk Grove Kids' Place: EASY READER 3 Johnson, N. - Checked Out"
https://catalog.saclibrary.org/GroupedWork/f18189af-c1a5-7072-0d50-0b3f1c0b1616-eng,"Fishing: a Mr. and Mrs. Green adventure","Baker, Keith, 1953-",9780547850559,,"Sandpiper/Houghton Mifflin Harcourt",2012,Boston,Book,
https://catalog.saclibrary.org/GroupedWork/51982fc4-27aa-9b72-7f4f-5642f7c35430-eng,"The warrior maiden","Dickerson, Melanie",9780718074777,,"Thomas Nelson",2019,"Nashville, Tennessee",eAudiobook;eBook;Book,"Book::Central Teen Area - 3rd Floor: TEEN FICTION Dickerson, M. - On Shelf,Book::McKinley Children's Area: TEEN FICTION Dickerson, M. - On Shelf,Book::Sacramento Public Library Storage: TEEN FICTION Dickerson, M. - On Shelf"
https://catalog.saclibrary.org/GroupedWork/3bb85096-b0db-fbd5-bafc-fed34ed70566-eng,"Minecraft: zombies unleashed!","Eliopulos, Nick",9780593597828,,"Random House Worlds; Books on Tape",2024,"New York",eAudiobook;Book,"Book::Carmichael Children's Area: CHILDREN FICTION Minecraft - On Shelf,Book::Central Kids Place - Lower Level: CHILDREN FICTION Minecraft - On Shelf,Book::Colonial Heights Children's Area: CHILDREN FICTION Minecraft - OFF CAMPUS"
https://catalog.saclibrary.org/GroupedWork/29076b97-fdaf-353d-d39d-8c3221889e35-eng,"Jane Doe and the cradle of all worlds","Lachlan, Jeremy",9781541539211,,"Lerner Publishing Group; Carolrhoda Books",2019,Minneapolis,eBook;Book,"Book::Arcade Children's Area: CHILDREN FICTION Lachlan, J. - On Shelf,Book::Rio Linda Children's Area: CHILDREN FICTION Lachlan, J. - On Shelf,Book::Folsom Children's Area: CHILDREN FICTION Lachlan, J. - On Shelf"
https://catalog.saclibrary.org/GroupedWork/94007934-da34-f1a1-dfba-6a47cf8f9515-eng,Rook,"Cameron, Sharon, 1970-",9780545675994,,"Scholastic Inc.; Scholastic Press","2015 - 2017","New York",eAudiobook;eBook;Book,
https://catalog.saclibrary.org/GroupedWork/a5d551b8-0506-0315-788e-780e1dc8e74c-eng,"The forgotten warrior","Hunter, Erin",9780061555220,9780062977960,"HarperCollins; Harper Audio; Harper","2011 - 2020","New York; [New York, NY]","eAudiobook;Audiobook - CD;Book;eBook","Book::Franklin Children's: CHILDREN FICTION Hunter, E. - On Hold Shelf,Book::Barber Branch: CHILDREN FICTION Hunter, E. - On Shelf,Book::Colusa Main Branch Juvenile Collection: J Fic - On Shelf"
https://catalog.saclibrary.org/GroupedWork/c19d8735-4cfb-00a3-c90a-67a53693dc56-eng,"The sinister secrets of the fabulous nothings","Ferrell, Sean",9781645951865,,"Pixel+Ink; Holiday House",2024,"[New York]",eBook;Book,"Book::Carmichael Children's Area: CHILDREN FICTION Ferrell, S. - On Shelf,Book::Del Paso Heights Children's Area: CHILDREN FICTION Ferrell, S. - On Shelf,Book::Elk Grove Kids' Place: CHILDREN FICTION Ferrell, S. - Checked Out"
https://catalog.saclibrary.org/GroupedWork/a886d41c-438e-1835-f041-919125ffee61-eng,"The Rise of Flynn Rider","Calonita, Jen",9781368044868,,"Disney-Hyperion; Books on Tape",2021,"Los Angeles",eAudiobook;Book,"Book::Carmichael Children's Area: CHILDREN FICTION Disney - On Shelf,Book::McClatchy Children's Area: CHILDREN FICTION Disney - On Shelf,Book::North Natomas Children's Area: CHILDREN FICTION Disney - On Shelf"
https://catalog.saclibrary.org/GroupedWork/cd03cbac-8ef1-d64d-59db-fac13bda3d59-eng,"Hidden moon","Hunter, Erin",9780063357112,,"Harper, an imprint of HarperCollins Publishers; HarperCollins; HarperCollins Publishers",2025,"[United States]; New York, NY; New York, New York","eAudiobook;Audiobook - CD;eBook;Large Print;Book","Book::Carmichael Children's Area: CHILDREN FICTION Hunter, E. - Checked Out,Book::Central Kids Place - Lower Level: CHILDREN FICTION Hunter, E. - On Shelf,Book::Franklin Children's: CHILDREN FICTION Hunter, E. - Checked Out"
https://catalog.saclibrary.org/GroupedWork/cb59c530-4ed8-daed-13f4-790eb3a9dcdc-eng,"Wrath of the dragon king","Mull, Brandon, 1974-",9781481485050,,"Shadow Mountain; Shadow Mountain Publishing",2018,"[Salt Lake City, UT]; [Salt Lake City, Utah]","Audiobook - CD;eBook;Book","Book::Arcade Children's Area: CHILDREN FICTION Mull, B. - Checked Out,Book::Franklin Children's: CHILDREN FICTION Mull, B. - In Transit,Book::Southgate Children's Area: CHILDREN FICTION Mull, B. - On Shelf"
https://catalog.saclibrary.org/GroupedWork/fe40ec39-4847-5a60-7f05-bc0fb73bfe1a-eng,"Hermes and the horse with wings","Holub, Joan",9781481488327,,Aladdin,2017,"New York",eBook;Book,"Book::Colonial Heights Children's Area: CHILDREN FICTION Holub, J. - On Shelf,Book::Fair Oaks Children's Area: CHILDREN FICTION Holub, J. - In Transit,Book::North Natomas Children's Area: CHILDREN FICTION Holub, J. - On Shelf"
https://catalog.saclibrary.org/GroupedWork/5da5b650-533c-7ad2-455e-b8b6e7da14ef-eng,"Spies: Josephine Baker","Goodman, Deborah Lerme, 1956-",9781954232006,,Chooseco,2025,"Waitsfield, Vermont",Book,"Book::Arcade Children's Area: CHILDREN FICTION Choose Your - On Shelf,Book::Central Kids Place - Lower Level: CHILDREN FICTION Choose Your - On Shelf,Book::Elk Grove Kids' Place: CHILDREN FICTION Choose Your - On Shelf"
https://catalog.saclibrary.org/GroupedWork/b9a15035-9d98-74a1-43e4-8e09eb17ee8c-eng,"Lalani of the distant sea","Kelly, Erin Entrada",9780062747273,,"Greenwillow Books; HarperCollins; Greenwillow Books, an imprint of HarperCollinsPublishers",2019,"New York, NY",eAudiobook;eBook;Book,"Book::Arcade Children's Area: CHILDREN FICTION Kelly, E. - On Shelf,Book::Central Kids Place - Lower Level: CHILDREN FICTION Kelly, E. - On Shelf,Book::Belle Cooledge Children's Area: CHILDREN FICTION Kelly, E. - Checked Out"
https://catalog.saclibrary.org/GroupedWork/23e2faa5-d67c-e9b6-8876-4f2463bb631b-eng,"Abeni's song","Clark, P. Djèlí",9781250825827,,"Macmillan Audio; Starscape. Tor Publishing Group; Tor Publishing Group",2023,"New York",eAudiobook;Book;eBook,"Book::Arcade Children's Area: CHILDREN FICTION Clark, P. - On Shelf,Book::Carmichael Children's Area: CHILDREN FICTION Clark, P. - On Shelf,Book::Central Kids Place - Lower Level: CHILDREN FICTION Clark, P. - On Shelf"
https://catalog.saclibrary.org/GroupedWork/48efbfea-30f1-45ad-c967-11f5c7d7807f-eng,"The wild robot escapes","Brown, Peter, 1979-",9780316382045,,"Thorndike Press, a part of Gale, a Cengage Company; Hachette Audio for Young Listeners; Hachette Audio; Little, Brown Books for Young Readers; Little, Brown and Company","2018 - 2023","[New York]; [Waterville, Maine]; Boston","eAudiobook;Audiobook - CD;eBook;Large Print;Book","Book::Arcade Children's Area: CHILDREN FICTION Brown, P. - Checked Out,Book::Arden-Dimick Children's Area: CHILDREN FICTION Brown, P. - Checked Out,Book::Belle Cooledge Children's Area: CHILDREN FICTION Brown, P. - Checked Out"
https://catalog.saclibrary.org/GroupedWork/dc3d7f8b-a51a-7658-f7dd-12efb1e4b12d-eng,"The mysterious island","Verne, Jules, 1828-1905",9780812966428,,"Interactive Media; Wilder Publications, Inc.; Wesleyan University Press; Naxos AudioBooks; GENERAL PRESS; Otbebookpublishing; Open Road Media; SC Active Business Development SRL; libreka classics; Dover Publications; Books in Motion; Xist Publishing; Saddleback Educational Publishing; Start Publishing LLC; Dancing Unicorn Books; Aladdin; Modern Library; Neeland Media LLC; Findaway Voices","2002 - 2025","New York",eAudiobook;eBook;Book,"Book::Central Kids Place - Lower Level: CHILDREN FICTION Verne, J. - On Shelf,Book::Belle Cooledge Children's Area: CHILDREN FICTION Verne, J. - On Shelf,Book::Courtland Children's Area: CHILDREN FICTION Verne, J. - On Shelf"
https://catalog.saclibrary.org/GroupedWork/c4aec4cd-e216-839d-f3ed-b7a3d51b8613-eng,"Chasing a legend","Barbo, Maria S",9781546131250,,"Scholastic Inc.; Scholastic Inc",2025,"New York, NY",eBook;Book,"Book::Carmichael Children's Area: MOVING UP Pokemon - Checked Out,Book::Central Kids Place - Lower Level: MOVING UP Pokemon - On Shelf,Book::Colonial Heights Children's Area: MOVING UP Pokemon - On Shelf"
https://catalog.saclibrary.org/GroupedWork/8741d6ca-299d-8997-a10e-ad13a6c1c5df-eng,"The sinister secrets of Singe","Ferrell, Sean",9781645951834,,"Pixel+Ink; Holiday House",2023,"[New York]",eBook;Book,"Book::Colonial Heights Children's Area: CHILDREN FICTION Ferrell, S. - On Shelf,Book::Elk Grove Kids' Place: CHILDREN FICTION Ferrell, S. - Checked Out,Book::Franklin Children's: CHILDREN FICTION Ferrell, S. - On Shelf"
https://catalog.saclibrary.org/GroupedWork/2383fb94-426e-a124-6119-21a06865d144-eng,Polaris,"Northrop, Michael",9780545297172,,"Scholastic Inc.; Scholastic Press",2017,"New York",eBook;Book,"Book::Arcade Children's Area: CHILDREN FICTION Northrop, M. - On Shelf,Book::Belle Cooledge Children's Area: CHILDREN FICTION Northrop, M. - Checked Out,Book::Isleton Children's Area: CHILDREN FICTION Northrop, M. - On Shelf"
https://catalog.saclibrary.org/GroupedWork/5285c88f-ae77-c9b7-a382-4d3b7e0428d3-eng,"Lion down: a funjungle novel","Gibbs, Stuart, 1969-",9781534424739,,"Simon & Schuster Audio; Simon & Schuster Books for Young Readers",2019,"New York; [New York]","eAudiobook;Audiobook - CD;Book;eBook","Book::Elk Grove Kids' Place: CHILDREN FICTION Gibbs, S. - Checked Out,Book::Fair Oaks Children's Area: CHILDREN FICTION Gibbs, S. - On Shelf,Book::Rancho Children's Area: CHILDREN FICTION Gibbs, S. - Checked Out"
https://catalog.saclibrary.org/GroupedWork/8ff507c7-f14c-fa56-99d4-35cd11f9fe34-eng,"Dog Squad","Grabenstein, Chris",9780593301739,,"Random House Children's Books; Random House; Books on Tape",2021,"New York",eAudiobook;Book;eBook,"Book::Arcade Children's Area: CHILDREN FICTION Grabenstein, C. - Checked Out,Book::Carmichael Children's Area: CHILDREN FICTION Grabenstein, C. - On Shelf,Book::Courtland Children's Area: CHILDREN FICTION Grabenstein, C. - In Transit"
https://catalog.saclibrary.org/GroupedWork/b81eaa5c-1c7e-0e99-8238-7d4b30760914-eng,"Scorpion Mountain","Flanagan, John (John Anthony)",9780142427279,,"Philomel Books, an imprint of Penguin Group (USA); Books on Tape; Penguin Young Readers Group",2014,"New York, NY",eAudiobook;Book;eBook,"Book::Central Teen Area - 3rd Floor: TEEN FICTION Flanagan, J. - On Shelf,Book::North Natomas: TEEN FICTION Flanagan, J. - Checked Out,Book::Sacramento Public Library Storage: TEEN FICTION Flanagan, J. - Checked Out"
https://catalog.saclibrary.org/GroupedWork/8c5b88bc-6648-cf44-1469-1d6a88886ca3-eng,"Somewhere in the deep","Berwah, Tanvi",9781728247656,,"Recorded Books, Inc.; Sourcebooks Inc; Sourcebooks; Sourcebooks Fire","2023 - 2024","Naperville, Illinois",eAudiobook;eBook;Book,"Book::Central Teen Area - 3rd Floor: TEEN FICTION Berwah, T. - On Shelf,Book::Pocket-Greenhaven Teen Area: TEEN FICTION Berwah, T. - On Shelf,Book::Rio Linda Teen Area: TEEN FICTION Berwah, T. - On Shelf"
https://catalog.saclibrary.org/GroupedWork/adb56faa-1d51-1c89-5318-bca0645d9610-eng,"The griffin's feather","Funke, Cornelia, 1958-",9781338215533,,"Chicken House, an imprint of Scholastic Inc; Scholastic Inc.",2018,"New York, NY",eBook;Book,"Book::Carmichael Children's Area: CHILDREN FICTION Funke, C. - On Shelf,Book::Franklin Children's: CHILDREN FICTION Funke, C. - Checked Out,Book::Orangevale: CHILDREN FICTION Funke, C. - On Shelf"
https://catalog.saclibrary.org/GroupedWork/316ebda2-1122-c92e-6ee5-d954b6704885-eng,"The fellowship of the ring","Tolkien, J. R. R. (John Ronald Reuel), 1892-1973",9780547928210,,"BBC Audio; Recorded Books, Inc.; Del Rey; Recorded Books; Houghton Mifflin Company; HarperCollins; HighBridge; Ballantine Books; Mariner Books","1965 - 2022","New York; Prince Frederick, MD; Boston","eAudiobook;Audiobook - CD;eBook;Book","Book::Carmichael: FICTION Tolkien, J. - Checked Out,Book::Belle Cooledge: FICTION Tolkien, J. - Checked Out,Book::South Natomas: FICTION Tolkien, J. - In Transit"
https://catalog.saclibrary.org/GroupedWork/2838296c-ee50-2723-2001-b1e99d48d853-eng,"The Fowl twins","Colfer, Eoin",9781368043755,,"Listening Library, an imprint of the Penguin Random House Audio Publishing Group; Disney Hyperion; Books on Tape; Disney Book Group",2019,"Los Angeles; New York, New York","eAudiobook;Audiobook - CD;eBook;Book","Book::Carmichael Children's Area: CHILDREN FICTION Colfer, E. - Checked Out,Book::Belle Cooledge Children's Area: CHILDREN FICTION Colfer, E. - On Shelf,Book::Del Paso Heights Children's Area: CHILDREN FICTION Colfer, E. - On Shelf"
https://catalog.saclibrary.org/GroupedWork/e0c6fe06-08b9-3deb-8b6f-90c4b95bcaef-eng,"These twisted bonds","Ryan, Lexi",9780358386582,,"Clarion Books, an imprint of HarperCollinsPublishers; HarperCollins; Storytide",2022,"New York, NY",eAudiobook;eBook;Book,"Book::Central Teen Area - 3rd Floor: TEEN FICTION Ryan, L. - On Shelf,Book::Franklin Teen: TEEN FICTION Ryan, L. - On Shelf,Book::North Natomas: TEEN FICTION Ryan, L. - On Shelf"
https://catalog.saclibrary.org/GroupedWork/393b923f-c65f-6380-3c68-cebb9a7ffee8-eng,"One tricky monkey up on top: a counting adventure","Moncure, Jane Belk",9781623235819,,"The Child's World; The Child's World, Inc.","2013 - 2014","Mankato, MN",eBook;Book,
https://catalog.saclibrary.org/GroupedWork/72726a5e-8aac-9ae8-4494-dbe356230237-eng,"The new adventures of...Disney Encanto: time to shine","Ortiz, Amparo",9781545802328,,Papercutz,2024,"[New York]","Graphic Novel/Manga","Graphic Novel/Manga::Arcade Children's Area: CHILDREN GRAPHIC NOVEL Disney v.1 - Checked Out,Graphic Novel/Manga::Isleton Children's Area: CHILDREN GRAPHIC NOVEL Disney v.1 - On Shelf,Graphic Novel/Manga::McClatchy Children's Area: CHILDREN GRAPHIC NOVEL Disney v.1 - On Shelf"
https://catalog.saclibrary.org/GroupedWork/b3ca2e8f-ffc2-f556-5589-0f55b498da3d-eng,"The big win: an unofficial novel for fans of Animal Crossing","Morgan, Winter",9781510765283,,"Sky Pony Press",2021,"New York",Book,"Book::North Natomas Children's Area: CHILDREN FICTION Animal Crossing - On Shelf,Book::Southgate Children's Area: CHILDREN FICTION Animal Crossing - On Shelf,Book::Sacramento Public Library Storage: CHILDREN FICTION Animal Crossing - On Shelf"
https://catalog.saclibrary.org/GroupedWork/bd1c595c-7d21-3387-0e51-f3073f1ad03f-eng,"Farrah Noorzad and the ring of fate","Zargarpur, Deeba",9780593564417,,"Labyrinth Road; Random House Children's Books; Books on Tape",2024,"New York",eAudiobook;Book;eBook,"Book::Arcade Children's Area: CHILDREN FICTION Zargarpur, D. - On Shelf,Book::Central Kids Place - Lower Level: CHILDREN FICTION Zargarpur, D. - Checked Out,Book::Colonial Heights Children's Area: CHILDREN FICTION Zargarpur, D. - On Shelf"
https://catalog.saclibrary.org/GroupedWork/61ce5adc-aa97-c9c6-a0e3-76cc95ad5778-eng,"The dragon crown","Stilton, Geronimo",9781338215151,,"Scholastic Inc.; Scholastic",2018,"New York",eBook;Book,"Book::Central Kids Place - Lower Level: MOVING UP Stilton, G. - On Shelf,Book::Belle Cooledge Children's Area: MOVING UP Stilton, G. - On Shelf,Book::Rio Linda Children's Area: MOVING UP Stilton, G. - On Shelf"
https://catalog.saclibrary.org/GroupedWork/1d42ece4-64ba-c187-eae3-0eb43e3fb7a7-eng,"The shattered castle","Nielsen, Jennifer A",9781338275902,,"Scholastic Inc.; Scholastic Press",2021,"New York",eAudiobook;eBook;Book,"Book::Central Teen Area - 3rd Floor: TEEN FICTION Nielsen, J. - On Shelf,Book::Franklin Teen: TEEN FICTION Nielsen, J. - Checked Out,Book::Galt Teen Area: TEEN FICTION Nielsen, J. - On Shelf"
https://catalog.saclibrary.org/GroupedWork/62bd758d-bae1-fd43-33c7-5f963a790d36-eng,"Into the game!","Eliopulos, Nick",9781984850454,,"Random House Children's Books; Random House; Books on Tape","2019 - 2021","New York",eAudiobook;Book;eBook,"Book::Arden-Dimick Children's Area: MOVING UP Minecraft - Checked Out,Book::Belle Cooledge Children's Area: MOVING UP Minecraft - On Hold Shelf,Book::Elk Grove Kids' Place: MOVING UP Minecraft - Checked Out"
https://catalog.saclibrary.org/GroupedWork/940f473f-b0d1-f116-8400-afb4c8a042b1-eng,"What once was mine","Braswell, Liz",9781368063821,,"Disney-Hyperion; DH Reimagined Digital; Books on Tape",2021,"Los Angeles",eAudiobook;Book;eBook,"Book::Belle Cooledge Teen Area: TEEN FICTION Twisted Tales - Checked Out,Book::Del Paso Heights Teen Area: TEEN FICTION Twisted Tales - On Shelf,Book::Franklin Teen: TEEN FICTION Twisted Tales - On Shelf"
https://catalog.saclibrary.org/GroupedWork/837823e4-9e26-4ee2-b6e0-c3daa86ebd37-eng,Hawk,"Patterson, James, 1947-",9780316494403,,"JIMMY Patterson Books, Little, Brown and Company; Hachette Audio",2020,"New York",eAudiobook;Book,"Book::Colonial Heights: TEEN FICTION Patterson, J. - On Shelf,Book::Galt Teen Area: TEEN FICTION Patterson, J. - On Shelf,Book::South Natomas Teen Area: TEEN FICTION Patterson, J. - On Shelf"
https://catalog.saclibrary.org/GroupedWork/a2ea1288-d910-8da9-6802-d6644673e4ec-eng,"The pirate's treasure: or, The strange adventures of Jack Adams of the Spanish Main","Wilson, Edward A. (Edward Arthur), 1886-1970",,,"P.F. Volland Co",1926,"New York",Book,"Book::Sacramento Room: SPE J fic J Wilson CHI - Library Use Only"
https://catalog.saclibrary.org/GroupedWork/251d0f37-43e8-bf8a-adcd-26e9a39af865-eng,"Journey to the end","Mann, Greyson",9781510733855,,"Sky Pony; Sky Pony Press",2018,"New York",eBook;Book,"Book::Arcade Children's Area: CHILDREN FICTION Minecraft - On Shelf,Book::Colonial Heights Children's Area: CHILDREN FICTION Minecraft - On Shelf,Book::Courtland Children's Area: CHILDREN FICTION Minecraft - On Shelf"
https://catalog.saclibrary.org/GroupedWork/5c5304c6-1a97-933d-a01f-4335b4b1caee-eng,"Green Arrow's perfect shot","Lyga, Barry",9781419737381,,"Abrams; Amulet Books",2019,"New York",eBook;Book,"Book::Elk Grove Kids' Place: CHILDREN FICTION Flash - Checked Out,Book::Rancho Children's Area: CHILDREN FICTION Flash - On Shelf,Book::Sacramento Public Library Storage: CHILDREN FICTION Flash - On Shelf"
https://catalog.saclibrary.org/GroupedWork/836919a0-92a8-1f62-2426-26c971868b64-eng,"Audacity Jones to the rescue","Larson, Kirby",9780545840569,,"Scholastic Inc.; Scholastic Press","2016 - 2017","New York",eAudiobook;eBook;Book,"Book::Galt Children's Area: CHILDREN FICTION Larson, K. - On Shelf,Book::Sacramento Public Library Storage: CHILDREN FICTION Larson, K. - On Shelf"
https://catalog.saclibrary.org/GroupedWork/85fbb5e8-2cf6-b697-4a06-e9b1d862ed8c-eng,"Fantastic Four: Cosmic adventures","Scott, Melanie",9780593960820,,"DK Publishing",2025,"New York, NY","Easy Reader","Easy Reader::Carmichael Children's Area: EASY READER 3 Fantastic Four - Checked Out,Easy Reader::Central Kids Place - Lower Level: EASY READER 3 Fantastic Four - On Shelf,Easy Reader::Belle Cooledge Children's Area: EASY READER 3 Fantastic Four - Checked Out"
https://catalog.saclibrary.org/GroupedWork/ae6721f9-a286-bebf-98d9-861e043a40ae-eng,"This book is not good for you","Bosch, Pseudonymous",9780316040860,,"Little, Brown & Co; Hachette Audio; Little, Brown Books for Young Readers",2009,"New York, NY","eAudiobook;Audiobook - CD;eBook;Book",
https://catalog.saclibrary.org/GroupedWork/f35730a2-2d8d-d4bc-6177-2eb132e9f082-eng,"Diary of an 8-bit warrior: Crafting alliances : an unofficial Minecraft adventure","Cube Kid (Author of fan fiction)",9781449488031,050837359192,"Andrews McMeel Publishing",2017,"Kansas City, Missouri",Book,"Book::Pocket-Greenhaven Kids' Place: CHILDREN FICTION Minecraft - Checked Out,Book::Valley Hi-North Laguna Children's Area: CHILDREN FICTION Minecraft - Checked Out,Book::Barber Branch: CHILDREN FICTION Minecraft - Checked Out"
https://catalog.saclibrary.org/GroupedWork/285dced9-f82c-092e-973e-1f692b9f3990-eng,"Pokémon adventures: 5, Diamond and Pearl platinum","Kusaka, Hidenori",9781421539133,,"VIZ Media",2012,"San Francisco","Graphic Novel/Manga","Graphic Novel/Manga::Carmichael Children's Area: CHILDREN MANGA Pokemon Adventures v.5 - Checked Out,Graphic Novel/Manga::Elk Grove Kids' Place: CHILDREN MANGA Pokemon Adventures v.5 - Checked Out,Graphic Novel/Manga::Franklin Children's: CHILDREN MANGA Pokemon Adventures v.5 - Checked Out"
https://catalog.saclibrary.org/GroupedWork/1803fef3-6e55-2613-f9bc-3c4dd9281ab7-eng,"Waking fire","Louise, Jean (Jean-Paul)",9781335428578,,"Harlequin Audio; HarlequinAudio; Inkyard Press",2023,"Toronto, Ontario, Canada",eAudiobook;eBook;Book,"Book::Central Teen Area - 3rd Floor: TEEN FICTION Louise, J. - On Shelf,Book::Belle Cooledge Teen Area: TEEN FICTION Louise, J. - On Shelf,Book::North Natomas: TEEN FICTION Louise, J. - On Shelf"
https://catalog.saclibrary.org/GroupedWork/d45a42f0-4d8f-fdff-b255-2b1daeaf6ee5-eng,"I survived the shark attacks of 1916","Tarshis, Lauren",9780545206952,,"Scholastic Inc.; Scholastic Inc","2010 - 2017","New York",eAudiobook;Book;eBook,"Book::Carmichael Children's Area: CHILDREN FICTION Tarshis, L. - Checked Out,Book::Central Kids Place - Lower Level: ON ORDER - On Order,Book::Colonial Heights Children's Area: CHILDREN FICTION Tarshis, L. - In Transit"
https://catalog.saclibrary.org/GroupedWork/8e819702-433e-d201-4bd8-54d42f2c569b-eng,"The underland","Charman, Katrina",9781338832525,,"Scholastic Inc.; Scholastic Inc",2022,"New York",eBook;Book,"Book::Central Kids Place - Lower Level: MOVING UP Charman, K. - On Shelf,Book::Courtland Children's Area: MOVING UP Charman, K. - On Shelf,Book::Franklin Children's: MOVING UP Charman, K. - Checked Out"
https://catalog.saclibrary.org/GroupedWork/c57ead4e-3ff2-8a1b-c30a-c3a81711e91f-eng,"Return to the jungle","Grylls, Bear",9781509854226,,"Macmillan Children's Books",2017,"London, England",Book,"Book::North Natomas Children's Area: CHILDREN FICTION Grylls, B. - Checked Out,Book::Pocket-Greenhaven Kids' Place: CHILDREN FICTION Grylls, B. - On Shelf,Book::Rancho Children's Area: CHILDREN FICTION Grylls, B. - On Shelf"
https://catalog.saclibrary.org/GroupedWork/22df4940-7601-b415-7d54-290b80ab97fa-eng,"The wishmakers","Whitesides, Tyler",9780062568311,,"HarperCollins; Harper, an imprint of HarperCollinsPublishers",2018,"New York, NY",eBook;Book,"Book::Arcade Children's Area: CHILDREN FICTION Whitesides, T. - Checked Out,Book::Elk Grove Kids' Place: CHILDREN FICTION Whitesides, T. - On Shelf,Book::Pocket-Greenhaven Kids' Place: CHILDREN FICTION Whitesides, T. - On Shelf"
https://catalog.saclibrary.org/GroupedWork/dee4ee4a-7386-9230-4297-26530d050388-eng,"The Orpheus plot","Swiedler, Christopher",9780062894441,,"HarperCollins; Harper, an imprint of HarperCollinsPublishers",2021,"New York, NY",eAudiobook;eBook;Book,"Book::Elk Grove Kids' Place: CHILDREN FICTION Swiedler, C. - On Shelf,Book::Fair Oaks Children's Area: CHILDREN FICTION Swiedler, C. - On Shelf,Book::North Sacramento-Hagginwood Children's Area: CHILDREN FICTION Swiedler, C. - On Shelf"
https://catalog.saclibrary.org/GroupedWork/e67c1a3b-661d-b40c-176f-ce0244fe7d08-eng,"The broken mirror","De la Cruz, Melissa, 1971-",9781250827258,,"Macmillan Audio; Roaring Brook Press",2022,"New York; New York, NY","Audiobook - CD;Book","Book::Carmichael Children's Area: CHILDREN FICTION De la Cruz, M. - Checked Out,Book::Colonial Heights Children's Area: CHILDREN FICTION De la Cruz, M. - On Shelf,Book::Elk Grove Kids' Place: CHILDREN FICTION De la Cruz, M. - On Shelf"
https://catalog.saclibrary.org/GroupedWork/f6e57494-3bf2-7c0e-3591-ae4e969f8840-eng,"Journey under the sea","Gaska, Andrew E. C",9781620109847,,"Oni Press",2022,"Portland, OR","Graphic Novel/Manga","Graphic Novel/Manga::Carmichael Children's Area: CHILDREN GRAPHIC NOVEL Choose Your - On Shelf,Graphic Novel/Manga::McKinley Children's Area: CHILDREN GRAPHIC NOVEL Choose Your - Checked Out,Graphic Novel/Manga::Rio Linda Children's Area: CHILDREN GRAPHIC NOVEL Choose Your - On Shelf"
https://catalog.saclibrary.org/GroupedWork/fffd91f8-30bb-a093-4ba7-db7f767bc7d0-eng,"The sky's the limit!","Eliopulos, Nick",9780593483053,,"Random House Children's Books; Random House",2023,"New York","Easy Reader;eBook","Easy Reader::Arcade Children's Area: EASY READER 3 Minecraft - Checked Out,Easy Reader::Carmichael Children's Area: EASY READER 3 Minecraft - On Shelf,Easy Reader::Central Kids Place - Lower Level: EASY READER 3 Minecraft - On Shelf"
https://catalog.saclibrary.org/GroupedWork/f5fe29ac-851e-1db5-454d-de3202a93e42-eng,Stormbound,"Alvarez, Jennifer Lynn",9780062286093,,"HarperCollins; Harper, an imprint of HarperCollinsPublishers",2015,"New York, NY",eAudiobook;eBook;Book,"Book::Central Kids Place - Lower Level: CHILDREN FICTION Alvarez, J. - On Shelf,Book::Orangevale: CHILDREN FICTION Alvarez, J. - Checked Out,Book::Sylvan Oaks Children's Area: CHILDREN FICTION Alvarez, J. - Checked Out"
https://catalog.saclibrary.org/GroupedWork/1b2ec373-c5fc-f84f-17c7-e3408d15303f-eng,"Armstrong: the adventurous journey of a mouse to the moon","Kuhlmann, Torben, 1982-",9780735842625,,"North-South Books, Inc",2016,"Zürich, Switzerland","Picture Book","Picture Book::Arcade Children's Area: PICTURE BOOK Kuhlmann, T. - On Shelf,Picture Book::Carmichael Children's Area: PICTURE BOOK Kuhlmann, T. - On Shelf,Picture Book::Belle Cooledge Children's Area: PICTURE BOOK Kuhlmann, T. - Checked Out"
https://catalog.saclibrary.org/GroupedWork/4ed1cf3a-7b7d-d567-e4b1-4333915ad3f3-eng,"System failure","Davidson, I.  I., 1964-",9781524855659,,"Andrews McMeel; Andrews McMeel Publishing",2020,"Kansas City, Missouri",eBook;Book;eAudiobook,"Book::Belle Cooledge Children's Area: CHILDREN FICTION Davidson, I. - On Shelf,Book::Elk Grove Kids' Place: CHILDREN FICTION Davidson, I. - On Shelf,Book::Galt Children's Area: CHILDREN FICTION Davidson, I. - On Shelf"
https://catalog.saclibrary.org/GroupedWork/4b3b130c-fa2d-4d3d-13d8-13d47c953300-eng,Flashpoint,"Korman, Gordon",9780545597197,,"Scholastic Inc.; Scholastic Inc","2014 - 2017","New York, NY",eAudiobook;Book;eBook,"Book::Walnut Grove Children's Area: CHILDREN FICTION 39 Clues - On Shelf,Book::Folsom Children's Area: CHILDREN FICTION 39 Clues - On Shelf,Book::Sacramento Public Library Storage: CHILDREN FICTION 39 Clues - On Shelf"
https://catalog.saclibrary.org/GroupedWork/f597fc0d-634d-7aab-d912-13fd89063e0f-eng,"Rebel of the sands","Hamilton, Alwyn",9780451477538,,"Viking; Recorded Books, Inc.; Penguin Young Readers Group",2016,"New York",eAudiobook;eBook;Book,
https://catalog.saclibrary.org/GroupedWork/6b135a51-3895-fa32-83db-15812427a322-eng,"The burning maze","Riordan, Rick",9781484780657,9780525529149,"Thorndike Press, a part of Gale, a Cengage Company; Disney Hyperion Digital; Listening Library; Disney-Hyperion; Books on Tape",2018,"[New York]; Farmington Hills, Mich; Los Angeles","eAudiobook;Audiobook - CD;Large Print;Book;eBook","Book::Arcade Children's Area: CHILDREN FICTION Riordan, R. - On Shelf,Book::Central Kids Place - Lower Level: CHILDREN FICTION Riordan, R. - Checked Out,Book::Belle Cooledge Children's Area: CHILDREN FICTION Riordan, R. - On Shelf"
https://catalog.saclibrary.org/GroupedWork/c540b651-9fea-fc3d-4641-dca4ef2b7a9b-eng,"Pepper Page saves the universe!","Walker, Landry Q. (Landry Quinn)",9781250216922,,"First Second",2021,"New York","Graphic Novel/Manga","Graphic Novel/Manga::Arcade Children's Area: CHILDREN GRAPHIC NOVEL Pepper Page - Checked Out,Graphic Novel/Manga::Carmichael Children's Area: CHILDREN GRAPHIC NOVEL Pepper Page - On Shelf,Graphic Novel/Manga::Del Paso Heights Children's Area: CHILDREN GRAPHIC NOVEL Pepper Page - On Shelf"
https://catalog.saclibrary.org/GroupedWork/cd27faee-42d9-c36c-8a0c-99eff997d76b-eng,"Minecraft stonesword saga: The Golem's game","Eliopulos, Nick",9780593562918,,"Random House",2023,"New York",Book,"Book::Arcade Children's Area: MOVING UP Minecraft - On Shelf,Book::Fair Oaks Children's Area: MOVING UP Minecraft - Checked Out,Book::Galt Children's Area: MOVING UP Minecraft - Checked Out"
https://catalog.saclibrary.org/GroupedWork/a8c9b1ab-c0a5-ed52-bf96-c05786d61bc8-eng,"Journey through ash and smoke","Messner, Kate",9780545909785,,"Scholastic Inc.; Scholastic Press",2017,"New York",eBook;Book,"Book::South Natomas Children's Area: CHILDREN FICTION Messner, K. - On Shelf,Book::Sacramento Public Library Children: CHILDREN FICTION Messner, K. - In Processing,Book::Wanderer Bookmobile: CHILDREN FICTION Messner, K. - Checked Out"
https://catalog.saclibrary.org/GroupedWork/4a497968-a616-af14-2e07-da9ad4253d89-eng,"Battle storm: an unofficial Fortnite novel","Stevens, Cara J",9781510744332,,"Sky Pony; Sky Pony Press",2018,"New York",eBook;Book,"Book::Courtland Children's Area: CHILDREN FICTION Fortnite - On Shelf,Book::Fair Oaks Children's Area: CHILDREN FICTION Fortnite - On Shelf,Book::North Natomas Children's Area: CHILDREN FICTION Fortnite - On Shelf"
https://catalog.saclibrary.org/GroupedWork/0daf38f7-468f-60c3-7c2c-b1285626fe5d-eng,"Castle Redstone","Chadda, Sarwat",9780593498538,,"Del Rey; Random House Worlds; Books on Tape",2022,"New York",eAudiobook;Book;eBook,"Book::Carmichael Children's Area: CHILDREN FICTION Minecraft - On Shelf,Book::Pocket-Greenhaven Kids' Place: CHILDREN FICTION Minecraft - Checked Out,Book::Rancho Children's Area: CHILDREN FICTION Minecraft - On Shelf"
https://catalog.saclibrary.org/GroupedWork/c9648ccd-acba-919c-105d-fde0a85f2dc8-eng,"Return to the secret lake","Inglis, Karen",9781913846077,,"Well Said Press",2022,London,Book,"Book::Central Kids Place - Lower Level: MOVING UP Inglis, K. - On Shelf"
https://catalog.saclibrary.org/GroupedWork/2ab66172-6da7-df9b-f1ca-e4151f75c2a2-eng,"The poison waves","DasGupta, Sayantani",9781338766752,,"Scholastic Inc.; Scholastic Press",2023,"New York",eAudiobook;eBook;Book,"Book::Carmichael Children's Area: CHILDREN FICTION DasGupta, S. - On Shelf,Book::Central Kids Place - Lower Level: CHILDREN FICTION DasGupta, S. - On Shelf,Book::Elk Grove Kids' Place: CHILDREN FICTION DasGupta, S. - On Shelf"
https://catalog.saclibrary.org/GroupedWork/4f2d44e4-9a64-85ee-fc89-93a22a80fd71-eng,"The new age","D'Lacey, Chris",9781338291926,,"Scholastic Inc.; Scholastic Press",2019,"New York",eAudiobook;eBook;Book,"Book::Arcade Children's Area: CHILDREN FICTION D'Lacey, C. - On Shelf,Book::Belle Cooledge Children's Area: CHILDREN FICTION D'Lacey, C. - In Transit,Book::Elk Grove Kids' Place: CHILDREN FICTION D'Lacey, C. - Checked Out"
https://catalog.saclibrary.org/GroupedWork/cfced53b-96d9-fc89-2c01-b29572fa022e-eng,"Earhart: the incredible flight of a field mouse around the world","Kuhlmann, Torben, 1982-",9780735845794,,"North-South Books",2025,"New York","Picture Book","Picture Book::Carmichael Children's Area: PICTURE BOOK Kuhlmann, T. - On Shelf,Picture Book::Elk Grove Kids' Place: PICTURE BOOK Kuhlmann, T. - On Shelf,Picture Book::Franklin Children's: PICTURE BOOK Kuhlmann, T. - On Shelf"
https://catalog.saclibrary.org/GroupedWork/36f8bd05-52b6-4656-c55d-4534c604e2a6-eng,"A journey to the centre of the earth","Verne, Jules, 1828-1905",9780812970098,,"Charles Scribner's Sons; Interactive Media; Author's Republic; Amereon House; Oxford University Press; Naxos Audiobooks; HarperCollins Canada; HarperCollins Publishers; Modern Library; Puffin; SC Active Business Development SRL","1905 - 2024","New York; New York, N.Y; Mattituck, NY; London, England; Oxford",eBook;Book;eAudiobook,"Book::Central: SCIENCE FICTION Verne, J. - On Shelf,Book::Belle Cooledge: SCIENCE FICTION Verne, J. - On Shelf,Book::Courtland: SCIENCE FICTION Verne, J. - On Shelf"
https://catalog.saclibrary.org/GroupedWork/77f5d541-d2a1-81d0-f1eb-3e34dde0a9b8-eng,"The sword thief","Lerangis, Peter",9780545060431,,"Scholastic Audiobooks; Scholastic Inc.; Scholastic","2009 - 2017","New York, NY; [New York, N.Y.]","eAudiobook;Audiobook - CD;Book;eBook","Book::Arcade Children's Area: CHILDREN FICTION 39 Clues - On Shelf,Book::Belle Cooledge Children's Area: CHILDREN FICTION 39 Clues - On Shelf,Book::Elk Grove Kids' Place: CHILDREN FICTION 39 Clues - Checked Out"
https://catalog.saclibrary.org/GroupedWork/652111e5-ccc3-d26a-2c48-122b5850492b-eng,"Ghast in the machine!","Eliopulos, Nick",9781984850621,,"Random House Children's Books; Random House; Books on Tape","2020 - 2021","New York",eAudiobook;Book;eBook,"Book::Fair Oaks Children's Area: MOVING UP Minecraft - On Shelf,Book::Franklin Children's: MOVING UP Minecraft - Checked Out,Book::Galt Children's Area: MOVING UP Minecraft - Checked Out"
https://catalog.saclibrary.org/GroupedWork/d2fd9b53-65c8-1ff7-2155-fbc35ec6aac4-eng,"Skyclan's destiny","Hunter, Erin",9780061699948,,"HarperCollins; Harper","2010 - 2021","New York, NY",eAudiobook;eBook;Book,"Book::Arcade Children's Area: CHILDREN FICTION Hunter, E. - On Shelf,Book::North Natomas Children's Area: CHILDREN FICTION Hunter, E. - Checked Out,Book::Pocket-Greenhaven Kids' Place: CHILDREN FICTION Hunter, E. - Checked Out"
https://catalog.saclibrary.org/GroupedWork/909cf586-fb8b-0ab9-7b4c-5f32a96194ae-eng,"Cave of the Crystal dragon","West, Tracey, 1965-",9781339022383,,"Scholastic, Inc; Scholastic Inc.",2024,"New York, NY",eAudiobook;Book;eBook,"Book::Central Kids Place - Lower Level: MOVING UP West, T. - Checked Out,Book::Colonial Heights Children's Area: MOVING UP West, T. - Checked Out,Book::Belle Cooledge Children's Area: MOVING UP West, T. - Checked Out"
https://catalog.saclibrary.org/GroupedWork/7becdf70-6af7-3990-58af-bf488b52bc17-eng,"Alice's adventures in Wonderland ; and, Through the looking glass","Carroll, Lewis, 1832-1898",9780099572923,,"Distributed by Random House; Knopf; Vintage Books; Random House Publishing Group; Brilliance Audio; Quarto Publishing Group USA; Penguin Publishing Group; Neeland Media LLC","1992 - 2016","New York; Grand Haven, Mich; London","Audiobook - CD;eBook;Book",
https://catalog.saclibrary.org/GroupedWork/767077d5-e5ba-49d0-8f51-0419f77c54b8-eng,"Once upon another time","Riley, James, 1977-",9781534425873,,"Simon & Schuster Audio; Aladdin",2022,"New York",eAudiobook;Book;eBook,"Book::Central Kids Place - Lower Level: CHILDREN FICTION Riley, J. - On Shelf,Book::Colonial Heights Children's Area: CHILDREN FICTION Riley, J. - On Shelf,Book::Elk Grove Kids' Place: CHILDREN FICTION Riley, J. - Checked Out"
https://catalog.saclibrary.org/GroupedWork/d11f5076-0640-23fd-1c4c-2ddcddb1a828-eng,"Clara Poole and the wrong way up","Tyng, Taylor",9781645951629,,"Pixel+Ink; Holiday House",2024,"[New York]",eBook;Book,"Book::Carmichael Children's Area: CHILDREN FICTION Tyng, T. - On Shelf,Book::Central Kids Place - Lower Level: CHILDREN FICTION Tyng, T. - On Shelf,Book::Colonial Heights Children's Area: CHILDREN FICTION Tyng, T. - On Shelf"
https://catalog.saclibrary.org/GroupedWork/df4083b0-25cc-b131-d9e0-679dbdb2a63a-eng,"Lost in the end","Morgan, Winter",9781480692275,,"Sky Pony; Sky Pony Press",2016,"New York",eBook;Book,"Book::Carmichael Children's Area: CHILDREN FICTION Minecraft - On Shelf,Book::McClatchy Children's Area: CHILDREN FICTION Minecraft - On Shelf,Book::North Natomas Children's Area: CHILDREN FICTION Minecraft - On Shelf"
https://catalog.saclibrary.org/GroupedWork/10e19c91-4d3f-4bcb-dc7e-84218501e1a8-eng,"Robinson Crusoe","Defoe, Daniel, 1661?-1731",9780451530776,,"BBC Audio; Atheneum Books for Young Readers; Signet Classic; Signet Classics; HarperCollins Publishers UK; Modern Pub; Dreamscape Media; Global Publishers; Blackstone Publishing; Thorndike Press; Tor Publishing Group; Distributed by Random House; Xist Publishing; Start Publishing LLC; Knopf; Restless Books; Canongate Books; EdCon Publishing; G&D Media; Treasureword; Harper Collins Publishers; Penguin Classics, an imprint of Penguin Books; HarperPress, an imprint of Harper Collins Publishers; Dover Publications; Tantor Media, Inc; Arcturus Digital Limited; Start Classics; Modern Library; Neeland Media LLC","1993 - 2023","New York; New York, N.Y; New York, NY; London; Hammersmith, London; Waterville, Me","eAudiobook;Large Print;eBook;Book","Book::Arcade: FICTION Defoe, D. - On Shelf,Book::Carmichael: FICTION Defoe, D. - On Shelf,Book::Belle Cooledge: FICTION Defoe, D. - On Shelf"
https://catalog.saclibrary.org/GroupedWork/f31c7ba9-8159-add9-083f-a31abc4ea882-eng,"Shoo, caveflies!","Stilton, Geronimo",9781537918921,,"Scholastic Inc.; Scholastic Inc",2017,"New York, NY",eBook;Book,"Book::Arcade Children's Area: MOVING UP Stilton, G. - Checked Out,Book::Carmichael Children's Area: MOVING UP Stilton, G. - On Shelf,Book::Central Kids Place - Lower Level: MOVING UP Stilton, G. - On Shelf"
https://catalog.saclibrary.org/GroupedWork/81abf849-1820-1e95-c9a9-0644df1f19a3-eng,"Captain Raptor and the perilous planet","O'Malley, Kevin, 1961-",9781580898096,,Charlesbridge,2018,"Watertown, MA","Picture Book","Picture Book::Central Kids Place - Lower Level: PICTURE BOOK OMalley, K. - On Shelf,Picture Book::Franklin Children's: PICTURE BOOK OMalley, K. - On Shelf,Picture Book::McClatchy Children's Area: PICTURE BOOK OMalley, K. - On Shelf"
https://catalog.saclibrary.org/GroupedWork/775cbb3a-bfbf-2b16-d970-a276839c336c-eng,"The Chikorita challenge","West, Tracey, 1965-",9781338284089,,"Scholastic Inc.; Scholastic Inc","2018 - 2021","New York, NY",eBook;Book,
https://catalog.saclibrary.org/GroupedWork/cf134c57-8020-14f1-5aab-9671967c4bb6-eng,Traitor,"Bradford, Chris",9781524739379,,"Philomel Books; Penguin Young Readers Group",2018,"New York, NY",eBook;Book,"Book::Carmichael Children's Area: CHILDREN FICTION Bradford, C. - On Shelf,Book::South Natomas Children's Area: CHILDREN FICTION Bradford, C. - On Shelf,Book::North Natomas Children's Area: CHILDREN FICTION Bradford, C. - On Shelf"
https://catalog.saclibrary.org/GroupedWork/f3896527-7e1e-2ac8-1c32-4e3255a8da6a-eng,"The Tyrant's Tomb","Riordan, Rick",9781484780664,,"Disney Hyperion; Disney Hyperion Digital; Listening Library, an imprint of the Penguin Random House Audio Publishing Group; Thorndike Press; Books on Tape",2019,"Los Angeles; [Farmington Hills, Mich.]; New York, New York","eAudiobook;Audiobook - CD;Large Print;Book;eBook","Book::Arcade Children's Area: CHILDREN FICTION Riordan, R. - Checked Out,Book::Central Kids Place - Lower Level: CHILDREN FICTION Riordan, R. - Checked Out,Book::Courtland Children's Area: CHILDREN FICTION Riordan, R. - On Shelf"
https://catalog.saclibrary.org/GroupedWork/6edec8c7-1d57-7562-2b18-bb99b42a5c75-eng,"The last grand adventure","Behrens, Rebecca",9781481496926,,Aladdin,2018,"New York",Book,
https://catalog.saclibrary.org/GroupedWork/fd97fadb-18d7-e545-536b-34a19f7be82c-eng,"Moana finds the way","Amerikaner, Susan",9780736482257,,"Random House",2016,"New York","Easy Reader","Easy Reader::Belle Cooledge Children's Area: EASY READER 2 Disney - Checked Out,Easy Reader::Elk Grove Kids' Place: EASY READER 2 Disney - Checked Out,Easy Reader::Fair Oaks Children's Area: EASY READER 2 Disney - On Shelf"
https://catalog.saclibrary.org/GroupedWork/52b38f42-2865-a4f7-6b34-1c5e42da139a-eng,"Waking the rainbow dragon","West, Tracey, 1965-",9781338169898,,"Scholastic Inc.; Scholastic Inc","2018 - 2020","New York, NY",eAudiobook;eBook;Book,"Book::Arcade Children's Area: MOVING UP West, T. - Checked Out,Book::Central Kids Place - Lower Level: MOVING UP West, T. - Checked Out,Book::Elk Grove Kids' Place: MOVING UP West, T. - On Shelf"
https://catalog.saclibrary.org/GroupedWork/f41c9316-fb11-f279-a54f-0037d882afe7-eng,"The medusa plot","Korman, Gordon",9780545298391,9780545323482,"Scholastic Audiobooks; Scholastic Inc.; Scholastic","2011 - 2017","New York","eAudiobook;Audiobook - CD;Book;eBook","Book::Belle Cooledge Children's Area: CHILDREN FICTION 39 Clues - Checked Out,Book::Franklin Children's: CHILDREN FICTION 39 Clues - Checked Out,Book::North Natomas Children's Area: CHILDREN FICTION 39 Clues - On Hold Shelf"
https://catalog.saclibrary.org/GroupedWork/9c34a19c-2f3b-c149-eecc-c25090dea8b7-eng,"Tristan Strong punches a hole in the sky","Mbalia, Kwame",9781368039932,,"Disney Book Group; Disney-Hyperion; Rick Riordan Presents Digital; Listening Library, an imprint of the Penguin Random House Audio Publishing Group; Books on Tape",2019,"Los Angeles; New York, New York","eAudiobook;Audiobook - CD;eBook;Book","Book::Carmichael Children's Area: CHILDREN FICTION Mbalia, K. - Checked Out,Book::Central Kids Place - Lower Level: CHILDREN FICTION Mbalia, K. - Checked Out,Book::Belle Cooledge Children's Area: CHILDREN FICTION Mbalia, K. - Checked Out"
https://catalog.saclibrary.org/GroupedWork/9e06d0a7-4e05-81fe-316c-db9208f59426-eng,Resist,"Crossan, Sarah",9780062118738,,"Greenwillow Books; HarperCollins; Greenwillow Books, an imprint of HarperCollinsPublishers",2013,"New York",eBook;Book,"Book::Central Teen Area - 3rd Floor: TEEN FICTION Crossan, S. - On Shelf,Book::Belle Cooledge Teen Area: TEEN FICTION Crossan, S. - Checked Out,Book::Valley Hi-North Laguna Teen Area: TEEN FICTION Crossan, S. - On Shelf"
https://catalog.saclibrary.org/GroupedWork/bbd5d732-01a4-ea92-ec13-8339090979a5-eng,"Skandar and the unicorn thief","Steadman, A. F",9781665912730,,"Simon & Schuster Audio; Simon & Schuster Books for Young Readers",2022,"New York; New York, NY","eAudiobook;Audiobook - CD;eBook;Book","Book::Carmichael Children's Area: CHILDREN FICTION Steadman, A. - On Shelf,Book::North Natomas Children's Area: CHILDREN FICTION Steadman, A. - Checked Out,Book::Pocket-Greenhaven Kids' Place: CHILDREN FICTION Steadman, A. - On Shelf"
https://catalog.saclibrary.org/GroupedWork/0b732865-683d-b21a-c2e1-98b96b8628f1-eng,"The chaos curse","DasGupta, Sayantani",9781338355895,,"Scholastic Inc.; Scholastic Press",2020,"New York",eAudiobook;eBook;Book,"Book::Carmichael Children's Area: CHILDREN FICTION DasGupta, S. - On Shelf,Book::Central Kids Place - Lower Level: CHILDREN FICTION DasGupta, S. - Checked Out,Book::Belle Cooledge Children's Area: CHILDREN FICTION DasGupta, S. - On Shelf"
https://catalog.saclibrary.org/GroupedWork/85aedb95-cd7f-8086-387f-21887b8026b7-eng,"The new adventures of Disney Pixar Inside out 2: [1], Big feelings","Leong, Sloane",9781545802205,,Papercutz,2024,"New York","Graphic Novel/Manga","Graphic Novel/Manga::Central Kids Place - Lower Level: CHILDREN GRAPHIC NOVEL Disney v.1 - Checked Out,Graphic Novel/Manga::Del Paso Heights Children's Area: CHILDREN GRAPHIC NOVEL Disney v.1 - On Shelf,Graphic Novel/Manga::Fair Oaks Children's Area: CHILDREN GRAPHIC NOVEL Disney v.1 - Checked Out"
https://catalog.saclibrary.org/GroupedWork/b48bcb52-3c29-ce45-b78d-c26334c0a0ee-eng,"The Wearle","D'Lacey, Chris",9780545900188,,"Scholastic Inc.; Scholastic Press","2016 - 2017","New York",eAudiobook;Book;eBook,"Book::Central Kids Place - Lower Level: CHILDREN FICTION D'Lacey, C. - Checked Out,Book::Courtland Children's Area: CHILDREN FICTION D'Lacey, C. - On Shelf,Book::Elk Grove Kids' Place: CHILDREN FICTION D'Lacey, C. - Checked Out"
https://catalog.saclibrary.org/GroupedWork/b591a2f9-8c2c-6d50-656e-f4f02d071008-eng,"The arc","Oliver, Ben (Science fiction writer)",9781338589368,,"Recorded Books, Inc.; Chicken House, Scholastic Inc; Scholastic Inc.",2022,"New York",eAudiobook;eBook;Book,"Book::Central Teen Area - 3rd Floor: TEEN FICTION Oliver, B. - On Shelf,Book::Elk Grove Teen Area: TEEN FICTION Oliver, B. - On Shelf,Book::Franklin Teen: TEEN FICTION Oliver, B. - Checked Out"
https://catalog.saclibrary.org/GroupedWork/b135a664-435e-2b08-fe5f-caa54577a312-eng,"The Isles of the Gods","Kaufman, Amie",9780593479285,,"Alfred A. Knopf; Random House Children's Books; Books on Tape",2023,"New York",eAudiobook;Book;eBook,"Book::Carmichael Teen Area: TEEN FICTION Kaufman, A. - Checked Out,Book::Central Teen Area - 3rd Floor: TEEN FICTION Kaufman, A. - On Shelf,Book::Franklin Teen: TEEN FICTION Kaufman, A. - On Shelf"
https://catalog.saclibrary.org/GroupedWork/42dffb1c-cbd3-863b-37ba-9332827dcc38-eng,Target,"Bradford, Chris",9781524739355,,"Philomel Books; Penguin Young Readers Group",2018,"New York, NY",eBook;Book,"Book::South Natomas Children's Area: CHILDREN FICTION Bradford, C. - On Shelf,Book::North Natomas Children's Area: CHILDREN FICTION Bradford, C. - On Shelf"
https://catalog.saclibrary.org/GroupedWork/ee83c02d-f548-62df-28d8-47bfc4fa0a4b-eng,"Nikki Tesla and the fellowship of the bling","Keating, Jess",9781338295252,,"Scholastic Inc.; Scholastic Press",2020,"New York",eBook;Book,"Book::Franklin Children's: CHILDREN FICTION Keating, J. - On Shelf,Book::South Natomas Children's Area: CHILDREN FICTION Keating, J. - On Shelf,Book::North Natomas Children's Area: CHILDREN FICTION Keating, J. - On Shelf"
https://catalog.saclibrary.org/GroupedWork/4471fbfb-756c-c168-5b7d-39547a159d16-eng,"Pokémon adventures XY: Volume two","Kusaka, Hidenori",9781974726639,,"VIZ Media, LLC",2022,"San Francisco, CA","Graphic Novel/Manga","Graphic Novel/Manga::Central Kids Place - Lower Level: CHILDREN MANGA Pokemon Adventures v.2 - Checked Out,Graphic Novel/Manga::Elk Grove Kids' Place: CHILDREN MANGA Pokemon Adventures v.2 - Checked Out,Graphic Novel/Manga::Fair Oaks Children's Area: CHILDREN MANGA Pokemon Adventures v.2 - Checked Out"
https://catalog.saclibrary.org/GroupedWork/0142313b-3b8b-ed25-ec44-a1cd14edb722-eng,"Saving the world and other extreme sports","Patterson, James, 1947-",9780316155601,,"Hachette Audio; Little, Brown Books for Young Readers; Little, Brown","2007 - 2014","New York",eAudiobook;eBook;Book,"Book::Belle Cooledge Teen Area: TEEN FICTION Patterson, J. - On Shelf,Book::North Natomas: TEEN FICTION Patterson, J. - On Shelf,Book::Sylvan Oaks Teen Area: TEEN FICTION Patterson, J. - On Shelf"
https://catalog.saclibrary.org/GroupedWork/a1693298-fab6-2e4c-ad24-02716617a3d3-eng,"Made to play!","Bouchard, Natasha",9780736482776,,"Random House Children's Books; Random House",2019,"New York","Easy Reader;eBook","Easy Reader::McKinley Children's Area: EASY READER 2 Disney - Checked Out,Easy Reader::Woodland Public Library Children's Area: EASY READER 2 Dis - On Hold Shelf"
https://catalog.saclibrary.org/GroupedWork/758951c2-a03b-1f17-c7c4-99442bc90b34-eng,"King Solomon's mines","Haggard, H. Rider (Henry Rider), 1856-1925",9780141439525,,"Dutton; Tantor Media, Inc.; Interactive Media; Wilder Publications, Inc.; Penguin; Dent; Reader's Digest Association; Dreamscape Media; Blackstone Publishing; Tor Publishing Group; Recorded Books, Inc.; The Colonial Radio Theater On The Air; Books in Motion; Start Publishing LLC; Author's Republic; Naxos Audiobooks; Longmans, Green, & Co","1916 - 2025","Pleasantville, N.Y; New York; London",eAudiobook;eBook;Book,"Book::Central: FICTION Haggard, H. - On Shelf,Book::Colonial Heights: FICTION Haggard, H. - On Hold Shelf,Book::Elk Grove: FICTION Haggard, H. - Checked Out"
https://catalog.saclibrary.org/GroupedWork/d9743e6e-97f8-db13-ae7f-58a8a1d09757-eng,"The last","Applegate, Katherine",9780062335524,,"Harper, an imprint of HarperCollins Publishers; HarperCollins; Storytide; Scholastic",2018,"New York",eBook;Book;eAudiobook,"Book::Arcade Children's Area: CHILDREN FICTION Applegate, K. - On Shelf,Book::Central Kids Place - Lower Level: CHILDREN FICTION Applegate, K. - On Shelf,Book::McClatchy Children's Area: CHILDREN FICTION Applegate, K. - Checked Out"
https://catalog.saclibrary.org/GroupedWork/ed3187da-7f31-1d58-139d-7f3a93237c29-eng,"Zombies attack!: the rise of the warlords, book one","Cheverton, Mark",9781510728318,,"Sky Pony Press",2017,"New York",Book,"Book::Central Kids Place - Lower Level: CHILDREN FICTION Minecraft - On Shelf,Book::Franklin Children's: CHILDREN FICTION Minecraft - Checked Out,Book::Rio Linda Children's Area: CHILDREN FICTION Minecraft - On Shelf"
https://catalog.saclibrary.org/GroupedWork/71c4ac57-2d65-a6a6-e2d5-6b2fc13576d9-eng,Shipwrecked,"Monroe, Mary Alice",9781665933001,,"Simon & Schuster Audio; Aladdin",2024,"New York",eAudiobook;Book;eBook,"Book::Central Kids Place - Lower Level: CHILDREN FICTION Monroe, M. - On Shelf,Book::Colonial Heights Children's Area: CHILDREN FICTION Monroe, M. - On Shelf,Book::Belle Cooledge Children's Area: CHILDREN FICTION Monroe, M. - On Shelf"
https://catalog.saclibrary.org/GroupedWork/3856e80f-a5cd-8b40-9c58-35dfbce7b849-eng,"Escape from the great earthquake","Messner, Kate",9780545909839,,"Scholastic Inc.; Scholastic Inc",2017,"New York",eBook;Book,"Book::Arcade Children's Area: CHILDREN FICTION Messner, K. - On Shelf,Book::Carmichael Children's Area: CHILDREN FICTION Messner, K. - On Shelf,Book::Courtland Children's Area: CHILDREN FICTION Messner, K. - On Shelf"
https://catalog.saclibrary.org/GroupedWork/45eb18ad-dd28-15a8-782f-6a4e6e26cb1f-eng,"Tourney of terror","Roux, Madeleine, 1985-",9780063039148,,"HarperCollins; Harper, an imprint of HarperCollinsPublishers",2022,"New York, NY",eAudiobook;Book;eBook,"Book::Central Kids Place - Lower Level: CHILDREN FICTION Roux, M. - On Shelf,Book::Belle Cooledge Children's Area: CHILDREN FICTION Roux, M. - On Shelf,Book::Galt Children's Area: CHILDREN FICTION Roux, M. - Checked Out"
https://catalog.saclibrary.org/GroupedWork/9229ff07-9716-0440-19c8-c9b130cd2053-eng,"Thea and the mischief makers","Badua, Tracy",9780063346994,,"HarperCollins; Harper, an imprint of HarperCollinsPublishers",2024,"New York, NY",eAudiobook;eBook;Book,"Book::Arcade Children's Area: CHILDREN FICTION Badua, T. - On Shelf,Book::Carmichael Children's Area: CHILDREN FICTION Badua, T. - On Shelf,Book::Central Kids Place - Lower Level: CHILDREN FICTION Badua, T. - On Shelf"
https://catalog.saclibrary.org/GroupedWork/18abdeff-d3c5-23b2-02ea-a86360a8c9a7-eng,"Mitt & Minn's Illinois adventure","Wargin, Kathy-jo",9781587263064,,"Mitten Press",2007,"Ann Arbor, MI",Book,
https://catalog.saclibrary.org/GroupedWork/6cf8a39e-d402-1edc-2566-fd5d6d813fe6-eng,"Stuart Little","White, E. B. (Elwyn Brooks), 1899-1985",9780060263966,,"Listening Library; HarperTrophy; HarperCollins; Scholastic, Inc; HarperCollinsPublishers; HarperCollins Publishers; Books on Tape","1973 - 2006","New York; New York, NY","eAudiobook;Audiobook - CD;Book","Book::Carmichael Children's Area: CHILDREN FICTION White, E. - On Hold Shelf,Book::Central Kids Place - Lower Level: CHILDREN FICTION White, E. - Checked Out,Book::Colonial Heights Children's Area: CHILDREN FICTION White, E. - On Shelf"
https://catalog.saclibrary.org/GroupedWork/241ad734-01c3-e71b-4003-3c0017af7a2c-eng,"Moby Dick","Melville, Herman, 1819-1891",9781403715777,,"Naxos AudioBooks; Independently Published; Canterbury Classics; Modern Pub; Reader's Digest Association; Dreamscape Media; Barnes & Noble Books; HarperCollins Canada; Blackstone Publishing; Books on Tape; Blackstone Audio; Macmillan; Start Publishing LLC; Author's Republic; Dalmatian Press; Random House Publishing Group; Neeland Media LLC; EdCon Publishing; Sweet Cherry Publishing; ABDO Publishing Company; Grolier; Findaway Voices","1962 - 2025","Franklin, Tenn; New York; Pleasantville, N.Y; San Diego; [Ashland, Or.]","eAudiobook;Audiobook - CD;eBook;Book","Book::Elk Grove: FICTION Melville, H. - On Hold Shelf"
https://catalog.saclibrary.org/GroupedWork/980ff4b1-e1d2-f6e0-4d1f-0c3b233ee3ee-eng,"Force of fire","DasGupta, Sayantani",9781338636642,,"Scholastic Inc.; Scholastic Press",2021,"New York",eAudiobook;eBook;Book,"Book::Carmichael Children's Area: CHILDREN FICTION DasGupta, S. - Checked Out,Book::Central Kids Place - Lower Level: CHILDREN FICTION DasGupta, S. - On Shelf,Book::Belle Cooledge Children's Area: CHILDREN FICTION DasGupta, S. - On Shelf"
https://catalog.saclibrary.org/GroupedWork/e84ce468-90ac-b9c0-f082-bae6f44dfa68-eng,Horizon,"Westerfeld, Scott",9781338196580,,"Scholastic Inc.; Scholastic Inc",2017,"New York, NY",eAudiobook;Book;eBook,"Book::Belle Cooledge Children's Area: CHILDREN FICTION Horizon v.1 - Checked Out,Book::Pocket-Greenhaven Kids' Place: CHILDREN FICTION Horizon v.1 - Checked Out,Book::Southgate Children's Area: CHILDREN FICTION Horizon v.1 - On Shelf"
https://catalog.saclibrary.org/GroupedWork/4cf50b14-1af6-65c5-e629-ad955cea7ed1-eng,Furthermore,"Mafi, Tahereh",9781101994771,,"Random House/Listening Library; Dutton Children's Books; Books on Tape; Penguin Young Readers Group",2016,"New York; New York, NY","eAudiobook;Audiobook - CD;eBook;Book","Book::Carmichael Children's Area: CHILDREN FICTION Mafi, T. - On Shelf,Book::Fair Oaks Children's Area: CHILDREN FICTION Mafi, T. - On Shelf,Book::Galt Children's Area: CHILDREN FICTION Mafi, T. - On Shelf"
https://catalog.saclibrary.org/GroupedWork/6db0178b-b770-483e-6a4a-ee59ecf44395-eng,"Nowhere boy","Marsh, Katherine",9781250307576,,"Macmillan Audio; Roaring Brook Press",2018,"New York",eAudiobook;Book;eBook,"Book::Arcade Children's Area: CHILDREN FICTION Marsh, K. - On Shelf,Book::Elk Grove Kids' Place: CHILDREN FICTION Marsh, K. - On Shelf,Book::Franklin Children's: CHILDREN FICTION Marsh, K. - On Shelf"
https://catalog.saclibrary.org/GroupedWork/7904fc18-24ed-8603-9944-d6c73306e604-eng,"Up the Misty Peak","Thorpe, Kiki",9780736438735,,"Random House Children's Books; Random House",2019,"New York",eBook;Book,"Book::Carmichael Children's Area: MOVING UP Disney Fairies - Checked Out,Book::Rancho Children's Area: MOVING UP Disney Fairies - On Shelf,Book::Southgate Children's Area: MOVING UP Disney Fairies - On Shelf"
https://catalog.saclibrary.org/GroupedWork/4a84d808-ed0b-a45a-6fe3-926a23645fef-eng,"The Lair of Tanabrax","West, Tracey, 1965-",9780593381434,4013575961160,"LEONINE Audio; Random House Children's Books","2021 - 2025","New York",eAudiobook;Book;eBook,"Book::Central Kids Place - Lower Level: MOVING UP Lego - Checked Out,Book::Elk Grove Kids' Place: MOVING UP Lego - Checked Out,Book::Isleton Children's Area: MOVING UP Lego - On Shelf"
https://catalog.saclibrary.org/GroupedWork/69159409-ea9e-12c8-148c-057cde43b8b9-eng,"Onyx & ivory","Arnett, Mindee",9780062652669,,"HarperCollins; Balzer + Bray, an imprint of HarperCollins Publishers",2018,"New York, NY",eAudiobook;eBook;Book,
https://catalog.saclibrary.org/GroupedWork/0ede9a85-d27d-83ed-af8c-a009f0057fdf-eng,"Pokémon sword & shield: 10","Kusaka, Hidenori",9781974743933,,"Viz Media, LLC",2024,"San Francisco, CA","Graphic Novel/Manga","Graphic Novel/Manga::Carmichael Children's Area: CHILDREN MANGA Pokemon Sword v.10 - Checked Out,Graphic Novel/Manga::Central Kids Place - Lower Level: CHILDREN MANGA Pokemon Sword v.10 - On Shelf,Graphic Novel/Manga::Elk Grove Kids' Place: CHILDREN MANGA Pokemon Sword v.10 - Checked Out"
https://catalog.saclibrary.org/GroupedWork/58768c43-130b-3fb0-0b3c-3692c889dffd-eng,"Scarlet morning","Stevenson, ND",9780063210349,,"Quill Tree Books; HarperCollins",2025,"New York",eAudiobook;Book;eBook,"Book::Central Kids Place - Lower Level: CHILDREN FICTION Stevenson, N. - On Shelf,Book::Rancho Children's Area: CHILDREN FICTION Stevenson, N. - On Shelf,Book::Southgate Children's Area: CHILDREN FICTION Stevenson, N. - On Shelf"
https://catalog.saclibrary.org/GroupedWork/8821c74c-5562-33a4-8545-a00187e9f09d-eng,"The memory thief","Mansy, Lauren",9780310767657,,Blink,2019,"Grand Rapids, Michigan",eAudiobook;eBook;Book,"Book::Orangevale: TEEN FICTION Mansy, L. - On Shelf,Book::Sacramento Public Library Storage: TEEN FICTION Mansy, L. - On Shelf"
https://catalog.saclibrary.org/GroupedWork/4983f315-9440-2da1-ab86-dc491e7e5656-eng,"Lost in Babylon","Lerangis, Peter",9780062070432,,"HarperCollins; HarperAudio; Harper, an imprint of HarperCollinsPublishers",2013,"[New York]; New York, NY","eAudiobook;Audiobook - CD;eBook;Book",
https://catalog.saclibrary.org/GroupedWork/8c395b4b-aaf6-1aeb-4e78-a2f2e495856f-eng,"A Minecraft movie: the junior novelization","Lewman, David",9780593903452,,"Random House Children's Books; Random House; Books on Tape",2025,"New York",eAudiobook;Book;eBook,"Book::Central Kids Place - Lower Level: CHILDREN FICTION Minecraft - On Shelf,Book::North Natomas Children's Area: CHILDREN FICTION Minecraft - Checked Out,Book::Orangevale: CHILDREN FICTION Minecraft - Checked Out"
https://catalog.saclibrary.org/GroupedWork/b0f82b85-a774-19a0-0ece-38662b259467-eng,"Cash splash","Avatar, Ari",9781516093298,,"Scholastic Inc",2024,"New York, NY",Book,"Book::Arcade Children's Area: MOVING UP Roblox - On Shelf,Book::Carmichael Children's Area: MOVING UP Roblox - On Shelf,Book::Central Kids Place - Lower Level: MOVING UP Roblox - On Shelf"
https://catalog.saclibrary.org/GroupedWork/655f67d5-9369-5e3a-3fba-70f779f8e67f-eng,"Empire of night","Armstrong, Kelley",9780062071286,,"HarperCollins; Harper, an imprint of HarperCollinsPublishers",2015,"New York, NY",eAudiobook;eBook;Book,
https://catalog.saclibrary.org/GroupedWork/265e734e-c2ee-d313-68de-ea640cdb154a-eng,"Leopardstar's honor","Hunter, Erin",9780062963086,,"HarperCollins; Harper, an imprint of HarperCollinsPublishers; Harper Audio",2021,"New York, NY","eAudiobook;Audiobook - CD;Book;eBook","Book::Sacramento Public Library Children: ON ORDER - On Order,Book::Folsom Children's Area: CHILDREN PAPERBACK SERIES W - Checked Out,Book::Woodland Public Library Children's Area: CHILDREN FICTION Hunter, E. - On Hold Shelf"
https://catalog.saclibrary.org/GroupedWork/b42374de-e711-6efc-95f5-9dd0bb2f188c-eng,"The survivor wants to die at the end","Silvera, Adam, 1990-",9780063240858,9780063240896,"HarperCollins; HarperCollins Publishers; Quill Tree Books, an imprint of HarperCollinsPublishers",2025,"[United States]; New York, NY","eAudiobook;Audiobook - CD;eBook;Book","Book::Carmichael Teen Area: TEEN FICTION Silvera, A. - On Shelf,Book::Central Teen Area - 3rd Floor: TEEN FICTION Silvera, A. - On Shelf,Book::Elk Grove Teen Area: TEEN FICTION Silvera, A. - Checked Out"
https://catalog.saclibrary.org/GroupedWork/f099dea6-1b18-5718-23e0-46172d3a9ffb-eng,"Infinity alchemist","Callender, Kacen",9781250890252,,"Macmillan Audio; Tor Teen, Tor Publishing Group; Tor Publishing Group",2024,"New York",eAudiobook;eBook;Book,"Book::Arden-Dimick Teen Area: TEEN FICTION Callender, K. - Checked Out,Book::Central Teen Area - 3rd Floor: TEEN FICTION Callender, K. - On Shelf,Book::Belle Cooledge Teen Area: TEEN FICTION Callender, K. - Checked Out"
https://catalog.saclibrary.org/GroupedWork/feb2134a-a6a4-27a1-dd95-0547eb584139-eng,Capitana,"James, Cassandra",9780063345614,,"HarperCollins; Quill Tree Books, an imprint of HarperCollinsPublishers",2025,"New York, NY",eAudiobook;Book;eBook,"Book::Central Teen Area - 3rd Floor: TEEN FICTION James, C. - Checked Out,Book::North Highlands-Antelope Teen Area: TEEN FICTION James, C. - Checked Out,Book::Rio Linda Teen Area: TEEN FICTION James, C. - On Shelf"
https://catalog.saclibrary.org/GroupedWork/6db99a93-fbfb-7877-98fb-e9eeb620adef-eng,"The mummy with no name","Stilton, Geronimo",9780439841177,,"Scholastic Inc.; Scholastic","2006 - 2011","New York",eBook;Book,"Book::Arcade Children's Area: MOVING UP Stilton, G. - On Shelf,Book::Carmichael Children's Area: MOVING UP Stilton, G. - On Shelf,Book::Isleton Children's Area: MOVING UP Stilton, G. - On Shelf"
https://catalog.saclibrary.org/GroupedWork/12bed17e-44cd-a646-88a9-711232bba1d3-eng,"The secret of matter","Calejo, Ryan",9781419759901,,"Recorded Books, Inc.; Amulet Books",2025,"New York",eAudiobook;eBook;Book,"Book::Central Kids Place - Lower Level: CHILDREN FICTION Calejo, R. - On Shelf,Book::Fair Oaks Children's Area: CHILDREN FICTION Calejo, R. - On Shelf,Book::Franklin Children's: CHILDREN FICTION Calejo, R. - Checked Out"
https://catalog.saclibrary.org/GroupedWork/d23498a5-4364-bcad-1e2d-866d5875a7d0-eng,"The Floofs brave the wild","O'Neill, Penelope",9780711298392,,"Frances Lincoln Children's Books",2025,"Beverly, MA","Graphic Novel/Manga;eComic","Graphic Novel/Manga::Arcade Children's Area: CHILDREN GRAPHIC NOVEL Floofs - On Shelf,Graphic Novel/Manga::Carmichael Children's Area: CHILDREN GRAPHIC NOVEL Floofs - On Shelf,Graphic Novel/Manga::Colonial Heights Children's Area: CHILDREN GRAPHIC NOVEL Floofs - On Shelf"
https://catalog.saclibrary.org/GroupedWork/f9e8fcad-68b3-d7eb-6968-6dee276e40cd-eng,"Spy school goes south","Gibbs, Stuart, 1969-",9781481477864,,"Simon & Schuster Audio; Simon & Schuster Books for Young Readers",2018,"New York",eAudiobook;Book;eBook,"Book::Colonial Heights Children's Area: CHILDREN FICTION Gibbs, S. - On Shelf,Book::Del Paso Heights Children's Area: CHILDREN FICTION Gibbs, S. - On Shelf,Book::Elk Grove Kids' Place: CHILDREN FICTION Gibbs, S. - Checked Out"
https://catalog.saclibrary.org/GroupedWork/49abc228-779e-c91d-b3f8-e30715102649-eng,"My near-death adventures: I almost died, again","DeCamp, Alison",9780385390491,,"Crown Books for Young Readers",2016,"New York",Book,"Book::North Natomas Children's Area: CHILDREN FICTION DeCamp, A. - On Shelf"
https://catalog.saclibrary.org/GroupedWork/601718ce-3be3-e901-3555-d573e56db442-eng,"In search of the castaways","Verne, Jules, 1828-1905",9781665934367,,"Interactive Media; Otbebookpublishing; Start Classics; Aladdin","2014 - 2024","New York",eBook;Book,"Book::Central Kids Place - Lower Level: CHILDREN FICTION Verne, J. - On Shelf,Book::McClatchy Children's Area: CHILDREN FICTION Verne, J. - On Shelf,Book::Sylvan Oaks Children's Area: CHILDREN FICTION Verne, J. - On Shelf"
https://catalog.saclibrary.org/GroupedWork/14040f5d-04ba-a077-d3ee-4270119d8cb8-eng,"The prince warriors and the swords of Rhema","Shirer, Priscilla, 1974-",9781087748580,,"B&H Publishing Group; B & H Publishing Group; christianaudio.com","2017 - 2021","Nashville, Tennessee",eBook;Book;eAudiobook,"Book::Colonial Heights Children's Area: CHILDREN FICTION Shirer, P. - OFF CAMPUS,Book::Franklin Children's: CHILDREN FICTION Shirer, P. - On Shelf,Book::Sacramento Public Library Storage: CHILDREN FICTION Shirer, P. - On Shelf"
https://catalog.saclibrary.org/GroupedWork/a41f1287-5921-4621-2f7e-1afa064107bd-eng,"The jungle temple oracle: an unofficial Minecrafter's adventure","Cheverton, Mark",9781634500968,,"Sky Pony Press",2015,"New York",Book,
https://catalog.saclibrary.org/GroupedWork/c1bf0759-804f-9074-a216-9271b28e5c73-eng,"The shape of time","Calejo, Ryan",9781419759888,,"Recorded Books, Inc.; Amulet Books",2023,"New York",eAudiobook;eBook;Book,"Book::Central Kids Place - Lower Level: CHILDREN FICTION Calejo, R. - On Shelf,Book::Elk Grove Kids' Place: CHILDREN FICTION Calejo, R. - On Shelf,Book::Franklin Children's: CHILDREN FICTION Calejo, R. - Checked Out"
https://catalog.saclibrary.org/GroupedWork/7b8c68ca-a236-98a2-9f1d-8374e1491dc0-eng,"Rick the rock of Room 214","Falatko, Julie",9781534494640,,"[Library of Ideas, LLC]; Simon & Schuster Books for Young Readers","2022 - 2023","New York; [Fairfax, Virginia]","Picture Book;Book","Picture Book::Central Kids Place - Lower Level: PICTURE BOOK Falatko, J. - On Shelf,Picture Book::Franklin Children's: PICTURE BOOK Falatko, J. - On Shelf,Picture Book::South Natomas Children's Area: PICTURE BOOK Falatko, J. - On Shelf"
https://catalog.saclibrary.org/GroupedWork/dd97f0b4-aabf-d5cd-2322-ffba3c8ccb04-eng,"Mabel Jones and the Forbidden City","Mabbitt, Will",9780451471970,,"Viking; Books on Tape",2016,"New York, New York",eAudiobook;Book,"Book::Southgate Children's Area: CHILDREN FICTION Mabbitt, W. - On Shelf,Book::Sacramento Public Library Storage: CHILDREN FICTION Mabbitt, W. - On Shelf"
https://catalog.saclibrary.org/GroupedWork/ff2f506d-3447-ab3c-c3ab-4742b6b5b5ec-eng,Supernova,"Meyer, Marissa",9781250078384,,"Feiwel and Friends; Macmillan Audio; Feiwel & Friends",2019,"New York",eAudiobook;Book;eBook,"Book::Franklin Teen: TEEN FICTION Meyer, M. - On Shelf,Book::Arbuckle Branch Library Teen Collection: YA Fic - On Shelf,Book::Colusa Main Branch Teen Collection: YA Fic - On Shelf"
