Link,Title,Author,ISBN,UPC,Publisher,"Publish Date","Place of Publication",Format,"Location & Call Number"
https://catalog.saclibrary.org/GroupedWork/71758fec-8f03-0131-6679-a6d31fe4542c-eng,"Beyoncé: a who was? illustrated biography","Combs, Tyiana",9798217052080,,"Penguin Workshop; Penguin Young Readers Group",2025,"New York, New York",eBook;Book,"Book::Carmichael Children's Area: CHILDREN BIOGRAPHY Beyonce 2025 - Checked Out,Book::Central Kids Place - Lower Level: CHILDREN BIOGRAPHY Beyonce 2025 - On Shelf,Book::North Natomas Children's Area: CHILDREN BIOGRAPHY Beyonce 2025 - On Shelf"
https://catalog.saclibrary.org/GroupedWork/c355590b-c99f-2de5-e68e-74c7670b0acd-eng,"Caitlin Clark, shooting star: a biography","Wainer, Erica",9780063459205,,"HarperPop, an imprint of HarperCollinsPublishers; HarperCollins",2025,"New York, NY",eBook;Book,"Book::Carmichael Children's Area: CHILDREN BIOGRAPHY Clark, C. 2025 - On Shelf,Book::Central Kids Place - Lower Level: CHILDREN BIOGRAPHY Clark, C. 2025 - On Shelf,Book::McKinley Children's Area: CHILDREN BIOGRAPHY Clark, C. 2025 - Checked Out"
https://catalog.saclibrary.org/GroupedWork/d1ad1d11-dd08-9c53-581b-dd07e2765830-eng,"The story of Olivia Rodrigo: an inspiring biography for young readers","Deutsch, Stacia",9798886082654,,"Sourcebooks; Books on Tape; Callisto Publishing",2025,"Naperville, IIllinois",eAudiobook;Book;eBook,"Book::Carmichael Children's Area: CHILDREN BIOGRAPHY Rodrigo, O. 2025 - Checked Out,Book::Franklin Children's: CHILDREN BIOGRAPHY Rodrigo, O. 2025 - On Shelf,Book::Valley-Hi North Laguna Children's Area: CHILDREN BIOGRAPHY Rodrigo, O. 2025 - On Shelf"
https://catalog.saclibrary.org/GroupedWork/24bf454d-c07a-19f8-b5b4-9269638b2d7c-eng,"Lionel Messi: big goals : a biography","Wainer, Erica",9780063494886,,"HarperCollins; HarperPop",2026,"New York",eBook;Book,"Book::Carmichael Children's Area: CHILDREN BIOGRAPHY Messi, L. 2026 - On Shelf,Book::Isleton Children's Area: CHILDREN BIOGRAPHY Messi, L. 2026 - On Shelf,Book::Orangevale: CHILDREN BIOGRAPHY Messi, L. 2026 - On Shelf"
https://catalog.saclibrary.org/GroupedWork/3a6391b0-4a95-a9e4-1014-8ae80e7ad7b7-eng,"Taylor Swift: a who was? illustrated biography","Mayer, Kirsten",9798217052059,,"Penguin Workshop",2025,"New York",Book,"Book::Carmichael Children's Area: CHILDREN BIOGRAPHY Swift, T. 2025 - Checked Out,Book::Central Kids Place - Lower Level: CHILDREN BIOGRAPHY Swift, T. 2025 - On Shelf,Book::Franklin Children's: CHILDREN BIOGRAPHY Swift, T. 2025 - On Shelf"
https://catalog.saclibrary.org/GroupedWork/b7a5f73b-47da-9d25-994b-5c0af22907e6-eng,"Michael Jordan: a who was? illustrated biography","Labrecque, Ellen",9798217052127,,"Penguin Workshop",2025,"New York, New York",Book,"Book::Arcade Children's Area: CHILDREN BIOGRAPHY Jordan, M. 2025 - On Shelf,Book::Carmichael Children's Area: CHILDREN BIOGRAPHY Jordan, M. 2025 - On Shelf,Book::Central Kids Place - Lower Level: CHILDREN BIOGRAPHY Jordan, M. 2025 - On Shelf"
https://catalog.saclibrary.org/GroupedWork/b996abc5-f5ee-9f1b-3c78-355d3894d450-eng,"The story of Jim Henson: a biography book for new readers","Deutsch, Stacia",9781648760662,,"Sourcebooks Inc; Rockridge Press",2021,"Emeryville, CA",eBook;Book,"Book::Franklin Children's: CHILDREN BIOGRAPHY Henson, J. 2021 - On Shelf,Book::Galt Children's Area: CHILDREN BIOGRAPHY Henson, J. 2021 - On Shelf,Book::Isleton Children's Area: CHILDREN BIOGRAPHY Henson, J. 2021 - On Shelf"
https://catalog.saclibrary.org/GroupedWork/a64c9449-1ad1-2680-dcfd-220f72b91239-eng,"Caitlin Clark: a who was? illustrated biography","Luchini, Olivia",9798217052103,,"Penguin Workshop",2025,"New York, New York",Book,"Book::Carmichael Children's Area: CHILDREN BIOGRAPHY Clark, C. 2025 - On Shelf,Book::Central Kids Place - Lower Level: CHILDREN BIOGRAPHY Clark, C. 2025 - On Shelf,Book::Franklin Children's: CHILDREN BIOGRAPHY Clark, C. 2025 - On Shelf"
https://catalog.saclibrary.org/GroupedWork/2220aec0-5141-ac33-83d5-fa085101a5f8-eng,"Albert Einstein: a biography","Meltzer, Milton, 1915-",9780823419661,,"Holiday House",2008,"New York",Book,"Book::Colonial Heights Children's Area: CHILDREN BIOGRAPHY Einstein, A. 2008 - On Shelf,Book::Folsom Children's Area: CHILDREN BIOGRAPHY Einstein, A. 2008 - Checked Out"
https://catalog.saclibrary.org/GroupedWork/752f5fda-26be-b22e-0539-60575aec2d68-eng,"The Beatles: a Who HQ illustrated biography","Labrecque, Ellen",9798217053520,,"Penguin Workshop",2026,"New York, NY",Book,"Book::Carmichael Children's Area: CHILDREN 782.4216 B369zL 2026 - On Shelf,Book::Central Kids Place - Lower Level: CHILDREN 782.4216 B369zL 2026 - On Shelf,Book::Colonial Heights Children's Area: CHILDREN 782.4216 B369zL 2026 - On Shelf"
https://catalog.saclibrary.org/GroupedWork/cd68d1c4-27bb-402a-b1d5-d900b8cad7de-eng,"The story of Taylor Swift: an inspiring biography for young readers","Burk, Rachelle",9798886509755,,"Sourcebooks Inc; Sourcebooks; Books on Tape; Callisto Publishing, an imprint of Sourcebooks","2024 - 2025","Naperville, Illinois",eAudiobook;eBook;Book,"Book::Carmichael Children's Area: CHILDREN BIOGRAPHY Swift, T. 2024 - On Shelf,Book::Central Kids Place - Lower Level: CHILDREN BIOGRAPHY Swift, T. 2024 - On Shelf,Book::Fair Oaks Children's Area: CHILDREN BIOGRAPHY Swift, T. 2024 - On Shelf"
https://catalog.saclibrary.org/GroupedWork/0d0d002a-4667-5501-3e42-4545f1d363ad-eng,"Taylor Swift: wildest dreams: a biography","Zappy, Erica",9780063399174,,"Clarion Books, an imprint of HarperCollinsPublishers",2024,"New York, NY",Book,"Book::Central Kids Place - Lower Level: CHILDREN BIOGRAPHY Swift, T. 2024 - On Shelf,Book::Colonial Heights Children's Area: CHILDREN BIOGRAPHY Swift, T. 2024 - On Shelf,Book::Franklin Children's: CHILDREN BIOGRAPHY Swift, T. 2024 - On Shelf"
https://catalog.saclibrary.org/GroupedWork/b88e1433-ada5-f4b7-586a-e046189a4e98-eng,"Unpresidented: a biography of Donald Trump","Brockenbrough, Martha",9781250308030,,"Feiwel and Friends; Macmillan Audio",2018,"New York",eAudiobook;Book,"Book::Central Teen Area - 3rd Floor: TEEN BIOGRAPHY Trump, D. 2018 - On Shelf,Book::Southgate Teen Area: TEEN BIOGRAPHY Trump, D. 2018 - On Shelf"
https://catalog.saclibrary.org/GroupedWork/e1057576-b1f4-c14f-cb43-31507099a937-eng,"Metallica: the unauthorized biography","Romero Mariño, Soledad",9781728210889,,"Sourcebooks Explore",2020,"Naperville, Illinois",Book,"Book::Arcade Children's Area: CHILDREN 782.42166 M587 2020 - On Shelf,Book::Carmichael Children's Area: CHILDREN 782.42166 M587 2020 - On Shelf,Book::Central Kids Place - Lower Level: CHILDREN 782.42166 M587 2020 - On Shelf"
https://catalog.saclibrary.org/GroupedWork/797fd4d6-435d-83de-5452-f6d6262af804-eng,"John Madden: a pro football hall of fame biography","Richmond, Peter",9781635652468,,"Random House",2019,"New York",Book,"Book::Central Kids Place - Lower Level: CHILDREN BIOGRAPHY Madden, J. 2019 - On Shelf,Book::Colonial Heights Children's Area: CHILDREN BIOGRAPHY Madden, J. 2019 - On Shelf,Book::Franklin Children's: CHILDREN BIOGRAPHY Madden, J. 2019 - On Shelf"
https://catalog.saclibrary.org/GroupedWork/ed3ef6d0-f5b0-61c8-07be-1d69dc1dcbdc-eng,"The story of Barack Obama: a biography book for new readers","Leslie, Tonya",9781647391058,,"Rockridge Press",2020,"Emeryville, California",Book,"Book::Central Kids Place - Lower Level: CHILDREN BIOGRAPHY Obama, B. 2020 - On Shelf,Book::McKinley Children's Area: CHILDREN BIOGRAPHY Obama, B. 2020 - On Shelf,Book::Walnut Grove Children's Area: CHILDREN BIOGRAPHY Obama, B. 2020 - On Shelf"
https://catalog.saclibrary.org/GroupedWork/aa12e2ba-7dc2-cf74-5646-ace29e4e64bc-eng,"Malcolm lives!: the official biography of Malcolm X for young readers","Kendi, Ibram X",9780374311865,,"Farrar, Straus and Giroux (BYR); Farrar Straus Giroux",2025,"New York",eBook;Book,"Book::Carmichael Children's Area: CHILDREN BIOGRAPHY X, Malcolm 2025 - On Shelf,Book::Central Kids Place - Lower Level: CHILDREN BIOGRAPHY X, Malcolm 2025 - On Shelf,Book::Colonial Heights Children's Area: CHILDREN BIOGRAPHY X, Malcolm 2025 - On Shelf"
https://catalog.saclibrary.org/GroupedWork/1f805424-ea77-7814-7ddc-9b3bc07d8fe3-eng,"Billie Eilish, the unofficial biography: from e-girl to icon","Besley, Adrian",9781728424163,,"Lerner Publishing Group; Zest Books",2021,Minneapolis,eBook;Book,"Book::Arcade Teen Area: TEEN BIOGRAPHY Eilish, B. 2021 - On Shelf,Book::Central Teen Area - 3rd Floor: TEEN BIOGRAPHY Eilish, B. 2021 - On Shelf,Book::Orangevale: TEEN BIOGRAPHY Eilish, B. 2021 - On Shelf"
https://catalog.saclibrary.org/GroupedWork/ae66b182-df9c-29ae-e812-9cb6675f9a52-eng,"Foster child: a biography of Jodie Foster","Foster, Buddy, 1957-",9780525941439,,Dutton,1997,"New York",Book,"Book::South Natomas: BIOGRAPHY Foster, J. 1997 - On Shelf"
https://catalog.saclibrary.org/GroupedWork/8c64939d-5e5f-9d91-0f0a-6152a6fc27b6-eng,"The story of Serena Williams: an inspiring biography for young readers","Mallory, Shadae",9798886509533,,"Sourcebooks Inc; Callisto Publishing, an imprint of Sourcebooks",2024,"[Naperville, Illinois]",eBook;Book,"Book::Carmichael Children's Area: CHILDREN BIOGRAPHY Williams, S. 2024 - On Shelf,Book::Central Kids Place - Lower Level: CHILDREN BIOGRAPHY Williams, S. 2024 - On Shelf,Book::Franklin Children's: CHILDREN BIOGRAPHY Williams, S. 2024 - On Shelf"
https://catalog.saclibrary.org/GroupedWork/7a55784a-a272-fe72-28e8-f67a3671e967-eng,"What kind of queen?: a royal biography of drag queen and activist José Sarria","Chu, Kyle Casey",9781419780806,,"Abrams Books for Young Readers",2026,"New York",eBook;Book,"Book::Central Kids Place - Lower Level: CHILDREN BIOGRAPHY Sarria, J. 2026 - On Shelf,Book::Belle Cooledge Children's Area: CHILDREN BIOGRAPHY Sarria, J. 2026 - On Shelf,Book::Franklin Children's: CHILDREN BIOGRAPHY Sarria, J. 2026 - On Shelf"
https://catalog.saclibrary.org/GroupedWork/64f39dd1-efc9-387b-8066-91b59c1fdbaa-eng,"Steve Jobs: the man who thought different : a biography","Blumenthal, Karen",9781250015570,,"Feiwel and Friends; Macmillan Audio",2012,"New York",eAudiobook;Book,"Book::Arcade Children's Area: CHILDREN BIOGRAPHY Jobs, S. 2012 - On Shelf,Book::Sutter County Main Branch Children's Area: CHILDREN BIOGRAPHY JOBS, S. - On Shelf,Book::Woodland Public Library Children's Area: CHILDREN BIOGRAPHY Jobs, S. 2012 - On Shelf"
https://catalog.saclibrary.org/GroupedWork/a84e9665-54be-a947-475f-bd6132426dc4-eng,"Ramones: the unauthorized biography","Romero Mariño, Soledad",9781728210971,,"Sourcebooks eXplore",2020,"Naperville, Illinois",Book,"Book::Franklin Children's: CHILDREN 782.42166 R175zr 2020 - On Shelf,Book::Galt Children's Area: CHILDREN 782.42166 R175zr 2020 - On Shelf,Book::North Natomas Children's Area: CHILDREN 782.42166 R175zr 2020 - On Shelf"
https://catalog.saclibrary.org/GroupedWork/414165c7-1979-8c64-3844-f50fb607f2b5-eng,"Harriet Tubman, force of nature: a biography in poems","Brewer, Caroline",9781804661444,,"What on Earth!",2025,"Greenbelt, Maryland",Book,"Book::Arcade Children's Area: CHILDREN BIOGRAPHY Tubman, H. 2025 - On Shelf,Book::Carmichael Children's Area: CHILDREN BIOGRAPHY Tubman, H. 2025 - On Shelf,Book::Central Kids Place - Lower Level: CHILDREN BIOGRAPHY Tubman, H. 2025 - On Shelf"
https://catalog.saclibrary.org/GroupedWork/6c3e6e66-5133-df24-6852-bb688288e333-eng,"Tyler Perry: a biography of a movie mogul","Gitlin, Marty",9780766042414,,"Enslow Publishing, LLC; Enslow Publishers, Inc",2014,"Berkeley Heights, NJ",eBook;Book,"Book::Galt Children's Area: CHILDREN BIOGRAPHY Perry, T. 2014 - On Shelf"
https://catalog.saclibrary.org/GroupedWork/90638739-a779-0eef-78fe-b5bb748ef224-eng,"Little author in the big woods: a biography of Laura Ingalls Wilder","McDonough, Yona Zeldis",9780805095425,,"Henry Holt and Co. (BYR); Henry Holt and Company",2014,"New York",eBook;Book,"Book::Courtland Children's Area: CHILDREN BIOGRAPHY Wilder, L. 2014 - On Shelf,Book::North Natomas Children's Area: CHILDREN BIOGRAPHY Wilder, L. 2014 - On Shelf,Book::Rancho Children's Area: CHILDREN BIOGRAPHY Wilder, L. 2014 - On Shelf"
https://catalog.saclibrary.org/GroupedWork/c6e4b07f-a236-ef65-8586-d33d36814ebc-eng,"The Story of Eliza Hamilton: a biography book for new readers","Wing, Natasha",9781648762963,,"Rockridge Press",2021,"Emeryville, California",Book,"Book::Central Kids Place - Lower Level: CHILDREN 973.4092 H217zw 2021 - On Shelf"
https://catalog.saclibrary.org/GroupedWork/f1f94938-ae51-7c87-174b-a0496136863f-eng,"Lady Liberty: a biography","Rappaport, Doreen",9780763625306,,"Candlewick Press",2008,"Cambridge, Mass",Book,"Book::Central Kids Place - Lower Level: CHILDREN 974.71 R221 2008 - On Shelf,Book::Franklin Children's: CHILDREN 974.71 R221 2008 - On Shelf,Book::South Natomas Children's Area: CHILDREN 974.71 R221 2008 - On Shelf"
https://catalog.saclibrary.org/GroupedWork/ddd771d8-3b97-f063-c502-5cca6e9cc433-eng,"Renegade: Martin Luther, the graphic biography","Palmerino, Dacia",9780874862072,,"Plough Publishing House",2017,"Walden, NY","Graphic Novel/Manga;eComic","Graphic Novel/Manga::Central: GRAPHIC 284.1092 L973zc 2017 - On Shelf,Graphic Novel/Manga::North Natomas: GRAPHIC 284.1092 L973zc 2017 - On Shelf,Graphic Novel/Manga::Pocket-Greenhaven: GRAPHIC 284.1092 L973zc 2017 - On Shelf"
https://catalog.saclibrary.org/GroupedWork/01c64ccf-2e4b-270a-82d5-4013ea70fe9a-eng,"The story of Fred Rogers: a biography book for new readers","Katz, Susan B",9781647397883,,"Rockridge Press",2020,"Emeryville, CA",Book,"Book::Franklin Children's: CHILDREN BIOGRAPHY Rogers, F. 2020 - On Shelf,Book::North Natomas Children's Area: CHILDREN BIOGRAPHY Rogers, F. 2020 - On Shelf,Book::Pocket-Greenhaven Kids' Place: CHILDREN BIOGRAPHY Rogers, F. 2020 - On Shelf"
https://catalog.saclibrary.org/GroupedWork/6e3f7bba-732b-6609-230b-2e15f331e709-eng,"Queen: the unauthorized biography","Romero Mariño, Soledad",9781728210919,,"Sourcebooks Explore",2020,"Naperville, Illinois",Book,"Book::Carmichael Children's Area: CHILDREN 782.42166 Q359zm 2020 - On Shelf,Book::Galt Children's Area: CHILDREN 782.42166 Q359zm 2020 - On Shelf,Book::North Natomas Children's Area: CHILDREN 782.42166 Q359zm 2020 - On Shelf"
https://catalog.saclibrary.org/GroupedWork/11474079-facb-5359-cc92-7683c4a91562-eng,"The boy who became a parrot: a foolish biography of Edward Lear, who invented nonsense","Hill, Wolverton",9781592704132,,"Enchanted Lion; Enchanted Lion Books",2025,"New York",eBook;Book,"Book::Arcade Children's Area: CHILDREN BIOGRAPHY Lear, E. 2025 - On Shelf,Book::Carmichael Children's Area: CHILDREN BIOGRAPHY Lear, E. 2025 - On Shelf,Book::Pocket-Greenhaven Kids' Place: CHILDREN BIOGRAPHY Lear, E. 2025 - On Shelf"
https://catalog.saclibrary.org/GroupedWork/fee7e41a-148a-861e-1d8d-15f551f80e2b-eng,"Ski soldier: a World War II biography","Borden, Louise",9781629796741,,"Calkins Creek, an imprint of Highlights",2018,"Honesdale, Pennsylvania",Book,"Book::Carmichael Children's Area: CHILDREN BIOGRAPHY Seibert, P. 2018 - On Shelf,Book::Central Kids Place - Lower Level: CHILDREN BIOGRAPHY Seibert, P. 2018 - On Shelf,Book::Franklin Children's: CHILDREN BIOGRAPHY Seibert, P. 2018 - On Shelf"
https://catalog.saclibrary.org/GroupedWork/c86b4c66-9e33-b563-8508-e82ee6638149-eng,"The biography of chocolate","Morganelli, Adrianna, 1979-",9780778725176,,"Crabtree Pub. Co",2006,"New York, NY",Book,
https://catalog.saclibrary.org/GroupedWork/ea900cea-3c78-f05f-b295-6b0def6a1e33-eng,"The story of Betty White: an inspiring biography for young readers","Minton, Tam Warner, 1959-",9798886509519,,"Callisto Publishing",2024,Naperville,Book,"Book::Carmichael Children's Area: CHILDREN BIOGRAPHY White, B. 2024 - On Shelf,Book::Central Kids Place - Lower Level: CHILDREN BIOGRAPHY White, B. 2024 - On Shelf,Book::Franklin Children's: CHILDREN BIOGRAPHY White, B. 2024 - On Shelf"
https://catalog.saclibrary.org/GroupedWork/2ba96d55-6e4b-b722-ef4a-af9f282f1222-eng,"How to know a crow: the biography of a brainy bird","Savage, Candace, 1949-",9781771649162,,"Greystone Kids; Greystone Books",2024,Vancouver,eBook;Book,"Book::Carmichael Children's Area: CHILDREN 598.864 S263 2024 - Checked Out,Book::Central Kids Place - Lower Level: CHILDREN 598.864 S263 2024 - Checked Out,Book::Colonial Heights Children's Area: CHILDREN 598.864 S263 2024 - Checked Out"
https://catalog.saclibrary.org/GroupedWork/0005d454-0119-2365-e882-bc4e1dae9123-eng,"The story of Ruth Bader Ginsburg: a biography book for new readers","Katz, Susan B., 1971-",9781646110117,,"Rockridge Press",2020,"Emeryville, California",Book,"Book::Carmichael Children's Area: CHILDREN BIOGRAPHY Ginsburg, R. 2020 - On Shelf,Book::North Natomas Children's Area: CHILDREN BIOGRAPHY Ginsburg, R. 2020 - On Shelf,Book::Southgate Children's Area: CHILDREN BIOGRAPHY Ginsburg, R. 2020 - On Shelf"
https://catalog.saclibrary.org/GroupedWork/23ca4674-c85d-95bc-1380-82b159efbcc8-eng,"The story of Leonardo da Vinci: a biography for new readers","O'Neal, Ciara",9781647399412,,"Rockridge Press",2021,"Emeryville, California",Book,"Book::Central Kids Place - Lower Level: CHILDREN BIOGRAPHY Leonardo 2021 - On Shelf,Book::Courtland Children's Area: CHILDREN BIOGRAPHY Leonardo 2021 - On Shelf,Book::Elk Grove Kids' Place: CHILDREN BIOGRAPHY Leonardo 2021 - On Shelf"
https://catalog.saclibrary.org/GroupedWork/ecf7c297-800b-f643-acde-ce7d8b18e36e-eng,"Depeche Mode: the unauthorized biography","Romero Mariño, Soledad",9781728210940,,"Sourcebooks Explore",2020,"Naperville, Illinois",Book,"Book::Arcade Children's Area: CHILDREN 782.42166 D419zm 2020 - On Shelf,Book::Central Kids Place - Lower Level: CHILDREN 782.42166 D419zm 2020 - On Shelf,Book::Galt Children's Area: CHILDREN 782.42166 D419zm 2020 - On Shelf"
https://catalog.saclibrary.org/GroupedWork/04cbf2a0-1643-b02d-37c9-3ae45cd949ad-eng,"With great power: the marvelous Stan Lee : an unauthorized biography","Eriksen, Annie Hunter",9781645672852,,"Page Street Kids",2021,"Salem, MA",Book,"Book::Arcade Children's Area: CHILDREN BIOGRAPHY Lee, S 2021 - On Shelf,Book::Elk Grove Kids' Place: CHILDREN BIOGRAPHY Lee, S 2021 - On Shelf,Book::Franklin Children's: CHILDREN BIOGRAPHY Lee, S 2021 - On Shelf"
https://catalog.saclibrary.org/GroupedWork/ce80a1fd-0aa9-01f7-7b72-0dd874b8cdbf-eng,"Think smart, be fearless: a biography of Bill Gates","Mentyka, Sharon",9781632171764,,"Little Bigfoot, an imprint of Sasquatch Books",2019,"Seattle, WA",Book,"Book::Belle Cooledge Children's Area: CHILDREN BIOGRAPHY Gates, B. 2019 - On Shelf,Book::Courtland Children's Area: CHILDREN BIOGRAPHY Gates, B. 2019 - On Shelf,Book::North Natomas Children's Area: CHILDREN BIOGRAPHY Gates, B. 2019 - In Transit"
https://catalog.saclibrary.org/GroupedWork/0a5ad4ba-b97c-b3b1-abcd-2ddf97ca9d30-eng,"A flash of color and light: a biography of Dale Chihuly","Mentyka, Sharon",9781632171900,,"Little Bigfoot, an imprint of Sasquatch Books",2024,"Seattle, WA",Book,"Book::Central Kids Place - Lower Level: CHILDREN BIOGRAPHY Chihuly, D. 2024 - On Shelf,Book::Colonial Heights Children's Area: CHILDREN BIOGRAPHY Chihuly, D. 2024 - On Shelf,Book::Franklin Children's: CHILDREN BIOGRAPHY Chihuly, D. 2024 - On Shelf"
https://catalog.saclibrary.org/GroupedWork/85bffa8c-a5df-aefe-4d23-879eeb3630fe-eng,"The biography of wheat","Lackey, Jennifer, 1969-",9780778725312,,"Crabtree Pub. Co",2007,"New York, NY",Book,
https://catalog.saclibrary.org/GroupedWork/fb656a8c-f25a-3c56-8a3a-05faa74b42ab-eng,"Will Eisner: a comics biography","Weiner, Stephen, 1955-",9781681123578,,"NBM Graphic Novels",2025,"New York","Graphic Novel/Manga","Graphic Novel/Manga::Central: GRAPHIC 741.5973 E365zw 2025 - On Shelf,Graphic Novel/Manga::Colonial Heights: GRAPHIC 741.5973 E365zw 2025 - On Shelf,Graphic Novel/Manga::Orangevale: GRAPHIC 741.5973 E365zw 2025 - On Shelf"
https://catalog.saclibrary.org/GroupedWork/085d2868-eec6-dd00-fca5-ecbe9b9c0ce5-eng,"Ansel Adams: America's photographer ; a biography for young people","Gherman, Beverly",9780316824453,,"Little, Brown and Co",2002,[S.l.],Book,"Book::Fair Oaks Children's Area: CHILDREN BIOGRAPHY Adams, A. 2002 - On Shelf,Book::Sacramento Public Library Storage: CHILDREN BIOGRAPHY Adams, A. 2002 - On Shelf"
https://catalog.saclibrary.org/GroupedWork/65d4c067-ae9d-a073-a426-e390ba295965-eng,"Saving American Beach: the biography of African American environmentalist MaVynee Betsch","King, Heidi Tyline, 1966-",9781101996294,,"G.P. Putnam's Sons",2021,"New York",Book,"Book::Central Kids Place - Lower Level: CHILDREN BIOGRAPHY Betsch, M. 2021 - On Shelf,Book::Elk Grove Kids' Place: CHILDREN BIOGRAPHY Betsch, M. 2021 - On Shelf,Book::North Natomas Children's Area: CHILDREN BIOGRAPHY Betsch, M. 2021 - On Shelf"
https://catalog.saclibrary.org/GroupedWork/5b5b8533-5eee-7710-4eab-7fb877942277-eng,"The biography of cotton","Gleason, Carrie, 1973-",9780778725169,,"Crabtree Pub. Co",2006,"New York, NY",Book,
https://catalog.saclibrary.org/GroupedWork/15d468f0-a465-23ae-1eae-55a68f55839e-eng,"The biography of bananas","Eagen, Rachel, 1979-",9780778725190,,"Crabtree Pub. Co",2006,"New York, NY",Book,
https://catalog.saclibrary.org/GroupedWork/f200902d-1d4a-e1fe-ed93-050a26b020b4-eng,"The heart of the storm: a biography of Sue Bird","Mentyka, Sharon",9781632172884,,"Little Bigfoot, an imprint of Sasquatch Books",2022,"Seattle, WA",Book,"Book::Carmichael Children's Area: CHILDREN BIOGRAPHY Bird, S. 2022 - On Shelf,Book::Courtland Children's Area: CHILDREN BIOGRAPHY Bird, S. 2022 - On Shelf,Book::Franklin Children's: CHILDREN BIOGRAPHY Bird, S. 2022 - On Shelf"
https://catalog.saclibrary.org/GroupedWork/27dad57e-ca89-52c2-0b52-6d383cd7215e-eng,"Open the door to liberty!: a biography of Toussaint L'Ouverture","Rockwell, Anne F",9780618605705,,"Houghton Mifflin Harcourt",2009,Boston,Book,"Book::Valley Hi-North Laguna Children's Area: CHILDREN BIOGRAPHY Louverture, T. 2009 - On Shelf"
https://catalog.saclibrary.org/GroupedWork/db6ce4d6-0fd7-9fad-38b4-9fd8e89debef-eng,"John Lennon: all I want is the truth : a photographic biography","Partridge, Elizabeth",9780670059546,,Viking,2005,"New York, NY",Book,"Book::Elk Grove Teen Area: TEEN 782.4216 L567zp 2005 - On Shelf,Book::Colusa Main Branch Teen Collection: YA B LENNON P - On Shelf,Book::Folsom Adult: 782.4216 PAR 2005 - Checked Out"
https://catalog.saclibrary.org/GroupedWork/8bcbd9f9-cbf5-3422-ac5a-6d2697914361-eng,"The story of Martin Luther King Jr: a biography book for new readers","Platt, Christine A., 1976-",9781641529549,,"Rockridge Press",2020,"Emeryville, California",Book,"Book::Carmichael Children's Area: CHILDREN BIOGRAPHY King, M. 2020 - On Shelf,Book::McClatchy Children's Area: CHILDREN BIOGRAPHY King, M. 2020 - Checked Out,Book::Valley Hi-North Laguna Children's Area: CHILDREN BIOGRAPHY King, M. 2020 - On Shelf"
https://catalog.saclibrary.org/GroupedWork/82422d2a-ec3f-01dc-c8ba-15b0718e4033-eng,"The cosmo-biography of Sun Ra: the sound of joy is enlightening","Raschka, Christopher",9780763658069,,"Candlewick Press",2014,"Somerville, Massachusetts",Book,"Book::Rancho Children's Area: CHILDREN BIOGRAPHY Sun Ra 2014 - On Shelf,Book::Sutter County Main Branch Children's Area: CHILDREN BIOGRAPHY SUN RA - On Shelf"
https://catalog.saclibrary.org/GroupedWork/c420a95c-f7d3-623a-e112-9e4766a12ece-eng,"The biography of rubber","Gleason, Carrie, 1973-",9780778725220,,"Crabtree Pub. Co",2006,"New York, NY",Book,
https://catalog.saclibrary.org/GroupedWork/d5071afb-b5be-4167-eb76-d7e61d8809fd-eng,"The biography of rice","Zronik, John Paul, 1972-",9780778725183,,"Crabtree Pub. Co",2006,"New York, NY",Book,
https://catalog.saclibrary.org/GroupedWork/9ebfd95a-836b-17ad-f361-e9977aa4affa-eng,"Anne Frank: the Anne Frank House authorized graphic biography","Jacobson, Sidney",9780809026852,,"Hill and Wang",2010,"New York","Graphic Novel/Manga","Graphic Novel/Manga::Central Teen Area - 3rd Floor: TEEN GRAPHIC BIOGRAPHY Frank, A. 2010 - On Shelf,Graphic Novel/Manga::Franklin Teen: TEEN GRAPHIC BIOGRAPHY Frank, A. 2010 - On Shelf,Graphic Novel/Manga::Galt Teen Area: TEEN GRAPHIC BIOGRAPHY Frank, A. 2010 - On Shelf"
https://catalog.saclibrary.org/GroupedWork/9f6649ad-d069-1005-1b2b-65db0a22fe1d-eng,"Fearless heart: an illustrated biography of Surya Bonaly : the legacy of an Olympic figure skater","Murphy, Frank, 1966-",9781629379340,,"Triumph Books LLC",2022,"Chicago, Illinois",Book,"Book::Fair Oaks Children's Area: CHILDREN BIOGRAPHY Bonaly, S. 2022 - On Shelf,Book::Franklin Children's: CHILDREN BIOGRAPHY Bonaly, S. 2022 - On Shelf,Book::Isleton Children's Area: CHILDREN BIOGRAPHY Bonaly, S. 2022 - On Shelf"
https://catalog.saclibrary.org/GroupedWork/93d3bd5a-d1a5-3218-9258-c1eef968d7af-eng,"Becoming Madeleine: a biography of the author of A wrinkle in time by her granddaughters","Voiklis, Charlotte Jones",9780374307646,,"Farrar Straus Giroux",2018,"New York",Book,"Book::Arcade Children's Area: CHILDREN BIOGRAPHY L'Engle, M. 2018 - On Shelf,Book::Belle Cooledge Children's Area: CHILDREN BIOGRAPHY L'Engle, M. 2018 - In Transit,Book::North Natomas Children's Area: CHILDREN BIOGRAPHY L'Engle, M. 2018 - On Shelf"
https://catalog.saclibrary.org/GroupedWork/fe395f6c-52ec-23e9-3f32-a5c63c47eca1-eng,"Older than dirt: a kinda-sorta biography of Earth","Brown, Don, 1949-",9780544805033,,"Houghton Mifflin Harcourt",2017,Boston,Book,"Book::Carmichael Children's Area: CHILDREN 551.7 B877 2017 - On Shelf,Book::Central Kids Place - Lower Level: CHILDREN 551.7 B877 2017 - On Shelf,Book::Courtland Children's Area: CHILDREN 551.7 B877 2017 - On Shelf"
https://catalog.saclibrary.org/GroupedWork/6152d0fd-93df-8dc3-43f1-a17428742392-eng,"Walter Dean Myers: a biography of an award-winning urban fiction author","Jordan, Denise",9780766039902,,"Enslow Publishers",2013,"Berkeley Heights, NJ",Book,"Book::North Natomas Children's Area: CHILDREN BIOGRAPHY Myers, W. 2013 - On Shelf"
https://catalog.saclibrary.org/GroupedWork/c3b38cec-ae13-d51d-a9a8-e93442d9fcc9-eng,"Alias Anna: Zhanna Arshanskaya: a biography in verse : a true story of outwitting the Nazis","Hood, Susan, 1954-",9780063083899,,"Harper, an imprint of HarperCollinsPublishers",2022,"New York, NY",Book,"Book::Carmichael Children's Area: CHILDREN 786.2092 D272zh 2022 - On Shelf,Book::Central Kids Place - Lower Level: CHILDREN 786.2092 D272zh 2022 - On Shelf,Book::Franklin Children's: CHILDREN 786.2092 D272zh 2022 - On Shelf"
https://catalog.saclibrary.org/GroupedWork/f5849de9-be94-9ba4-a0c8-22eaac2e3b5a-eng,"Along came a radioactive spider: strange Steve Ditko and the creation of Spider-Man : an unauthorized biography","Eriksen, Annie Hunter",9781645677109,,"Page Street Kids",2023,"Salem, MA",Book,"Book::Colonial Heights Children's Area: CHILDREN BIOGRAPHY Ditko, S. 2023 - On Shelf,Book::Pocket-Greenhaven Kids' Place: CHILDREN BIOGRAPHY Ditko, S. 2023 - On Shelf,Book::Sacramento Public Library Storage: CHILDREN BIOGRAPHY Ditko, S. 2023 - On Shelf"
https://catalog.saclibrary.org/GroupedWork/178a1f5b-3717-0ed0-51e8-135ac25d3584-eng,"A long time coming: a lyrical biography of race in America from Ona Judge to Barack Obama","Shepard, Ray Anthony",9781662680663,,"Recorded Books, Inc.; Astra Publishing House; Calkins Creek, and imprint of Astra Books for Young Readers",2023,"New York",eBook;Book;eAudiobook,"Book::Central Teen Area - 3rd Floor: TEEN 305.8 S547 2023 - On Shelf,Book::Belle Cooledge Teen Area: TEEN 305.8 S547 2023 - On Shelf,Book::Elk Grove Teen Area: TEEN 305.8 S547 2023 - On Shelf"
https://catalog.saclibrary.org/GroupedWork/fa1bcfe9-a71d-4914-4ec8-aee4a5c225d1-eng,"A prophet with honor: the Billy Graham story","Martin, William C. (William Curtis), 1937-",9780310353300,,"Zondervan; Zonderkidz","2013 - 2018","Grand Rapids, Michigan",eBook;Book,"Book::Central: BIOGRAPHY Graham, B. 2018 - On Shelf,Book::Fair Oaks: BIOGRAPHY Graham, B. 2018 - On Shelf,Book::South Natomas: BIOGRAPHY Graham, B. 2018 - On Shelf"
https://catalog.saclibrary.org/GroupedWork/81d731f0-8c38-b437-060c-14c00125066f-eng,"The book of sisters: biographies of incredible siblings through history","Meikle, Olivia",9781684492008,,"St. Martin's Publishing Group; Neon Squid; Macmillan Audio","2022 - 2023","New York, NY",eAudiobook;eBook;Book,"Book::Carmichael Children's Area: CHILDREN 306.8754 M512 2022 - On Shelf,Book::Central Kids Place - Lower Level: CHILDREN 306.8754 M512 2022 - On Shelf,Book::Walnut Grove Children's Area: CHILDREN 306.8754 M512 2022 - On Shelf"
https://catalog.saclibrary.org/GroupedWork/7a4b4008-d0fb-750a-36e4-86bfcf1b3271-eng,"The true story of vanilla: how Edmond Albius made history","Richards, Ann (Ann M.)",9781459838444,,"Orca Book Publishers",2025,"[Victoria, British Columbia]",eBook;Book,"Book::Central Kids Place - Lower Level: CHILDREN BIOGRAPHY Albius, E. 2025 - On Shelf,Book::Belle Cooledge Children's Area: CHILDREN BIOGRAPHY Albius, E. 2025 - On Shelf,Book::Franklin Children's: CHILDREN BIOGRAPHY Albius, E. 2025 - Checked Out"
https://catalog.saclibrary.org/GroupedWork/1f90c0ef-f414-f80f-67e7-3ae7db57d26e-eng,"Lovely one: a memoir","Jackson, Ketanji Brown, 1970-",9780593729908,,"Random House Children's Books; Random House Large Print; Random House; Random House Publishing Group; Books on Tape","2024 - 2026","New York","eAudiobook;Large Print;Book;eBook","Book::Carmichael: BIOGRAPHY Jackson, K. 2024 - On Shelf,Book::Central: BIOGRAPHY Jackson, K. 2024 - On Shelf,Book::Colonial Heights: BIOGRAPHY Jackson, K. 2024 - On Shelf"
https://catalog.saclibrary.org/GroupedWork/b1da190d-9bc0-5765-7157-5ee9bcc4871b-eng,"John Muir: America's first environmentalist","Lasky, Kathryn",9780763664701,,"Candlewick Press","2006 - 2014","Cambridge, MA; Somerville, MA",Book,"Book::Colonial Heights Children's Area: CHILDREN BIOGRAPHY Muir, J. 2006 - On Shelf,Book::Del Paso Heights Children's Area: CHILDREN BIOGRAPHY Muir, J. 2006 - On Shelf,Book::Sylvan Oaks Children's Area: CHILDREN BIOGRAPHY Muir, J. 2006 - On Shelf"
https://catalog.saclibrary.org/GroupedWork/0dd3d484-9712-e54f-613a-3b6821692b84-eng,"Gifted hands: the Ben Carson story","Lewis, Gregg, 1951-",9780310738305,,Zonderkidz,"2013 - 2014","Grand Rapids, Mich",eBook;Book,"Book::Central Kids Place - Lower Level: CHILDREN BIOGRAPHY Carson, B. 2013 - On Shelf"
https://catalog.saclibrary.org/GroupedWork/04a21104-a978-6916-988d-bdf96b57d90d-eng,"Clara Barton: a photographic story of a life","Krensky, Stephen",9780756672799,690472072799,"DK Publishing (Dorling Kindersley)",2011,"New York",Book,"Book::North Natomas Children's Area: CHILDREN BIOGRAPHY Barton, C. 2011 - On Shelf"
https://catalog.saclibrary.org/GroupedWork/c2ececc4-1540-3412-60e3-0db47a03a0c8-eng,"Taylor Swift: singer, songwriter, and activist","Rose, Rachel, 1968-",9798885094054,,"Bearport Publishing Company; Bearport Publishing","2022 - 2023","Minneapolis, Minnesota",eBook;Book,"Book::Central Kids Place - Lower Level: CHILDREN BIOGRAPHY Swift, T. 2023 - On Shelf,Book::Elk Grove Kids' Place: CHILDREN BIOGRAPHY Swift, T. 2023 - Checked Out,Book::Franklin Children's: CHILDREN BIOGRAPHY Swift, T. 2023 - On Shelf"
https://catalog.saclibrary.org/GroupedWork/6e97a9a9-9519-0d86-0e8d-988b4a81b3f7-eng,"Pope Leo XIV: first American pope","Sonneborn, Liz",9798348041229,,"Lerner Publishing Group; Lerner Publications","2025 - 2026",Minneapolis,eBook;Book,"Book::Carmichael Children's Area: CHILDREN BIOGRAPHY Leo XIV 2025 - On Shelf,Book::Central Kids Place - Lower Level: CHILDREN BIOGRAPHY Leo XIV 2025 - On Shelf,Book::Franklin Children's: CHILDREN BIOGRAPHY Leo XIV 2025 - On Shelf"
https://catalog.saclibrary.org/GroupedWork/c4c7a115-0b09-6286-d058-00c31b67b6f3-eng,"Swimming with faith: the Missy Franklin story","Miller, Natalie Davis",9780310747079,,"Zonderkidz; ZonderKidz",2016,"Grand Rapids",eBook;Book,"Book::Franklin Children's: CHILDREN BIOGRAPHY Franklin, M. 2016 - On Shelf,Book::Sylvan Oaks Children's Area: CHILDREN BIOGRAPHY Franklin, M. 2016 - On Shelf"
https://catalog.saclibrary.org/GroupedWork/9a41179e-f9fe-e334-1d70-f231014e9e5f-eng,"King: a life","Eig, Jonathan",9780374393106,,"Farrar, Straus and Giroux (BYR); Farrar, Straus and Giroux; Picador/Farrar, Straus and Giroux; Macmillan Audio; Farrar Straus Giroux","2023 - 2025","New York; New York, NY","eAudiobook;Audiobook - CD;Book;eBook","Book::Central Teen Area - 3rd Floor: TEEN BIOGRAPHY King, M. 2025 - On Shelf,Book::Colonial Heights: TEEN BIOGRAPHY King, M. 2025 - Checked Out,Book::Belle Cooledge Teen Area: TEEN BIOGRAPHY King, M. 2025 - On Hold Shelf"
https://catalog.saclibrary.org/GroupedWork/985a203b-ded8-95bd-1890-ec80cbdb52db-eng,"Stephen Curry: basketball's greatest shooter","Smith, Elliott, 1976-",9781728491783,,"Lerner Publishing Group; Lerner Publications","2023 - 2024",Minneapolis,eBook;Book,"Book::Central Kids Place - Lower Level: CHILDREN BIOGRAPHY Curry, S. 2024 - On Shelf,Book::Franklin Children's: CHILDREN BIOGRAPHY Curry, S. 2024 - On Shelf,Book::North Natomas Children's Area: CHILDREN BIOGRAPHY Curry, S. 2024 - On Shelf"
https://catalog.saclibrary.org/GroupedWork/9a811554-e35b-f9f0-3a7a-bbe9c0a14bef-eng,"Sonia Sotomayor: from the Bronx to the US Supreme Court","Sonneborn, Liz",9781728491769,,"Lerner Publishing Group; Lerner Publications","2023 - 2024",Minneapolis,eBook;Book,"Book::Central Kids Place - Lower Level: CHILDREN BIOGRAPHY Sotomayor, S. 2024 - On Shelf,Book::Franklin Children's: CHILDREN BIOGRAPHY Sotomayor, S. 2024 - On Shelf,Book::North Natomas Children's Area: CHILDREN BIOGRAPHY Sotomayor, S. 2024 - On Shelf"
https://catalog.saclibrary.org/GroupedWork/e329a0c0-1d20-aee9-9a65-154c3d03f948-eng,"Aly Raisman: athlete and activist","Leigh, Anna",9781541542617,,"Lerner Publishing Group; Lerner Publications",2019,Minneapolis,eBook;Book,"Book::Courtland Children's Area: CHILDREN BIOGRAPHY Raisman, A. 2019 - On Shelf,Book::Franklin Children's: CHILDREN BIOGRAPHY Raisman, A. 2019 - On Shelf,Book::McKinley Children's Area: CHILDREN BIOGRAPHY Raisman, A. 2019 - On Shelf"
https://catalog.saclibrary.org/GroupedWork/b43f9260-a31b-e395-b490-0b3fb3458a7a-eng,"Frida Kahlo: artist and activist","Doeden, Matt",9781541588882,,"Lerner Publishing Group; Lerner Publications",2020,Minneapolis,eBook;Book,
https://catalog.saclibrary.org/GroupedWork/58605b6b-ffa9-5614-8f83-5c154816e93b-eng,"Chadwick Boseman","DiPrimio, Pete",9781624693878,,"Purple Toad Publishing",2018,"Kennett Square, Pennsylvania",Book,"Book::Rancho Children's Area: CHILDREN BIOGRAPHY Boseman, C. 2018 - On Shelf,Book::Southgate Children's Area: CHILDREN BIOGRAPHY Boseman, C. 2018 - On Shelf,Book::Valley Hi-North Laguna Children's Area: CHILDREN BIOGRAPHY Boseman, C. 2018 - On Shelf"
https://catalog.saclibrary.org/GroupedWork/ba566e11-df12-364f-6408-e9a49bf93703-eng,"Marie Curie","Cobb, Vicki",9780756638313,,"DK Publishing",2008,"New York, N.Y",Book,"Book::North Sacramento-Hagginwood Children's Area: CHILDREN BIOGRAPHY Curie, M. 2008 - On Shelf,Book::Rancho Children's Area: CHILDREN BIOGRAPHY Curie, M. 2008 - On Shelf"
https://catalog.saclibrary.org/GroupedWork/184c9b7c-bb39-7862-d077-4938ba14022b-eng,"Notorious RBG: the life and times of Ruth Bader Ginsburg","Carmon, Irin",9780062415837,,"HarperCollins; Dey St., an imprint of William Morrow Publishers; HarperAudio; Blackstone","2015 - 2017","[Ashland, Oregon]; New York, NY","eAudiobook;Audiobook - CD;eBook;Book","Book::Carmichael: BIOGRAPHY Ginsburg, R. 2015 - On Shelf,Book::Central: BIOGRAPHY Ginsburg, R. 2015 - On Shelf,Book::Franklin: BIOGRAPHY Ginsburg, R. 2015 - On Shelf"
https://catalog.saclibrary.org/GroupedWork/b0ef099f-f038-b5a0-6080-1f5723cb6719-eng,"Marie Curie: scientist","Lindeen, Mary",9781602702486,,"Magic Wagon; ABDO Publishing Company",2008,"Edina, Minn",eBook;Book,"Book::North Natomas Children's Area: CHILDREN BIOGRAPHY Curie, M. 2008 - On Shelf"
https://catalog.saclibrary.org/GroupedWork/9c12d9c3-aaac-1ba8-6fbf-931d237ace67-eng,"Butterfly: from refugee to Olympian--my story of rescue, hope, and triumph","Mardini, Yusra",9781250848147,,"St. Martin's Press; St. Martin's Griffin; Macmillan Audio","2018 - 2022","New York",Book;eAudiobook,"Book::Carmichael: BIOGRAPHY Mardini, Y. 2022 - On Shelf,Book::Central: BIOGRAPHY Mardini, Y. 2022 - On Shelf,Book::Sylvan Oaks: BIOGRAPHY Mardini, Y. 2022 - On Shelf"
https://catalog.saclibrary.org/GroupedWork/e56eed65-5b81-8c08-3840-63ffe668a6a9-eng,"Lupita Nyong'o: actor, filmmaker, activist","Schwartz, Heather E",9781541596757,,"Lerner Publishing Group; Lerner Publications",2021,"Minneapolis, MN",eBook;Book,"Book::Courtland Children's Area: CHILDREN BIOGRAPHY Nyong'o, L. 2021 - On Shelf,Book::Elk Grove Kids' Place: CHILDREN BIOGRAPHY Nyong'o, L. 2021 - On Shelf,Book::Isleton Children's Area: CHILDREN BIOGRAPHY Nyong'o, L. 2021 - On Shelf"
https://catalog.saclibrary.org/GroupedWork/2faf56bb-513b-53ba-e6c8-0d5c5afb53bc-eng,"Albert Einstein: relativity rock star","Doeden, Matt",9781541588851,,"Lerner Publishing Group; Lerner Publications",2020,Minneapolis,eBook;Book,"Book::Carmichael Children's Area: CHILDREN BIOGRAPHY Einstein, A. 20220 - On Shelf,Book::Central Kids Place - Lower Level: CHILDREN BIOGRAPHY Einstein, A. 20220 - On Shelf,Book::Fair Oaks Children's Area: CHILDREN BIOGRAPHY Einstein, A. 20220 - On Shelf"
https://catalog.saclibrary.org/GroupedWork/93ec0cc5-dee6-d0a5-463b-e9cf4301a0f7-eng,"Ruth Bader Ginsburg: iconic Supreme Court justice","Roland, James",9781541596764,,"Lerner Publishing Group; Lerner Publications","2020 - 2021",Minneapolis,eBook;Book,"Book::Franklin Children's: CHILDREN BIOGRAPHY Ginsburg, R. 2021 - On Shelf,Book::South Natomas Children's Area: CHILDREN BIOGRAPHY Ginsburg, R. 2021 - On Shelf,Book::North Natomas Children's Area: CHILDREN BIOGRAPHY Ginsburg, R. 2021 - On Shelf"
https://catalog.saclibrary.org/GroupedWork/eb048bdb-e881-d661-6f49-5ca2a341bf55-eng,"Kamala Harris: Madam Vice President","Schwartz, Heather E",9781728427829,,"Lerner Publishing Group; Lerner Publications",2021,Minneapolis,eBook;Book,"Book::Del Paso Heights Children's Area: CHILDREN BIOGRAPHY Harris, K. 2021 - On Shelf,Book::Pocket-Greenhaven Kids' Place: CHILDREN BIOGRAPHY Harris, K. 2021 - On Shelf,Book::Southgate Children's Area: CHILDREN BIOGRAPHY Harris, K. 2021 - On Shelf"
https://catalog.saclibrary.org/GroupedWork/2a560906-a52d-ed41-29b5-e7299e16ad19-eng,"Queen Eleanor, independent spirit of the Medieval world: a biography of Eleanor of Aquitaine","Brooks, Polly Schoyer",9781435286283,,"J.B. Lippincott",1983,"New York",Book,"Book::North Natomas Children's Area: CHILDREN BIOGRAPHY Eleanor of Aquitaine 1983 - OFF CAMPUS"
https://catalog.saclibrary.org/GroupedWork/6e529b91-74e4-fe04-3731-43351c224919-eng,"Michael Faraday","Weber, Margaret",9781791109462,,"AV2 by Weigl; Weigl Publishers Inc.; Lightbox Learning Inc.","2019 - 2020","New York, NY",eBook;Book,"Book::Central Kids Place - Lower Level: CHILDREN BIOGRAPHY Faraday, M. 2020 - On Shelf,Book::Franklin Children's: CHILDREN BIOGRAPHY Faraday, M. 2020 - On Shelf,Book::McKinley Children's Area: CHILDREN BIOGRAPHY Faraday, M. 2020 - On Shelf"
https://catalog.saclibrary.org/GroupedWork/c947c7e3-5008-112e-5eaf-c9b297e16329-eng,"Taylor Swift","Loggia, Wendy",9780593566718,,"Golden Books, an imprint of Random House Children's Books, a division of Penguin Random House LLC",2023,"New York",Book,"Book::Elk Grove Kids' Place: CHILDREN BIOGRAPHY Swift, T. 2023 - On Shelf,Book::Galt Children's Area: CHILDREN BIOGRAPHY Swift, T. 2023 - On Shelf,Book::McKinley Children's Area: CHILDREN BIOGRAPHY Swift, T. 2023 - On Shelf"
https://catalog.saclibrary.org/GroupedWork/5f8b51a9-be4c-1a53-c52a-0c15dc36b32a-eng,"Queen Elizabeth II: modern monarch","Doeden, Matt",9781541588905,,"Lerner Publishing Group; Lerner Publications",2020,Minneapolis,eBook;Book,
https://catalog.saclibrary.org/GroupedWork/c7a21a5e-7d6b-5f35-1512-6d06567c4dd1-eng,"Voice of freedom: a story about Frederick Douglass","Weidt, Maryann N",9781575054599,,"Lerner Publishing Group|Lerner Publishing Group; Carolrhoda Books",2001,Minneapolis,eBook;Book,"Book::Central Kids Place - Lower Level: CHILDREN BIOGRAPHY Douglass, F. 2001 - On Shelf,Book::Sylvan Oaks Children's Area: CHILDREN BIOGRAPHY Douglass, F. 2001 - On Shelf"
https://catalog.saclibrary.org/GroupedWork/85c74681-b039-7576-e93d-eabb932c56c8-eng,"Suzanne Collins","Wheeler, Jill C., 1964-",9781617835742,,"ABDO; ABDO Pub. Co; ABDO Publishing Company",2013,"Edina, Minn",eBook;Book,"Book::Sylvan Oaks Children's Area: CHILDREN BIOGRAPHY Collins, S. 2013 - On Shelf"
https://catalog.saclibrary.org/GroupedWork/9e9037b2-997d-f069-ff82-3938e617b3a6-eng,"Alexandria Ocasio-Cortez: political headliner","Leigh, Anna",9781541577473,,"Lerner Publishing Group; Lerner Publications",2020,Minneapolis,eBook;Book,"Book::Belle Cooledge Children's Area: CHILDREN BIOGRAPHY Ocasio-Cortez, A. 2020 - On Shelf,Book::Franklin Children's: CHILDREN BIOGRAPHY Ocasio-Cortez, A. 2020 - On Shelf,Book::Southgate Children's Area: CHILDREN BIOGRAPHY Ocasio-Cortez, A. 2020 - On Shelf"
https://catalog.saclibrary.org/GroupedWork/056758f6-4a01-6911-81db-addfa1564dc6-eng,"Selena Gomez: Latina TV and music star","Azzarelli, Ally",9780329915834,,"Enslow Publishing, LLC; Enslow Publishers, Inc.; Enslow Publisher","2012 - 2013","Berkeley Heights, NJ",eBook;Book,
https://catalog.saclibrary.org/GroupedWork/25a70e2c-1249-db3b-d7ba-edfed3b43f50-eng,"A picture book of George Washington Carver","Adler, David A",9780823414291,,"Live Oak Media|Lerner Publishing Group; Live Oak Media","2008 - 2013","Pine Plains, N.Y",Read-Along;eBook,"Read-Along::Sylvan Oaks Children's Area: CD PICTURE BOOK Adler, D. - On Shelf"
https://catalog.saclibrary.org/GroupedWork/b36604a0-46d7-ec81-0724-6d9224d4f8e9-eng,"Nat Love","Underwood, Deborah",9780822571711,,"Lerner Publishing Group; Lerner Publications Co",2008,Minneapolis,eBook;Book,"Book::Fair Oaks Children's Area: CHILDREN BIOGRAPHY Love, N. 2008 - On Shelf"
https://catalog.saclibrary.org/GroupedWork/826f78c6-2163-a9da-f79f-eb4e9714213b-eng,"Nancy Pelosi: political powerhouse","Leigh, Anna",9781541588899,,"Lerner Publishing Group; Lerner Publications",2020,Minneapolis,eBook;Book,
https://catalog.saclibrary.org/GroupedWork/3ea25bc9-d9ab-5b97-599d-cde0044d4e49-eng,"The life and times of Pythagoras","Harkins, Susan Sales",9781584155454,,"Mitchell Lane; Mitchell Lane Publishers","2007 - 2008","Hockessin, Del",eBook;Book,"Book::Arcade Children's Area: CHILDREN BIOGRAPHY Pythagoras 2007 - On Shelf,Book::Elk Grove Kids' Place: CHILDREN BIOGRAPHY Pythagoras 2007 - Checked Out"
https://catalog.saclibrary.org/GroupedWork/35eb9912-9512-3a8b-c11a-2c55bd4807bc-eng,"The life of Sacagawea","McAneney, Caitie",9781508148197,,"PowerKids Press; The Rosen Publishing Group, Inc","2016 - 2017","New York",eBook;Book,"Book::Carmichael Children's Area: CHILDREN BIOGRAPHY Sacagawea 2017 - In Transit,Book::Central Kids Place - Lower Level: CHILDREN BIOGRAPHY Sacagawea 2017 - On Shelf,Book::Pocket-Greenhaven Kids' Place: CHILDREN BIOGRAPHY Sacagawea 2017 - On Shelf"
https://catalog.saclibrary.org/GroupedWork/9c37a7d5-6c35-9949-32fe-2a05ef2cdd83-eng,"Kendrick Lamar: platinum rap artist","Schwartz, Heather E",9781728491745,,"Lerner Publishing Group; Lerner Publications","2023 - 2024",Minneapolis,eBook;Book,"Book::Carmichael Children's Area: CHILDREN BIOGRAPHY Lamar, K. 2024 - Checked Out,Book::Central Kids Place - Lower Level: CHILDREN BIOGRAPHY Lamar, K. 2024 - On Shelf,Book::Del Paso Heights Children's Area: CHILDREN BIOGRAPHY Lamar, K. 2024 - On Shelf"
https://catalog.saclibrary.org/GroupedWork/6af00b4c-2d0a-a9cc-5a78-eb92c9bd2f45-eng,"Tom Brady: gridiron G.O.A.T","Holleran, Leslie",9798765610428,,"Lerner Publishing Group; Lerner Publications",2024,Minneapolis,eBook;Book,
https://catalog.saclibrary.org/GroupedWork/e1946595-db2d-62f2-672f-6e4665c0fe17-eng,"Dav Pilkey","Wheeler, Jill C., 1964-",9781617835773,,"ABDO; ABDO Publishing; ABDO Publishing Company",2013,"Minneapolis, Minnesota",eBook;Book,"Book::Arcade Children's Area: CHILDREN BIOGRAPHY Pilkey, D. 2013 - On Shelf,Book::North Natomas Children's Area: CHILDREN BIOGRAPHY Pilkey, D. 2013 - On Shelf"
https://catalog.saclibrary.org/GroupedWork/5e14bca4-5c8b-a2ae-56be-aac0bcb33dcd-eng,"Volodymyr Zelensky: heroic leader of Ukraine","Bolte, Mari",9781728487830,,"Lerner Publishing Group; Lerner Publications","2022 - 2023","Minneapolis, MN",eBook;Book,"Book::Belle Cooledge Children's Area: CHILDREN BIOGRAPHY Zelensky, V. 2023 - On Shelf,Book::Courtland Children's Area: CHILDREN BIOGRAPHY Zelensky, V. 2023 - On Shelf,Book::Franklin Children's: CHILDREN BIOGRAPHY Zelensky, V. 2023 - On Shelf"
https://catalog.saclibrary.org/GroupedWork/c27b8ca5-37b9-016e-fd6e-62828e7bfa13-eng,"Deb Haaland: first Native American cabinet secretary","Doerfler, Jill",9781728458458,,"Lerner Publishing Group; Lerner Publications","2022 - 2023",Minneapolis,eBook;Book,"Book::Arcade Children's Area: CHILDREN BIOGRAPHY Haaland, D. 2023 - On Shelf,Book::Galt Children's Area: CHILDREN BIOGRAPHY Haaland, D. 2023 - On Shelf,Book::North Natomas Children's Area: CHILDREN BIOGRAPHY Haaland, D. 2023 - On Shelf"
https://catalog.saclibrary.org/GroupedWork/fa0af0b4-4bf3-1859-8f68-e78733b72c7a-eng,"Sonia Sotomayor: first Hispanic U.S. Supreme Court justice","Tucker, Lisa A",9780761358619,,Lerner,2010,Minneapolis,Book,"Book::Belle Cooledge Children's Area: CHILDREN BIOGRAPHY Sotomayor, S. 2010 - On Shelf,Book::Elk Grove Kids' Place: CHILDREN BIOGRAPHY Sotomayor, S. 2010 - On Shelf,Book::Galt Children's Area: CHILDREN BIOGRAPHY Sotomayor, S. 2010 - On Shelf"
https://catalog.saclibrary.org/GroupedWork/8732229d-e979-c71e-bb51-ce35ed17e6f5-eng,"Queen Elizabeth II: record-breaking royal","Rose, Rachel, 1968-",9798885094061,,"Bearport Publishing Company; Bearport Publishing","2022 - 2023","Minneapolis, Minnesota",eBook;Book,"Book::Arcade Children's Area: CHILDREN BIOGRAPHY Elizabeth II 2023 - On Shelf,Book::Central Kids Place - Lower Level: CHILDREN BIOGRAPHY Elizabeth II 2023 - On Shelf,Book::North Natomas Children's Area: CHILDREN BIOGRAPHY Elizabeth II 2023 - On Shelf"
https://catalog.saclibrary.org/GroupedWork/f7aa722f-414b-1eea-de60-c0b9314ef89e-eng,"What really happened in ancient times: a collection of historical biographies","Johnson, Terri",9781932786590,,"Knowledge Quest",2017,"Gresham, OR",Book,"Book::Galt Children's Area: CHILDREN 920.02 J696 2017 - On Shelf"
https://catalog.saclibrary.org/GroupedWork/4ebea64b-ee4e-b61a-e103-4fda158d5bef-eng,"Amy Coney Barrett: reshaping the Supreme Court","Schwartz, Heather E",9781728438368,,"Lerner Publishing Group; Lerner Publications","2021 - 2022","Minneapolis, MN",eBook;Book,"Book::Del Paso Heights Children's Area: CHILDREN BIOGRAPHY Barrett, A. 2022 - On Shelf,Book::South Natomas Children's Area: CHILDREN BIOGRAPHY Barrett, A. 2022 - On Shelf,Book::Walnut Grove Children's Area: CHILDREN BIOGRAPHY Barrett, A. 2022 - On Shelf"
https://catalog.saclibrary.org/GroupedWork/c6726867-0dbf-c243-8d63-05065f019973-eng,"Chien-Shiung Wu: phenomenal physicist","Wheeler, Jill C., 1964-",9781617834516,,"ABDO; ABDO Pub. Co","2012 - 2013","Minneapolis, Minn",eBook;Book,"Book::Central Kids Place - Lower Level: CHILDREN BIOGRAPHY Wu, C. 2013 - On Shelf,Book::North Natomas Children's Area: CHILDREN BIOGRAPHY Wu, C. 2013 - On Shelf,Book::Pocket-Greenhaven Kids' Place: CHILDREN BIOGRAPHY Wu, C. 2013 - On Shelf"
https://catalog.saclibrary.org/GroupedWork/3ffcf4de-3f62-beda-ee13-db32fa71dd9a-eng,"Sergey Brin: groundbreaking Google founder","Doeden, Matt",9781541596740,,"Lerner Publishing Group; Lerner Publications","2021 - 2022",Minneapolis,eBook;Book,"Book::Elk Grove Kids' Place: CHILDREN BIOGRAPHY Brin, S. 2022 - On Shelf,Book::Fair Oaks Children's Area: CHILDREN BIOGRAPHY Brin, S. 2022 - On Shelf,Book::North Natomas Children's Area: CHILDREN BIOGRAPHY Brin, S. 2022 - On Shelf"
https://catalog.saclibrary.org/GroupedWork/789b2b59-7ecd-8c0e-b1cf-cee551ae1428-eng,"Joe Biden: from Scranton to the White House","Schwartz, Heather E",9781728420592,,"Lerner Publishing Group; Lerner Publications",2021,Minneapolis,eBook;Book,"Book::Arcade Children's Area: CHILDREN BIOGRAPHY Biden, J. 2021 - On Shelf,Book::Franklin Children's: CHILDREN BIOGRAPHY Biden, J. 2021 - On Shelf,Book::Galt Children's Area: CHILDREN BIOGRAPHY Biden, J. 2021 - On Shelf"
https://catalog.saclibrary.org/GroupedWork/5a061841-5686-e277-83ae-94c4b1fc87a8-eng,"The life and times of William the Conqueror","Harkins, Susan Sales",9781584157007,,"Mitchell Lane; Mitchell Lane Publishers",2009,"Hockessin, Del",eBook;Book,"Book::Central Kids Place - Lower Level: CHILDREN 942.021 H282 2009 - On Shelf"
https://catalog.saclibrary.org/GroupedWork/c894a2bb-8dcb-6ba9-63c3-719728ca5e9e-eng,"Bruce Springsteen","Labrecque, Ellen",9798217053582,,"Penguin Workshop; Penguin Young Readers Group",2026,"New York, NY",eBook;Book,"Book::Arcade Children's Area: CHILDREN BIOGRAPHY Springsteen, B. 2026 - On Shelf,Book::Carmichael Children's Area: CHILDREN BIOGRAPHY Springsteen, B. 2026 - On Shelf,Book::Central Kids Place - Lower Level: CHILDREN BIOGRAPHY Springsteen, B. 2026 - On Shelf"
https://catalog.saclibrary.org/GroupedWork/8db1de90-18ba-d4ac-e1fc-70279101111a-eng,"Harriet Tubman","Sawyer, Kem Knapp",9780756658069,,"DK Publishing",2010,"New York, N.Y",Book,"Book::Colonial Heights Children's Area: CHILDREN BIOGRAPHY Tubman, H. 2010 - On Shelf,Book::Sacramento Public Library Storage: CHILDREN BIOGRAPHY Tubman, H. 2010 - On Shelf"
https://catalog.saclibrary.org/GroupedWork/0af7e87c-22ec-b685-4a3c-c3fbc96daf0f-eng,"The story of my life","Keller, Helen, 1880-1968",9780393325683,,"Tantor Media, Inc.; Samaira Book Publishers; GENERAL PRESS; Norton; Happy Hour Books; Global Publishers; Blackstone Publishing; Open Road Media; Doubleday; SC Active Business Development SRL; Recorded Books, Inc.; Dover Publications; Mint Editions; Z & L Barnes Publishing; Neeland Media LLC; G&D Media","1954 - 2023","New York; Garden City, N.Y",eAudiobook;eBook;Book,"Book::Southgate: BIOGRAPHY Keller, H. 2003 - Checked Out,Book::Folsom Reading Room: BIOGRAPHY Keller, H. 2003 - On Hold Shelf"
https://catalog.saclibrary.org/GroupedWork/794d4403-2355-7a9a-0f54-6763e5e9b1b5-eng,"The story of Sojourner Truth","Clark, Anita Crawford",9798886509540,,"Callisto Publishing, an imprint of Sourcebooks",2024,"Naperville, Illinois",Book,"Book::Carmichael Children's Area: CHILDREN BIOGRAPHY Truth, S. 2024 - Checked Out,Book::Central Kids Place - Lower Level: CHILDREN BIOGRAPHY Truth, S. 2024 - Checked Out,Book::Franklin Children's: CHILDREN BIOGRAPHY Truth, S. 2024 - On Shelf"
https://catalog.saclibrary.org/GroupedWork/81939840-d3dd-b932-266a-cd09f882103c-eng,"Colin Kaepernick: from free agent to change agent","Braun, Eric",9781541574311,,"Lerner Publishing Group; Lerner Publications","2019 - 2020",Minneapolis,eBook;Book,
https://catalog.saclibrary.org/GroupedWork/95f5ec7e-fc2f-9456-8350-7d37f5ae79c4-eng,"Amelia Earhart","Stone, Tanya Lee",9781435200494,,"DK Publishing",2007,"New York; London",Book,"Book::Colonial Heights Children's Area: CHILDREN BIOGRAPHY Earhart, A. 2007 - On Shelf,Book::Belle Cooledge Children's Area: CHILDREN BIOGRAPHY Earhart, A. 2007 - On Shelf"
https://catalog.saclibrary.org/GroupedWork/ebf8cee2-7809-34be-3e53-439ba3ca442e-eng,"Kylian Mbappé","Abdo, Kenny",9781098288853,,"Fly!, an imprint of Abdo Zoom",2026,"Minneapolis, Minnesota",Book,"Book::Central Kids Place - Lower Level: CHILDREN BIOGRAPHY Mbappe, K. 2025 - On Shelf,Book::Elk Grove Kids' Place: CHILDREN BIOGRAPHY Mbappe, K. 2025 - Checked Out,Book::North Natomas Children's Area: CHILDREN BIOGRAPHY Mbappe, K. 2025 - On Shelf"
https://catalog.saclibrary.org/GroupedWork/1fe6a1a9-55b1-d042-815f-fe68725ac12e-eng,"Rosa Parks: activist for equality","Hansen, Grace",9781680801262,,"Abdo Kids; ABDO",2016,"Minneapolis, Minnesota",eBook;Book,"Book::Arcade Children's Area: CHILDREN BIOGRAPHY Parks, R. 2016 - On Shelf,Book::Central Kids Place - Lower Level: CHILDREN BIOGRAPHY Parks, R. 2016 - On Shelf,Book::Elk Grove Kids' Place: CHILDREN BIOGRAPHY Parks, R. 2016 - On Shelf"
https://catalog.saclibrary.org/GroupedWork/a0340505-95e8-c8b1-a31d-4a8e6e50ab05-eng,"The rebellious life of Mrs. Rosa Parks","Theoharis, Jeanne",9780807050477,,"Beacon Press","2012 - 2021",Boston,eBook;Book,"Book::Central Teen Area - 3rd Floor: TEEN BIOGRAPHY Parks, R. 2021 - On Shelf,Book::Southgate Teen Area: TEEN BIOGRAPHY Parks, R. 2021 - On Shelf,Book::Sylvan Oaks Teen Area: TEEN BIOGRAPHY Parks, R. 2021 - On Shelf"
https://catalog.saclibrary.org/GroupedWork/2a7b0da3-0261-3d09-3125-1bd62518580e-eng,"What you never knew about Taylor Swift","Marx, Mandy R",9781666356755,,"Capstone; Capstone Press, a Capstone imprint","2022 - 2023","North Mankato, Minnesota",eBook;Book,"Book::Central Kids Place - Lower Level: CHILDREN BIOGRAPHY Swift, T. 2023 - On Shelf,Book::Del Paso Heights Children's Area: CHILDREN BIOGRAPHY Swift, T. 2023 - On Shelf,Book::Elk Grove Kids' Place: CHILDREN BIOGRAPHY Swift, T. 2023 - On Shelf"
https://catalog.saclibrary.org/GroupedWork/3d913db5-8900-7be7-0314-21e1ea0fa7c3-eng,"Florence Nightingale: mother of modern nursing","Alexander, Carol, 1955-",9780531214251,,"Children's Press, an imprint of Scholastic Inc",2016,"New York",Book,"Book::Carmichael Children's Area: CHILDREN BIOGRAPHY Nightingale, F. 2016 - On Shelf,Book::Rancho Children's Area: CHILDREN BIOGRAPHY Nightingale, F. 2016 - On Shelf,Book::Sylvan Oaks Children's Area: CHILDREN BIOGRAPHY Nightingale, F. 2016 - On Shelf"
https://catalog.saclibrary.org/GroupedWork/927cc39f-fa88-8fc2-1748-056edd366c11-eng,"The life of Black Elk","Coleman, Miriam",9781508148142,,"PowerKids Press; The Rosen Publishing Group, Inc","2016 - 2017","New York",eBook;Book,"Book::Southgate Children's Area: CHILDREN BIOGRAPHY Black Elk 2017 - On Shelf"
https://catalog.saclibrary.org/GroupedWork/23530db4-b8ca-28be-282a-146914aa3e00-eng,"Groucho Marx: the comedy of existence","Siegel, Lee, 1957-",9780300174458,,"Tantor Media, Inc.; Yale University Press","2015 - 2016","New Haven",Book;eAudiobook,"Book::Central: BIOGRAPHY Marx, G. 2015 - On Shelf,Book::Pocket-Greenhaven: BIOGRAPHY Marx, G. 2015 - On Shelf,Book::Southgate: BIOGRAPHY Marx, G. 2015 - On Shelf"
https://catalog.saclibrary.org/GroupedWork/8f3cc28f-f121-ac5b-16b5-717dd483b5c0-eng,"Lebron James","Raum, Elizabeth",9781681511382,,"Amicus High Interest/Amicus INK; Amicus Publishing",2018,"Mankato, Minnesota",eBook;Book,"Book::Carmichael Children's Area: CHILDREN BIOGRAPHY James, L. 2018 - Checked Out,Book::Franklin Children's: CHILDREN BIOGRAPHY James, L. 2018 - On Shelf,Book::North Natomas Children's Area: CHILDREN BIOGRAPHY James, L. 2018 - On Shelf"
https://catalog.saclibrary.org/GroupedWork/faf66dae-ea75-88e5-fdeb-4de01a394e65-eng,"A quantum life: my unlikely journey from the street to the stars","Oluseyi, Hakeem M. (Hakeem Muata)",9781984849632,,"Delacorte Press, an imprint of Random House Children's Books, a division of Penguin Random House LLC; Ballantine Books","2021 - 2023","New York",Book,"Book::Arcade Teen Area: TEEN BIOGRAPHY Oluseyi, H. 2023 - On Shelf,Book::Central Teen Area - 3rd Floor: TEEN BIOGRAPHY Oluseyi, H. 2023 - On Shelf,Book::Del Paso Heights Teen Area: TEEN BIOGRAPHY Oluseyi, H. 2023 - On Shelf"
https://catalog.saclibrary.org/GroupedWork/508b5fc8-6518-d763-8d89-26a97152acfa-eng,"Jacob Lawrence","Mattern, Joanne, 1963-",9781591978442,,"Abdo Pub; ABDO Publishing Company",2005,"Edina, Minn",eBook;Book,"Book::Carmichael Children's Area: CHILDREN BIOGRAPHY Lawrence, J. 2005 - On Shelf"
https://catalog.saclibrary.org/GroupedWork/e680a907-40c3-030d-e615-37090a4d29e6-eng,"Beyonce: pop star","Lajiness, Katie",9781532110580,,"Big Buddy Books, an imprint of Abdo Publishing",2018,"Minneapolis, Minnesota",Book,"Book::Arcade Children's Area: CHILDREN BIOGRAPHY Beyonce 2018 - On Shelf,Book::Carmichael Children's Area: CHILDREN BIOGRAPHY Beyonce 2018 - On Shelf,Book::Del Paso Heights Children's Area: CHILDREN BIOGRAPHY Beyonce 2018 - On Shelf"
https://catalog.saclibrary.org/GroupedWork/de186131-0663-750e-c56c-459d948a8c82-eng,"Jim Thorpe: an athlete for the ages","Labrecque, Ellen",9781402763656,,Sterling,2010,"New York",Book,"Book::Carmichael Children's Area: CHILDREN BIOGRAPHY Thorpe, J. 2010 - On Shelf,Book::Folsom Children's Area: CHILDREN BIOGRAPHY Thorpe, J. 2010 - On Shelf,Book::Sacramento Public Library Storage: CHILDREN BIOGRAPHY Thorpe, J. 2010 - On Shelf"
https://catalog.saclibrary.org/GroupedWork/921bad79-b8f0-c626-c770-2bd0ae9293a6-eng,"Philo T. Farnsworth","Labrecque, Ellen",9781977133113,,"Pebble, a Capstone imprint; Capstone","2021 - 2022","North Mankato, Minnesota",eBook;Book,"Book::Belle Cooledge Children's Area: CHILDREN BIOGRAPHY Farnsworth, P. 2022 - On Shelf,Book::Elk Grove Kids' Place: CHILDREN BIOGRAPHY Farnsworth, P. 2022 - On Shelf,Book::McKinley Children's Area: CHILDREN BIOGRAPHY Farnsworth, P. 2022 - On Shelf"
https://catalog.saclibrary.org/GroupedWork/26cfe56f-450c-b99b-b000-b6a31eb1fabd-eng,"The longest shot: how Larry Kwong changed the face of hockey","Soon, Chad",9781459835030,,"Orca Book Publishers",2024,"Victoria, British Columbia",Book,"Book::Central Kids Place - Lower Level: CHILDREN BIOGRAPHY Kwong, L. 2024 - On Shelf,Book::Colonial Heights Children's Area: CHILDREN BIOGRAPHY Kwong, L. 2024 - On Shelf,Book::Fair Oaks Children's Area: CHILDREN BIOGRAPHY Kwong, L. 2024 - On Shelf"
https://catalog.saclibrary.org/GroupedWork/cc7b30ee-9f99-7992-0bd1-a9d8a844a9a4-eng,"Martin Luther King Jr: walking in the light","Fishman, Jon M",9781541539181,,"Lerner Publishing Group; Lerner Publications",2019,Minneapolis,eBook;Book,
https://catalog.saclibrary.org/GroupedWork/8cd83ca7-4648-64db-56cc-4aad81918774-eng,"Abigail Adams","Sawyer, Kem Knapp",9780756652081,,"DK Pub",2009,"New York",Book,"Book::Del Paso Heights Children's Area: CHILDREN BIOGRAPHY Adams, A. 2009 - On Shelf"
https://catalog.saclibrary.org/GroupedWork/a15773b6-6b98-9e1b-7a6d-89944814e2f7-eng,"Toni Morrison: great American writer","Rhodes, Lisa Renee",9780531116777,,"Franklin Watts",2001,"New York",Book,"Book::Arcade Children's Area: CHILDREN BIOGRAPHY Morrison, T. 2001 - On Shelf"
https://catalog.saclibrary.org/GroupedWork/4ec00f36-841b-32da-8caf-d09855b81c49-eng,"Elizabeth Blackwell: trailblazing woman doctor","Doeden, Matt",9781728404486,,"Lerner Publishing Group; Lerner Publications","2021 - 2022",Minneapolis,eBook;Book,"Book::Carmichael Children's Area: CHILDREN BIOGRAPHY Blackwell, E. 2022 - On Shelf,Book::North Natomas Children's Area: CHILDREN BIOGRAPHY Blackwell, E. 2022 - On Shelf,Book::Valley Hi-North Laguna Children's Area: CHILDREN BIOGRAPHY Blackwell, E. 2022 - On Shelf"
https://catalog.saclibrary.org/GroupedWork/db48320d-62e6-bfb4-4702-c2d75c345c26-eng,"I have something to tell you: a memoir","Buttigieg, Chasten, 1989-",9781982138127,,"Simon & Schuster Audio; Atria Books, an imprint of Simon & Schuster, Inc","2020 - 2023","New York, NY",eAudiobook;Book,"Book::Central: BIOGRAPHY Buttigieg, C. 2020 - On Shelf,Book::Fair Oaks: BIOGRAPHY Buttigieg, C. 2020 - Checked Out,Book::South Natomas: BIOGRAPHY Buttigieg, C. 2020 - On Shelf"
https://catalog.saclibrary.org/GroupedWork/3d054145-f520-a54e-818a-9ff8d13cd20e-eng,"George Washington: an illustrated biography","Adler, David A",9780823418381,,"Holiday House",2004,"New York",Book,"Book::Fair Oaks Children's Area: CHILDREN BIOGRAPHY Washington, G. 2004 - Checked Out"
https://catalog.saclibrary.org/GroupedWork/046b879f-f191-b33a-31df-13aaa1db8ba1-eng,"Marie Curie: prize-winning scientist","Mortensen, Lori, 1955-",9781404837317,,"Picture Window Books",2008,"Minneapolis, Minn",Book,"Book::Elk Grove Kids' Place: CHILDREN BIOGRAPHY Curie, M. 2008 - On Shelf,Book::Pocket-Greenhaven Kids' Place: CHILDREN BIOGRAPHY Curie, M. 2008 - On Shelf"
https://catalog.saclibrary.org/GroupedWork/0bcbc67a-7879-c1d7-fa2f-65ab9c4d190e-eng,"Nelson Mandela","Brown, Laaren",9780756621100,,"DK Pub",2006,"New York",Book,"Book::Pocket-Greenhaven Kids' Place: CHILDREN BIOGRAPHY Mandela, N. 2006 - On Shelf"
https://catalog.saclibrary.org/GroupedWork/86f89c69-26d7-311c-0340-86c92f88de83-eng,"Erling Haaland","Abdo, Kenny, 1986-",9781098288846,,"Fly!, an imprint of Abdo Zoom",2026,"Minneapolis, Minnesota",Book,"Book::Carmichael Children's Area: CHILDREN BIOGRAPHY Haaland, E. 2025 - On Shelf,Book::Central Kids Place - Lower Level: CHILDREN BIOGRAPHY Haaland, E. 2025 - On Shelf,Book::Franklin Children's: CHILDREN BIOGRAPHY Haaland, E. 2025 - On Shelf"
https://catalog.saclibrary.org/GroupedWork/848558fb-76a1-c3eb-8b2d-7d0095606c6a-eng,"Women of the wild West","Krohn, Katherine E",9780822549802,,"Lerner Publications Co",2000,"Minneapolis, MN",Book,"Book::Central Kids Place - Lower Level: CHILDREN 920.72 K93 2000 - On Shelf"
https://catalog.saclibrary.org/GroupedWork/e00fbfbd-d125-c967-09f7-e5b086fc8372-eng,"Rihanna: pop star","Lajiness, Katie",9781532110627,,"Big Buddy Books, an imprint of Abdo Publishing",2018,"Minneapolis, Minnesota",Book,"Book::Elk Grove Kids' Place: CHILDREN BIOGRAPHY Rihanna 2018 - On Shelf,Book::Fair Oaks Children's Area: CHILDREN BIOGRAPHY Rihanna 2018 - On Shelf,Book::Franklin Children's: CHILDREN BIOGRAPHY Rihanna 2018 - On Shelf"
https://catalog.saclibrary.org/GroupedWork/9a016d2b-90b5-a551-a4f9-f556d1c99d60-eng,"Eleanor Roosevelt: first lady & equal rights advocate","Hansen, Grace",9781680801231,,"Abdo Kids; ABDO",2016,"Minneapolis, Minnesota",eBook;Book,"Book::Sylvan Oaks Children's Area: CHILDREN BIOGRAPHY Roosevelt, E. 2016 - On Shelf,Book::Valley Hi-North Laguna Children's Area: CHILDREN BIOGRAPHY Roosevelt, E. 2016 - On Shelf"
https://catalog.saclibrary.org/GroupedWork/54b64b56-fd84-3fb9-c46f-96036090c0b9-eng,"C.S. Lewis: the writer who found Joy","DeWitt, Dan, 1977-",9781087759234,,"B&H Kids",2023,"Brentwood, TN",Book,"Book::Franklin Children's: CHILDREN BIOGRAPHY Lewis, C. 2023 - On Shelf,Book::Galt Children's Area: CHILDREN BIOGRAPHY Lewis, C. 2023 - On Shelf,Book::Rancho Children's Area: CHILDREN BIOGRAPHY Lewis, C. 2023 - Checked Out"
https://catalog.saclibrary.org/GroupedWork/e426a64a-7bb2-8471-4455-47c4b9704199-eng,"Joe Biden","Thomas, Rachael L",9781532193811,,"Checkerboard Library, an imprint of Abdo Publishing",2021,"Minneapolis, Minnesota",Book,"Book::Franklin Children's: CHILDREN BIOGRAPHY Biden, J. 2021 - On Shelf,Book::North Natomas Children's Area: CHILDREN BIOGRAPHY Biden, J. 2021 - On Shelf,Book::Pocket-Greenhaven Kids' Place: CHILDREN BIOGRAPHY Biden, J. 2021 - On Shelf"
https://catalog.saclibrary.org/GroupedWork/ad9803f5-c8ec-a662-6aed-9cf77b139b37-eng,"Becoming Babe Ruth","Tavares, Matt",9780763656461,,"Candlewick Press","2013 - 2016","Somerville, Massachusetts; Somerville, Mass",Book,"Book::Central Kids Place - Lower Level: CHILDREN BIOGRAPHY Ruth, B. 2016 - On Shelf,Book::Del Paso Heights Children's Area: CHILDREN BIOGRAPHY Ruth, B. 2016 - On Shelf,Book::Elk Grove Kids' Place: CHILDREN BIOGRAPHY Ruth, B. 2016 - On Shelf"
https://catalog.saclibrary.org/GroupedWork/c744f663-c2f0-1e5c-a460-a37fe54cea02-eng,"The life and times of Cleopatra","Adams, Michelle Medlock",9781584153351,,"Mitchell Lane Publishers",2005,"Hockessin, Del",Book,"Book::Carmichael Children's Area: CHILDREN 932.021 A215 2005 - On Shelf"
https://catalog.saclibrary.org/GroupedWork/75b77544-9993-c8d9-bd0e-33c46a74d4c5-eng,"A picture book of Cesar Chavez","Adler, David A",9780823422029,,"Holiday House",2010,"New York",Book,"Book::Elk Grove Kids' Place: CHILDREN BIOGRAPHY Chavez, C. 2010 - On Shelf,Book::Franklin Children's: CHILDREN BIOGRAPHY Chavez, C. 2010 - On Shelf,Book::North Natomas Children's Area: CHILDREN BIOGRAPHY Chavez, C. 2010 - On Shelf"
https://catalog.saclibrary.org/GroupedWork/32962ba6-af9a-0656-82da-9774246f32a8-eng,Archimedes,"O'Neal, Claire",9781612284378,,"Mitchell Lane Publishers",2014,"Hockessin, Delaware",Book,"Book::Franklin Children's: CHILDREN BIOGRAPHY Archimedes 2014 - On Shelf,Book::Sylvan Oaks Children's Area: CHILDREN BIOGRAPHY Archimedes 2014 - Checked Out,Book::Sacramento Public Library Storage: CHILDREN BIOGRAPHY Archimedes 2014 - On Shelf"
https://catalog.saclibrary.org/GroupedWork/0274f775-c952-1253-f98c-3a8e0113289d-eng,"The life of Crazy Horse","Coleman, Miriam",9781508148258,,"PowerKids Press; The Rosen Publishing Group, Inc","2016 - 2017","New York",eBook;Book,"Book::Carmichael Children's Area: CHILDREN BIOGRAPHY Crazy Horse 2017 - On Shelf,Book::North Natomas Children's Area: CHILDREN BIOGRAPHY Crazy Horse 2017 - On Shelf,Book::Sutter County Main Branch Children's Area: CHILDREN BIOGRAPHY CRAZY HORSE - On Shelf"
https://catalog.saclibrary.org/GroupedWork/90e640fc-01f2-d387-d230-71bf2ec5b947-eng,"Barack Obama","Wheeler, Jill C., 1964-",9781604534818,,"ABDO Pub. Co",2009,"Edina, Minn",Book,"Book::North Natomas Children's Area: CHILDREN BIOGRAPHY Obama, B. 2009 - On Shelf,Book::Woodland Public Library Children's Area: CHILDREN BIOGRAPHY Obama 2009 - On Shelf"
https://catalog.saclibrary.org/GroupedWork/72fcd6e6-749e-6618-160f-32f1995a0c96-eng,"The life and times of Aristotle","Whiting, Jim, 1943-",9781584155089,,"Mitchell Lane",2007,"Hockessin,Del",Book,"Book::Elk Grove Kids' Place: CHILDREN BIOGRAPHY Aristotle 2007 - On Shelf,Book::Folsom Children's Area: CHILDREN 185 WHI 2007 - On Shelf"
https://catalog.saclibrary.org/GroupedWork/eda2dde4-0953-82f7-5460-9cee77395682-eng,"John Hancock: a signature life","Koslow, Philip",9780531114292,,"F. Watts",1998,"New York",Book,"Book::Fair Oaks Children's Area: CHILDREN BIOGRAPHY Hancock, J. 1998 - On Shelf"
https://catalog.saclibrary.org/GroupedWork/bdf04115-9197-38df-8bb2-b5eb63a73396-eng,"Isaac Newton: the scientist who changed everything","Steele, Philip, 1948-",9781426301155,,"National Geographic Society",2007,"Washington, D.C",Book,"Book::Elk Grove Kids' Place: CHILDREN BIOGRAPHY Newton, I. 2007 - On Shelf,Book::Pocket-Greenhaven Kids' Place: CHILDREN BIOGRAPHY Newton, I. 2007 - On Shelf,Book::Walnut Grove Children's Area: CHILDREN BIOGRAPHY Newton, I. 2007 - On Shelf"
https://catalog.saclibrary.org/GroupedWork/2264a48a-b8e5-76fb-eaee-87399a524057-eng,"Lionel Messi","Abdo, Kenny, 1986-",9781098288860,,"Fly!, an imprint of Abdo Zoom",2026,"Minneapolis, MN",Book,"Book::Carmichael Children's Area: CHILDREN BIOGRAPHY Messi, L. 2025 - On Shelf,Book::Central Kids Place - Lower Level: CHILDREN BIOGRAPHY Messi, L. 2025 - On Shelf,Book::Belle Cooledge Children's Area: CHILDREN BIOGRAPHY Messi, L. 2025 - On Shelf"
https://catalog.saclibrary.org/GroupedWork/0b784a5e-0ed9-7afd-9ce6-3b3541a6ce1e-eng,"Alexander: the boy soldier who conquered the world","Adams, Simon, 1955-",9780792236610,,"National Geographic Society","2005 - 2013","Washington, D.C",Book,"Book::Arcade Children's Area: CHILDREN BIOGRAPHY Alexander the Great 2013 - On Shelf,Book::Galt Children's Area: CHILDREN BIOGRAPHY Alexander the Great 2013 - On Shelf,Book::Isleton Children's Area: CHILDREN BIOGRAPHY Alexander the Great 2013 - On Shelf"
https://catalog.saclibrary.org/GroupedWork/e01e2784-6758-7cd8-88b2-dbea08dc5388-eng,"Louis Pasteur","Hunter, Nick",9781410962430,,"Capstone; Raintree","2014 - 2015","Chicago, Illinois",eBook;Book,"Book::Carmichael Children's Area: CHILDREN BIOGRAPHY Pasteur, L. 2014 - On Shelf,Book::North Natomas Children's Area: CHILDREN BIOGRAPHY Pasteur, L. 2014 - On Shelf,Book::Sylvan Oaks Children's Area: CHILDREN BIOGRAPHY Pasteur, L. 2014 - On Shelf"
https://catalog.saclibrary.org/GroupedWork/d78fad36-3b75-2e66-d67b-22669d2be9e4-eng,"The life and times of Buddha","Gedney, Mona K",9781584153429,,"Mitchell Lane Publishers",2005,"Hockessin, Del",Book,"Book::Del Paso Heights Children's Area: CHILDREN BIOGRAPHY Gautama Buddha 2005 - On Shelf,Book::Galt Children's Area: CHILDREN BIOGRAPHY Gautama Buddha 2005 - On Shelf,Book::North Natomas Children's Area: CHILDREN BIOGRAPHY Gautama Buddha 2005 - On Shelf"
https://catalog.saclibrary.org/GroupedWork/f3d2371b-130f-559b-a972-3c0010cf4bdb-eng,"John Lewis: courage in action","Doeden, Matt",9781541512382,,"Lerner Publishing Group|Lerner Publishing Group; Lerner Publishing Group; Lerner Publications",2018,Minneapolis,eBook;Book,"Book::Valley Hi-North Laguna Children's Area: CHILDREN BIOGRAPHY Lewis, J. 2018 - On Shelf"
https://catalog.saclibrary.org/GroupedWork/24877abb-fd08-dc0d-8a42-a9e76b4d59df-eng,"Brenda Song","Orr, Tamra",9781584157533,,"Mitchell Lane Publishers",2010,"Hockessin, Del",Book,"Book::Belle Cooledge Children's Area: CHILDREN BIOGRAPHY Song, B. 2010 - On Shelf,Book::Southgate Children's Area: CHILDREN BIOGRAPHY Song, B. 2010 - On Shelf"
https://catalog.saclibrary.org/GroupedWork/40ec1305-33e6-a5bf-d674-2295e8a54e77-eng,"Frederic Remington","Mattern, Joanne, 1963-",9781591978480,,"Abdo Pub; ABDO Publishing Company",2005,"Edina, Minn",eBook;Book,"Book::Sylvan Oaks Children's Area: CHILDREN BIOGRAPHY Remington, F. 2005 - On Shelf"
https://catalog.saclibrary.org/GroupedWork/042a83cc-6119-e8e6-726d-22d832e6c898-eng,"Jennifer Lawrence: star of The hunger games","Krohn, Katherine E",9780761386421,,"Lerner Publications",2012,Minneapolis,Book,"Book::Fair Oaks Children's Area: CHILDREN BIOGRAPHY Lawrence, J. 2012 - On Shelf"
https://catalog.saclibrary.org/GroupedWork/c21a9c76-c4d5-27c5-6ccf-9959ff337942-eng,"Florence Nightingale","Alexander, Carol, 1955-",9780531214251,,"Children's Press, an imprint of Scholastic Inc",2015,"New York",Book,"Book::Sylvan Oaks Children's Area: CHILDREN 610.73092 N688 2015 - On Shelf"
https://catalog.saclibrary.org/GroupedWork/67c482e9-3ef3-d994-eb1e-de57f68355ab-eng,"A picture book of Sam Houston","Adler, David A",9780823423699,,"Holiday House",2012,"New York",Book,"Book::Carmichael Children's Area: CHILDREN BIOGRAPHY Houston, S. 2012 - On Shelf"
https://catalog.saclibrary.org/GroupedWork/bc1788e8-0174-9b9f-7717-c646e97c3295-eng,"Kim Jong Un: secretive North Korean leader","Fishman, Jon M",9781541539198,,"Lerner Publishing Group; Lerner Publications",2019,Minneapolis,eBook;Book,"Book::Elk Grove Kids' Place: CHILDREN BIOGRAPHY Kim, C. 2019 - On Shelf,Book::Fair Oaks Children's Area: CHILDREN BIOGRAPHY Kim, C. 2019 - On Shelf,Book::McKinley Children's Area: CHILDREN BIOGRAPHY Kim, C. 2019 - On Shelf"
https://catalog.saclibrary.org/GroupedWork/c762390e-c9ae-2139-361f-526a902e4af8-eng,"The life of Joseph Brant","Nagelhout, Ryan",9781508148234,,"PowerKids Press; The Rosen Publishing Group, Inc","2016 - 2017","New York",eBook;Book,"Book::Carmichael Children's Area: CHILDREN BIOGRAPHY Brant, J. 2017 - On Shelf,Book::Valley Hi-North Laguna Children's Area: CHILDREN BIOGRAPHY Brant, J. 2017 - On Shelf"
https://catalog.saclibrary.org/GroupedWork/c58c19d8-be97-3cdd-b40d-2d483496c050-eng,"Anne Frank: the young writer who told the world her story","Kramer, Ann, 1946-",9781426300059,,"National Geographic",2007,"Washington, D.C",Book,"Book::Central Kids Place - Lower Level: CHILDREN BIOGRAPHY Frank, A. 2007 - On Shelf,Book::North Natomas Children's Area: CHILDREN BIOGRAPHY Frank, A. 2007 - On Shelf,Book::Sylvan Oaks Children's Area: CHILDREN BIOGRAPHY Frank, A. 2007 - On Shelf"
https://catalog.saclibrary.org/GroupedWork/7d8c20ae-a2d1-9f54-13a4-7f49ed6179e4-eng,"Jonathan Edwards","Carr, Simonetta",9781601783547,,"One Audiobooks; Reformation Heritage Books","2014 - 2023","Grand Rapids, Michigan",Book;eAudiobook,"Book::Elk Grove Kids' Place: CHILDREN BIOGRAPHY Edwards, J. 2014 - On Shelf,Book::Rancho Children's Area: CHILDREN BIOGRAPHY Edwards, J. 2014 - On Shelf"
https://catalog.saclibrary.org/GroupedWork/517b3ee2-e004-56a7-6b8c-31e27664a737-eng,"Pablo Neruda: passion, poetry, politics","Shull, Jodie A",9780766029668,,"Enslow Publishers, Inc",2009,"Berkeley Heights, NJ",Book,"Book::Fair Oaks Teen Area: TEEN 861.62 N454zs 2009 - On Shelf"
https://catalog.saclibrary.org/GroupedWork/edeadbba-60f0-974a-227d-d61003354aeb-eng,"Donald Trump: no. 45","Wheeler, Jill C., 1964-",9781532193767,,"Checkerboard Library, an imprint of Abdo Publishing",2021,"North Mankato, Minnesota",Book,"Book::Belle Cooledge Children's Area: CHILDREN BIOGRAPHY Trump, D. 2021 - On Shelf,Book::Del Paso Heights Children's Area: CHILDREN BIOGRAPHY Trump, D. 2021 - On Shelf,Book::Pocket-Greenhaven Kids' Place: CHILDREN BIOGRAPHY Trump, D. 2021 - On Shelf"
https://catalog.saclibrary.org/GroupedWork/0cb05a38-0828-be9f-a258-4eb14f40e6c5-eng,"The life and times of Thucydides","Whiting, Jim, 1943-",9781584156987,,"Mitchell Lane; Mitchell Lane Publishers",2009,"Hockessin, Del",eBook;Book,"Book::Carmichael Children's Area: CHILDREN 938.0507 T532zw 2009 - On Shelf"
https://catalog.saclibrary.org/GroupedWork/b3e0a0df-1050-112c-f66b-b9f9380a0dcf-eng,"On the court with...Stephen Curry","Page, Sam",9780316509589,,"Little, Brown and Company",2017,"New York",Book,"Book::Elk Grove Kids' Place: CHILDREN BIOGRAPHY Curry, S. 2017 - On Shelf,Book::Fair Oaks Children's Area: CHILDREN BIOGRAPHY Curry, S. 2017 - Checked Out,Book::North Natomas Children's Area: CHILDREN BIOGRAPHY Curry, S. 2017 - On Shelf"
https://catalog.saclibrary.org/GroupedWork/40cd3cad-a350-ae8d-a738-f96a1f0e76d4-eng,"Gal Gadot: soldier, model, Wonder Woman","Donner, Jill",9781541523586,,"Lerner Publications",2018,Minneapolis,Book,"Book::Central Kids Place - Lower Level: CHILDREN BIOGRAPHY Gadot, G. 2018 - On Shelf,Book::McClatchy Children's Area: CHILDREN BIOGRAPHY Gadot, G. 2018 - On Shelf,Book::Valley Hi-North Laguna Children's Area: CHILDREN BIOGRAPHY Gadot, G. 2018 - On Shelf"
https://catalog.saclibrary.org/GroupedWork/635df6b3-3a8a-c3cc-e597-1dd6b41f2731-eng,"Reshma Saujani: Girls Who Code founder","Donner, Jill",9781541524477,,"Lerner Publications Company",2019,"Minneapolis, MN",Book,"Book::Elk Grove Kids' Place: CHILDREN BIOGRAPHY Saujani, R. 2019 - On Shelf,Book::North Natomas Children's Area: CHILDREN BIOGRAPHY Saujani, R. 2019 - On Shelf,Book::Stonyford Branch Library Juvenile Collection: J B SAUJANI S - On Shelf"
https://catalog.saclibrary.org/GroupedWork/eb2420ff-3f29-93a7-b36b-97ed46f5912c-eng,"Sitting Bull","Weil, Ann",9781432964498,,"Heinemann Library; Capstone","2013 - 2014","Chicago, IL",eBook;Book,"Book::Central Kids Place - Lower Level: CHILDREN BIOGRAPHY Sitting Bull 2013 - On Shelf,Book::Fair Oaks Children's Area: CHILDREN BIOGRAPHY Sitting Bull 2013 - Checked Out"
https://catalog.saclibrary.org/GroupedWork/777ad886-f62e-0d05-61c1-451bb6d0b79a-eng,"US Women's National Soccer Team: winning on and off the field","Schwartz, Heather E",9781728491752,,"Lerner Publishing Group; Lerner Publications","2023 - 2024",Minneapolis,eBook;Book,"Book::Carmichael Children's Area: CHILDREN 796.334 S399 2024 - On Shelf,Book::Central Kids Place - Lower Level: CHILDREN 796.334 S399 2024 - On Shelf,Book::Fair Oaks Children's Area: CHILDREN 796.334 S399 2024 - On Shelf"
https://catalog.saclibrary.org/GroupedWork/82f4a333-4b57-e13a-4280-3b22dc6aa875-eng,"Prince Harry & Meghan: royals for a new era","Donner, Jill",9781541539457,,"Lerner Publications",2019,Minneapolis,Book,"Book::Arcade Children's Area: CHILDREN 941.086 S553 2019 - On Shelf,Book::Carmichael Children's Area: CHILDREN 941.086 S553 2019 - On Shelf,Book::McClatchy Children's Area: CHILDREN 941.086 S553 2019 - On Shelf"
https://catalog.saclibrary.org/GroupedWork/581485ce-cf93-2a9e-e37d-30d5068c76fb-eng,"Muhammad of Mecca: prophet of Islam","Marston, Elsa",9780531203866,,"Franklin Watts",2001,"New York",Book,"Book::North Natomas Children's Area: CHILDREN BIOGRAPHY Muhammad 2001 - On Shelf,Book::Walnut Grove Children's Area: CHILDREN BIOGRAPHY Muhammad 2001 - On Shelf"
https://catalog.saclibrary.org/GroupedWork/74f51533-7a46-6308-acce-3f60ac537ee4-eng,"Virginia Hamilton: America's storyteller","Rubini, Julie",9780821422694,,"Ohio University Press",2017,"Athens, Ohio",Book,"Book::McKinley Children's Area: CHILDREN BIOGRAPHY Hamilton, V. 2017 - On Shelf,Book::North Natomas Children's Area: CHILDREN BIOGRAPHY Hamilton, V. 2017 - On Shelf,Book::Pocket-Greenhaven Kids' Place: CHILDREN BIOGRAPHY Hamilton, V. 2017 - On Shelf"
https://catalog.saclibrary.org/GroupedWork/c93a42a9-ce9a-551d-99a3-a0e77439c727-eng,"Beyonce: the queen of pop","Schwartz, Heather E",9781541524446,,"Lerner Publications",2019,Minneapolis,Book,"Book::Carmichael Children's Area: CHILDREN BIOGRAPHY Beyonce 2019 - On Shelf,Book::Franklin Children's: CHILDREN BIOGRAPHY Beyonce 2019 - On Shelf,Book::Rancho Children's Area: CHILDREN BIOGRAPHY Beyonce 2019 - Checked Out"
https://catalog.saclibrary.org/GroupedWork/0ba02abd-9ef3-8686-6a55-224394c8e2fb-eng,"Barack Obama: groundbreaking president","Shepherd, Jodie",9780531217634,,"Children's Press, an imprint of Scholastic Inc",2016,"New York, NY","Easy Reader","Easy Reader::Central Kids Place - Lower Level: EASY READER 3 973.932 O121zs 2016 - On Shelf,Easy Reader::Belle Cooledge Children's Area: EASY READER 3 973.932 O121zs 2016 - On Shelf,Easy Reader::Isleton Children's Area: EASY READER 3 973.932 O121zs 2016 - On Shelf"
https://catalog.saclibrary.org/GroupedWork/db5ab7f1-8c74-4b55-27c4-70dee4cf96b2-eng,"Rachel Carson: extraordinary environmentalist","Wheeler, Jill C., 1964-",9781617834462,,"ABDO; ABDO Pub. Co","2012 - 2013","Minneapolis, Minn",eBook;Book,"Book::Central Kids Place - Lower Level: CHILDREN BIOGRAPHY Carson, R. 2013 - On Shelf,Book::Rancho Children's Area: CHILDREN BIOGRAPHY Carson, R. 2013 - On Shelf"
https://catalog.saclibrary.org/GroupedWork/d3a7d3c4-f75e-fa2b-9c22-92e96765847e-eng,"Rosa Parks: civil rights pioneer",,9780060576257,,"HarperCollins Publishers",2007,"New York",Book,"Book::Colonial Heights Children's Area: CHILDREN BIOGRAPHY Parks, R. 2007 - On Shelf,Book::Franklin Children's: CHILDREN BIOGRAPHY Parks, R. 2007 - On Shelf,Book::Pocket-Greenhaven Kids' Place: CHILDREN BIOGRAPHY Parks, R. 2007 - On Shelf"
https://catalog.saclibrary.org/GroupedWork/4cbf8b36-50cb-bf79-8516-53f17f12c177-eng,"Mae Jemison","Shepherd, Jodie",9780531209974,,"Children's Press, an imprint of Scholastic Inc",2015,"New York",Book,"Book::Isleton Children's Area: CHILDREN BIOGRAPHY Jemison, M. 2015 - On Shelf,Book::North Natomas Children's Area: CHILDREN BIOGRAPHY Jemison, M. 2015 - On Shelf,Book::Sylvan Oaks Children's Area: CHILDREN BIOGRAPHY Jemison, M. 2015 - On Shelf"
https://catalog.saclibrary.org/GroupedWork/32dc9de3-4ff6-a15c-0d8d-294cdefeb18d-eng,"The heart of everything that is: the untold story of Red Cloud, an American legend","Drury, Bob",9781481464611,,"Simon & Schuster Audio; Margaret K. McElderry Books; Simon & Schuster","2013 - 2017","New York",eAudiobook;Book,"Book::Central: BIOGRAPHY Red Cloud 2013 - Checked Out,Book::Elk Grove: BIOGRAPHY Red Cloud 2013 - On Shelf,Book::Sutter County Main Branch: BIOGRAPHY RED CLOUD - On Shelf"
https://catalog.saclibrary.org/GroupedWork/1c51ea75-0091-dfd2-d8c5-6ec3054b4996-eng,"Ella Fitzgerald: American jazz singer","Hansen, Grace",9781680801248,,"Abdo Kids; ABDO",2016,"Minneapolis, Minnesota",eBook;Book,"Book::Carmichael Children's Area: CHILDREN BIOGRAPHY Fitzgerald, E. 2016 - On Shelf,Book::Franklin Children's: CHILDREN BIOGRAPHY Fitzgerald, E. 2016 - On Shelf"
https://catalog.saclibrary.org/GroupedWork/b86a7a0c-dd27-28d0-3e54-eca41881e153-eng,"John Green: star author, vlogbrother, and nerdfighter","Braun, Eric, 1971-",9781467775717,,"Lerner Publishing Group|Lerner Publishing Group; Lerner Publications",2015,Minneapolis,eBook;Book,"Book::Sylvan Oaks Children's Area: CHILDREN BIOGRAPHY Green, J. 2015 - On Shelf"
https://catalog.saclibrary.org/GroupedWork/a7698212-b80a-f2b5-a6c4-05760b16dcf7-eng,"Martha Stewart","Kerns, Anne",9780822566137,,"Twenty-First Century Books",2007,"Minneapolis, MN",Book,"Book::Valley Hi-North Laguna Children's Area: CHILDREN BIOGRAPHY Stewart, M. 2007 - On Shelf"
https://catalog.saclibrary.org/GroupedWork/6d6d894e-2f06-bea0-c50a-70255394a3af-eng,"California women then and now: illustrated biographies of important women in California history",,,,"The Task Force",1996,"[Walnut Creek, Calif.] (P.O. Box 4794, Walnut Creek 94596)",Book,"Book::Sacramento Room: SPE 920.72 C153 1996 CAL - Library Use Only"
https://catalog.saclibrary.org/GroupedWork/9be551a6-0f9a-a7a1-4317-e928085226f0-eng,"The life and times of Erik the Red","Rice, Earle, Jr., 1928-",9781584157014,,"Mitchell Lane Publishers",2009,"Hockessin, Del",Book,"Book::Del Paso Heights Children's Area: CHILDREN BIOGRAPHY Eric the Red 2009 - On Shelf,Book::Franklin Children's: CHILDREN BIOGRAPHY Eric the Red 2009 - On Shelf,Book::Galt Children's Area: CHILDREN BIOGRAPHY Eric the Red 2009 - On Shelf"
https://catalog.saclibrary.org/GroupedWork/bccdf599-8779-e208-5f5c-8ed951d1083b-eng,"Let's meet Sojourner Truth","Trumbauer, Lisa, 1963-",9780791073230,,"Chelsea Clubhouse",2004,Philadelphia,Book,"Book::Galt Children's Area: CHILDREN BIOGRAPHY Truth, S. 2004 - On Shelf"
https://catalog.saclibrary.org/GroupedWork/8f261463-1878-44e4-408b-8c7af5f031cb-eng,"Mary Shelley","Seymour, Miranda",9780330374477,,"Picador; Grove Press",2001,"New York; London",Book,"Book::Central: BIOGRAPHY Shelley, M. 2001 - On Shelf"
https://catalog.saclibrary.org/GroupedWork/20ea2b31-c471-5a4a-95aa-6f7eacc95377-eng,"I am Scout: the biography of Harper Lee","Shields, Charles J., 1951-",9780805083347,,"Henry Holt and Company; Henry Holt and Co.","2008 - 2014","New York",eBook;Book,
https://catalog.saclibrary.org/GroupedWork/509229ce-8d39-c333-fd5a-e6374b61dcbe-eng,"Cesar Chavez: Latino American civil rights activist","Hansen, Grace",9781680801224,,"Abdo Kids; ABDO",2016,"Minneapolis, Minnesota",eBook;Book,"Book::Arcade Children's Area: CHILDREN BIOGRAPHY Chavez, C. 2016 - On Shelf,Book::Central Kids Place - Lower Level: CHILDREN BIOGRAPHY Chavez, C. 2016 - On Shelf,Book::Belle Cooledge Children's Area: CHILDREN BIOGRAPHY Chavez, C. 2016 - On Shelf"
https://catalog.saclibrary.org/GroupedWork/ffcdba4c-e065-33f6-3515-26365846fd84-eng,"Martin Luther King, Jr: a dream of hope","Fleming, Alice, 1928-",9781402744396,,Sterling,2008,"New York",Book,"Book::Galt Children's Area: CHILDREN BIOGRAPHY King, M. 2008a - On Shelf,Book::Valley Hi-North Laguna Children's Area: CHILDREN BIOGRAPHY King, M. 2008a - On Shelf"
https://catalog.saclibrary.org/GroupedWork/7a4f3b41-1c8a-3b49-f807-b0f8aa0f63d8-eng,"John Calvin","Carr, Simonetta",9781601780553,,"One Audiobooks; Reformation Heritage Books","2008 - 2023","Grand Rapids, Michigan",Book;eAudiobook,"Book::Belle Cooledge Children's Area: CHILDREN BIOGRAPHY Calvin, J. 2008 - On Shelf,Book::Elk Grove Kids' Place: CHILDREN BIOGRAPHY Calvin, J. 2008 - OFF CAMPUS,Book::Franklin Children's: CHILDREN BIOGRAPHY Calvin, J. 2008 - On Shelf"
https://catalog.saclibrary.org/GroupedWork/35bbf4c4-7d25-8706-4525-357923346b35-eng,"Martin Luther King Jr: Civil Rights Leader and American Hero","Roome, Hugh",9780531238615,,"Children's Press, an imprint of Scholastic Inc",2018,"New York","Easy Reader","Easy Reader::Central Kids Place - Lower Level: EASY READER 3 323.092 K53zr 2017 - On Shelf,Easy Reader::Courtland Children's Area: EASY READER 3 323.092 K53zr 2017 - On Shelf,Easy Reader::North Natomas Children's Area: EASY READER 3 323.092 K53zr 2017 - On Shelf"
https://catalog.saclibrary.org/GroupedWork/f439b90f-25a3-6110-6842-38cb75bc9974-eng,"Mae Jemison: awesome astronaut","Wheeler, Jill C., 1964-",9781617834479,,"ABDO; ABDO Pub. Co","2012 - 2013","Minneapolis, MN",eBook;Book,"Book::Carmichael Children's Area: CHILDREN BIOGRAPHY Jemison, M. 2013 - On Shelf"
https://catalog.saclibrary.org/GroupedWork/cf6d6da3-7fa7-d7e4-4100-85a1c35ebd0d-eng,"Malala Yousafzai: shot by the Taliban, still fighting for equal education","Doeden, Matt",9781467749077,,"Lerner Publishing Group; Lerner Publications Company","2014 - 2015",Minneapolis,eBook;Book,"Book::Central Kids Place - Lower Level: CHILDREN BIOGRAPHY Yousafzai, M. 2015 - On Shelf,Book::Sylvan Oaks Children's Area: CHILDREN BIOGRAPHY Yousafzai, M. 2015 - On Shelf"
https://catalog.saclibrary.org/GroupedWork/c67e2990-c07f-7499-5bca-4e63d44e984e-eng,"Leif Erikson","Bankston, John, 1974-",9781612284309,,"Mitchell Lane Publishers",2014,"Hockessin, Delaware",Book,"Book::Pocket-Greenhaven Kids' Place: CHILDREN BIOGRAPHY Erikson, L. 2014 - On Shelf,Book::Valley Hi-North Laguna Children's Area: CHILDREN BIOGRAPHY Erikson, L. 2014 - Checked Out"
https://catalog.saclibrary.org/GroupedWork/ae46a0f3-3afc-73b8-00a3-93d17d7e5179-eng,"Ruby Bridges","Ribke, Simone T",9780531209936,,"Children's Press, an imprint of Scholastic Inc",2015,"New York",Book,"Book::Central Kids Place - Lower Level: CHILDREN BIOGRAPHY Bridges, R. 2015 - On Shelf,Book::Elk Grove Kids' Place: CHILDREN BIOGRAPHY Bridges, R. 2015 - On Shelf,Book::Southgate Children's Area: CHILDREN BIOGRAPHY Bridges, R. 2015 - On Shelf"
https://catalog.saclibrary.org/GroupedWork/e50b61e3-ecda-25a8-1b1b-667783aa0d7a-eng,"Elie Wiesel: spokesman for remembrance","Bayer, Linda N",9780823933068,,"Rosen Pub. Group",2000,"New York",Book,"Book::North Natomas Children's Area: CHILDREN BIOGRAPHY Wiesel, E. 2000 - On Shelf"
https://catalog.saclibrary.org/GroupedWork/6558b522-f98c-6b2d-b493-8b6851558b72-eng,"Walt Disney","Tieck, Sarah, 1976-",9781604539844,,"ABDO Pub. Co",2010,"Edina, Minn",Book,"Book::Sylvan Oaks Children's Area: CHILDREN BIOGRAPHY Disney, W. 2010 - On Shelf"
https://catalog.saclibrary.org/GroupedWork/4aeafede-049d-04bf-1f36-311a8ccf5aaf-eng,"Booker T. Washington: teacher, speaker, and leader","Slade, Suzanne",9781404839779,,"Picture Window Books",2008,Minneapolis,Book,"Book::Rancho Children's Area: CHILDREN BIOGRAPHY Washington, B. 2008 - On Shelf,Book::Valley Hi-North Laguna Children's Area: CHILDREN BIOGRAPHY Washington, B. 2008 - On Shelf"
https://catalog.saclibrary.org/GroupedWork/7cd9cd02-3e11-eca5-1250-f15ce4bf59d1-eng,"Sacagawea: Indian guide","Cosson, M. J",9781602702523,,"Magic Wagon",2009,"Edina, Minn",Book,"Book::Franklin Children's: CHILDREN BIOGRAPHY Sacagawea 2009 - On Shelf"
https://catalog.saclibrary.org/GroupedWork/39809a75-4bb2-30db-1bc2-7c4ea605ad79-eng,"Clara Barton","Krensky, Stephen",9781039660625,,"Crabtree Publishing",2023,"New York, NY",Book,"Book::Carmichael Children's Area: CHILDREN BIOGRAPHY Barton, C. 2023 - On Shelf,Book::Belle Cooledge Children's Area: CHILDREN BIOGRAPHY Barton, C. 2023 - On Shelf,Book::Elk Grove Kids' Place: CHILDREN BIOGRAPHY Barton, C. 2023 - On Shelf"
https://catalog.saclibrary.org/GroupedWork/bb586f75-de3d-effc-73f8-d1a028e405d1-eng,"Michelle Obama: from Chicago's South Side to the White House","Brill, Marlene Targ",9780761350330,,"Lerner Publications Co",2010,"Minneapolis, MN",Book,"Book::Elk Grove Kids' Place: CHILDREN BIOGRAPHY Obama, M. 2010 - On Shelf"
https://catalog.saclibrary.org/GroupedWork/77f92502-cb9f-a499-d4dc-101e8aa08139-eng,"Elizabeth Cady Stanton: women's rights pioneer","Miller, Connie Colwell, 1976-",9780736861946,,"Capstone Press",2006,"Mankato, Minn",eAudiobook;Book,
https://catalog.saclibrary.org/GroupedWork/878a3c83-ae32-c84d-0b01-005373815999-eng,"Never again: the Parkland shooting and the teen activists leading a movement","Braun, Eric, 1971-",9781541552715,,"Lerner Publishing Group; Lerner Publications",2019,Minneapolis,eBook;Book,"Book::Arcade Children's Area: CHILDREN 371.782 B825 2019 - On Shelf,Book::Isleton Children's Area: CHILDREN 371.782 B825 2019 - On Shelf,Book::Sylvan Oaks Children's Area: CHILDREN 371.782 B825 2019 - Checked Out"
https://catalog.saclibrary.org/GroupedWork/41871f20-9176-add0-3415-3bc6585c3f73-eng,"Marian Anderson: a voice uplifted","Jones, Victoria Garrett",9781402758027,,"Sterling Pub",2008,"New York",Book,"Book::Carmichael Children's Area: CHILDREN BIOGRAPHY Anderson, M. 2008 - On Shelf,Book::McKinley Children's Area: CHILDREN BIOGRAPHY Anderson, M. 2008 - On Shelf,Book::Sutter County Main Branch Children's Area: CHILDREN BIOGRAPHY ANDERSON, M. - On Shelf"
https://catalog.saclibrary.org/GroupedWork/55569159-83bb-6e62-575e-92eee903366a-eng,"Women in art: 50 fearless creatives who inspired the world","Ignotofsky, Rachel, 1989-",9780399580437,,"Ten Speed Press; Clarkson Potter/Ten Speed",2019,California,eBook;Book,"Book::Carmichael Teen Area: TEEN 704.042 I247 2019 - On Shelf,Book::Central Teen Area - 3rd Floor: TEEN 704.042 I247 2019 - On Shelf,Book::Belle Cooledge Teen Area: TEEN 704.042 I247 2019 - On Shelf"
https://catalog.saclibrary.org/GroupedWork/e1fda332-c93b-45e9-2ceb-d3dd8d470850-eng,"Mary McLeod Bethune: educator and activist","Broadwater, Andrea",9780766017719,,"Enslow Publishers",2003,"Berkeley Heights, NJ",Book,"Book::North Natomas Children's Area: CHILDREN BIOGRAPHY Bethune, M. 2003a - On Shelf"
https://catalog.saclibrary.org/GroupedWork/1cd3e3ca-98a8-0cf1-9c19-1f4f57095e4e-eng,"Muhammad Ali: ""I am the greatest""","Ford, Carin T",9780766024601,,"Enslow Publishers, Inc",2006,"Berkeley Heights, NJ",Book,"Book::Franklin Children's: CHILDREN BIOGRAPHY Ali, M. 2006 - On Shelf"
https://catalog.saclibrary.org/GroupedWork/c22598db-4c51-dccd-1012-ad211b17a6ee-eng,"Pocahontas: a Buddy book","Gosda, Randy T., 1959-",9781577657323,,"Abdo Pub",2002,"Edina, MN",Book,"Book::McKinley Children's Area: CHILDREN BIOGRAPHY Pocahontas 2002a - On Shelf"
https://catalog.saclibrary.org/GroupedWork/16a7de0b-838b-01ce-450b-b81ee14b7187-eng,"Richard Wright: author of Native son and Black boy","Westen, Robin",9780766017696,,"Enslow Publishers",2002,"Berkeley Heights, NJ",Book,"Book::North Natomas Children's Area: CHILDREN BIOGRAPHY Wright, R. 2002 - On Shelf"
https://catalog.saclibrary.org/GroupedWork/0f9a9e35-ed39-58c6-3475-b92ce56163de-eng,"Gladys Aylward: the adventure of a lifetime","Benge, Janet, 1958-",9781576580196,,"YWAM Publishing; YWAM Pub","1998 - 2023","Seattle, WA",eAudiobook;Book,
https://catalog.saclibrary.org/GroupedWork/af8de00f-64a7-7381-9374-db96e1899fa5-eng,"Thich Nhat Hanh: Buddhism in action","Shaw, Maura D",9781893361874,,"Turner Publishing Company; SkyLight Paths Pub","2004 - 2013","Woodstock, Vt",eBook;Book,"Book::Franklin Children's: CHILDREN BIOGRAPHY Nhat Hanh 2004 - On Shelf,Book::Isleton Children's Area: CHILDREN BIOGRAPHY Nhat Hanh 2004 - On Shelf,Book::South Natomas Children's Area: CHILDREN BIOGRAPHY Nhat Hanh 2004 - On Shelf"
https://catalog.saclibrary.org/GroupedWork/e52209cc-9ada-2d52-438a-48cdeb944fe3-eng,"Annie Oakley: wild west sharpshooter","Landau, Elaine",9780766022058,,Enslow,2004,"Berkeley Heights, NJ",Book,"Book::Valley Hi-North Laguna Children's Area: CHILDREN BIOGRAPHY Oakley, A. 2004a - On Shelf"
https://catalog.saclibrary.org/GroupedWork/d55b752a-694b-1d78-b528-c426a65db148-eng,"Who is ""Weird Al"" Yankovic?","Locher, Wes",9780593889701,,"Penguin Workshop; Books on Tape; Penguin Young Readers Group",2026,"New York",eAudiobook;Book;eBook,"Book::Carmichael Children's Area: CHILDREN BIOGRAPHY Yankovic, A. 2026 - Checked Out,Book::Central Kids Place - Lower Level: CHILDREN BIOGRAPHY Yankovic, A. 2026 - On Shelf,Book::Central Kids Place - Lower Level: ON ORDER - On Order"
https://catalog.saclibrary.org/GroupedWork/85991f52-9199-959d-e786-ed636a75e097-eng,"Geronimo: Apache renegade","Sullivan, George, 1927-",9781402768439,,Sterling,2010,"New York",Book,"Book::North Natomas Children's Area: CHILDREN BIOGRAPHY Geronimo 2010 - On Shelf,Book::Valley Hi-North Laguna Children's Area: CHILDREN BIOGRAPHY Geronimo 2010 - On Shelf,Book::Barber Branch: CHILDREN BIOGRAPHY GERONIMO - On Shelf"
https://catalog.saclibrary.org/GroupedWork/0be9e045-b49b-8209-d50c-23a443acd421-eng,Sartre,"Ramadier, Mathilde, 1987-",9781681121017,,"Nbm Graphic Novels; NBM Publishing",2017,"New York","Graphic Novel/Manga;eComic","Graphic Novel/Manga::Central: GRAPHIC 848.91409 S251zr 2017 - On Shelf,Graphic Novel/Manga::Sylvan Oaks: GRAPHIC 848.91409 S251zr 2017 - On Shelf"
https://catalog.saclibrary.org/GroupedWork/9caf3a84-7080-bfbe-a5bc-f38a8b353487-eng,"The life of Geronimo","Niver, Heather Moore",9781508148166,,"PowerKids Press; The Rosen Publishing Group, Inc","2016 - 2017","New York",eBook;Book,"Book::Elk Grove Kids' Place: CHILDREN BIOGRAPHY Geronimo 2017 - On Shelf"
https://catalog.saclibrary.org/GroupedWork/246728b7-bbbf-0d21-2998-4003a8349f74-eng,"The Dream of an Education: How Phymean Noun Built a School","Hughes, Susan",9781459842427,,"Orca Book Publishers",2026,,eBook;Book,"Book::Central Kids Place - Lower Level: ON ORDER - On Order,Book::Sacramento Public Library: ON ORDER - On Order"
https://catalog.saclibrary.org/GroupedWork/65c59203-373b-f6b9-3aba-471383f17f9a-eng,"Good night stories for rebel girls: 100 tales of extraordinary women","Favilli, Elena",9780997895810,,"Particular Books/Penguin Books; Rebel Girls; DK; Books on Tape","2016 - 2025","London; [Santa Monica, California]",eAudiobook;Book;eBook,"Book::Central Kids Place - Lower Level: CHILDREN 305.420922 R289 2025 - OFF CAMPUS,Book::Elk Grove Kids' Place: CHILDREN 305.420922 R289 2025 - On Shelf,Book::Isleton Children's Area: CHILDREN 305.420922 R289 2025 - OFF CAMPUS"
https://catalog.saclibrary.org/GroupedWork/ddd417a8-62fc-f679-971b-90b6f6dece07-eng,"Ludwig van Beethoven: a revolutionary composer","Mattern, Joanne, 1963-",9780531227701,,"Children's Press, an imprint of Scholastic Inc",2017,"New York, NY","Easy Reader","Easy Reader::Carmichael Children's Area: EASY READER 3 780.92 B415zm5 2017 - On Shelf,Easy Reader::Colonial Heights Children's Area: EASY READER 3 780.92 B415zm5 2017 - On Shelf,Easy Reader::Belle Cooledge Children's Area: EASY READER 3 780.92 B415zm5 2017 - On Shelf"
https://catalog.saclibrary.org/GroupedWork/41c0512c-6407-21d4-66f1-1bea8f0797d4-eng,"Who is Jenna Ortega?","Anderson, Kirsten",9798217051557,,"Penguin Workshop; Books on Tape; Penguin Young Readers Group",2026,"[New York]",eAudiobook;Book;eBook,"Book::Arcade Children's Area: CHILDREN BIOGRAPHY Ortega, J. 2026 - On Shelf,Book::Carmichael Children's Area: CHILDREN BIOGRAPHY Ortega, J. 2026 - Checked Out,Book::Central Kids Place - Lower Level: CHILDREN BIOGRAPHY Ortega, J. 2026 - On Shelf"
https://catalog.saclibrary.org/GroupedWork/cf09091d-282d-82eb-e486-a4b29d96781e-eng,"V.I. Lenin","Goldstein, Margaret J",9780822559771,,"Twenty-First Century Books",2007,Minneapolis,Book,"Book::Pocket-Greenhaven Kids' Place: CHILDREN BIOGRAPHY Lenin, V. 2007 - On Shelf,Book::Sacramento Public Library Storage: CHILDREN BIOGRAPHY Lenin, V. 2007 - On Shelf"
https://catalog.saclibrary.org/GroupedWork/543d02d3-3a47-a449-4939-54df0f38912b-eng,"Nate Saint: on a wing and a prayer","Benge, Janet, 1958-",9781576580172,,"YWAM Publishing; YWAM Pub","1998 - 2023","Seattle, Wa",eAudiobook;Book,
https://catalog.saclibrary.org/GroupedWork/90ca7dc0-673f-b93f-928f-508cca3941a3-eng,"Florence Nightingale","Schaefer, Lola M., 1950-",9780736820813,,"Capstone Press",2005,"Mankato, Minn",Book,"Book::Del Paso Heights Children's Area: CHILDREN BIOGRAPHY Nightingale, F. 2005 - On Shelf,Book::Franklin Children's: CHILDREN BIOGRAPHY Nightingale, F. 2005 - On Shelf"
https://catalog.saclibrary.org/GroupedWork/0a0c3217-e64b-8729-f1cf-53e10a5d6abb-eng,"Sitting Bull: great Sioux hero","Stanley, George Edward",9781402759659,,Sterling,2010,"New York",Book,"Book::Southgate Children's Area: CHILDREN BIOGRAPHY Sitting Bull 2010 - On Shelf,Book::Sutter County Main Branch Children's Area: CHILDREN BIOGRAPHY SITTING BULL - On Shelf"
https://catalog.saclibrary.org/GroupedWork/25d4dc7d-1b6d-b467-aa64-be75d2b10cba-eng,"Leyendas/Legends: 60 Latine people who changed the world","Mancillas, Mónica",9781797211985,,"Chronicle Books LLC; Tantor Media, Inc; Chronicle Books",2025,"San Francisco",eAudiobook;Book;eBook,"Book::Arcade Children's Area: CHILDREN 980.03 M269 2025 - Checked Out,Book::Central Kids Place - Lower Level: CHILDREN 980.03 M269 2025 - On Shelf,Book::Belle Cooledge Children's Area: CHILDREN 980.03 M269 2025 - On Shelf"
https://catalog.saclibrary.org/GroupedWork/46ef761e-101a-7668-b881-17d93d01449c-eng,"The autobiography of Charles Darwin","Darwin, Charles, 1809-1882",9781573928342,,"Project Gutenberg; Andrews UK; Prometheus Books; GENERAL PRESS; Smith Show Media Group; Open Road Media; Findaway Voices","2000 - 2024","Amherst, N.Y",eBook;Book;eAudiobook,"Book::Arcade: BIOGRAPHY Darwin, C. 2000 - On Shelf"
https://catalog.saclibrary.org/GroupedWork/51319d0e-a102-d9c0-7bb1-0ca1f991538a-eng,"Bessie Coleman","Braun, Eric, 1971-",9780736842297,,"Capstone Press",2006,"Mankato, Minn",Book,"Book::Carmichael Children's Area: CHILDREN BIOGRAPHY Coleman, B. 2006 - On Shelf"
https://catalog.saclibrary.org/GroupedWork/e09b19d2-54d6-f033-2403-bba121a705a1-eng,"Wilma Rudolph","Braun, Eric, 1971-",9780736842341,,"Capstone Press",2006,"Mankato, Minn",Book,"Book::Elk Grove Kids' Place: CHILDREN BIOGRAPHY Rudolph, W. 2006 - On Shelf,Book::McKinley Children's Area: CHILDREN BIOGRAPHY Rudolph, W. 2006 - On Shelf"
https://catalog.saclibrary.org/GroupedWork/309aa38f-a980-dff8-9d59-971091f996ae-eng,"Dolores Huerta stands strong: the woman who demanded justice","Brill, Marlene Targ",9780821423301,,"Ohio University Press",2018,Athens,Book,"Book::Carmichael Children's Area: CHILDREN BIOGRAPHY Huerta, D. 2018 - On Shelf,Book::Fair Oaks Children's Area: CHILDREN BIOGRAPHY Huerta, D. 2018 - On Shelf,Book::Galt Children's Area: CHILDREN BIOGRAPHY Huerta, D. 2018 - On Shelf"
https://catalog.saclibrary.org/GroupedWork/28270d19-1275-142e-6171-903b12bfac60-eng,"Kid musicians: true tales of childhood from entertainers, songwriters, and stars","Stevenson, Robin, 1968-",9781683693918,,"Quirk Books; Dreamscape Media",2024,"Philadelphia, PA",eAudiobook;Book;eBook,"Book::Carmichael Children's Area: CHILDREN 780.83 S848 2024 - On Shelf,Book::Central Kids Place - Lower Level: CHILDREN 780.83 S848 2024 - On Shelf,Book::South Natomas Children's Area: CHILDREN 780.83 S848 2024 - Checked Out"
https://catalog.saclibrary.org/GroupedWork/6697ca43-1e28-0deb-3cd1-cbfc9e05290c-eng,"George Washington Carver: a photo-illustrated biography","McLoone, Margo",9781560655169,,"Bridgestone Books",1997,"Mankato, Minn",Book,
https://catalog.saclibrary.org/GroupedWork/693a0c21-eda3-d55e-ac5b-421813b5e678-eng,"Amos Fortune: free man","Yates, Elizabeth, 1905-2001",9780140341584,,"Blackstone Publishing; Books on Tape; Puffin Books","2007 - 2018","New York, NY",eAudiobook;Book,"Book::Carmichael Children's Area: CHILDREN BIOGRAPHY Fortune, A. 2007 - On Shelf,Book::Colonial Heights Children's Area: CHILDREN BIOGRAPHY Fortune, A. 2007 - On Shelf,Book::Courtland Children's Area: CHILDREN BIOGRAPHY Fortune, A. 2007 - On Shelf"
https://catalog.saclibrary.org/GroupedWork/ab86055b-3921-c447-7f3f-e3c3073efe24-eng,"Saladin: the Muslim warrior who defended his people","Geyer, Flora, 1958-",9780792255369,,"National Geographic",2006,"Washington, D.C",Book,"Book::Rancho Children's Area: CHILDREN BIOGRAPHY Saladin 2006 - On Shelf,Book::Woodland Public Library Children's Area: CHILDREN BIOGRAPHY Saladin 2006 - On Shelf"
https://catalog.saclibrary.org/GroupedWork/c4b98579-b9f7-4626-f611-5ba383b2bad8-eng,"The distance between us","Grande, Reyna",9781451661774,,"Simon & Schuster Audio; Atria Books; Blackstone Publishing; Washington Square Press; Aladdin","2012 - 2020","New York",eAudiobook;Book;eBook,"Book::Colonial Heights: 973.046872 G751 2012 - On Shelf,Book::Belle Cooledge: 973.046872 G751 2012 - On Shelf,Book::Elk Grove: 973.046872 G751 2012 - Checked Out"
https://catalog.saclibrary.org/GroupedWork/ddb34cf2-1f29-e3b8-1c01-9c335e84ab1c-eng,"Che Guevara","Havelin, Kate, 1961-",9780822559511,,"Twenty-First Century Books",2007,Minneapolis,Book,"Book::Valley Hi-North Laguna Children's Area: CHILDREN BIOGRAPHY Guevara, E. 2007 - On Shelf"
https://catalog.saclibrary.org/GroupedWork/0d308c0d-866e-23e9-1e30-16a4c54bf3ec-eng,"Who is Beyoncé?","Jewel, Kirsti",9798217049325,,"Books on Tape; Penguin Young Readers Group",2025,"New York",eAudiobook;eBook;Book,"Book::Carmichael Children's Area: CHILDREN BIOGRAPHY Beyonce 2025 - On Shelf,Book::Central Kids Place - Lower Level: CHILDREN BIOGRAPHY Beyonce 2025 - On Shelf,Book::Franklin Children's: CHILDREN BIOGRAPHY Beyonce 2025 - On Shelf"
https://catalog.saclibrary.org/GroupedWork/e338ceed-ae57-ba9a-714d-850038d319dd-eng,"Courage to Soar: a body in motion, a life in balance","Biles, Simone, 1997-",9780310759669,,"Zondervan; Zonderkidz",2016,"[Grand Rapids, Michigan]",eAudiobook;eBook;Book,
https://catalog.saclibrary.org/GroupedWork/d55350ce-0566-6d3d-3624-b46fe5e7f9dc-eng,"A picture book of Anne Frank","Adler, David A",9780823410033,,"Holiday House",1993,"New York",Book,"Book::North Natomas Children's Area: CHILDREN BIOGRAPHY Frank, A.   1993 - On Shelf,Book::Franklin Children's: CHILDREN BIOGRAPHY Frank, A.   1993 - On Shelf,Book::Sutter County Main Branch Children's Area: CHILDREN 940.53 ADL - On Shelf"
https://catalog.saclibrary.org/GroupedWork/e4726e69-04ad-e275-2689-7b80687d1e77-eng,"Lady Jane Grey","Carr, Simonetta",9781601781901,,"One Audiobooks; Reformation Heritage Books","2012 - 2023","Grand Rapids, Mich",Book;eAudiobook,"Book::Fair Oaks Children's Area: CHILDREN BIOGRAPHY Grey, J. 2012 - On Shelf,Book::Valley Hi-North Laguna Children's Area: CHILDREN BIOGRAPHY Grey, J. 2012 - On Shelf"
https://catalog.saclibrary.org/GroupedWork/54eb38b5-adc4-d756-e485-6698f2b64d89-eng,"A picture book of Daniel Boone","Adler, David A",9780823427482,,"Holiday House",2013,"New York",Book,"Book::North Natomas Children's Area: CHILDREN BIOGRAPHY Boone, D. 2013 - On Shelf"
https://catalog.saclibrary.org/GroupedWork/43fb7593-e4b5-46c1-63ca-2cf9b0f1d342-eng,"Frederick Douglass: speaking out against slavery","Schraff, Anne E",9780766017733,,"Enslow Publishers",2002,"Berkeley Heights, NJ",Book,"Book::Orangevale: CHILDREN BIOGRAPHY Douglass, F. 2002a - On Shelf"
https://catalog.saclibrary.org/GroupedWork/951dd624-baa8-0244-540d-0b388d5afa84-eng,"Clara Barton: angel of the battlefield",,9780060576233,,Collins,2008,"New York",Book,"Book::Del Paso Heights Children's Area: CHILDREN BIOGRAPHY Barton, C. 2008 - On Shelf,Book::North Sacramento-Hagginwood Children's Area: CHILDREN BIOGRAPHY Barton, C. 2008 - On Shelf,Book::Rancho Children's Area: CHILDREN BIOGRAPHY Barton, C. 2008 - On Shelf"
https://catalog.saclibrary.org/GroupedWork/06cef9c9-05fd-5fa6-37cb-b3513985d2f7-eng,"Abraham Lincoln","Rumsch, BreAnn, 1981-",9781604534641,,"ABDO; ABDO Pub. Co; ABDO Publishing Company; Big Buddy Books, an imprint of Abdo Publishing","2009 - 2025","Minneapolis, Minnesota; Edina, Minn",eBook;Book,"Book::Arcade Children's Area: CHILDREN BIOGRAPHY Lincoln, A. 2025 - On Shelf,Book::Carmichael Children's Area: CHILDREN BIOGRAPHY Lincoln, A. 2025 - On Shelf,Book::Central Kids Place - Lower Level: CHILDREN BIOGRAPHY Lincoln, A. 2025 - On Shelf"
https://catalog.saclibrary.org/GroupedWork/7e0f1210-b3fb-3437-5043-a44908cc7d0f-eng,"Missing Millie Benson: the secret case of the Nancy Drew ghostwriter and journalist","Rubini, Julie",9780821421840,,"Ohio University Press",2015,Athens,Book,"Book::Colonial Heights Children's Area: CHILDREN BIOGRAPHY Benson, M. 2016 - On Shelf,Book::Fair Oaks Children's Area: CHILDREN BIOGRAPHY Benson, M. 2016 - On Shelf,Book::North Natomas Children's Area: CHILDREN BIOGRAPHY Benson, M. 2016 - On Shelf"
https://catalog.saclibrary.org/GroupedWork/e8d70780-18f9-c31e-ba53-0043347166cc-eng,"Davy Crockett: a photo-illustrated biography","Feeney, Kathy, 1954-",9780736811101,,"Bridgestone Books",2002,"Mankato, Minn",Book,
https://catalog.saclibrary.org/GroupedWork/67594619-0efd-84ae-e76a-153ec4eb7d4b-eng,Dreamers,"Morales, Yuyi",9781666590302,,"Dreamscape Media; Holiday House; Neal Porter Books, Holiday House",2018,"New York","Picture Book;eBook;eAudiobook","Picture Book::Arcade Children's Area: PICTURE BOOK Morales, Y. - Checked Out,Picture Book::Central Kids Place - Lower Level: PICTURE BOOK Morales, Y. - Checked Out,Picture Book::Colonial Heights Children's Area: PICTURE BOOK Morales, Y. - On Shelf"
https://catalog.saclibrary.org/GroupedWork/692dd0c5-b14f-23e4-67ad-089516ff7c19-eng,"Up from slavery","Washington, Booker T., 1856-1915",9780140390513,,"Signet Classics; Interactive Media; Project Gutenberg; Arcadia Publishing; GENERAL PRESS; Dreamscape Media; New American Library; HarperCollins Canada; Global Publishers; Duke Classics; Blackstone Publishing; Penguin Books; Dover Publications; [s.n.]; Start Publishing LLC; Author's Republic; Oxford University Press; Dancing Unicorn Books; Random House Publishing Group; Penguin Publishing Group; Findaway Voices; Alicia Editions","1905 - 2023","New York; [s.l.]; New York, N.Y., U.S.A; Oxford",eAudiobook;eBook;Book,"Book::Central: 305.896 W317 2008 - On Shelf,Book::Elk Grove: 305.896 W317 2008 - On Shelf,Book::Franklin: 305.896 W317 2008 - On Shelf"
https://catalog.saclibrary.org/GroupedWork/4cb539ac-ab83-d4d1-81ab-988e794fe3d7-eng,"Tiger Woods: golf's master","Roberts, Jeremy, 1956-",9781580135696,,"Twenty-First Century Books",2009,Minneapolis,Book,"Book::Franklin Children's: CHILDREN BIOGRAPHY Woods. T. 2009 - On Shelf"
https://catalog.saclibrary.org/GroupedWork/fd9c374a-d393-b11e-fef4-c05ca74dbba2-eng,"Shining a light: celebrating 40 Asian Americans and Pacific Islanders who changed the world","Bybee, Veeda",9780358539353,,"Versify, an imprint of HarperCollinsPublishers; Versify; HarperCollins",2023,"New York, NY",eAudiobook;eBook;Book,"Book::Carmichael Children's Area: CHILDREN 305.895073 B993 2023 - On Shelf,Book::Central Kids Place - Lower Level: CHILDREN 305.895073 B993 2023 - On Shelf,Book::Belle Cooledge Children's Area: CHILDREN 305.895073 B993 2023 - On Shelf"
https://catalog.saclibrary.org/GroupedWork/9fb784af-7943-02cc-ddc0-9b89dc318200-eng,"A take-charge girl blazes a trail to Congress: the story of Jeannette Rankin","Woelfle, Gretchen",9781662680120,,"Astra Publishing House; Calkins Creek, an imprint of Astra Books for Young Readers",2023,"New York",eBook;Book,"Book::Carmichael Children's Area: CHILDREN BIOGRAPHY Rankin, J. 2023 - On Shelf,Book::Franklin Children's: CHILDREN BIOGRAPHY Rankin, J. 2023 - On Shelf,Book::Isleton Children's Area: CHILDREN BIOGRAPHY Rankin, J. 2023 - On Shelf"
https://catalog.saclibrary.org/GroupedWork/4ff406a9-72ab-22c6-7308-f7d98fc3f60d-eng,"Julius Caesar: the boy who conquered an empire","Galford, Ellen",9781426300653,,"National Geographic",2007,"Washington, D.C",Book,"Book::Arcade Children's Area: CHILDREN BIOGRAPHY Caesar, J. 2007 - On Shelf,Book::Fair Oaks Children's Area: CHILDREN BIOGRAPHY Caesar, J. 2007 - On Shelf,Book::McClatchy Children's Area: CHILDREN BIOGRAPHY Caesar, J. 2007 - On Shelf"
https://catalog.saclibrary.org/GroupedWork/46e2e2d0-8644-759c-90eb-49061322e4c8-eng,"Glenn Gould: a life off tempo","Revel, Sandrine",9781681120652,,"NBM Graphic Novels; NBM Publishing",2016,"New York, NY","Graphic Novel/Manga;eComic","Graphic Novel/Manga::Central: GRAPHIC 786.2092 G696zr 2016 - On Shelf"
https://catalog.saclibrary.org/GroupedWork/29366d0e-ca6d-c808-e7f1-8691dbbc83e2-eng,"Hatshepsut: the princess who became king","Galford, Ellen",9780792236450,,"Recorded Books, Inc.; National Geographic","2005 - 2015","Washington, D.C",Book;eAudiobook,"Book::Franklin Children's: CHILDREN BIOGRAPHY Hatshepsut 2005 - On Shelf,Book::Folsom Children's Area: CHILDREN 932.014 GAL 2005 - On Shelf,Book::Folsom Children's Area: CHILDREN BIOGRAPHY Hatshepsut 2005 - On Shelf"
https://catalog.saclibrary.org/GroupedWork/186f6ea7-4e08-c5bb-fb82-d7beaabd0f8d-eng,"Who is Neil deGrasse Tyson?","Pollack, Pam",9780399544385,,"Penguin Workshop; Books on Tape; Penguin Young Readers Group",2021,"New York",eAudiobook;Book;eBook,"Book::Arcade Children's Area: CHILDREN BIOGRAPHY Tyson, N. 2021 - On Shelf,Book::Carmichael Children's Area: CHILDREN BIOGRAPHY Tyson, N. 2021 - On Shelf,Book::Central Kids Place - Lower Level: CHILDREN BIOGRAPHY Tyson, N. 2021 - On Shelf"
https://catalog.saclibrary.org/GroupedWork/25c3675f-692c-7f94-f959-dae08a3f5ed6-eng,"Who is Taylor Swift?","Anderson, Kirsten",9780593754238,,"Books on Tape; Penguin Workshop",2024,"New York",eAudiobook;Book,"Book::Central Kids Place - Lower Level: CHILDREN BIOGRAPHY Swift, T. 2024 - On Shelf,Book::Colonial Heights Children's Area: CHILDREN BIOGRAPHY Swift, T. 2024 - On Shelf,Book::Elk Grove Kids' Place: CHILDREN BIOGRAPHY Swift, T. 2024 - Checked Out"
https://catalog.saclibrary.org/GroupedWork/9a56d697-0314-4c71-7713-8e80f9f27c07-eng,"Carry A. Nation: saloon smasher and prohibitionist","Harvey, Bonnie C",9780766019072,,"Enslow Publishers",2002,"Berkeley Heights, NJ",Book,"Book::Pocket-Greenhaven Kids' Place: CHILDREN BIOGRAPHY Nation, C. 2002 - On Shelf"
https://catalog.saclibrary.org/GroupedWork/de8d91a3-9c6d-b97a-cdd7-4a90273facd8-eng,"Mae Carol Jemison: astronaut and educator","Ploscariu, Iemima",9781532110450,,"ABDO; Essential Library, an imprint of Abdo Publishing","2017 - 2018",Minneapolis,eBook;Book,"Book::Colonial Heights Children's Area: CHILDREN BIOGRAPHY Jemison, M. 2018 - On Shelf,Book::Del Paso Heights Children's Area: CHILDREN BIOGRAPHY Jemison, M. 2018 - On Shelf,Book::Rancho Children's Area: CHILDREN BIOGRAPHY Jemison, M. 2018 - On Shelf"
https://catalog.saclibrary.org/GroupedWork/b23dd20e-e1af-a975-6b7a-fc2ae22641b8-eng,"Starting at zero: his own story","Hendrix, Jimi",9781620403310,,Bloomsbury,2013,"New York",Book,"Book::Central: BIOGRAPHY Hendrix, J. 2013 - On Shelf,Book::Pocket-Greenhaven: BIOGRAPHY Hendrix, J. 2013 - On Shelf"
https://catalog.saclibrary.org/GroupedWork/cdbd1f62-a6af-9df3-3f1d-2ad695a23099-eng,"Stonewall Jackson: Confederate general","Pflueger, Lynda",9780894907814,,"Enslow Publishers",1997,"Springfield, NJ, USA",Book,"Book::Southgate Children's Area: CHILDREN BIOGRAPHY Jackson, S. 1997 - On Shelf"
https://catalog.saclibrary.org/GroupedWork/dadbbe66-3842-19a7-595e-c8507f9fc8c0-eng,"Tina: the dog who changed the world","Harbison, Niall",9780008798864,,"HarperElement, an imprint of HarperCollins Publishers; HarperCollins Publishers; Farshore, an imprint of HarperCollinsPublishers",2025,London,eAudiobook;Book;eBook,"Book::Carmichael: 636.7 H255 2025 - OFF CAMPUS,Book::Central: 636.7 H255 2025 - On Shelf,Book::Colonial Heights: 636.7 H255 2025 - On Shelf"
https://catalog.saclibrary.org/GroupedWork/89c0c537-c808-0b61-9b5b-2353098f0739-eng,"The life of Pocahontas","Rajczak Nelson, Kristen",9781508148227,,"PowerKids Press",2017,"New York",Book,"Book::Carmichael Children's Area: CHILDREN BIOGRAPHY Pocahontas 2017 - On Shelf,Book::Elk Grove Kids' Place: CHILDREN BIOGRAPHY Pocahontas 2017 - On Shelf,Book::Franklin Children's: CHILDREN BIOGRAPHY Pocahontas 2017 - On Shelf"
https://catalog.saclibrary.org/GroupedWork/db1013dc-f3ce-a9ad-5ca8-194e35479a00-eng,Becoming,"Obama, Michelle, 1964-",9781524763138,,"Crown; Random House Children's Books; Random House Large Print; Books on Tape; Random House Audio, Inc","2018 - 2021","New York; [New York, N.Y.]","eAudiobook;Audiobook - CD;Large Print;Book;eBook","Book::Arcade: 973.932092 O122 2018 - On Shelf,Book::Carmichael: 973.932092 O122 2018 - Checked Out,Book::Central: 973.932092 O122 2018 - On Shelf"
https://catalog.saclibrary.org/GroupedWork/e73c56c4-d02e-86fa-6479-909e3618e290-eng,"Jaime Escalante: inspirational math teacher","Schraff, Anne E",9780766029675,,"Enslow Publishers",2009,"Berkeley Heights, NJ",Book,"Book::North Natomas Children's Area: CHILDREN BIOGRAPHY Escalante, J. 2009 - On Shelf"
https://catalog.saclibrary.org/GroupedWork/f636063e-f588-b4fe-4420-bcbf93ce8215-eng,"Young, gifted and Black, too: meet 52 more Black icons from past and present","Wilson, Jamia, 1980-",9780711277021,,"Wide Eyed Editions; Wide Eyed Editions, an imprint of The Quarto Group",2023,"Beverly, MA",eBook;Book,"Book::Central Kids Place - Lower Level: CHILDREN 305.896 W749 2023 - On Shelf,Book::Belle Cooledge Children's Area: CHILDREN 305.896 W749 2023 - On Shelf,Book::North Natomas Children's Area: CHILDREN 305.896 W749 2023 - On Shelf"
https://catalog.saclibrary.org/GroupedWork/439b1494-8b77-2548-4ce0-d6f93c7d8be6-eng,"Alicia Keys: singer-songwriter, musician, actress, and producer","Roberts, Russell, 1953-",9781422227275,,"Mason Crest Publishers",2013,"Broomall, Pennsylvania",Book,"Book::Carmichael Children's Area: CHILDREN BIOGRAPHY Keys, A. 2013 - On Shelf,Book::McKinley Children's Area: CHILDREN BIOGRAPHY Keys, A. 2013 - On Shelf"
https://catalog.saclibrary.org/GroupedWork/1eb92201-32df-90ee-ceec-597b663a9c59-eng,Presidents,"Barber, James, 1952-",9781465458377,,"DK; DK Publishing; DK/Penguin Random House","2017 - 2025","New York, NY; New York, New York",Book,"Book::Arcade Children's Area: CHILDREN 973.099 E975 2025 - On Shelf,Book::Central Kids Place - Lower Level: CHILDREN 973.099 E975 2025 - On Shelf,Book::Galt Children's Area: CHILDREN 973.099 E975 2025 - On Shelf"
https://catalog.saclibrary.org/GroupedWork/ea2737f0-b6ac-4d59-5098-a9bc9cce52c5-eng,"Notable native people: 50 indigenous leaders, dreamers, and changemakers from past and present","Keene, Adrienne, 1985-",9781984857941,,"Ten Speed Press; Clarkson Potter/Ten Speed",2021,California,eBook;Book,"Book::Arcade: 920.009297 K265 2021 - On Shelf,Book::Carmichael: 920.009297 K265 2021 - On Shelf,Book::Central: 920.009297 K265 2021 - On Shelf"
https://catalog.saclibrary.org/GroupedWork/114b3626-32d4-b7ee-69fb-b2ceb0968898-eng,"Franklin Delano Roosevelt: a national hero","Bardhan-Quallen, Sudipta",9781402735455,,"Sterling Pub. Co",2007,"New York",Book,"Book::North Natomas Children's Area: CHILDREN BIOGRAPHY Roosevelt, F. 2007 - On Shelf"
https://catalog.saclibrary.org/GroupedWork/b1d29d09-77ea-c25b-c89d-f3e548f4ff85-eng,"Stories of the Saints: bold and inspiring tales of adventure, grace, and courage","Wallace, Carey",9780761193272,,"Workman Kids; Workman Publishing",2020,"New York",eBook;Book,"Book::Elk Grove Kids' Place: OVERSIZE CHILDREN 270.0922 W187 2020 - On Shelf,Book::Fair Oaks Children's Area: OVERSIZE CHILDREN 270.0922 W187 2020 - On Shelf,Book::Franklin Children's: OVERSIZE CHILDREN 270.0922 W187 2020 - On Shelf"
https://catalog.saclibrary.org/GroupedWork/9be4f62c-7f2b-d14c-246d-02a0f4fbac13-eng,"Ida B. Wells-Barnett: ""strike a blow against a glaring evil""","Schraff, Anne E",9780766027046,,"Enslow Publishers",2008,"Berkeley Heights, NJ",Book,"Book::Arcade Teen Area: TEEN 323.092 W453zs 2008 - On Shelf"
https://catalog.saclibrary.org/GroupedWork/08a230e0-89e4-d28c-c29b-734b4df82a51-eng,"We're better than this: my fight for the future of our democracy","Cummings, Elijah",9780063081550,,"Harper, an imprint of HarperCollins Publishers; HarperCollins; Harper, an imprint of HarperCollinsPublishers; Harper","2020 - 2021","New York, NY",eAudiobook;eBook;Book,"Book::Carmichael Children's Area: CHILDREN 328.73092 C971 2021 - On Shelf,Book::Belle Cooledge Children's Area: CHILDREN 328.73092 C971 2021 - On Shelf,Book::North Natomas Children's Area: CHILDREN 328.73092 C971 2021 - On Shelf"
https://catalog.saclibrary.org/GroupedWork/06d2f0e2-c6ff-3eca-7bf6-16c1ce27ee4a-eng,"Quiet riot: true tales of shy superheroes who changed the world","Finer, Nadia",9781786788436,,"Watkins Media; Moon + Bird",2025,London,eBook;Book,"Book::Central Kids Place - Lower Level: CHILDREN 155.232 F495 2025 - On Shelf,Book::Colonial Heights Children's Area: CHILDREN 155.232 F495 2025 - On Shelf,Book::Belle Cooledge Children's Area: CHILDREN 155.232 F495 2025 - On Shelf"
https://catalog.saclibrary.org/GroupedWork/2fa9b0b8-077c-c469-554b-9c3009daee74-eng,"Who is Ariana Grande?","Anderson, Kirsten",9780593889022,,"Penguin Workshop; Books on Tape; Penguin Young Readers Group",2024,"New York",eAudiobook;Book;eBook,"Book::Central Kids Place - Lower Level: CHILDREN BIOGRAPHY Grande, A. 2024 - On Shelf,Book::Courtland Children's Area: CHILDREN BIOGRAPHY Grande, A. 2024 - On Shelf,Book::Franklin Children's: CHILDREN BIOGRAPHY Grande, A. 2024 - On Shelf"
https://catalog.saclibrary.org/GroupedWork/a764f8ad-39c6-b9ce-21e2-781543171a38-eng,"Who Was Wilma Mankiller?","Page, Andrea (Children's author)",9780593888889,,"Grosset & Dunlap; Books on Tape; Penguin Young Readers Group",2025,"New York",eAudiobook;Book;eBook,"Book::Arcade Children's Area: CHILDREN BIOGRAPHY Mankiller, W. 2025 - On Shelf,Book::Carmichael Children's Area: CHILDREN BIOGRAPHY Mankiller, W. 2025 - In Transit,Book::Central Kids Place - Lower Level: CHILDREN BIOGRAPHY Mankiller, W. 2025 - On Shelf"
https://catalog.saclibrary.org/GroupedWork/772ae5a9-0466-ff1f-219c-8f3f28706002-eng,"Kid innovators: true tales of childhood from inventors and trailblazers","Stevenson, Robin, 1968-",9781683692270,,"Quirk Books; Blackstone Publishing",2021,"Philadelphia, PA",eAudiobook;Book;eBook,"Book::Belle Cooledge Children's Area: CHILDREN 309.253 S848 2021 - On Shelf,Book::Galt Children's Area: CHILDREN 309.253 S848 2021 - On Shelf,Book::South Natomas Children's Area: CHILDREN 309.253 S848 2021 - On Shelf"
https://catalog.saclibrary.org/GroupedWork/1964154e-267a-401f-14f1-847ac23494c5-eng,"Astronaut and physicist Sally Ride","Goldstein, Margaret J",9781541512177,,"Lerner Publishing Group|Lerner Publishing Group; Lerner Publishing Group; Lerner Publications",2018,Minneapolis,eBook;Book;eAudiobook,"Book::Carmichael Children's Area: CHILDREN BIOGRAPHY Ride, S. 2018 - On Shelf,Book::Elk Grove Kids' Place: CHILDREN BIOGRAPHY Ride, S. 2018 - On Shelf,Book::Fair Oaks Children's Area: CHILDREN BIOGRAPHY Ride, S. 2018 - On Shelf"
https://catalog.saclibrary.org/GroupedWork/6a37eaf8-fd74-edbb-6fa3-2d1899fe69d0-eng,"Who Is Kamala Harris?","Anderson, Kirsten",9780593384497,,"Penguin Workshop; Books on Tape; Penguin Young Readers Group",2021,"New York",eAudiobook;Book;eBook,"Book::Central Kids Place - Lower Level: CHILDREN BIOGRAPHY Harris, K. 2021 - On Shelf,Book::Courtland Children's Area: CHILDREN BIOGRAPHY Harris, K. 2021 - On Shelf,Book::Del Paso Heights Children's Area: CHILDREN BIOGRAPHY Harris, K. 2021 - On Shelf"
https://catalog.saclibrary.org/GroupedWork/974595b0-08a3-71e2-f664-40f0f4800928-eng,"Zac Efron","Llanas, Sheila Griffin",9781429634021,,"Capstone Press",2010,"Mankato, Minn",Book,"Book::North Natomas Children's Area: CHILDREN BIOGRAPHY Efron, Z. 2010 - On Shelf"
https://catalog.saclibrary.org/GroupedWork/70cc7e67-b4b0-924e-3754-8bbd02927213-eng,"Who is Chloe Kim?","Loh, Stefanie",9780593519691,,"Penguin Workshop; Penguin Young Readers Group",2022,"New York",eBook;Book,"Book::Arcade Children's Area: CHILDREN BIOGRAPHY Kim, C. 2022 - Checked Out,Book::Central Kids Place - Lower Level: CHILDREN BIOGRAPHY Kim, C. 2022 - On Shelf,Book::Courtland Children's Area: CHILDREN BIOGRAPHY Kim, C. 2022 - On Shelf"
https://catalog.saclibrary.org/GroupedWork/3ecdae21-9e51-ca9d-1335-913573b25dde-eng,"Martin Luther King Jr","Darby, Jean, 1921-",9780822524717,,"Lerner Publications Co",2005,Minneapolis,Book,"Book::Colonial Heights Children's Area: CHILDREN BIOGRAPHY King, M. 2005 - On Shelf"
https://catalog.saclibrary.org/GroupedWork/8bb37c6e-1c8e-32d6-fd2e-38d00f5dbd76-eng,"Bird girl: Gene Stratton-Porter shares her love of nature with the world","Esbaum, Jill",9781635926866,,"Astra Publishing House; Calkins Creek, an imprint of Astra Books for Young Readers","2022 - 2024","New York",eBook;Book,"Book::Carmichael Children's Area: CHILDREN BIOGRAPHY Stratton-Porter, G. 2022 - On Shelf,Book::Central Kids Place - Lower Level: CHILDREN BIOGRAPHY Stratton-Porter, G. 2022 - On Shelf,Book::Colonial Heights Children's Area: CHILDREN BIOGRAPHY Stratton-Porter, G. 2022 - On Shelf"
https://catalog.saclibrary.org/GroupedWork/ed63cc80-3b84-e0b8-1ff3-c65b9eecc398-eng,"The true ugly duckling: how Hans Christian Andersen became a swan","Nickel, Sandra",9781646145768,,"Recorded Books, Inc.; Levine Querido",2026,"Hoboken, NJ",eAudiobook;Book;eBook,"Book::Carmichael Children's Area: CHILDREN BIOGRAPHY Andersen, H. 2026 - Checked Out,Book::Central Kids Place - Lower Level: CHILDREN BIOGRAPHY Andersen, H. 2026 - On Shelf,Book::Belle Cooledge Children's Area: CHILDREN BIOGRAPHY Andersen, H. 2026 - On Shelf"
https://catalog.saclibrary.org/GroupedWork/b1d772ab-30bf-3ff2-c68c-548ad57cc5ea-eng,"Amazing: Asian Americans and Pacific Islanders who inspire us all","Shibutani, Maia, 1994-",9780593525432,,"Viking; Penguin Young Readers Group",2023,"New York",eBook;Book,"Book::Carmichael Children's Area: CHILDREN 973.0495 S555 2023 - On Shelf,Book::Central Kids Place - Lower Level: CHILDREN 973.0495 S555 2023 - On Shelf,Book::Elk Grove Kids' Place: CHILDREN 973.0495 S555 2023 - On Shelf"
https://catalog.saclibrary.org/GroupedWork/8d69ef55-608b-cdd4-7cd2-96e68bc4bafd-eng,"Who is Cynthia Erivo?","Hubbard, Crystal",9780593889053,,"Penguin Workshop; Books on Tape; Penguin Young Readers Group",2024,"New York, New York",eAudiobook;Book;eBook,"Book::Arcade Children's Area: CHILDREN BIOGRAPHY Erivo, C. 2024 - On Shelf,Book::Carmichael Children's Area: CHILDREN BIOGRAPHY Erivo, C. 2024 - On Shelf,Book::Central Kids Place - Lower Level: CHILDREN BIOGRAPHY Erivo, C. 2024 - On Shelf"
https://catalog.saclibrary.org/GroupedWork/83fdd099-8379-1bf4-ff8f-18200cd0cdf7-eng,"Tecumseh: shooting star of the Shawnee","Zimmerman, Dwight Jon",9781402768477,,Sterling,2010,"New York",Book,"Book::Carmichael Children's Area: CHILDREN BIOGRAPHY Tecumseh 2010 - On Shelf,Book::North Natomas Children's Area: CHILDREN BIOGRAPHY Tecumseh 2010 - On Shelf,Book::Sacramento Public Library Storage: CHILDREN BIOGRAPHY Tecumseh 2010 - On Shelf"
https://catalog.saclibrary.org/GroupedWork/8f2e9714-bf2d-80d0-062f-744007037067-eng,"Tony Hawk and his team: skateboarding superstars","Sorensen, Lita",9781404200708,,"Rosen Central",2005,"New York",Book,"Book::Franklin Children's: CHILDREN BIOGRAPHY Hawk, T. 2005b - On Shelf,Book::Southgate Children's Area: CHILDREN BIOGRAPHY Hawk, T. 2005b - On Shelf"
https://catalog.saclibrary.org/GroupedWork/20f41ee1-0aab-6125-4de0-4ca40984a591-eng,"Down syndrome out loud: 20+ true stories of disability and determination","Hart, Melissa, 1970-",9781464216695,,"Recorded Books, Inc.; Sourcebooks eXplore; Sourcebooks",2025,"Naperville, Illinois",eAudiobook;Book;eBook,"Book::Arcade Children's Area: CHILDREN 616.858842 H326 2025 - On Shelf,Book::Central Kids Place - Lower Level: CHILDREN 616.858842 H326 2025 - On Shelf,Book::Colonial Heights Children's Area: CHILDREN 616.858842 H326 2025 - On Shelf"
https://catalog.saclibrary.org/GroupedWork/ee6f76db-0c05-eaf2-cfa7-1716a594f307-eng,"Who is Zendaya?","Anderson, Kirsten",9780593523483,,"Penguin Workshop; Penguin Young Readers Group",2022,"New York",eBook;Book,"Book::Central Kids Place - Lower Level: CHILDREN BIOGRAPHY Zendaya 2022 - On Shelf,Book::Elk Grove Kids' Place: CHILDREN BIOGRAPHY Zendaya 2022 - Checked Out,Book::Franklin Children's: CHILDREN BIOGRAPHY Zendaya 2022 - On Shelf"
https://catalog.saclibrary.org/GroupedWork/3ae0ee25-4ec3-1e38-3b52-6652acc8ec5c-eng,"Galaxy mapper: the luminous discoveries of astrophysicist Hélène Courtois","Summers, Allie",9781536228977,,"Mit Kids Press, an imprint of Candlewick Press; Candlewick Press",2025,"Sommerville, Massachusetts",eBook;Book,"Book::Carmichael Children's Area: CHILDREN BIOGRAPHY Courtois, H. 2025 - On Shelf,Book::Central Kids Place - Lower Level: CHILDREN BIOGRAPHY Courtois, H. 2025 - Checked Out,Book::Franklin Children's: CHILDREN BIOGRAPHY Courtois, H. 2025 - On Shelf"
https://catalog.saclibrary.org/GroupedWork/261e1ca7-f8d5-67b5-e9de-cf25bf9b52d4-eng,"Messi's magic: how Lionel Messi became the G.O.A.T","Perry, Caroline L",9781546147534,,"Scholastic Inc.; Scholastic Press",2025,"New York",eAudiobook;Book;eBook,"Book::Arcade Children's Area: CHILDREN BIOGRAPHY Messi, L. 2025 - On Shelf,Book::Carmichael Children's Area: CHILDREN BIOGRAPHY Messi, L. 2025 - On Shelf,Book::Central Kids Place - Lower Level: CHILDREN BIOGRAPHY Messi, L. 2025 - Checked Out"
https://catalog.saclibrary.org/GroupedWork/c205c4ab-3552-0223-9cfd-8d619524a942-eng,"Anne and her tower of giraffes: the adventurous life of the first giraffologist","Gray, Karlin",9781525304958,,"Kids Can Press",2022,Toronto,eBook;Book,"Book::Central Kids Place - Lower Level: CHILDREN BIOGRAPHY Dagg, A. 2022 - On Shelf,Book::Courtland Children's Area: CHILDREN BIOGRAPHY Dagg, A. 2022 - On Shelf,Book::Del Paso Heights Children's Area: CHILDREN BIOGRAPHY Dagg, A. 2022 - On Shelf"
https://catalog.saclibrary.org/GroupedWork/7bc72f38-06c8-7cf5-c67a-7c4cc28eee2e-eng,"Women who dared: 52 stories of fearless daredevils, adventurers, & rebels","Skeers, Linda",9781492653271,,"Sourcebooks Inc; Sourcebooks; Sourcebooks, Inc",2017,"Naperville, Illinois",eBook;Book,"Book::Central Kids Place - Lower Level: CHILDREN 305.4 S627 2017 - On Shelf,Book::Courtland Children's Area: CHILDREN 305.4 S627 2017 - On Shelf,Book::Pocket-Greenhaven Kids' Place: CHILDREN 305.4 S627 2017 - On Shelf"
https://catalog.saclibrary.org/GroupedWork/01c7f649-ca52-b410-b27b-8f72e2b8e834-eng,"Barack Obama","Britton, Tamara L., 1963-",9781098294779,,"ABDO; ABDO Publishing Company; Big Buddy Books, an imprint of Abdo Publishing","2013 - 2025","Minneapolis, Minnesota",eBook;Book,"Book::Central Kids Place - Lower Level: CHILDREN BIOGRAPHY Obama, B. 2025 - On Shelf,Book::South Natomas Children's Area: CHILDREN BIOGRAPHY Obama, B. 2025 - On Shelf,Book::North Natomas Children's Area: CHILDREN BIOGRAPHY Obama, B. 2025 - On Shelf"
https://catalog.saclibrary.org/GroupedWork/5e3f9401-68b9-5717-5981-c5d066512b31-eng,"She persisted: 13 American women who changed the world","Clinton, Chelsea",9781524741723,,"Philomel Books; Books on Tape; Penguin Young Readers Group",2017,"New York, NY",eAudiobook;eBook;Book,"Book::Carmichael Children's Area: CHILDREN 305.42 C641 2017 - On Shelf,Book::Central Kids Place - Lower Level: CHILDREN 305.42 C641 2017 - On Shelf,Book::Elk Grove Kids' Place: CHILDREN 305.42 C641 2017 - On Shelf"
https://catalog.saclibrary.org/GroupedWork/82c0f7cd-95af-a600-a6fd-4f920f957e64-eng,"Neil Armstrong","Rau, Dana Meachen, 1971-",9780531249840,,"Children's Press, an imprint of Scholastic Inc",2014,"New York",Book,"Book::Pocket-Greenhaven Kids' Place: CHILDREN BIOGRAPHY Armstrong, N. 2014 - On Shelf"
https://catalog.saclibrary.org/GroupedWork/e95385db-89a4-eab8-0bad-b073dbb98f28-eng,"Who was Princess Diana?","Labrecque, Ellen",9780448488554,,"Grosset & Dunlap, An Imprint of Penguin Random House; Books on Tape; Penguin Young Readers Group","2017 - 2025","New York, New York",eAudiobook;Book;eBook,"Book::Courtland Children's Area: CHILDREN BIOGRAPHY Diana 2017 - On Shelf,Book::Fair Oaks Children's Area: CHILDREN BIOGRAPHY Diana 2017 - On Hold Shelf,Book::Galt Children's Area: CHILDREN BIOGRAPHY Diana 2017 - On Shelf"
https://catalog.saclibrary.org/GroupedWork/bf489eef-b385-7e71-06df-39cc89e3ef97-eng,"Who is Alexandria Ocasio-Cortez?","Anderson, Kirsten",9780593226414,,"Penguin Workshop; Penguin Young Readers Group",2021,"New York",eBook;Book,"Book::Central Kids Place - Lower Level: CHILDREN BIOGRAPHY Ocasio-Cortez, A. 2021 - On Shelf,Book::Elk Grove Kids' Place: CHILDREN BIOGRAPHY Ocasio-Cortez, A. 2021 - On Shelf,Book::Franklin Children's: CHILDREN BIOGRAPHY Ocasio-Cortez, A. 2021 - On Shelf"
https://catalog.saclibrary.org/GroupedWork/c47a61cf-e43a-9fd9-28a1-3511ef134aeb-eng,"Who is Lionel Messi?","Buckley, James, Jr., 1963-",9780593754832,,"Penguin Workshop; Books on Tape; Penguin Young Readers Group","2024 - 2025","New York",eAudiobook;Book;eBook,"Book::Del Paso Heights Children's Area: CHILDREN BIOGRAPHY Messi, L. 2024 - On Shelf,Book::Fair Oaks Children's Area: CHILDREN BIOGRAPHY Messi, L. 2024 - Checked Out,Book::Franklin Children's: CHILDREN BIOGRAPHY Messi, L. 2024 - On Shelf"
https://catalog.saclibrary.org/GroupedWork/797fca8b-0779-c7c4-3192-663c3586aa20-eng,"Little dreamers: visionary women around the world","Harrison, Vashti",9780316475174,,"Hachette Audio; Little, Brown Books for Young Readers; Little, Brown and Company",2018,"New York",eBook;Book;eAudiobook,"Book::Arcade Children's Area: CHILDREN 305.42 H322 2018 - On Shelf,Book::Carmichael Children's Area: CHILDREN 305.42 H322 2018 - On Shelf,Book::Central Kids Place - Lower Level: CHILDREN 305.42 H322 2018 - On Shelf"
https://catalog.saclibrary.org/GroupedWork/b50cb227-217f-6472-f50f-8c31233d61c1-eng,"Serena Williams: a champion on and off the court","Shepherd, Jodie",9780531216842,,"Children's Press, an imprint of Scholastic Inc",2017,"New York, NY","Easy Reader","Easy Reader::Del Paso Heights Children's Area: EASY READER 3 796.342 W727 2017 - On Shelf,Easy Reader::Sylvan Oaks Children's Area: EASY READER 3 796.342 W727 2017 - On Shelf,Easy Reader::Valley Hi-North Laguna Children's Area: EASY READER 3 796.342 W727 2017 - On Shelf"
https://catalog.saclibrary.org/GroupedWork/644798f4-2535-be13-abba-2cdef5182f6b-eng,"Everything but typical: influential neurodivergent people who have shaped the world","Weston, Margeaux",9781547614110,,"Bloomsbury Children's Books; Bloomsbury Publishing",2025,"New York",eAudiobook;Book;eBook,"Book::Central Kids Place - Lower Level: CHILDREN 362.1968 W535 2025 - On Shelf,Book::South Natomas Children's Area: CHILDREN 362.1968 W535 2025 - On Shelf,Book::North Natomas Children's Area: CHILDREN 362.1968 W535 2025 - On Shelf"
https://catalog.saclibrary.org/GroupedWork/a6e621ba-9a8e-a381-5970-e8201bd9d41e-eng,"Mozart: the boy who changed the world with his music","Weeks, Marcus",9781426300035,,"National Geographic",2007,"Washington, D.C",Book,"Book::Arcade Children's Area: CHILDREN BIOGRAPHY Mozart, W. 2007. - On Shelf,Book::Colonial Heights Children's Area: CHILDREN BIOGRAPHY Mozart, W. 2007. - Checked Out"
https://catalog.saclibrary.org/GroupedWork/10e2a260-ac18-965f-7668-2d4267b0ac1b-eng,"Signing their rights away: the fame and misfortune of the men who signed the United States Constitution","Kiernan, Denise",9781683691273,,"Quirk Book; Quirk Books","2011 - 2019","Philadelphia, PA; Philadelphia",Book,"Book::Carmichael: 973.30922 K47 2011 - On Shelf,Book::North Natomas: 973.30922 K47 2011 - On Shelf,Book::Orangevale: 973.30922 K47 2011 - On Shelf"
https://catalog.saclibrary.org/GroupedWork/206b2e8f-d0fb-84cc-fe88-cda7a15a6d64-eng,"Stories for kids who dare to be different: true tales of amazing people who stood up and stood out","Brooks, Ben, 1992-",9780762468553,,"Hachette Audio; RP Kids; Running Press",2019,Philadelphia,eAudiobook;eBook;Book,"Book::Isleton Children's Area: CHILDREN 305 B873 2019 - On Shelf,Book::Pocket-Greenhaven Kids' Place: CHILDREN 305 B873 2019 - Checked Out,Book::Rancho Children's Area: CHILDREN 305 B873 2019 - Checked Out"
https://catalog.saclibrary.org/GroupedWork/88169592-9b48-e044-0cf7-b59f0d9a3b62-eng,"The lemon tree: an Arab, a Jew, and the heart of the Middle East","Tolan, Sandy",9781596913431,,"Bloomsbury Pub; Bloomsbury USA; Distributed to the trade by Holtzbrinck Publishers; Bloomsbury Publishing","2006 - 2020","New York",eAudiobook;eBook;Book,
https://catalog.saclibrary.org/GroupedWork/69420fac-cc63-4e7b-690b-cabb699be53a-eng,"The dream & the hope: the historic rise of Ketanji Brown Jackson to the nation's highest court","Thomas, Garen",9780063311442,,"HarperCollins; Harper",2026,"New York",eAudiobook;Book;eBook,"Book::Carmichael Children's Area: CHILDREN BIOGRAPHY Jackson, K. 2026 - On Shelf,Book::Central Kids Place - Lower Level: CHILDREN BIOGRAPHY Jackson, K. 2026 - On Shelf,Book::McKinley Children's Area: CHILDREN BIOGRAPHY Jackson, K. 2026 - On Shelf"
https://catalog.saclibrary.org/GroupedWork/6785b768-28f4-e143-0264-1166f2600f82-eng,"At last she stood: how Joey Guerrero spied, survived, and fought for freedom","Kelly, Erin Entrada",9780063218901,,"Greenwillow Books, an Imprint of HarperCollins Publishers; HarperCollins",2025,"New York, NY",eAudiobook;Book;eBook,"Book::Carmichael Children's Area: CHILDREN BIOGRAPHY Guerrero, J. 2025 - On Shelf,Book::Central Kids Place - Lower Level: CHILDREN BIOGRAPHY Guerrero, J. 2025 - On Shelf,Book::Franklin Children's: CHILDREN BIOGRAPHY Guerrero, J. 2025 - On Shelf"
https://catalog.saclibrary.org/GroupedWork/299fd65c-c579-5575-536f-021d126cad95-eng,"Taylor Swift: a baby's first biography","Forester, J. D",9780593888902,,"Grosset & Dunlap",2024,"New York, New York",Book,
https://catalog.saclibrary.org/GroupedWork/388fd249-074f-3b75-02da-805a0d8ecbda-eng,"Introducing Sandwina: the strongest woman in the world!","Conrad, Vicki",9781662680151,,"Recorded Books, Inc.; Astra Publishing House; Calkins Creek",2024,"[New York, New York]",eAudiobook;Book;eBook,"Book::Arcade Children's Area: CHILDREN BIOGRAPHY Sandwina, K. 2024 - On Shelf,Book::Central Kids Place - Lower Level: CHILDREN BIOGRAPHY Sandwina, K. 2024 - On Shelf,Book::Del Paso Heights Children's Area: CHILDREN BIOGRAPHY Sandwina, K. 2024 - On Shelf"
https://catalog.saclibrary.org/GroupedWork/0a8c3849-eef0-de27-77e5-60b019ab1702-eng,"Wyatt Earp: wild west lawman","Landau, Elaine",9780766022171,,"Enslow Publishers",2004,"Berkeley Heights, NJ",Book,"Book::Sylvan Oaks Children's Area: CHILDREN BIOGRAPHY Earp, W. 2004 - On Shelf,Book::Valley Hi-North Laguna Children's Area: CHILDREN BIOGRAPHY Earp, W. 2004 - On Shelf"
https://catalog.saclibrary.org/GroupedWork/2ee3696f-e6d3-29e8-2dc0-fa1803db96cc-eng,"Mary Morland in the time of dinosaur discovery","Kurtz, Jane",9781665955546,,"Beach Lane Books",2026,"New York",eBook;Book,"Book::Central Kids Place - Lower Level: CHILDREN BIOGRAPHY Morland, M. 2026 - On Shelf,Book::Franklin Children's: CHILDREN BIOGRAPHY Morland, M. 2026 - On Shelf,Book::McClatchy Children's Area: CHILDREN BIOGRAPHY Morland, M. 2026 - Checked Out"
https://catalog.saclibrary.org/GroupedWork/35bf0f5c-f5be-b2c3-b66b-a9ec29737aed-eng,"Groundbreaking guys: 40 men who became great by doing good","Peters, Stephanie True, 1965-",9780316529419,,"Little, Brown Books for Young Readers; Little, Brown and Company",2019,"New York",eBook;Book,"Book::Arcade Children's Area: CHILDREN 305.310922 P483 2019 - On Shelf,Book::Central Kids Place - Lower Level: CHILDREN 305.310922 P483 2019 - On Shelf,Book::Belle Cooledge Children's Area: CHILDREN 305.310922 P483 2019 - On Shelf"
https://catalog.saclibrary.org/GroupedWork/9acc50d0-f7d9-d653-c27f-511e5838200e-eng,"Willi Ninja: vogue legend","Ellison, Joy Michael",9781536230086,,"Candlewick Press",2026,"Somerville, Massachusetts",eBook;Book,"Book::Carmichael Children's Area: CHILDREN BIOGRAPHY Ninja, W. 2026 - On Shelf,Book::Central Kids Place - Lower Level: CHILDREN BIOGRAPHY Ninja, W. 2026 - Checked Out,Book::Central Kids Place - Lower Level: ON ORDER - On Order"
https://catalog.saclibrary.org/GroupedWork/431f3013-e093-5aa1-e0eb-fe0a77c672d1-eng,"Hokusai: he saw the world in a wave","Hodge, Susie, 1960-",9780744039788,,"DK; DK Publishing",2021,"New York, NY",eBook;Book,"Book::Central Kids Place - Lower Level: CHILDREN BIOGRAPHY Katsushika, H. 2021 - On Shelf,Book::Courtland Children's Area: CHILDREN BIOGRAPHY Katsushika, H. 2021 - On Shelf,Book::Fair Oaks Children's Area: CHILDREN BIOGRAPHY Katsushika, H. 2021 - Checked Out"
https://catalog.saclibrary.org/GroupedWork/457c2981-ce00-6c9e-16e0-8f7932a7f105-eng,"Dear America: notes of an undocumented citizen","Vargas, Jose Antonio",9780062914590,,"Dey St., an imprint of William Morrow; HarperCollins; HarperLuxe, an imprint of HarperCollins Publishers; HarperAudio; Harper, an imprint of HarperCollinsPublishers","2018 - 2019","New York, NY","eAudiobook;Large Print;eBook;Book","Book::Elk Grove Kids' Place: CHILDREN BIOGRAPHY Vargas, J. 2019 - On Shelf,Book::Franklin Children's: CHILDREN BIOGRAPHY Vargas, J. 2019 - On Shelf,Book::Rancho Children's Area: CHILDREN BIOGRAPHY Vargas, J. 2019 - On Shelf"
https://catalog.saclibrary.org/GroupedWork/1e54f2dc-21c8-ecee-67d3-fba201b4c506-eng,"Ordinary genius: the story of Albert Einstein","McPherson, Stephanie Sammartino",9780876147887,,"Carolrhoda Books",1995,Minneapolis,Book,"Book::Colonial Heights Children's Area: CHILDREN BIOGRAPHY Einstein, A. 1995 - On Shelf"
https://catalog.saclibrary.org/GroupedWork/bffe9d61-3aae-2dc5-0ed1-7324f8e408c8-eng,"Who was Coretta Scott King?","Herman, Gail, 1959-",9780451532619,,"Penguin Workshop, an imprint of Penguin Random House LLC; Penguin Young Readers Group",2017,"New York, New York",eBook;Book,"Book::Arcade Children's Area: CHILDREN BIOGRAPHY King, C. 2017 - On Shelf,Book::Carmichael Children's Area: CHILDREN BIOGRAPHY King, C. 2017 - On Shelf,Book::Courtland Children's Area: CHILDREN BIOGRAPHY King, C. 2017 - On Shelf"
https://catalog.saclibrary.org/GroupedWork/c4fac932-39ec-29eb-193e-e7ca16ca0b92-eng,"Who was Georgia O'Keeffe?","Fabiny, Sarah",9780448483061,,"Penguin Workshop; Books on Tape; Penguin Young Readers Group",2022,"New York",eAudiobook;Book;eBook,"Book::Colonial Heights Children's Area: CHILDREN BIOGRAPHY O'Keeffe, G. 2022 - On Shelf,Book::Franklin Children's: CHILDREN BIOGRAPHY O'Keeffe, G. 2022 - On Shelf,Book::Galt Children's Area: CHILDREN BIOGRAPHY O'Keeffe, G. 2022 - On Shelf"
https://catalog.saclibrary.org/GroupedWork/0ef6ad31-2d52-9748-caf9-5b488012cdbc-eng,"Girls solve everything: stories of women entrepreneurs building a better world","Thimmesh, Catherine",9780358106340,,"Clarion Books; Houghton Mifflin Harcourt; HarperCollins",2022,Boston,eAudiobook;eBook;Book,"Book::Central Kids Place - Lower Level: CHILDREN 305.43 T443 2022 - On Shelf,Book::Isleton Children's Area: CHILDREN 305.43 T443 2022 - On Shelf,Book::Pocket-Greenhaven Kids' Place: CHILDREN 305.43 T443 2022 - On Shelf"
https://catalog.saclibrary.org/GroupedWork/d95ed78b-8a61-f88a-8f3c-1aeadc04e4cd-eng,"Who is Lin-Manuel Miranda?","Matos, Elijah Rey-David",9780593750773,,"Penguin Workshop; Books on Tape; Penguin Young Readers Group",2024,"New York",eAudiobook;Book;eBook,"Book::Central Kids Place - Lower Level: CHILDREN BIOGRAPHY Miranda, L. 2024 - On Shelf,Book::Del Paso Heights Children's Area: CHILDREN BIOGRAPHY Miranda, L. 2024 - On Shelf,Book::Galt Children's Area: CHILDREN BIOGRAPHY Miranda, L. 2024 - Checked Out"
https://catalog.saclibrary.org/GroupedWork/9b7afa7d-7e9e-cd90-7ee3-71db34497e67-eng,"Chief Joseph: the voice for peace","Hopping, Lorraine Jean",9781402768422,,Sterling,2010,"New York",Book,"Book::Belle Cooledge Children's Area: CHILDREN BIOGRAPHY Joseph 2010 - On Shelf,Book::North Natomas Children's Area: CHILDREN BIOGRAPHY Joseph 2010 - On Shelf"
https://catalog.saclibrary.org/GroupedWork/3c1fe269-9d17-b858-6401-a591948bbe80-eng,"I'm just happy to be here: a memoir of renegade mothering","Hanchett, Janelle",9780316549417,,"Hachette Books; Hachette Audio; Grand Central Publishing","2018 - 2019","New York",eAudiobook;eBook;Book,"Book::Arcade: 616.869 H234 2018 - On Shelf,Book::Central: 616.869 H234 2018 - On Shelf,Book::Belle Cooledge: 616.869 H234 2018 - On Shelf"
https://catalog.saclibrary.org/GroupedWork/ee4bdeef-56ea-a0e3-c54c-e72f9a535281-eng,"I am not a label: 34 disabled artists, thinkers, athletes and activists from past and present","Burnell, Cerrie",9780711247451,,"Wide Eyed Editions; Wide Eyed Editions, an imprint of The Quarto Group","2020 - 2021","Beverly, MA",eAudiobook;eBook;Book,"Book::Central Kids Place - Lower Level: CHILDREN 305.908 B963 2020 - On Shelf,Book::Courtland Children's Area: CHILDREN 305.908 B963 2020 - On Shelf,Book::South Natomas Children's Area: CHILDREN 305.908 B963 2020 - On Shelf"
https://catalog.saclibrary.org/GroupedWork/404ea0e3-0d73-5856-5940-87c74dd510b9-eng,"Thomas Jefferson","Elston, Heidi M. D., 1979-",9781604534603,,"ABDO; ABDO Publishing Company; Big Buddy Books, an imprint of Abdo Publishing","2009 - 2025","Minneapolis, Minnesota; Edina, Minn",eBook;Book,"Book::Central Kids Place - Lower Level: CHILDREN BIOGRAPHY Jefferson, T. 2025 - On Shelf,Book::Fair Oaks Children's Area: CHILDREN BIOGRAPHY Jefferson, T. 2025 - On Shelf,Book::Franklin Children's: CHILDREN BIOGRAPHY Jefferson, T. 2025 - On Shelf"
https://catalog.saclibrary.org/GroupedWork/81c2a18a-fd31-957f-b24b-478763347b53-eng,"Taylor Swift: superstar!","Corey, Shana",9798217031535,,"Random House Children's Books; Random House",2025,"New York","Easy Reader;eBook","Easy Reader::Carmichael Children's Area: EASY READER 2 782.42164 S977zc 2025 - On Shelf,Easy Reader::Central Kids Place - Lower Level: EASY READER 2 782.42164 S977zc 2025 - On Shelf,Easy Reader::Colonial Heights Children's Area: EASY READER 2 782.42164 S977zc 2025 - Checked Out"
https://catalog.saclibrary.org/GroupedWork/90a17170-10c8-dbfd-af89-00060b63cb41-eng,"The totally awesome world of Steph Curry: learn all there is to know about your favorite MVP","Fischer, Neal E",9780760395417,,"becker&mayer! kids; becker&mayer!kids, an imprint of the Quarto Group",2025,"New York, NY",eBook;Book,"Book::Central Kids Place - Lower Level: CHILDREN BIOGRAPHY Curry, S. 2025 - On Shelf,Book::Belle Cooledge Children's Area: CHILDREN BIOGRAPHY Curry, S. 2025 - Checked Out,Book::North Natomas Children's Area: CHILDREN BIOGRAPHY Curry, S. 2025 - On Shelf"
https://catalog.saclibrary.org/GroupedWork/d8e0d692-9ca0-4a62-0731-b48baa75364d-eng,"Queer, there, and everywhere: 23 people who changed the world","Prager, Sarah, 1986-",9780062474315,,"HarperCollins; Harper, an imprint of HarperCollinsPublishers",2017,"New York, NY",eBook;Book,"Book::Central Teen Area - 3rd Floor: TEEN 306.766 P898 2017 - On Shelf,Book::Sacramento Public Library Storage: TEEN 306.766 P898 2017 - Checked Out"
https://catalog.saclibrary.org/GroupedWork/508be9a6-7be7-af66-cea5-e2762aa5bc72-eng,"Nina: a story of Nina Simone","Todd, Traci N",9781524737283,,"Books on Tape; G.P. Putnam's Sons; Penguin Young Readers Group",2021,"New York",eAudiobook;Book;eBook,"Book::Carmichael Children's Area: CHILDREN BIOGRAPHY Simone, N. 2021 - On Shelf,Book::Central Kids Place - Lower Level: CHILDREN BIOGRAPHY Simone, N. 2021 - On Shelf,Book::Colonial Heights Children's Area: CHILDREN BIOGRAPHY Simone, N. 2021 - On Shelf"
https://catalog.saclibrary.org/GroupedWork/82218157-bf90-6c45-7d89-f2e14fc55ffb-eng,"Stolen science: thirteen untold stories of scientists and inventors almost written out of history","Schwartz, Ella, 1974-",9781547602285,,"Bloomsbury Children's Books",2021,"New York",eBook;Book,"Book::Arcade Children's Area: CHILDREN 509 S399 2021 - On Shelf,Book::Elk Grove Kids' Place: CHILDREN 509 S399 2021 - On Shelf,Book::North Natomas Children's Area: CHILDREN 509 S399 2021 - On Shelf"
https://catalog.saclibrary.org/GroupedWork/f481c07c-631c-f857-bd92-e8aef1b339cb-eng,"Brown girl dreaming","Woodson, Jacqueline",9780399252518,,"Thorndike Press, a part of Gale, a Cengage Company; Listening Library; Nancy Paulsen Books, an imprint of Penguin Group (USA); Books on Tape; Penguin Young Readers Group","2014 - 2018","Waterville, Maine; New York; [New York]","eAudiobook;Audiobook - CD;eBook;Large Print;Book","Book::Arcade Children's Area: CHILDREN 811.54 W898b 2014 - On Shelf,Book::Carmichael Children's Area: CHILDREN 811.54 W898b 2014 - On Shelf,Book::Central Kids Place - Lower Level: CHILDREN 811.54 W898b 2014 - On Shelf"
https://catalog.saclibrary.org/GroupedWork/551df3ee-6f0a-6304-002e-827aa25f55d1-eng,"Trombone Shorty","Andrews, Troy",9781419714658,,"Live Oak Media; Abrams Books for Young Readers","2015 - 2018","New York; Pine Plains, NY","eAudiobook;Audiobook - CD;eBook;Book","Book::Carmichael Children's Area: CHILDREN BIOGRAPHY Andrews, T. 2015 - On Shelf,Book::Central Kids Place - Lower Level: CHILDREN BIOGRAPHY Andrews, T. 2015 - On Shelf,Book::Colonial Heights Children's Area: CHILDREN BIOGRAPHY Andrews, T. 2015 - On Shelf"
https://catalog.saclibrary.org/GroupedWork/55b832a8-c5c9-9be7-c799-fe9c75d242a1-eng,"Corrie Ten Boom: keeper of the angels' den","Benge, Janet, 1958-",9781576581360,,"YWAM Publishing; YWAM Pub","1999 - 2023","Seattle, WA",eAudiobook;Book,
https://catalog.saclibrary.org/GroupedWork/6de2398b-a0af-565c-a640-390419f24335-eng,"Stephen Hawking","McPherson, Stephanie Sammartino",9780822559504,,"Twenty-First Century Books",2007,Minneapolis,Book,"Book::North Natomas Children's Area: CHILDREN BIOGRAPHY Hawking, S. 2007 - On Shelf"
https://catalog.saclibrary.org/GroupedWork/b0dc4721-0dc4-f11f-7d47-9b46c0fa1b83-eng,"Take a hike, Teddy Roosevelt!","Murphy, Frank, 1952-",9780375969379,,"Random House Children's Books; Random House",2015,"New York",eBook;Book,"Book::Courtland Children's Area: CHILDREN BIOGRAPHY Roosevelt, T. 2015 - On Shelf,Book::Pocket-Greenhaven Kids' Place: CHILDREN BIOGRAPHY Roosevelt, T. 2015 - On Shelf,Book::Sylvan Oaks Children's Area: CHILDREN BIOGRAPHY Roosevelt, T. 2015 - Checked Out"
https://catalog.saclibrary.org/GroupedWork/067891f9-eee9-bddd-d36e-b30c72cfc427-eng,"Houdini's library: how books created the world's greatest magician","Rosenstock, Barb",9780593570135,,"Knopf; Random House Children's Books",2026,"New York, NY",eBook;Book,"Book::Arcade Children's Area: CHILDREN BIOGRAPHY Houdini, H. 2026 - On Shelf,Book::Carmichael Children's Area: CHILDREN BIOGRAPHY Houdini, H. 2026 - On Shelf,Book::Central Kids Place - Lower Level: CHILDREN BIOGRAPHY Houdini, H. 2026 - On Shelf"
https://catalog.saclibrary.org/GroupedWork/dea9bd2d-fc68-4fc1-0fa8-11f31ac8f139-eng,"Stories of the spirit of justice","Tisby, Jemar",9780310145592,,Zonderkidz,2025,"[Grand Rapids, Michigan]",eAudiobook;eBook;Book,"Book::Arcade Children's Area: CHILDREN 323.1196 T598 2025 - On Shelf,Book::Central Kids Place - Lower Level: CHILDREN 323.1196 T598 2025 - On Shelf,Book::Colonial Heights Children's Area: CHILDREN 323.1196 T598 2025 - On Shelf"
https://catalog.saclibrary.org/GroupedWork/20769964-8091-98fb-3533-e34b2f801b04-eng,"Jane Addams: the most dangerous woman in America","Brill, Marlene Targ",9780821425527,,"Ohio University Press",2024,Athens,Book,"Book::Central Kids Place - Lower Level: CHILDREN BIOGRAPHY Addams, J. 2024 - On Shelf,Book::Courtland Children's Area: CHILDREN BIOGRAPHY Addams, J. 2024 - On Shelf,Book::McClatchy Children's Area: CHILDREN BIOGRAPHY Addams, J. 2024 - Checked Out"
https://catalog.saclibrary.org/GroupedWork/c782d660-c2c7-96d7-55d9-c00a3347e88e-eng,"I am Neil Armstrong","Meltzer, Brad",9780735228726,,"Dial Books for Young Readers; Penguin Young Readers Group",2018,"New York",eBook;Book,"Book::Central Kids Place - Lower Level: CHILDREN BIOGRAPHY Armstrong, N. 2018 - On Shelf,Book::Colonial Heights Children's Area: CHILDREN BIOGRAPHY Armstrong, N. 2018 - On Shelf,Book::Elk Grove Kids' Place: CHILDREN BIOGRAPHY Armstrong, N. 2018 - On Shelf"
https://catalog.saclibrary.org/GroupedWork/b459d1fe-3757-5d9d-b1fc-8c448a566d2b-eng,Beyoncé,"Nagadya Isdahl, Nansubuga",9781419753718,,"ABRAMS; Abrams Books for Young Readers","2020 - 2021","New York",eBook;Book,"Book::Carmichael Children's Area: CHILDREN BIOGRAPHY Beyonce 2020 - On Shelf,Book::Franklin Children's: CHILDREN BIOGRAPHY Beyonce 2020 - On Shelf,Book::Walnut Grove Children's Area: CHILDREN BIOGRAPHY Beyonce 2020 - On Shelf"
https://catalog.saclibrary.org/GroupedWork/53beda6d-f75f-e50b-9f3b-ed258f31ffb9-eng,"Thomas Jefferson: a picture book biography","Giblin, James",9780590448383,,Scholastic,1994,"New York",Book,
https://catalog.saclibrary.org/GroupedWork/3891d892-5401-0d5e-1b02-f91d1fc6a1d1-eng,"Maryam's magic: the story of mathematician Maryam Mirzakhani","Reid, Megan",9780062915962,,"HarperCollins; Balzer + Bray, an imprint of HarperCollins Publishers",2021,"New York",eBook;Book,"Book::North Natomas Children's Area: CHILDREN BIOGRAPHY Mirzakhani, M. 2021 - On Shelf,Book::Orangevale: CHILDREN BIOGRAPHY Mirzakhani, M. 2021 - On Shelf,Book::Pocket-Greenhaven Kids' Place: CHILDREN BIOGRAPHY Mirzakhani, M. 2021 - On Shelf"
https://catalog.saclibrary.org/GroupedWork/c2d6ab88-4f79-1203-5925-218e6966ad93-eng,"Women in science: 50 fearless pioneers who changed the world","Ignotofsky, Rachel, 1989-",9781607749769,,"Ten Speed Press; Highbridge Company; HighBridge; Clarkson Potter/Ten Speed","2016 - 2019",Berkeley,eAudiobook;eBook;Book,"Book::Carmichael Children's Area: CHILDREN 509.252 I247 2016 - On Shelf,Book::Colusa Main Branch Juvenile Collection: J 509.252 I - On Shelf,Book::Folsom Children's Area: CHILDREN 509.252 IGN 2016 - On Shelf"
https://catalog.saclibrary.org/GroupedWork/790b1e5c-2bf8-df9e-b837-3a0874d03e2f-eng,"Golf's G.O.A.T: Jack Nicklaus, Tiger Woods, and more","Fishman, Jon M",9781728431574,,"Lerner Publishing Group; Lerner Publications","2021 - 2022",Minneapolis,eBook;Book,"Book::Carmichael Children's Area: CHILDREN 796.352 F537 2022 - On Shelf,Book::South Natomas Children's Area: CHILDREN 796.352 F537 2022 - On Shelf,Book::Rancho Children's Area: CHILDREN 796.352 F537 2022 - On Shelf"
https://catalog.saclibrary.org/GroupedWork/4e04674e-8693-8666-18fd-f421cb545f29-eng,"Rachel Carson's wonder-filled world: how the scientist, writer, and nature lover changed the environmental movement","Hannigan, Kate",9781662680571,,"Recorded Books, Inc.; Astra Publishing House; Calkins Creek, an imprint of Astra Books for Young Readers",2025,"New York",eAudiobook;Book;eBook,"Book::Central Kids Place - Lower Level: CHILDREN BIOGRAPHY Carson, R. 2025 - On Shelf,Book::Elk Grove Kids' Place: CHILDREN BIOGRAPHY Carson, R. 2025 - On Shelf,Book::Fair Oaks Children's Area: CHILDREN BIOGRAPHY Carson, R. 2025 - Checked Out"
https://catalog.saclibrary.org/GroupedWork/663d7f16-dd2a-44b2-fc71-1cf16df9bc3e-eng,"Life in motion: an unlikely ballerina","Copeland, Misty",9781481479806,,"Tantor Media, Inc.; Tantor Media, Inc; Touchstone; Aladdin","2014 - 2016","New York",eAudiobook;Book;eBook,"Book::Arcade Children's Area: CHILDREN BIOGRAPHY Copeland, M. 2016 - On Shelf,Book::North Natomas Children's Area: CHILDREN BIOGRAPHY Copeland, M. 2016 - On Shelf,Book::Pocket-Greenhaven Kids' Place: CHILDREN BIOGRAPHY Copeland, M. 2016 - In Transit"
https://catalog.saclibrary.org/GroupedWork/3e36a6e7-a4fc-7e5a-46ea-78c8e9380760-eng,"Ms. Gloria Steinem: a life","Conkling, Winifred",9781250244574,,"Feiwel and Friends, an imprint of Macmillan Publishing Group LLC; Feiwel & Friends","2020 - 2024","New York",eBook;Book,"Book::Carmichael Teen Area: TEEN BIOGRAPHY Steinem, G. 2020 - On Shelf,Book::Elk Grove Teen Area: TEEN BIOGRAPHY Steinem, G. 2020 - On Shelf,Book::Fair Oaks Teen Area: TEEN BIOGRAPHY Steinem, G. 2020 - On Shelf"
https://catalog.saclibrary.org/GroupedWork/45576870-4cf6-d5eb-468a-65e42e355c36-eng,"Who was Sojourner Truth?","McDonough, Yona Zeldis",9780448486789,,"Grosset & Dunlap; Penguin Young Readers Group",2015,"New York, New York",eBook;Book,"Book::Carmichael Children's Area: CHILDREN BIOGRAPHY Truth, S. 2015 - On Shelf,Book::Franklin Children's: CHILDREN BIOGRAPHY Truth, S. 2015 - On Shelf,Book::North Natomas Children's Area: CHILDREN BIOGRAPHY Truth, S. 2015 - On Shelf"
https://catalog.saclibrary.org/GroupedWork/4cc1469b-4d7e-5aee-3231-35b67f511e97-eng,"Hidden figures: the true story of four black women and the space race","Shetterly, Margot Lee",9780062742469,,"HarperCollins; Harper, an imprint of HarperCollinsPublishers; Scholastic Inc.","2018 - 2019","New York, NY",eBook;Book;eAudiobook,"Book::Arcade Children's Area: CHILDREN 510.9252 S554h 2018 - On Shelf,Book::Carmichael Children's Area: CHILDREN 510.9252 S554h 2018 - On Shelf,Book::Belle Cooledge Children's Area: CHILDREN 510.9252 S554h 2018 - Checked Out"
https://catalog.saclibrary.org/GroupedWork/89b49fba-c00c-0b01-f6bd-2e2ea02a08f1-eng,"The woman behind the magic: how Lillian B. Disney shaped the Disney legacy","Richman, Brittany",9781665962742,,"Beach Lane Books; Simon & Schuster Books for Young Readers",2025,"New York",eBook;Book,"Book::Carmichael Children's Area: CHILDREN BIOGRAPHY Disney, L. 2025 - On Shelf,Book::Central Kids Place - Lower Level: CHILDREN BIOGRAPHY Disney, L. 2025 - On Shelf,Book::Colonial Heights Children's Area: CHILDREN BIOGRAPHY Disney, L. 2025 - On Shelf"
https://catalog.saclibrary.org/GroupedWork/123b01cb-d324-232c-3414-7c3f2ac2a532-eng,"Who was Neil Armstrong?","Edwards, Roberta",9781417829408,,"Grosset & Dunlap, an imprint of Penguin Group (USA) Inc; Penguin Workshop; Books on Tape; Penguin Young Readers Group","2008 - 2018","New York; New York, New York, USA",eAudiobook;eBook;Book,"Book::Colonial Heights Children's Area: CHILDREN BIOGRAPHY Armstrong, N. 2018 - On Hold Shelf,Book::Elk Grove Kids' Place: CHILDREN BIOGRAPHY Armstrong, N. 2018 - Checked Out,Book::Valley Hi-North Laguna Children's Area: CHILDREN BIOGRAPHY Armstrong, N. 2018 - Checked Out"
https://catalog.saclibrary.org/GroupedWork/ba8205ce-74a9-2016-cbd7-2ab9416977be-eng,"A voice of hope: the Myrlie Evers-Williams story","Salomon, Nadia",9780593525913,,"Philomel; Penguin Young Readers Group",2024,"New York",eBook;Book,"Book::Central Kids Place - Lower Level: CHILDREN BIOGRAPHY Evers-Williams, M. 2024 - On Shelf,Book::Colonial Heights Children's Area: CHILDREN BIOGRAPHY Evers-Williams, M. 2024 - On Shelf,Book::Elk Grove Kids' Place: CHILDREN BIOGRAPHY Evers-Williams, M. 2024 - On Shelf"
https://catalog.saclibrary.org/GroupedWork/ba2008dc-e63c-1733-9d35-bbc09367ced6-eng,"I am Sally Ride","Meltzer, Brad",9780593533420,,"Rocky Pond Books; Penguin Young Readers Group",2025,"New York, New York",eBook;Book,"Book::Central Kids Place - Lower Level: CHILDREN BIOGRAPHY Ride, S. 2025 - On Shelf,Book::Colonial Heights Children's Area: CHILDREN BIOGRAPHY Ride, S. 2025 - On Shelf,Book::Fair Oaks Children's Area: CHILDREN BIOGRAPHY Ride, S. 2025 - Checked Out"
https://catalog.saclibrary.org/GroupedWork/9b2f0844-06f0-0198-f6ec-5f91c3f14471-eng,"Who is the Dalai Lama?","Rau, Dana Meachen, 1971-",9781524786137,,"Penguin Workshop, an imprint of Penguin Random House; Penguin Young Readers Group",2018,"New York",eBook;Book,"Book::Carmichael Children's Area: CHILDREN BIOGRAPHY Dalai Lama 2018 - On Shelf,Book::Belle Cooledge Children's Area: CHILDREN BIOGRAPHY Dalai Lama 2018 - On Shelf,Book::Elk Grove Kids' Place: CHILDREN BIOGRAPHY Dalai Lama 2018 - On Shelf"
https://catalog.saclibrary.org/GroupedWork/dd92c47a-32a5-d671-edfe-a4c7e3664d5b-eng,"Who is Harry Styles?","Anderson, Kirsten",9780593662656,,"Books on Tape; Penguin Workshop",2023,"New York",eAudiobook;Book,"Book::Carmichael Children's Area: CHILDREN BIOGRAPHY Styles, H. 2023 - On Shelf,Book::Franklin Children's: CHILDREN BIOGRAPHY Styles, H. 2023 - On Shelf,Book::South Natomas Children's Area: CHILDREN BIOGRAPHY Styles, H. 2023 - On Shelf"
https://catalog.saclibrary.org/GroupedWork/62983f78-1357-e6ff-019f-6d0729dd8d62-eng,"I am Oprah Winfrey","Meltzer, Brad",9780593405826,,"Dial Books for Young Readers; Penguin Young Readers Group",2021,"New York",eBook;Book,"Book::McKinley Children's Area: CHILDREN BIOGRAPHY Winfrey, O. 2021 - On Shelf,Book::North Natomas Children's Area: CHILDREN BIOGRAPHY Winfrey, O. 2021 - On Shelf,Book::Orangevale: CHILDREN BIOGRAPHY Winfrey, O. 2021 - On Shelf"
https://catalog.saclibrary.org/GroupedWork/a8098c79-f4ad-beea-d764-4e6dc16483bd-eng,"Oscar de la Hoya: the golden boy","Savage, Jeff, 1961-",9780736864183,,"Capstone Press",2007,"Mankato, Minn",Book,"Book::North Natomas Children's Area: CHILDREN BIOGRAPHY De la Hoya, O. 2007 - On Shelf"
https://catalog.saclibrary.org/GroupedWork/ce322c9d-73ef-3488-959c-9d8b70fc3325-eng,"Andrew Johnson","Gunderson, Megan M., 1981-",9781098294694,,"ABDO; ABDO Publishing Company; Big Buddy Books, an imprint of Abdo Publishing","2009 - 2025","Minneapolis, Minnesota; Edina, Minn",eBook;Book,"Book::Arcade Children's Area: CHILDREN BIOGRAPHY Johnson, A. 2024 - On Shelf,Book::Central Kids Place - Lower Level: CHILDREN BIOGRAPHY Johnson, A. 2024 - On Shelf,Book::Fair Oaks Children's Area: CHILDREN BIOGRAPHY Johnson, A. 2024 - On Shelf"
https://catalog.saclibrary.org/GroupedWork/d337cd09-0986-faac-9b77-fcf062508927-eng,"Little leaders: bold women in black history","Harrison, Vashti",9780316475112,,"Hachette Audio for Young Listeners; Hachette Audio; Little, Brown Books for Young Readers; Little, Brown and Company",2017,"New York",eAudiobook;eBook;Book,"Book::Arcade Children's Area: CHILDREN 973.0496 H322 2017 - On Shelf,Book::Carmichael Children's Area: CHILDREN 973.0496 H322 2017 - On Shelf,Book::Central Kids Place - Lower Level: CHILDREN 973.0496 H322 2017 - On Shelf"
https://catalog.saclibrary.org/GroupedWork/715de4cf-4b22-156e-6e50-38e610bde54e-eng,"Writing toward justice: the life and reporting of Alice A. Dunnigan","Thomas, Peggy, 1960-",9781662680892,,"Recorded Books, Inc.; Astra Publishing House; Calkins Creek, an imprint of Astra Books for Young Readers",2026,"New York",eAudiobook;Book;eBook,"Book::Arcade Children's Area: CHILDREN BIOGRAPHY Dunnigan, A. 2026 - On Shelf,Book::Carmichael Children's Area: CHILDREN BIOGRAPHY Dunnigan, A. 2026 - On Shelf,Book::Central Kids Place - Lower Level: CHILDREN BIOGRAPHY Dunnigan, A. 2026 - Checked Out"
https://catalog.saclibrary.org/GroupedWork/ae3eabbb-d15b-949c-86ef-c29eab65f00f-eng,"Fighting for yes!: the story of disability rights activist Judith Heumann","Cocca-Leffler, Maryann, 1958-",9781419755606,,"Abrams; ABRAMS; Dreamscape Media; Abrams Books for Young Readers","2022 - 2023","New York",eAudiobook;eBook;Book,"Book::Carmichael Children's Area: CHILDREN BIOGRAPHY Heumann, J. 2022 - On Shelf,Book::Central Kids Place - Lower Level: CHILDREN BIOGRAPHY Heumann, J. 2022 - On Shelf,Book::Del Paso Heights Children's Area: CHILDREN BIOGRAPHY Heumann, J. 2022 - On Shelf"
https://catalog.saclibrary.org/GroupedWork/a4e72c87-93bf-d7dd-da43-ff3f93015630-eng,"She can STEM: 50 trailblazing women in science from ancient history to today","Heinecke, Liz Lee",9780760386064,,"Quarry Books; Quarry Books, an imprint of The Quarto Group",2024,"Beverly, MA",eBook;Book,"Book::Arcade Children's Area: CHILDREN 509.252 H468 2024 - On Shelf,Book::Carmichael Children's Area: CHILDREN 509.252 H468 2024 - On Shelf,Book::Central Kids Place - Lower Level: CHILDREN 509.252 H468 2024 - On Shelf"
https://catalog.saclibrary.org/GroupedWork/0f8785ce-30a2-262e-2117-76c070b6d15f-eng,"10 at 10: the surprising childhoods of ten remarkable people","Beccia, Carlyn",9781541545007,,"Lerner Publishing Group; Carolrhoda Books",2022,"Minneapolis, MN",eBook;Book,"Book::Carmichael Children's Area: CHILDREN 920.0083 B388 2022 - Checked Out,Book::Central Kids Place - Lower Level: CHILDREN 920.0083 B388 2022 - On Shelf,Book::Fair Oaks Children's Area: CHILDREN 920.0083 B388 2022 - On Shelf"
https://catalog.saclibrary.org/GroupedWork/7b31d7a0-e73b-97e8-61f7-699ee0377700-eng,"Harriet Tubman: a photo-illustrated biography","McLoone, Margo",9781560655190,,"Bridgestone Press",1997,"Mankato, Minn",Book,
https://catalog.saclibrary.org/GroupedWork/ec5ae201-3520-b387-8125-182933a217e8-eng,"Beyond they/them: 20 influential nonbinary and gender-diverse people you should know","Dickson, Em",9781524893996,,"Andrews McMeel Publishing",2025,"Kansas City, Missouri",eBook;Book,"Book::Central Teen Area - 3rd Floor: TEEN 306.76 D554 2025 - On Shelf,Book::Colonial Heights: TEEN 306.76 D554 2025 - On Shelf,Book::Franklin Teen: TEEN 306.76 D554 2025 - On Shelf"
https://catalog.saclibrary.org/GroupedWork/209d690a-6b74-c185-0a10-a599d02912b1-eng,"Kid Olympians, summer: true tales of childhood from champions and game changers","Stevenson, Robin, 1968-",9781683693710,,"Quirk Books; Dreamscape Media",2024,Philadelphia,eAudiobook;Book;eBook,"Book::Central Kids Place - Lower Level: CHILDREN 796.0922 S848 2024 - Checked Out,Book::Galt Children's Area: CHILDREN 796.0922 S848 2024 - On Shelf,Book::Pocket-Greenhaven Kids' Place: CHILDREN 796.0922 S848 2024 - On Shelf"
https://catalog.saclibrary.org/GroupedWork/ee35f115-5ce1-82cb-c333-19431d918d5c-eng,"Alice Waters cooks up a food revolution","Stanley, Diane",9781534461406,,"A Paula Wiseman Book/Beach Lane Books; Simon & Schuster Books for Young Readers",2022,"New York",eBook;Book,"Book::Arcade Children's Area: CHILDREN BIOGRAPHY Waters, A. 2022 - On Shelf,Book::Elk Grove Kids' Place: CHILDREN BIOGRAPHY Waters, A. 2022 - On Shelf,Book::Fair Oaks Children's Area: CHILDREN BIOGRAPHY Waters, A. 2022 - On Shelf"
https://catalog.saclibrary.org/GroupedWork/e770b42d-102d-d9e2-9185-8937a478fe72-eng,"Who is Cristiano Ronaldo?","Buckley, James, Jr., 1963-",9780593226353,,"Penguin Workshop; Books on Tape; Penguin Young Readers Group","2022 - 2025","New York",eAudiobook;Book;eBook,"Book::Arcade Children's Area: CHILDREN BIOGRAPHY Ronaldo, C. 2022 - Checked Out,Book::Carmichael Children's Area: CHILDREN BIOGRAPHY Ronaldo, C. 2022 - Checked Out,Book::Central Kids Place - Lower Level: CHILDREN BIOGRAPHY Ronaldo, C. 2022 - Checked Out"
https://catalog.saclibrary.org/GroupedWork/e8d21a06-cce0-3805-ece5-fb3bdaddbbd7-eng,"Who did it first?: 50 politicians, activists, and entrepreneurs who revolutionized the world","Leslie, Jay",9781250211729,,"Henry Holt and Co. (BYR); Henry Holt and Company",2020,"New York",eBook;Book,"Book::Arcade Children's Area: CHILDREN 324.20922 L635 2020 - On Shelf,Book::Rancho Children's Area: CHILDREN 324.20922 L635 2020 - On Shelf,Book::Sylvan Oaks Children's Area: CHILDREN 324.20922 L635 2020 - On Shelf"
https://catalog.saclibrary.org/GroupedWork/eb5d26eb-4b74-a8c2-d438-b1eee6219a77-eng,"Sing with me: the story of Selena Quintanilla","López, Diana",9780593110959,,"Dial Books for Young Readers; Penguin Young Readers Group",2021,"New York",eBook;Book,"Book::Carmichael Children's Area: CHILDREN BIOGRAPHY Selena 2021 - On Shelf,Book::Fair Oaks Children's Area: CHILDREN BIOGRAPHY Selena 2021 - On Shelf,Book::Sacramento Public Library Storage: CHILDREN BIOGRAPHY Selena 2021 - On Shelf"
https://catalog.saclibrary.org/GroupedWork/b3d3fdf7-8e12-7c57-5d99-8e5e8d8432ea-eng,"Rad girls can: stories of bold, brave, and brilliant young women","Schatz, Kate",9780399581106,,"Ten Speed Press; Clarkson Potter/Ten Speed",2018,California,eBook;Book,"Book::Central Kids Place - Lower Level: CHILDREN 305.23082 S312 2018 - Checked Out,Book::North Natomas Children's Area: CHILDREN 305.23082 S312 2018 - On Shelf,Book::North Sacramento-Hagginwood Children's Area: CHILDREN 305.23082 S312 2018 - On Shelf"
https://catalog.saclibrary.org/GroupedWork/cfea1b1a-bf46-00a2-1915-5ddcf4c98f04-eng,"Make a pretty sound: a story of Ella Jenkins-- the first lady of children's music","Todd, Traci N",9781452170640,,"Recorded Books, Inc.; Chronicle Books LLC; Chronicle Books",2025,"San Francisco",eAudiobook;eBook;Book,"Book::Central Kids Place - Lower Level: CHILDREN BIOGRAPHY Jenkins, E. 2025 - On Shelf,Book::Colonial Heights Children's Area: CHILDREN BIOGRAPHY Jenkins, E. 2025 - On Shelf,Book::McKinley Children's Area: CHILDREN BIOGRAPHY Jenkins, E. 2025 - On Shelf"
https://catalog.saclibrary.org/GroupedWork/2922ae5e-d3e3-98b5-2550-d9af532036fd-eng,"Who is Shaun White?","Pryor, Shawn",9780593750803,,"Penguin Workshop; Books on Tape; Penguin Young Readers Group",2024,"New York",eAudiobook;Book;eBook,"Book::Carmichael Children's Area: CHILDREN BIOGRAPHY White, S. 2024 - On Shelf,Book::Central Kids Place - Lower Level: CHILDREN BIOGRAPHY White, S. 2024 - On Shelf,Book::Colonial Heights Children's Area: CHILDREN BIOGRAPHY White, S. 2024 - On Shelf"
https://catalog.saclibrary.org/GroupedWork/5cbf99c6-a13d-6075-ce1d-f34e6fa804f0-eng,Pharrell,,9781622509263,,"Saddleback Educational Publishing",2015,"[Costa Mesa, CA]","New Reader","New Reader::North Natomas: ADULT NEW READERS 782.421649 W726 2015 - On Shelf"
https://catalog.saclibrary.org/GroupedWork/4fbb3c34-2218-f1e8-9215-9e5cce1e472b-eng,"Who was Cleopatra?","Waterfield, Kathryn",9780593750308,,"Penguin Workshop; Books on Tape; Penguin Young Readers Group",2026,"New York, New York",eAudiobook;Book;eBook,"Book::Arcade Children's Area: CHILDREN BIOGRAPHY Cleopatra 2026 - On Shelf,Book::Central Kids Place - Lower Level: CHILDREN BIOGRAPHY Cleopatra 2026 - Checked Out,Book::Central Kids Place - Lower Level: ON ORDER - On Order"
https://catalog.saclibrary.org/GroupedWork/3aefa087-4b40-6ae1-013b-b23d50a649fb-eng,"Nuestra America: 30 inspiring latinas/latinos who have shaped the United States","Vourvoulias, Sabrina",9780762497478,,"Running Press Kids",2020,[Philadelphia],Book,"Book::Carmichael Children's Area: CHILDREN 920.0092 V973 2020 - On Shelf,Book::Belle Cooledge Children's Area: CHILDREN 920.0092 V973 2020 - On Shelf,Book::Fair Oaks Children's Area: CHILDREN 920.0092 V973 2020 - On Shelf"
https://catalog.saclibrary.org/GroupedWork/7f78fbd2-dba4-d30f-0ccc-8e85abdeaf10-eng,"Ladies of liberty: the women who shaped our nation","Roberts, Cokie",9780060782351,,"William Morrow; HarperCollins; Harper Perennial; Harper, an imprint of HarperCollinsPublishers","2008 - 2017","New York; New York, NY",eBook;Book,"Book::Carmichael Children's Area: CHILDREN 973.40922 R643 2017 - On Shelf,Book::Central Kids Place - Lower Level: CHILDREN 973.40922 R643 2017 - On Shelf,Book::Valley Hi-North Laguna Children's Area: CHILDREN 973.40922 R643 2017 - On Shelf"
https://catalog.saclibrary.org/GroupedWork/d3fd4cdf-e3c2-b1ba-d4ab-3378119d409a-eng,"Extraordinary people: a semi-comprehensive guide to some of the world's most fascinating individuals","Hearst, Michael, 1972-",9781452127095,,"Chronicle Books LLC; Chronicle Books",2015,"San Francisco",eBook;Book,"Book::Central Kids Place - Lower Level: CHILDREN 920 H426 2015 - On Shelf,Book::Belle Cooledge Children's Area: CHILDREN 920 H426 2015 - On Shelf,Book::Del Paso Heights Children's Area: CHILDREN 920 H426 2015 - On Shelf"
https://catalog.saclibrary.org/GroupedWork/926f6ff6-5f9f-fa69-bc41-5a235ae8a746-eng,"The truths we hold: an American journey","Harris, Kamala, 1964-",9781984837066,,"Philomel; Thorndike Press; Penguin Audio; Penguin Publishing Group; Books on Tape; Penguin Press","2019 - 2020","New York; New York, NY; [New York, NY]","eAudiobook;Audiobook - CD;eBook;Large Print;Book","Book::Arcade: 328.73 H314 2019 - On Shelf,Book::Carmichael: 328.73 H314 2019 - On Shelf,Book::Central: 328.73 H314 2019 - On Shelf"
https://catalog.saclibrary.org/GroupedWork/1d6ba750-f424-fb88-0f2a-9f66c8887b32-eng,"Michelle Obama: an American story","Colbert, David",9780547247700,,"Houghton Mifflin; Houghton Mifflin Harcourt; HMH Books for Young Readers",2009,Boston,eBook;Book,"Book::Del Paso Heights Children's Area: CHILDREN BIOGRAPHY Obama, M. 2009 - On Shelf,Book::Woodland Public Library Children's Area: CHILDREN BIOGRAPHY Obama 2009 - On Shelf"
https://catalog.saclibrary.org/GroupedWork/1c0b8c15-9c69-53f9-403f-3b425cde1dfa-eng,"Path to the stars: my journey from Girl Scout to rocket scientist","Acevedo, Sylvia",9781328809568,,"Tantor Media, Inc.; Clarion Books, Houghton Mifflin Harcourt; HarperCollins; Tantor Media, Inc","2018 - 2019",Boston,eAudiobook;eBook;Book,"Book::Arcade Children's Area: CHILDREN BIOGRAPHY Acevedo, S. 2018 - On Shelf,Book::Central Kids Place - Lower Level: CHILDREN BIOGRAPHY Acevedo, S. 2018 - On Shelf,Book::Rancho Children's Area: CHILDREN BIOGRAPHY Acevedo, S. 2018 - On Shelf"
https://catalog.saclibrary.org/GroupedWork/23113a40-b6c0-bbd2-4265-ab79d823fd0f-eng,Night,"Wiesel, Elie, 1928-2016",9780374500016,,"Thorndike Press, a part of Gale, a Cengage Company; Hill and Wang; Recorded Books, Inc.; Audio Bookshelf,LLC; Recorded Books; Farrar, Straus and Giroux; Audio Bookshelf","2000 - 2020","New York; Waterville; Prince Frederick, Md; Northport, ME","eAudiobook;Audiobook - CD;eBook;Large Print;Book","Book::Central: 940.5318 W6512n 2017 - Checked Out,Book::Belle Cooledge: 940.5318 W6512n 2017 - On Shelf,Book::Rio Linda: 940.5318 W6512n 2017 - Checked Out"
https://catalog.saclibrary.org/GroupedWork/0707d7b6-fa6a-adc9-c312-85b4282360c0-eng,"Fly girls: how five daring women defied all odds and made aviation history","O'Brien, Keith, 1973-",9781328618429,,"Thorndike Press, a part of Gale, a Cengage Company; Recorded Books, Inc.; Highbridge Company; Houghton Mifflin Harcourt; HarperCollins; HighBridge","2018 - 2026","Waterville, Maine; Boston","eAudiobook;Large Print;eBook;Book","Book::Carmichael Children's Area: CHILDREN 629.1309 O13 2019 - On Shelf,Book::Belle Cooledge Children's Area: CHILDREN 629.1309 O13 2019 - Checked Out,Book::Elk Grove Kids' Place: CHILDREN 629.1309 O13 2019 - On Shelf"
https://catalog.saclibrary.org/GroupedWork/ed2660ed-3062-0f18-6888-9960117284a3-eng,"¡Viva Valenzuela!: fernandomania erupts in Los Angeles","Alonso, Nathalie",9781662680274,,"Recorded Books, Inc.; Astra Publishing House; Calkins Creek Books",2026,"New York",eAudiobook;Book;eBook,"Book::Carmichael Children's Area: CHILDREN BIOGRAPHY Valenzuela, F. 2026 - On Shelf,Book::Central Kids Place - Lower Level: CHILDREN BIOGRAPHY Valenzuela, F. 2026 - On Shelf,Book::North Natomas Children's Area: CHILDREN BIOGRAPHY Valenzuela, F. 2026 - On Shelf"
https://catalog.saclibrary.org/GroupedWork/f5965879-1de2-1590-67aa-38bf94ebb7d0-eng,"What Louis Brandeis knows: a crusader for social justice becomes a Supreme Court Justice","Michelson, Richard",9781662680632,,"Recorded Books, Inc.; Astra Publishing House; Calkins Creek, an imprint of Astra Books for Young Readers",2025,"New York",eAudiobook;Book;eBook,"Book::Arcade Children's Area: CHILDREN BIOGRAPHY Brandeis, L. 2025 - On Shelf,Book::Central Kids Place - Lower Level: CHILDREN BIOGRAPHY Brandeis, L. 2025 - On Shelf,Book::Fair Oaks Children's Area: CHILDREN BIOGRAPHY Brandeis, L. 2025 - On Shelf"
https://catalog.saclibrary.org/GroupedWork/255212d3-a35c-5596-6080-387f7c165951-eng,"Who is Simone Biles?","Loh, Stefanie",9780593521762,,"Penguin Workshop; Books on Tape; Penguin Young Readers Group",2023,"New York",eAudiobook;Book;eBook,"Book::Carmichael Children's Area: CHILDREN BIOGRAPHY Biles, S. 2023 - Checked Out,Book::Courtland Children's Area: CHILDREN BIOGRAPHY Biles, S. 2023 - On Shelf,Book::Franklin Children's: CHILDREN BIOGRAPHY Biles, S. 2023 - On Shelf"
https://catalog.saclibrary.org/GroupedWork/2f87b598-6c4c-220a-c039-55a3d8ae86a2-eng,"Classified: the secret career of Mary Golda Ross, Cherokee aerospace engineer","Sorell, Traci",9781541579149,,"Millbrook Press; Lerner Publishing Group; Dreamscape Media","2021 - 2022",Minneapolis,eAudiobook;eBook;Book,"Book::Belle Cooledge Children's Area: CHILDREN BIOGRAPHY Ross, M. 2021 - On Shelf,Book::Courtland Children's Area: CHILDREN BIOGRAPHY Ross, M. 2021 - On Shelf,Book::South Natomas Children's Area: CHILDREN BIOGRAPHY Ross, M. 2021 - On Shelf"
https://catalog.saclibrary.org/GroupedWork/c986941b-5095-8434-4f66-a50ffc9f2997-eng,"Loudmouth: Emma Goldman vs. America (a love story)","Heiligman, Deborah",9781250823076,,"Farrar Straus Giroux Books for Young Readers; Farrar, Straus and Giroux (BYR); Macmillan Audio",2025,"New York, NY",eAudiobook;Book;eBook,"Book::Central Teen Area - 3rd Floor: TEEN BIOGRAPHY Goldman, E. 2025 - On Shelf,Book::Elk Grove Teen Area: TEEN BIOGRAPHY Goldman, E. 2025 - On Shelf,Book::McKinley Children's Area: TEEN BIOGRAPHY Goldman, E. 2025 - On Shelf"
https://catalog.saclibrary.org/GroupedWork/10231948-8659-6fbb-ba74-036bec662d8c-eng,"The year of the buttered cat: a mostly true story","Haas, Susan, 1964-",9781734225938,,"Little, Brown and Company; Penelope Editions","2021 - 2024","New York; Oklahoma City",Book,"Book::Carmichael Children's Area: CHILDREN BIOGRAPHY Haas, L. 2024 - On Shelf,Book::Central Kids Place - Lower Level: CHILDREN BIOGRAPHY Haas, L. 2024 - On Shelf,Book::Elk Grove Kids' Place: CHILDREN BIOGRAPHY Haas, L. 2024 - Checked Out"
https://catalog.saclibrary.org/GroupedWork/337f0677-829f-7943-ae00-15898dbbb5be-eng,"I am Malala: how one girl stood up for education and changed the world","Yousafzai, Malala, 1997-",9780316327930,,"Thorndike Press, a part of Gale, a Cengage Company; Hachette Audio; Little, Brown Books for Young Readers; Little, Brown and Company","2014 - 2018","Waterville, Maine; New York","eAudiobook;eBook;Large Print;Book","Book::Central Kids Place - Lower Level: CHILDREN 371.822 Y82 2014 - Checked Out,Book::Barber Branch: ADULT NEW READERS BIOGRAPHY YOUSAFZAI - On Shelf,Book::Folsom Children's Area: CHILDREN BIOGRAPHY Yousafzai 2014 - On Shelf"
https://catalog.saclibrary.org/GroupedWork/ceeb125c-131f-5846-3d9a-348917baa572-eng,"Who is Shohei Ohtani?","Buckley, James, Jr., 1963-",9780593888285,,"Penguin Workshop; Books on Tape; Penguin Young Readers Group",2025,"New York, New York",eAudiobook;Book;eBook,"Book::Central Kids Place - Lower Level: CHILDREN BIOGRAPHY Ohtani, S. 2025 - On Shelf,Book::Belle Cooledge Children's Area: CHILDREN BIOGRAPHY Ohtani, S. 2025 - On Shelf,Book::Fair Oaks Children's Area: CHILDREN BIOGRAPHY Ohtani, S. 2025 - On Shelf"
https://catalog.saclibrary.org/GroupedWork/d15841b4-4914-f0d0-ccbb-4704d67fce50-eng,"Bold, brilliant, and Latine: meet 52 Latine and Hispanic heroes from past and present","Reynoso-Morris, Alyssa",9780711294363,,"Wide Eyed Editions",2025,"Beverly, MA",eBook;Book,"Book::Central Kids Place - Lower Level: CHILDREN 920.0092 R466 2025 - On Shelf,Book::North Natomas Children's Area: CHILDREN 920.0092 R466 2025 - On Shelf,Book::Southgate Children's Area: CHILDREN 920.0092 R466 2025 - On Shelf"
https://catalog.saclibrary.org/GroupedWork/5e4ab0e5-9bd2-3a67-c185-36700785be78-eng,"Dazzling Zelda: the story of fashion designer Zelda Wynn Valdes","Lewis, Aura",9781665918299,,"Beach Lane Books",2024,"New York",eBook;Book,"Book::Central Kids Place - Lower Level: CHILDREN BIOGRAPHY Valdes, Z. 2024 - On Shelf,Book::Colonial Heights Children's Area: CHILDREN BIOGRAPHY Valdes, Z. 2024 - On Shelf,Book::Elk Grove Kids' Place: CHILDREN BIOGRAPHY Valdes, Z. 2024 - On Shelf"
https://catalog.saclibrary.org/GroupedWork/36a7397b-0095-109a-5df8-07a4f903933a-eng,"Ordinary days: the seeds, sound, and city that grew Prince Rogers Nelson","Joy, Angela, 1975-",9781250797032,,"Macmillan Audio; Roaring Brook Press","2023 - 2024","New York",eAudiobook;eBook;Book,"Book::Central Kids Place - Lower Level: CHILDREN BIOGRAPHY Prince 2023 - On Shelf,Book::Courtland Children's Area: CHILDREN BIOGRAPHY Prince 2023 - On Shelf,Book::Elk Grove Kids' Place: CHILDREN BIOGRAPHY Prince 2023 - On Shelf"
https://catalog.saclibrary.org/GroupedWork/1a7c268a-7e5d-d42c-1ee1-75787374a5d0-eng,"Frederick Douglass: a photo-illustrated biography","McLoone, Margo",9781560655176,,"Bridgestone Press",1997,"Mankato, Minn",Book,
https://catalog.saclibrary.org/GroupedWork/ba5c1f2c-9ecb-290e-930d-e2de4cca1856-eng,"Notes from a young Black chef","Onwuachi, Kwame",9780593176009,,"Delacorte Press; Alfred A. Knopf; Knopf Doubleday Publishing Group; Books on Tape","2019 - 2021","New York",eAudiobook;Book;eBook,"Book::Arcade Teen Area: TEEN BIOGRAPHY Onwuachi, K. 2021 - On Shelf,Book::Central Teen Area - 3rd Floor: TEEN BIOGRAPHY Onwuachi, K. 2021 - On Shelf,Book::Elk Grove Teen Area: TEEN BIOGRAPHY Onwuachi, K. 2021 - On Shelf"
https://catalog.saclibrary.org/GroupedWork/cfcd71b5-b6eb-4e1d-1b55-afbdd8cde3bb-eng,"Who was Michelangelo?","Anderson, Kirsten",9780399543951,,"Penguin Workshop; Books on Tape; Penguin Young Readers Group",2022,"New York",eAudiobook;Book;eBook,"Book::Carmichael Children's Area: CHILDREN BIOGRAPHY Michelangelo 2022 - On Shelf,Book::Central Kids Place - Lower Level: CHILDREN BIOGRAPHY Michelangelo 2022 - On Shelf,Book::Courtland Children's Area: CHILDREN BIOGRAPHY Michelangelo 2022 - On Shelf"
https://catalog.saclibrary.org/GroupedWork/bb104029-6a0f-7ba6-695b-985cba86dc5b-eng,"Who is Billie Jean King?","Fabiny, Sarah",9780593519172,,"Penguin Workshop; Books on Tape; Penguin Young Readers Group",2024,"New York",eAudiobook;Book;eBook,"Book::Central Kids Place - Lower Level: CHILDREN BIOGRAPHY King, B. 2024 - On Shelf,Book::North Natomas Children's Area: CHILDREN BIOGRAPHY King, B. 2024 - Checked Out,Book::North Sacramento-Hagginwood Children's Area: CHILDREN BIOGRAPHY King, B. 2024 - On Shelf"
https://catalog.saclibrary.org/GroupedWork/35987391-50e2-1556-222a-269635716ae9-eng,"Harriet Tubman","Pinkney, Andrea Davis",9780593115664,,"Philomel; Penguin Young Readers Group",2021,"New York",eBook;Book,"Book::Central Kids Place - Lower Level: CHILDREN BIOGRAPHY Tubman, H. 2021 - Checked Out,Book::Elk Grove Kids' Place: CHILDREN BIOGRAPHY Tubman, H. 2021 - On Shelf,Book::Fair Oaks Children's Area: CHILDREN BIOGRAPHY Tubman, H. 2021 - Checked Out"
https://catalog.saclibrary.org/GroupedWork/c5c5faf3-2ba0-cc8f-31b7-a76d4184b15a-eng,"Rewriting the rules: how Dr. Kathleen Friel created new possibilities for brain research and disability","Zeiger, Danna",9798765647271,,"Millbrook Press; Lerner Publishing Group",2025,Minneapolis,eBook;Book,"Book::Carmichael Children's Area: CHILDREN BIOGRAPHY Friel, K. 2025 - Checked Out,Book::Central Kids Place - Lower Level: CHILDREN BIOGRAPHY Friel, K. 2025 - On Shelf,Book::Franklin Children's: CHILDREN BIOGRAPHY Friel, K. 2025 - On Shelf"
https://catalog.saclibrary.org/GroupedWork/ff30ecc1-5f8c-a440-6541-9dc55b26f9d6-eng,"Beyond the game: Maya Moore","Maraniss, Andrew",9780593526194,,"Viking; Books on Tape",2024,"New York",eAudiobook;Book,"Book::Carmichael Children's Area: CHILDREN BIOGRAPHY Moore, M. 2024 - On Shelf,Book::Central Kids Place - Lower Level: CHILDREN BIOGRAPHY Moore, M. 2024 - On Shelf,Book::Belle Cooledge Children's Area: CHILDREN BIOGRAPHY Moore, M. 2024 - On Shelf"
https://catalog.saclibrary.org/GroupedWork/24d9a29d-3997-c372-8d7c-9acf965b4868-eng,"Fearless: the story of Daphne Caruana Galizia, defender of free speech","Gattaldo (Illustrator)",9781536219180,,"Candlewick Press","2021 - 2022","Somerville, Massachusetts",eBook;Book,"Book::McKinley Children's Area: CHILDREN BIOGRAPHY Galizia, D. 2021 - On Shelf,Book::Pocket-Greenhaven Kids' Place: CHILDREN BIOGRAPHY Galizia, D. 2021 - On Shelf,Book::Southgate Children's Area: CHILDREN BIOGRAPHY Galizia, D. 2021 - On Shelf"
https://catalog.saclibrary.org/GroupedWork/8b7006bc-2898-f3f2-5a0f-74c32682958a-eng,"I am Harriet Tubman","Meltzer, Brad",9780735228719,,"Dial Books for Young Readers; Penguin Young Readers Group",2018,"New York, NY",eBook;Book,"Book::Arcade Children's Area: CHILDREN BIOGRAPHY Tubman, H. 2018 - On Shelf,Book::Central Kids Place - Lower Level: CHILDREN BIOGRAPHY Tubman, H. 2018 - On Shelf,Book::Colonial Heights Children's Area: CHILDREN BIOGRAPHY Tubman, H. 2018 - On Shelf"
https://catalog.saclibrary.org/GroupedWork/2a421815-c19b-5407-2be8-d00c319bce25-eng,"The life-changing magic of chess: a beginner's guide with Grandmaster Maurice Ashley","Ashley, Maurice",9781419773396,,"Magic Cat Publishing; Magic Cat",2024,"New York",eBook;Book,"Book::Central Kids Place - Lower Level: CHILDREN 794.1 A826 2024 - On Shelf,Book::Colonial Heights Children's Area: CHILDREN 794.1 A826 2024 - On Shelf,Book::Franklin Children's: CHILDREN 794.1 A826 2024 - Checked Out"
https://catalog.saclibrary.org/GroupedWork/87177bb1-690e-c0e3-6f7a-178959f06072-eng,"Jojo Siwa: the sweetest dream","Sprinkel, Katy",9781629377209,,"Triumph Books","2018 - 2019","Chicago, Illinois",eBook;Book,
https://catalog.saclibrary.org/GroupedWork/b3eeedfa-29b3-3843-8b0c-e390e695a2cb-eng,"Incredible: Asian Americans and Pacific Islanders who changed the world","Shibutani, Maia, 1994-",9780593525463,,"Viking; Penguin Young Readers Group",2025,"New York, New York",eBook;Book,"Book::Arcade Children's Area: CHILDREN 973.0495 S555 2025 - Checked Out,Book::Central Kids Place - Lower Level: CHILDREN 973.0495 S555 2025 - On Shelf,Book::Belle Cooledge Children's Area: CHILDREN 973.0495 S555 2025 - On Shelf"
https://catalog.saclibrary.org/GroupedWork/5962cbbd-90bd-566f-bfc1-e1d01ade647b-eng,"Spark: Jim West's electrifying adventures in creating the microphone","Ramirez, Ainissa, 1969-",9781536225280,,"Candlewick Press; MIT Kids Press, an imprint of Candlewick Press",2025,"Somerville, Massachusetts",eBook;Book,"Book::Carmichael Children's Area: CHILDREN BIOGRAPHY West, J. 2025 - On Shelf,Book::Central Kids Place - Lower Level: CHILDREN BIOGRAPHY West, J. 2025 - On Shelf,Book::McKinley Children's Area: CHILDREN BIOGRAPHY West, J. 2025 - Checked Out"
https://catalog.saclibrary.org/GroupedWork/babd25e4-8233-32dd-3f07-6555fbf4727f-eng,"I am Dolly Parton","Meltzer, Brad",9780593405925,,"Books on Tape; Dial Books for Young Readers; Penguin Young Readers Group",2022,"New York",eAudiobook;Book;eBook,"Book::Central Kids Place - Lower Level: CHILDREN BIOGRAPHY Parton, D. 2022 - On Shelf,Book::Belle Cooledge Children's Area: CHILDREN BIOGRAPHY Parton, D. 2022 - On Shelf,Book::Fair Oaks Children's Area: CHILDREN BIOGRAPHY Parton, D. 2022 - On Shelf"
https://catalog.saclibrary.org/GroupedWork/24258e4b-f48e-fd7b-3925-d3c9eb2a033b-eng,"Chloe Kim","Scarbrough, Mary Hertz",9781731638298,,"Rourke Educational Media; High Tide",2020,"[Place of publication not identified]",eBook;Book,"Book::Carmichael Children's Area: CHILDREN BIOGRAPHY Kim, C. 2020 - On Shelf,Book::Elk Grove Kids' Place: CHILDREN BIOGRAPHY Kim, C. 2020 - On Shelf,Book::Franklin Children's: CHILDREN BIOGRAPHY Kim, C. 2020 - On Shelf"
https://catalog.saclibrary.org/GroupedWork/34e441b1-9e4b-c349-0f33-35f94504906b-eng,"Osnat and her dove: the true story of the world's first female Rabbi","Samuel, Sigal",9781646140374,,"Levine Querido",2021,Montclair,eBook;Book,"Book::Arcade Children's Area: CHILDREN 296.092 O83zs 2021 - On Shelf,Book::Central Kids Place - Lower Level: CHILDREN 296.092 O83zs 2021 - On Shelf,Book::Franklin Children's: CHILDREN 296.092 O83zs 2021 - On Shelf"
https://catalog.saclibrary.org/GroupedWork/d61db1d7-8521-aa60-72c0-eefeeabd699a-eng,"Dreams from my father: a story of race and inheritance","Obama, Barack",9780307383419,,"Crown Publishers; Crown; Delacorte Press; Random House Children's Books; Books on Tape; Three Rivers Press; Penguin Random House Audio Publishing Group","2004 - 2021","New York; Santa Ana, CA","eAudiobook;Audiobook - CD;Book;eBook","Book::Central Teen Area - 3rd Floor: TEEN BIOGRAPHY Obama, B. 2021 - On Shelf,Book::Franklin Teen: TEEN BIOGRAPHY Obama, B. 2021 - Checked Out,Book::McClatchy Teen Area: TEEN BIOGRAPHY Obama, B. 2021 - On Shelf"
https://catalog.saclibrary.org/GroupedWork/a152ba16-2dd6-2e6d-22fc-73961dc94e60-eng,"Who is LeBron James?","Hubbard, Crystal",9780593387443,,"Penguin Workshop; Books on Tape; Penguin Young Readers Group",2023,"New York",eAudiobook;Book;eBook,"Book::Arcade Children's Area: CHILDREN BIOGRAPHY James, L. 2023 - On Shelf,Book::Central Kids Place - Lower Level: CHILDREN BIOGRAPHY James, L. 2023 - On Shelf,Book::Belle Cooledge Children's Area: CHILDREN BIOGRAPHY James, L. 2023 - On Shelf"
https://catalog.saclibrary.org/GroupedWork/b872269b-7082-4deb-d560-b2e656ece72a-eng,"Who is Michael Jordan?","Anderson, Kirsten",9780451532459,,"Penguin Workshop; Books on Tape; Penguin Young Readers Group","2019 - 2020","New York",eAudiobook;Book;eBook,"Book::Carmichael Children's Area: CHILDREN BIOGRAPHY Jordan, M. 2019 - Checked Out,Book::Central Kids Place - Lower Level: CHILDREN BIOGRAPHY Jordan, M. 2019 - On Shelf,Book::Courtland Children's Area: CHILDREN BIOGRAPHY Jordan, M. 2019 - On Shelf"
https://catalog.saclibrary.org/GroupedWork/81461382-6d59-f244-2574-22bbe8dd5edf-eng,"Blues boy: the B. B. King story","Duncan, Alice Faye",9780063334021,,"Greenwillow Books, an Imprint of HarperCollins Publishers; HarperCollins",2026,"New York",eAudiobook;Book;eBook,"Book::Arcade Children's Area: CHILDREN BIOGRAPHY King, B. 2026 - On Shelf,Book::Carmichael Children's Area: CHILDREN BIOGRAPHY King, B. 2026 - On Shelf,Book::Central Kids Place - Lower Level: CHILDREN BIOGRAPHY King, B. 2026 - On Shelf"
https://catalog.saclibrary.org/GroupedWork/b5eda659-a76e-977a-4d56-140c630ee1bc-eng,"Books good enough for you: the storied life of Ursula Nordstrom, editor of extraordinary children's books","Hudgins, Nancy",9781419775673,,"Recorded Books, Inc.; Abrams Books for Young Readers, an imprint of ABRAMS; Abrams Books for Young Readers",2026,"New York, NY",eAudiobook;Book;eBook,"Book::Arcade Children's Area: CHILDREN BIOGRAPHY Nordstrom, U. 2026 - On Shelf,Book::Central Kids Place - Lower Level: CHILDREN BIOGRAPHY Nordstrom, U. 2026 - On Shelf,Book::McKinley Children's Area: CHILDREN BIOGRAPHY Nordstrom, U. 2026 - On Shelf"
https://catalog.saclibrary.org/GroupedWork/cf3c097c-5838-22e2-60f7-1945bd733f68-eng,"Write your own biography","Rosinsky, Natalie M. (Natalie Myra)",9780756533663,,"Compass Point Books",2008,"Minneapolis, Minn",Book,
https://catalog.saclibrary.org/GroupedWork/6014a736-9df0-7ff0-7f67-b4d1404573ef-eng,"Who did it first?: 50 icons, luminaries, and legends who revolutionized the world","Reid, Megan",9781250263193,,"Henry Holt and Co. (BYR); Henry Holt and Company",2020,"New York",eBook;Book,"Book::Carmichael Children's Area: CHILDREN 920.02 R357 2020 - On Shelf,Book::Central Kids Place - Lower Level: CHILDREN 920.02 R357 2020 - On Shelf,Book::Belle Cooledge Children's Area: CHILDREN 920.02 R357 2020 - On Shelf"
https://catalog.saclibrary.org/GroupedWork/1d2303cb-ba0e-fc27-8eb1-310fe201da57-eng,"Who was Alexander the Great?","Waterfield, Kathryn",9780399542350,,"Grosset & Dunlap, and imprint of Penguin Group; Penguin Young Readers Group",2016,"New York, New York",eBook;Book,"Book::Elk Grove Kids' Place: CHILDREN BIOGRAPHY Alexander the Great 2016 - Checked Out,Book::McKinley Children's Area: CHILDREN BIOGRAPHY Alexander the Great 2016 - On Shelf,Book::Folsom Children's Student Resource Center: CHILDREN BIOGRAPHY Alexander, the Great 2016 - Checked Out"
https://catalog.saclibrary.org/GroupedWork/ced449bc-e897-5b1a-a2cc-21a74cc60b99-eng,"Mahalia Jackson: freedom's voice","Patrick, Denise Lewis",9780062978097,,"HarperCollins; Harper, an imprint of HarperCollinsPublishers",2021,"New York, NY",eBook;Book,"Book::Carmichael Children's Area: CHILDREN BIOGRAPHY Jackson, M. 2021 - On Shelf,Book::Del Paso Heights Children's Area: CHILDREN BIOGRAPHY Jackson, M. 2021 - On Shelf,Book::North Natomas Children's Area: CHILDREN BIOGRAPHY Jackson, M. 2021 - On Shelf"
https://catalog.saclibrary.org/GroupedWork/b2a996a2-bbfd-5219-3417-394d88a9cb79-eng,"Sabrina Carpenter: a vibrant journey through the career and influence of a pop princess","Fragassi, Selena",9780760399293,,"Epic Ink; Epic Ink, an imprint of The Quarto Group",2025,"New York, NY",eBook;Book,"Book::Central Teen Area - 3rd Floor: TEEN BIOGRAPHY Carpenter, S. 2025 - On Shelf,Book::Elk Grove Teen Area: TEEN BIOGRAPHY Carpenter, S. 2025 - Checked Out,Book::South Natomas Teen Area: TEEN BIOGRAPHY Carpenter, S. 2025 - On Shelf"
https://catalog.saclibrary.org/GroupedWork/be6a463e-b829-d99a-2059-9a22b9cd4733-eng,"Athletes who changed the game","Buckley, James, Jr., 1963-",9781728275062,,"Recorded Books, Inc.; Sourcebooks eXplore",2024,"Naperville, Illinois",eAudiobook;Book,"Book::Arcade Children's Area: CHILDREN 796.0922 B924 2024 - On Shelf,Book::Central Kids Place - Lower Level: CHILDREN 796.0922 B924 2024 - On Shelf,Book::North Natomas Children's Area: CHILDREN 796.0922 B924 2024 - On Shelf"
https://catalog.saclibrary.org/GroupedWork/fb95ce09-50b3-40df-50c4-43bc1302f0b0-eng,"Elvis Presley: a twentieth century life","Hampton, Wilborn",9781428748798,,Viking,2007,"New York",Book,"Book::Franklin: BIOGRAPHY Presley, E. 2007 - On Shelf,Book::South Natomas: BIOGRAPHY Presley, E. 2007 - On Shelf"
https://catalog.saclibrary.org/GroupedWork/eab38f19-223f-b46f-583d-05d501e2a471-eng,"Harriet Tubman: freedom fighter","Hohn, Nadia L",9780062432858,,"HarperCollins; Harper, an imprint of HarperCollinsPublishers","2018 - 2019","New York, NY","Easy Reader;eBook;Book","Easy Reader::Central Kids Place - Lower Level: EASY READER 3 973.7115 T885zh 2019 - On Shelf,Easy Reader::Courtland Children's Area: EASY READER 3 973.7115 T885zh 2019 - On Shelf,Easy Reader::Fair Oaks Children's Area: EASY READER 3 973.7115 T885zh 2019 - On Shelf"
https://catalog.saclibrary.org/GroupedWork/3b83fbd3-f8c9-b25b-8423-b5c1fff42070-eng,"Good night stories for rebel girls: 2","Favilli, Elena",9780997895827,,Timbuktu,2017,"[Venice, California]",Book,"Book::Carmichael Children's Area: CHILDREN 305.420922 F274 2017 v.2 - On Shelf,Book::Fair Oaks Children's Area: CHILDREN 305.420922 F274 2017 v.2 - On Shelf,Book::Isleton Children's Area: CHILDREN 305.420922 F274 2017 v.2 - On Shelf"
https://catalog.saclibrary.org/GroupedWork/187597c7-52c2-16c0-2333-baf50e311f21-eng,"A computer called Katherine: how Katherine Johnson helped put America on the moon","Slade, Suzanne",9780316435178,,"Little, Brown Books for Young Readers; Little, Brown and Company",2019,"New York",eBook;Book,"Book::Arcade Children's Area: CHILDREN BIOGRAPHY Johnson, K. 2019 - On Shelf,Book::Central Kids Place - Lower Level: CHILDREN BIOGRAPHY Johnson, K. 2019 - On Shelf,Book::Colonial Heights Children's Area: CHILDREN BIOGRAPHY Johnson, K. 2019 - On Shelf"
https://catalog.saclibrary.org/GroupedWork/db2cfb1d-ad5c-92ed-c620-a570e5347b36-eng,"100 immigrants who shaped American history","Mattern, Joanne, 1963-",9781728290157,,"Sourcebooks Inc; Sourcebooks Explore",2023,"Naperville, Illinois",eBook;Book,"Book::Central Kids Place - Lower Level: CHILDREN 304.873 M435 2023 - On Shelf,Book::Isleton Children's Area: CHILDREN 304.873 M435 2023 - On Shelf,Book::Orangevale: CHILDREN 304.873 M435 2023 - On Shelf"
https://catalog.saclibrary.org/GroupedWork/d3c05dac-7076-e41e-1b9c-4c9bcf720ac6-eng,"Maya Angelou finds her voice","Roop, Connie",9781481449267,,Aladdin,2025,"New York",eBook;Book,"Book::Carmichael Children's Area: CHILDREN BIOGRAPHY Angelou, M. 2025 - Checked Out,Book::Central Kids Place - Lower Level: CHILDREN BIOGRAPHY Angelou, M. 2025 - On Shelf,Book::Colonial Heights Children's Area: CHILDREN BIOGRAPHY Angelou, M. 2025 - On Shelf"
https://catalog.saclibrary.org/GroupedWork/040a260a-6444-e3f5-47e8-5dff4a8129ff-eng,"Who is R.L. Stine?","Payne, M. D. (Matthew D.), 1978-",9780399539602,,"Penguin Workshop; Penguin Young Readers Group",2019,"New York",eBook;Book,"Book::Carmichael Children's Area: CHILDREN BIOGRAPHY Stine, R. 2019 - On Shelf,Book::Central Kids Place - Lower Level: CHILDREN BIOGRAPHY Stine, R. 2019 - On Shelf,Book::Del Paso Heights Children's Area: CHILDREN BIOGRAPHY Stine, R. 2019 - On Shelf"
https://catalog.saclibrary.org/GroupedWork/071f2645-0a98-cb27-ba81-067a8c56bd2e-eng,"Joseph Biden: our 46th president","Rodriguez, Ann Gaines",9781503844377,,"Child's World; The Child's World, Inc.",2021,"Mankato, Minn",eBook;Book,"Book::Elk Grove Kids' Place: CHILDREN BIOGRAPHY Biden, J. 2021 - On Shelf,Book::Franklin Children's: CHILDREN BIOGRAPHY Biden, J. 2021 - On Shelf,Book::Pocket-Greenhaven Kids' Place: CHILDREN BIOGRAPHY Biden, J. 2021 - On Shelf"
https://catalog.saclibrary.org/GroupedWork/4c1c859d-cadb-5a31-e55e-7a6f76e68e5e-eng,"Kalpana Chawla","Mirchandani, Raakhee",9780593620632,,"Philomel; Books on Tape",2023,"New York",eAudiobook;Book,"Book::Arcade Children's Area: CHILDREN BIOGRAPHY Chawla, K. 2023 - On Shelf,Book::Central Kids Place - Lower Level: CHILDREN BIOGRAPHY Chawla, K. 2023 - On Shelf,Book::Belle Cooledge Children's Area: CHILDREN BIOGRAPHY Chawla, K. 2023 - On Shelf"
https://catalog.saclibrary.org/GroupedWork/490b5a18-aaba-1ac2-4bef-b627aad14f8e-eng,"Gordon Parks: how the photographer captured black and white America","Weatherford, Carole Boston, 1956-",9780807530177,,"Albert Whitman & Company",2015,"Chicago, Illinois",eBook;Book,"Book::Carmichael Children's Area: CHILDREN BIOGRAPHY Parks, G. 2015 - On Shelf,Book::McClatchy Children's Area: CHILDREN BIOGRAPHY Parks, G. 2015 - On Shelf,Book::Rancho Children's Area: CHILDREN BIOGRAPHY Parks, G. 2015 - On Shelf"
https://catalog.saclibrary.org/GroupedWork/9bfa02d9-86c3-645d-bf92-6a59021189fd-eng,"Influential women in mathematics","Clinch, Shasta",9781503889606,,"The Child's World; The Child's World, Inc.","2024 - 2025","[Parker, Colorado]",eBook;Book,"Book::Central Kids Place - Lower Level: CHILDREN 510.922 C641 2025 - On Shelf,Book::Elk Grove Kids' Place: CHILDREN 510.922 C641 2025 - On Shelf,Book::Franklin Children's: CHILDREN 510.922 C641 2025 - On Shelf"
https://catalog.saclibrary.org/GroupedWork/e2c5fd3f-4e15-b1bd-75b4-7fe1fc6c13d9-eng,"Muslim girls rise: inspirational champions of our time","Mir, Saira",9781534418882,,"Salaam Reads; Salaam Reads / Simon & Schuster Books for Young Readers",2019,"New York",eBook;Book,"Book::Carmichael Children's Area: CHILDREN 305.42 M671 2019 - On Shelf,Book::Belle Cooledge Children's Area: CHILDREN 305.42 M671 2019 - On Shelf,Book::Galt Children's Area: CHILDREN 305.42 M671 2019 - On Shelf"
https://catalog.saclibrary.org/GroupedWork/f53c4681-9c2b-7e66-881d-f25962987ac6-eng,"The not so quiet life of Marcel Marceau","Bailey, Jenn, 1965-",9781646146604,,"Recorded Books, Inc.; Levine Querido",2026,"[Hoboken, NJ]",eAudiobook;Book;eBook,"Book::Arcade Children's Area: CHILDREN BIOGRAPHY Marceau, M. 2026 - On Shelf,Book::Carmichael Children's Area: CHILDREN BIOGRAPHY Marceau, M. 2026 - Checked Out,Book::Central Kids Place - Lower Level: CHILDREN BIOGRAPHY Marceau, M. 2026 - On Shelf"
https://catalog.saclibrary.org/GroupedWork/ee40e823-0542-17e9-04b5-e05bf137db93-eng,"Michelle Obama","Duling, Kaitlyn",9781641280501,,"Jump!; Bullfrog Books","2018 - 2019","[Minneapolis, MN]","Easy Reader;eBook","Easy Reader::Franklin Children's: EASY READER 1 973.932 O121zd 2019 - Checked Out,Easy Reader::Galt Children's Area: EASY READER 1 973.932 O121zd 2019 - On Shelf,Easy Reader::Orangevale: EASY READER 1 973.932 O121zd 2019 - On Shelf"
https://catalog.saclibrary.org/GroupedWork/1f733001-f985-4910-876a-3ccc920562fa-eng,"Go forth and tell: the life of Augusta Baker, librarian and master storyteller","McDaniel, Breanna J",9780593324202,,"Books on Tape; Dial Books for Young Readers; Penguin Young Readers Group",2024,"New York",eAudiobook;eBook;Book,"Book::Carmichael Children's Area: CHILDREN BIOGRAPHY Baker, A. 2024 - On Shelf,Book::Colonial Heights Children's Area: CHILDREN BIOGRAPHY Baker, A. 2024 - On Shelf,Book::McKinley Children's Area: CHILDREN BIOGRAPHY Baker, A. 2024 - On Shelf"
https://catalog.saclibrary.org/GroupedWork/77949efd-4466-1821-2663-b36401c41e4b-eng,"Ketanji: Justice Jackson's journey to the U.S. Supreme Court","Magoon, Kekla",9780063296169,,"HarperCollins; Quill Tree Books, an imprint of HarperCollins Publishers",2023,"New York, NY",eBook;Book,"Book::Del Paso Heights Children's Area: CHILDREN BIOGRAPHY Jackson, K. 2023 - On Shelf,Book::Elk Grove Kids' Place: CHILDREN BIOGRAPHY Jackson, K. 2023 - On Shelf,Book::Fair Oaks Children's Area: CHILDREN BIOGRAPHY Jackson, K. 2023 - On Shelf"
https://catalog.saclibrary.org/GroupedWork/55d9cd78-ffa3-b5bc-f64f-376c43018358-eng,"Ready to fly: how Sylvia Townsend became the bookmobile ballerina","Lyon, Lea, 1945-",9780062888785,,"HarperCollins; Harper, an imprint of HarperCollinsPublishers",2020,"New York",eBook;Book,"Book::Carmichael Children's Area: CHILDREN BIOGRAPHY Townsend, S. 2020 - On Shelf,Book::McKinley Children's Area: CHILDREN BIOGRAPHY Townsend, S. 2020 - On Shelf,Book::Rancho Children's Area: CHILDREN BIOGRAPHY Townsend, S. 2020 - On Shelf"
https://catalog.saclibrary.org/GroupedWork/dd93399b-89e5-d0f1-2d32-e4a33b262d57-eng,"George Washington: a picture book biography","Giblin, James",9780590425506,,Scholastic,1992,"New York",Book,
https://catalog.saclibrary.org/GroupedWork/c789258d-e283-5c16-a8ad-6145443a88aa-eng,"Lives of the presidents: fame, shame (and what the neighbors thought)","Krull, Kathleen",9780547498096,,"Audio Bookshelf,LLC; Harcourt Children's Books; HarperCollins; Blackstone Publishing; Harcourt Brace & Co","1998 - 2011","San Diego; Boston",eAudiobook;eBook;Book,"Book::Carmichael Children's Area: CHILDREN 973.0992 K94 2011 - On Shelf,Book::Elk Grove Kids' Place: CHILDREN 973.0992 K94 2011 - On Shelf,Book::Pocket-Greenhaven Kids' Place: CHILDREN 973.0992 K94 2011 - On Shelf"
https://catalog.saclibrary.org/GroupedWork/f15ae498-f4c6-1be9-84c1-4911e8ac05a4-eng,"Famous people of Mexico","Carew-Miller, Anna",9781422206591,,"Mason Crest Publishers","2003 - 2009","Philadelphia, Pa; Philadelphia",Book,"Book::Elk Grove Kids' Place: CHILDREN 920.072 C272 2009 - On Shelf"
https://catalog.saclibrary.org/GroupedWork/a60aa9d8-a15a-b67c-5a24-260a3de46650-eng,"Biddy Mason speaks up","White, Arisa",9781597144032,,Heyday,2019,"Berkeley, California",eBook;Book,"Book::Carmichael Children's Area: CHILDREN 306.362 W582 2019 - On Shelf,Book::Central Kids Place - Lower Level: CHILDREN 306.362 W582 2019 - On Shelf,Book::Galt Children's Area: CHILDREN 306.362 W582 2019 - On Shelf"
https://catalog.saclibrary.org/GroupedWork/7f83db3b-c531-6666-459c-80ab3e760aca-eng,"The tornado scientist: seeing inside severe storms","Carson, Mary Kay",9780358743255,,"Houghton Mifflin Harcourt; HarperCollins",2019,Boston,eBook;Book,"Book::Arcade Children's Area: CHILDREN 551.553 C321 2019 - On Shelf,Book::Carmichael Children's Area: CHILDREN 551.553 C321 2019 - On Shelf,Book::Belle Cooledge Children's Area: CHILDREN 551.553 C321 2019 - Checked Out"
https://catalog.saclibrary.org/GroupedWork/0b82edcc-65bf-8ed4-e05b-9407e4154af3-eng,"Who is Hillary Clinton?","Alexander, Heather, 1967-",9780448490151,,"Grosset & Dunlap, an imprint of Penguin Random House; Books on Tape; Penguin Young Readers Group",2016,"New York, New York",eAudiobook;eBook;Book,"Book::Del Paso Heights Children's Area: CHILDREN BIOGRAPHY Clinton, H. 2016 - On Shelf,Book::Franklin Children's: CHILDREN BIOGRAPHY Clinton, H. 2016 - On Shelf,Book::McKinley Children's Area: CHILDREN BIOGRAPHY Clinton, H. 2016 - On Shelf"
https://catalog.saclibrary.org/GroupedWork/fe426669-2fc7-2fe9-980f-9b8624784733-eng,"Heroes, dreamers, and saints: 365 true stories of faith and courage","Kerr, Amy",9781400255092,,"Thomas Nelson",2026,"Nashville, TN",Book,"Book::Arcade Children's Area: CHILDREN 248.4 M967 2026 - On Shelf,Book::Central Kids Place - Lower Level: CHILDREN 248.4 M967 2026 - On Shelf,Book::Central Kids Place - Lower Level: ON ORDER - On Order"
https://catalog.saclibrary.org/GroupedWork/54b266a0-2e9e-026f-47d9-c8136f7cdc48-eng,"There goes Patti McGee!: the story of the first women's National Skateboard Champion","Nienow, Tootie",9780374313999,,"Farrar Straus Giroux Books for Young Readers, an imprint of Macmillan Publishing Group, LLC; Farrar, Straus and Giroux (BYR)",2021,"New York, NY",eBook;Book,"Book::Colonial Heights Children's Area: CHILDREN BIOGRAPHY McGee, P. 2021 - On Shelf,Book::North Natomas Children's Area: CHILDREN BIOGRAPHY McGee, P. 2021 - On Shelf,Book::Rancho Children's Area: CHILDREN BIOGRAPHY McGee, P. 2021 - On Shelf"
https://catalog.saclibrary.org/GroupedWork/d303f06e-8956-6e0b-c978-a1b291f2cf5c-eng,"Influential women in the military","Kaiser, Emma, 1996-",9781503889576,,"The Child's World; The Child's World, Inc.","2024 - 2025","[Parker, Colorado]",eBook;Book,"Book::Arcade Children's Area: CHILDREN 355.0082 K134 2025 - On Shelf,Book::Carmichael Children's Area: CHILDREN 355.0082 K134 2025 - On Shelf,Book::Central Kids Place - Lower Level: CHILDREN 355.0082 K134 2025 - On Shelf"
https://catalog.saclibrary.org/GroupedWork/f836c707-7fe3-39b8-a8e5-e322ee6a075d-eng,"Junípero Serra: explorer and missionary","Schumacher, Tyler",9780736854405,,"Capstone Press",2006,"Mankato, Minn",Book,"Book::Elk Grove Kids' Place: CHILDREN BIOGRAPHY Serra, J. 2006 - On Shelf,Book::Folsom Children's Area: CHILDREN BIOGRAPHY Serra, J. 2006 - On Shelf"
https://catalog.saclibrary.org/GroupedWork/e1fb75cd-33b1-b555-53ef-38ab3451e706-eng,"Jovita wore pants: the story of a Mexican freedom fighter","Salazar, Aida",9781338283419,,"Scholastic Inc.; Scholastic Press",2023,"New York",eAudiobook;eBook;Book,"Book::Carmichael Children's Area: CHILDREN BIOGRAPHY Valdovinos, J. 2023 - On Shelf,Book::Central Kids Place - Lower Level: CHILDREN BIOGRAPHY Valdovinos, J. 2023 - On Shelf,Book::Franklin Children's: CHILDREN BIOGRAPHY Valdovinos, J. 2023 - On Shelf"
https://catalog.saclibrary.org/GroupedWork/4e34dea7-8283-53cd-a7fe-72e581903129-eng,"A life of service: the story of Senator Tammy Duckworth","Soontornvat, Christina",9781536222050,,"Dreamscape Media; Candlewick Press",2022,"Somerville, Massachusetts",eAudiobook;Book;eBook,"Book::Arcade Children's Area: CHILDREN BIOGRAPHY Duckworth, T. 2022 - On Shelf,Book::Elk Grove Kids' Place: CHILDREN BIOGRAPHY Duckworth, T. 2022 - On Shelf,Book::Franklin Children's: CHILDREN BIOGRAPHY Duckworth, T. 2022 - On Shelf"
https://catalog.saclibrary.org/GroupedWork/1867f94b-876e-0e11-c970-fbecdf764f97-eng,"A picture book of Alexander Hamilton","Adler, David A",9780823439614,,"Holiday House",2019,"New York",Book,"Book::Central Kids Place - Lower Level: CHILDREN BIOGRAPHY Hamilton, A. 2019 - On Shelf,Book::Isleton Children's Area: CHILDREN BIOGRAPHY Hamilton, A. 2019 - On Shelf,Book::South Natomas Children's Area: CHILDREN BIOGRAPHY Hamilton, A. 2019 - On Shelf"
https://catalog.saclibrary.org/GroupedWork/69345a6e-65ab-74aa-cc94-644f31ec9d08-eng,"The lady and the octopus: how Jeanne Villepreux-Power invented aquariums and revolutionized marine biology","Staaf, Danna",9781728415772,,"Lerner Publishing Group; Dreamscape Media; Carolrhoda Books",2022,Minneapolis,eAudiobook;eBook;Book,"Book::Carmichael Children's Area: CHILDREN BIOGRAPHY Villepreux-Power, J. 2022 - On Shelf,Book::Elk Grove Kids' Place: CHILDREN BIOGRAPHY Villepreux-Power, J. 2022 - On Shelf,Book::North Natomas Children's Area: CHILDREN BIOGRAPHY Villepreux-Power, J. 2022 - On Shelf"
https://catalog.saclibrary.org/GroupedWork/02caade5-e19e-1f36-7042-de3d73c2ae2e-eng,"Who is Katie Ledecky?","Buckley, James, Jr., 1963-",9780593752852,,"Books on Tape; Penguin Workshop",2024,"New York",eAudiobook;Book,"Book::Arcade Children's Area: CHILDREN BIOGRAPHY Ledecky, K. 2024 - On Shelf,Book::Carmichael Children's Area: CHILDREN BIOGRAPHY Ledecky, K. 2024 - On Shelf,Book::Central Kids Place - Lower Level: CHILDREN BIOGRAPHY Ledecky, K. 2024 - On Shelf"
https://catalog.saclibrary.org/GroupedWork/e03426d4-a5f3-047f-6309-e3ed1db3e0a3-eng,"Up, up, ever up!: Junko Tabei : a life in the mountains","Yasuda, Anita",9780063242418,,"Clarion Books, an imprint of HarperCollinsPublishers; HarperCollins","2024 - 2025","New York, NY",eBook;Book,"Book::Carmichael Children's Area: CHILDREN BIOGRAPHY Tabei, J. 2024 - On Shelf,Book::Central Kids Place - Lower Level: CHILDREN BIOGRAPHY Tabei, J. 2024 - Checked Out,Book::Colonial Heights Children's Area: CHILDREN BIOGRAPHY Tabei, J. 2024 - On Shelf"
https://catalog.saclibrary.org/GroupedWork/eb29c04e-6878-eeea-8a2a-8a8104ea5328-eng,"Who is Oprah Winfrey?","Kramer, Barbara",9781524787516,,"Penguin Workshop, an imprint of Penguin Random House LLC; Penguin Young Readers Group",2019,"New York",eBook;Book,"Book::Carmichael Children's Area: CHILDREN BIOGRAPHY Winfrey, O. 2019 - On Shelf,Book::Elk Grove Kids' Place: CHILDREN BIOGRAPHY Winfrey, O. 2019 - Checked Out,Book::Franklin Children's: CHILDREN BIOGRAPHY Winfrey, O. 2019 - On Shelf"
https://catalog.saclibrary.org/GroupedWork/a812e0f0-7b20-6f56-14a1-2aaf4fe757f7-eng,"A line can go anywhere: the brilliant, resilient life of artist Ruth Asawa","McAlister, Caroline, 1960-",9781250310378,,"Roaring Brook Press",2025,"New York",eBook;Book,"Book::Central Kids Place - Lower Level: CHILDREN BIOGRAPHY Asawa, R. 2025 - On Shelf,Book::Belle Cooledge Children's Area: CHILDREN BIOGRAPHY Asawa, R. 2025 - On Hold Shelf,Book::Elk Grove Kids' Place: CHILDREN BIOGRAPHY Asawa, R. 2025 - On Shelf"
https://catalog.saclibrary.org/GroupedWork/ea58893c-40d6-dd0e-14ce-0a8fc1b5c9f1-eng,"First ladies","Pastan, Amy",9780756649418,,"DK; DK Pub","2009 - 2017","New York; New York, New York",Book,"Book::Arcade Children's Area: CHILDREN 973.0992 P291 2017 - On Shelf,Book::Carmichael Children's Area: CHILDREN 973.0992 P291 2017 - On Shelf,Book::Central Kids Place - Lower Level: CHILDREN 973.0992 P291 2017 - On Shelf"
https://catalog.saclibrary.org/GroupedWork/1b81292c-78f1-7c83-8165-dc06115c7758-eng,"American dreams: a treasury of 40 inspiring Americans","Sánchez Vegara, Ma Isabel (María Isabel)",9780711285576,,"Frances Lincoln Children's Books",2023,"Beverly, MA",Book,"Book::Carmichael Children's Area: CHILDREN 973.0922 S211 2023 - In Transit,Book::Central Kids Place - Lower Level: CHILDREN 973.0922 S211 2023 - On Shelf,Book::Franklin Children's: CHILDREN 973.0922 S211 2023 - Checked Out"
https://catalog.saclibrary.org/GroupedWork/b862f3c0-eb74-944b-45ed-d1d35500b16d-eng,"Abraham Lincoln: a photo-illustrated biography","Usel, T. M",9781560653417,,"Bridgestone Books",1996,"Mankato, Minn",Book,
https://catalog.saclibrary.org/GroupedWork/0d4cde0a-d1db-7068-f822-86d17a123b72-eng,"The lost women of science","Bellows, Melina Gerosa",9780593896716,,"Bright Matter Books",2025,"New York",Book,"Book::Central Kids Place - Lower Level: CHILDREN 509.252 B448 2025 - On Shelf,Book::Colonial Heights Children's Area: CHILDREN 509.252 B448 2025 - OFF CAMPUS,Book::Del Paso Heights Children's Area: CHILDREN 509.252 B448 2025 - On Shelf"
https://catalog.saclibrary.org/GroupedWork/1f66ad18-faa4-cb51-3206-73102734676b-eng,"Louisa learns to write: Louisa May Alcott creates Little Women","Hannigan, Kate",9781629794563,,"Recorded Books, Inc.; Astra Publishing House; Calkins Creek",2026,"New York, NY",eAudiobook;Book;eBook,"Book::Carmichael Children's Area: CHILDREN BIOGRAPHY Alcott, L. 2026 - On Shelf,Book::Central Kids Place - Lower Level: CHILDREN BIOGRAPHY Alcott, L. 2026 - On Shelf,Book::McClatchy Children's Area: CHILDREN BIOGRAPHY Alcott, L. 2026 - On Shelf"
https://catalog.saclibrary.org/GroupedWork/79a72fed-1090-8a9c-419a-dfde25580ed8-eng,"Fossil hunter: how Mary Anning changed the science of prehistoric life","Blackford, Cheryl",9780358396055,,"Clarion Books; Houghton Mifflin Harcourt; HarperCollins",2022,"New York",eAudiobook;eBook;Book,"Book::Carmichael Children's Area: CHILDREN BIOGRAPHY Anning, M. 2022 - On Shelf,Book::Central Kids Place - Lower Level: CHILDREN BIOGRAPHY Anning, M. 2022 - On Shelf,Book::Del Paso Heights Children's Area: CHILDREN BIOGRAPHY Anning, M. 2022 - On Shelf"
https://catalog.saclibrary.org/GroupedWork/141e0858-546a-4e68-1afc-6dfc56fe0e14-eng,"U.S. Presidents","Jennings, Ken, 1974-",9781442473324,,"Podium Audio; Little Simon","2014 - 2023","New York",eBook;Book;eAudiobook,"Book::Carmichael Children's Area: CHILDREN 973.099 J54 2014 - On Shelf,Book::Franklin Children's: CHILDREN 973.099 J54 2014 - Checked Out,Book::Orangevale: CHILDREN 973.099 J54 2014 - On Shelf"
https://catalog.saclibrary.org/GroupedWork/fe89f858-82bb-fb78-4598-846375ec2a02-eng,"Eric Liddell: something greater than gold","Benge, Janet, 1958-",9781576581377,,"YWAM Publishing; YWAM Pub","1998 - 2023","Seattle, WA",eAudiobook;Book,
https://catalog.saclibrary.org/GroupedWork/dcfcc638-ebd3-beae-4cbf-6f5931e96c27-eng,"Black achievements in music: celebrating Louis Armstrong, Beyoncé, and more","Smith, Elliott, 1976-",9781728486581,,"Lerner Publishing Group; Lerner Publications","2023 - 2024",Minneapolis,eAudiobook;eBook;Book,"Book::Carmichael Children's Area: CHILDREN 780.8996 S646 2024 - On Shelf,Book::Central Kids Place - Lower Level: CHILDREN 780.8996 S646 2024 - On Shelf,Book::Isleton Children's Area: CHILDREN 780.8996 S646 2024 - On Shelf"
https://catalog.saclibrary.org/GroupedWork/a9f90130-dda3-6420-e9aa-ac6507405584-eng,"Who was Steve Irwin?","Anastasio, Dina",9780448488387,,"Grosset & Dunlap, an imprint of Penguin Group (USA) LLC; Scholastic; Penguin Young Readers Group",2015,"New York; New York, New York",eBook;Book,"Book::Pocket-Greenhaven Kids' Place: CHILDREN BIOGRAPHY Irwin, S. 2015 - On Shelf,Book::Barber Branch: CHILDREN BIOGRAPHY IRWIN, S. - On Shelf,Book::Sacramento Public Library Storage: CHILDREN BIOGRAPHY Irwin, S. 2015 - Checked Out"
https://catalog.saclibrary.org/GroupedWork/523e0169-a8f3-d9bc-376f-a6d20f3d08e4-eng,"Lucille Ball had no eyebrows?","Gutman, Dan",9781324030720,,"Recorded Books, Inc.; Norton Young Readers, an imprint of W.W. Norton & Company; Norton Children's Books","2023 - 2024","New York",eAudiobook;Book;eBook,"Book::Franklin Children's: CHILDREN BIOGRAPHY Ball, L. 2023 - On Shelf,Book::Galt Children's Area: CHILDREN BIOGRAPHY Ball, L. 2023 - In Transit,Book::Isleton Children's Area: CHILDREN BIOGRAPHY Ball, L. 2023 - On Shelf"
https://catalog.saclibrary.org/GroupedWork/4bca2814-2c1c-56f4-a344-f66dd95aaccb-eng,"World more beautiful: the life and art of Barbara Cooney","Kunkel, Angela Burke",9780593484388,,"Random House Children's Books; Random House Studio",2024,"New York",eBook;Book,"Book::Central Kids Place - Lower Level: CHILDREN BIOGRAPHY Cooney, B. 2024 - On Shelf,Book::Colonial Heights Children's Area: CHILDREN BIOGRAPHY Cooney, B. 2024 - On Shelf,Book::Elk Grove Kids' Place: CHILDREN BIOGRAPHY Cooney, B. 2024 - On Shelf"
https://catalog.saclibrary.org/GroupedWork/0548210e-2f7c-9f71-15df-66da21feec0f-eng,"The bicycle girl: Jyoti Kumari's amazing journey across India","Thomas, Garen Eileen",9781536233605,,"Candlewick Press",2026,"Somerville, Massachusetts",Book,"Book::Carmichael Children's Area: CHILDREN BIOGRAPHY Kumari, J. 2026 - On Shelf,Book::Central Kids Place - Lower Level: CHILDREN BIOGRAPHY Kumari, J. 2026 - On Shelf,Book::Pocket-Greenhaven Kids' Place: CHILDREN BIOGRAPHY Kumari, J. 2026 - Checked Out"
https://catalog.saclibrary.org/GroupedWork/e75073fa-332a-573f-fcad-c05f760d742b-eng,"Josephine: the dazzling life of Josephine Baker","Powell, Patricia Hruby, 1951-",9781452103143,,"Recorded Books, Inc.; Chronicle Books LLC; Chronicle Books",2014,"San Francisco; Maryland","eAudiobook;Audiobook - CD;eBook;Book","Book::Central Kids Place - Lower Level: ON ORDER - On Order,Book::Colonial Heights Children's Area: CHILDREN BIOGRAPHY Baker, J. 2014 - Checked Out,Book::Courtland Children's Area: CHILDREN BIOGRAPHY Baker, J. 2014 - On Shelf"
https://catalog.saclibrary.org/GroupedWork/b001aa3e-d329-fdca-2f90-7f8f05b01d4b-eng,"Who is Carol Burnett?","Stabler, David",9780593886571,,"Penguin Workshop; Books on Tape; Penguin Young Readers Group",2025,"New York, New York",eAudiobook;Book;eBook,"Book::Arcade Children's Area: CHILDREN BIOGRAPHY Burnett, C. 2025 - On Shelf,Book::Central Kids Place - Lower Level: CHILDREN BIOGRAPHY Burnett, C. 2025 - On Shelf,Book::Colonial Heights Children's Area: CHILDREN BIOGRAPHY Burnett, C. 2025 - On Shelf"
https://catalog.saclibrary.org/GroupedWork/17b96ec4-c689-492a-93a1-dd5ed64916f9-eng,"Secrets of the sea: the story of Jeanne Power, revolutionary marine scientist","Griffith, Evan",9780358244325,,"Clarion Books, Houghton Mifflin Harcourt; HarperCollins",2021,Boston,eBook;Book,"Book::Arcade Children's Area: CHILDREN BIOGRAPHY Power, J. 2021 - Checked Out,Book::Colonial Heights Children's Area: CHILDREN BIOGRAPHY Power, J. 2021 - On Shelf,Book::Elk Grove Kids' Place: CHILDREN BIOGRAPHY Power, J. 2021 - Checked Out"
https://catalog.saclibrary.org/GroupedWork/d7854f7b-691b-7061-19e6-c8a3450dfaf1-eng,"Jordan Marie Brings Three White Horses Whetstone","Maraniss, Andrew",9780593526248,,"Viking; Books on Tape; Penguin Young Readers Group",2025,"New York, NY",eAudiobook;Book;eBook,"Book::Central Kids Place - Lower Level: CHILDREN BIOGRAPHY Whetstone, J. 2025 - On Shelf,Book::Colonial Heights Children's Area: CHILDREN BIOGRAPHY Whetstone, J. 2025 - On Shelf,Book::South Natomas Children's Area: CHILDREN BIOGRAPHY Whetstone, J. 2025 - On Shelf"
https://catalog.saclibrary.org/GroupedWork/4787580d-6bae-99dc-d200-8a5eaec7ec3e-eng,"Booker T. Washington: a photo-illustrated biography","McLoone, Margo",9781560655206,,"Bridgestone Press",1997,"Mankato, Minn",Book,
https://catalog.saclibrary.org/GroupedWork/d5985bbc-b0e1-6df9-26b8-2d314d275f88-eng,"Marie Curie","Walker, Nell (Children's author)",9780744027631,,"DK; DK Publishing",2022,"New York, NY",eAudiobook;Book,"Book::Central Kids Place - Lower Level: CHILDREN BIOGRAPHY Curie, M. 2022 - Checked Out,Book::Elk Grove Kids' Place: CHILDREN BIOGRAPHY Curie, M. 2022 - Checked Out,Book::Galt Children's Area: CHILDREN BIOGRAPHY Curie, M. 2022 - Checked Out"
https://catalog.saclibrary.org/GroupedWork/553ccf52-a240-79ee-e835-13e1298856d8-eng,"Famous family trees","Hauge, Kari",9781786032263,,"Frances Lincoln Children's Books; Lincoln Children's Books",2018,"London, United Kingdom",eBook;Book,"Book::Carmichael Children's Area: OVERSIZE CHILDREN 929.2 H371 2018 - Checked Out,Book::Galt Children's Area: OVERSIZE CHILDREN 929.2 H371 2018 - On Shelf,Book::South Natomas Children's Area: OVERSIZE CHILDREN 929.2 H371 2018 - On Shelf"
https://catalog.saclibrary.org/GroupedWork/a9686235-8e16-afae-32b4-32860309d24d-eng,"Lucy!: how Lucille Ball did it all","Guglielmo, Amy",9781419749926,,"Abrams Books for Young Readers",2024,"New York",eBook;Book,"Book::Carmichael Children's Area: CHILDREN BIOGRAPHY Ball, L. 2024 - On Shelf,Book::Central Kids Place - Lower Level: CHILDREN BIOGRAPHY Ball, L. 2024 - On Shelf,Book::North Natomas Children's Area: CHILDREN BIOGRAPHY Ball, L. 2024 - On Shelf"
https://catalog.saclibrary.org/GroupedWork/d2c81d98-91d1-a431-8a3a-b9e7e0a14403-eng,"Influential women in space","Golkar, Golriz",9781503889552,,"The Child's World; The Child's World, Inc.","2024 - 2025","[Parker, Colorado]",eBook;Book,"Book::Central Kids Place - Lower Level: CHILDREN 629.45 G626 2025 - On Shelf,Book::North Natomas Children's Area: CHILDREN 629.45 G626 2025 - On Shelf,Book::Rancho Children's Area: CHILDREN 629.45 G626 2025 - On Shelf"
https://catalog.saclibrary.org/GroupedWork/52b703bf-fd70-30c0-01d9-17d19d15796d-eng,"Finding my dance","Thundercloud, Ria",9780593093894,,"Books on Tape; Penguin Workshop",2022,"New York",eAudiobook;Book,"Book::Carmichael Children's Area: CHILDREN BIOGRAPHY Thundercloud, R. 2022 - On Shelf,Book::Central Kids Place - Lower Level: CHILDREN BIOGRAPHY Thundercloud, R. 2022 - On Shelf,Book::Del Paso Heights Children's Area: CHILDREN BIOGRAPHY Thundercloud, R. 2022 - On Shelf"
https://catalog.saclibrary.org/GroupedWork/9dd75f13-fcc2-5aa5-0c25-6a87ad3190ef-eng,"Sing, Aretha, sing!: Aretha Franklin, ""Respect,"" and the civil rights movement","Abdurraqib, Hanif, 1983-",9780374313456,,"Farrar Straus Giroux Books for Young Readers; Farrar, Straus and Giroux (BYR)","2021 - 2022","New York",eBook;Book,"Book::Central Kids Place - Lower Level: CHILDREN 782.421644 F831za 2021 - On Shelf,Book::Galt Children's Area: CHILDREN 782.421644 F831za 2021 - On Shelf,Book::North Natomas Children's Area: CHILDREN 782.421644 F831za 2021 - On Shelf"
https://catalog.saclibrary.org/GroupedWork/e80eb3e1-c416-dc73-23ad-beb38afb73db-eng,"Excellence in STEM","Loh-Hagan, Virginia",9781668909331,,"Cherry Lake Press is an imprint of Cherry Lake Publishing Group; Cherry Lake Publishing","2022 - 2023","Ann Arbor, Michigan",eBook;Book,"Book::Carmichael Children's Area: CHILDREN 509.2273 L833 2023 - On Shelf,Book::Central Kids Place - Lower Level: CHILDREN 509.2273 L833 2023 - On Shelf,Book::Franklin Children's: CHILDREN 509.2273 L833 2023 - On Shelf"
https://catalog.saclibrary.org/GroupedWork/964c04ae-fb85-7b88-b7db-377ec0b2a0cf-eng,"Woods & words: the story of poet Mary Oliver","Ackerman, Sara Holly",9781665921855,,"Beach Lane Books",2025,"New York",eBook;Book,"Book::Central Kids Place - Lower Level: CHILDREN BIOGRAPHY Oliver, M. 2025 - On Shelf,Book::Colonial Heights Children's Area: CHILDREN BIOGRAPHY Oliver, M. 2025 - On Shelf,Book::Franklin Children's: CHILDREN BIOGRAPHY Oliver, M. 2025 - On Shelf"
https://catalog.saclibrary.org/GroupedWork/debd5ad7-a572-5d88-6a28-33d020737cf7-eng,"William H. Harrison","Elston, Heidi M. D., 1979-",9781098294649,,"ABDO; ABDO Publishing Company; Big Buddy Books, an imprint of Abdo Publishing","2009 - 2025","Minneapolis, Minnesota; Edina, Minn",eBook;Book,"Book::Central Kids Place - Lower Level: CHILDREN BIOGRAPHY Harrison, W. 2025 - On Shelf,Book::Belle Cooledge Children's Area: CHILDREN BIOGRAPHY Harrison, W. 2025 - On Shelf,Book::Galt Children's Area: CHILDREN BIOGRAPHY Harrison, W. 2025 - On Shelf"
https://catalog.saclibrary.org/GroupedWork/b2d9bf84-76a2-18fb-8bfb-8be6c25bb34d-eng,"Lives of the explorers: discoveries, disasters (and what the neighbors thought)","Krull, Kathleen",9780152059101,,"Houghton Mifflin Harcourt; Blackstone Publishing","2014 - 2015",Boston,eBook;Book;eAudiobook,"Book::Carmichael Children's Area: CHILDREN 910.22 K94 2014 - On Shelf,Book::Central Kids Place - Lower Level: CHILDREN 910.22 K94 2014 - On Shelf,Book::Del Paso Heights Children's Area: CHILDREN 910.22 K94 2014 - On Shelf"
https://catalog.saclibrary.org/GroupedWork/728a7202-1343-147c-cec3-55e5d5bb224a-eng,"Boy: tales of childhood","Dahl, Roald",9780374373740,,"Puffin Books; Farrar, Straus, Giroux; Penguin Young Readers Group","1984 - 2009","New York; New York, N.Y., U.S.A",eBook;Book,"Book::Carmichael Children's Area: CHILDREN BIOGRAPHY Dahl, R. 1984 - On Shelf,Book::Central Kids Place - Lower Level: CHILDREN BIOGRAPHY Dahl, R. 1984 - On Shelf,Book::Barber Branch: CHILDREN BIOGRAPHY DAHL - On Shelf"
https://catalog.saclibrary.org/GroupedWork/ee26abb8-abb9-87a8-36ca-bf544e57b022-eng,"Never too young!: 50 unstoppable kids who made a difference","Weintraub, Aileen, 1973-",9781454929178,,"Sterling Children's Books, an imprint of Sterling Publishing Co., Inc",2018,"New York, NY",Book,"Book::Carmichael Children's Area: CHILDREN 361.20922 W424 2018 - On Shelf,Book::Franklin Children's: CHILDREN 361.20922 W424 2018 - On Shelf,Book::North Natomas Children's Area: CHILDREN 361.20922 W424 2018 - On Shelf"
https://catalog.saclibrary.org/GroupedWork/05d07d44-7071-5c3b-917f-401c6657733c-eng,"Taking action to improve schools","Lawson, Sabina",9781467793933,,"Lerner Publishing Group; Lerner Publications",2016,Minneapolis,eBook;Book,"Book::North Natomas Children's Area: CHILDREN 371.207 L425 2016 - On Shelf"
https://catalog.saclibrary.org/GroupedWork/f8156a5d-bd6b-017a-c517-72ee308d4b1f-eng,"Code-breaker and mathematician Alan Turing","Schwartz, Heather E",9781512499803,,"Lerner Publishing Group|Lerner Publishing Group; Lerner Publishing Group; Lerner Publications",2018,Minneapolis,eBook;Book,"Book::Carmichael Children's Area: CHILDREN BIOGRAPHY Turing, A. 2018 - On Shelf,Book::Courtland Children's Area: CHILDREN BIOGRAPHY Turing, A. 2018 - On Shelf,Book::Franklin Children's: CHILDREN BIOGRAPHY Turing, A. 2018 - On Shelf"
https://catalog.saclibrary.org/GroupedWork/802446f0-957f-e800-83df-c135ab1cc19d-eng,"Lewis Latimer: engineering wizard","Patrick, Denise Lewis",9780062978073,,"Harper, an imprint of HarperCollins Publishers; HarperCollins",2021,"New York, NY",eBook;Book,"Book::Central Kids Place - Lower Level: CHILDREN BIOGRAPHY Latimer, L. 2021 - On Shelf,Book::Colonial Heights Children's Area: CHILDREN BIOGRAPHY Latimer, L. 2021 - On Shelf,Book::Belle Cooledge Children's Area: CHILDREN BIOGRAPHY Latimer, L. 2021 - On Shelf"
https://catalog.saclibrary.org/GroupedWork/43bc2096-4ad3-f650-e2c5-819a29652865-eng,"The queen of chess: how Judit Polgár changed the game","Wallmark, Laurie",9781499813067,,"Little Bee Books, Inc; little bee books",2023,"New York, NY",eBook;Book,"Book::Carmichael Children's Area: CHILDREN BIOGRAPHY Polgar, J. 2023 - On Shelf,Book::Colonial Heights Children's Area: CHILDREN BIOGRAPHY Polgar, J. 2023 - On Shelf,Book::North Sacramento-Hagginwood Children's Area: CHILDREN BIOGRAPHY Polgar, J. 2023 - On Shelf"
https://catalog.saclibrary.org/GroupedWork/6d781373-d003-5b73-3539-542d021479e1-eng,"Maria Orosa: freedom fighter, scientist and inventor from the Philippines","Olizon-Chikiamco, Norma",9780804855327,,"Tuttle Publishing","2022 - 2023","Rutland, Vermont",eBook;Book,"Book::Central Kids Place - Lower Level: CHILDREN BIOGRAPHY Orosa, M. 2022 - On Shelf,Book::Colonial Heights Children's Area: CHILDREN BIOGRAPHY Orosa, M. 2022 - On Shelf,Book::Franklin Children's: CHILDREN BIOGRAPHY Orosa, M. 2022 - On Shelf"
https://catalog.saclibrary.org/GroupedWork/332ea667-3c25-f44d-7b78-973ed024fd67-eng,"The man who knew everything: the strange life of Athanasius Kircher","Peters, Marilee, 1968-",9781554519743,,"Annick Press",2017,Toronto,eBook;Book,"Book::Del Paso Heights Children's Area: CHILDREN BIOGRAPHY Kircher, A. 2017 - On Shelf,Book::Elk Grove Kids' Place: CHILDREN BIOGRAPHY Kircher, A. 2017 - Checked Out,Book::Fair Oaks Children's Area: CHILDREN BIOGRAPHY Kircher, A. 2017 - On Shelf"
https://catalog.saclibrary.org/GroupedWork/10276824-5a49-558b-dd66-e87e321d3f48-eng,"Thrill seekers: 15 remarkable women in extreme sports","Staats, Ann McCallum, 1965-",9781641604802,,"Chicago Review Press",2021,"Chicago, Illinois",eBook;Book,"Book::Carmichael Teen Area: TEEN 305.40922 S775 2021 - On Shelf,Book::Central Teen Area - 3rd Floor: TEEN 305.40922 S775 2021 - On Shelf,Book::Courtland Teen Area: TEEN 305.40922 S775 2021 - On Shelf"
https://catalog.saclibrary.org/GroupedWork/2c75500a-9b4b-f88d-3b0f-1ef421b6dfef-eng,"Who is Colin Kaepernick?","Wilson, Lakita",9780593519417,,"Books on Tape; Penguin Workshop",2022,"New York",eAudiobook;Book,"Book::Arcade Children's Area: CHILDREN BIOGRAPHY Kaepernick, C. 2022 - On Shelf,Book::Carmichael Children's Area: CHILDREN BIOGRAPHY Kaepernick, C. 2022 - Checked Out,Book::Central Kids Place - Lower Level: CHILDREN BIOGRAPHY Kaepernick, C. 2022 - On Shelf"
https://catalog.saclibrary.org/GroupedWork/0857f3c8-e8a1-44ed-602e-1ab5a8263782-eng,"Real princesses change the world","Pearson, Carrie A., 1962-",9781250751430,,"Roaring Brook Press",2023,"New York",eBook;Book,"Book::Carmichael Children's Area: CHILDREN 305.522 P361 2023 - On Shelf,Book::Central Kids Place - Lower Level: CHILDREN 305.522 P361 2023 - On Shelf,Book::Colonial Heights Children's Area: CHILDREN 305.522 P361 2023 - On Shelf"
https://catalog.saclibrary.org/GroupedWork/fa97443e-9c77-caa1-4602-7128d53ee397-eng,"The story of Lin-Manuel Miranda: an inspiring biography for young readers","Berrios, Frank",9781638074984,,"Callisto Publishing, an imprint of Sourcebooks",2022,"Naperville, Illinois",Book,
https://catalog.saclibrary.org/GroupedWork/9278e72e-7150-fb49-a8cf-a0f6cec3fe40-eng,"Simone Biles","Fishman, Jon M",9781728423166,,"Lerner Publishing Group; Lerner Publications","2017 - 2021",Minneapolis,eBook;Book,"Book::Galt Children's Area: CHILDREN BIOGRAPHY Biles, S. 2017 - Checked Out,Book::Isleton Children's Area: CHILDREN BIOGRAPHY Biles, S. 2017 - On Shelf,Book::McKinley Children's Area: CHILDREN BIOGRAPHY Biles, S. 2017 - On Shelf"
https://catalog.saclibrary.org/GroupedWork/cd9b4136-1c8a-c0b2-b3c1-91ee99088162-eng,"Major Taylor: world cycling champion","Smith, Charles R., Jr., 1969-",9781536214987,,"Candlewick Press",2023,"Somerville, Massachusetts",eBook;Book,"Book::Carmichael Children's Area: CHILDREN BIOGRAPHY Taylor, M. 2023 - On Shelf,Book::Central Kids Place - Lower Level: CHILDREN BIOGRAPHY Taylor, M. 2023 - On Shelf,Book::Fair Oaks Children's Area: CHILDREN BIOGRAPHY Taylor, M. 2023 - On Shelf"
https://catalog.saclibrary.org/GroupedWork/8b95ddaf-6d0d-750d-cbb7-e3bf6d4fe5fc-eng,"Paper son: the inspiring story of Tyrus Wong, immigrant and artist","Leung, Julie",9781524771874,,"Schwartz & Wade Books; Books on Tape","2019 - 2021","New York",eAudiobook;Book,"Book::Carmichael Children's Area: CHILDREN BIOGRAPHY Wong, T. 2019 - On Shelf,Book::Central Kids Place - Lower Level: CHILDREN BIOGRAPHY Wong, T. 2019 - On Shelf,Book::Del Paso Heights Children's Area: CHILDREN BIOGRAPHY Wong, T. 2019 - On Shelf"
https://catalog.saclibrary.org/GroupedWork/6813232d-d803-8a4f-faa1-107c079b506b-eng,"Who was Jesus?","Morgan, Ellen, 1970-",9780448483207,,"Grosset & Dunlap, an imprint of Penguin Group (USA) LLC; Books on Tape; Penguin Young Readers Group","2015 - 2025","New York, New York",eAudiobook;eBook;Book,"Book::Arcade Children's Area: CHILDREN BIOGRAPHY Jesus Christ 2015 - On Shelf,Book::McClatchy Children's Area: CHILDREN BIOGRAPHY Jesus Christ 2015 - Checked Out,Book::Pocket-Greenhaven Kids' Place: CHILDREN BIOGRAPHY Jesus Christ 2015 - Checked Out"
https://catalog.saclibrary.org/GroupedWork/68fcd462-c9ca-7f74-905f-92ba2a754bd3-eng,"The fire of stars: the life and brilliance of the woman who discovered what stars are made of","Larson, Kirsten W",9781452172873,,"Chronicle Books LLC; Chronicle Books",2023,"San Francisco",eBook;Book,"Book::Central Kids Place - Lower Level: CHILDREN BIOGRAPHY Payne, C. 2023 - On Shelf,Book::Courtland Children's Area: CHILDREN BIOGRAPHY Payne, C. 2023 - On Shelf,Book::Franklin Children's: CHILDREN BIOGRAPHY Payne, C. 2023 - On Shelf"
https://catalog.saclibrary.org/GroupedWork/6ede200a-1677-5743-4187-0614971d5d56-eng,"Cowboys at the ballet: the story of choreographer Agnes de Mille","Bobrow, Claire Wrenn",9781665957878,,"Atheneum Books for Young Readers",2026,"New York",eBook;Book,"Book::Arcade Children's Area: CHILDREN BIOGRAPHY de Mille, A. 2026 - On Shelf,Book::Carmichael Children's Area: CHILDREN BIOGRAPHY de Mille, A. 2026 - On Shelf,Book::Central Kids Place - Lower Level: CHILDREN BIOGRAPHY de Mille, A. 2026 - On Shelf"
https://catalog.saclibrary.org/GroupedWork/6abb8e84-7746-8f65-40ba-b30ffbe3a90b-eng,"Like a rainbow: the colorful story of Cyndi Lauper","Guglielmo, Amy",9781665962001,,"Atheneum Books for Young Readers",2026,"New York",eBook;Book,"Book::Carmichael Children's Area: CHILDREN BIOGRAPHY Lauper, C. 2026 - Checked Out,Book::Central Kids Place - Lower Level: CHILDREN BIOGRAPHY Lauper, C. 2026 - On Shelf,Book::Franklin Children's: CHILDREN BIOGRAPHY Lauper, C. 2026 - On Shelf"
https://catalog.saclibrary.org/GroupedWork/b42a3c72-caf2-a4b3-d552-10785e0d4369-eng,"Stories for boys who dare to be different: true tales of amazing boys who changed the world without killing dragons","Brooks, Ben, 1992-",9780762465927,,"Running Press Kids; Running Press; Hachette Audio",2018,"New York",eBook;Book;eAudiobook,"Book::Fair Oaks Children's Area: CHILDREN 305.310922 B873 2018 - On Shelf,Book::Isleton Children's Area: CHILDREN 305.310922 B873 2018 - On Shelf,Book::Sylvan Oaks Children's Area: CHILDREN 305.310922 B873 2018 - On Shelf"
https://catalog.saclibrary.org/GroupedWork/d337cd5d-25c2-1a60-2459-b8ce3ab45e38-eng,"High flyers: 15 inspiring women aviators and astronauts","Staats, Ann McCallum, 1965-",9781641605892,,"Chicago Review Press",2022,"Chicago, Illinois",eBook;Book,"Book::Arcade Teen Area: TEEN 305.4362 S775 2022 - Checked Out,Book::Central Teen Area - 3rd Floor: TEEN 305.4362 S775 2022 - On Shelf,Book::Belle Cooledge Teen Area: TEEN 305.4362 S775 2022 - On Shelf"
https://catalog.saclibrary.org/GroupedWork/e3212cb4-63ec-e345-b6ee-ab2fd59cf86b-eng,"Florence Nightingale","Johannes, Shelli R",9780593529003,,"Philomel; Books on Tape",2023,"New York",eAudiobook;Book,"Book::Arcade Children's Area: CHILDREN BIOGRAPHY Nightingale, F. 2023 - On Shelf,Book::Carmichael Children's Area: CHILDREN BIOGRAPHY Nightingale, F. 2023 - On Shelf,Book::Central Kids Place - Lower Level: CHILDREN BIOGRAPHY Nightingale, F. 2023 - On Shelf"
https://catalog.saclibrary.org/GroupedWork/9a26fe14-d4fb-d022-fb2e-1ec4bf3ed2e7-eng,"Dare to be different: inspirational words from people who changed the world","Brooks, Ben, 1992-",9780762479146,,"RP Kids",2022,Philadelphia,Book,"Book::Arcade Children's Area: CHILDREN 305 B873 2022 - On Shelf,Book::Central Kids Place - Lower Level: CHILDREN 305 B873 2022 - On Shelf,Book::Colonial Heights Children's Area: CHILDREN 305 B873 2022 - On Shelf"
https://catalog.saclibrary.org/GroupedWork/6612431e-d179-6db1-5f24-d5ce75e78870-eng,"Misty Copeland: principal ballerina","Schwartz, Heather E",9781541597082,,"Lerner Publishing Group; Lerner Publications","2020 - 2021",Minneapolis,eBook;Book,"Book::Arcade Children's Area: CHILDREN BIOGRAPHY Copeland, M. 2021 - On Shelf,Book::Carmichael Children's Area: CHILDREN BIOGRAPHY Copeland, M. 2021 - On Shelf,Book::Elk Grove Kids' Place: CHILDREN BIOGRAPHY Copeland, M. 2021 - On Shelf"
https://catalog.saclibrary.org/GroupedWork/248d835b-ebb7-dd4c-0b75-640e7b7bc1c0-eng,"Native actors and filmmakers: visual storytellers","Robinson, Gary, 1950-",9781939053312,,"7th Generation Native Voices Books; 7th Generation",2021,"Summertown, TN",eBook;Book,"Book::Carmichael Teen Area: TEEN 792.08997 R661 2021 - On Shelf,Book::Central Teen Area - 3rd Floor: TEEN 792.08997 R661 2021 - On Shelf,Book::Del Paso Heights Teen Area: TEEN 792.08997 R661 2021 - On Shelf"
https://catalog.saclibrary.org/GroupedWork/872de5ba-fb17-9e38-3ea0-5db4d2d1e39e-eng,"Blast off!: how Mary Sherman Morgan fueled America into space","Slade, Suzanne",9781684372416,,"Recorded Books, Inc.; Astra Publishing House; Calkins Creek, an imprint of Astra Books for Young Readers",2022,"New York",eAudiobook;Book;eBook,"Book::Carmichael Children's Area: CHILDREN BIOGRAPHY Morgan, M. 2022 - On Shelf,Book::Central Kids Place - Lower Level: CHILDREN BIOGRAPHY Morgan, M. 2022 - On Shelf,Book::Belle Cooledge Children's Area: CHILDREN BIOGRAPHY Morgan, M. 2022 - On Shelf"
https://catalog.saclibrary.org/GroupedWork/73e04055-816c-2d18-3685-a45bffa2a13c-eng,"Influential women in computer science","Clinch, Shasta",9781503889569,,"The Child's World; The Child's World, Inc.","2024 - 2025","[Parker, Colorado]",eBook;Book,"Book::Arcade Children's Area: CHILDREN 004.082 C641 2025 - On Shelf,Book::Central Kids Place - Lower Level: CHILDREN 004.082 C641 2025 - On Shelf,Book::North Natomas Children's Area: CHILDREN 004.082 C641 2025 - On Shelf"
https://catalog.saclibrary.org/GroupedWork/9dac22ef-dcf7-d90a-eb5c-8e14ea9b346b-eng,"Who is Sonia Sotomayor?","Stine, Megan",9780399541926,,"Grosset & Dunlap, an imprint of Penguin Random House; Books on Tape; Penguin Young Readers Group","2017 - 2025","New York, New York",eAudiobook;eBook;Book,
https://catalog.saclibrary.org/GroupedWork/6ee5d971-f01d-6eb3-9dac-5e4ee3969fa6-eng,"Who was Julia Child?","Edgers, Geoff",9781484467763,,"Grosset & Dunlap, an imprint of Penguin Random House; Penguin Young Readers Group",2015,"New York",eBook;Book,"Book::Colonial Heights Children's Area: CHILDREN BIOGRAPHY Child, J. 2015 - In Transit,Book::Folsom Children's Student Resource Center: CHILDREN BIOGRAPHY Child, J. 2015 - Checked Out,Book::Woodland Public Library Children's Area: CHILDREN BIOGRAPHY Child, J. 2015 - On Shelf"
https://catalog.saclibrary.org/GroupedWork/c23e18b6-a2a9-7596-0e91-30c495147c55-eng,"Brief candle in the dark: my life in science","Dawkins, Richard, 1941-",9780062288431,,"Harper Collins Publishers; HarperCollins; HarperAudio; Ecco",2015,"New York","eAudiobook;Audiobook - CD;eBook;Book","Book::Carmichael: 570.92 D271 2015 - On Shelf,Book::Central: 570.92 D271 2015 - On Shelf,Book::North Natomas: 570.92 D271 2015 - On Shelf"
https://catalog.saclibrary.org/GroupedWork/9630dbf5-868a-a718-809f-3aeabab7aaf7-eng,"She persisted around the world: 13 women who changed history","Clinton, Chelsea",9780593204146,,"Philomel Books; Books on Tape; Penguin Young Readers Group","2018 - 2020","New York; New York, NY",eAudiobook;eBook;Book,"Book::Arcade Children's Area: CHILDREN 303.484 C641 2018 - On Shelf,Book::Carmichael Children's Area: CHILDREN 303.484 C641 2018 - On Shelf,Book::Belle Cooledge Children's Area: CHILDREN 303.484 C641 2018 - On Shelf"
https://catalog.saclibrary.org/GroupedWork/3db7a04c-8c6e-0ac7-38e5-7ff2d0bfc53c-eng,"Barack Obama: our 44th president","Nichols, Catherine",9781503844353,,"Child's World; The Child's World, Inc.",2020,"Mankato, MN",eBook;Book,"Book::Belle Cooledge Children's Area: CHILDREN BIOGRAPHY Obama, B. 2020 - On Shelf,Book::Franklin Children's: CHILDREN BIOGRAPHY Obama, B. 2020 - On Shelf,Book::Galt Children's Area: CHILDREN BIOGRAPHY Obama, B. 2020 - On Shelf"
https://catalog.saclibrary.org/GroupedWork/57ba29c5-27da-a509-afd7-00894e81021e-eng,"Influential women in medicine","Golkar, Golriz",9781503889590,,"The Child's World; The Child's World, Inc.","2024 - 2025","[Parker, Colorado]",eBook;Book,"Book::Carmichael Children's Area: CHILDREN 610.82 G626 2025 - On Shelf,Book::Central Kids Place - Lower Level: CHILDREN 610.82 G626 2025 - On Shelf,Book::Belle Cooledge Children's Area: CHILDREN 610.82 G626 2025 - On Shelf"
https://catalog.saclibrary.org/GroupedWork/b9810e33-0836-451c-7bc6-afa05f477d08-eng,"Mary Oliver: holding on to wonder","Frankel, Erin",9781662680823,,"Recorded Books, Inc.; Astra Publishing House; Calkins Creek, an imprint of Astra Books for Young Readers",2025,"New York",eAudiobook;Book;eBook,"Book::Arcade Children's Area: CHILDREN BIOGRAPHY Oliver, M. 2025 - On Shelf,Book::Carmichael Children's Area: CHILDREN BIOGRAPHY Oliver, M. 2025 - On Shelf,Book::Central Kids Place - Lower Level: CHILDREN BIOGRAPHY Oliver, M. 2025 - Checked Out"
https://catalog.saclibrary.org/GroupedWork/60920f48-d3c2-4f69-de3c-71c565b6f527-eng,"Generation queer: stories of youth organizers, artists, and educators","Topping, Kimm",9781643795201,,"Tu Books, an imprint of Lee & Low Books Inc; Lee & Low Books",2025,"New York",eBook;Book,"Book::Central: TEEN 306.76 T675 2025 - On Shelf,Book::Fair Oaks Teen Area: TEEN 306.76 T675 2025 - On Shelf,Book::McClatchy Teen Area: TEEN 306.76 T675 2025 - On Shelf"
https://catalog.saclibrary.org/GroupedWork/7f225533-f552-4b67-f0c6-072324dab02f-eng,"Who was E.B. White?","Herman, Gail, 1959-",9780593386736,,"Penguin Workshop; Books on Tape; Penguin Young Readers Group",2022,"New York",eAudiobook;Book;eBook,"Book::Arcade Children's Area: CHILDREN BIOGRAPHY White, E. 2022 - On Shelf,Book::Carmichael Children's Area: CHILDREN BIOGRAPHY White, E. 2022 - On Shelf,Book::Central Kids Place - Lower Level: CHILDREN BIOGRAPHY White, E. 2022 - On Shelf"
https://catalog.saclibrary.org/GroupedWork/aa304c1c-cd62-d066-a542-0c32d54de8b0-eng,"HerStory: 50 women and girls who shook up the world","Halligan, Katherine (Children's book editor)",9781534436640,,"Dreamscape Media; Simon & Schuster Books for Young Readers",2018,"New York",eAudiobook;Book,"Book::Carmichael Children's Area: OVERSIZE CHILDREN 305.4 H189 2018 - On Shelf,Book::Central Kids Place - Lower Level: OVERSIZE CHILDREN 305.4 H189 2018 - On Shelf,Book::Courtland Children's Area: OVERSIZE CHILDREN 305.4 H189 2018 - On Shelf"
https://catalog.saclibrary.org/GroupedWork/9718666b-21d0-3285-e1a9-96f8c0c61412-eng,"Rising above: inspiring women in sports","Zuckerman, Gregory",9780399547478,,"Tantor Media, Inc.; Tantor Media, Inc; Philomel Books",2018,"New York",eAudiobook;Book,"Book::Carmichael Children's Area: CHILDREN 796.0922 Z942r 2018 - On Shelf,Book::Courtland Children's Area: CHILDREN 796.0922 Z942r 2018 - On Shelf,Book::Franklin Children's: CHILDREN 796.0922 Z942r 2018 - On Shelf"
https://catalog.saclibrary.org/GroupedWork/fa317a65-30c9-e3d2-cee9-4f2d1bacd4a7-eng,"Spotlight on Ariana Grande","Green, Hunter M",9781665990592,,"Simon Spotlight",2025,"New York",eBook;Book,"Book::Carmichael Children's Area: CHILDREN BIOGRAPHY Grande, A. 2025 - On Shelf,Book::Central Kids Place - Lower Level: CHILDREN BIOGRAPHY Grande, A. 2025 - On Shelf,Book::McKinley Children's Area: CHILDREN BIOGRAPHY Grande, A. 2025 - On Shelf"
https://catalog.saclibrary.org/GroupedWork/0938a6ee-37fa-ea71-5273-820df64eeba9-eng,"Lives of the musicians: good times, bad times (and what the neighbors thought)","Krull, Kathleen",9780152480103,,"Audio Bookshelf,LLC; Harcourt Brace Jovanovich; HarperCollins; Blackstone Publishing","1993 - 2017","San Diego",eAudiobook;eBook;Book,"Book::McClatchy Children's Area: CHILDREN 780.922 K94 1993 - On Shelf,Book::Colusa Main Branch Juvenile Collection: J 780.92 K - On Shelf,Book::Folsom Children's Area: CHILDREN 780 KRU 1993 - On Shelf"
https://catalog.saclibrary.org/GroupedWork/25c11e56-1623-205c-9505-85a4dd5fd8a2-eng,"Who was Jim Henson?","Holub, Joan",9781448731558,,"Grosset & Dunlap; Books on Tape; Penguin Young Readers Group","2010 - 2017","New York",eBook;eAudiobook;Book,"Book::Carmichael Children's Area: CHILDREN BIOGRAPHY Henson, J. 2010 - On Shelf,Book::Central Kids Place - Lower Level: CHILDREN BIOGRAPHY Henson, J. 2010 - On Shelf,Book::Fair Oaks Children's Area: CHILDREN BIOGRAPHY Henson, J. 2010 - On Shelf"
https://catalog.saclibrary.org/GroupedWork/c535eb47-b6c7-31ee-cbe2-ecc038ce1a19-eng,"Who was Shirley Chisholm?","Hubbard, Crystal",9781223243832,,"Penguin Workshop; Books on Tape; Penguin Young Readers Group",2024,"New York",eAudiobook;Book;eBook,"Book::Carmichael Children's Area: CHILDREN BIOGRAPHY Chisholm, S. 2024 - On Shelf,Book::Central Kids Place - Lower Level: CHILDREN BIOGRAPHY Chisholm, S. 2024 - On Shelf,Book::Colonial Heights Children's Area: CHILDREN BIOGRAPHY Chisholm, S. 2024 - On Shelf"
https://catalog.saclibrary.org/GroupedWork/4cd40691-dd8c-1ce9-4353-c63b4b7c4963-eng,"Ours to tell: reclaiming Indigenous stories","Yellowhorn, Eldon, 1956-",9781773219547,,"Annick Press",2025,Toronto,eBook;Book,"Book::Central Teen Area - 3rd Floor: TEEN 970.3 Y438 2025 - On Shelf,Book::Colonial Heights: TEEN 970.3 Y438 2025 - On Shelf,Book::Elk Grove Teen Area: TEEN 970.3 Y438 2025 - On Shelf"
https://catalog.saclibrary.org/GroupedWork/c3d8a970-0b83-a24f-d3a5-b520e4aa8c47-eng,"Stars of Women's Soccer","Illugi Jökulsson",9780789213051,,"Abbeville Press; Abbeville Press Publishers","2015 - 2021","New York",Book,"Book::Arcade Children's Area: CHILDREN 796.334 J749 2018 - Checked Out,Book::Franklin Children's: CHILDREN 796.334 J749 2018 - On Shelf"
https://catalog.saclibrary.org/GroupedWork/20b809e8-fd6b-66b3-f37d-90deb5373eb1-eng,"Derek Jeter: all-star major league baseball player","Bednar, Chuck, 1976-",9781422299227,,"Mason Crest Publishers",2013,"Broomall, Penn",Book,"Book::Galt Children's Area: CHILDREN BIOGRAPHY Jeter, D. 2013 - On Shelf,Book::South Natomas Children's Area: CHILDREN BIOGRAPHY Jeter, D. 2013 - On Shelf"
https://catalog.saclibrary.org/GroupedWork/126c8bee-3365-323d-ba45-79c4baa60a49-eng,"Theodore Roosevelt","Britton, Tamara L., 1963-",9781098294823,,"ABDO; ABDO Publishing Company; Big Buddy Books, an imprint of Abdo Publishing","2016 - 2024","Minneapolis, Minnesota",eBook;Book,"Book::Carmichael Children's Area: CHILDREN BIOGRAPHY Roosevelt, T. 2025 - On Shelf,Book::Central Kids Place - Lower Level: CHILDREN BIOGRAPHY Roosevelt, T. 2025 - On Shelf,Book::Belle Cooledge Children's Area: CHILDREN BIOGRAPHY Roosevelt, T. 2025 - On Shelf"
https://catalog.saclibrary.org/GroupedWork/65c37120-9602-73b5-0cdd-8477c5f3d81f-eng,Shout,"Anderson, Laurie Halse",9780670012107,,"Viking; Books on Tape; Penguin Young Readers Group",2019,"New York",eAudiobook;Book;eBook,"Book::Central Teen Area - 3rd Floor: TEEN 808.1 A547 2019 - On Shelf,Book::Courtland Teen Area: TEEN 808.1 A547 2019 - On Shelf,Book::Del Paso Heights Teen Area: TEEN 808.1 A547 2019 - On Shelf"
https://catalog.saclibrary.org/GroupedWork/02eda760-3361-c5fe-a3f6-d8a4476b6f3c-eng,"The Lion Queen: Rasila Vadher, the first woman guardian of the last Asiatic lions","Singh, Rina, 1955-",9781951836849,,"Cameron Kids; Abrams; ABRAMS",2023,"Petaluma, California",eBook;Book,"Book::Carmichael Children's Area: CHILDREN BIOGRAPHY Vadher, R. 2023 - On Shelf,Book::Central Kids Place - Lower Level: CHILDREN BIOGRAPHY Vadher, R. 2023 - On Shelf,Book::Franklin Children's: CHILDREN BIOGRAPHY Vadher, R. 2023 - On Shelf"
https://catalog.saclibrary.org/GroupedWork/b247d3c4-93dd-6fbd-ef9a-788386c9e91e-eng,"The astronomer who questioned everything: the story of Maria Mitchell","Alary, Laura",9781525303487,,"Kids Can Press",2022,Toronto,eBook;Book,"Book::Carmichael Children's Area: CHILDREN BIOGRAPHY Mitchell, M. 2022 - On Shelf,Book::Central Kids Place - Lower Level: CHILDREN BIOGRAPHY Mitchell, M. 2022 - On Shelf,Book::Colonial Heights Children's Area: CHILDREN BIOGRAPHY Mitchell, M. 2022 - On Shelf"
https://catalog.saclibrary.org/GroupedWork/35033fd3-7110-fa4a-289a-00f33f3df584-eng,"Ablaze: the story of America's first female smokejumper","Lawson, Jessica, 1980-",9780593463659,,"Viking; Penguin Young Readers Group",2025,"New York, New York",eBook;Book,"Book::Carmichael Children's Area: CHILDREN BIOGRAPHY Shulman, D. 2025 - On Shelf,Book::Central Kids Place - Lower Level: CHILDREN BIOGRAPHY Shulman, D. 2025 - On Shelf,Book::Colonial Heights Children's Area: CHILDREN BIOGRAPHY Shulman, D. 2025 - On Shelf"
https://catalog.saclibrary.org/GroupedWork/7e1f5e8f-c5f1-8ce1-6e93-c17fb8d74dbe-eng,"Chef Roy Choi and the street food remix","Martin, Jacqueline Briggs",9780983661597,,"Readers to Eaters; Live Oak Media","2017 - 2023","Bellevue, Washington",eAudiobook;eBook;Book,"Book::Carmichael Children's Area: CHILDREN 641.5092 C546zm 2017 - On Shelf,Book::Belle Cooledge Children's Area: CHILDREN 641.5092 C546zm 2017 - On Shelf,Book::Fair Oaks Children's Area: CHILDREN 641.5092 C546zm 2017 - On Shelf"
https://catalog.saclibrary.org/GroupedWork/f7218082-b1e0-7b6e-71dd-82a46c03c92f-eng,"What are Taylor Swift's eras?","Catherine, Niki",9798217050390,,"Penguin Workshop; Books on Tape; Penguin Young Readers Group",2025,"New York",eAudiobook;Book;eBook,"Book::Central Kids Place - Lower Level: CHILDREN 782.421642 S977zc 2025 - On Shelf,Book::Del Paso Heights Children's Area: CHILDREN 782.421642 S977zc 2025 - On Shelf,Book::Isleton Children's Area: CHILDREN 782.421642 S977zc 2025 - On Shelf"
https://catalog.saclibrary.org/GroupedWork/a27ba9c0-fdbf-10c2-ca09-2236fde187ad-eng,"Dr. Mae Jemison: brave rocketeer","Alexander, Heather, 1967-",9780062978080,,"HarperCollins; Harper",2021,"[New York]",eAudiobook;eBook;Book,"Book::Elk Grove Kids' Place: CHILDREN BIOGRAPHY Jemison, M. 2021 - On Shelf,Book::Franklin Children's: CHILDREN BIOGRAPHY Jemison, M. 2021 - On Shelf,Book::North Natomas Children's Area: CHILDREN BIOGRAPHY Jemison, M. 2021 - On Shelf"
https://catalog.saclibrary.org/GroupedWork/0caef6cb-58fc-6f48-fc07-c91a895890b2-eng,Imagine,"Herrera, Juan Felipe",9780763690526,,"[Library Ideas]; Candlewick Press","2018 - 2020","[Fairfax, Virginia]; Somerville, Massachusetts","Picture Book;eBook;Read-Along","Picture Book::Arcade Children's Area: PICTURE BOOK Herrera, J. - On Shelf,Picture Book::Arden-Dimick Children's Area: PICTURE BOOK Herrera, J. - Checked Out,Picture Book::Central Kids Place - Lower Level: PICTURE BOOK Herrera, J. - On Shelf"
https://catalog.saclibrary.org/GroupedWork/c6813500-84ae-58af-5709-7da12cab8a62-eng,"Who was David Bowie?","Gurevich, Margaret",9781524787578,,"Books on Tape; Penguin Workshop",2021,"New York",eAudiobook;Book,"Book::Carmichael Children's Area: CHILDREN BIOGRAPHY Bowie, D. 2021 - On Shelf,Book::Central Kids Place - Lower Level: CHILDREN BIOGRAPHY Bowie, D. 2021 - On Shelf,Book::Colonial Heights Children's Area: CHILDREN BIOGRAPHY Bowie, D. 2021 - On Shelf"
https://catalog.saclibrary.org/GroupedWork/cc6be708-fc6a-c43c-c660-22bd257732b3-eng,"I am Albert Einstein","Meltzer, Brad",9780803740846,,"Dial Books for Young Readers, an imprint of Penguin Group (USA) LLC; Penguin Young Readers Group",2014,"New York",eBook;Book,"Book::Belle Cooledge Children's Area: CHILDREN BIOGRAPHY Einstein, A. 2014 - On Shelf,Book::Sylvan Oaks Children's Area: CHILDREN BIOGRAPHY Einstein, A. 2014 - On Shelf,Book::Folsom Children's Area: CHILDREN BIOGRAPHY Einstein, A. 2014 - On Shelf"
https://catalog.saclibrary.org/GroupedWork/69b1668a-deb2-3ae2-9315-b94bd688c81f-eng,"Shapes, lines, and light: my grandfather's American journey","Yamasaki, Katie",9781324017011,,"Dreamscape Media; Norton Young Readers, an imprint of W.W. Norton & Company",2022,"New York, NY",eAudiobook;Book,"Book::Franklin Children's: CHILDREN BIOGRAPHY Yamasaki, K. 2022 - On Shelf,Book::Galt Children's Area: CHILDREN BIOGRAPHY Yamasaki, K. 2022 - On Shelf,Book::North Natomas Children's Area: CHILDREN BIOGRAPHY Yamasaki, K. 2022 - On Shelf"
https://catalog.saclibrary.org/GroupedWork/17ac2361-0c7d-8a30-dcff-b55521f386ad-eng,"Schomburg: the man who built a library","Weatherford, Carole Boston, 1956-",9780763680466,,"Candlewick Press","2017 - 2020","Somerville, Massachusetts",eBook;Book,"Book::Arcade Children's Area: OVERSIZE CHILDREN 974.700496 W362 2017 - On Shelf,Book::Carmichael Children's Area: OVERSIZE CHILDREN 974.700496 W362 2017 - On Shelf,Book::Central Kids Place - Lower Level: OVERSIZE CHILDREN 974.700496 W362 2017 - On Shelf"
https://catalog.saclibrary.org/GroupedWork/ad735a63-4b63-0fbe-df7e-0cf47ae5df50-eng,"Teen innovators: nine young people engineering a better world with creative inventions","Estes, Fred, 1950-",9781728417189,,"Lerner Publishing Group; Dreamscape Media; Zest Books",2022,Minneapolis,eAudiobook;eBook;Book,"Book::Carmichael Teen Area: TEEN 509.22 E797 2022 - OFF CAMPUS,Book::Central Teen Area - 3rd Floor: TEEN 509.22 E797 2022 - On Shelf,Book::North Natomas: TEEN 509.22 E797 2022 - On Shelf"
https://catalog.saclibrary.org/GroupedWork/91fa86d3-80d7-1383-4b03-ed495c10372e-eng,"Who was Mother Teresa?","Gigliotti, Jim",9780448482996,,"Grosset & Dunlap, an imprint of Penguin Group (USA) LLC; Penguin Young Readers Group",2015,"New York, New York, USA",eBook;Book,"Book::Carmichael Children's Area: CHILDREN BIOGRAPHY Mother Teresa 2015 - On Shelf,Book::Del Paso Heights Children's Area: CHILDREN BIOGRAPHY Mother Teresa 2015 - On Shelf,Book::Fair Oaks Children's Area: CHILDREN BIOGRAPHY Mother Teresa 2015 - On Shelf"
https://catalog.saclibrary.org/GroupedWork/8197c922-17ee-0215-6f3a-87714cebfe00-eng,"Who is RuPaul?","Medina, Nico, 1982-",9780593222706,,"Penguin Workshop, an imprint of Penguin Random House LLC",2021,"New York",Book,"Book::Central Kids Place - Lower Level: CHILDREN BIOGRAPHY Rupaul 2021 - On Shelf,Book::Franklin Children's: CHILDREN BIOGRAPHY Rupaul 2021 - Checked Out,Book::Isleton Children's Area: CHILDREN BIOGRAPHY Rupaul 2021 - On Shelf"
https://catalog.saclibrary.org/GroupedWork/0c8fa567-b1a3-2599-155b-ebf65ed49266-eng,"Kid authors: true tales of childhood from famous writers","Stabler, David",9781594749872,,"Quirk Books",2017,"Philadelphia, PA",eBook;Book,"Book::Carmichael Children's Area: CHILDREN 810.9 S775 2017 - On Shelf,Book::Colonial Heights Children's Area: CHILDREN 810.9 S775 2017 - On Shelf,Book::Courtland Children's Area: CHILDREN 810.9 S775 2017 - On Shelf"
https://catalog.saclibrary.org/GroupedWork/f1de8e8a-d424-08d6-a774-37de4764a460-eng,"What would she do?: 25 true stories of trailblazing rebel women","Woodward, Kay",9781338216400,,"Scholastic Inc",2018,"New York, NY",Book,"Book::Belle Cooledge Children's Area: CHILDREN 920.72 W911 2018 - Checked Out,Book::Elk Grove Kids' Place: CHILDREN 920.72 W911 2018 - On Shelf,Book::Fair Oaks Children's Area: CHILDREN 920.72 W911 2018 - On Shelf"
https://catalog.saclibrary.org/GroupedWork/50e1e62f-a37f-fea6-3501-28a7719f0940-eng,"Sing and shout: the mighty voice of Paul Robeson","Rubin, Susan Goldman",9781629798578,,"Recorded Books, Inc.; Calkins Creek, an imprint of Boyds Mills & Kane","2020 - 2023","New York",eAudiobook;Book,"Book::Galt Children's Area: CHILDREN BIOGRAPHY Robeson, P. 2020 - On Shelf,Book::North Natomas Children's Area: CHILDREN BIOGRAPHY Robeson, P. 2020 - On Shelf"
https://catalog.saclibrary.org/GroupedWork/d6d701b2-d970-537a-f5ff-7f35bd3aff1b-eng,"Misty Copeland","Calkhoven, Laurie",9781481470452,,"Simon Spotlight",2016,"New York","Easy Reader;eBook","Easy Reader::Arcade Children's Area: EASY READER 3 792.8028 C782 2016 - On Shelf,Easy Reader::Carmichael Children's Area: EASY READER 3 792.8028 C782 2016 - On Shelf,Easy Reader::Belle Cooledge Children's Area: EASY READER 3 792.8028 C782 2016 - On Shelf"
https://catalog.saclibrary.org/GroupedWork/3e4aef66-b4aa-11b3-a1e5-a61b92ee9902-eng,"Who were the Three Stooges?","Pollack, Pam",9780448488660,,"Grosset & Dunlap, an imprint of Penguin Random House; Penguin Young Readers Group",2016,"New York, New York",eBook;Book,"Book::Franklin Children's: CHILDREN BIOGRAPHY Three Stooges 2016 - On Shelf,Book::North Natomas Children's Area: CHILDREN BIOGRAPHY Three Stooges 2016 - On Shelf,Book::Rancho Children's Area: CHILDREN BIOGRAPHY Three Stooges 2016 - On Shelf"
https://catalog.saclibrary.org/GroupedWork/fa4a6640-6f3a-8086-eac3-d039e4061a9b-eng,"Who is Willie Nelson?","Stabler, David",9780593886540,,"Penguin Workshop; Books on Tape; Penguin Young Readers Group",2025,"New York, New York",eAudiobook;Book;eBook,"Book::Arcade Children's Area: CHILDREN BIOGRAPHY Nelson, W. 2025 - On Shelf,Book::Central Kids Place - Lower Level: CHILDREN BIOGRAPHY Nelson, W. 2025 - On Shelf,Book::Elk Grove Kids' Place: CHILDREN BIOGRAPHY Nelson, W. 2025 - On Shelf"
https://catalog.saclibrary.org/GroupedWork/580bd178-c6c9-45a9-e266-8457660543c1-eng,"LeBron James","Wetzel, Dan",9781250295804,,"Henry Holt and Company",2019,"New York",Book,"Book::North Natomas Children's Area: CHILDREN BIOGRAPHY James, L. 2019 - On Shelf,Book::Southgate Children's Area: CHILDREN BIOGRAPHY James, L. 2019 - On Shelf,Book::Colusa Main Branch Juvenile Collection: J B JAMES W - On Shelf"
https://catalog.saclibrary.org/GroupedWork/f5ef8810-0223-6071-556a-931a0ec470d3-eng,"Singing justice, singing peace: the story of Joan Baez","Brown, Monica, 1969-",9781665926607,,"Beach Lane Books",2026,"New York",eBook;Book,"Book::Arcade Children's Area: CHILDREN BIOGRAPHY Baez, J. 2026 - On Shelf,Book::Carmichael Children's Area: CHILDREN BIOGRAPHY Baez, J. 2026 - On Shelf,Book::Central Kids Place - Lower Level: CHILDREN BIOGRAPHY Baez, J. 2026 - On Shelf"
https://catalog.saclibrary.org/GroupedWork/622e1498-c498-edad-f31b-83b8069bab42-eng,"Rick Riordan","Wheeler, Jill C., 1964-",9781617835780,,"ABDO; ABDO Publishing Company",2013,"Minneapolis, Minnesota",eBook;Book,"Book::Galt Children's Area: CHILDREN BIOGRAPHY Riordan, R. 2013 - On Shelf,Book::Pocket-Greenhaven Kids' Place: CHILDREN BIOGRAPHY Riordan, R. 2013 - On Shelf"
https://catalog.saclibrary.org/GroupedWork/e4c50a2c-0e87-2824-2dc3-b1d1ee43036b-eng,"Who was Lucille Ball?","Pollack, Pam",9780451533630,,"Grosset & Dunlap, an imprint of Penguin Random House; Scholastic Inc; Penguin Young Readers Group",2017,"New York, New York",eBook;Book,"Book::Elk Grove Kids' Place: CHILDREN BIOGRAPHY Ball, L. 2017 - Checked Out"
https://catalog.saclibrary.org/GroupedWork/d0b82fd5-c228-2cf2-0b06-a272bb07f5ad-eng,"Out of school and into nature: the Anna Comstock story","Slade, Suzanne",9781585369867,,"Sleeping Bear Press","2016 - 2017","Ann Arbor, MI",eBook;Book,"Book::Central Kids Place - Lower Level: CHILDREN BIOGRAPHY Comstock, A. 2017 - On Shelf,Book::Colonial Heights Children's Area: CHILDREN BIOGRAPHY Comstock, A. 2017 - On Hold Shelf,Book::Franklin Children's: CHILDREN BIOGRAPHY Comstock, A. 2017 - On Shelf"
https://catalog.saclibrary.org/GroupedWork/a6da8422-6c46-313e-b17d-fba1d8669d4a-eng,"Who was George Washington?","Edwards, Roberta",9780448448923,,"Grosset & Dunlap; Books on Tape; Penguin Young Readers Group","2009 - 2018","New York",eAudiobook;eBook;Book,"Book::Belle Cooledge Children's Area: CHILDREN BIOGRAPHY Washington, G. 2009 - Checked Out,Book::Del Paso Heights Children's Area: CHILDREN BIOGRAPHY Washington, G. 2009 - On Hold Shelf,Book::Fair Oaks Children's Area: CHILDREN BIOGRAPHY Washington, G. 2009 - Checked Out"
https://catalog.saclibrary.org/GroupedWork/ecd20308-e3d9-a341-68b9-35a72199a6a9-eng,"The brilliant calculator: how mathematician Edith Clarke helped electrify America","Lower, Jan",9781662680069,,"Astra Publishing House; Calkins Creek, an imprint of Astra Books for Young Readers",2023,"New York",eBook;Book,"Book::Arcade Children's Area: CHILDREN BIOGRAPHY Clarke, E. 2023 - On Shelf,Book::Belle Cooledge Children's Area: CHILDREN BIOGRAPHY Clarke, E. 2023 - On Shelf,Book::Elk Grove Kids' Place: CHILDREN BIOGRAPHY Clarke, E. 2023 - On Shelf"
https://catalog.saclibrary.org/GroupedWork/77653730-0952-5bee-19bb-5d3554de7235-eng,"Elizabeth Blackwell","Kule, Elaine A",9781731614322,,"Rourke Educational Media","2019 - 2020","North Mankato, Minnesota",eBook;Book,"Book::Carmichael Children's Area: CHILDREN BIOGRAPHY Blackwell, E. 2020 - On Shelf,Book::Elk Grove Kids' Place: CHILDREN BIOGRAPHY Blackwell, E. 2020 - On Shelf,Book::South Natomas Children's Area: CHILDREN BIOGRAPHY Blackwell, E. 2020 - On Shelf"
https://catalog.saclibrary.org/GroupedWork/ffad9e1a-6e3e-5fc6-6fe2-cbc39785b193-eng,"Kamala raised her hand","Mirchandani, Raakhee",9780316587730,,"Little, Brown and Comany; Little, Brown Books for Young Readers",2024,"New York",eBook;Book,"Book::Carmichael Children's Area: CHILDREN BIOGRAPHY Harris, K. 2024 - On Shelf,Book::Central Kids Place - Lower Level: CHILDREN BIOGRAPHY Harris, K. 2024 - On Shelf,Book::Franklin Children's: CHILDREN BIOGRAPHY Harris, K. 2024 - On Shelf"
https://catalog.saclibrary.org/GroupedWork/5797cc16-039b-ff55-6482-51e0bc10f0c2-eng,"What I must tell the world: how Lorraine Hansberry found her voice","Leslie, Jay",9781638930693,,"Zando; Hillman Grad Books, a Zando imprint",2024,"[New York, New York]",eBook;Book,"Book::Central Kids Place - Lower Level: CHILDREN BIOGRAPHY Hansberry, L. 2024 - On Shelf,Book::Franklin Children's: CHILDREN BIOGRAPHY Hansberry, L. 2024 - On Shelf,Book::South Natomas Children's Area: CHILDREN BIOGRAPHY Hansberry, L. 2024 - On Shelf"
https://catalog.saclibrary.org/GroupedWork/cd95b858-c074-b8ce-ae25-fadc4027194e-eng,"Unfiltered: no shame, no regrets, just me","Collins, Lily, 1989-",9780062473011,,"HarperCollins; Harper",2017,"New York",eAudiobook;eBook;Book,"Book::Central Teen Area - 3rd Floor: TEEN 792.028 C712 2017 - On Shelf,Book::Folsom Adult: TEEN 792.028 COL 2017 - On Shelf"
https://catalog.saclibrary.org/GroupedWork/a8dd3230-2f64-9682-a390-8cae9ae43ba6-eng,"Frida Kahlo's flower crown","Armendia-Sánchez, Nydia",9781949480351,,"Abrams Books for Young Readers",2025,"New York, NY",eBook;Book,"Book::Central Kids Place - Lower Level: CHILDREN BIOGRAPHY Kahlo, F. 2025 - On Shelf,Book::Isleton Children's Area: CHILDREN BIOGRAPHY Kahlo, F. 2025 - On Shelf,Book::Folsom Children's Area NEW: CHILDREN BIOGRAPHY Kahlo, F. 2025 - Checked Out"
https://catalog.saclibrary.org/GroupedWork/824a74b0-3ee1-6ad7-5881-1a53bfb088a1-eng,"Born hungry: Julia Child becomes ""the French chef""","Prud'homme, Alex",9781635923230,,"Recorded Books, Inc.; Calkins Creek, an imprint of Astra Books for Young Readers",2022,"New York",eAudiobook;Book,"Book::Central Kids Place - Lower Level: CHILDREN BIOGRAPHY Child, J. 2022 - On Shelf,Book::Elk Grove Kids' Place: CHILDREN BIOGRAPHY Child, J. 2022 - Checked Out,Book::North Natomas Children's Area: CHILDREN BIOGRAPHY Child, J. 2022 - On Shelf"
https://catalog.saclibrary.org/GroupedWork/a02facc4-4656-40ca-9ab8-e7795d25fc63-eng,"Holding her own: the exceptional life of Jackie Ormes","Todd, Traci N",9781338305906,,"Scholastic Inc.; Orchard Books, an imprint of Scholastic Inc",2023,"New York",eBook;Book,"Book::Central Kids Place - Lower Level: CHILDREN BIOGRAPHY Ormes, J. 2023 - On Shelf,Book::Elk Grove Kids' Place: CHILDREN BIOGRAPHY Ormes, J. 2023 - On Shelf,Book::McKinley Children's Area: CHILDREN BIOGRAPHY Ormes, J. 2023 - On Shelf"
https://catalog.saclibrary.org/GroupedWork/403a789d-72c1-9f64-b0ff-26462ee0efbb-eng,"Determined dreamer: the story of Marie Curie","Hopkinson, Deborah",9780062373328,,"Balzer + Bray, an imprint of HarperCollinsPublishers",2024,"New York",Book,"Book::Central Kids Place - Lower Level: CHILDREN BIOGRAPHY Curie, M. 2024 - On Shelf,Book::Colonial Heights Children's Area: CHILDREN BIOGRAPHY Curie, M. 2024 - On Shelf,Book::Franklin Children's: CHILDREN BIOGRAPHY Curie, M. 2024 - On Shelf"
https://catalog.saclibrary.org/GroupedWork/383cb795-b59e-0037-4ca3-98d10976f38f-eng,"Iconic composers: a celebration of music's extraordinary composers","Csicsko, Nicholas, 1984-",9781951963149,,"Trope Industries LLC",2023,"[Chicago, Illinois]",Book,"Book::Arcade Children's Area: CHILDREN 780.922 C958 2023 - Checked Out,Book::Central Kids Place - Lower Level: CHILDREN 780.922 C958 2023 - On Shelf,Book::Colonial Heights Children's Area: CHILDREN 780.922 C958 2023 - On Shelf"
https://catalog.saclibrary.org/GroupedWork/7ab105de-1eba-c41a-e854-020dc90548e2-eng,"Native Americans in history: a history book for kids","Beason, Jimmy",9781648762888,,"Sourcebooks; Rockridge Press",2021,"Emeryville, California",eBook;Book,"Book::Central Kids Place - Lower Level: CHILDREN 970.004 B368 2021 - On Shelf,Book::Belle Cooledge Children's Area: CHILDREN 970.004 B368 2021 - On Shelf,Book::South Natomas Children's Area: CHILDREN 970.004 B368 2021 - On Shelf"
https://catalog.saclibrary.org/GroupedWork/7cb59a35-7451-d3f2-42e8-edb455fae185-eng,"Searching for Sarah Rector: the richest black girl in America","Bolden, Tonya",9781419708466,,"ABRAMS; Abrams Books for Young Readers",2014,"New York",eBook;Book,"Book::Central Kids Place - Lower Level: CHILDREN 976.68 B687 2014 - On Shelf,Book::Belle Cooledge Children's Area: CHILDREN 976.68 B687 2014 - In Transit,Book::Courtland Children's Area: CHILDREN 976.68 B687 2014 - On Shelf"
https://catalog.saclibrary.org/GroupedWork/7e7d4537-b7eb-7bd2-5c77-6b211e44783b-eng,"Who is Tom Brady?","Buckley, James, Jr., 1963-",9780593387429,,"Penguin Workshop; Penguin Young Readers Group",2021,"New York",eBook;Book,"Book::Fair Oaks Children's Area: CHILDREN BIOGRAPHY Brady, T. 2021 - Checked Out,Book::Isleton Children's Area: CHILDREN BIOGRAPHY Brady, T. 2021 - On Shelf,Book::North Sacramento-Hagginwood Children's Area: CHILDREN BIOGRAPHY Brady, T. 2021 - On Shelf"
https://catalog.saclibrary.org/GroupedWork/e15bcb4b-04d2-401c-3f40-219a15103b20-eng,"The Gift of freedom: how Harriet Tubman rescued her brothers","Turner, Glennette Tilley",9781419769290,,"Dreamscape Media; Abrams Books for Young Readers",2026,"New York",eAudiobook;Book;eBook,"Book::Carmichael Children's Area: CHILDREN 973.7115 T885zt 2026 - On Shelf,Book::Central Kids Place - Lower Level: CHILDREN 973.7115 T885zt 2026 - On Shelf,Book::Fair Oaks Children's Area: CHILDREN 973.7115 T885zt 2026 - On Shelf"
https://catalog.saclibrary.org/GroupedWork/fb1d049b-ea89-78f9-5d61-df4a5fdc1c3f-eng,"100 real-life tales of Black girl magic",,9781953424044,,"Rebel Girls",2021,"Los Angeles",Book,"Book::Galt Children's Area: CHILDREN 305.40922 W926 2021 - On Shelf,Book::Pocket-Greenhaven Kids' Place: CHILDREN 305.40922 W926 2021 - On Shelf,Book::Rancho Children's Area: CHILDREN 305.40922 W926 2021 - On Shelf"
https://catalog.saclibrary.org/GroupedWork/97f3cd33-aff4-8392-4df9-156c280d0009-eng,"The leaf detective: how Margaret Lowman uncovered secrets in the rainforest","Lang, Heather, 1966-",9781684371778,,"Calkins Creek, an imprint of Boyds Mills & Kane",2021,"New York",Book,"Book::Central Kids Place - Lower Level: CHILDREN BIOGRAPHY Lowman, M. 2021 - On Shelf,Book::Elk Grove Kids' Place: CHILDREN BIOGRAPHY Lowman, M. 2021 - Checked Out,Book::Galt Children's Area: CHILDREN BIOGRAPHY Lowman, M. 2021 - On Shelf"
https://catalog.saclibrary.org/GroupedWork/39f0454d-4c41-cdb9-e132-22a14629c48d-eng,"Who is Michelle Obama?","Stine, Megan",9780448478647,,"Grosset & Dunlap, An Imprint of Penguin Group (USA) Inc; Books on Tape; Penguin Young Readers Group","2013 - 2026","New York",eAudiobook;eBook;Book,"Book::Central Kids Place - Lower Level: CHILDREN BIOGRAPHY Obama, M. 2013 - On Shelf,Book::Courtland Children's Area: CHILDREN BIOGRAPHY Obama, M. 2013 - On Shelf,Book::North Natomas Children's Area: CHILDREN BIOGRAPHY Obama, M. 2013 - On Shelf"
https://catalog.saclibrary.org/GroupedWork/3735a25c-8173-931e-47d5-073ec57eba5f-eng,"Whoosh!: Lonnie Johnson's super-soaking stream of inventions","Barton, Chris",9781580892971,,"Wonder Book; Charlesbridge",2016,"Watertown, MA",eAudiobook;eBook;Book,"Book::Central Kids Place - Lower Level: CHILDREN BIOGRAPHY Johnson, L. 2016 - On Shelf,Book::Colonial Heights Children's Area: CHILDREN BIOGRAPHY Johnson, L. 2016 - On Shelf,Book::Belle Cooledge Children's Area: CHILDREN BIOGRAPHY Johnson, L. 2016 - On Shelf"
https://catalog.saclibrary.org/GroupedWork/e08cf68a-9a5b-ce86-2171-31492925cf11-eng,"Megan Rapinoe","Scarbrough, Mary Hertz",9781731638236,,"Rourke Educational Media; High Tide",2020,"[Place of publication not identified]",eBook;Book,"Book::Carmichael Children's Area: CHILDREN BIOGRAPHY Rapinoe, M. 2020 - On Shelf,Book::McKinley Children's Area: CHILDREN BIOGRAPHY Rapinoe, M. 2020 - On Shelf,Book::North Natomas Children's Area: CHILDREN BIOGRAPHY Rapinoe, M. 2020 - On Shelf"
https://catalog.saclibrary.org/GroupedWork/998abac3-cbb5-be19-7866-6ce90a97a23d-eng,"That's Betty!: the story of Betty White","Bonsignore, Gregory",9781250796608,,"Henry Holt and Company; Henry Holt and Co. (BYR)",2022,"New York",eBook;Book,"Book::Carmichael Children's Area: CHILDREN BIOGRAPHY White, B. 2022 - On Shelf,Book::Del Paso Heights Children's Area: CHILDREN BIOGRAPHY White, B. 2022 - On Shelf,Book::Franklin Children's: CHILDREN BIOGRAPHY White, B. 2022 - On Shelf"
https://catalog.saclibrary.org/GroupedWork/1056896a-f49a-2542-1447-6b3694360ccd-eng,"Dreams take flight: the story of deaf pilot Nellie Zabel Willhite","Richman, Brittany",9781534113558,,"Sleeping Bear Press",2025,"Ann Arbor, MI",eBook;Book,"Book::Carmichael Children's Area: CHILDREN BIOGRAPHY Willhite, N. 2025 - On Shelf,Book::Central Kids Place - Lower Level: CHILDREN BIOGRAPHY Willhite, N. 2025 - On Shelf,Book::McClatchy Children's Area: CHILDREN BIOGRAPHY Willhite, N. 2025 - On Shelf"
https://catalog.saclibrary.org/GroupedWork/a3c3ff36-3ec1-d224-af4a-5392062cc2a6-eng,"The wonders we seek: thirty incredible Muslims who helped shape the world","Faruqi, Saadia",9780062973443,,"Quill Tree Books; HarperCollins",2022,"New York",eBook;Book;eAudiobook,"Book::Central Kids Place - Lower Level: CHILDREN 297.0922 F247 2022 - On Shelf,Book::Belle Cooledge Children's Area: CHILDREN 297.0922 F247 2022 - On Shelf,Book::Fair Oaks Children's Area: CHILDREN 297.0922 F247 2022 - On Shelf"
https://catalog.saclibrary.org/GroupedWork/03460083-bb87-96a2-dbd4-943added6882-eng,"Grace Hopper","Fields, Jan",9781731614308,,"Rourke Educational Media","2019 - 2020","North Mankato, Minnesota",eBook;Book,"Book::Elk Grove Kids' Place: CHILDREN BIOGRAPHY Hopper, G. 2020 - On Shelf,Book::Fair Oaks Children's Area: CHILDREN BIOGRAPHY Hopper, G. 2020 - On Shelf,Book::Franklin Children's: CHILDREN BIOGRAPHY Hopper, G. 2020 - On Shelf"
https://catalog.saclibrary.org/GroupedWork/9754fc79-98e6-125e-3cf7-cbdbabe9dcc8-eng,"Amelia Earhart","Prentice, Andrew (Andy)",9781419737411,,"Abrams; Dreamscape Media; Abrams Books for Young Readers",2019,"New York",eBook;Book;eAudiobook,"Book::Carmichael Children's Area: CHILDREN BIOGRAPHY Earhart, A. 2019 - On Shelf,Book::Colonial Heights Children's Area: CHILDREN BIOGRAPHY Earhart, A. 2019 - On Hold Shelf,Book::Folsom Children's Area: CHILDREN BIOGRAPHY Earhart, A. 2019 - On Shelf"
https://catalog.saclibrary.org/GroupedWork/ca9b94d4-9ed0-e886-4b90-f606a9b977d7-eng,"Evelyn Hooker and the fairy project","Pitman, Gayle E",9781433830471,,"Magination Press; American Psychological Association",2021,"Washington, DC",eBook;Book,"Book::Carmichael Children's Area: CHILDREN BIOGRAPHY Hooker, E. 2021 - On Shelf,Book::South Natomas Children's Area: CHILDREN BIOGRAPHY Hooker, E. 2021 - On Shelf,Book::North Natomas Children's Area: CHILDREN BIOGRAPHY Hooker, E. 2021 - On Shelf"
https://catalog.saclibrary.org/GroupedWork/7610ec18-6785-08d2-aff2-f8de4f9347ae-eng,"Louis Pasteur","Warren, Harvey",9781422240335,,"National Highlights Inc.; Mason Crest",2019,"Broomall, Pennsylvania",eBook;Book,"Book::Arcade Children's Area: CHILDREN BIOGRAPHY Pasteur, L. 2019 - On Shelf,Book::Central Kids Place - Lower Level: CHILDREN BIOGRAPHY Pasteur, L. 2019 - On Shelf,Book::Elk Grove Kids' Place: CHILDREN BIOGRAPHY Pasteur, L. 2019 - On Shelf"
https://catalog.saclibrary.org/GroupedWork/39000882-fae2-d89e-002a-2620c29f2bc6-eng,"Not done yet: Shirley Chisholm's fight for change","Brown, Tameka Fryer",9781728420080,,"Millbrook Press; Lerner Publishing Group","2022 - 2023",Minneapolis,eBook;Book;eAudiobook,"Book::Colonial Heights Children's Area: CHILDREN BIOGRAPHY Chisholm, S. 2022 - On Shelf,Book::Del Paso Heights Children's Area: CHILDREN BIOGRAPHY Chisholm, S. 2022 - On Shelf,Book::Elk Grove Kids' Place: CHILDREN BIOGRAPHY Chisholm, S. 2022 - On Shelf"
https://catalog.saclibrary.org/GroupedWork/c4b0c56c-3d76-6f41-17dc-95808c5066f9-eng,"Just like Beverly","Conrad, Vicki",9781632172228,,"Little Bigfoot, an imprint of Sasquatch Books",2019,"Seattle, WA",Book,"Book::Carmichael Children's Area: CHILDREN BIOGRAPHY Cleary, B. 2019 - On Shelf,Book::Elk Grove Kids' Place: CHILDREN BIOGRAPHY Cleary, B. 2019 - On Shelf,Book::Isleton Children's Area: CHILDREN BIOGRAPHY Cleary, B. 2019 - On Shelf"
https://catalog.saclibrary.org/GroupedWork/1aa768d2-c204-ead9-c1a2-949f4ea9cd8a-eng,"Who was George Washington Carver?","Gigliotti, Jim",9781338038781,,"Grosset & Dunlap, an imprint of Penguin Random House; Scholastic; Books on Tape; Penguin Young Readers Group","2015 - 2018","New York, New York",eBook;eAudiobook;Book,"Book::Galt Children's Area: CHILDREN BIOGRAPHY Carver, G. 2015 - On Shelf,Book::Isleton Children's Area: CHILDREN BIOGRAPHY Carver, G. 2015 - On Shelf,Book::South Natomas Children's Area: CHILDREN BIOGRAPHY Carver, G. 2015 - On Shelf"
https://catalog.saclibrary.org/GroupedWork/62b18676-4cfe-4722-d5aa-620e858d2fe0-eng,"Who is Barack Obama?","Edwards, Roberta",9780448453309,,"Grosset & Dunlap; Books on Tape; Penguin Young Readers Group","2009 - 2025","New York",eAudiobook;eBook;Book,
https://catalog.saclibrary.org/GroupedWork/04bfdb42-dfa7-bdc6-9a9b-f830bfcc2323-eng,"Dr. Charles Drew, medical pioneer","Whitehurst, Susan",9781503854451,,"Child's World; The Child's World; The Child's World, Inc.","2002 - 2022","Mankato, MN; Chanhassen, MN",eBook;Book,"Book::Arcade Children's Area: CHILDREN BIOGRAPHY Drew, C. 2022 - On Shelf,Book::Carmichael Children's Area: CHILDREN BIOGRAPHY Drew, C. 2022 - On Shelf,Book::Belle Cooledge Children's Area: CHILDREN BIOGRAPHY Drew, C. 2022 - On Shelf"
https://catalog.saclibrary.org/GroupedWork/b4789ecb-8290-c97f-d1ad-14bfc334a777-eng,"The girl who built an ocean: an artist, an argonaut, and the true story of the world's first aquarium","Keating, Jess",9780593305119,,"Alfred A. Knopf; Random House Children's Books; Books on Tape","2022 - 2024","New York",eAudiobook;Book;eBook,"Book::Carmichael Children's Area: CHILDREN BIOGRAPHY Villepreux-Power, J. 2022 - On Shelf,Book::Galt Children's Area: CHILDREN BIOGRAPHY Villepreux-Power, J. 2022 - On Shelf,Book::South Natomas Children's Area: CHILDREN BIOGRAPHY Villepreux-Power, J. 2022 - On Shelf"
https://catalog.saclibrary.org/GroupedWork/f2a7a9ca-1a8e-77fd-54e1-efa54053d009-eng,"Kid scientists: true tales of childhood from science superstars","Stabler, David",9781683690740,,"Quirk Books; Dreamscape Media","2018 - 2020","Philadelphia, PA",eAudiobook;eBook;Book,"Book::Arcade Children's Area: CHILDREN 509.22 S775 2018 - Checked Out,Book::Central Kids Place - Lower Level: CHILDREN 509.22 S775 2018 - On Shelf,Book::Elk Grove Kids' Place: CHILDREN 509.22 S775 2018 - On Shelf"
https://catalog.saclibrary.org/GroupedWork/b2e80490-8873-b95c-19fa-268819507937-eng,"William Taft","Rumsch, BreAnn, 1981-",9781604534740,,"ABDO; ABDO Publishing Company","2009 - 2024","Edina, Minn",eBook;Book,"Book::Central Kids Place - Lower Level: CHILDREN BIOGRAPHY Taft, W. 2009 - Check Shelf"
https://catalog.saclibrary.org/GroupedWork/92fa86a3-def7-0077-2f0f-8b00d3d5def9-eng,"Yayoi Kusama covered everything in dots and wasn't sorry","Gilberti, Fausto, 1970-",9781838660802,,"Phaidon Press Inc",2020,"New York, NY",Book,"Book::Central Kids Place - Lower Level: CHILDREN BIOGRAPHY Kusama, Y. 2020 - In Processing,Book::Courtland Children's Area: CHILDREN BIOGRAPHY Kusama, Y. 2020 - On Shelf,Book::Elk Grove Kids' Place: CHILDREN BIOGRAPHY Kusama, Y. 2020 - OFF CAMPUS"
https://catalog.saclibrary.org/GroupedWork/0396e12a-7dd3-bfbe-cd09-2f91fc7166a7-eng,"The girl with a mind for math: the story of Raye Montague","Mosca, Julia Finley",9781943147427,,"The Innovation Press","2018 - 2020","Seattle, WA",eBook;Book,"Book::Central Kids Place - Lower Level: CHILDREN BIOGRAPHY Montague, R. 2018 - On Shelf,Book::Colonial Heights Children's Area: CHILDREN BIOGRAPHY Montague, R. 2018 - On Shelf,Book::Courtland Children's Area: CHILDREN BIOGRAPHY Montague, R. 2018 - On Shelf"
https://catalog.saclibrary.org/GroupedWork/a8062902-2ab8-7aed-44ed-f9d078e7b4d6-eng,"Barack Obama: out of many, one","Corey, Shana",9780375963391,,"Random House Children's Books; Random House","2009 - 2013","New York","Easy Reader;eBook","Easy Reader::Belle Cooledge Children's Area: EASY READER 3 973.932092 O12zc 2009 - On Shelf,Easy Reader::Fair Oaks Children's Area: EASY READER 3 973.932092 O12zc 2009 - On Shelf,Easy Reader::Galt Children's Area: EASY READER 3 973.932092 O12zc 2009 - On Shelf"
https://catalog.saclibrary.org/GroupedWork/0ee48ff6-7c20-f741-ec90-97b54f1405c9-eng,"Who was Anne Frank?","Abramson, Ann",9780448444826,,"Grosset & Dunlap; Books on Tape; Penguin Young Readers Group","2007 - 2019","New York",eAudiobook;eBook;Book,
https://catalog.saclibrary.org/GroupedWork/d4dccd04-9a3c-308a-9889-f99ea9f6a9a5-eng,"Singled out: the true story of Glenn Burke","Maraniss, Andrew",9780593116722,,"Philomel Books; Books on Tape; Penguin Young Readers Group",2021,"New York",eAudiobook;Book;eBook,"Book::Central Teen Area - 3rd Floor: TEEN BIOGRAPHY Burke, G. 2021 - On Shelf,Book::Belle Cooledge Teen Area: TEEN BIOGRAPHY Burke, G. 2021 - On Shelf,Book::Fair Oaks Teen Area: TEEN BIOGRAPHY Burke, G. 2021 - On Shelf"
https://catalog.saclibrary.org/GroupedWork/ce78e4f4-6965-101b-a10f-daadffee2c36-eng,"Shining star: Vera Rubin discovers dark matter","Slade, Suzanne",9781635926019,,"Astra Publishing House; Calkins Creek, an imprint of Astra Books for Young Readers",2023,"New York",eBook;Book,"Book::Carmichael Children's Area: CHILDREN BIOGRAPHY Rubin, V. 2023 - On Shelf,Book::South Natomas Children's Area: CHILDREN BIOGRAPHY Rubin, V. 2023 - On Shelf,Book::North Natomas Children's Area: CHILDREN BIOGRAPHY Rubin, V. 2023 - On Shelf"
https://catalog.saclibrary.org/GroupedWork/50968cba-431a-a9e7-171d-4dc48562672c-eng,"Louis Pasteur","Sánchez Vegara, Ma Isabel (María Isabel)",9780711283138,,"Frances Lincoln Children's Books, an imprint of The Quarto Group",2023,"Beverly, MA",Book,"Book::Central Kids Place - Lower Level: CHILDREN BIOGRAPHY Pasteur, L. 2023 - On Shelf,Book::Elk Grove Kids' Place: CHILDREN BIOGRAPHY Pasteur, L. 2023 - On Shelf,Book::Franklin Children's: CHILDREN BIOGRAPHY Pasteur, L. 2023 - On Shelf"
https://catalog.saclibrary.org/GroupedWork/3a7993b7-d4a1-8d62-d083-811f8d247959-eng,"Marie Curie","Sánchez Vegara, Ma Isabel (María Isabel)",9781847809629,,"Frances Lincoln Children's Books",2017,[London],Book,"Book::Central Kids Place - Lower Level: CHILDREN BIOGRAPHY Curie, M. 2017 - Check Shelf,Book::Del Paso Heights Children's Area: CHILDREN BIOGRAPHY Curie, M. 2017 - Checked Out,Book::Elk Grove Kids' Place: CHILDREN BIOGRAPHY Curie, M. 2017 - On Shelf"
https://catalog.saclibrary.org/GroupedWork/f839cfee-9088-43f7-da31-f25e5277c016-eng,"Outside in and the inside out: a story about Arnold Lobel","Kastner, Emmy",9780593692509,,"Viking; Penguin Young Readers Group",2025,"New York",eBook;Book,"Book::Carmichael Children's Area: CHILDREN BIOGRAPHY Lobel, A. 2025 - On Shelf,Book::Central Kids Place - Lower Level: CHILDREN BIOGRAPHY Lobel, A. 2025 - Checked Out,Book::Elk Grove Kids' Place: CHILDREN BIOGRAPHY Lobel, A. 2025 - Checked Out"
https://catalog.saclibrary.org/GroupedWork/78c8f80e-90c1-b476-8e0f-5ba03654b1ba-eng,"Who is Ketanji Brown Jackson?","Moses, Shelia P",9780593659557,,"Books on Tape; Penguin Workshop",2022,"New York",eAudiobook;Book,"Book::Carmichael Children's Area: CHILDREN BIOGRAPHY Jackson, K. 2022 - On Shelf,Book::Central Kids Place - Lower Level: CHILDREN BIOGRAPHY Jackson, K. 2022 - On Shelf,Book::Belle Cooledge Children's Area: CHILDREN BIOGRAPHY Jackson, K. 2022 - On Shelf"
https://catalog.saclibrary.org/GroupedWork/129de425-e6eb-938d-8434-97a08f4c4190-eng,"Changing the equation: 50+ US Black women in STEM","Bolden, Tonya",9781419707346,,"Abrams; ABRAMS, Inc.; Abrams Books for Young Readers",2020,"New York",eBook;Book,"Book::Belle Cooledge Children's Area: CHILDREN 509.252 B687 2020 - On Shelf,Book::McClatchy Children's Area: CHILDREN 509.252 B687 2020 - On Shelf,Book::Pocket-Greenhaven Kids' Place: CHILDREN 509.252 B687 2020 - On Shelf"
https://catalog.saclibrary.org/GroupedWork/8933a0e6-9e94-77a8-d63b-f9b1a98768ba-eng,"Who was Isaac Newton?","Pascal, Janet B",9780606361743,,"Grosset & Dunlap, an imprint of Penguin Group (USA) LLC; Books on Tape; Penguin Young Readers Group","2014 - 2018","New York, New York, USA",eAudiobook;eBook;Book,
https://catalog.saclibrary.org/GroupedWork/54c6f9cf-8db7-6778-928a-023cffc8c3e2-eng,"Black history for every day of the year","Olusoga, David",9798893030938,,"The Experiment",2025,"New York",eBook;Book,"Book::Arcade Teen Area: TEEN 973.0496 O529 2025 - On Shelf,Book::Central Teen Area - 3rd Floor: TEEN 973.0496 O529 2025 - On Shelf,Book::Franklin Teen: TEEN 973.0496 O529 2025 - On Shelf"
https://catalog.saclibrary.org/GroupedWork/90371e11-b945-6172-816c-fe2f678e4717-eng,"Florence Nightingale: the courageous life of the legendary nurse","Reef, Catherine",9780544535800,,"Clarion Books; HarperCollins","2016 - 2017",Boston,eBook;Book,"Book::Central Kids Place - Lower Level: CHILDREN BIOGRAPHY Nightingale, F. 2017 - On Shelf,Book::Fair Oaks Children's Area: CHILDREN BIOGRAPHY Nightingale, F. 2017 - On Shelf,Book::Franklin Children's: CHILDREN BIOGRAPHY Nightingale, F. 2017 - On Shelf"
https://catalog.saclibrary.org/GroupedWork/daef45a7-133d-2cda-a5fd-9db7f4da0cb1-eng,"Girls to the front: 40 Asian American women who blazed a trail","Mata, Nina, 1981-",9780063216280,,"Harper, an imprint of HarperCollinsPublishers",2025,"New York, NY",Book,"Book::Carmichael Children's Area: CHILDREN 305.48 M425 2025 - On Shelf,Book::Central Kids Place - Lower Level: CHILDREN 305.48 M425 2025 - On Shelf,Book::Colonial Heights Children's Area: CHILDREN 305.48 M425 2025 - On Shelf"
https://catalog.saclibrary.org/GroupedWork/2b2c53b8-05f8-1d91-462c-5697f87acfd2-eng,"Mary's monster: love, madness, and how Mary Shelley created Frankenstein","Judge, Lita",9781626725003,,"Roaring Brook Press",2018,"New York",eBook;Book,"Book::Del Paso Heights Teen Area: TEEN 823 S545zj 2018 - On Shelf,Book::Elk Grove Teen Area: TEEN 823 S545zj 2018 - On Shelf,Book::North Natomas: TEEN 823 S545zj 2018 - On Shelf"
https://catalog.saclibrary.org/GroupedWork/9fd04c1a-7704-f170-3a02-ddd0e7ebfa54-eng,"Autumn Peltier, water warrior","Lindstrom, Carole, 1964-",9781250795274,,"Macmillan Audio; Roaring Brook Press",2023,"New York",eAudiobook;Book,"Book::Central Kids Place - Lower Level: CHILDREN BIOGRAPHY Peltier, A. 2023 - On Shelf,Book::Belle Cooledge Children's Area: CHILDREN BIOGRAPHY Peltier, A. 2023 - On Shelf,Book::Elk Grove Kids' Place: CHILDREN BIOGRAPHY Peltier, A. 2023 - On Shelf"
https://catalog.saclibrary.org/GroupedWork/059951cb-1a03-268e-1c66-a3da5b6afb30-eng,"I am Jackie Robinson","Meltzer, Brad",9780803740860,,"Rocky Pond Books; Dial Books for Young Readers; Penguin Young Readers Group","2015 - 2023","New York",eBook;Book,"Book::Southgate Children's Area: CHILDREN BIOGRAPHY Robinson, J. 2015 - On Shelf,Book::Sylvan Oaks Children's Area: CHILDREN BIOGRAPHY Robinson, J. 2015 - On Shelf,Book::Sacramento Public Library Storage: CHILDREN BIOGRAPHY Robinson, J. 2015 - On Shelf"
https://catalog.saclibrary.org/GroupedWork/48ebbea1-5f3b-3f3a-2c07-c22a47c1f097-eng,"Grace Lee Boggs: gardens of hope","Daemicke, Songju Ma",9780807530122,,"Albert Whitman & Company",2025,Chicago,eBook;Book,"Book::Central Kids Place - Lower Level: CHILDREN BIOGRAPHY Boggs, G. 2025 - On Shelf,Book::Colonial Heights Children's Area: CHILDREN BIOGRAPHY Boggs, G. 2025 - On Shelf,Book::McKinley Children's Area: CHILDREN BIOGRAPHY Boggs, G. 2025 - Checked Out"
https://catalog.saclibrary.org/GroupedWork/650e1ffd-99cf-5c33-12d3-268b37a2af5d-eng,"Marie's magic eggs: how Marie Procai kept the Ukrainian art of pysanky alive","Wallace, Sandra Neil",9781662680694,,"Recorded Books, Inc.; Astra Publishing House; Calkins Creek, an imprint of Astra Books for Young Readers",2026,"New York",eAudiobook;Book;eBook,"Book::Arcade Children's Area: CHILDREN BIOGRAPHY Procai, M. 2026 - On Shelf,Book::Carmichael Children's Area: CHILDREN BIOGRAPHY Procai, M. 2026 - On Shelf,Book::Central Kids Place - Lower Level: CHILDREN BIOGRAPHY Procai, M. 2026 - On Shelf"
https://catalog.saclibrary.org/GroupedWork/d5d52baa-5eea-c95c-af84-72ff028067ae-eng,"Dwight D. Eisenhower","Britton, Tamara L., 1963-",9781098294571,,"ABDO; ABDO Publishing Company; Big Buddy Books, an imprint of Abdo Publishing","2016 - 2025","Minneapolis, Minnesota",eBook;Book,"Book::Central Kids Place - Lower Level: CHILDREN BIOGRAPHY Eisenhower, D. 2025 - On Shelf,Book::Franklin Children's: CHILDREN BIOGRAPHY Eisenhower, D. 2025 - On Shelf,Book::McKinley Children's Area: CHILDREN BIOGRAPHY Eisenhower, D. 2025 - On Shelf"
https://catalog.saclibrary.org/GroupedWork/07424a5f-d99e-9d71-c9b0-0a72c28cf92c-eng,"Nicole Mann: NASA astronaut","MacCarald, Clara, 1979-",9798892601832,,"Mitchell Lane Publishers",2025,"Hallandale, FL",eBook;Book,"Book::Arcade Children's Area: CHILDREN BIOGRAPHY Mann, N. 2025 - On Shelf,Book::Arden-Dimick Children's Area: CHILDREN BIOGRAPHY Mann, N. 2025 - Checked Out,Book::Central Kids Place - Lower Level: CHILDREN BIOGRAPHY Mann, N. 2025 - On Shelf"
https://catalog.saclibrary.org/GroupedWork/db16bf3b-94f0-082f-1836-29f210f2b29e-eng,"Founding mothers: remembering the ladies","Roberts, Cokie",9780060780036,,"HarperCollins; Harper, an imprint of HarperCollinsPublishers","2014 - 2017","New York, NY",eBook;Book,"Book::Central Kids Place - Lower Level: CHILDREN 973.30922 R643 2014 - On Shelf,Book::Elk Grove Kids' Place: CHILDREN 973.30922 R643 2014 - Checked Out,Book::Fair Oaks Children's Area: CHILDREN 973.30922 R643 2014 - On Shelf"
https://catalog.saclibrary.org/GroupedWork/4e589852-2b8e-5088-36f9-c0cd16026a31-eng,"Noah Webster: man of many words","Reef, Catherine",9780544129832,,"Clarion Books, Houghton Mifflin Harcourt; Clarion Books; Houghton Mifflin Harcourt",2015,Boston,eBook;Book,"Book::Carmichael Children's Area: CHILDREN BIOGRAPHY Webster, N. 2015 - On Shelf,Book::Franklin Children's: CHILDREN BIOGRAPHY Webster, N. 2015 - On Shelf,Book::North Natomas Children's Area: CHILDREN BIOGRAPHY Webster, N. 2015 - On Shelf"
https://catalog.saclibrary.org/GroupedWork/41341ae8-15fe-51ee-eef0-cccd4d6f411f-eng,"Normal: one kid's extraordinary journey","Newman, Magdalena",9781328631831,,"Clarion Books; Houghton Mifflin Harcourt; HarperCollins",2020,Boston,eBook;eAudiobook;Book,"Book::Carmichael Children's Area: CHILDREN BIOGRAPHY Newman, N. 2020 - On Shelf,Book::Pocket-Greenhaven Kids' Place: CHILDREN BIOGRAPHY Newman, N. 2020 - On Shelf,Book::Southgate Children's Area: CHILDREN BIOGRAPHY Newman, N. 2020 - On Shelf"
https://catalog.saclibrary.org/GroupedWork/2140389a-da66-9ece-b847-5ff6a77e69d1-eng,"Louis Braille","Bassier, Emma",9781532163661,,"ABDO; ABDO Publishing Company; Discover Roo!, an imprint of Pop!","2019 - 2020","Minneapolis, Minnesota",eBook;Book,"Book::Arcade Children's Area: CHILDREN BIOGRAPHY Braille, L. 2020 - On Shelf,Book::Central Kids Place - Lower Level: CHILDREN BIOGRAPHY Braille, L. 2020 - On Shelf,Book::Galt Children's Area: CHILDREN BIOGRAPHY Braille, L. 2020 - On Shelf"
https://catalog.saclibrary.org/GroupedWork/90728930-2d66-86b1-14f1-54eb664fb27f-eng,"100 American women who shaped American history","Felder, Deborah G",9781728290119,,"Sourcebooks Inc; Sourcebooks Explore",2023,"Naperville, Illinois",eBook;Book,"Book::Arcade Children's Area: CHILDREN 920.72 F312 2023 - On Shelf,Book::Carmichael Children's Area: CHILDREN 920.72 F312 2023 - On Shelf,Book::Central Kids Place - Lower Level: CHILDREN 920.72 F312 2023 - On Shelf"
https://catalog.saclibrary.org/GroupedWork/6f170dc1-760f-cb23-aa09-b5480e26fc83-eng,"More girls who rocked the world: heroines from Ada Lovelace to Misty Copeland","McCann, Michelle Roehm, 1968-",9781582706405,,Aladdin,2017,"New York",Book,"Book::Carmichael Children's Area: CHILDREN 920.72 M122m 2017 - On Hold Shelf,Book::McClatchy Children's Area: CHILDREN 920.72 M122m 2017 - On Shelf,Book::South Natomas Children's Area: CHILDREN 920.72 M122m 2017 - On Shelf"
https://catalog.saclibrary.org/GroupedWork/c0120873-2cce-97df-0864-af20c4379040-eng,"Who was Frank Sinatra?","Labrecque, Ellen",9780399544101,,"Penguin Workshop; Books on Tape; Penguin Young Readers Group",2023,"New York",eAudiobook;Book;eBook,"Book::Elk Grove Kids' Place: CHILDREN BIOGRAPHY Sinatra, F. 2023 - Checked Out,Book::North Natomas Children's Area: CHILDREN BIOGRAPHY Sinatra, F. 2023 - On Shelf,Book::Pocket-Greenhaven Kids' Place: CHILDREN BIOGRAPHY Sinatra, F. 2023 - On Shelf"
https://catalog.saclibrary.org/GroupedWork/e25f531d-1cc0-483a-5586-aab3b57131bb-eng,"Presenting Buffalo Bill: the man who invented the Wild West","Fleming, Candace",9781596437630,,"Dreamscape Media; Roaring Brook Press","2016 - 2017","New York",eAudiobook;eBook;Book,"Book::Colonial Heights Children's Area: CHILDREN BIOGRAPHY Buffalo Bill 2016 - On Shelf,Book::Sylvan Oaks Children's Area: CHILDREN BIOGRAPHY Buffalo Bill 2016 - On Shelf,Book::Woodland Public Library Children's Area: CHILDREN BIOGRAPHY Buffalo Bill 2016 - On Shelf"
https://catalog.saclibrary.org/GroupedWork/9d0daa16-bfd6-6fa8-ac51-3b87e23b01df-eng,"Who was Johnny Cash?","Gigliotti, Jim",9780399544187,,"Books on Tape; Penguin Workshop",2022,"New York",eAudiobook;Book,"Book::Carmichael Children's Area: CHILDREN BIOGRAPHY Cash, J. 2022 - On Shelf,Book::Central Kids Place - Lower Level: CHILDREN BIOGRAPHY Cash, J. 2022 - Checked Out,Book::Elk Grove Kids' Place: CHILDREN BIOGRAPHY Cash, J. 2022 - Checked Out"
https://catalog.saclibrary.org/GroupedWork/a75a5af5-657e-6e82-7889-bb5f5c38037c-eng,"The highest tribute: Thurgood Marshall's life, leadership, and legacy","Magoon, Kekla",9780062912510,,"HarperCollins; Quill Tree Books, an imprint of HarperCollinsPublishers",2021,"New York, NY",eBook;Book,"Book::North Natomas Children's Area: OVERSIZE CHILDREN BIOGRAPHY Marshall, T. 2021 - On Shelf,Book::Pocket-Greenhaven Kids' Place: OVERSIZE CHILDREN BIOGRAPHY Marshall, T. 2021 - On Shelf,Book::Rancho Children's Area: OVERSIZE CHILDREN BIOGRAPHY Marshall, T. 2021 - On Shelf"
https://catalog.saclibrary.org/GroupedWork/1fad39bc-8d0a-f9cf-cd93-8f383bc0be6c-eng,"George Washington","Britton, Tamara L., 1963-",9781098294892,,"ABDO; ABDO Publishing Company; Big Buddy Books, an imprint of Abdo Publishing","2016 - 2025","Minneapolis, Minnesota",eBook;Book,"Book::Central Kids Place - Lower Level: CHILDREN BIOGRAPHY Washington, G. 2025 - On Shelf,Book::Courtland Children's Area: CHILDREN BIOGRAPHY Washington, G. 2025 - On Shelf,Book::North Natomas Children's Area: CHILDREN BIOGRAPHY Washington, G. 2025 - On Shelf"
https://catalog.saclibrary.org/GroupedWork/fdbdb4dd-4bab-64c1-b6f8-df830647416e-eng,"Artists: inspiring stories of their lives and works","Hodge, Susie, 1960-",9780744056679,,DK,2022,"New York, NY",eAudiobook;Book,"Book::Carmichael Children's Area: CHILDREN 709.22 H688 2022 - On Shelf,Book::Central Kids Place - Lower Level: CHILDREN 709.22 H688 2022 - On Shelf,Book::Fair Oaks Children's Area: CHILDREN 709.22 H688 2022 - Checked Out"
https://catalog.saclibrary.org/GroupedWork/9437e440-faed-1a31-ec91-c731736a7fe6-eng,"Little Black lives matter","Dill, Khodi",9781644211878,,"Seven Stories Press; Triangle Square Books for Young Readers / Seven Stories Press","2022 - 2023","New York",eBook;Book,"Book::Carmichael Children's Area: CHILDREN 323.1196073 D578 2022 - On Shelf,Book::Central Kids Place - Lower Level: CHILDREN 323.1196073 D578 2022 - On Shelf,Book::Belle Cooledge Children's Area: CHILDREN 323.1196073 D578 2022 - On Shelf"
https://catalog.saclibrary.org/GroupedWork/5f2634de-d700-6761-f444-d65ea03a174d-eng,"Emmanuel's dream: the true story of Emmanuel Ofosu Yeboah","Thompson, Laurie Ann",9780449817452,,"Books on Tape; Schwartz & Wade Books","2015 - 2021","New York",eAudiobook;Book,"Book::Belle Cooledge Children's Area: CHILDREN 362.4092 Y42zt 2015 - On Shelf,Book::Rio Linda Children's Area: CHILDREN 362.4092 Y42zt 2015 - On Shelf,Book::Folsom Children's Area: CHILDREN 362.409 THO 2015 - Checked Out"
https://catalog.saclibrary.org/GroupedWork/67de7655-bb3f-b016-ff4f-94d2a905f34a-eng,"Who was Frida Kahlo?","Fabiny, Sarah",9781480639157,,"Grosset & Dunlap; Books on Tape; Penguin Young Readers Group","2013 - 2016","New York",eAudiobook;eBook;Book,"Book::McClatchy Children's Area: CHILDREN BIOGRAPHY Kahlo, F. 2013 - Checked Out,Book::Rancho Children's Area: CHILDREN BIOGRAPHY Kahlo, F. 2013 - On Shelf,Book::Colusa Main Branch Juvenile Collection: J B KAHLO F - On Shelf"
https://catalog.saclibrary.org/GroupedWork/24851426-a309-c810-1a54-26e4f6e5d514-eng,"I am Anne Frank","Meltzer, Brad",9780525555940,,"Dial Books for Young Readers; Penguin Young Readers Group",2020,"New York",eBook;Book,"Book::Carmichael Children's Area: CHILDREN BIOGRAPHY Frank, A. 2020 - On Shelf,Book::Belle Cooledge Children's Area: CHILDREN BIOGRAPHY Frank, A. 2020 - On Shelf,Book::North Natomas Children's Area: CHILDREN BIOGRAPHY Frank, A. 2020 - Checked Out"
https://catalog.saclibrary.org/GroupedWork/c282b89f-85ea-2330-74dd-dc4f15d2246e-eng,"Women's art work: more than 30 female artists who changed the world","Bennett, Sophia",9781419741180,,"Abrams; Abrams Books for Young Readers",2020,"New York",eBook;Book,"Book::Carmichael Children's Area: CHILDREN 704.042 B472 2020 - On Shelf,Book::Central Kids Place - Lower Level: CHILDREN 704.042 B472 2020 - On Shelf,Book::Belle Cooledge Children's Area: CHILDREN 704.042 B472 2020 - On Shelf"
https://catalog.saclibrary.org/GroupedWork/93acc1e5-e57c-c374-a2a8-f45ef7591f02-eng,"Out of hiding: a Holocaust survivor's journey to America","Gruener, Ruth",9781338627459,,"Scholastic Inc.; Scholastic Press",2020,"New York",eBook;Book;eAudiobook,"Book::Arcade Children's Area: CHILDREN BIOGRAPHY Gruener, R. 2020 - On Shelf,Book::Carmichael Children's Area: CHILDREN BIOGRAPHY Gruener, R. 2020 - On Shelf,Book::Franklin Children's: CHILDREN BIOGRAPHY Gruener, R. 2020 - On Shelf"
https://catalog.saclibrary.org/GroupedWork/55ecc6b3-8256-46b0-c3ef-6dd43f9ab0a0-eng,"I am Marie Curie","Meltzer, Brad",9780525555858,,"Dial Books for Young Readers",2019,"New York",Book,"Book::Elk Grove Kids' Place: CHILDREN BIOGRAPHY Curie, M. 2019 - Checked Out,Book::Franklin Children's: CHILDREN BIOGRAPHY Curie, M. 2019 - On Shelf,Book::South Natomas Children's Area: CHILDREN BIOGRAPHY Curie, M. 2019 - On Shelf"
https://catalog.saclibrary.org/GroupedWork/034bc990-2937-f716-0724-4e2b73b74d3b-eng,"The soccer goat: Messi v. Ronaldo","Oldfield, Matt",9781536252941,,"Candlewick Press; Candlewick",2026,"[Place of publication not identified]",eBook;Book,"Book::Carmichael Children's Area: CHILDREN 796.334 O447 2026 - Checked Out,Book::Central Kids Place - Lower Level: CHILDREN 796.334 O447 2026 - On Shelf,Book::Central Kids Place - Lower Level: ON ORDER - On Order"
https://catalog.saclibrary.org/GroupedWork/2bba6e8a-f060-657d-ee66-53f51457191d-eng,"To the front!: Clara Barton braves the Battle of Antietam","Friddell, Claudia",9781635923223,,"Astra Publishing House; Calkins Creek, an imprint of Astra Books for Young Readers",2022,"New York",eBook;Book,"Book::Carmichael Children's Area: CHILDREN 973.7 B293zf 2022 - On Shelf,Book::Central Kids Place - Lower Level: CHILDREN 973.7 B293zf 2022 - On Shelf,Book::Del Paso Heights Children's Area: CHILDREN 973.7 B293zf 2022 - On Shelf"
https://catalog.saclibrary.org/GroupedWork/6b4699bc-7be8-dcd3-3ed5-8b09c09738c3-eng,"Who is Vera Wang?","Kirklin, Vivian Jun",9780593891452,,"Penquin Workshop",2026,"New York",Book,"Book::Central Kids Place - Lower Level: CHILDREN BIOGRAPHY Wang, V. 2026 - On Shelf,Book::Central Kids Place - Lower Level: ON ORDER - On Order,Book::Belle Cooledge Children's Area: CHILDREN BIOGRAPHY Wang, V. 2026 - Checked Out"
https://catalog.saclibrary.org/GroupedWork/719ff232-f788-dc87-95c2-66c7d8ce9353-eng,"Spectacular sisters: amazing stories of sisters from around the world","Lewis, Aura",9780062947659,,"HarperCollins; Quill Tree Books; Quill Tree Books, an imprint of HarperCollinsPublishers",2021,"New York, NY",eBook;Book;eAudiobook,"Book::Carmichael Children's Area: CHILDREN 305.4 L673 2021 - On Shelf,Book::Central Kids Place - Lower Level: CHILDREN 305.4 L673 2021 - On Shelf,Book::Fair Oaks Children's Area: CHILDREN 305.4 L673 2021 - On Shelf"
https://catalog.saclibrary.org/GroupedWork/df8bd595-6cd6-b3bb-9a00-f66ded0b0f02-eng,"Kid activists: true tales of childhood from champions of change","Stevenson, Robin, 1968-",9781683691419,,"Quirk Books; Dreamscape Media","2019 - 2020","Philadelphia, PA",eAudiobook;eBook;Book,"Book::Central Kids Place - Lower Level: CHILDREN 303.484 S848 2019 - On Shelf,Book::Belle Cooledge Children's Area: CHILDREN 303.484 S848 2019 - On Shelf,Book::Isleton Children's Area: CHILDREN 303.484 S848 2019 - On Shelf"
https://catalog.saclibrary.org/GroupedWork/aeec88d1-5f94-9288-5506-5d00521bdbf7-eng,"Who was Betty White?","Rau, Dana Meachen, 1971-",9780593659809,,"Books on Tape; Penguin Workshop",2023,"New York",eAudiobook;Book,"Book::Arcade Children's Area: CHILDREN BIOGRAPHY White, B. 2023 - On Shelf,Book::Colonial Heights Children's Area: CHILDREN BIOGRAPHY White, B. 2023 - On Shelf,Book::Franklin Children's: CHILDREN BIOGRAPHY White, B. 2023 - In Transit"
https://catalog.saclibrary.org/GroupedWork/68565e73-037f-e9ed-4f7e-67b21d0df083-eng,"Prophet Muhammad: where the story begins","Islam, Farhana (Primary school teacher)",9780860378778,,"The Islamic Foundation; Kube Publishing Ltd",2022,"[Leicestershire, England]",eBook;Book,"Book::Central Kids Place - Lower Level: CHILDREN 297.63 M952zi 2022 - On Shelf,Book::Colonial Heights Children's Area: CHILDREN 297.63 M952zi 2022 - On Shelf,Book::North Natomas Children's Area: CHILDREN 297.63 M952zi 2022 - On Shelf"
https://catalog.saclibrary.org/GroupedWork/0618a0c0-8ebc-2519-50ef-7a4598eef971-eng,"Dracula: a biography of Vlad the Impaler, 1431-1476","Florescu, Radu",,,"Hawthorn Books",1973,"New York",Book,
https://catalog.saclibrary.org/GroupedWork/900af967-d13f-1df1-182e-bf28971eea42-eng,"The girl who tested the waters: Ellen Swallow, environmental scientist","Daniele, Patricia",9781536230055,,"Candlewick Press; MIT Kids Press",2025,"Somerville, Massachusetts",eBook;Book,"Book::Central Kids Place - Lower Level: CHILDREN BIOGRAPHY Swallow, E. 2025 - On Shelf,Book::Colonial Heights Children's Area: CHILDREN BIOGRAPHY Swallow, E. 2025 - On Shelf,Book::Del Paso Heights Children's Area: CHILDREN BIOGRAPHY Swallow, E. 2025 - OFF CAMPUS"
https://catalog.saclibrary.org/GroupedWork/f806be37-7418-46ad-c981-216acc9d8872-eng,"Rosalind Franklin","Bradley, Kimberly Brubaker",9780593402979,,"Philomel; Books on Tape; Penguin Young Readers Group",2022,"New York",eAudiobook;Book;eBook,"Book::Central Kids Place - Lower Level: CHILDREN BIOGRAPHY Franklin, R. 2022 - On Shelf,Book::Elk Grove Kids' Place: CHILDREN BIOGRAPHY Franklin, R. 2022 - On Shelf,Book::Franklin Children's: CHILDREN BIOGRAPHY Franklin, R. 2022 - On Shelf"
https://catalog.saclibrary.org/GroupedWork/10e560ad-bfeb-2baf-f50c-216d1d222989-eng,"Who is Jimmy Carter?","Stabler, David",9780593387399,,"Penguin Workshop",2022,"New York",Book,"Book::Carmichael Children's Area: CHILDREN BIOGRAPHY Carter, J. 2022 - On Shelf,Book::Central Kids Place - Lower Level: CHILDREN BIOGRAPHY Carter, J. 2022 - On Shelf,Book::Del Paso Heights Children's Area: CHILDREN BIOGRAPHY Carter, J. 2022 - On Shelf"
https://catalog.saclibrary.org/GroupedWork/31a40a75-e664-9f72-8be2-f81e8c6eb699-eng,"Benjamin Banneker: astronomer and mathematician","Maupin, Melissa, 1958-",9781503853782,,"Childs World Inc; The Child's World, Inc.",2021,"Mankato, MN",eBook;Book,"Book::Carmichael Children's Area: CHILDREN BIOGRAPHY Banneker, B. 2021 - On Shelf,Book::Belle Cooledge Children's Area: CHILDREN BIOGRAPHY Banneker, B. 2021 - On Shelf,Book::Franklin Children's: CHILDREN BIOGRAPHY Banneker, B. 2021 - On Shelf"
https://catalog.saclibrary.org/GroupedWork/45136589-6fe7-634a-23ef-a12dda035433-eng,"Portraits of Hispanic American heroes","Herrera, Juan Felipe",9780803738096,,"Recorded Books, Inc.; Dial Books for Young Readers, an imprint of Penguin Group (USA)","2014 - 2015","New York",eAudiobook;Book,"Book::Carmichael Children's Area: CHILDREN 973.0468 H565 2014 - On Shelf,Book::Central Kids Place - Lower Level: CHILDREN 973.0468 H565 2014 - On Shelf,Book::Fair Oaks Children's Area: CHILDREN 973.0468 H565 2014 - On Shelf"
https://catalog.saclibrary.org/GroupedWork/fb063615-8985-c5eb-9465-fc1296e28398-eng,"Go tell it: how James Baldwin became a writer","Harris, Quartez",9780316483933,,"Hachette Audio; Little, Brown and Company",2025,"New York",eAudiobook;Book,"Book::Central Kids Place - Lower Level: CHILDREN BIOGRAPHY Baldwin, J. 2025 - On Shelf,Book::Galt Children's Area: CHILDREN BIOGRAPHY Baldwin, J. 2025 - On Shelf,Book::South Natomas Children's Area: CHILDREN BIOGRAPHY Baldwin, J. 2025 - On Shelf"
https://catalog.saclibrary.org/GroupedWork/6a5754f0-e4be-6536-75c6-cd129454b5d5-eng,"The encyclopedia lumberjanica","Coiner-Collier, Susan",9781684155996,,"Boom! Box",2020,"Los Angeles, CA",Book,"Book::Arcade Children's Area: CHILDREN 920.72 C679 2020 - On Shelf,Book::Central Kids Place - Lower Level: CHILDREN 920.72 C679 2020 - On Shelf,Book::Elk Grove Kids' Place: CHILDREN 920.72 C679 2020 - On Shelf"
https://catalog.saclibrary.org/GroupedWork/9874265e-1b4a-818c-377e-c8b99f3d1ec7-eng,"Becoming a ballerina: the story of Michaela Mabinty DePrince","Obuobi, Laura",9780063222465,,"Harper, an imprint of HarperCollinsPublishers",2025,"New York, NY",Book,"Book::Central Kids Place - Lower Level: CHILDREN BIOGRAPHY DePrince, M. 2025 - On Shelf,Book::Colonial Heights Children's Area: CHILDREN BIOGRAPHY DePrince, M. 2025 - On Shelf,Book::Belle Cooledge Children's Area: CHILDREN BIOGRAPHY DePrince, M. 2025 - In Transit"
https://catalog.saclibrary.org/GroupedWork/8e941e32-5d1b-7253-8146-36d58b408a51-eng,"What Jewish looks like","Kleinrock, Liz",9780063285712,,"HarperCollins; Harper, an imprint of HarperCollinsPublishers",2024,"New York, NY",eAudiobook;Book,"Book::Carmichael Children's Area: CHILDREN 296 K647 2024 - On Shelf,Book::Central Kids Place - Lower Level: CHILDREN 296 K647 2024 - On Shelf,Book::Elk Grove Kids' Place: CHILDREN 296 K647 2024 - On Shelf"
https://catalog.saclibrary.org/GroupedWork/3edc6993-48f3-6997-1139-9fb96c1cc571-eng,"Fab four friends: the boys who became the Beatles","Reich, Susanna",9780805094589,,"Henry Holt and Co. (BYR); Christy Ottaviano Books, Henry Holt and Company",2015,"New York",eBook;Book,"Book::Carmichael Children's Area: CHILDREN BIOGRAPHY Beatles 2015 - On Shelf,Book::Central Kids Place - Lower Level: CHILDREN BIOGRAPHY Beatles 2015 - On Shelf,Book::Galt Children's Area: CHILDREN BIOGRAPHY Beatles 2015 - On Shelf"
https://catalog.saclibrary.org/GroupedWork/045b56b2-4d30-1578-6e26-334e63cd2853-eng,"Quiet fire: Emily Dickinson's life and poetry","Dommermuth-Costa, Carol",9781728416342,,"Twenty-First Century Books; Lerner Publishing Group",2022,Minneapolis,eBook;Book,"Book::Arcade Teen Area: TEEN BIOGRAPHY Dickinson, E. 2022 - On Shelf,Book::Central Teen Area - 3rd Floor: TEEN BIOGRAPHY Dickinson, E. 2022 - On Shelf,Book::Franklin Teen: TEEN BIOGRAPHY Dickinson, E. 2022 - On Shelf"
https://catalog.saclibrary.org/GroupedWork/90c2c3e1-9868-28b5-18f1-16d918026f0c-eng,"Ruth Bader Ginsburg: the case of R.B.G. vs. inequality","Winter, Jonah, 1962-",9781419725593,,"Abrams; ABRAMS; Abrams Books for Young Readers",2017,"New York",eBook;Book,"Book::Colonial Heights Children's Area: CHILDREN BIOGRAPHY Ginsburg, R. 2017 - On Shelf,Book::Franklin Children's: CHILDREN BIOGRAPHY Ginsburg, R. 2017 - On Shelf,Book::McClatchy Children's Area: CHILDREN BIOGRAPHY Ginsburg, R. 2017 - In Transit"
https://catalog.saclibrary.org/GroupedWork/64f82b3c-cb44-b299-22af-83e52298d7b0-eng,"Flying high: the story of gymnastics champion Simone Biles","Meadows, Michelle",9781250205667,,"Henry Holt and Co. (BYR); Henry Holt and Company",2020,"New York",eBook;Book,"Book::Central Kids Place - Lower Level: CHILDREN BIOGRAPHY Biles, S. 2020 - On Shelf,Book::McClatchy Children's Area: CHILDREN BIOGRAPHY Biles, S. 2020 - On Shelf,Book::Sylvan Oaks Children's Area: CHILDREN BIOGRAPHY Biles, S. 2020 - On Shelf"
https://catalog.saclibrary.org/GroupedWork/5203c874-a7d8-0599-7d4e-b3d9595ac247-eng,"Rebel girls celebrate pride: 25 tales of self-love and community","Stratton, Alexis",9781953424280,,"Rebel Girls, Inc",2023,"Larkspur, CA",Book,"Book::Arcade Children's Area: CHILDREN 306.760922 R289 2023 - Checked Out,Book::Carmichael Children's Area: CHILDREN 306.760922 R289 2023 - On Shelf,Book::Central Kids Place - Lower Level: CHILDREN 306.760922 R289 2023 - On Shelf"
https://catalog.saclibrary.org/GroupedWork/5249e03d-4729-aca9-de22-499317e2faa2-eng,"William Howard Taft: our 27th president","Maupin, Melissa, 1958-",9781503844186,,"Child's World; The Child's World, Inc.","2020 - 2021","Mankato, Minn",eBook;Book,"Book::Belle Cooledge Children's Area: CHILDREN BIOGRAPHY Taft, W. 2021 - On Shelf,Book::Elk Grove Kids' Place: CHILDREN BIOGRAPHY Taft, W. 2021 - On Shelf,Book::North Natomas Children's Area: CHILDREN BIOGRAPHY Taft, W. 2021 - On Shelf"
https://catalog.saclibrary.org/GroupedWork/59351de2-9ff7-8134-20f3-7dc02199ec2f-eng,"Magic in a drop of water: how Ruth Patrick taught the world about water pollution","Winterbottom, Julie",9780593620229,,"Rocky Pond Books; Penguin Young Readers Group",2025,"New York, New York",eBook;Book,"Book::Central Kids Place - Lower Level: CHILDREN BIOGRAPHY Patrick, R. 2025 - On Shelf,Book::Colonial Heights Children's Area: CHILDREN BIOGRAPHY Patrick, R. 2025 - On Shelf,Book::North Natomas Children's Area: CHILDREN BIOGRAPHY Patrick, R. 2025 - On Shelf"
https://catalog.saclibrary.org/GroupedWork/b8231a29-8e71-90b0-ce2b-43f63ce13d49-eng,"The stuff between the stars: how Vera Rubin discovered most of the universe","Nickel, Sandra",9781419736261,,"Recorded Books, Inc.; Abrams; Abrams Books for Young Readers","2021 - 2024","New York",eBook;Book;eAudiobook,"Book::Central Kids Place - Lower Level: CHILDREN BIOGRAPHY Rubin, V. 2021 - On Shelf,Book::Fair Oaks Children's Area: CHILDREN BIOGRAPHY Rubin, V. 2021 - On Shelf,Book::North Natomas Children's Area: CHILDREN BIOGRAPHY Rubin, V. 2021 - On Shelf"
https://catalog.saclibrary.org/GroupedWork/978afc7c-ab4d-fe7e-9242-9ea05b8f4ebc-eng,"Alexander Graham Bell: a photo-illustrated biography","Linder, Greg, 1950-",9780736802024,,"Bridgestone Books",1999,"Mankato, Minn",Book,
https://catalog.saclibrary.org/GroupedWork/a9f33295-98be-6293-8d04-9c879bfef556-eng,"The oldest student: how Mary Walker learned to read","Hubbard, Rita L",9781524768287,,"Schwartz & Wade Books",2020,"New York",Book,"Book::Arcade Children's Area: CHILDREN BIOGRAPHY Walker, M. 2020 - Checked Out,Book::Carmichael Children's Area: CHILDREN BIOGRAPHY Walker, M. 2020 - On Shelf,Book::Central Kids Place - Lower Level: CHILDREN BIOGRAPHY Walker, M. 2020 - On Shelf"
https://catalog.saclibrary.org/GroupedWork/3ba41a12-7654-84de-a478-fcc2d19a5638-eng,"No boundaries: 25 women explorers and scientists share adventures, inspiration, and advice","Fieseler, Clare",9781426371776,,"National Geographic",2022,"Washington, D.C",Book,"Book::Carmichael Children's Area: CHILDREN 509.252 F467 2022 - Checked Out,Book::Central Kids Place - Lower Level: CHILDREN 509.252 F467 2022 - On Shelf,Book::Belle Cooledge Children's Area: CHILDREN 509.252 F467 2022 - Checked Out"
https://catalog.saclibrary.org/GroupedWork/c8a26bb6-d91f-8d69-60b1-8c4af5733a68-eng,"You are a star, Ruth Bader Ginsburg!","Robbins, Dean, 1957-",9781338767667,,"Scholastic Inc.; Scholastic Press","2021 - 2022","New York",eBook;Book,"Book::Central Kids Place - Lower Level: CHILDREN BIOGRAPHY Ginsburg, R. 2021 - On Shelf,Book::McKinley Children's Area: CHILDREN BIOGRAPHY Ginsburg, R. 2021 - On Shelf,Book::North Natomas Children's Area: CHILDREN BIOGRAPHY Ginsburg, R. 2021 - On Shelf"
https://catalog.saclibrary.org/GroupedWork/137e99f7-556a-ca37-3844-b38aa2477e4a-eng,"Alvin Ailey","Duling, Kaitlyn",9781731652812,,"Rourke Educational Media","2022 - 2023","[Vero Beach, Florida]",eBook;Book,"Book::Arcade Children's Area: CHILDREN BIOGRAPHY Ailey, A. 2023 - On Shelf,Book::Central Kids Place - Lower Level: CHILDREN BIOGRAPHY Ailey, A. 2023 - On Shelf,Book::Belle Cooledge Children's Area: CHILDREN BIOGRAPHY Ailey, A. 2023 - On Shelf"
https://catalog.saclibrary.org/GroupedWork/e08e2b1e-5891-4672-616a-cd27eac58b91-eng,"You are a star, Martin Luther King, Jr","Robbins, Dean, 1957-",9781338895100,,"Scholastic Inc.; Scholastic Press",2025,"New York",eBook;Book,"Book::Carmichael Children's Area: CHILDREN BIOGRAPHY King, M. 2025 - On Shelf,Book::Central Kids Place - Lower Level: CHILDREN BIOGRAPHY King, M. 2025 - On Shelf,Book::Colonial Heights Children's Area: CHILDREN BIOGRAPHY King, M. 2025 - On Shelf"
https://catalog.saclibrary.org/GroupedWork/147b5120-4c3f-c0d1-bc8a-f152e12f2a68-eng,"The one & only Googoosh: Iran's beloved superstar","Westergaard, Azadeh",9780593114636,,"Viking; Penguin Young Readers Group",2024,"New York",eBook;Book,"Book::Arcade Children's Area: CHILDREN BIOGRAPHY Googoosh 2024 - On Shelf,Book::Central Kids Place - Lower Level: CHILDREN BIOGRAPHY Googoosh 2024 - On Shelf,Book::Colonial Heights Children's Area: CHILDREN BIOGRAPHY Googoosh 2024 - On Shelf"
https://catalog.saclibrary.org/GroupedWork/41abafea-66eb-7174-6431-b0eee01dd4ce-eng,"Her epic adventure: 25 daring women who inspire a life less ordinary","De Laurentiis Johnston, Julia, 1982-",9781525301100,,"Kids Can Press",2021,Toronto,Book,"Book::Carmichael Children's Area: CHILDREN 305.42 J729 2021 - On Shelf,Book::Central Kids Place - Lower Level: CHILDREN 305.42 J729 2021 - On Shelf,Book::Del Paso Heights Children's Area: CHILDREN 305.42 J729 2021 - On Shelf"
https://catalog.saclibrary.org/GroupedWork/a96569b9-7219-5ba7-719a-482e12663797-eng,"Josephine and her dishwashing machine: Josephine Cochrane's bright invention makes a splash","Hannigan, Kate",9781635926217,,"Astra Publishing House; Calkins Creek",2023,"New York",eBook;Book,"Book::Central Kids Place - Lower Level: CHILDREN BIOGRAPHY Cochrane, J. 2023 - On Shelf,Book::Galt Children's Area: CHILDREN BIOGRAPHY Cochrane, J. 2023 - On Shelf,Book::North Natomas Children's Area: CHILDREN BIOGRAPHY Cochrane, J. 2023 - On Shelf"
https://catalog.saclibrary.org/GroupedWork/8cd986c7-9344-737d-6773-185566bde2b2-eng,"Santiago saw things differently: Santiago Ramón y Cajal, artist, doctor, father of neuroscience","Iverson, Christine",9781536224535,,"Mit Kids Press; Candlewick Press",2023,"Somerville, Massachusetts",eBook;Book,"Book::Carmichael Children's Area: CHILDREN BIOGRAPHY Ramon Y Cajal, S. 2023 - On Shelf,Book::Fair Oaks Children's Area: CHILDREN BIOGRAPHY Ramon Y Cajal, S. 2023 - On Shelf,Book::North Natomas Children's Area: CHILDREN BIOGRAPHY Ramon Y Cajal, S. 2023 - On Shelf"
https://catalog.saclibrary.org/GroupedWork/e7ef4656-5e2f-346b-8b81-3d2b3efaeef0-eng,"I am Rosa Parks","Parks, Rosa, 1913-2005",9780803712065,,"Recorded Books, Inc.; Random House; Dial Books for Young Readers","1997 - 2021","New York","Easy Reader;Book;eAudiobook","Easy Reader::Central Kids Place - Lower Level: EASY READER 3 323.092 P252zj 2021 - On Shelf,Easy Reader::Colonial Heights Children's Area: EASY READER 3 323.092 P252zj 2021 - On Shelf,Easy Reader::Elk Grove Kids' Place: EASY READER 3 323.092 P252zj 2021 - Checked Out"
https://catalog.saclibrary.org/GroupedWork/20c4d7cb-e070-2c84-c8d4-867f6bcf091f-eng,"The vast wonder of the world: biologist Ernest Everett Just","Mangal, Mélina",9781512483758,,"Millbrook Press; Lerner Publishing Group","2018 - 2020",Minneapolis,eBook;eAudiobook;Book,"Book::Belle Cooledge Children's Area: CHILDREN BIOGRAPHY Just, E. 2018 - On Shelf,Book::South Natomas Children's Area: CHILDREN BIOGRAPHY Just, E. 2018 - On Shelf,Book::North Natomas Children's Area: CHILDREN BIOGRAPHY Just, E. 2018 - On Shelf"
https://catalog.saclibrary.org/GroupedWork/f852e864-1975-ca4c-c8f1-c0fbb924e7a4-eng,"People of pride: 25 great LGBTQ Americans","Clemesha, Chase",9781684462179,,"Capstone; Capstone Editions",2021,"North Mankato, Minnesota",eBook;Book,"Book::Central Kids Place - Lower Level: CHILDREN 306.760922 C626 2021 - On Shelf,Book::Folsom Children's Area: CHILDREN 306.76 CLE 2021 - On Shelf"
https://catalog.saclibrary.org/GroupedWork/ea2cc26a-a252-83cd-f44a-7eedb3618b65-eng,"Taking flight: from war orphan to star ballerina","DePrince, Michaela",9780385755122,,"Alfred A. Knopf; Random House Children's Books",2014,"New York",eBook;Book,"Book::Central Teen Area - 3rd Floor: TEEN 792.8028 D424 2014 - On Shelf,Book::Franklin Teen: TEEN 792.8028 D424 2014 - On Shelf,Book::Sylvan Oaks Teen Area: TEEN 792.8028 D424 2014 - On Shelf"
https://catalog.saclibrary.org/GroupedWork/fe7b9f47-eb4a-b46f-9116-21d92618f1bb-eng,"Who is Travis Kelce?","Labrecque, Ellen",9780593888261,,"Penguin Workshop; Books on Tape; Penguin Young Readers Group",2024,"New York",eAudiobook;eBook;Book,"Book::Carmichael Children's Area: CHILDREN BIOGRAPHY Kelce, T. 2024 - On Shelf,Book::Central Kids Place - Lower Level: CHILDREN BIOGRAPHY Kelce, T. 2024 - On Shelf,Book::Courtland Children's Area: CHILDREN BIOGRAPHY Kelce, T. 2024 - On Shelf"
https://catalog.saclibrary.org/GroupedWork/08c6ba35-56bb-eef8-f035-8ee81325d704-eng,"Swinging into history: Toni Stone: big-league baseball's first woman player","Swanson, Karen L",9781635928136,,"Recorded Books, Inc.; Astra Publishing House; Calkins Creek, an imprint of Astra Books for Young Readers",2024,"New York",eAudiobook;Book;eBook,"Book::Central Kids Place - Lower Level: CHILDREN BIOGRAPHY Stone,T. 2024 - On Shelf,Book::Colonial Heights Children's Area: CHILDREN BIOGRAPHY Stone,T. 2024 - On Shelf,Book::Franklin Children's: CHILDREN BIOGRAPHY Stone,T. 2024 - On Shelf"
https://catalog.saclibrary.org/GroupedWork/60ede716-8124-4975-9ae7-270929173485-eng,"Before she was Harriet: the story of Harriet Tubman","Cline-Ransome, Lesa",9780823420476,,"Holiday House",2017,"New York",Book,"Book::Central Kids Place - Lower Level: CHILDREN BIOGRAPHY Tubman, H. 2017 - On Shelf,Book::Colonial Heights Children's Area: CHILDREN BIOGRAPHY Tubman, H. 2017 - In Transit,Book::Franklin Children's: CHILDREN BIOGRAPHY Tubman, H. 2017 - On Shelf"
https://catalog.saclibrary.org/GroupedWork/430e6b24-177c-94ca-c2bf-ed94865eab96-eng,"Yvonne Clark and her engineering spark","Wells, Allen R",9780374391355,,"Farrar, Straus and Giroux (BYR); Macmillan Audio; Farrar, Straus & Giroux",2025,"New York",eAudiobook;Book;eBook,"Book::Central Kids Place - Lower Level: CHILDREN BIOGRAPHY Clark, Y. 2025 - On Shelf,Book::North Natomas Children's Area: CHILDREN BIOGRAPHY Clark, Y. 2025 - On Shelf,Book::Valley Hi-North Laguna Children's Area: CHILDREN BIOGRAPHY Clark, Y. 2025 - On Shelf"
https://catalog.saclibrary.org/GroupedWork/ebbb4a4e-db9b-8e7b-14b4-45b5214959c8-eng,"Chasing eruptions: how volcanologists Maurice and Katia Krafft helped save 60,000 lives-but lost their own","Manley, Curtis",9780063386297,,"HarperCollins; Clarion Books, an imprint of HarperCollins Publishers",2026,"New York",eAudiobook;Book;eBook,"Book::Central Kids Place - Lower Level: CHILDREN 551.21 M279 2026 - OFF CAMPUS,Book::Del Paso Heights Children's Area: CHILDREN 551.21 M279 2026 - On Shelf,Book::Galt Children's Area: CHILDREN 551.21 M279 2026 - On Shelf"
https://catalog.saclibrary.org/GroupedWork/4f6bb423-8e02-b636-6a2e-42ff65219571-eng,"Sitting Bull","Pierce, Simon",9781502671073,,"Cavendish Square Publishing, LLC; Cavendish Square","2024 - 2025","Buffalo, NY",eBook;Book,"Book::Carmichael Children's Area: CHILDREN BIOGRAPHY Sitting Bull 2025 - On Shelf,Book::Central Kids Place - Lower Level: CHILDREN BIOGRAPHY Sitting Bull 2025 - On Shelf,Book::McKinley Children's Area: CHILDREN BIOGRAPHY Sitting Bull 2025 - On Shelf"
https://catalog.saclibrary.org/GroupedWork/b2616dc0-b7d8-f0e6-9576-569d5d76f985-eng,"We are here: 30 inspiring Asian Americans and Pacific Islanders who have shaped the United States","Hirahara, Naomi, 1962-",9780762479658,,"RP Kids; Running Press",2022,Philadelphia,eBook;Book,"Book::Carmichael Children's Area: CHILDREN 305.895073 H668 2022 - On Shelf,Book::Central Kids Place - Lower Level: CHILDREN 305.895073 H668 2022 - On Shelf,Book::Rancho Children's Area: CHILDREN 305.895073 H668 2022 - On Shelf"
https://catalog.saclibrary.org/GroupedWork/bcf8a81a-f80d-6ce7-e64e-6da9cbde2322-eng,"The girl who thought in pictures: the story of Dr. Temple Grandin","Mosca, Julia Finley",9781943147304,,"The Innovation Press","2017 - 2020","Seattle, WA",eBook;Book,"Book::Carmichael Children's Area: CHILDREN BIOGRAPHY Grandin, T. 2017 - In Transit,Book::Central Kids Place - Lower Level: CHILDREN BIOGRAPHY Grandin, T. 2017 - On Shelf,Book::Isleton Children's Area: CHILDREN BIOGRAPHY Grandin, T. 2017 - On Shelf"
https://catalog.saclibrary.org/GroupedWork/04044064-230c-6e72-d367-4083b3438bf9-eng,"André: André Leon Talley-a fabulously fashionable fairy tale","Weatherford, Carole Boston, 1956-",9781250887283,,"Henry Holt and Co. (BYR); Henry Holt and Company",2025,"New York",eBook;Book,"Book::Arcade Children's Area: CHILDREN BIOGRAPHY Talley, A. 2025 - On Shelf,Book::Carmichael Children's Area: CHILDREN BIOGRAPHY Talley, A. 2025 - On Shelf,Book::Central Kids Place - Lower Level: CHILDREN BIOGRAPHY Talley, A. 2025 - On Shelf"
https://catalog.saclibrary.org/GroupedWork/da59d942-d8d3-76af-aff5-92b582cd6f30-eng,"Angel Reese","Thompson, Kim, 1970-",9798892006316,,"Amicus; Amicus Learning",2025,"Mankato, MN",eBook;Book,"Book::Arcade Children's Area: CHILDREN BIOGRAPHY Reese, A. 2025 - On Shelf,Book::Central Kids Place - Lower Level: CHILDREN BIOGRAPHY Reese, A. 2025 - On Shelf,Book::Colonial Heights Children's Area: CHILDREN BIOGRAPHY Reese, A. 2025 - On Shelf"
https://catalog.saclibrary.org/GroupedWork/3b4bd13d-3a91-86b6-50fd-cb74e424d561-eng,"Jen Welter, NFL coach","Edwards, Sue Bradford",9798892601825,,"Mitchell Lane Publishers",2025,"Hallandale, FL",eBook;Book,"Book::Carmichael Children's Area: CHILDREN BIOGRAPHY Welter, J. 2025 - On Shelf,Book::Central Kids Place - Lower Level: CHILDREN BIOGRAPHY Welter, J. 2025 - On Shelf,Book::North Natomas Children's Area: CHILDREN BIOGRAPHY Welter, J. 2025 - On Shelf"
https://catalog.saclibrary.org/GroupedWork/cdf563fd-c6fa-1371-6743-1afdcb0b9944-eng,"Revolutionary Prudence Wright: leading the Minute Women in the fight for independence","Anderson, Beth, 1954-",9781644720578,,"Astra Publishing House; Calkins Creek, an imprint of Astra Books for Young Readers",2022,"New York","Picture Book;eBook","Picture Book::Carmichael Children's Area: PICTURE BOOK Anderson, B. - On Hold Shelf,Picture Book::McKinley Children's Area: PICTURE BOOK Anderson, B. - On Shelf,Picture Book::North Natomas Children's Area: PICTURE BOOK Anderson, B. - On Shelf"
https://catalog.saclibrary.org/GroupedWork/ffa4109d-385f-089c-1655-d5c4761a2e5b-eng,"Rosa Parks","Kaiser, Lisbeth",9781786030184,,"Frances Lincoln Children's Books",2017,"New York, NY, U.S.A",eBook;Book,"Book::Central Kids Place - Lower Level: CHILDREN BIOGRAPHY Parks, R. 2017 - On Shelf,Book::Elk Grove Kids' Place: CHILDREN BIOGRAPHY Parks, R. 2017 - Checked Out,Book::McKinley Children's Area: CHILDREN BIOGRAPHY Parks, R. 2017 - On Shelf"
https://catalog.saclibrary.org/GroupedWork/89323d33-7ee7-ff04-971c-65aeb775445a-eng,"John Adams: our 2nd president","Gaines, Ann",9781503843943,,"Child's World","2002 - 2021","Chanhassen, Minn; Mankato, MN",Book,"Book::Carmichael Children's Area: CHILDREN BIOGRAPHY Adams, J. 2021 - On Shelf,Book::Courtland Children's Area: CHILDREN BIOGRAPHY Adams, J. 2021 - On Shelf,Book::Fair Oaks Children's Area: CHILDREN BIOGRAPHY Adams, J. 2021 - In Transit"
https://catalog.saclibrary.org/GroupedWork/73e32e30-b8d1-c790-5d65-eb2e0d3e70ce-eng,"The girl who drew butterflies: how Maria Merian's art changed science","Sidman, Joyce",9780544717138,,"Recorded Books, Inc.; Houghton Mifflin Harcourt; HarperCollins","2018 - 2019",Boston,eAudiobook;eBook;Book,"Book::Colonial Heights Children's Area: CHILDREN BIOGRAPHY Merian, M. 2018 - In Transit,Book::Belle Cooledge Children's Area: CHILDREN BIOGRAPHY Merian, M. 2018 - On Shelf,Book::Fair Oaks Children's Area: CHILDREN BIOGRAPHY Merian, M. 2018 - On Shelf"
https://catalog.saclibrary.org/GroupedWork/7779b106-def4-c559-4e85-1d60339e3455-eng,"The book of awesome queer heroes: how the LGBTQ+ community changed the world for the better","Rosswood, Eric",9781684816897,,"Mango Publishing; Mango Media",2024,"Miami, FL",eBook;Book,"Book::Central Teen Area - 3rd Floor: TEEN 306.76 R838 2024 - On Shelf,Book::Colonial Heights: TEEN 306.76 R838 2024 - On Shelf,Book::Del Paso Heights Teen Area: TEEN 306.76 R838 2024 - On Shelf"
https://catalog.saclibrary.org/GroupedWork/48f138a7-886a-c6aa-3981-dcd4be50b519-eng,"Pioneers at sea","Hall, Alex (Children's writer)",9798892328753,,"Bearport Publishing Company",2025,"Minneapolis, Minnesota",Book,"Book::Arcade Children's Area: CHILDREN 910.922 H174 2025 - On Shelf,Book::Central Kids Place - Lower Level: CHILDREN 910.922 H174 2025 - On Shelf,Book::Pocket-Greenhaven Kids' Place: CHILDREN 910.922 H174 2025 - On Shelf"
https://catalog.saclibrary.org/GroupedWork/1554e0d2-b53b-d44d-c4f7-6af440b403a5-eng,"Becoming Kareem: growing up on and off the court","Abdul-Jabbar, Kareem, 1947-",9780316555388,,"Hachette Audio; Little, Brown Books for Young Readers; Little, Brown and Company",2017,"New York",eAudiobook;eBook;Book,"Book::Del Paso Heights Children's Area: CHILDREN BIOGRAPHY Abdul-Jabbar, K. 2017 - On Shelf,Book::Elk Grove Kids' Place: CHILDREN BIOGRAPHY Abdul-Jabbar, K. 2017 - On Shelf,Book::Rancho Children's Area: CHILDREN BIOGRAPHY Abdul-Jabbar, K. 2017 - Checked Out"
https://catalog.saclibrary.org/GroupedWork/817ed0cd-4229-1b11-ea3b-a8908e4d44c7-eng,"Chappell Roan: a vibrant journey through the career and influence of the indie-pop superstar","Day, Harbert",9780760399279,,"Epic Ink; Epic Ink, an imprint of The Quarto Group",2025,"New York, NY",eBook;Book,"Book::Central Teen Area - 3rd Floor: TEEN BIOGRAPHY Roan, C. 2025 - On Shelf,Book::Galt Teen Area: TEEN BIOGRAPHY Roan, C. 2025 - On Shelf,Book::McKinley Children's Area: TEEN BIOGRAPHY Roan, C. 2025 - On Shelf"
https://catalog.saclibrary.org/GroupedWork/5a7f8cc2-46c0-630a-d673-98a8253085a6-eng,"My life with the chimpanzees","Goodall, Jane, 1934-",9780671562717,,"Hachette Audio; ibooks, Inc.; Aladdin Paperbacks","2002 - 2005","New York",eBook;Book,"Book::Arcade Children's Area: CHILDREN BIOGRAPHY Goodall, J. 2002 - On Shelf,Book::Rancho Children's Area: CHILDREN BIOGRAPHY Goodall, J. 2002 - On Shelf,Book::Sacramento Public Library Storage: CHILDREN BIOGRAPHY Goodall, J. 2002 - On Shelf"
https://catalog.saclibrary.org/GroupedWork/21409867-d9d0-4ed2-58a5-74eeeef2cb9c-eng,"Kid artists: true tales of childhood from creative legends","Stabler, David",9781594748967,,"Quirk Books; Dreamscape Media","2016 - 2019","Philadelphia, PA",eAudiobook;eBook;Book,"Book::Belle Cooledge Children's Area: CHILDREN 709 S775 2016 - Checked Out,Book::Elk Grove Kids' Place: CHILDREN 709 S775 2016 - On Shelf,Book::Franklin Children's: CHILDREN 709 S775 2016 - On Shelf"
https://catalog.saclibrary.org/GroupedWork/c00c6885-d4fe-258a-9f7d-1b632653123c-eng,"Abraham Lincoln: our 16th president","Hansen, Sarah",9781503844087,,"Child's World; The Child's World, Inc.","2020 - 2021","Mankato, Minn",eBook;Book,"Book::Elk Grove Kids' Place: CHILDREN BIOGRAPHY Lincoln, A. 2021 - On Shelf,Book::Pocket-Greenhaven Kids' Place: CHILDREN BIOGRAPHY Lincoln, A. 2021 - On Shelf,Book::Rancho Children's Area: CHILDREN BIOGRAPHY Lincoln, A. 2021 - On Shelf"
https://catalog.saclibrary.org/GroupedWork/da1847ff-482f-ff46-9f80-6eb9f4db332d-eng,"Dream a dress, dream a poem: dressmaker and poet, Myra Viola Wilds","James, Nancy Johnson",9781951836535,,"Cameron Kids; Abrams Books for Young Readers","2024 - 2025","New York, NY",eBook;Book,"Book::Arcade Children's Area: CHILDREN BIOGRAPHY Wilds, M. 2024 - On Shelf,Book::Carmichael Children's Area: CHILDREN BIOGRAPHY Wilds, M. 2024 - On Shelf,Book::Pocket-Greenhaven Kids' Place: CHILDREN BIOGRAPHY Wilds, M. 2024 - On Shelf"
https://catalog.saclibrary.org/GroupedWork/08434a79-a2a2-32c4-82e8-8810042913b0-eng,"Rise up: ordinary kids with extraordinary stories","Li, Amanda",9781524855291,,"Andrews McMeel; Andrews McMeel Publishing",2020,"Kansas City, MO",eBook;Book,"Book::Carmichael Children's Area: CHILDREN 904.7 L693 2020 - On Shelf,Book::Central Kids Place - Lower Level: CHILDREN 904.7 L693 2020 - On Shelf,Book::Belle Cooledge Children's Area: CHILDREN 904.7 L693 2020 - On Shelf"
https://catalog.saclibrary.org/GroupedWork/811c8aeb-62cf-83bf-2aef-ebca37d8fba2-eng,"Mae C. Jemison","Pincus, Meeg",9781731614285,,"Rourke Educational Media","2019 - 2020","North Mankato, Minnesota",eBook;Book,"Book::Franklin Children's: CHILDREN BIOGRAPHY Jemison, M. 2020 - On Shelf,Book::McKinley Children's Area: CHILDREN BIOGRAPHY Jemison, M. 2020 - On Shelf,Book::South Natomas Children's Area: CHILDREN BIOGRAPHY Jemison, M. 2020 - On Shelf"
https://catalog.saclibrary.org/GroupedWork/b0af768c-03b5-9dee-734c-79ce8a97c6f3-eng,"Donald Trump: our 45th president","Rodriguez, Ann Gaines",9781503844360,,"Child's World; The Child's World, Inc.","2020 - 2021","Mankato, Minn",eBook;Book,"Book::Carmichael Children's Area: CHILDREN BIOGRAPHY Trump, D. 2021 - On Shelf,Book::Elk Grove Kids' Place: CHILDREN BIOGRAPHY Trump, D. 2021 - On Shelf,Book::South Natomas Children's Area: CHILDREN BIOGRAPHY Trump, D. 2021 - On Shelf"
https://catalog.saclibrary.org/GroupedWork/7b0544fa-6b25-f91d-f86a-4cd5dadd1f75-eng,"Young, gifted and black: meet 52 black heroes from past and present","Wilson, Jamia, 1980-",9781786031587,,"Wide Eyed Editions; Wide Eyed Editions, an imprint of The Quarto Group","2018 - 2024","Minneapolis, MN",eAudiobook;eBook;Book,
https://catalog.saclibrary.org/GroupedWork/396127b0-bb8c-1d74-195d-19803093ad68-eng,"What's in your pocket?: collecting nature's treasures","Montgomery, Heather L",9781623541224,,Charlesbridge,2021,"Watertown, MA",eBook;Book,"Book::Colonial Heights Children's Area: CHILDREN 509 M787 2021 - On Shelf,Book::Belle Cooledge Children's Area: CHILDREN 509 M787 2021 - Checked Out,Book::Elk Grove Kids' Place: CHILDREN 509 M787 2021 - On Shelf"
https://catalog.saclibrary.org/GroupedWork/d057b686-91b6-4e67-445c-4567237de00d-eng,"Buster Posey","Fishman, Jon M",9781467796170,,"Lerner Publishing Group; Lerner Publications",2016,Minneapolis,eBook;Book,"Book::Central Kids Place - Lower Level: CHILDREN BIOGRAPHY Posey, B. 2016 - On Shelf,Book::Del Paso Heights Children's Area: CHILDREN BIOGRAPHY Posey, B. 2016 - On Shelf,Book::North Sacramento-Hagginwood Children's Area: CHILDREN BIOGRAPHY Posey, B. 2016 - On Shelf"
https://catalog.saclibrary.org/GroupedWork/d0f7abb2-1087-2854-2964-4f7752c90397-eng,"Lives of extraordinary women: rulers, rebels (and what the neighbors thought)","Krull, Kathleen",9780152008079,,"Audio Bookshelf,LLC; Harcourt; HarperCollins","2000 - 2014","San Diego",eAudiobook;eBook;Book,"Book::Carmichael Children's Area: CHILDREN 920.72 K94 2000 - On Shelf,Book::Rancho Children's Area: CHILDREN 920.72 K94 2000 - On Shelf,Book::Colusa Main Branch Juvenile Collection: J 920.72 K - On Shelf"
https://catalog.saclibrary.org/GroupedWork/21a3a312-5227-7531-ffab-9568d060dbed-eng,"Glenn Burke, game changer: the man who invented the High Five","Bildner, Phil",9780374391225,,"Macmillan Audio; Farrar Straus & Giroux",2024,"New York",eAudiobook;Book,"Book::Central Kids Place - Lower Level: CHILDREN BIOGRAPHY Burke, G. 2024 - On Shelf,Book::Franklin Children's: CHILDREN BIOGRAPHY Burke, G. 2024 - On Shelf,Book::Rancho Children's Area: CHILDREN BIOGRAPHY Burke, G. 2024 - Checked Out"
https://catalog.saclibrary.org/GroupedWork/45d50d0c-d308-884a-f7ca-5d57a6d0b449-eng,"The words of Malcolm X","Martin, Emmett",9781642827064,,"PowerKids Press; The Rosen Publishing Group, Inc","2023 - 2024","Buffalo, NY",eBook;Book,"Book::Carmichael Children's Area: CHILDREN BIOGRAPHY X, Malcolm 2024 - On Shelf,Book::Central Kids Place - Lower Level: CHILDREN BIOGRAPHY X, Malcolm 2024 - On Shelf,Book::Courtland Children's Area: CHILDREN BIOGRAPHY X, Malcolm 2024 - On Shelf"
https://catalog.saclibrary.org/GroupedWork/0a325170-d8c9-ad57-53e9-6bd22b6d9a08-eng,"Pablo Picasso","Sánchez Vegara, Ma Isabel (María Isabel)",9780711259508,,"Frances Lincoln Children's Books",2021,London,Book,"Book::Central Kids Place - Lower Level: CHILDREN BIOGRAPHY Picasso, P. 2021 - On Shelf,Book::South Natomas Children's Area: CHILDREN BIOGRAPHY Picasso, P. 2021 - On Shelf,Book::North Natomas Children's Area: CHILDREN BIOGRAPHY Picasso, P. 2021 - On Shelf"
https://catalog.saclibrary.org/GroupedWork/8f34a970-1a53-dcf3-ded5-f5f6884963ae-eng,"Simone Biles","Magoon, Kekla",9780593620670,,Philomel,2023,"New York",Book,"Book::Carmichael Children's Area: CHILDREN BIOGRAPHY Biles, S. 2023 - On Shelf,Book::Colonial Heights Children's Area: CHILDREN BIOGRAPHY Biles, S. 2023 - On Shelf,Book::Galt Children's Area: CHILDREN BIOGRAPHY Biles, S. 2023 - On Shelf"
https://catalog.saclibrary.org/GroupedWork/bb9990e8-c3a6-9d5a-1d77-3259f2621495-eng,"Mama in Congress: Rashida Tlaib's journey to Washington","Tlaib, Rashida, 1976-",9780358683438,,"Clarion Books; Clarion Books, an imprint of HarperCollinsPublishers; HarperCollins",2022,"New York, NY",eAudiobook;eBook;Book,"Book::Central Kids Place - Lower Level: CHILDREN BIOGRAPHY Tlaib, R. 2022 - On Shelf,Book::Colonial Heights Children's Area: CHILDREN BIOGRAPHY Tlaib, R. 2022 - On Shelf,Book::Franklin Children's: CHILDREN BIOGRAPHY Tlaib, R. 2022 - On Shelf"
https://catalog.saclibrary.org/GroupedWork/6a52e3a1-5da9-7c53-0c4a-b1f4f9e49faa-eng,"Sojourner Truth: abolitionist and activist","Spinale, Laura, 1966-",9781503854499,,"The Child's World; The Child's World, Inc.","2021 - 2022","Mankato, MN",eBook;Book,"Book::Carmichael Children's Area: CHILDREN BIOGRAPHY Truth, S. 2022 - Checked Out,Book::Franklin Children's: CHILDREN BIOGRAPHY Truth, S. 2022 - On Shelf,Book::Southgate Children's Area: CHILDREN BIOGRAPHY Truth, S. 2022 - On Shelf"
https://catalog.saclibrary.org/GroupedWork/35cd53dd-66ea-15e1-df98-1843876ab394-eng,"Speak up, speak out!: the extraordinary life of ""fighting Shirley Chisholm""","Bolden, Tonya",9781426372360,,"National Geographic",2022,"Washington, D.C",Book,"Book::Colonial Heights Children's Area: CHILDREN BIOGRAPHY Chisholm, S. 2022 - On Shelf,Book::Elk Grove Kids' Place: CHILDREN BIOGRAPHY Chisholm, S. 2022 - On Shelf,Book::North Natomas Children's Area: CHILDREN BIOGRAPHY Chisholm, S. 2022 - On Shelf"
https://catalog.saclibrary.org/GroupedWork/55084deb-588b-2377-2858-6d9e70381921-eng,"Gifts from Georgia's garden: how Georgia O'Keeffe nourished her art","Robinson, Lisa, 1967-",9780823452668,,"Holiday House; Neal Porter Books, Holiday House",2024,"New York",eBook;Book,"Book::Central Kids Place - Lower Level: CHILDREN BIOGRAPHY O'Keeffe, G. 2024 - On Shelf,Book::Colonial Heights Children's Area: CHILDREN BIOGRAPHY O'Keeffe, G. 2024 - On Shelf,Book::Belle Cooledge Children's Area: CHILDREN BIOGRAPHY O'Keeffe, G. 2024 - On Shelf"
https://catalog.saclibrary.org/GroupedWork/2f4e541b-5d4b-e207-2d84-97b76d2fb886-eng,"The miracle & tragedy of the Dionne quintuplets","Miller, Sarah, 1979-",9781524713812,,"Schwartz & Wade Books; Random House Children's Books",2019,"New York",eBook;Book,"Book::Central Teen Area - 3rd Floor: TEEN 971.30922 D592zm 2019 - On Shelf,Book::Fair Oaks Teen Area: TEEN 971.30922 D592zm 2019 - On Shelf,Book::Franklin Teen: TEEN 971.30922 D592zm 2019 - On Shelf"
https://catalog.saclibrary.org/GroupedWork/9069806a-8987-9fa1-25c1-4e7ff486743e-eng,"Who was Ponce de León?","Pollack, Pam",9780399544354,,"Books on Tape; Penguin Workshop",2022,"New York",eAudiobook;Book,"Book::Carmichael Children's Area: CHILDREN BIOGRAPHY Ponce de Leon, J. 2022 - On Shelf,Book::Colonial Heights Children's Area: CHILDREN BIOGRAPHY Ponce de Leon, J. 2022 - On Shelf,Book::Del Paso Heights Children's Area: CHILDREN BIOGRAPHY Ponce de Leon, J. 2022 - On Shelf"
https://catalog.saclibrary.org/GroupedWork/4a950382-22f3-0a65-10e3-6e3e22ac3249-eng,"Bravey: chasing dreams, befriending pain, and other big ideas","Pappas, Alexi",9780593562741,,"The Dial Press; Delacorte Press; Books on Tape; Random House Children's Books","2021 - 2023","New York",eAudiobook;Book;eBook,"Book::Arcade Children's Area: CHILDREN BIOGRAPHY Pappas, A. 2023 - On Shelf,Book::Central Kids Place - Lower Level: CHILDREN BIOGRAPHY Pappas, A. 2023 - Checked Out,Book::Colonial Heights Children's Area: CHILDREN BIOGRAPHY Pappas, A. 2023 - On Shelf"
https://catalog.saclibrary.org/GroupedWork/7b818d87-13cc-a440-507f-ef07cdb61137-eng,"Luther: biography of a reformer","Nohl, Frederick",9780758606518,,"Concordia Publishing House",2003,"St. Louis, Missouri",Book,
https://catalog.saclibrary.org/GroupedWork/f6f710f6-9761-f6d8-019e-0c8502aa55ab-eng,"Finding the edge: my life on the ice","Chen, Karen, 1999-",9780062822680,,"HarperCollins; Harper, an imprint of HarperCollinsPublishers",2017,"New York, NY",eBook;Book,"Book::Central Kids Place - Lower Level: CHILDREN BIOGRAPHY Chen, K. 2017 - Checked Out,Book::North Natomas Children's Area: CHILDREN BIOGRAPHY Chen, K. 2017 - On Shelf,Book::Folsom Children's Area: CHILDREN BIOGRAPHY Chen, K. 2017 - On Shelf"
https://catalog.saclibrary.org/GroupedWork/51382846-66b7-81f8-bbbf-346d239f4602-eng,"Who are the Rolling Stones?","Rau, Dana Meachen, 1971-",9780606397780,,"Grosset & Dunlap,  an imprint of Penguin Random House; Books on Tape",2017,"New York, NY",eAudiobook;Book,"Book::Carmichael Children's Area: CHILDREN 782.42166 R754zr 2017 - Checked Out,Book::Courtland Children's Area: CHILDREN 782.42166 R754zr 2017 - On Shelf,Book::North Natomas Children's Area: CHILDREN 782.42166 R754zr 2017 - On Shelf"
https://catalog.saclibrary.org/GroupedWork/2108285e-c42c-19e1-f6be-a6f5cb3fe66b-eng,"The lemon tree: an Arab, a Jew, and the heart of the Middle East","Tolan, Sandy",9781547603947,,"Bloomsbury Children's Books",2020,"New York",Book,"Book::Arcade Children's Area: CHILDREN 956.9405 T647 2020 - On Shelf,Book::Carmichael Children's Area: CHILDREN 956.9405 T647 2020 - On Shelf,Book::Central Kids Place - Lower Level: CHILDREN 956.9405 T647 2020 - Checked Out"
https://catalog.saclibrary.org/GroupedWork/6b0cd7da-93c3-cd6b-88a0-870622efdeb1-eng,"Ayanna Howard","Box, Stephanie Anne",9781731643285,,"Rourke Educational Media, a division of Carson Dellosa Education; Rourke Educational Media",2021,"[Vero Beach, Florida]",eBook;Book,"Book::Carmichael Children's Area: CHILDREN BIOGRAPHY Howard, A. 2021 - On Shelf,Book::Elk Grove Kids' Place: CHILDREN BIOGRAPHY Howard, A. 2021 - On Shelf,Book::Franklin Children's: CHILDREN BIOGRAPHY Howard, A. 2021 - On Shelf"
https://catalog.saclibrary.org/GroupedWork/e257f73a-50df-92c4-1c19-ab8cb8d8516a-eng,"Claudia said sí!: the story of México's first woman president","Cohen, Deborah Bodin, 1968-",9781681157139,,"Apples & Honey Press, an imprint of Behrman House Publishers",2025,"Millburn, New Jersey",Book,"Book::Carmichael Children's Area: CHILDREN BIOGRAPHY Sheinbaum, C. 2025 - On Shelf,Book::Central Kids Place - Lower Level: CHILDREN BIOGRAPHY Sheinbaum, C. 2025 - On Shelf,Book::McClatchy Children's Area: CHILDREN BIOGRAPHY Sheinbaum, C. 2025 - On Shelf"
https://catalog.saclibrary.org/GroupedWork/3a2b59d5-abdf-3071-52a0-994b54fc8d2d-eng,Rascal,"North, Sterling, 1906-1974",9780140344455,,"Recorded Books, Inc.; Random House/Listening Library; Dutton Children's Books; Books on Tape; Puffin Books","1984 - 2006","New York; New York, N.Y","eAudiobook;Audiobook - CD;Book","Book::Rancho Children's Area: CHILDREN 599.7632 N867 1990 - On Shelf,Book::Colonial Heights Children's Area: CHILDREN 599.7632 N867 1984 - Display,Book::Folsom Children's Area: CHILDREN BIOGRAPHY North, S. 1984 - On Shelf"
https://catalog.saclibrary.org/GroupedWork/72a082c6-fca4-6fa2-7ed2-df166c3ec976-eng,"Fanny's big idea: how Jewish Book Week was born","Michelson, Richard",9798217003259,,"Rocky Pond Books; Penguin Young Readers Group",2025,"New York, New York",eBook;Book,"Book::Arcade Children's Area: CHILDREN BIOGRAPHY Goldstein, F. 2025 - On Shelf,Book::Central Kids Place - Lower Level: CHILDREN BIOGRAPHY Goldstein, F. 2025 - On Shelf,Book::Franklin Children's: CHILDREN BIOGRAPHY Goldstein, F. 2025 - On Shelf"
https://catalog.saclibrary.org/GroupedWork/d0f15a3f-8e5c-dc68-e161-685eaf991103-eng,"Bruno Mars","Gigliotti, Jim",9781684024599,,"Bearport Publishing","2017 - 2018","New York, New York",eBook;Book,"Book::Carmichael Children's Area: CHILDREN BIOGRAPHY Mars, B. 2018 - On Shelf,Book::Belle Cooledge Children's Area: CHILDREN BIOGRAPHY Mars, B. 2018 - On Shelf,Book::Elk Grove Kids' Place: CHILDREN BIOGRAPHY Mars, B. 2018 - On Shelf"
https://catalog.saclibrary.org/GroupedWork/2380313f-c51f-2086-d881-a3934b4a173d-eng,"The apprenticeship of Andrew Wyeth: painting a family legacy","Barretta, Gene",9780316339087,,"Hachette Audio; Little, Brown and Company",2025,"New York",eAudiobook;Book,"Book::Carmichael Children's Area: CHILDREN BIOGRAPHY Wyeth, A. 2025 - On Shelf,Book::Central Kids Place - Lower Level: CHILDREN BIOGRAPHY Wyeth, A. 2025 - On Shelf,Book::McKinley Children's Area: CHILDREN BIOGRAPHY Wyeth, A. 2025 - On Shelf"
https://catalog.saclibrary.org/GroupedWork/43424e7a-db60-6b3f-f8db-bc630b6f24c1-eng,"Carli Lloyd","Fishman, Jon M",9781512408676,,"Lerner Publishing Group; Lerner Publications",2016,Minneapolis,eBook;Book,"Book::Carmichael Children's Area: CHILDREN BIOGRAPHY Lloyd, C. 2016 - On Shelf,Book::McClatchy Children's Area: CHILDREN BIOGRAPHY Lloyd, C. 2016 - On Shelf,Book::McKinley Children's Area: CHILDREN BIOGRAPHY Lloyd, C. 2016 - On Shelf"
https://catalog.saclibrary.org/GroupedWork/fb8533b6-f4e7-8deb-406d-118608b21bc4-eng,"Investigating nature: women who led the way","Dalal, Anita",9781338800470,,"Children's Press, an imprint of Scholastic Inc; Scholastic Inc.",2022,"New York, NY",eBook;Book,"Book::Central Kids Place - Lower Level: CHILDREN 509.252 D136 2022 - On Shelf,Book::North Natomas Children's Area: CHILDREN 509.252 D136 2022 - On Shelf,Book::Pocket-Greenhaven Kids' Place: CHILDREN 509.252 D136 2022 - On Shelf"
https://catalog.saclibrary.org/GroupedWork/3e73bf07-fc93-6b02-6085-97013755e3d4-eng,"Seven million steps: the true story of Dick Gregory's run for the hungry","Barnes, Derrick",9780063357525,,"HarperCollins; Amistad Books for Young Readers, an imprint of HarperCollins Publishers",2026,"New York, NY",eAudiobook;Book;eBook,"Book::Carmichael Children's Area: CHILDREN BIOGRAPHY Gregory, D. 2026 - On Shelf,Book::Central Kids Place - Lower Level: CHILDREN BIOGRAPHY Gregory, D. 2026 - On Shelf,Book::Belle Cooledge Children's Area: CHILDREN BIOGRAPHY Gregory, D. 2026 - Checked Out"
https://catalog.saclibrary.org/GroupedWork/bd2642fd-8533-6be6-e827-4d280075be02-eng,"The revolutionists: the story of the extremists who hijacked the 1970s","Burke, Jason",9780525659433,,"Alfred A. Knopf; Knopf Doubleday Publishing Group; Books on Tape",2026,"New York, New York",eAudiobook;Book;eBook,"Book::Arcade: 303.625 B959 2026 - On Shelf,Book::Arden-Dimick: 303.625 B959 2026 - Checked Out,Book::Central New Books - 4th Floor: 303.625 B959 2026 - Checked Out"
https://catalog.saclibrary.org/GroupedWork/ad922a75-b242-c491-13e0-5355f28140f9-eng,"Resist: 35 profiles of ordinary people who rose up against tyranny and injustice","Chambers, Veronica",9780062796257,,"HarperCollins; Harper, an imprint of HarperCollinsPublishers",2018,"New York, NY",eBook;Book,"Book::Isleton Children's Area: CHILDREN 303.484 C445 2018 - On Shelf,Book::South Natomas Children's Area: CHILDREN 303.484 C445 2018 - On Shelf,Book::North Natomas Children's Area: CHILDREN 303.484 C445 2018 - On Shelf"
https://catalog.saclibrary.org/GroupedWork/35f118e4-8f3f-9646-b3b9-b9dcecd10eb9-eng,"Rock star: how Ursula Marvin mapped moon rocks and meteorites","Wallace, Sandra Neil",9781534493339,,"A Paula Wiseman Book/Beach Lane Books; Simon & Schuster Books for Young Readers",2025,"New York",eBook;Book,"Book::Central Kids Place - Lower Level: CHILDREN 551.092 M391zw 2025 - On Shelf,Book::Colonial Heights Children's Area: CHILDREN 551.092 M391zw 2025 - On Shelf,Book::Galt Children's Area: CHILDREN 551.092 M391zw 2025 - On Shelf"
https://catalog.saclibrary.org/GroupedWork/d3942285-c5d5-4e1c-7870-e827d217b69d-eng,"Becoming Beatrix: the life of Beatrix Potter and the world of Peter Rabbit","O'Quinn, Amy M",9781641604406,,"Chicago Review Press",2022,"Chicago, Illinois",eBook;Book,"Book::Carmichael Children's Area: CHILDREN BIOGRAPHY Potter, B. 2022 - On Shelf,Book::Elk Grove Kids' Place: CHILDREN BIOGRAPHY Potter, B. 2022 - On Shelf,Book::Pocket-Greenhaven Kids' Place: CHILDREN BIOGRAPHY Potter, B. 2022 - On Shelf"
https://catalog.saclibrary.org/GroupedWork/6d6bbdef-a26e-7fb5-4628-fa5b0d4bb792-eng,"Faith Ringgold: narrating the world in pattern and color","Jackson, Sharna",9780744039771,,"DK; DK Publishing",2021,"New York, NY",eBook;Book,"Book::Central Kids Place - Lower Level: CHILDREN BIOGRAPHY Ringgold, F. 2021 - On Shelf,Book::Del Paso Heights Children's Area: CHILDREN BIOGRAPHY Ringgold, F. 2021 - On Shelf,Book::Fair Oaks Children's Area: CHILDREN BIOGRAPHY Ringgold, F. 2021 - On Shelf"
https://catalog.saclibrary.org/GroupedWork/9680b80c-7ecb-a0ee-8a46-fd367c89aa8c-eng,"Ronda Rousey","Fishman, Jon M",9781512413670,,"Lerner Publishing Group; Lerner Publications","2016 - 2017",Minneapolis,eBook;Book,"Book::Carmichael Children's Area: CHILDREN BIOGRAPHY Rousey, R. 2017 - On Shelf,Book::Belle Cooledge Children's Area: CHILDREN BIOGRAPHY Rousey, R. 2017 - On Shelf,Book::Elk Grove Kids' Place: CHILDREN BIOGRAPHY Rousey, R. 2017 - On Shelf"
https://catalog.saclibrary.org/GroupedWork/04ac64f3-4131-cd36-de0e-47c7e46227ce-eng,"So tall within: Sojourner Truth's long walk toward freedom","Schmidt, Gary D",9781626728721,,"Recorded Books, Inc.; Roaring Brook Press",2018,"New York",eAudiobook;Book,"Book::Central Kids Place - Lower Level: CHILDREN BIOGRAPHY Truth, S. 2018 - On Shelf,Book::Colonial Heights Children's Area: CHILDREN BIOGRAPHY Truth, S. 2018 - On Shelf,Book::Belle Cooledge Children's Area: CHILDREN BIOGRAPHY Truth, S. 2018 - On Shelf"
https://catalog.saclibrary.org/GroupedWork/5fa7f0b7-db91-1307-f69b-0aa70389fe8e-eng,"Sanctuary: Kip Tiernan and Rosie's Place, the nation's first shelter for women","McDonnell, Christine",9781536211290,,"Dreamscape Media; Candlewick Press",2022,"Somerville, Massachusetts",Book;eAudiobook,"Book::Carmichael Children's Area: CHILDREN 362.8383 M478 2022 - On Shelf,Book::Central Kids Place - Lower Level: CHILDREN 362.8383 M478 2022 - On Shelf,Book::Belle Cooledge Children's Area: CHILDREN 362.8383 M478 2022 - On Shelf"
https://catalog.saclibrary.org/GroupedWork/81df57e3-96d8-5d1e-3879-a743f76c893b-eng,"Who was Marie Curie?","Stine, Megan",9780448478968,,"Books on Tape; Grosset & Dunlap, An Imprint of Penguin Group (USA) LLC; Penguin Young Readers Group","2014 - 2016","New York",eAudiobook;eBook;Book,"Book::Carmichael Children's Area: CHILDREN BIOGRAPHY Curie, M. 2014 - Checked Out,Book::Central Kids Place - Lower Level: CHILDREN BIOGRAPHY Curie, M. 2014 - On Shelf,Book::Colonial Heights Children's Area: CHILDREN BIOGRAPHY Curie, M. 2014 - On Shelf"
https://catalog.saclibrary.org/GroupedWork/012238ba-63b9-dc36-f668-6dfac8030a58-eng,"Forgotten founders: Black patriots, women soldiers, and other thinkers and heroes who shaped early America","Lowe, Mifflin",9781638190929,,"Bushel & Peck Books",2022,"[United States]",Book,"Book::Carmichael Children's Area: CHILDREN 973.3 L913 2022 - On Shelf,Book::Central Kids Place - Lower Level: CHILDREN 973.3 L913 2022 - On Shelf,Book::Courtland Children's Area: CHILDREN 973.3 L913 2022 - On Shelf"
https://catalog.saclibrary.org/GroupedWork/ba80ffe3-f9ea-a625-1bfc-7eb9dff6622e-eng,"James Earl Carter: our 39th president","Hobkirk, Lori",9781503844308,,"Child's World; The Child's World, Inc.","2020 - 2021","Mankato, MN",eBook;Book,"Book::Elk Grove Kids' Place: CHILDREN BIOGRAPHY Carter, J. 2021 - On Shelf,Book::Franklin Children's: CHILDREN BIOGRAPHY Carter, J. 2021 - On Shelf,Book::McKinley Children's Area: CHILDREN BIOGRAPHY Carter, J. 2021 - On Shelf"
https://catalog.saclibrary.org/GroupedWork/503225b9-2de7-27bd-fb02-45357a8a3ca4-eng,"Fierce: how competing for myself changed everything","Raisman, Aly, 1994-",9780316472708,,"Hachette Audio; Little, Brown Books for Young Readers; Little, Brown and Company",2017,"New York",eAudiobook;eBook;Book,"Book::Central Teen Area - 3rd Floor: TEEN 796 R159 2017 - On Shelf,Book::South Natomas Teen Area: TEEN 796 R159 2017 - On Shelf"
https://catalog.saclibrary.org/GroupedWork/8fb95e59-63d1-f0c6-5782-82b8ed511991-eng,"My Selma: true stories of a Southern childhood at the height of the civil rights movement","Brown, Willie Mae",9780374390235,,"Macmillan Audio; Farrar Straus Giroux",2023,"New York",eAudiobook;Book,"Book::Central Kids Place - Lower Level: CHILDREN BIOGRAPHY Brown, W. 2023 - Checked Out,Book::Belle Cooledge Children's Area: CHILDREN BIOGRAPHY Brown, W. 2023 - On Shelf,Book::Elk Grove Kids' Place: CHILDREN BIOGRAPHY Brown, W. 2023 - On Shelf"
https://catalog.saclibrary.org/GroupedWork/0c62a512-95c3-c830-5cb6-5d9abf58fd9e-eng,"Thurgood Marshall","Kanefield, Teri, 1960-",9781419741043,,"Dreamscape Media; ABRAMS, Inc.; Abrams Books for Young Readers",2020,"New York",eAudiobook;eBook;Book,"Book::South Natomas Children's Area: CHILDREN BIOGRAPHY Marshall, T. 2020 - On Shelf,Book::Rancho Children's Area: CHILDREN BIOGRAPHY Marshall, T. 2020 - On Shelf,Book::Sylvan Oaks Children's Area: CHILDREN BIOGRAPHY Marshall, T. 2020 - On Shelf"
https://catalog.saclibrary.org/GroupedWork/4baa37e1-cafd-4a5c-b8db-adc79bd32798-eng,"I am Simone Biles","Meltzer, Brad",9780593533482,,"Rocky Pond Books; Books on Tape; Penguin Young Readers Group",2025,"New York, NY",eAudiobook;Book;eBook,"Book::Carmichael Children's Area: CHILDREN BIOGRAPHY Biles, S. 2025 - Checked Out,Book::Central Kids Place - Lower Level: CHILDREN BIOGRAPHY Biles, S. 2025 - Checked Out,Book::Franklin Children's: CHILDREN BIOGRAPHY Biles, S. 2025 - On Shelf"
https://catalog.saclibrary.org/GroupedWork/d6bd8b8f-562d-6f3e-de28-d2ab23f13fab-eng,"Claude Monet: he saw the world in a brilliant light","Guglielmo, Amy",9780744054705,,"DK Publishing",2022,"New York, NY",Book,"Book::Central Kids Place - Lower Level: CHILDREN BIOGRAPHY Monet, C. 2022 - On Shelf,Book::Elk Grove Kids' Place: CHILDREN BIOGRAPHY Monet, C. 2022 - On Shelf,Book::Fair Oaks Children's Area: CHILDREN BIOGRAPHY Monet, C. 2022 - On Shelf"
https://catalog.saclibrary.org/GroupedWork/fa2a2715-c515-65a9-0d30-488d9aa01902-eng,"Patrick Mahomes: the inspiring story of one of football's superstar quarterbacks : an unauthorized biography","Geoffreys, Clayton",9798686000643,,"Calvintir Books, LLC",2020,"United States of America",Book,
https://catalog.saclibrary.org/GroupedWork/14d06eb0-4fd7-06e4-ed15-85f614f2cf57-eng,"Dalip Singh Saund","Su, Karen",9781731657374,,"Rourke Educational Media","2023 - 2024","[Vero Beach, Florida]",eBook;Book,"Book::Central Kids Place - Lower Level: CHILDREN BIOGRAPHY Saund, D. 2024 - On Shelf,Book::Franklin Children's: CHILDREN BIOGRAPHY Saund, D. 2024 - On Shelf,Book::Pocket-Greenhaven Kids' Place: CHILDREN BIOGRAPHY Saund, D. 2024 - On Shelf"
https://catalog.saclibrary.org/GroupedWork/fc449aec-4c60-3583-e954-53cca1e2399b-eng,"Up periscope!: how engineer Raye Montague revolutionized shipbuilding","Swanson, Jennifer",9780316565486,,"Little, Brown and Company",2024,"New York",Book,"Book::Carmichael Children's Area: CHILDREN BIOGRAPHY Montague, R. 2024 - On Shelf,Book::Central Kids Place - Lower Level: CHILDREN BIOGRAPHY Montague, R. 2024 - On Shelf,Book::Galt Children's Area: CHILDREN BIOGRAPHY Montague, R. 2024 - On Shelf"
https://catalog.saclibrary.org/GroupedWork/8fb3933e-0731-ba83-f619-b5853e41ef73-eng,"Christiana Figueres, friend of the rainforest","Engle, Margarita",9781250843043,,"Henry Holt and Co. (BYR); Godwin Books, Henry Holt and Company",2025,"New York, NY",eBook;Book,"Book::Carmichael Children's Area: CHILDREN BIOGRAPHY Figueres, C. 2025 - On Shelf,Book::Central Kids Place - Lower Level: CHILDREN BIOGRAPHY Figueres, C. 2025 - On Shelf,Book::McClatchy Children's Area: CHILDREN BIOGRAPHY Figueres, C. 2025 - On Shelf"
https://catalog.saclibrary.org/GroupedWork/e2d4908a-4162-37f7-6eb1-27effd8e1f27-eng,"Who was Confucius?","Burgan, Michael",9781524788735,,"Penguin Workshop; Penguin Young Readers Group",2020,"New York",eBook;Book,"Book::Arden-Dimick Children's Area: CHILDREN BIOGRAPHY Confucius 2020 - Checked Out,Book::Carmichael Children's Area: CHILDREN BIOGRAPHY Confucius 2020 - On Shelf,Book::Central Kids Place - Lower Level: CHILDREN BIOGRAPHY Confucius 2020 - On Shelf"
https://catalog.saclibrary.org/GroupedWork/d11d597d-8796-1015-3ebb-75d95a36d1a1-eng,"Bad Bunny","Romo Edelman, Claudia",9781250339652,,"Roaring Brook Press",2024,"New York",Book,"Book::Central Kids Place - Lower Level: CHILDREN BIOGRAPHY Bad Bunny 2024 - On Shelf,Book::Elk Grove Kids' Place: CHILDREN BIOGRAPHY Bad Bunny 2024 - On Shelf,Book::Galt Children's Area: CHILDREN BIOGRAPHY Bad Bunny 2024 - On Shelf"
https://catalog.saclibrary.org/GroupedWork/6089f2c5-98df-05bb-d005-b4cb567f40bd-eng,"Oprah Winfrey","Sánchez Vegara, Ma Isabel (María Isabel)",9781836007500,,"Frances Lincoln Children's Books",2026,London,Book,"Book::Arcade Children's Area: CHILDREN BIOGRAPHY Winfrey, O. 2026 - On Hold Shelf,Book::Central Kids Place - Lower Level: CHILDREN BIOGRAPHY Winfrey, O. 2026 - On Shelf,Book::Central Kids Place - Lower Level: ON ORDER - On Order"
https://catalog.saclibrary.org/GroupedWork/caed554c-6c2c-8087-6972-7801263f7fd9-eng,"Who was Lewis Carroll?","Pollack, Pam",9780515159318,,"Penguin Workshop, an imprint of Penguin Random House; Penguin Young Readers Group",2017,"New York, New York",eBook;Book,"Book::Franklin Children's: CHILDREN BIOGRAPHY Carroll, L. 2017 - On Shelf,Book::McKinley Children's Area: CHILDREN BIOGRAPHY Carroll, L. 2017 - On Shelf,Book::Rancho Children's Area: CHILDREN BIOGRAPHY Carroll, L. 2017 - On Shelf"
https://catalog.saclibrary.org/GroupedWork/83cd4e17-08f7-9d4a-b9a1-8fac09826974-eng,"Listening to the stars: Jocelyn Bell Burnell discovers pulsars","Parachini, Jodie",9780807545638,,"Albert Whitman & Company",2021,"Chicago, Illinois",eBook;Book,"Book::Arden-Dimick Children's Area: CHILDREN BIOGRAPHY Burnell, J. 2021 - Checked Out,Book::Carmichael Children's Area: CHILDREN BIOGRAPHY Burnell, J. 2021 - On Shelf,Book::Franklin Children's: CHILDREN BIOGRAPHY Burnell, J. 2021 - On Shelf"
https://catalog.saclibrary.org/GroupedWork/97a2d7c5-fec5-9a78-d8ec-556fe2229b8d-eng,"The words of Helen Keller","Martin, Emmett",9781642826982,,"PowerKids Press; The Rosen Publishing Group, Inc","2023 - 2024","Buffalo, NY",eBook;Book,"Book::Colonial Heights Children's Area: CHILDREN BIOGRAPHY Keller, H. 2024 - On Shelf,Book::Fair Oaks Children's Area: CHILDREN BIOGRAPHY Keller, H. 2024 - On Shelf,Book::Franklin Children's: CHILDREN BIOGRAPHY Keller, H. 2024 - On Shelf"
https://catalog.saclibrary.org/GroupedWork/0debaa6f-c49c-7090-5fd0-2bb97abd5789-eng,"Paul McCartney: an unauthorized biography","Dowswell, Paul",9781588100627,,"Heinemann Library",2001,"Chicago, Ill",Book,
https://catalog.saclibrary.org/GroupedWork/38e73e42-bcfa-4bf0-7c0b-ef43cf41a8b9-eng,"Timelines of extraordinary lives: from Cleopatra and Confucius to Mozart and Malala",,9780593844984,,DK,2024,"New York, NY",Book,"Book::Carmichael Children's Area: CHILDREN 920.02 T583 2024 - In Transit,Book::Central Kids Place - Lower Level: CHILDREN 920.02 T583 2024 - On Shelf,Book::Colonial Heights Children's Area: CHILDREN 920.02 T583 2024 - On Shelf"
https://catalog.saclibrary.org/GroupedWork/056fa082-bad5-524e-d657-582525e13048-eng,"Sally Ride: life on a mission","Macy, Sue",9781442488557,,Aladdin,2014,"New York",eBook;Book,"Book::Belle Cooledge Children's Area: CHILDREN BIOGRAPHY Ride, S. 2014 - On Shelf,Book::Elk Grove Kids' Place: CHILDREN BIOGRAPHY Ride, S. 2014 - On Shelf,Book::Franklin Children's: CHILDREN BIOGRAPHY Ride, S. 2014 - On Shelf"
https://catalog.saclibrary.org/GroupedWork/d22baa8f-cdb4-d26d-9f6f-d7aeee2f7e80-eng,"Dazzlin' Dolly: the songwriting, hit-singing, guitar-picking Dolly Parton","Slade, Suzanne",9781635928419,,"Recorded Books, Inc.; Astra Publishing House; Calkins Creek, an imprint of Astra Books for Young Readers","2022 - 2023","New York",eBook;Book;eAudiobook,"Book::Del Paso Heights Children's Area: CHILDREN BIOGRAPHY Parton, D. 2022 - On Shelf,Book::North Natomas Children's Area: CHILDREN BIOGRAPHY Parton, D. 2022 - On Shelf,Book::Pocket-Greenhaven Kids' Place: CHILDREN BIOGRAPHY Parton, D. 2022 - On Shelf"
https://catalog.saclibrary.org/GroupedWork/40aec992-5541-fc87-cb1d-2a6cddbe75f5-eng,"I am Muhammad Ali","Meltzer, Brad",9780593405857,,"Books on Tape; Dial Books for Young Readers",2022,"New York",eAudiobook;Book,"Book::Central Kids Place - Lower Level: CHILDREN BIOGRAPHY Ali, M. 2022 - On Shelf,Book::Colonial Heights Children's Area: CHILDREN BIOGRAPHY Ali, M. 2022 - On Shelf,Book::Rancho Children's Area: CHILDREN BIOGRAPHY Ali, M. 2022 - Checked Out"
https://catalog.saclibrary.org/GroupedWork/1e62264f-ad05-6837-d04d-bda093c23c5f-eng,"Ablaze with color: a story of painter Alma Thomas","Harvey, Jeanne Walker",9780063021891,,"Harper, an imprint of HarperCollins Publishers",2022,"New York, NY",Book,"Book::Central Kids Place - Lower Level: CHILDREN BIOGRAPHY Thomas, A. 2022 - On Shelf,Book::Belle Cooledge Children's Area: CHILDREN BIOGRAPHY Thomas, A. 2022 - On Shelf,Book::Elk Grove Kids' Place: CHILDREN BIOGRAPHY Thomas, A. 2022 - On Shelf"
https://catalog.saclibrary.org/GroupedWork/000faf3c-2e7d-ae9d-e132-9ce164b600eb-eng,"I am Malala Yousafzai","Meltzer, Brad",9780593405888,,"Books on Tape; Dial Books for Young Readers; Penguin Young Readers Group",2022,"New York",eAudiobook;Book;eBook,"Book::Central Kids Place - Lower Level: CHILDREN BIOGRAPHY Yousafzai, M. 2022 - On Shelf,Book::Franklin Children's: CHILDREN BIOGRAPHY Yousafzai, M. 2022 - On Shelf,Book::North Natomas Children's Area: CHILDREN BIOGRAPHY Yousafzai, M. 2022 - On Shelf"
https://catalog.saclibrary.org/GroupedWork/66430451-9caf-1118-d96d-3039b17117c0-eng,"Old enough to save the planet: be inspired by real-life children taking action against climate change","King, Loll",9781419749148,,"Magic Cat Publishing",2020,"New York",Book,"Book::Belle Cooledge Children's Area: CHILDREN 363.7 K583 2020 - Checked Out,Book::Fair Oaks Children's Area: CHILDREN 363.7 K583 2020 - On Shelf,Book::Isleton Children's Area: CHILDREN 363.7 K583 2020 - Checked Out"
https://catalog.saclibrary.org/GroupedWork/a6f298c3-febf-15e6-51ed-23b8fc42a3ce-eng,"Rise!: from caged bird to poet of the people, Maya Angelou","Hegedus, Bethany",9781620145876,,"Lee & Low Books Inc; Live Oak Media","2019 - 2021","New York",eBook;eAudiobook;Book,"Book::Belle Cooledge Children's Area: CHILDREN BIOGRAPHY Angelou, M. 2019 - On Shelf,Book::Del Paso Heights Children's Area: CHILDREN BIOGRAPHY Angelou, M. 2019 - On Shelf,Book::Franklin Children's: CHILDREN BIOGRAPHY Angelou, M. 2019 - On Shelf"
https://catalog.saclibrary.org/GroupedWork/c308bad2-2f14-98ef-e2af-961293a722b7-eng,"Who is Ken Jennings?","Anderson, Kirsten",9780593226445,,"Penguin Workshop; Penguin Young Readers Group",2021,"New York",eBook;Book,"Book::Carmichael Children's Area: CHILDREN BIOGRAPHY Jennings, K. 2021 - On Shelf,Book::Central Kids Place - Lower Level: CHILDREN BIOGRAPHY Jennings, K. 2021 - On Shelf,Book::Del Paso Heights Children's Area: CHILDREN BIOGRAPHY Jennings, K. 2021 - On Shelf"
https://catalog.saclibrary.org/GroupedWork/223254a7-2de3-4b2d-ca7e-590c645b0e6b-eng,"Malala Yousafzai","Williamson, Lisa, 1980-",9781419740749,,"Abrams; Dreamscape Media; Abrams Books for Young Readers",2020,"New York, N.Y",eBook;Book;eAudiobook,"Book::Arcade Children's Area: CHILDREN BIOGRAPHY Yousafzai, M. 2020 - Checked Out,Book::North Natomas Children's Area: CHILDREN BIOGRAPHY Yousafzai, M. 2020 - On Shelf,Book::Sylvan Oaks Children's Area: CHILDREN BIOGRAPHY Yousafzai, M. 2020 - On Shelf"
https://catalog.saclibrary.org/GroupedWork/cf3bad59-3a46-62c2-bb8c-76fd6fa1bdf9-eng,"Who was Selena?","Bisantz, Kate",9781524786755,,"Penguin Workshop",2018,"New York, New York",Book,"Book::Carmichael Children's Area: CHILDREN BIOGRAPHY Selena 2018 - On Shelf,Book::Central Kids Place - Lower Level: CHILDREN BIOGRAPHY Selena 2018 - On Shelf,Book::Fair Oaks Children's Area: CHILDREN BIOGRAPHY Selena 2018 - On Shelf"
https://catalog.saclibrary.org/GroupedWork/a508900f-5fce-af20-d6ef-d123bbc66ee0-eng,"The girl who loved giraffes: and became the world's first giraffologist","Stinson, Kathy",9781554555406,,"Fitzhenry & Whiteside",2021,"Markham, ON",eBook;Book,"Book::Elk Grove Kids' Place: CHILDREN BIOGRAPHY Dagg, A 2021 - On Shelf,Book::Pocket-Greenhaven Kids' Place: CHILDREN BIOGRAPHY Dagg, A 2021 - On Shelf,Book::Sylvan Oaks Children's Area: CHILDREN BIOGRAPHY Dagg, A 2021 - On Shelf"
https://catalog.saclibrary.org/GroupedWork/de0c066c-0248-7367-c2ee-6ecbb53c69cb-eng,"I am Frida Kahlo","Meltzer, Brad",9780525555988,,"Dial Books for Young Readers; Penguin Young Readers Group",2021,"New York",eBook;Book,"Book::Central Kids Place - Lower Level: CHILDREN BIOGRAPHY Kahlo, F. 2021 - On Shelf,Book::Courtland Children's Area: CHILDREN BIOGRAPHY Kahlo, F. 2021 - On Shelf,Book::Franklin Children's: CHILDREN BIOGRAPHY Kahlo, F. 2021 - On Shelf"
https://catalog.saclibrary.org/GroupedWork/a66d52ec-43fe-2895-a8f8-b295b821f676-eng,"Rachel Carson","Eboch, M. M",9781731643261,,"Rourke Educational Media",2021,"[Vero Beach, FL]",eBook;Book,"Book::Central Kids Place - Lower Level: CHILDREN BIOGRAPHY Carson, R. 2021 - On Shelf,Book::Franklin Children's: CHILDREN BIOGRAPHY Carson, R. 2021 - On Shelf,Book::North Natomas Children's Area: CHILDREN BIOGRAPHY Carson, R. 2021 - On Shelf"
https://catalog.saclibrary.org/GroupedWork/44cfa203-cb84-c0a6-634d-e53112a1378c-eng,"Who was Bob Marley?","Ellison, Katie",9780515157970,,"Grosset & Dunlap; Books on Tape",2017,"New York, New York",eAudiobook;Book,"Book::Carmichael Children's Area: CHILDREN BIOGRAPHY Marley, B. 2014 - On Shelf,Book::Central Kids Place - Lower Level: CHILDREN BIOGRAPHY Marley, B. 2014 - On Shelf,Book::Colonial Heights Children's Area: CHILDREN BIOGRAPHY Marley, B. 2014 - On Shelf"
https://catalog.saclibrary.org/GroupedWork/eb12436c-35f0-90b9-4c34-e6800444c795-eng,"12 scientists who changed the world","Richard, Orlin",9781645822950,,"Black Rabbit Books; Amicus Publish/12-Story Library","2016 - 2025","[Mankato, Minnesota]",eBook;Book,"Book::Belle Cooledge Children's Area: CHILDREN 509.22 R511 2025 - On Shelf,Book::McKinley Children's Area: CHILDREN 509.22 R511 2025 - On Shelf,Book::North Natomas Children's Area: CHILDREN 509.22 R511 2025 - On Shelf"
https://catalog.saclibrary.org/GroupedWork/186d9694-23ba-60f8-05c9-0fca807f793c-eng,"Stephen Curry","Fishman, Jon M",9781467781121,,"Lerner Publishing Group; Lerner Publications","2015 - 2016",Minneapolis,eBook;Book,"Book::Southgate Children's Area: CHILDREN BIOGRAPHY Curry, S. 2016 - On Shelf"
https://catalog.saclibrary.org/GroupedWork/63345a62-8bea-4c48-de23-d02a140ac5dc-eng,"A kids' guide to America's first ladies","Krull, Kathleen",9780062381071,,"HarperCollins; Harper, an imprint of HarperCollinsPublishers",2017,"New York, NY",eBook;Book,"Book::Arcade Children's Area: CHILDREN 973.099 K94 2017 - On Shelf,Book::Carmichael Children's Area: CHILDREN 973.099 K94 2017 - On Shelf,Book::Franklin Children's: CHILDREN 973.099 K94 2017 - On Shelf"
https://catalog.saclibrary.org/GroupedWork/3b0713e6-4fbd-b4df-e16c-b145c6eb479a-eng,"Lisa Leslie: basketball legend","Hanlon, Luke",9781634947909,,"Press Box Books, an imprint of Press Room Editions",2024,"Mendota Heights, MN",Book,"Book::Arcade Children's Area: CHILDREN BIOGRAPHY Leslie, L. 2024 - On Shelf,Book::Carmichael Children's Area: CHILDREN BIOGRAPHY Leslie, L. 2024 - On Shelf,Book::Central Kids Place - Lower Level: CHILDREN BIOGRAPHY Leslie, L. 2024 - On Shelf"
https://catalog.saclibrary.org/GroupedWork/b3b9d4d2-4926-8d5a-f02b-554384c30ab5-eng,"Jackie Ormes","Miller, J. P. (Janice P.)",9781731648785,,"Rourke Educational Media, a division of Carson Dellosa Education; Rourke Educational Media","2021 - 2022","[Vero Beach, Florida]",eBook;Book,"Book::Carmichael Children's Area: CHILDREN BIOGRAPHY Ormes, J. 2022 - On Shelf,Book::Franklin Children's: CHILDREN BIOGRAPHY Ormes, J. 2022 - On Shelf,Book::McKinley Children's Area: CHILDREN BIOGRAPHY Ormes, J. 2022 - On Shelf"
https://catalog.saclibrary.org/GroupedWork/dea9748f-524b-965b-bba0-be22a7b861d0-eng,"Only the best: the exceptional life and fashion of Ann Lowe","Messner, Kate",9781452161600,,"Recorded Books, Inc.; Chronicle Books LLC; Chronicle Books","2022 - 2023","San Francisco",eBook;Book;eAudiobook,"Book::Colonial Heights Children's Area: CHILDREN BIOGRAPHY Lowe, A. 2022 - On Shelf,Book::Belle Cooledge Children's Area: CHILDREN BIOGRAPHY Lowe, A. 2022 - On Shelf,Book::Elk Grove Kids' Place: CHILDREN BIOGRAPHY Lowe, A. 2022 - On Shelf"
https://catalog.saclibrary.org/GroupedWork/954e1656-369f-cfbc-5721-fafca7096257-eng,"Emmy Noether: the most important mathematician you've never heard of","Becker, Helaine",9781525300592,,"Kids Can Press",2020,"Toronto, ON",eBook;Book,"Book::Carmichael Children's Area: CHILDREN BIOGRAPHY Noether, E. 2020 - On Shelf,Book::Elk Grove Kids' Place: CHILDREN BIOGRAPHY Noether, E. 2020 - On Shelf,Book::North Natomas Children's Area: CHILDREN BIOGRAPHY Noether, E. 2020 - On Shelf"
https://catalog.saclibrary.org/GroupedWork/0504eb0f-e69a-edba-bc89-3b5a72bd553c-eng,"Greta Gerwig, movie director","Mooney, Carla, 1970-",9798892601795,,"Mitchell Lane Publishers",2025,"Hallandale, FL",eBook;Book,"Book::Central Kids Place - Lower Level: CHILDREN BIOGRAPHY Gerwig, G. 2025 - On Shelf,Book::North Natomas Children's Area: CHILDREN BIOGRAPHY Gerwig, G. 2025 - On Shelf,Book::North Sacramento-Hagginwood Children's Area: CHILDREN BIOGRAPHY Gerwig, G. 2025 - On Shelf"
https://catalog.saclibrary.org/GroupedWork/88731d06-2699-2613-2775-7e88868c85c8-eng,"Who was Rachel Carson?","Fabiny, Sarah",9780448479590,,"Grosset & Dunlap, an imprint of Penguin Group (USA) LLC; Penguin Young Readers Group",2014,"New York, New York",eBook;Book,"Book::Carmichael Children's Area: CHILDREN BIOGRAPHY Carson, R. 2014 - On Shelf,Book::Central Kids Place - Lower Level: CHILDREN BIOGRAPHY Carson, R. 2014 - On Shelf,Book::Folsom Children's Student Resource Center: CHILDREN BIOGRAPHY Carson, R. 2014 - On Shelf"
https://catalog.saclibrary.org/GroupedWork/7bff2b53-dfa8-9603-d92a-e8be6356f67b-eng,"Madam C. J. Walker: entrepreneur","Hobkirk, Lori",9781503853768,,"The Child's World, Inc.",2021,Minnesota,eBook;Book,"Book::Belle Cooledge Children's Area: CHILDREN BIOGRAPHY Walker, C. 2021 - On Shelf,Book::Elk Grove Kids' Place: CHILDREN BIOGRAPHY Walker, C. 2021 - On Shelf,Book::Fair Oaks Children's Area: CHILDREN BIOGRAPHY Walker, C. 2021 - On Shelf"
https://catalog.saclibrary.org/GroupedWork/1391512b-6d24-0094-4113-1f58f413b620-eng,"Mighty Moe: the true story of a thirteen-year-old women's running revolutionary","Swaby, Rachel",9780374311605,,"Farrar, Straus and Giroux (BYR); Farrar Straus Giroux",2019,"New York",eBook;Book,"Book::Carmichael Children's Area: CHILDREN BIOGRAPHY Wilton, M. 2019 - On Shelf,Book::Franklin Children's: CHILDREN BIOGRAPHY Wilton, M. 2019 - On Shelf,Book::Isleton Children's Area: CHILDREN BIOGRAPHY Wilton, M. 2019 - On Shelf"
https://catalog.saclibrary.org/GroupedWork/f69fb061-aa87-de02-15f6-b597a4855e86-eng,"Rooting for plants: the unstoppable Charles S. Parker, Black botanist and collector","Harrington, Janice N",9781662680199,,"Astra Publishing House; Calkins Creek, an imprint of Astra Books for Young Readers",2023,"New York",eBook;Book,"Book::Belle Cooledge Children's Area: CHILDREN BIOGRAPHY Parker, C. 2023 - On Shelf,Book::Elk Grove Kids' Place: CHILDREN BIOGRAPHY Parker, C. 2023 - On Shelf,Book::McKinley Children's Area: CHILDREN BIOGRAPHY Parker, C. 2023 - On Shelf"
https://catalog.saclibrary.org/GroupedWork/dc58870f-48d1-e546-cd7d-82e9907bca38-eng,"African icons: ten people who shaped history","Baptiste, Tracey",9781616209001,,"Hachette Audio; Little, Brown Books for Young Readers; Algonquin Young Readers",2021,"Chapel Hill, North Carolina",eAudiobook;eBook;Book,"Book::Central Kids Place - Lower Level: CHILDREN 960.099 B222 2021 - On Shelf,Book::Fair Oaks Children's Area: CHILDREN 960.099 B222 2021 - On Shelf,Book::McKinley Children's Area: CHILDREN 960.099 B222 2021 - On Shelf"
https://catalog.saclibrary.org/GroupedWork/ddb8db5e-193b-2b1c-60af-48c51a8ddb18-eng,"Who is Tony Hawk?","Korte, Steve",9780593751817,,"Penguin Workshop",2025,"New York, New York",Book,"Book::Central Kids Place - Lower Level: CHILDREN BIOGRAPHY Hawk, T. 2025 - Checked Out,Book::Colonial Heights Children's Area: CHILDREN BIOGRAPHY Hawk, T. 2025 - On Shelf,Book::Del Paso Heights Children's Area: CHILDREN BIOGRAPHY Hawk, T. 2025 - On Shelf"
https://catalog.saclibrary.org/GroupedWork/a7d448fc-4f34-74f1-730d-a22a9ec5f042-eng,"Walt Disney","Klepeis, Alicia, 1971-",9781532196881,,"Kids Core, an imprint of Abdo Publishing; ABDO Publishing Company","2021 - 2022","Minneapolis, Minnesota",eBook;Book,"Book::Elk Grove Kids' Place: CHILDREN BIOGRAPHY Disney, W. 2022 - On Shelf,Book::Galt Children's Area: CHILDREN BIOGRAPHY Disney, W. 2022 - On Shelf,Book::McKinley Children's Area: CHILDREN BIOGRAPHY Disney, W. 2022 - On Shelf"
https://catalog.saclibrary.org/GroupedWork/9061bf1b-f678-b8ad-d8d8-3cdb8a8a8a88-eng,"The true tale of a giantess: the story of Anna Swan","Renaud, Anne, 1957-",9781771383769,,"Kids Can Press",2018,"Toronto, ON",eBook;Book,"Book::Southgate Children's Area: CHILDREN BIOGRAPHY Swan, A. 2018 - On Shelf"
https://catalog.saclibrary.org/GroupedWork/c4d3d8e2-64c2-14a4-4a47-183085ed1e58-eng,"Maya Angelou","Haldy, Emma E",9781634722858,,"Cherry Lake Publishing","2016 - 2017","Ann Arbor",eBook;Book,"Book::Del Paso Heights Children's Area: CHILDREN BIOGRAPHY Angelou, M. 2017 - On Shelf,Book::Franklin Children's: CHILDREN BIOGRAPHY Angelou, M. 2017 - On Shelf,Book::McKinley Children's Area: CHILDREN BIOGRAPHY Angelou, M. 2017 - On Shelf"
https://catalog.saclibrary.org/GroupedWork/0141be57-b138-8551-e2cc-24ea50a3631b-eng,"The Maddie diaries","Ziegler, Maddie",9781501150678,,"Simon & Schuster Audio; Gallery Books",2017,"New York",eAudiobook;Book,"Book::Central Teen Area - 3rd Floor: TEEN 792.8092 Z664 2017 - On Shelf,Book::North Natomas: TEEN 792.8092 Z664 2017 - On Shelf,Book::Folsom Adult: TEEN 792.8092 ZIE 2017 - On Shelf"
https://catalog.saclibrary.org/GroupedWork/727f4162-297a-4b0b-0d1a-b75f3177c5bb-eng,"Twist, tumble, triumph: the story of champion gymnast Ágnes Keleti","Cohen, Deborah Bodin, 1968-",9798765619773,,"Kar-Ben Publishing; Lerner Publishing Group",2025,"Minneapolis, MN",eAudiobook;eBook;Book,"Book::Arcade Children's Area: CHILDREN BIOGRAPHY Keleti, A. 2025 - Checked Out,Book::Carmichael Children's Area: CHILDREN BIOGRAPHY Keleti, A. 2025 - On Shelf,Book::Central Kids Place - Lower Level: CHILDREN BIOGRAPHY Keleti, A. 2025 - On Shelf"
https://catalog.saclibrary.org/GroupedWork/462238d8-b185-d3ed-e2d7-6cd1be7e01c0-eng,"Who was Fidel Castro?","Fabiny, Sarah",9780451533333,,"Penguin Workshop, an imprint of Penguin Random House; Penguin Young Readers Group",2017,"New York, New York",eBook;Book,"Book::Carmichael Children's Area: CHILDREN BIOGRAPHY Castro, F. 2017 - On Shelf,Book::Colonial Heights Children's Area: CHILDREN BIOGRAPHY Castro, F. 2017 - On Shelf,Book::Elk Grove Kids' Place: CHILDREN BIOGRAPHY Castro, F. 2017 - Checked Out"
https://catalog.saclibrary.org/GroupedWork/dde45c43-0a6d-bd98-6ac4-344a75b22249-eng,"Pigskins to paintbrushes: the story of football-playing artist Ernie Barnes","Tate, Don",9781419749438,,"Abrams; Abrams Books for Young Readers",2021,"New York",eBook;Book,"Book::Colonial Heights Children's Area: CHILDREN BIOGRAPHY Barnes, E. 2021 - On Shelf,Book::Del Paso Heights Children's Area: CHILDREN BIOGRAPHY Barnes, E. 2021 - On Shelf,Book::Franklin Children's: CHILDREN BIOGRAPHY Barnes, E. 2021 - On Shelf"
https://catalog.saclibrary.org/GroupedWork/8393c55c-a012-a92a-c11a-b55674669413-eng,"Hedy Lamarr's double life: Hollywood legend and brilliant inventor","Wallmark, Laurie",9781454926917,,"Sterling Children's Books; Union Square & Co.","2019 - 2020","New York",eBook;Book,"Book::Central Kids Place - Lower Level: CHILDREN BIOGRAPHY Lamarr, H. 2019 - On Shelf,Book::Del Paso Heights Children's Area: CHILDREN BIOGRAPHY Lamarr, H. 2019 - On Shelf,Book::Franklin Children's: CHILDREN BIOGRAPHY Lamarr, H. 2019 - On Shelf"
https://catalog.saclibrary.org/GroupedWork/9fa32136-40df-2dcf-817e-835f5a9927d7-eng,"Kamala Harris: rooted in justice","Grimes, Nikki",9781534462670,,"Atheneum Books for Young Readers",2020,"New York",eBook;Book,"Book::Carmichael Children's Area: CHILDREN BIOGRAPHY Harris, K. 2020 - On Shelf,Book::Central Kids Place - Lower Level: CHILDREN BIOGRAPHY Harris, K. 2020 - On Shelf,Book::Franklin Children's: CHILDREN BIOGRAPHY Harris, K. 2020 - On Shelf"
https://catalog.saclibrary.org/GroupedWork/63180167-17cb-fb49-b906-7e83a790ecee-eng,"Frida Kahlo: she painted her world in self-portraits","Guglielmo, Amy",9780744070699,,"DK Publishing",2023,"New York, NY",Book,"Book::Carmichael Children's Area: CHILDREN BIOGRAPHY Kahlo, F. 2023 - On Shelf,Book::Central Kids Place - Lower Level: CHILDREN BIOGRAPHY Kahlo, F. 2023 - On Shelf,Book::Sylvan Oaks Children's Area: CHILDREN BIOGRAPHY Kahlo, F. 2023 - On Shelf"
https://catalog.saclibrary.org/GroupedWork/05b032e3-d414-2b0b-2fe6-a7e9b3bdf0b8-eng,"The faithful spy: Dietrich Bonhoeffer and the plot to kill Hitler","Hendrix, John, 1976-",9781419732652,,"Recorded Books, Inc.; Amulet Books","2018 - 2024","New York",eAudiobook;eBook;Book,"Book::Carmichael Children's Area: CHILDREN 230.044 B714zh 2018 - On Shelf,Book::Courtland Children's Area: CHILDREN 230.044 B714zh 2018 - On Shelf,Book::Galt Children's Area: CHILDREN 230.044 B714zh 2018 - On Shelf"
https://catalog.saclibrary.org/GroupedWork/5d5efcb0-53c8-8d50-d2ef-b6344f4af2e4-eng,"Excellence in the arts","Loh-Hagan, Virginia",9781668909348,,"Cherry Lake Press; Cherry Lake Publishing","2022 - 2023","Ann Arbor, Michigan",eBook;Book,"Book::Carmichael Children's Area: CHILDREN 700.899507 L833 2023 - Checked Out,Book::Central Kids Place - Lower Level: CHILDREN 700.899507 L833 2023 - On Shelf,Book::Orangevale: CHILDREN 700.899507 L833 2023 - On Shelf"
https://catalog.saclibrary.org/GroupedWork/85c0cb37-a567-ced0-b48e-0fb68da18a62-eng,"Rebel Girls awesome entrepreneurs: 25 tales of women building businesses","Sher, Abby",9781953424235,,"Rebel Girls, Inc",2022,"[Santa Monica, California]",Book,"Book::Central Kids Place - Lower Level: CHILDREN 650.1082 R289 2022 - On Shelf,Book::Courtland Children's Area: CHILDREN 650.1082 R289 2022 - On Shelf,Book::Franklin Children's: CHILDREN 650.1082 R289 2022 - On Shelf"
https://catalog.saclibrary.org/GroupedWork/4162677e-8736-f5b8-7c21-eae523a6dc52-eng,"A voice named Aretha","Russell-Brown, Katheryn, 1961-",9781681198507,,"Bloomsbury Children's Books",2020,"New York, NY",eBook;Book,"Book::Carmichael Children's Area: CHILDREN BIOGRAPHY Franklin, A. 2020 - On Shelf,Book::Colonial Heights Children's Area: CHILDREN BIOGRAPHY Franklin, A. 2020 - On Shelf,Book::North Natomas Children's Area: CHILDREN BIOGRAPHY Franklin, A. 2020 - On Shelf"
https://catalog.saclibrary.org/GroupedWork/ddc12f17-51e3-e610-18b3-41d4e654396b-eng,"Joan of Arc: the teenager who saved her nation","Wilkinson, Philip, 1955-",9781426301162,,"National Geographic Society",2007,"Washington, D.C",Book,"Book::Arcade Children's Area: CHILDREN BIOGRAPHY Joan of Arc 2007 - On Shelf,Book::Valley Hi-North Laguna Children's Area: CHILDREN BIOGRAPHY Joan of Arc 2007 - Checked Out"
https://catalog.saclibrary.org/GroupedWork/03367654-9a45-91c0-8543-a1c7963eec9e-eng,"Hick: the trailblazing journalist who captured Eleanor Roosevelt's heart","Miller, Sarah, 1979-",9780593649091,,"Random House Children's Books; Books on Tape; Random House Studio",2025,"New York",eAudiobook;Book;eBook,"Book::Arcade Teen Area: TEEN BIOGRAPHY Hickok, L. 2025 - On Shelf,Book::Central Teen Area - 3rd Floor: TEEN BIOGRAPHY Hickok, L. 2025 - On Shelf,Book::Colonial Heights: TEEN BIOGRAPHY Hickok, L. 2025 - On Shelf"
https://catalog.saclibrary.org/GroupedWork/e2a49e95-d51b-9152-b1ce-bb74c253a848-eng,"Michelle Obama","Machajewski, Sarah",9781508148319,,"PowerKids Press; The Rosen Publishing Group, Inc","2016 - 2017","New York",eBook;Book,"Book::North Natomas Children's Area: CHILDREN BIOGRAPHY Obama, M. 2017 - On Shelf,Book::Pocket-Greenhaven Kids' Place: CHILDREN BIOGRAPHY Obama, M. 2017 - On Shelf,Book::Sacramento Public Library Storage: CHILDREN BIOGRAPHY Obama, M. 2017 - On Shelf"
https://catalog.saclibrary.org/GroupedWork/fe0e46ab-a549-7f2c-859c-9a733f9ed0b3-eng,"Who was Alex Trebek?","Pollack, Pam",9780593383711,,"Books on Tape; Penguin Workshop",2022,"New York",eAudiobook;Book,"Book::Arcade Children's Area: CHILDREN BIOGRAPHY Trebek, A. 2022 - On Shelf,Book::Del Paso Heights Children's Area: CHILDREN BIOGRAPHY Trebek, A. 2022 - On Shelf,Book::Elk Grove Kids' Place: CHILDREN BIOGRAPHY Trebek, A. 2022 - On Shelf"
https://catalog.saclibrary.org/GroupedWork/8a0a8aa2-8e47-3c42-30da-d8c329377dc7-eng,"Rebel Girls animal allies: 25 tales of women working with wildlife","Aguilar, Sofia",9781953424426,,"Rebel Girls, Inc",2023,"[Santa Monica, California]",Book,"Book::Carmichael Children's Area: CHILDREN 333.95416 R289 2023 - On Shelf,Book::Central Kids Place - Lower Level: CHILDREN 333.95416 R289 2023 - On Shelf,Book::North Natomas Children's Area: CHILDREN 333.95416 R289 2023 - On Shelf"
https://catalog.saclibrary.org/GroupedWork/280528d6-2e29-0a9e-dc13-a33c03a95437-eng,"Farmer Eva's green garden life","Martin, Jacqueline Briggs",9780998047775,,"Readers to Eaters; Live Oak Media","2024 - 2025","San Francisco, California",eBook;Book;eAudiobook,"Book::Central Kids Place - Lower Level: CHILDREN BIOGRAPHY Sommaripa, E. 2024 - On Shelf,Book::Belle Cooledge Children's Area: CHILDREN BIOGRAPHY Sommaripa, E. 2024 - On Shelf,Book::McKinley Children's Area: CHILDREN BIOGRAPHY Sommaripa, E. 2024 - On Shelf"
https://catalog.saclibrary.org/GroupedWork/14f005cd-b195-a83a-6f20-18ee24122cce-eng,"Beacon of hope: the life of Barack Obama","Rappaport, Doreen",9780316397834,,"Hachette Audio; Little, Brown and Company",2025,"New York",eAudiobook;Book,"Book::Central Kids Place - Lower Level: CHILDREN BIOGRAPHY Obama, B. 2025 - On Shelf,Book::Elk Grove Kids' Place: CHILDREN BIOGRAPHY Obama, B. 2025 - On Shelf,Book::Orangevale: CHILDREN BIOGRAPHY Obama, B. 2025 - On Shelf"
https://catalog.saclibrary.org/GroupedWork/706c962c-c0fb-9a5c-8eff-e60bcf09847a-eng,"100% unofficial MrBeast: the unofficial guide to YouTube's biggest star","Wilson, Ben",9780063428201,,"HarperCollins Children's Books; HarperCollins",2024,"New York",eBook;Book,"Book::Carmichael Children's Area: CHILDREN 791.45 M939zw 2024 - On Shelf,Book::Central Kids Place - Lower Level: CHILDREN 791.45 M939zw 2024 - On Shelf,Book::Franklin Children's: CHILDREN 791.45 M939zw 2024 - On Shelf"
https://catalog.saclibrary.org/GroupedWork/d280c6e3-cc39-ab06-9796-2fadfb2dac19-eng,"The words of Harriet Tubman","Youssef, Jagger",9781642824629,,"PowerKids Press; The Rosen Publishing Group, Inc","2022 - 2023","Buffalo, NY",eBook;Book,"Book::Central Kids Place - Lower Level: CHILDREN BIOGRAPHY Tubman, H. 2023 - On Shelf,Book::Elk Grove Kids' Place: CHILDREN BIOGRAPHY Tubman, H. 2023 - On Shelf,Book::McClatchy Children's Area: CHILDREN BIOGRAPHY Tubman, H. 2023 - On Shelf"
https://catalog.saclibrary.org/GroupedWork/c267f28c-cd75-fd69-bc28-740d5d6929e9-eng,"Finding Rebecca: the forgotten life of Dr. Rebecca Lee Crumpler, America's first Black female doctor","King, Shani Mahiri",9781958394083,,"Tilbury House Publishers",2024,"Ann Arbor, MI",Book,"Book::Carmichael Children's Area: CHILDREN BIOGRAPHY Crumpler, R. 2024 - On Shelf,Book::Central Kids Place - Lower Level: CHILDREN BIOGRAPHY Crumpler, R. 2024 - On Shelf,Book::Franklin Children's: CHILDREN BIOGRAPHY Crumpler, R. 2024 - On Shelf"
https://catalog.saclibrary.org/GroupedWork/17fde950-b32f-0e7b-3af4-8376366e48e2-eng,"Lady of the lines: how Maria Reiche saved the Nazca Lines by sweeping the desert","MacColl, Michaela",9781662620096,,"Recorded Books, Inc.; Astra Publishing House; Astra Young Readers, an imprint of Astra Books for Young Readers",2025,"New York",eAudiobook;Book;eBook,"Book::Carmichael Children's Area: CHILDREN 985.27 M129 2025 - On Shelf,Book::Central Kids Place - Lower Level: CHILDREN 985.27 M129 2025 - On Shelf,Book::Colonial Heights Children's Area: CHILDREN 985.27 M129 2025 - On Shelf"
https://catalog.saclibrary.org/GroupedWork/d205bc92-0ebc-96f3-ea70-8570070b7651-eng,"This kid can fly: it's about ability (not disability)","Philip, Aaron",9780062403544,,"Balzer + Bray, an imprint of HarperCollinsPublishers; HarperCollins",2016,"New York, NY",eBook;Book,"Book::Franklin Children's: CHILDREN BIOGRAPHY Aaron, P. 2016 - On Shelf,Book::Isleton Children's Area: CHILDREN BIOGRAPHY Aaron, P. 2016 - On Shelf,Book::McKinley Children's Area: CHILDREN BIOGRAPHY Aaron, P. 2016 - On Shelf"
https://catalog.saclibrary.org/GroupedWork/c0c6b4f2-2aa2-d08d-e32e-ec878205347b-eng,"Jane Goodall: a champion of chimpanzees","Albee, Sarah",9780062432797,,"HarperCollins; Harper, an imprint of HarperCollinsPublishers",2020,"New York, NY","Easy Reader;eBook","Easy Reader::Del Paso Heights Children's Area: EASY READER 2 508.092 G646za 2020 - On Shelf,Easy Reader::South Natomas Children's Area: EASY READER 2 508.092 G646za 2020 - In Transit,Easy Reader::North Natomas Children's Area: EASY READER 2 508.092 G646za 2020 - On Shelf"
https://catalog.saclibrary.org/GroupedWork/133c5b7a-4a67-e315-2188-a1d916afc84c-eng,"Who was Jim Thorpe?","Buckley, James, Jr., 1963-",9780399542633,,"Books on Tape; Penguin Workshop",2023,"New York",eAudiobook;Book,"Book::Central Kids Place - Lower Level: CHILDREN BIOGRAPHY Thorpe, J. 2023 - On Shelf,Book::Belle Cooledge Children's Area: CHILDREN BIOGRAPHY Thorpe, J. 2023 - Checked Out,Book::Fair Oaks Children's Area: CHILDREN BIOGRAPHY Thorpe, J. 2023 - Checked Out"
https://catalog.saclibrary.org/GroupedWork/a8b1f09e-846e-23da-4630-a1cb4d87b58f-eng,"From a small seed: the story of Eliza Hamilton","Andros, Camille",9781250297426,,"Henry Holt and Co. (BYR); Henry Holt and Company",2019,"New York",eBook;Book,"Book::Carmichael Children's Area: CHILDREN BIOGRAPHY Hamilton, E. 2019 - On Shelf,Book::Central Kids Place - Lower Level: CHILDREN BIOGRAPHY Hamilton, E. 2019 - On Shelf,Book::Galt Children's Area: CHILDREN BIOGRAPHY Hamilton, E. 2019 - On Shelf"
https://catalog.saclibrary.org/GroupedWork/5af549c4-85de-bc6a-a3aa-90dea8ebc5f0-eng,"Who was Davy Crockett?","Herman, Gail, 1959-",9780448467047,,"Grosset & Dunlap, an Imprint of Penguin Group (USA) Inc; Penguin Young Readers Group",2013,"New York, New York, USA",eBook;Book,"Book::Central Kids Place - Lower Level: CHILDREN BIOGRAPHY Crockett, D. 2013 - On Shelf,Book::North Natomas Children's Area: CHILDREN BIOGRAPHY Crockett, D. 2013 - On Shelf,Book::Valley Hi-North Laguna Children's Area: CHILDREN BIOGRAPHY Crockett, D. 2013 - Checked Out"
https://catalog.saclibrary.org/GroupedWork/55b47c06-b3e6-a9f2-1ce1-a298c0a02a75-eng,"I got this: to gold and beyond","Hernandez, Laurie, 2000-",9780062677310,,"HarperCollins; Harper, an imprint of HarperCollinsPublishers",2017,"New York, NY",eAudiobook;eBook;Book,"Book::Del Paso Heights Children's Area: CHILDREN BIOGRAPHY Hernandez, L. 2017 - Checked Out,Book::Folsom Children's Area: CHILDREN BIOGRAPHY Hernandez, L. 2017 - On Shelf"
https://catalog.saclibrary.org/GroupedWork/a95efe2e-7329-7da3-d18c-261fb5b0a9af-eng,"Leland Melvin","Miller, J. P. (Janice P.)",9781731649294,,"Rourke Educational Media","2021 - 2022","[Vero Beach, FL]",eBook;Book,"Book::Carmichael Children's Area: CHILDREN BIOGRAPHY Melvin, L. 2022 - On Shelf,Book::Fair Oaks Children's Area: CHILDREN BIOGRAPHY Melvin, L. 2022 - On Shelf,Book::Franklin Children's: CHILDREN BIOGRAPHY Melvin, L. 2022 - On Shelf"
https://catalog.saclibrary.org/GroupedWork/dc708df2-19c2-92ec-8e8b-f33cb69ed844-eng,"A perfect fit: how Lena ""Lane"" Bryant changed the shape of fashion","Rockliff, Mara",9780358125433,,"Clarion Books, an imprint of HarperCollinsPublishers; HarperCollins",2022,"New York",eBook;Book,"Book::Elk Grove Kids' Place: CHILDREN BIOGRAPHY Bryant, L. 2022 - On Shelf,Book::Franklin Children's: CHILDREN BIOGRAPHY Bryant, L. 2022 - On Shelf,Book::North Natomas Children's Area: CHILDREN BIOGRAPHY Bryant, L. 2022 - On Shelf"
https://catalog.saclibrary.org/GroupedWork/10ae4a1b-410c-210b-de10-6791dd8f682b-eng,"Swan: the life and dance of Anna Pavlova","Snyder, Laurel",9781452118901,,"Chronicle Books LLC; Chronicle Books",2015,"San Francisco",eBook;Book,"Book::Colonial Heights Children's Area: CHILDREN BIOGRAPHY Pavlova, A. 2015 - On Shelf,Book::Elk Grove Kids' Place: CHILDREN BIOGRAPHY Pavlova, A. 2015 - On Shelf,Book::Franklin Children's: CHILDREN BIOGRAPHY Pavlova, A. 2015 - On Shelf"
https://catalog.saclibrary.org/GroupedWork/a63b3fd4-e77a-f61a-43e1-924f75b7cc48-eng,"Scribbles, sorrows, and russet leather boots: the life of Louisa May Alcott","Rosenberg, Liz",9780763694357,,"Dreamscape Media; Candlewick Press",2021,"Somerville, Massachusetts",eAudiobook;Book;eBook,"Book::Carmichael Children's Area: CHILDREN BIOGRAPHY Alcott, L. 2021 - On Shelf,Book::Central Kids Place - Lower Level: CHILDREN BIOGRAPHY Alcott, L. 2021 - On Shelf,Book::Colonial Heights Children's Area: CHILDREN BIOGRAPHY Alcott, L. 2021 - On Shelf"
https://catalog.saclibrary.org/GroupedWork/dd70b293-478e-acab-8a0d-aa5ff227a9dc-eng,"Searching beyond the stars: seven women in science take on space's biggest questions","Mortillaro, Nicole, 1972-",9781773216256,,"Annick Press",2022,Toronto,eBook;Book,"Book::Central Kids Place - Lower Level: CHILDREN 629.4 M888 2022 - On Shelf,Book::Courtland Children's Area: CHILDREN 629.4 M888 2022 - On Shelf,Book::Fair Oaks Children's Area: CHILDREN 629.4 M888 2022 - On Shelf"
https://catalog.saclibrary.org/GroupedWork/0b12763e-1f4d-6c99-18b6-492ad46a98ef-eng,"Stokes: the brief career of the NBA's first Black superstar","Chapman, Ty",9781728492490,,"Millbrook Press; Lerner Publishing Group",2024,Minneapolis,eBook;Book,"Book::Carmichael Children's Area: CHILDREN BIOGRAPHY Stokes, M. 2024 - On Shelf,Book::Central Kids Place - Lower Level: CHILDREN BIOGRAPHY Stokes, M. 2024 - On Shelf,Book::North Sacramento-Hagginwood Children's Area: CHILDREN BIOGRAPHY Stokes, M. 2024 - On Shelf"
https://catalog.saclibrary.org/GroupedWork/a943cd01-d07e-8842-c786-fdafb490e414-eng,"Laura Ingalls Wilder: a biography","Anderson, William, 1952-",9780060201142,,HarperCollins,1992,"New York, NY",Book,
https://catalog.saclibrary.org/GroupedWork/876c4f38-24d4-3671-b287-78ba22ff6b9c-eng,"Starflower: the making of a poet, Edna St. Vincent Millay","Farkas, J. M",9781951836511,,"Cameron Kids; Abrams; ABRAMS",2023,"Petaluma, California",eBook;Book,"Book::Franklin Children's: CHILDREN BIOGRAPHY Millay, E. 2023 - On Shelf,Book::McKinley Children's Area: CHILDREN BIOGRAPHY Millay, E. 2023 - On Shelf,Book::North Natomas Children's Area: CHILDREN BIOGRAPHY Millay, E. 2023 - On Shelf"
https://catalog.saclibrary.org/GroupedWork/38065aea-14a9-0852-8405-908fd42aff6c-eng,"Finding Gobi: a little dog with a very big heart","Leonard, Dion",9780718098575,,"W Publishing Group, an imprint of Thomas Nelson; Thomas Nelson; Brilliance Audio",2017,"[Grand Haven, Michigan]; Nashville, Tennessee","eAudiobook;Audiobook - CD;eBook;Book",
https://catalog.saclibrary.org/GroupedWork/918417d6-79ed-49d8-5738-8639b788197f-eng,"Virginia Apgar","DasGupta, Sayantani",9780593115787,,"Philomel Books, an imprint of Penguin Random House LLC",2021,"New York",Book,"Book::Central Kids Place - Lower Level: CHILDREN BIOGRAPHY Apgar, V. 2021 - On Shelf,Book::Del Paso Heights Children's Area: CHILDREN BIOGRAPHY Apgar, V. 2021 - On Shelf,Book::South Natomas Children's Area: CHILDREN BIOGRAPHY Apgar, V. 2021 - On Shelf"
https://catalog.saclibrary.org/GroupedWork/9f1648e6-fdd7-bc68-a7c1-6117e9998785-eng,"Mary Cassatt: extraordinary impressionist painter","Herkert, Barbara",9781627790161,,"Henry Holt and Co. (BYR); Henry Holt and Company",2015,"New York",eBook;Book,"Book::Central Kids Place - Lower Level: CHILDREN BIOGRAPHY Cassatt, M. 2015 - On Shelf,Book::Elk Grove Kids' Place: CHILDREN BIOGRAPHY Cassatt, M. 2015 - On Shelf,Book::McKinley Children's Area: CHILDREN BIOGRAPHY Cassatt, M. 2015 - On Shelf"
https://catalog.saclibrary.org/GroupedWork/b38c3b0e-b4e9-ffd2-f0a2-637b0c00596c-eng,"Geniuses who changed how we live","Buckley, James, Jr., 1963-",9781728275123,,"Sourcebooks eXplore",2026,"Naperville, IL",Book,"Book::Carmichael Children's Area: CHILDREN 609.22 B924 2026 - Checked Out,Book::Colonial Heights Children's Area: CHILDREN 609.22 B924 2026 - On Shelf,Book::Franklin Children's: CHILDREN 609.22 B924 2026 - On Shelf"
https://catalog.saclibrary.org/GroupedWork/57f494de-91a7-24c9-3983-6059dd51b94e-eng,"The great and the terrible: the world's most glorious and notorious rulers and how they got their names","O'Sullivan, Joanne",9780762496617,,"Running Press Kids",2020,"New York, NY",Book,"Book::Arcade Children's Area: CHILDREN 320.0922 O858 2020 - On Shelf,Book::Franklin Children's: CHILDREN 320.0922 O858 2020 - On Shelf,Book::North Natomas Children's Area: CHILDREN 320.0922 O858 2020 - On Shelf"
https://catalog.saclibrary.org/GroupedWork/67603a11-40b1-ac35-2632-be180cd8f6e6-eng,"Who is Caitlin Clark?","Borzilleri, Meri-Jo",9798217049172,,"Penguin Workshop; Books on Tape; Penguin Young Readers Group",2025,"New York, New York",eAudiobook;Book;eBook,"Book::Carmichael Children's Area: CHILDREN BIOGRAPHY Clark, C. 2025 - Checked Out,Book::Central Kids Place - Lower Level: CHILDREN BIOGRAPHY Clark, C. 2025 - On Shelf,Book::Elk Grove Kids' Place: CHILDREN BIOGRAPHY Clark, C. 2025 - Checked Out"
https://catalog.saclibrary.org/GroupedWork/9f895bb3-48bd-1e2e-0196-624f8d106cb7-eng,"Who was Marco Polo?","Holub, Joan",9780448445403,,"Grosset & Dunlap; Books on Tape; Penguin Young Readers Group","2007 - 2019","New York",eAudiobook;Book;eBook,"Book::Elk Grove Kids' Place: CHILDREN BIOGRAPHY Polo, M. 2007 - Checked Out,Book::McClatchy Children's Area: CHILDREN BIOGRAPHY Polo, M. 2007 - On Shelf,Book::McKinley Children's Area: CHILDREN BIOGRAPHY Polo, M. 2007 - On Shelf"
https://catalog.saclibrary.org/GroupedWork/8c6eeb4b-def0-9aa0-26c3-632268784a0f-eng,"Tweak: (growing up on methamphetamines)","Sheff, Nic",9781416913627,,"Atheneum Books for Young Readers; Blackstone Publishing; Atheneum","2007 - 2018","New York",eAudiobook;Book,"Book::Belle Cooledge Teen Area: TEEN 362.299 S542 2007 - On Shelf,Book::Fair Oaks Teen Area: TEEN 362.299 S542 2007 - On Hold Shelf"
https://catalog.saclibrary.org/GroupedWork/94a7fcdb-ee03-8552-d5b9-e97139ed7f21-eng,"Twice enslaved: Liberty and justice for Henrietta Wood","Castrovilla, Selene, 1966-",9781662680748,,"Recorded Books, Inc.; Astra Publishing House; Calkins Creek Books",2026,"New York",eAudiobook;Book;eBook,"Book::Arcade Children's Area: CHILDREN BIOGRAPHY Wood, H. 2026 - On Shelf,Book::Carmichael Children's Area: CHILDREN BIOGRAPHY Wood, H. 2026 - On Shelf,Book::Central Kids Place - Lower Level: CHILDREN BIOGRAPHY Wood, H. 2026 - On Shelf"
https://catalog.saclibrary.org/GroupedWork/1da9a386-77d1-1a1b-e67f-f1d17e77c876-eng,"Who is Elton John?","Anderson, Kirsten",9781484476512,,"Grosset & Dunlap, an imprint of Penguin Random House; Books on Tape; Penguin Young Readers Group","2016 - 2021","New York, New York",eAudiobook;Book;eBook,"Book::Rancho Children's Area: CHILDREN BIOGRAPHY John, E. 2016 - On Shelf"
https://catalog.saclibrary.org/GroupedWork/db93b9e5-1938-03ce-999b-368830f86c11-eng,"William McKinley: our 25th president","Amoroso, Cynthia",9781503844162,,"Child's World; The Child's World, Inc.","2020 - 2021","Mankato, Minn",eBook;Book,"Book::Carmichael Children's Area: CHILDREN BIOGRAPHY McKinley, W. 2021 - On Shelf,Book::Galt Children's Area: CHILDREN BIOGRAPHY McKinley, W. 2021 - On Shelf,Book::Southgate Children's Area: CHILDREN BIOGRAPHY McKinley, W. 2021 - On Shelf"
https://catalog.saclibrary.org/GroupedWork/c7820142-6d12-aee4-997f-a8ff4e8509c5-eng,"Deb Haaland","Goodluck, Laurel",9780593620700,,Philomel,2023,"New York",Book,"Book::Carmichael Children's Area: CHILDREN BIOGRAPHY Haaland, D. 2023 - On Shelf,Book::Central Kids Place - Lower Level: CHILDREN BIOGRAPHY Haaland, D. 2023 - Checked Out,Book::McClatchy Children's Area: CHILDREN BIOGRAPHY Haaland, D. 2023 - On Shelf"
https://catalog.saclibrary.org/GroupedWork/ef5def5e-ce1d-0874-181f-dec98f75165f-eng,"Who was Steve Jobs?","Pollack, Pam",9780448462110,,"Grosset & Dunlap; Books on Tape; Penguin Young Readers Group","2012 - 2016","New York",eAudiobook;eBook;Book,
https://catalog.saclibrary.org/GroupedWork/030b2a09-3dee-3fa4-47a9-353bf804182d-eng,"We can: portraits of power","Gordon, Tyler",9780374389666,,"Farrar Straus Giroux for Young Readers, an imprint of Macmillan Publishing Group; Farrar, Straus and Giroux (BYR)",2021,"New York, NY",eBook;Book,"Book::Carmichael Children's Area: CHILDREN 709.2 G665 2021 - On Shelf,Book::Franklin Children's: CHILDREN 709.2 G665 2021 - On Shelf,Book::North Natomas Children's Area: CHILDREN 709.2 G665 2021 - On Shelf"
https://catalog.saclibrary.org/GroupedWork/dba9d008-9de1-7c31-229f-8b89ee658f90-eng,"Dorothy Height","Lyons, Kelly Starling",9780593528976,,"Philomel; Books on Tape",2023,"New York",eAudiobook;Book,"Book::Carmichael Children's Area: CHILDREN BIOGRAPHY Height, D. 2023 - On Shelf,Book::Elk Grove Kids' Place: CHILDREN BIOGRAPHY Height, D. 2023 - Checked Out,Book::Franklin Children's: CHILDREN BIOGRAPHY Height, D. 2023 - On Shelf"
https://catalog.saclibrary.org/GroupedWork/c95556d6-e557-21c3-3381-8a8c7a333794-eng,"Lives of the pirates: swashbucklers, scoundrels (neighbors beware!)","Krull, Kathleen",9780152059088,,"Harcourt Children's Books; HarperCollins; Blackstone Publishing","2010 - 2017",Boston,eAudiobook;eBook;Book,
https://catalog.saclibrary.org/GroupedWork/61b57dae-0ecc-5f91-2e08-e964a2eb2464-eng,"Benjamin Harrison: our 23rd president","Francis, Sandra",9781503844155,,"Child's World; The Child's World, Inc.","2020 - 2021","Mankato, MN",eBook;Book,"Book::Arcade Children's Area: CHILDREN BIOGRAPHY Harrison, B. 2021 - On Shelf,Book::Carmichael Children's Area: CHILDREN BIOGRAPHY Harrison, B. 2021 - On Shelf,Book::Galt Children's Area: CHILDREN BIOGRAPHY Harrison, B. 2021 - On Shelf"
https://catalog.saclibrary.org/GroupedWork/63ab116c-a5e4-7546-af7f-0e0b4cd98ca8-eng,"More than Marmalade: Michael Bond and the story of Paddington Bear","Tolin, Rosanne",9781641603140,,"Chicago Review Press",2020,"Chicago, Illinois",eBook;Book,"Book::Arcade Children's Area: CHILDREN BIOGRAPHY Bond, M. 2020 - On Shelf,Book::Carmichael Children's Area: CHILDREN BIOGRAPHY Bond, M. 2020 - On Shelf,Book::North Natomas Children's Area: CHILDREN BIOGRAPHY Bond, M. 2020 - On Shelf"
https://catalog.saclibrary.org/GroupedWork/bbb79075-e563-4d70-827d-cc7a130dee3f-eng,"Nellie Bly: intrepid reporter","Leavitt, Amie Jane",9798890941466,,"Curious Fox Books",2025,[Berlin],Book,"Book::Arcade Children's Area: CHILDREN BIOGRAPHY Bly, N. 2025 - On Shelf,Book::Central Kids Place - Lower Level: CHILDREN BIOGRAPHY Bly, N. 2025 - On Shelf,Book::Elk Grove Kids' Place: CHILDREN BIOGRAPHY Bly, N. 2025 - On Shelf"
https://catalog.saclibrary.org/GroupedWork/823acf2f-4150-4124-4e6c-deb93cc4f20f-eng,"I am John Lewis","Meltzer, Brad",9780593405949,,"Rocky Pond Books; Penguin Young Readers Group",2023,"New York",eBook;Book,"Book::Central Kids Place - Lower Level: CHILDREN BIOGRAPHY Lewis, J. 2023 - On Shelf,Book::Galt Children's Area: CHILDREN BIOGRAPHY Lewis, J. 2023 - On Shelf,Book::Isleton Children's Area: CHILDREN BIOGRAPHY Lewis, J. 2023 - On Shelf"
https://catalog.saclibrary.org/GroupedWork/b114930a-f221-6813-1302-40295987ab22-eng,"Who was Nikola Tesla?","Gigliotti, Jim",9780448488592,,"Penguin Workshop, an imprint of Penguin Random House; Penguin Young Readers Group",2018,"New York, New York",eBook;Book,"Book::Central Kids Place - Lower Level: CHILDREN BIOGRAPHY Tesla, N. 2018 - Check Shelf,Book::Colonial Heights Children's Area: CHILDREN BIOGRAPHY Tesla, N. 2018 - On Shelf,Book::Courtland Children's Area: CHILDREN BIOGRAPHY Tesla, N. 2018 - On Shelf"
https://catalog.saclibrary.org/GroupedWork/2bd5bc62-c8ed-f383-289b-1af5e42beaf4-eng,"Star sailor: my life as a NASA astronaut","Bolden, Charles, 1946-",9781536216325,,"Candlewick Press",2024,"Somerville, Massachusetts",Book,"Book::Central Kids Place - Lower Level: CHILDREN BIOGRAPHY Bolden, C. 2024 - On Shelf,Book::Franklin Children's: CHILDREN BIOGRAPHY Bolden, C. 2024 - On Shelf,Book::McKinley Children's Area: CHILDREN BIOGRAPHY Bolden, C. 2024 - On Shelf"
https://catalog.saclibrary.org/GroupedWork/34de9c39-1b10-bd36-111f-be786c629fad-eng,"Who was Gandhi?","Rau, Dana Meachen, 1971-",9780448482354,,"Grosset & Dunlap, an imprint of Penguin Group (USA) LLC; Books on Tape; Penguin Young Readers Group","2014 - 2018","New York",eAudiobook;eBook;Book,"Book::Carmichael Children's Area: CHILDREN BIOGRAPHY Gandhi, M. 2014 - Checked Out,Book::Elk Grove Kids' Place: CHILDREN BIOGRAPHY Gandhi, M. 2014 - On Shelf,Book::Galt Children's Area: CHILDREN BIOGRAPHY Gandhi, M. 2014 - On Shelf"
https://catalog.saclibrary.org/GroupedWork/e756e017-1edd-7cd4-0f79-2c374e0b732a-eng,"Tiger Slayer: the extraordinary story of Nur Jahan, Empress of India","Lal, Ruby",9781324030331,,"Recorded Books, Inc.; Norton Young Readers; Norton Children's Books",2025,"New York, NY",eAudiobook;Book;eBook,"Book::Arcade Children's Area: CHILDREN 954.0257 L193 2025 - On Shelf,Book::Belle Cooledge Children's Area: CHILDREN 954.0257 L193 2025 - On Shelf,Book::Courtland Children's Area: CHILDREN 954.0257 L193 2025 - On Shelf"
https://catalog.saclibrary.org/GroupedWork/568b6192-eed9-8ca2-0762-bb7f64f94f23-eng,"Who was Edgar Allan Poe?","Gigliotti, Jim",9781484461785,,"Grosset & Dunlap, an imprint of Penguin Random House; Penguin Young Readers Group",2015,"New York",eBook;Book,"Book::Colonial Heights Children's Area: CHILDREN BIOGRAPHY Poe, E. 2015 - On Shelf,Book::Fair Oaks Children's Area: CHILDREN BIOGRAPHY Poe, E. 2015 - Checked Out,Book::North Natomas Children's Area: CHILDREN BIOGRAPHY Poe, E. 2015 - On Shelf"
https://catalog.saclibrary.org/GroupedWork/4326219e-bd23-3c41-e6d5-a9624e1ce9e2-eng,"The Lobster Lady","Hinrichs, Alexandra S. D., 1984-",9781623543938,,"Charlesbdridge; Charlesbridge",2023,"Watertown, MA",eBook;Book,"Book::Central Kids Place - Lower Level: CHILDREN BIOGRAPHY Oliver, V. 2023 - On Shelf,Book::Colonial Heights Children's Area: CHILDREN BIOGRAPHY Oliver, V. 2023 - On Shelf,Book::Franklin Children's: CHILDREN BIOGRAPHY Oliver, V. 2023 - On Shelf"
https://catalog.saclibrary.org/GroupedWork/c6628023-efe8-7fa0-4bd2-b931f67c42b1-eng,"Abby Wambach","Fishman, Jon M",9781467721820,,"Lerner Publishing Group|Lerner Publishing Group; Lerner Publishing Group; Lerner Publications Company","2014 - 2019",Minneapolis,eBook;Book,"Book::Carmichael Children's Area: CHILDREN BIOGRAPHY Wambach, A. 2014 - On Shelf,Book::Galt Children's Area: CHILDREN BIOGRAPHY Wambach, A. 2014 - On Shelf"
https://catalog.saclibrary.org/GroupedWork/aee7659a-55fc-2c01-e97b-a16cc00c958b-eng,"Sandor Katz and the tiny wild","Martin, Jacqueline Briggs",9780998047713,,"Readers to Eaters; Live Oak Media","2022 - 2023","San Francisco, CA",eAudiobook;eBook;Book,"Book::Arcade Children's Area: CHILDREN BIOGRAPHY Katz, S. 2022 - On Shelf,Book::Franklin Children's: CHILDREN BIOGRAPHY Katz, S. 2022 - On Shelf,Book::Rancho Children's Area: CHILDREN BIOGRAPHY Katz, S. 2022 - On Shelf"
https://catalog.saclibrary.org/GroupedWork/8730b434-63be-6899-a895-cfb5e8018786-eng,"Ronald Reagan","Britton, Tamara L., 1963-",9781604534719,,"ABDO; ABDO Pub. Co; ABDO Publishing Company","2009 - 2024","Edina, Minn",eBook;Book,"Book::Belle Cooledge Children's Area: CHILDREN BIOGRAPHY Reagan, R. 2009 - On Shelf"
https://catalog.saclibrary.org/GroupedWork/19db6684-f23f-6ae3-1b92-947351543eae-eng,"Who was Walt Whitman?","Anderson, Kirsten",9780399543999,,"Penguin Workshop; Penguin Young Readers Group",2021,"New York",eBook;Book,"Book::Colonial Heights Children's Area: CHILDREN BIOGRAPHY Whitman, W. 2021 - On Shelf,Book::Fair Oaks Children's Area: CHILDREN BIOGRAPHY Whitman, W. 2021 - Checked Out,Book::Franklin Children's: CHILDREN BIOGRAPHY Whitman, W. 2021 - On Shelf"
https://catalog.saclibrary.org/GroupedWork/054563c8-b2b4-0c97-575c-913fcc1f6889-eng,"The snow man: a true story","Winter, Jonah, 1962-",9781665932394,,"Beach Lane Books",2023,"New York",eBook;Book,"Book::Elk Grove Kids' Place: CHILDREN BIOGRAPHY Barr, B. 2023 - On Shelf,Book::Galt Children's Area: CHILDREN BIOGRAPHY Barr, B. 2023 - On Shelf,Book::Southgate Children's Area: CHILDREN BIOGRAPHY Barr, B. 2023 - On Shelf"
https://catalog.saclibrary.org/GroupedWork/08e2a804-9167-4b6b-95e1-85c0933bde04-eng,"From here: a memoir","Mufleh, Luma",9780593354452,,"Nancy Paulsen Books; Books on Tape; Penguin Young Readers Group",2023,"New York",eAudiobook;Book;eBook,"Book::Arcade Teen Area: TEEN BIOGRAPHY Mufleh, L. 2023 - On Shelf,Book::Central Teen Area - 3rd Floor: TEEN BIOGRAPHY Mufleh, L. 2023 - On Shelf,Book::Elk Grove Teen Area: TEEN BIOGRAPHY Mufleh, L. 2023 - On Shelf"
https://catalog.saclibrary.org/GroupedWork/4350228e-aa60-ddf4-28bd-5f671c9bf710-eng,"The book of awesome Black women: sheroes, boundary breakers, and females who changed the world","Fièvre, M. J. (Michèle-Jessica)",9781642509298,,"Mango Publishing Group",2022,"Coral Gables, FL",Book,"Book::Carmichael Children's Area: CHILDREN 305.42 A545 2022 - On Shelf,Book::Central Kids Place - Lower Level: CHILDREN 305.42 A545 2022 - On Shelf,Book::Belle Cooledge Children's Area: CHILDREN 305.42 A545 2022 - On Shelf"
https://catalog.saclibrary.org/GroupedWork/f716e75b-97b3-70a8-6ed6-d96be91705a3-eng,"A story is to share: how Ruth Krauss found another way to tell a tale","Higgins, Carter",9781419749933,,"Abrams; ABRAMS; Abrams Books for Young Readers",2022,"New York",eBook;Book,"Book::Carmichael Children's Area: CHILDREN BIOGRAPHY Krauss, R. 2022 - On Shelf,Book::Courtland Children's Area: CHILDREN BIOGRAPHY Krauss, R. 2022 - On Shelf,Book::North Natomas Children's Area: CHILDREN BIOGRAPHY Krauss, R. 2022 - On Shelf"
https://catalog.saclibrary.org/GroupedWork/08b353b1-cf32-e2c8-b470-b450b32171cd-eng,"Isaac the alchemist: secrets of Isaac Newton, reveal'd","Losure, Mary",9780763670634,,"Candlewick Press",2017,"Somerville, Massachusetts",eBook;Book,"Book::Central Kids Place - Lower Level: CHILDREN BIOGRAPHY Newton, I. 2017 - On Shelf,Book::Folsom Children's Area: CHILDREN BIOGRAPHY Newton, I. 2017 - On Shelf,Book::Sacramento Public Library Storage: CHILDREN BIOGRAPHY Newton, I. 2017 - On Shelf"
https://catalog.saclibrary.org/GroupedWork/ab037128-9bec-6cb7-874c-244894812453-eng,"Shining bright, shining black","Wilson, Jamia, 1980-",9780711297166,,"Wide Eyed Editions",2024,"Beverly, MA, USA",Book,"Book::Central Kids Place - Lower Level: CHILDREN 305.896 W749 2024 - On Shelf,Book::North Natomas Children's Area: CHILDREN 305.896 W749 2024 - On Shelf,Book::Rancho Children's Area: CHILDREN 305.896 W749 2024 - On Shelf"
https://catalog.saclibrary.org/GroupedWork/b4ac4aef-9641-6ca8-e2e2-757d1100498b-eng,"Who was Leonardo da Vinci?","Edwards, Roberta",9781435254916,,"Grosset & Dunlap; Books on Tape; Penguin Young Readers Group","2005 - 2019","New York",eAudiobook;eBook;Book,"Book::Elk Grove Kids' Place: CHILDREN BIOGRAPHY Leonardo 2005 - Checked Out,Book::McClatchy Children's Area: CHILDREN BIOGRAPHY Leonardo 2005 - Checked Out,Book::Sylvan Oaks Children's Area: CHILDREN BIOGRAPHY Leonardo 2005 - On Shelf"
https://catalog.saclibrary.org/GroupedWork/7a065b24-d584-2611-3e9f-10b3a07ce129-eng,"What's the point of science?","Aves, Edward",9780744035759,,DK,2021,"New York, NY",Book,"Book::Arcade Children's Area: CHILDREN 500 W5553 2021 - On Shelf,Book::Carmichael Children's Area: CHILDREN 500 W5553 2021 - On Shelf,Book::Central Kids Place - Lower Level: CHILDREN 500 W5553 2021 - On Shelf"
https://catalog.saclibrary.org/GroupedWork/852fc582-5268-eb0c-843f-fd4f736e1bd8-eng,"Sole survivor","Ollestad, Norman",9780374392611,,"Farrar Straus Giroux Books for Young Readers; Farrar, Straus and Giroux (BYR)",2025,"New York, NY",eBook;Book,"Book::Arcade Children's Area: CHILDREN 979.4053 O49 2025 - On Shelf,Book::Carmichael Children's Area: CHILDREN 979.4053 O49 2025 - On Shelf,Book::Central Kids Place - Lower Level: CHILDREN 979.4053 O49 2025 - On Shelf"
https://catalog.saclibrary.org/GroupedWork/c8a68647-12e3-6114-27d2-8742fd27bf0c-eng,"Kamala Harris","Mirchandani, Raakhee",9798217039586,,Philomel,2025,"New York, New York",Book,"Book::Arcade Children's Area: CHILDREN BIOGRAPHY Harris, K. 2025 - On Shelf,Book::Carmichael Children's Area: CHILDREN BIOGRAPHY Harris, K. 2025 - On Shelf,Book::Central Kids Place - Lower Level: CHILDREN BIOGRAPHY Harris, K. 2025 - On Shelf"
https://catalog.saclibrary.org/GroupedWork/35a3522e-c45a-d4cb-f7f4-32b040f1c743-eng,"Sing, don't cry","Dominguez, Angela",9781250183767,,"Henry Holt and Co. (BYR); Henry Holt and Company",2017,"New York","Picture Book;eBook","Picture Book::Carmichael Children's Area: PICTURE BOOK Dominguez, A. - On Shelf,Picture Book::Central Kids Place - Lower Level: PICTURE BOOK Dominguez, A. - On Shelf,Picture Book::Franklin Children's: PICTURE BOOK Dominguez, A. - On Shelf"
https://catalog.saclibrary.org/GroupedWork/74b5e6ee-9a70-92ea-88b2-2369487b6bcf-eng,"Dear Vincent","Bird, Michael, 1958-",9780500653388,,"Thames & Hudson",2024,London,Book,"Book::Arcade Children's Area: CHILDREN BIOGRAPHY Gogh, V. 2024 - On Shelf,Book::Central Kids Place - Lower Level: CHILDREN BIOGRAPHY Gogh, V. 2024 - Checked Out,Book::Belle Cooledge Children's Area: CHILDREN BIOGRAPHY Gogh, V. 2024 - On Shelf"
https://catalog.saclibrary.org/GroupedWork/6774cf50-d15a-8dc3-5dd8-c90e0e86fdfc-eng,"Beyond possible: one man, 14 peaks, and the mountaineering achievement of a lifetime","Purja, Nimsdai",9781426222535,,"National Geographic",2022,"Washington, D.C",Book,"Book::Carmichael Children's Area: CHILDREN BIOGRAPHY Purja, N. 2022 - On Shelf,Book::Central Kids Place - Lower Level: CHILDREN BIOGRAPHY Purja, N. 2022 - On Shelf,Book::South Natomas Children's Area: CHILDREN BIOGRAPHY Purja, N. 2022 - On Shelf"
https://catalog.saclibrary.org/GroupedWork/f3d244d0-695a-92a3-599f-9843b6515335-eng,"Katie Ledecky: swimming legend","Van Cleave, Ryan G., 1972-",9781669076513,,"Capstone Press; Capstone",2024,"North Mankato, MN",eBook;Book,"Book::Central Kids Place - Lower Level: CHILDREN BIOGRAPHY Ledecky, K. 2024 - On Shelf,Book::Fair Oaks Children's Area: CHILDREN BIOGRAPHY Ledecky, K. 2024 - On Shelf,Book::Franklin Children's: CHILDREN BIOGRAPHY Ledecky, K. 2024 - On Shelf"
https://catalog.saclibrary.org/GroupedWork/779293d3-4581-6ebe-f2aa-45ca77b9f714-eng,"The world's greatest football players","Doeden, Matt",9781429648714,,"Capstone Press",2010,"Mankato, Minn",Book,"Book::Franklin Children's: CHILDREN 796.332 D649 2010 - On Shelf,Book::Isleton Children's Area: CHILDREN 796.332 D649 2010 - On Shelf,Book::Sylvan Oaks Children's Area: CHILDREN 796.332 D649 2010 - On Shelf"
https://catalog.saclibrary.org/GroupedWork/f7bf8d31-1e1a-6859-925e-a5a5479fdb73-eng,"Sonia Sotomayor","Medina, Meg",9780593116012,,Philomel,2021,"New York",Book,"Book::Central Kids Place - Lower Level: CHILDREN BIOGRAPHY Sotomayor, S. 2021 - On Shelf,Book::Fair Oaks Children's Area: CHILDREN BIOGRAPHY Sotomayor, S. 2021 - On Shelf,Book::Franklin Children's: CHILDREN BIOGRAPHY Sotomayor, S. 2021 - Checked Out"
https://catalog.saclibrary.org/GroupedWork/2c5fadee-0ff2-5941-2c30-21468e3204bc-eng,"Who was Ernest Hemingway?","Gigliotti, Jim",9780399544132,,"Books on Tape; Penguin Workshop",2022,"New York",eAudiobook;Book,"Book::Colonial Heights Children's Area: CHILDREN BIOGRAPHY Hemingway, E. 2022 - On Shelf,Book::Courtland Children's Area: CHILDREN BIOGRAPHY Hemingway, E. 2022 - On Shelf,Book::Elk Grove Kids' Place: CHILDREN BIOGRAPHY Hemingway, E. 2022 - Checked Out"
https://catalog.saclibrary.org/GroupedWork/e7a28d0b-5002-405e-759c-d474325afee0-eng,"Andy Warhol","Sánchez Vegara, Ma Isabel (María Isabel)",9780711257955,,"Frances Lincoln Childrens Books",2021,London,Book,"Book::Carmichael Children's Area: CHILDREN BIOGRAPHY Warhol, A. 2021 - On Shelf,Book::Franklin Children's: CHILDREN BIOGRAPHY Warhol, A. 2021 - On Shelf,Book::North Natomas Children's Area: CHILDREN BIOGRAPHY Warhol, A. 2021 - On Shelf"
https://catalog.saclibrary.org/GroupedWork/16612b29-801e-08c6-cb40-3a6d919e2730-eng,"Hidden child","Millman, Isaac",9780374330712,,"Farrar, Straus and Giroux (BYR); Farrar, Straus and Giroux","2005 - 2016","New York",eBook;Book,"Book::Carmichael Children's Area: CHILDREN 940.5318 M656 2005 - On Shelf,Book::Franklin Children's: CHILDREN 940.5318 M656 2005 - On Shelf,Book::North Natomas Children's Area: CHILDREN 940.5318 M656 2005 - On Shelf"
https://catalog.saclibrary.org/GroupedWork/d6b65711-9714-116f-41f5-1a2cdd29f83d-eng,"Rise of the black quarterback: what it means for America","Reid, Jason (Author on the National Football League)",9781368076623,,"Disney Book Group; Andscape",2022,"Los Angeles",eBook;Book,"Book::Carmichael: 796.332 R356 2022 - On Shelf,Book::Central: 796.332 R356 2022 - On Shelf,Book::Rancho Cordova: 796.332 R356 2022 - On Shelf"
https://catalog.saclibrary.org/GroupedWork/72bc90ef-9f9e-a2ef-004c-d854bd129229-eng,"Alex Morgan","Fishman, Jon M",9781467796217,,"Lerner Publishing Group; Lerner Publications",2016,Minneapolis,eBook;Book,"Book::Belle Cooledge Children's Area: CHILDREN BIOGRAPHY Morgan, A. 2016 - On Shelf,Book::Franklin Children's: CHILDREN BIOGRAPHY Morgan, A. 2016 - On Shelf,Book::North Natomas Children's Area: CHILDREN BIOGRAPHY Morgan, A. 2016 - On Shelf"
https://catalog.saclibrary.org/GroupedWork/02daf0e4-2a1a-4293-7a8d-ab40d9c1498c-eng,"Stephen Hawking: look to the stars","Susienka, Kristen",9781725311244,,"PowerKids Press; The Rosen Publishing Group, Inc","2020 - 2021","New York",eBook;Book,"Book::Belle Cooledge Children's Area: CHILDREN BIOGRAPHY Hawking, S. 2021 - On Shelf,Book::Del Paso Heights Children's Area: CHILDREN BIOGRAPHY Hawking, S. 2021 - On Shelf,Book::Elk Grove Kids' Place: CHILDREN BIOGRAPHY Hawking, S. 2021 - On Shelf"
https://catalog.saclibrary.org/GroupedWork/7f8e3f28-0bbe-675a-d62f-05632b506bbc-eng,"I can be brainy: clever scientists who changed the world","Vallepur, Shalini",9781978519619,,"Enslow Publishing, LLC; Enslow Publishing","2020 - 2021","New York, NY",eBook;Book,"Book::Carmichael Children's Area: CHILDREN 509.22 V183 2021 - On Shelf,Book::Fair Oaks Children's Area: CHILDREN 509.22 V183 2021 - On Shelf,Book::Galt Children's Area: CHILDREN 509.22 V183 2021 - On Shelf"
https://catalog.saclibrary.org/GroupedWork/c6ca4e36-10f9-6f84-323d-4adf74948fe0-eng,"Dissenter on the bench: Ruth Bader Ginsburg's life & work","Ortiz, Victoria",9780544973640,,"Clarion Books, Houghton Mifflin Harcourt; Clarion Books; HarperCollins; Dreamscape Media",2019,Boston,eAudiobook;eBook;Book,"Book::Central Kids Place - Lower Level: CHILDREN BIOGRAPHY Ginsburg, R. 2019 - On Shelf,Book::Colonial Heights Children's Area: CHILDREN BIOGRAPHY Ginsburg, R. 2019 - On Shelf,Book::Belle Cooledge Children's Area: CHILDREN BIOGRAPHY Ginsburg, R. 2019 - On Shelf"
https://catalog.saclibrary.org/GroupedWork/02c31bd9-a6cb-9264-3c45-3a49b16dddfd-eng,"I am Princess Diana","Meltzer, Brad",9780593533512,,"Rocky Pond Books; Books on Tape; Penguin Young Readers Group",2026,"New York",eAudiobook;Book;eBook,"Book::Arcade Children's Area: CHILDREN BIOGRAPHY Diana 2026 - On Shelf,Book::Central Kids Place - Lower Level: CHILDREN BIOGRAPHY Diana 2026 - On Shelf,Book::Central Kids Place - Lower Level: ON ORDER - On Order"
https://catalog.saclibrary.org/GroupedWork/7963a722-053e-8529-bb21-444c222a974f-eng,"Marie's ocean: Marie Tharp maps the mountains under the sea","James, Josie, 1965-",9781250214737,,"Henry Holt & Company",2020,"New York",Book,"Book::Fair Oaks Children's Area: CHILDREN BIOGRAPHY Tharp, M. 2020 - On Shelf,Book::McKinley Children's Area: CHILDREN BIOGRAPHY Tharp, M. 2020 - On Shelf,Book::North Natomas Children's Area: CHILDREN BIOGRAPHY Tharp, M. 2020 - On Shelf"
https://catalog.saclibrary.org/GroupedWork/8d60c2f9-17ac-a032-b35c-caca330e9d4c-eng,"Mama Africa!: how Miriam Makeba spread hope with her song","Erskine, Kathryn",9780374303013,,"Farrar, Straus and Giroux (BYR); Farrar Straus Giroux",2017,"New York",eBook;Book,"Book::Carmichael Children's Area: CHILDREN BIOGRAPHY Makeba, M. 2017 - On Shelf,Book::Colonial Heights Children's Area: CHILDREN BIOGRAPHY Makeba, M. 2017 - On Shelf,Book::Elk Grove Kids' Place: CHILDREN BIOGRAPHY Makeba, M. 2017 - On Shelf"
https://catalog.saclibrary.org/GroupedWork/2350e096-b117-62a2-4d8c-cb4f14403fe6-eng,"Fidel Castro: Cuban revolutionary leader","Wheeler, Jill C., 1964-",9781532111808,,"ABDO; Core Library, an imprint of Abdo Publishing","2017 - 2018","Minneapolis, Minnesota",eBook;Book,"Book::Arcade Children's Area: CHILDREN BIOGRAPHY Castro, F. 2018 - On Shelf,Book::Belle Cooledge Children's Area: CHILDREN BIOGRAPHY Castro, F. 2018 - On Shelf,Book::Courtland Children's Area: CHILDREN BIOGRAPHY Castro, F. 2018 - On Shelf"
https://catalog.saclibrary.org/GroupedWork/1f9992b0-a056-46dd-5f8d-9de7fb45c80c-eng,"Latinitas: celebrating big dreamers in history!","Menéndez, Juliet",9781250234629,,GodwinBooks,2021,"New York",Book,"Book::Carmichael Children's Area: CHILDREN 920.72 M547 2021 - On Shelf,Book::Del Paso Heights Children's Area: CHILDREN 920.72 M547 2021 - On Shelf,Book::Franklin Children's: CHILDREN 920.72 M547 2021 - On Shelf"
https://catalog.saclibrary.org/GroupedWork/f946d6ac-1987-8a76-68d9-43f57e288b30-eng,"James Buchanan: our 15th president","Souter, Gerry",9781503844070,,"Child's World; The Child's World, Inc.","2020 - 2021","Mankato, MN",eBook;Book,"Book::Arcade Children's Area: CHILDREN BIOGRAPHY Buchanan, J. 2021 - On Shelf,Book::Colonial Heights Children's Area: CHILDREN BIOGRAPHY Buchanan, J. 2021 - On Shelf,Book::North Natomas Children's Area: CHILDREN BIOGRAPHY Buchanan, J. 2021 - On Shelf"
https://catalog.saclibrary.org/GroupedWork/03200c5b-a74e-6d97-dfd3-4afc8b48e88b-eng,"Philip Vera Cruz","Su, Karen",9781731656315,,"Rourke Educational Media",2023,"[Vero Beach, Florida]",eBook;Book,"Book::Carmichael Children's Area: CHILDREN BIOGRAPHY Vera Cruz, P. 2023 - On Shelf,Book::Fair Oaks Children's Area: CHILDREN BIOGRAPHY Vera Cruz, P. 2023 - On Shelf,Book::North Natomas Children's Area: CHILDREN BIOGRAPHY Vera Cruz, P. 2023 - On Shelf"
https://catalog.saclibrary.org/GroupedWork/9f4f6387-58c4-fd87-5b77-e192e85ca87a-eng,"William Henry Harrison: our 9th president","Gaines, Ann",9781503844018,,"Child's World","2002 - 2021","Chanhassen, Minnesota; Mankato, MN",Book,"Book::Carmichael Children's Area: CHILDREN BIOGRAPHY Harrison, W. 2021 - On Shelf,Book::Fair Oaks Children's Area: CHILDREN BIOGRAPHY Harrison, W. 2021 - On Shelf,Book::Franklin Children's: CHILDREN BIOGRAPHY Harrison, W. 2021 - On Shelf"
https://catalog.saclibrary.org/GroupedWork/3189a376-da17-bc09-b521-b23f0f1d6620-eng,"Quake chasers: 15 women rocking earthquake science","Polydoros, Lori, 1968-",9781641606462,,"Chicago Review Press; Houghton Mifflin Harcourt Publishing Company",2022,"Chicago, Illinois",eBook;Book,"Book::Central Teen Area - 3rd Floor: TEEN 305.435 P782 2022 - On Shelf,Book::Fair Oaks Teen Area: TEEN 305.435 P782 2022 - On Shelf,Book::Rio Linda Teen Area: TEEN 305.435 P782 2022 - On Shelf"
https://catalog.saclibrary.org/GroupedWork/f068bc94-f444-47f1-9e2a-cf2b19f4a23c-eng,"Little Melba and her big trombone","Russell-Brown, Katheryn, 1961-",9781600608988,,"Lee & Low Books; Lee & Low Books, Inc","2014 - 2021","New York",eBook;Book,"Book::Colonial Heights Children's Area: CHILDREN BIOGRAPHY Liston, M. 2014 - In Transit,Book::Del Paso Heights Children's Area: CHILDREN BIOGRAPHY Liston, M. 2014 - On Shelf,Book::Elk Grove Kids' Place: CHILDREN BIOGRAPHY Liston, M. 2014 - On Shelf"
https://catalog.saclibrary.org/GroupedWork/95e1392b-ba6f-de49-7094-fa77f5ab3cca-eng,"Fidel Castro: an unauthorized biography","Press, Petra",9781575724973,,"Heinemann Library",2000,"Chicago, Ill",Book,
https://catalog.saclibrary.org/GroupedWork/bb83d4f1-3234-7291-a487-64df985fc49b-eng,"Andrew Johnson: our 17th president","Harper, Judith E., 1953-",9781503844094,,"Child's World; The Child's World, Inc.","2020 - 2021","Mankato, Minn",eBook;Book,"Book::Belle Cooledge Children's Area: CHILDREN BIOGRAPHY Johnson, A. 2021 - On Shelf,Book::South Natomas Children's Area: CHILDREN BIOGRAPHY Johnson, A. 2021 - On Shelf,Book::Pocket-Greenhaven Kids' Place: CHILDREN BIOGRAPHY Johnson, A. 2021 - On Shelf"
https://catalog.saclibrary.org/GroupedWork/7d18ee70-ccb6-b83b-df4a-c6b8fd392dd2-eng,"Who was Charles Dickens?","Pollack, Pam",9780448479675,,"Grosset & Dunlap/Penguin Group (USA) LLC; Penguin Young Readers Group",2014,"New York",eBook;Book,"Book::Carmichael Children's Area: CHILDREN BIOGRAPHY Dickens, C. 2014 - On Shelf,Book::Sutter County Main Branch Children's Area: CHILDREN BIOGRAPHY DARWIN - On Shelf,Book::Sutter County Main Branch Children's Area: CHILDREN BIOGRAPHY DICKENS - Checked Out"
https://catalog.saclibrary.org/GroupedWork/d4f85340-c03f-ee23-72a0-3e37f49d53a2-eng,"Fall down seven times, stand up eight: Patsy Takemoto Mink and the fight for Title IX","Bryant, Jen, 1960-",9780062957221,,"Quill Tree Books, an imprint of HarperCollinsPublishers",2022,"New York, NY",Book,"Book::Arcade Children's Area: CHILDREN BIOGRAPHY Mink, P. 2022 - On Shelf,Book::Franklin Children's: CHILDREN BIOGRAPHY Mink, P. 2022 - On Shelf,Book::North Natomas Children's Area: CHILDREN BIOGRAPHY Mink, P. 2022 - On Shelf"
https://catalog.saclibrary.org/GroupedWork/ff4be2d2-e4cc-3891-1975-1bd0be488581-eng,"Louise Bourgeois: she saw the world as a textured tapestry","Guglielmo, Amy",9780744054699,,"DK Publishing",2022,"New York, NY",Book,"Book::Central Kids Place - Lower Level: CHILDREN BIOGRAPHY Bourgeois, L. 2022 - On Shelf,Book::Franklin Children's: CHILDREN BIOGRAPHY Bourgeois, L. 2022 - On Shelf,Book::Isleton Children's Area: CHILDREN BIOGRAPHY Bourgeois, L. 2022 - On Shelf"
https://catalog.saclibrary.org/GroupedWork/e52b1d6d-3cba-3f36-dc1c-fbf90569518f-eng,"Influential women in the engineering","Kaiser, Emma, 1996-",9781503889583,,"The Child's World",2025,"[Parker, Colorado]",Book,"Book::Carmichael Children's Area: CHILDREN 620.0082 K134 2025 - On Shelf,Book::Central Kids Place - Lower Level: CHILDREN 620.0082 K134 2025 - On Shelf,Book::Orangevale: CHILDREN 620.0082 K134 2025 - On Shelf"
https://catalog.saclibrary.org/GroupedWork/fc475abe-edb3-a59c-0c62-e95f83ae09bf-eng,"Salvador Dalí","Sánchez Vegara, Ma Isabel (María Isabel)",9781836000204,,"Frances Lincoln Children's Books",2024,"Beverly, MA",Book,"Book::Arcade Children's Area: CHILDREN BIOGRAPHY Dali, S. 2024 - On Shelf,Book::Central Kids Place - Lower Level: CHILDREN BIOGRAPHY Dali, S. 2024 - On Shelf,Book::Colonial Heights Children's Area: CHILDREN BIOGRAPHY Dali, S. 2024 - On Shelf"
https://catalog.saclibrary.org/GroupedWork/8c037597-3e24-73fa-aa7e-5c6c27238ad2-eng,"Calvin Coolidge: our 30th president","Maupin, Melissa, 1958-",9781503844216,,"Child's World; The Child's World, Inc.","2020 - 2021","Mankato, MN",eBook;Book,"Book::Central Kids Place - Lower Level: CHILDREN BIOGRAPHY Coolidge, C. 2021 - On Shelf,Book::Galt Children's Area: CHILDREN BIOGRAPHY Coolidge, C. 2021 - On Shelf,Book::North Natomas Children's Area: CHILDREN BIOGRAPHY Coolidge, C. 2021 - On Shelf"
https://catalog.saclibrary.org/GroupedWork/68a301e0-099e-8d45-aa73-bca81becada8-eng,"George Washington: our 1st president","Gaines, Ann",9781503843936,,"Child's World; The Child's World","2002 - 2021","Mankato, MN; Chanhassen, MN",Book,"Book::Carmichael Children's Area: CHILDREN BIOGRAPHY Washington, G. 2021 - Checked Out,Book::Central Kids Place - Lower Level: CHILDREN BIOGRAPHY Washington, G. 2021 - On Shelf,Book::Franklin Children's: CHILDREN BIOGRAPHY Washington, G. 2021 - On Shelf"
https://catalog.saclibrary.org/GroupedWork/3658d7e2-508f-a3fb-c697-7c2e6dd843c4-eng,"Mikaela Shiffrin","Sánchez Vegara, Ma Isabel (María Isabel)",9781805701545,,"Frances Lincoln Children's Books",2026,London,Book,"Book::Central Kids Place - Lower Level: CHILDREN BIOGRAPHY Shiffrin, M. 2026 - On Shelf,Book::Central Kids Place - Lower Level: ON ORDER - On Order,Book::Colonial Heights Children's Area: CHILDREN BIOGRAPHY Shiffrin, M. 2026 - On Shelf"
https://catalog.saclibrary.org/GroupedWork/c6a1253f-d192-0157-ac68-a50022454dff-eng,"Mightier than the sword: rebels, reformers, and revolutionaries who changed the world through writing","Melander, Rochelle",9781506466408,,"Fortress Press; Beaming Books, an imprint of 1517 Media",2021,"Minneapolis, MN",eBook;Book,"Book::Belle Cooledge Children's Area: CHILDREN 361.2 M517 2021 - On Shelf,Book::North Natomas Children's Area: CHILDREN 361.2 M517 2021 - On Shelf,Book::Southgate Children's Area: CHILDREN 361.2 M517 2021 - On Shelf"
https://catalog.saclibrary.org/GroupedWork/26bb63de-c604-f601-3e7b-ce6b5fb07c70-eng,"Black history is your history","Cassidy, Taylor",9781665957700,,"Atheneum Books for Young Readers; Simon & Schuster Audio",2025,"New York",eAudiobook;Book;eBook,"Book::Arcade Teen Area: TEEN 973.0496 C345 2025 - On Shelf,Book::Central Teen Area - 3rd Floor: TEEN 973.0496 C345 2025 - On Shelf,Book::South Natomas Teen Area: TEEN 973.0496 C345 2025 - Checked Out"
https://catalog.saclibrary.org/GroupedWork/e0140829-872f-4444-a26d-1cb9add48087-eng,"Google cybersecurity expert Parisa Tabriz","Di Piazza, Domenica",9781541512160,,"Lerner Publishing Group; Lerner Publications",2018,Minneapolis,eBook;Book,"Book::Arcade Children's Area: CHILDREN BIOGRAPHY Tabriz, P. 2018 - On Shelf,Book::McKinley Children's Area: CHILDREN BIOGRAPHY Tabriz, P. 2018 - On Shelf,Book::South Natomas Children's Area: CHILDREN BIOGRAPHY Tabriz, P. 2018 - On Shelf"
https://catalog.saclibrary.org/GroupedWork/2fa06126-10ab-ffcc-eda9-73871e23e848-eng,"Genetics expert Joanna L. Kelley","Waxman, Laura Hamilton",9781467761208,,"Lerner Publishing Group|Lerner Publishing Group; Lerner Publications",2015,Minneapolis,eBook;Book,"Book::Elk Grove Kids' Place: CHILDREN BIOGRAPHY Kelley, J. 2015 - On Shelf,Book::Sylvan Oaks Children's Area: CHILDREN BIOGRAPHY Kelley, J. 2015 - On Shelf"
https://catalog.saclibrary.org/GroupedWork/5482e915-6fd2-6169-1b21-c5c34248eb6f-eng,"Simone Biles","Sánchez Vegara, Ma Isabel (María Isabel)",9780711285798,,"Frances Lincoln Children's Books",2024,"Beverly, MA",Book,"Book::Central Kids Place - Lower Level: CHILDREN BIOGRAPHY Biles, S. 2024 - On Shelf,Book::Del Paso Heights Children's Area: CHILDREN BIOGRAPHY Biles, S. 2024 - Checked Out,Book::Galt Children's Area: CHILDREN BIOGRAPHY Biles, S. 2024 - On Shelf"
https://catalog.saclibrary.org/GroupedWork/7c1f5aad-f47d-b11c-c32f-502f1994f3f3-eng,"Who is Gloria Steinem?","Fabiny, Sarah",9780448482385,,"Grosset & Dunlap, an imprint of Penguin Group (USA) LLC; Penguin Young Readers Group",2014,"New York",eBook;Book,"Book::Carmichael Children's Area: CHILDREN BIOGRAPHY Steinem, G. 2014 - On Shelf,Book::Central Kids Place - Lower Level: CHILDREN BIOGRAPHY Steinem, G. 2014 - On Shelf,Book::Elk Grove Kids' Place: CHILDREN BIOGRAPHY Steinem, G. 2014 - On Shelf"
https://catalog.saclibrary.org/GroupedWork/d9c2f420-a248-3926-ee85-2aa8d1fa1bc7-eng,"Who is Aaron Judge?","Buckley, James, Jr., 1963-",9780593750148,,"Books on Tape; Penguin Workshop",2024,"New York",eAudiobook;Book,"Book::Arcade Children's Area: CHILDREN BIOGRAPHY Judge, A. 2024 - On Shelf,Book::Carmichael Children's Area: CHILDREN BIOGRAPHY Judge, A. 2024 - On Shelf,Book::Central Kids Place - Lower Level: CHILDREN BIOGRAPHY Judge, A. 2024 - On Shelf"
https://catalog.saclibrary.org/GroupedWork/91c40f50-c5fc-14ee-4b37-6318400d7fe1-eng,"Neymar: a soccer dream come true","Javaherbin, Mina",9780374310660,,"Farrar, Straus and Giroux (BYR); Farrar Straus Giroux",2018,"New York",eBook;Book,"Book::Belle Cooledge Children's Area: CHILDREN BIOGRAPHY Neymar 2018 - On Shelf,Book::Fair Oaks Children's Area: CHILDREN BIOGRAPHY Neymar 2018 - On Shelf,Book::Galt Children's Area: CHILDREN BIOGRAPHY Neymar 2018 - On Shelf"
https://catalog.saclibrary.org/GroupedWork/b7bdcd94-3dac-4ba5-c9c9-c20b93f51dd3-eng,"Muzoon: a Syrian refugee speaks out","Almellehan, Muzoon",9781984851987,,"Alfred A. Knopf; Random House Children's Books; Books on Tape",2023,"New York",eAudiobook;Book;eBook,"Book::Belle Cooledge Children's Area: CHILDREN BIOGRAPHY Almellehan, M. 2023 - On Shelf,Book::Del Paso Heights Children's Area: CHILDREN BIOGRAPHY Almellehan, M. 2023 - On Shelf,Book::Pocket-Greenhaven Kids' Place: CHILDREN BIOGRAPHY Almellehan, M. 2023 - On Shelf"
https://catalog.saclibrary.org/GroupedWork/2b375314-e326-ded8-8505-abf4b5fe24f4-eng,"Paiute princess: the story of Sarah Winnemucca","Ray, Deborah Kogan, 1940-",9780374398972,,"Recorded Books, Inc.; Farrar, Straus and Giroux (BYR); Frances Foster Books, Farrar Straus Giroux","2012 - 2013","New York",eAudiobook;eBook;Book,"Book::Carmichael Children's Area: CHILDREN BIOGRAPHY Hopkins, S. 2012 - On Shelf,Book::South Natomas Children's Area: CHILDREN BIOGRAPHY Hopkins, S. 2012 - On Shelf,Book::North Natomas Children's Area: CHILDREN BIOGRAPHY Hopkins, S. 2012 - On Shelf"
https://catalog.saclibrary.org/GroupedWork/cbfbbc8e-8b55-97b5-6d29-b79d6e755cb7-eng,"The life-changing magic of skateboarding: a beginner's guide with Olympic medalist Sky Brown","Brown, Sky",9781419773402,,"Magic Cat Publishing; Magic Cat",2024,"New York",eBook;Book,"Book::Carmichael Children's Area: CHILDREN 796.22 B879 2024 - On Shelf,Book::Central Kids Place - Lower Level: CHILDREN 796.22 B879 2024 - On Shelf,Book::Franklin Children's: CHILDREN 796.22 B879 2024 - On Shelf"
https://catalog.saclibrary.org/GroupedWork/b0ece58e-cef9-9b4b-a748-570c5b762e9a-eng,"Run like a girl: 50 extraordinary and inspiring sportswomen","Brown, Danielle, 1988-",9781787081086,,"Button Books",2021,"East Sussex, UK",Book,"Book::Carmichael Children's Area: CHILDREN 305.42 B877 2021 - On Shelf,Book::Central Kids Place - Lower Level: CHILDREN 305.42 B877 2021 - On Shelf,Book::Rancho Children's Area: CHILDREN 305.42 B877 2021 - Checked Out"
https://catalog.saclibrary.org/GroupedWork/806da306-93c6-be5c-503b-d1f6354efd86-eng,"Who is Stacey Abrams?","Moses, Shelia P",9780593519721,,"Books on Tape; Penguin Workshop",2022,"New York",eAudiobook;Book,"Book::Carmichael Children's Area: CHILDREN BIOGRAPHY Abrams, S. 2022 - On Shelf,Book::Central Kids Place - Lower Level: CHILDREN BIOGRAPHY Abrams, S. 2022 - On Shelf,Book::Elk Grove Kids' Place: CHILDREN BIOGRAPHY Abrams, S. 2022 - On Shelf"
https://catalog.saclibrary.org/GroupedWork/cf78d774-e730-d760-050f-0d12343b6dba-eng,"Thomas Jefferson: our 3rd president","Sirimarco, Elizabeth, 1966-",9781503843950,,"Child's World; The Child's World, Inc.","2002 - 2021","Chanhassen, Minn; Mankato, MN",eBook;Book,"Book::Arcade Children's Area: CHILDREN BIOGRAPHY Jefferson, T. 2021 - On Shelf,Book::Carmichael Children's Area: CHILDREN BIOGRAPHY Jefferson, T. 2021 - On Shelf,Book::Galt Children's Area: CHILDREN BIOGRAPHY Jefferson, T. 2021 - On Shelf"
https://catalog.saclibrary.org/GroupedWork/bde70019-a1a3-7d7b-37e4-48e22e9fbfef-eng,"I am Amelia Earhart","Meltzer, Brad",9780803740822,,"Dial Books for Young Readers; Penguin Young Readers Group",2014,"New York, New York",eBook;Book,"Book::North Natomas Children's Area: CHILDREN BIOGRAPHY Earhart, A. 2014 - On Shelf,Book::Sylvan Oaks Children's Area: CHILDREN BIOGRAPHY Earhart, A. 2014 - Checked Out,Book::Arbuckle Branch Library Juvenile Collection: J B EARHART M - On Shelf"
https://catalog.saclibrary.org/GroupedWork/5f4a866b-8b17-b24b-a7af-4a9c3042c60a-eng,"Matthew Espinosa: more than me","Espinosa, Matthew, 1997-",9780062490803,,"Harper, an imprint of HarperCollins Publishers; HarperCollins",2017,"New York",eBook;Book;eAudiobook,"Book::Central Teen Area - 3rd Floor: TEEN 790.2 E776 2017 - On Shelf"
https://catalog.saclibrary.org/GroupedWork/c55acbd8-846c-e309-35d4-9786771a3800-eng,"Joe Biden: our 46th president","Gormley, Beatrice",9781534479326,,"Tantor Media, Inc.; Tantor Media, Inc; Aladdin; Aladdin, an imprint of Simon & Schuster Children's Publishing Division","2020 - 2021","New York",eAudiobook;Book;eBook,"Book::Colonial Heights Children's Area: CHILDREN BIOGRAPHY Biden, J. 2021 - On Shelf,Book::Del Paso Heights Children's Area: CHILDREN BIOGRAPHY Biden, J. 2021 - On Shelf,Book::Elk Grove Kids' Place: CHILDREN BIOGRAPHY Biden, J. 2021 - On Shelf"
https://catalog.saclibrary.org/GroupedWork/5bc95acd-2688-4758-be0f-3cfe2e53b425-eng,"Maria Montessori","Sánchez Vegara, Ma Isabel (María Isabel)",9781786037558,,"Lincoln Children's Books, an imprint of The Quarto Group",2019,"Mankato, Minnesota",Book,"Book::Carmichael Children's Area: CHILDREN BIOGRAPHY Montessori, M. 2019 - On Shelf,Book::Franklin Children's: CHILDREN BIOGRAPHY Montessori, M. 2019 - On Shelf,Book::McKinley Children's Area: CHILDREN BIOGRAPHY Montessori, M. 2019 - On Shelf"
https://catalog.saclibrary.org/GroupedWork/230beec1-5ab1-fff6-0107-2c8765727c37-eng,"Jim!: six true stories about one great artist : James Marshall","Connors, Jerrold",9780593859346,,"Dial Books for Young Readers; Penguin Young Readers Group",2025,"New York, New York",eBook;Book,"Book::Carmichael Children's Area: CHILDREN BIOGRAPHY Marshall, J. 2025 - On Shelf,Book::Central Kids Place - Lower Level: CHILDREN BIOGRAPHY Marshall, J. 2025 - On Shelf,Book::Elk Grove Kids' Place: CHILDREN BIOGRAPHY Marshall, J. 2025 - On Shelf"
https://catalog.saclibrary.org/GroupedWork/ebcb2157-8b86-80aa-ca73-35c4a214b16c-eng,"Incredible successes: inspiring people who overcame adversity","Coutts, Lyn",9781438050393,,Barron's,2018,"Hauppauge, NY",Book,"Book::Arcade Children's Area: CHILDREN 155.25 C871 2018 - On Shelf,Book::Carmichael Children's Area: CHILDREN 155.25 C871 2018 - On Shelf"
https://catalog.saclibrary.org/GroupedWork/14bf9ba2-8788-8d6f-7652-c095779d52c1-eng,"Warrior princess: the story of Khutulun","Deng, Sally",9780374388386,,"Farrar, Straus and Giroux (BYR); Farrar Straus Giroux",2022,"New York",eBook;Book,"Book::Carmichael Children's Area: CHILDREN BIOGRAPHY Khutulun 2022 - On Shelf,Book::Colonial Heights Children's Area: CHILDREN BIOGRAPHY Khutulun 2022 - On Shelf,Book::Belle Cooledge Children's Area: CHILDREN BIOGRAPHY Khutulun 2022 - On Shelf"
https://catalog.saclibrary.org/GroupedWork/6dd455c8-7791-2bf8-b516-f7567645a438-eng,"Louisa May Alcott","Krensky, Stephen",9781039839755,,"Crabtree Publishing","2024 - 2025",Ontario,eBook;Book,"Book::Carmichael Children's Area: CHILDREN BIOGRAPHY Alcott, L. 2025 - On Shelf,Book::Courtland Children's Area: CHILDREN BIOGRAPHY Alcott, L. 2025 - On Shelf,Book::Fair Oaks Children's Area: CHILDREN BIOGRAPHY Alcott, L. 2025 - On Shelf"
https://catalog.saclibrary.org/GroupedWork/3e759f9b-e2b7-76af-d4b3-6303b793bc35-eng,"The fastest drummer: clap your hands for Viola Smith!","Robbins, Dean, 1957-",9781536224863,,"Candlewick Press",2024,"Somerville, Massachusetts",Book,"Book::Central Kids Place - Lower Level: CHILDREN BIOGRAPHY Smith, V. 2024 - On Shelf,Book::Colonial Heights Children's Area: CHILDREN BIOGRAPHY Smith, V. 2024 - On Shelf,Book::Courtland Children's Area: CHILDREN BIOGRAPHY Smith, V. 2024 - On Shelf"
https://catalog.saclibrary.org/GroupedWork/ab1a0905-f403-9e9f-1b9b-dfc5b84c6a5a-eng,"Who is Bad Bunny?","Taboas Zayas, G. M",9780593754764,,"Penguin Workshop; Books on Tape; Penguin Young Readers Group",2024,"New York",eAudiobook;Book;eBook,"Book::Carmichael Children's Area: CHILDREN BIOGRAPHY Bad Bunny 2024 - On Shelf,Book::Central Kids Place - Lower Level: CHILDREN BIOGRAPHY Bad Bunny 2024 - On Shelf,Book::Courtland Children's Area: CHILDREN BIOGRAPHY Bad Bunny 2024 - On Shelf"
https://catalog.saclibrary.org/GroupedWork/ec82e64b-6637-41d9-fb58-dea48c027342-eng,"Violet and Daisy: the story of vaudeville's famous conjoined twins","Miller, Sarah, 1979-",9780593119723,,"Schwartz & Wade Books; Books on Tape",2021,"New York",eAudiobook;Book,"Book::Central Teen Area - 3rd Floor: TEEN 616.043 M651 2021 - On Shelf,Book::Courtland Teen Area: TEEN 616.043 M651 2021 - On Shelf,Book::Franklin Teen: TEEN 616.043 M651 2021 - OFF CAMPUS"
https://catalog.saclibrary.org/GroupedWork/4df229fe-cf83-b3a0-6040-f3d980894aa6-eng,"Becoming Ben Franklin: how a candle-maker's son helped light the flame of liberty","Freedman, Russell, 1929-2018",9780823423743,,"Holiday House",2013,"New York",Book,"Book::Carmichael Children's Area: CHILDREN BIOGRAPHY Franklin, B. 2013 - On Shelf,Book::Fair Oaks Children's Area: CHILDREN BIOGRAPHY Franklin, B. 2013 - On Shelf,Book::Rancho Children's Area: CHILDREN BIOGRAPHY Franklin, B. 2013 - On Shelf"
https://catalog.saclibrary.org/GroupedWork/ea9ca107-258b-5e97-5768-431d84c58e83-eng,"Three days in January: Dwight Eisenhower's final mission","Baier, Bret",9780062569059,,"HarperCollins; HarperLuxe an imprint of HarperCollinsPublishers; HarperAudio","2017 - 2019","New York","eAudiobook;Large Print;eBook;Book","Book::Central: 973.921 E36zb4 2017 - On Shelf,Book::Fair Oaks: 973.921 E36zb4 2017 - On Shelf,Book::Galt: 973.921 E36zb4 2017 - On Shelf"
https://catalog.saclibrary.org/GroupedWork/60ae40d8-acd4-ae6e-feed-a607abb8d851-eng,"Patsy Mink","Keller, Tae",9780593402887,,"Philomel Books, an imprint of Penguin Random House LLC",2022,"New York",Book,"Book::Carmichael Children's Area: CHILDREN BIOGRAPHY Mink, P. 2022 - On Shelf,Book::Elk Grove Kids' Place: CHILDREN BIOGRAPHY Mink, P. 2022 - On Shelf,Book::North Natomas Children's Area: CHILDREN BIOGRAPHY Mink, P. 2022 - Checked Out"
https://catalog.saclibrary.org/GroupedWork/92ae8d37-6481-d99d-6ff9-e6d462a32117-eng,"Moving forward: from space-age rides to Civil Rights sit-ins with Airman Alton Yates","Barton, Chris",9781534473652,,"Beach Lane Books",2022,"New York",Book,"Book::Arcade Children's Area: CHILDREN 323.1196 Y31zb 2022 - On Shelf,Book::Carmichael Children's Area: CHILDREN 323.1196 Y31zb 2022 - On Shelf,Book::Central Kids Place - Lower Level: CHILDREN 323.1196 Y31zb 2022 - On Shelf"
https://catalog.saclibrary.org/GroupedWork/e43bfdce-c2c5-3813-84ca-696e7b20cce2-eng,"Galileo Galilei","Croy, Anita",9780778782254,,"Crabtree Publishing Company","2020 - 2021","New York",eBook;Book,"Book::Carmichael Children's Area: CHILDREN BIOGRAPHY Galilei, G. 2021 - On Shelf,Book::Central Kids Place - Lower Level: CHILDREN BIOGRAPHY Galilei, G. 2021 - On Shelf,Book::Isleton Children's Area: CHILDREN BIOGRAPHY Galilei, G. 2021 - On Shelf"
https://catalog.saclibrary.org/GroupedWork/746163e7-2c57-9e48-09bd-e246c4af7091-eng,"Bad princess: true tales from behind the tiara","Waldherr, Kris",9781338047981,,"Scholastic Inc.; Scholastic Press",2018,"New York",eBook;Book,"Book::Arcade Children's Area: CHILDREN 940.099 W163 2018 - Checked Out,Book::Carmichael Children's Area: CHILDREN 940.099 W163 2018 - On Shelf,Book::Central Kids Place - Lower Level: CHILDREN 940.099 W163 2018 - On Shelf"
https://catalog.saclibrary.org/GroupedWork/c9d74686-6236-6c79-a4a8-86753049eda2-eng,"G.O.A.T. football quarterbacks","Lowe, Alexander",9781728458014,,"Lerner Publishing Group; Lerner Publications","2022 - 2023","Minneapolis, MN",eBook;Book,"Book::Central Kids Place - Lower Level: CHILDREN 796.332 L913q 2023 - On Shelf,Book::Belle Cooledge Children's Area: CHILDREN 796.332 L913q 2023 - On Shelf,Book::Isleton Children's Area: CHILDREN 796.332 L913q 2023 - On Shelf"
https://catalog.saclibrary.org/GroupedWork/b72ab039-82b8-f487-dac7-f9e26fb52a65-eng,Lizzo,"McKay, C. R. (writer of juvenile literature)",9781725326118,,"PowerKids Press; The Rosen Publishing Group, Inc","2021 - 2022","New York",eBook;Book,"Book::Carmichael Children's Area: CHILDREN BIOGRAPHY Lizzo 2022 - On Shelf,Book::Central Kids Place - Lower Level: CHILDREN BIOGRAPHY Lizzo 2022 - On Shelf,Book::Franklin Children's: CHILDREN BIOGRAPHY Lizzo 2022 - On Shelf"
https://catalog.saclibrary.org/GroupedWork/1473de21-ad65-cee7-e863-5815e636cbcf-eng,"Helen Keller","Romero, Libby",9781465475442,,"DK Publishing",2019,"New York, New York",Book,"Book::Elk Grove Kids' Place: CHILDREN BIOGRAPHY Keller, H. 2019 - On Shelf,Book::Franklin Children's: CHILDREN BIOGRAPHY Keller, H. 2019 - On Shelf,Book::Isleton Children's Area: CHILDREN BIOGRAPHY Keller, H. 2019 - On Shelf"
https://catalog.saclibrary.org/GroupedWork/4bf89a28-87f3-0349-f9e0-968f17a9e1eb-eng,"Good night stories for rebel girls: 100 immigrant women who changed the world","Favilli, Elena",9781733329293,,"Timbuktu Labs, Inc",2020,"[San Francisco, California]",Book,"Book::Courtland Children's Area: CHILDREN 305.48412 F274 2020 - On Shelf,Book::Isleton Children's Area: CHILDREN 305.48412 F274 2020 - On Shelf,Book::Rancho Children's Area: CHILDREN 305.48412 F274 2020 - On Shelf"
https://catalog.saclibrary.org/GroupedWork/add06279-1278-bd6d-0bb9-07f5be76adb4-eng,"Turning pages: my life story","Sotomayor, Sonia, 1954-",9780525514084,,"Philomel Books; Penguin Young Readers Group",2018,"New York, NY",eBook;Book,"Book::Carmichael Children's Area: CHILDREN BIOGRAPHY Sotomayor, S. 2018 - On Shelf,Book::McKinley Children's Area: CHILDREN BIOGRAPHY Sotomayor, S. 2018 - On Shelf,Book::Pocket-Greenhaven Kids' Place: CHILDREN BIOGRAPHY Sotomayor, S. 2018 - On Shelf"
https://catalog.saclibrary.org/GroupedWork/b3070f17-8d5d-e1d4-34b5-d8943d791af8-eng,"Agatha Christie","Sánchez Vegara, Ma Isabel (María Isabel)",9781847809605,,"Frances Lincoln Children's Books",2017,London,Book,"Book::Carmichael Children's Area: CHILDREN BIOGRAPHY Christie, A. 2017 - Checked Out,Book::Fair Oaks Children's Area: CHILDREN BIOGRAPHY Christie, A. 2017 - On Shelf,Book::McClatchy Children's Area: CHILDREN BIOGRAPHY Christie, A. 2017 - On Shelf"
https://catalog.saclibrary.org/GroupedWork/5b9a1c6d-34ed-372d-6a50-fcc9670f0618-eng,"Harry Houdini","Poskitt, Kjartan",9781419738623,,"Abrams; Dreamscape Media; Abrams Books for Young Readers",2019,"New York",eBook;Book;eAudiobook,"Book::Central Kids Place - Lower Level: CHILDREN BIOGRAPHY Houdini, H. 2019 - On Shelf,Book::South Natomas Children's Area: CHILDREN BIOGRAPHY Houdini, H. 2019 - On Shelf,Book::North Natomas Children's Area: CHILDREN BIOGRAPHY Houdini, H. 2019 - On Shelf"
https://catalog.saclibrary.org/GroupedWork/ea164652-982f-587a-8833-8c9bb0b2ebc0-eng,"Earth squad","Zissu, Alexandra",9780762499212,,"RP Kids",2021,Philadelphia,Book,"Book::Arcade Children's Area: CHILDREN 509 Z81 2021 - On Shelf,Book::Carmichael Children's Area: CHILDREN 509 Z81 2021 - On Shelf,Book::Fair Oaks Children's Area: CHILDREN 509 Z81 2021 - On Shelf"
https://catalog.saclibrary.org/GroupedWork/c13f9ecd-8bcb-9350-a64f-e1d5b1497ed3-eng,"W is for Webster: Noah Webster and his American dictionary","Fern, Tracey",9780374382407,,"Farrar, Straus and Giroux (BYR); Farrar Straus Giroux",2015,"New York",eBook;Book,"Book::Belle Cooledge Children's Area: CHILDREN BIOGRAPHY Webster, N. 2015 - On Shelf,Book::Fair Oaks Children's Area: CHILDREN BIOGRAPHY Webster, N. 2015 - On Shelf,Book::Franklin Children's: CHILDREN BIOGRAPHY Webster, N. 2015 - On Shelf"
https://catalog.saclibrary.org/GroupedWork/6ed7c25d-bfbd-ae82-3300-88afc2b45ea3-eng,"Close-up on war: the story of pioneering photojournalist Catherine Leroy in Vietnam","Farrell, Mary Cronk",9781419746611,,"Amulet Books; Blackstone Publishing",2022,"New York",eAudiobook;eBook;Book,"Book::Central Kids Place - Lower Level: CHILDREN BIOGRAPHY Leroy, C. 2022 - On Shelf,Book::Galt Children's Area: CHILDREN BIOGRAPHY Leroy, C. 2022 - On Shelf,Book::North Natomas Children's Area: CHILDREN BIOGRAPHY Leroy, C. 2022 - On Shelf"
https://catalog.saclibrary.org/GroupedWork/3f84e99a-f4aa-1204-c458-4cbb8eb3d115-eng,"Talking books: audiobook inventor Dr. Robert B. Irwin and a new way to read","Lacika, Jenny",9781665912679,,"Atheneum Books for Young Readers; Simon & Schuster Audio",2026,"New York",eAudiobook;Book;eBook,"Book::Carmichael Children's Area: CHILDREN BIOGRAPHY Irwin, R. 2026 - On Shelf,Book::Central Kids Place - Lower Level: CHILDREN BIOGRAPHY Irwin, R. 2026 - On Shelf,Book::Franklin Children's: CHILDREN BIOGRAPHY Irwin, R. 2026 - On Shelf"
https://catalog.saclibrary.org/GroupedWork/0d3c28de-924e-18bd-b990-c1e387f2b469-eng,"Pathfinders: the journeys of 16 extraordinary Black souls","Bolden, Tonya",9781419714559,,"Abrams; ABRAMS; Abrams Books for Young Readers",2017,"New York",eBook;Book,"Book::Carmichael Children's Area: CHILDREN 920.0092 B687 2017 - On Shelf,Book::Central Kids Place - Lower Level: CHILDREN 920.0092 B687 2017 - On Shelf,Book::Elk Grove Kids' Place: CHILDREN 920.0092 B687 2017 - Checked Out"
https://catalog.saclibrary.org/GroupedWork/112061e6-5d74-2e78-bae6-bf97aeff92fb-eng,"Malala Yousafzai","Walsh, Jenni L",9781338149043,,"Scholastic Inc.; Scholastic Inc",2019,"New York, NY",eBook;Book,"Book::Del Paso Heights Children's Area: CHILDREN BIOGRAPHY Yousafzai, M. 2019 - On Shelf,Book::North Natomas Children's Area: CHILDREN BIOGRAPHY Yousafzai, M. 2019 - On Shelf"
https://catalog.saclibrary.org/GroupedWork/d56f3ba0-f674-dd73-0308-df1feb75dfa7-eng,"Environmental activist Wangari Maathai","Swanson, Jennifer",9781512499827,,"Lerner Publishing Group|Lerner Publishing Group; Lerner Publishing Group; Lerner Publications",2018,Minneapolis,eBook;Book,"Book::Belle Cooledge Children's Area: CHILDREN BIOGRAPHY Maathai, W. 2018 - On Shelf,Book::Elk Grove Kids' Place: CHILDREN BIOGRAPHY Maathai, W. 2018 - On Shelf,Book::Franklin Children's: CHILDREN BIOGRAPHY Maathai, W. 2018 - On Shelf"
https://catalog.saclibrary.org/GroupedWork/523b29a5-7713-2689-31da-78ad4c397956-eng,"Cristiano Ronaldo vs. Lionel Messi: soccer legends face off","Bischer, Karen",9781669079620,,"Capstone Press; Capstone",2024,"North Mankato, MN",eBook;Book,"Book::Central Kids Place - Lower Level: CHILDREN 796.334 B621 2025 - On Shelf,Book::Colonial Heights Children's Area: CHILDREN 796.334 B621 2025 - On Shelf,Book::Orangevale: CHILDREN 796.334 B621 2025 - Checked Out"
https://catalog.saclibrary.org/GroupedWork/d124f8f3-a25f-7d8e-d4f8-5ff7d22a8a51-eng,"Susan La Flesche Picotte: pioneering doctor","Bailey, Diane, 1966-",9781534463318,,"Aladdin, an imprint of Simon & Schuster Children's Publishing Division",2021,"New York, NY",Book,"Book::Colonial Heights Children's Area: CHILDREN BIOGRAPHY Picotte, S. 2021 - On Shelf,Book::North Natomas Children's Area: CHILDREN BIOGRAPHY Picotte, S. 2021 - On Shelf,Book::Rancho Children's Area: CHILDREN BIOGRAPHY Picotte, S. 2021 - On Shelf"
https://catalog.saclibrary.org/GroupedWork/806cf300-4bc7-d6d5-ce00-726b69f3007e-eng,"Harriet Tubman","Jazynka, Kitson",9781465485434,,"DK Publishing",2019,"New York",Book,"Book::Carmichael Children's Area: CHILDREN BIOGRAPHY Tubman, H. 2019 - Checked Out,Book::Elk Grove Kids' Place: CHILDREN BIOGRAPHY Tubman, H. 2019 - Checked Out,Book::Franklin Children's: CHILDREN BIOGRAPHY Tubman, H. 2019 - On Shelf"
https://catalog.saclibrary.org/GroupedWork/61e31a9b-6e5d-a477-ab87-fc10b75fb6ed-eng,"Pharrell Williams","Kelley, K. C",9781684024575,,"Bearport Publishing","2017 - 2018","New York, New York",eBook;Book,"Book::Carmichael Children's Area: CHILDREN BIOGRAPHY Williams, P. 2018 - On Shelf,Book::Franklin Children's: CHILDREN BIOGRAPHY Williams, P. 2018 - On Shelf,Book::Walnut Grove Children's Area: CHILDREN BIOGRAPHY Williams, P. 2018 - On Shelf"
https://catalog.saclibrary.org/GroupedWork/f978953c-caa7-0698-9877-0a6af7dee119-eng,"Gerald R. Ford: our 38th president","Francis, Sandra",9781503844292,,"Child's World; The Child's World, Inc.","2020 - 2021","Mankato, MN",eBook;Book,"Book::Carmichael Children's Area: CHILDREN BIOGRAPHY Ford, G. 2021 - On Shelf,Book::South Natomas Children's Area: CHILDREN BIOGRAPHY Ford, G. 2021 - On Shelf,Book::North Natomas Children's Area: CHILDREN BIOGRAPHY Ford, G. 2021 - On Shelf"
https://catalog.saclibrary.org/GroupedWork/c55eb8e2-1e59-64a8-f672-9146558cdb80-eng,"I am Gandhi","Meltzer, Brad",9780735228702,,"Books on Tape; Dial Books; Dial Books for Young Readers; Penguin Young Readers Group","2017 - 2022","New York, NY",eAudiobook;Book;eBook,"Book::Central Kids Place - Lower Level: CHILDREN BIOGRAPHY Gandhi, M. 2018 - On Shelf,Book::Del Paso Heights Children's Area: CHILDREN BIOGRAPHY Gandhi, M. 2018 - On Shelf,Book::Franklin Children's: CHILDREN BIOGRAPHY Gandhi, M. 2018 - On Shelf"
https://catalog.saclibrary.org/GroupedWork/861161f1-e9e7-59f0-8042-8ba99757db00-eng,"Leonardo da Vinci","Sánchez Vegara, Ma Isabel (María Isabel)",9781805701873,,"Frances Lincoln Children's Books",2026,London,Book,"Book::Central Kids Place - Lower Level: CHILDREN BIOGRAPHY Da Vinci, L. 2026 - On Shelf,Book::Galt Children's Area: CHILDREN BIOGRAPHY Da Vinci, L. 2026 - Checked Out,Book::McClatchy Children's Area: CHILDREN BIOGRAPHY Da Vinci, L. 2026 - Checked Out"
https://catalog.saclibrary.org/GroupedWork/b74d2e93-ff90-063e-d1da-6d2d9450f2f6-eng,"A flea for justice: Marian Wright Edelman stands up for change","Bolling, Valerie",9781623545826,,Charlesbridge,2025,"Watertown, MA",eBook;Book,"Book::Carmichael Children's Area: CHILDREN BIOGRAPHY Edelman, M. 2025 - On Shelf,Book::Central Kids Place - Lower Level: CHILDREN BIOGRAPHY Edelman, M. 2025 - On Shelf,Book::Colonial Heights Children's Area: CHILDREN BIOGRAPHY Edelman, M. 2025 - On Shelf"
https://catalog.saclibrary.org/GroupedWork/9e446f70-3886-b1b3-bace-5d93ba1710e2-eng,"Pro wrestling's G.O.A.T: Hulk Hogan, Dwayne ""The Rock"" Johnson, and more","Levit, Joseph",9781728431598,,"Lerner Publications",2022,Minneapolis,Book,"Book::Carmichael Children's Area: CHILDREN 796.812 L666 2022 - On Shelf,Book::Belle Cooledge Children's Area: CHILDREN 796.812 L666 2022 - On Shelf,Book::Courtland Children's Area: CHILDREN 796.812 L666 2022 - On Shelf"
https://catalog.saclibrary.org/GroupedWork/406df9d2-e218-d0ff-d662-8e9dfd4da8c8-eng,"Who is Dwayne ""The Rock"" Johnson?","Buckley, James, Jr., 1963-",9780593226384,,"Penguin Workshop; Penguin Young Readers Group",2021,"New York",eBook;Book,"Book::Central Kids Place - Lower Level: CHILDREN BIOGRAPHY Johnson, D. 2021 - On Shelf,Book::Franklin Children's: CHILDREN BIOGRAPHY Johnson, D. 2021 - On Shelf,Book::Galt Children's Area: CHILDREN BIOGRAPHY Johnson, D. 2021 - On Shelf"
https://catalog.saclibrary.org/GroupedWork/a04864c8-7ed1-2dd9-e153-cacb11f31cb3-eng,"Mahatma Gandhi","Sánchez Vegara, Ma Isabel (María Isabel)",9781786037879,,"Frances Lincoln Children's Books",2019,"Minneapolis, MN",Book,"Book::Carmichael Children's Area: CHILDREN BIOGRAPHY Gandhi, M. 2019 - On Shelf,Book::North Natomas Children's Area: CHILDREN BIOGRAPHY Gandhi, M. 2019 - On Shelf,Book::Sylvan Oaks Children's Area: CHILDREN BIOGRAPHY Gandhi, M. 2019 - Checked Out"
https://catalog.saclibrary.org/GroupedWork/cc25480a-3365-c12c-3f58-c5d77b96818a-eng,"The missing golden ticket and other splendiferous secrets","Dahl, Roald",9781448729142,,"Puffin Books; Penguin Young Readers Group","2010 - 2013","New York",eBook;Book,"Book::Central Kids Place - Lower Level: CHILDREN 823.914 D131 2010 - On Shelf"
https://catalog.saclibrary.org/GroupedWork/55d93d24-29cd-d81d-1e28-075739c28227-eng,"Why Beethoven threw the stew","Isserlis, Steven, 1958-",9780571206162,,"Faber and Faber",2001,London,Book,"Book::Carmichael Children's Area: CHILDREN 780.922 I862 2001 - On Shelf,Book::Galt Children's Area: CHILDREN 780.922 I862 2001 - On Shelf,Book::North Natomas Children's Area: CHILDREN 780.922 I862 2001 - On Shelf"
https://catalog.saclibrary.org/GroupedWork/bb936765-3115-1646-5ce4-95fbbf138b9e-eng,"One of a kind: the life of Sydney Taylor","Michelson, Richard",9781635925319,,"Recorded Books, Inc.; Astra Publishing House; Calkins Creek, an imprint of Astra Books for Young Readers",2024,"New York",eAudiobook;Book;eBook,"Book::Carmichael Children's Area: CHILDREN BIOGRAPHY Taylor, S. 2024 - On Shelf,Book::Central Kids Place - Lower Level: CHILDREN BIOGRAPHY Taylor, S. 2024 - On Shelf,Book::Orangevale: CHILDREN BIOGRAPHY Taylor, S. 2024 - On Shelf"
https://catalog.saclibrary.org/GroupedWork/4cdc694d-e5a5-e68c-ad56-8de3eef357cb-eng,"Young trailblazers: the book of black inventors and scientists","Fièvre, M. J. (Michèle-Jessica)",9781642506068,,"Dragon Fruit",2021,"Coral Gables",Book,"Book::Belle Cooledge Children's Area: CHILDREN 509.22 F468 2021 - On Shelf,Book::Elk Grove Kids' Place: CHILDREN 509.22 F468 2021 - On Shelf,Book::North Natomas Children's Area: CHILDREN 509.22 F468 2021 - On Shelf"
https://catalog.saclibrary.org/GroupedWork/8d934f92-a709-3240-ad55-9df7e59b23e3-eng,"Good night stories for rebel girls: 100 inspiring young changemakers",,9781953424341,,"Rebel Girls",2022,"Larkspur, CA",Book,"Book::Arcade Children's Area: CHILDREN 305.420922 H323 2022 - On Shelf,Book::Central Kids Place - Lower Level: CHILDREN 305.420922 H323 2022 - On Shelf"
https://catalog.saclibrary.org/GroupedWork/80c12af4-f6e2-5c55-8f0a-550a62998e9e-eng,"Defying China: a memoir","Dolma, Tsultrim",9780593615959,,"Books on Tape; Dial Books; Penguin Young Readers Group",2026,"New York, New York",eAudiobook;Book;eBook,"Book::Central Teen Area - 3rd Floor: TEEN BIOGRAPHY Dolma, T. 2026 - On Shelf,Book::Colonial Heights: TEEN BIOGRAPHY Dolma, T. 2026 - On Shelf,Book::Elk Grove Teen Area: TEEN BIOGRAPHY Dolma, T. 2026 - On Shelf"
https://catalog.saclibrary.org/GroupedWork/641fd906-0387-1678-9d35-f46b2efd9968-eng,"Everywhere beauty is Harlem: the vision of photographer Roy DeCarava","Golio, Gary",9781662680557,,"Astra Publishing House; Calkins Creek, an imprint of Astra Books for Young Readers",2024,"New York",eBook;Book,"Book::Arcade Children's Area: CHILDREN BIOGRAPHY DeCarava, R. 2024 - On Shelf,Book::Carmichael Children's Area: CHILDREN BIOGRAPHY DeCarava, R. 2024 - On Shelf,Book::Central Kids Place - Lower Level: CHILDREN BIOGRAPHY DeCarava, R. 2024 - On Shelf"
https://catalog.saclibrary.org/GroupedWork/fbae8aae-8d56-a3a1-b80f-8bb882e7730b-eng,"Carved in ebony: lessons from the Black women who shape us","Holmes, Jasmine L., 1990-",9780764239700,,"Bethany House, a division of Baker Publishing Group; Bethany House Publishers, a division of Baker Publishing Group; christianaudio.com; Baker Publishing Group","2021 - 2022","Minneapolis, MN; Minneapolis, Minnesota",eBook;Book;eAudiobook,"Book::Carmichael Children's Area: CHILDREN 277.3 H751 2022 - On Shelf,Book::Elk Grove Kids' Place: CHILDREN 277.3 H751 2022 - On Shelf,Book::North Natomas Children's Area: CHILDREN 277.3 H751 2022 - On Shelf"
https://catalog.saclibrary.org/GroupedWork/85f7ed2e-ac9a-028f-df97-7eea03d40f6a-eng,"George W. Bush: our 43rd president","Burgan, Michael",9781503844346,,"Child's World, Inc; The Child's World, Inc.","2020 - 2021","Mankato, MN",eBook;Book,"Book::Elk Grove Kids' Place: CHILDREN BIOGRAPHY Bush, G. 2021 - On Shelf,Book::North Natomas Children's Area: CHILDREN BIOGRAPHY Bush, G. 2021 - On Shelf,Book::North Sacramento-Hagginwood Children's Area: CHILDREN BIOGRAPHY Bush, G. 2021 - On Shelf"
https://catalog.saclibrary.org/GroupedWork/e3f60ca8-739a-4966-bea1-b1d467a22167-eng,"Herbert Hoover: our 31st president","Souter, Gerry",9781503844223,,"Child's World; The Child's World, Inc.","2020 - 2021","Mankato, MN",eBook;Book,"Book::Del Paso Heights Children's Area: CHILDREN BIOGRAPHY Hoover, H. 2021 - On Shelf,Book::Galt Children's Area: CHILDREN BIOGRAPHY Hoover, H. 2021 - On Shelf,Book::North Natomas Children's Area: CHILDREN BIOGRAPHY Hoover, H. 2021 - On Shelf"
https://catalog.saclibrary.org/GroupedWork/b53a14a1-e530-b2e1-d7e3-245f15f18492-eng,"We got game!: 35 female athletes who changed the world","Weintraub, Aileen, 1973-",9780762497805,,"RP Kids",2021,Philadelphia,Book,"Book::Carmichael Children's Area: CHILDREN 796.0922 W424 2021 - On Shelf,Book::Franklin Children's: CHILDREN 796.0922 W424 2021 - On Shelf,Book::Sylvan Oaks Children's Area: CHILDREN 796.0922 W424 2021 - Checked Out"
https://catalog.saclibrary.org/GroupedWork/4936847c-026c-f30d-31c9-c04ed1035323-eng,"Game changers: stories of hijabi athletes from around the world","Smith, Charlene (Author of Game changers)",9781459838048,,"Orca Book Publishers",2025,"British Columbia",Book,"Book::Arcade Children's Area: CHILDREN 796.082 S644 2025 - On Shelf,Book::Central Kids Place - Lower Level: CHILDREN 796.082 S644 2025 - On Shelf,Book::Belle Cooledge Children's Area: CHILDREN 796.082 S644 2025 - On Shelf"
https://catalog.saclibrary.org/GroupedWork/9a4dcdc9-c173-8baf-a10c-52b7d3e75dfd-eng,"Millard Fillmore: our 13th president","Souter, Gerry",9781503844056,,"Child's World; The Child's World, Inc.","2020 - 2021","Mankato, Minn",eBook;Book,"Book::Elk Grove Kids' Place: CHILDREN BIOGRAPHY Fillmore, M. 2021 - On Shelf,Book::Fair Oaks Children's Area: CHILDREN BIOGRAPHY Fillmore, M. 2021 - On Shelf,Book::Franklin Children's: CHILDREN BIOGRAPHY Fillmore, M. 2021 - On Shelf"
https://catalog.saclibrary.org/GroupedWork/29a76335-e28d-2ea1-0a0c-62eae6cc17d0-eng,"Barack Obama: 44th U.S. president","Robinson, Tom, 1964-",9781604535273,,"ABDO Pub. Co; ABDO Publishing Company",2009,"Edina, Minn",eBook;Book,"Book::Valley Hi-North Laguna Children's Area: CHILDREN BIOGRAPHY Obama, B. 2009 - On Shelf,Book::Sacramento Public Library Storage: CHILDREN BIOGRAPHY Obama, B. 2009 - On Shelf"
https://catalog.saclibrary.org/GroupedWork/6f8852e7-01eb-a1ed-44aa-0f2c6276a838-eng,"Thurgood Marshall: Supreme Court Justice","Williams, Carla, 1965-",9781503854505,,"The Child's World; The Child's World, Inc.","2021 - 2022","Mankato, MN",eBook;Book,"Book::Elk Grove Kids' Place: CHILDREN BIOGRAPHY Marshall, T. 2022 - Checked Out,Book::North Natomas Children's Area: CHILDREN BIOGRAPHY Marshall, T. 2022 - On Shelf,Book::Rancho Children's Area: CHILDREN BIOGRAPHY Marshall, T. 2022 - On Shelf"
https://catalog.saclibrary.org/GroupedWork/379d5e3e-c213-6c5f-b77e-26bc102c0d27-eng,"On a beam of light: a story of Albert Einstein","Berne, Jennifer",9781452113098,,"Recorded Books, Inc.; Chronicle Books LLC; Chronicle Books","2013 - 2014","San Francisco","eAudiobook;Picture Book;eBook","Picture Book::Carmichael Children's Area: PICTURE BOOK Berne, J. - On Shelf,Picture Book::Central Kids Place - Lower Level: PICTURE BOOK Berne, J. - On Shelf,Picture Book::Fair Oaks Children's Area: PICTURE BOOK Berne, J. - On Shelf"
https://catalog.saclibrary.org/GroupedWork/7e3b552b-8d5f-b9c1-b6bd-4c709c06f9e3-eng,"Rutherford B. Hayes: our 19th president","Francis, Sandra",9781503844117,,"Child's World; The Child's World, Inc.","2020 - 2021","Mankato, MN",eBook;Book,"Book::Carmichael Children's Area: CHILDREN BIOGRAPHY Hayes, R. 2021 - On Shelf,Book::Del Paso Heights Children's Area: CHILDREN BIOGRAPHY Hayes, R. 2021 - On Shelf,Book::Rancho Children's Area: CHILDREN BIOGRAPHY Hayes, R. 2021 - On Shelf"
https://catalog.saclibrary.org/GroupedWork/fd8235f7-3965-6c09-1f48-e7d01b367581-eng,"Rebel girls powerful pairs: 25 tales of mothers and daughters",,9781734877076,,"Rebel Girls, Inc",2021,"[Santa Monica, California]",Book,"Book::Elk Grove Kids' Place: CHILDREN 305.420922 R289r 2021 - On Shelf,Book::Franklin Children's: CHILDREN 305.420922 R289r 2021 - On Shelf,Book::Rancho Children's Area: CHILDREN 305.420922 R289r 2021 - On Shelf"
https://catalog.saclibrary.org/GroupedWork/e3442a8d-065c-205f-4612-1530b317b278-eng,"Amazing athletes","Buckley, James, Jr., 1963-",9780593754948,,"Penguin Young Readers Licenses, an imprint of Penguin Random House LLC",2024,"New York",Book,"Book::Carmichael Children's Area: CHILDREN 796.092 B924 2024 - On Shelf,Book::Sutter County Main Branch Children's Area: CHILDREN 796.092 BUC - On Shelf"
https://catalog.saclibrary.org/GroupedWork/c2ef8ce7-ae7d-ccf1-07eb-e4e4a6e8941e-eng,"Game changers: the story of Venus and Serena Williams","Cline-Ransome, Lesa",9781481476843,,"A Paula Wiseman Book/Beach Lane Books; Simon & Schuster Books for Young Readers",2018,"New York",eBook;Book,"Book::Carmichael Children's Area: CHILDREN 796.342 W727zc 2018 - On Shelf,Book::Central Kids Place - Lower Level: CHILDREN 796.342 W727zc 2018 - On Shelf,Book::Belle Cooledge Children's Area: CHILDREN 796.342 W727zc 2018 - Checked Out"
https://catalog.saclibrary.org/GroupedWork/c378e9d5-ca61-3459-2798-1566f0e0b334-eng,"Sarah and the big wave: the true story of the first woman to surf Mavericks","Tsui, Bonnie",9781250239488,,"Henry Holt and Co. (BYR); Henry Holt and Company",2021,"New York",eBook;Book,"Book::Carmichael Children's Area: CHILDREN BIOGRAPHY Gerhardt, S. 2021 - On Shelf,Book::Galt Children's Area: CHILDREN BIOGRAPHY Gerhardt, S. 2021 - On Shelf,Book::North Natomas Children's Area: CHILDREN BIOGRAPHY Gerhardt, S. 2021 - On Shelf"
https://catalog.saclibrary.org/GroupedWork/e5583cf6-f3e9-ec5d-748e-7e893cec8dc2-eng,"Bindi Irwin","Golkar, Golriz",9781543541328,,"Capstone; Capstone Press, a Capstone imprint",2019,"North Mankato, Minnesota",eBook;Book,"Book::Elk Grove Kids' Place: CHILDREN BIOGRAPHY Irwin, B. 2019 - On Shelf,Book::Franklin Children's: CHILDREN BIOGRAPHY Irwin, B. 2019 - On Shelf,Book::Walnut Grove Children's Area: CHILDREN BIOGRAPHY Irwin, B. 2019 - On Shelf"
https://catalog.saclibrary.org/GroupedWork/3e9074df-d6d7-6885-39a6-8c152c7f91e7-eng,"The gardener of Alcatraz: a true story","Smith, Emma Bland",9781623541606,,Charlesbridge,2022,"Watertown, MA",eBook;Book,"Book::Central Kids Place - Lower Level: CHILDREN BIOGRAPHY Michener, E. 2022 - On Shelf,Book::Colonial Heights Children's Area: CHILDREN BIOGRAPHY Michener, E. 2022 - On Shelf,Book::Courtland Children's Area: CHILDREN BIOGRAPHY Michener, E. 2022 - On Shelf"
https://catalog.saclibrary.org/GroupedWork/cc1565e7-89f9-0736-695b-c70129c00d5d-eng,"Heinrich Müller: Gestapo chief","Beyer, Mark (Mark T.)",9780823933761,,Rosen,2001,"New York",Book,"Book::Southgate Children's Area: CHILDREN BIOGRAPHY Muller, H. 2001 - On Shelf,Book::Sutter County Main Branch Children's Area: CHILDREN BIOGRAPHY MULLER - On Shelf"
https://catalog.saclibrary.org/GroupedWork/407e972f-f2b6-54f1-a696-9a5f378b93c8-eng,"Who was Andrew Jackson?","Yacka, Douglas",9780399539923,,"Penguin Workshop, an imprint of Penguin Random House; Penguin Young Readers Group",2017,"New York",eBook;Book,"Book::Carmichael Children's Area: CHILDREN BIOGRAPHY Jackson, A. 2017 - On Shelf,Book::North Natomas Children's Area: CHILDREN BIOGRAPHY Jackson, A. 2017 - On Shelf,Book::Sacramento Public Library Storage: CHILDREN BIOGRAPHY Jackson, A. 2017 - On Shelf"
https://catalog.saclibrary.org/GroupedWork/45557c4d-6cca-78a9-6a94-ca10016bfd12-eng,"One real American: the life of Ely S. Parker, Seneca Sachem and Civil War general","Bruchac, Joseph, 1942-",9781419746574,,"Recorded Books, Inc.; Abrams; Abrams Books for Young Readers","2020 - 2024","New York",eBook;Book;eAudiobook,"Book::Del Paso Heights Children's Area: CHILDREN BIOGRAPHY Parker, E. 2020 - On Shelf,Book::Elk Grove Kids' Place: CHILDREN BIOGRAPHY Parker, E. 2020 - Checked Out,Book::Fair Oaks Children's Area: CHILDREN BIOGRAPHY Parker, E. 2020 - On Shelf"
https://catalog.saclibrary.org/GroupedWork/ec74b1b2-29bb-d8c0-0ca9-5a535a35f902-eng,"Problem solvers: 15 innovative women engineers and coders","Hoover, P. J. (Patricia J.), 1970-",9781641606387,,"Chicago Review Press",2022,"Chicago, Illinois",eBook;Book,"Book::Central Teen Area - 3rd Floor: TEEN 305.430509 H789 2022 - On Shelf,Book::Belle Cooledge Teen Area: TEEN 305.430509 H789 2022 - On Shelf,Book::Fair Oaks Teen Area: TEEN 305.430509 H789 2022 - On Shelf"
https://catalog.saclibrary.org/GroupedWork/d0ec846d-a29f-87cc-e1f6-59be936abc39-eng,"Jimmy Carter","Elston, Heidi M. D., 1979-",9781604534450,,"ABDO; ABDO Pub. Co; ABDO Publishing Company","2009 - 2017","Edina, Minn",eBook;Book,"Book::Southgate Children's Area: CHILDREN BIOGRAPHY Carter, J. 2009 - On Shelf"
https://catalog.saclibrary.org/GroupedWork/31b3cd21-3729-9e35-282b-344188bb810d-eng,"Stories of courage","Colby, Jennifer, 1971-",9781534107458,,"Cherry Lake Publishing","2017 - 2018","Ann Arbor, Michigan",eBook;Book,"Book::Carmichael Children's Area: CHILDREN 179.6 C686 2018 - On Shelf,Book::Courtland Children's Area: CHILDREN 179.6 C686 2018 - On Shelf,Book::Fair Oaks Children's Area: CHILDREN 179.6 C686 2018 - On Shelf"
https://catalog.saclibrary.org/GroupedWork/5065dab8-dfbf-95bb-a038-541a87f83650-eng,"A tulip in winter: a story about folk artist Maud Lewis","Stinson, Kathy",9781771649513,,"Greystone Kids; Greystone Books",2023,Vancouver,eBook;Book,"Book::Arcade Children's Area: CHILDREN BIOGRAPHY Lewis, M. 2023 - On Shelf,Book::Central Kids Place - Lower Level: CHILDREN BIOGRAPHY Lewis, M. 2023 - On Shelf,Book::Elk Grove Kids' Place: CHILDREN BIOGRAPHY Lewis, M. 2023 - On Shelf"
https://catalog.saclibrary.org/GroupedWork/12bdaa6c-e6c0-a163-45a3-b31277f51505-eng,"Kid-ventors: 35 real kids and their amazing inventions","Pew, Kailei",9781250836021,,"Feiwel and Friends",2024,"New York",Book,"Book::Carmichael Children's Area: CHILDREN 609.2 P514 2024 - On Shelf,Book::Central Kids Place - Lower Level: CHILDREN 609.2 P514 2024 - On Shelf,Book::Elk Grove Kids' Place: CHILDREN 609.2 P514 2024 - On Shelf"
https://catalog.saclibrary.org/GroupedWork/848d0bda-d62c-39d3-03c9-3d686d1df9a8-eng,"What's a germ Joseph Lister?: the medical mystery that forever changed the way we heal","Alexander, Lori",9780358538172,,"Clarion Books, an imprint of HarperCollinsPublishers; HarperCollins",2023,"New York, NY",eAudiobook;eBook;Book,"Book::Carmichael Children's Area: CHILDREN 509.2 A376 2023 - On Shelf,Book::Central Kids Place - Lower Level: CHILDREN 509.2 A376 2023 - On Shelf,Book::Belle Cooledge Children's Area: CHILDREN 509.2 A376 2023 - On Shelf"
https://catalog.saclibrary.org/GroupedWork/375d687c-3fde-db9a-09de-60556d4d275e-eng,"Just Jerry: how drawing shaped my life","Pinkney, Jerry",9780316383851,,"Hachette Audio for Young Listeners; Little, Brown and Company",2023,"New York",eAudiobook;Book,"Book::Colonial Heights Children's Area: CHILDREN BIOGRAPHY Pinkney, J. 2023 - Checked Out,Book::Courtland Children's Area: CHILDREN BIOGRAPHY Pinkney, J. 2023 - On Shelf,Book::Del Paso Heights Children's Area: CHILDREN BIOGRAPHY Pinkney, J. 2023 - On Shelf"
https://catalog.saclibrary.org/GroupedWork/5d718436-c5f5-dcc7-3685-f796d1f3d370-eng,"Idea makers: 15 fearless female entrepreneurs","Sichol, Lowey Bundy",9781641606745,,"Chicago Review Press; Houghton Mifflin Harcourt Publishing Company","2019 - 2022","New York, New York",eBook;Book,"Book::Arcade Teen Area: TEEN 305.42 S565 2019 - On Shelf,Book::Courtland Teen Area: TEEN 305.42 S565 2019 - On Shelf,Book::Del Paso Heights Teen Area: TEEN 305.42 S565 2019 - On Shelf"
https://catalog.saclibrary.org/GroupedWork/262388c4-513c-92d8-88ac-51a9689db17b-eng,"LeBron James","Maraniss, Andrew",9780593526163,,"Viking, an imprint of Penguin Random House LLC",2024,"New York",Book,"Book::Arden-Dimick Children's Area: CHILDREN BIOGRAPHY James, L. 2024 - Checked Out,Book::Carmichael Children's Area: CHILDREN BIOGRAPHY James, L. 2024 - On Shelf,Book::Courtland Children's Area: CHILDREN BIOGRAPHY James, L. 2024 - On Shelf"
https://catalog.saclibrary.org/GroupedWork/f8164411-7f94-2bde-5701-236300c3b304-eng,"Art is life: the life of artist Keith Haring","Brown, Tami Lewis",9780374304249,,"Farrar, Straus and Giroux (BYR); Farrar Straus Giroux",2020,"New York",eBook;Book,"Book::Belle Cooledge Children's Area: CHILDREN BIOGRAPHY Haring, K. 2020 - On Shelf,Book::Courtland Children's Area: CHILDREN BIOGRAPHY Haring, K. 2020 - On Shelf,Book::Elk Grove Kids' Place: CHILDREN BIOGRAPHY Haring, K. 2020 - On Shelf"
https://catalog.saclibrary.org/GroupedWork/4ebabf11-1770-d0b8-7cf7-ed75fb75f543-eng,Shakira,"Sánchez Vegara, Ma Isabel (María Isabel)",9780711283107,,"Frances Lincoln Children's Books",2023,"Beverly, MA",Book,"Book::Belle Cooledge Children's Area: CHILDREN BIOGRAPHY Shakira 2023 - On Shelf,Book::Galt Children's Area: CHILDREN BIOGRAPHY Shakira 2023 - On Shelf,Book::North Natomas Children's Area: CHILDREN BIOGRAPHY Shakira 2023 - On Shelf"
https://catalog.saclibrary.org/GroupedWork/fecdd376-b8d2-d370-aed9-604d61d1cd17-eng,"June Almeida, virus detective!: the woman who discovered the first human coronavirus","Slade, Suzanne",9781534111325,,"Sleeping Bear Press",2021,"Ann Arbor, MI",eBook;Book,"Book::Central Kids Place - Lower Level: CHILDREN BIOGRAPHY Almeida, J. 2021 - On Shelf,Book::Belle Cooledge Children's Area: CHILDREN BIOGRAPHY Almeida, J. 2021 - On Shelf,Book::Del Paso Heights Children's Area: CHILDREN BIOGRAPHY Almeida, J. 2021 - On Shelf"
https://catalog.saclibrary.org/GroupedWork/961b56e5-e87b-a21d-ecc2-db85deefd8b7-eng,"The snail","Hughes, Emily (Emily M.)",9781797204673,,"Recorded Books, Inc.; Chronicle Books LLC; Chronicle Books","2022 - 2023","San Francisco",eBook;Book;eAudiobook,"Book::Central Kids Place - Lower Level: CHILDREN BIOGRAPHY Noguchi, I. 2022 - On Shelf,Book::Belle Cooledge Children's Area: CHILDREN BIOGRAPHY Noguchi, I. 2022 - On Shelf,Book::Franklin Children's: CHILDREN BIOGRAPHY Noguchi, I. 2022 - On Shelf"
https://catalog.saclibrary.org/GroupedWork/fc5e43cb-0759-361b-6084-dfd74b3fa223-eng,"Nelson Mandela: ""no easy walk to freedom""","Denenberg, Barry",9780545669115,,"Scholastic Inc.; Scholastic Inc","2013 - 2014","New York, NY",eBook;Book,"Book::South Natomas Children's Area: CHILDREN BIOGRAPHY Mandela, N. 2014 - Checked Out,Book::Southgate Children's Area: CHILDREN BIOGRAPHY Mandela, N. 2014 - On Shelf"
https://catalog.saclibrary.org/GroupedWork/6e4d87c3-e42d-d0e4-1716-0a49d532a31b-eng,"All star: how Larry Doby smashed the color barrier in baseball","Vernick, Audrey",9781328482976,,"Clarion Books/Houghton Mifflin Harcourt; HarperCollins",2022,Boston,eBook;Book,"Book::Carmichael Children's Area: CHILDREN BIOGRAPHY Doby, L. 2022 - On Shelf,Book::Elk Grove Kids' Place: CHILDREN BIOGRAPHY Doby, L. 2022 - On Shelf,Book::Franklin Children's: CHILDREN BIOGRAPHY Doby, L. 2022 - On Shelf"
https://catalog.saclibrary.org/GroupedWork/b3d586cf-96cf-36f0-1d28-218f35627835-eng,"Mumbet's Declaration of Independence","Woelfle, Gretchen",9780761365891,,"Lerner Publishing Group; Dreamscape Media; Carolrhoda Books","2014 - 2022","Minneapolis, MN",eBook;Book;eAudiobook,"Book::South Natomas Children's Area: CHILDREN 306.362082 W842 2014 - On Shelf,Book::Pocket-Greenhaven Kids' Place: CHILDREN 306.362082 W842 2014 - On Shelf,Book::Rancho Children's Area: CHILDREN 306.362082 W842 2014 - On Shelf"
https://catalog.saclibrary.org/GroupedWork/27b87f29-c744-60db-e00c-6b41a6fa2256-eng,"Muhammad Ali was a chicken?","Gutman, Dan",9781324015604,,"Dreamscape Media; Norton Young Readers, an imprint of W.W. Norton & Company",2021,"New York, NY",eAudiobook;Book,"Book::Carmichael Children's Area: CHILDREN BIOGRAPHY Ali, M. 2021 - On Shelf,Book::Central Kids Place - Lower Level: CHILDREN BIOGRAPHY Ali, M. 2021 - On Shelf,Book::Colonial Heights Children's Area: CHILDREN BIOGRAPHY Ali, M. 2021 - On Shelf"
