Link,Title,Author,ISBN,UPC,Publisher,"Publish Date","Place of Publication",Format,"Location & Call Number"
https://catalog.saclibrary.org/GroupedWork/b066b0a0-d71f-daf7-02ac-6c84bf49f2c8-eng,"Biography of resistance: the epic battle between people and pathogens","Zaman, Muhammad H. (Muhammad Hamid)",9780062862976,,"Harper Wave, an imprint of HarperCollinsPublishers; HarperCollins; Harper Wave; Harper",2020,"New York, NY",eAudiobook;eBook;Book,"Book::Central: 616.9041 Z23 2020 - On Shelf,Book::Franklin: 616.9041 Z23 2020 - On Shelf,Book::South Natomas: 616.9041 Z23 2020 - On Shelf"
https://catalog.saclibrary.org/GroupedWork/f9a49a7a-e669-9bc1-0402-746586146940-eng,"Biography of a dangerous idea: a new history of race from Louis XIV to Thomas Jefferson","Curran, Andrew S",9781635422245,,"Other Press",2026,"New York",eBook;Book,"Book::Central New Books - 4th Floor: 305.8009 C976 2026 - On Shelf,Book::Franklin: 305.8009 C976 2026 - On Shelf,Book::North Natomas: 305.8009 C976 2026 - On Shelf"
https://catalog.saclibrary.org/GroupedWork/aa08a3a0-d5cb-278f-ef33-458b3ff63552-eng,"Biography index",,,,"H.W. Wilson Co",1949,"New York",Book,"Book::Central Reference - 4th Floor: INDEX REFERENCE 016.92 B615 1999/00 3L - Library Use Only"
https://catalog.saclibrary.org/GroupedWork/50f01ee1-67aa-f082-dfa3-7de848b11e13-eng,"The biography of J.R.R. Tolkien: architect of Middle-Earth","Grotta, Daniel, 1944-",9780762409563,,"Running Press",2000,Philadelphia,Book,"Book::Carmichael: BIOGRAPHY Tolkien, J. 1992 - Checked Out,Book::Central: BIOGRAPHY Tolkien, J. 1992 - On Shelf,Book::Rancho Cordova: BIOGRAPHY Tolkien, J. 1992 - On Shelf"
https://catalog.saclibrary.org/GroupedWork/46d78375-d475-f4ed-baab-84b0077fa66d-eng,"Biography of a phantom: a Robert Johnson blues odyssey","McCormick, Mack",9781588347343,,"Smithsonian Books",2023,"Washington, DC",Book,"Book::Central: 782.421643 J688zm 2023 - On Shelf,Book::South Natomas: 782.421643 J688zm 2023 - On Shelf,Book::Valley Hi-North Laguna: 782.421643 J688zm 2023 - Checked Out"
https://catalog.saclibrary.org/GroupedWork/91b694da-3fac-1a6b-85c4-fd8606c7a330-eng,"A biography of Thomas Wolfe","Austin, Neal F",,,"R. Beacham",1968,"[Austin, Tex.]",Book,"Book::Central: 813 W855za2 1968 - On Shelf"
https://catalog.saclibrary.org/GroupedWork/b2edc8ab-9b62-1f7f-345d-2abed59fda34-eng,"Biography of a runaway slave","Montejo, Esteban, 1860-1973",9781880684184,,"Curbstone Press",2003,"Willimantic, CT",Book,"Book::Central: 972.9105 M775zm 1994 - On Shelf"
https://catalog.saclibrary.org/GroupedWork/884e2b94-161d-74ea-75db-e65ca7acfb32-eng,"Biography of a progressive, Franklin K. Lane, 1864-1921","Olson, Keith W., 1931-",9780313206139,,"Greenwood Press",1979,"Westport, Conn",Book,"Book::Sacramento Room: SPE 973.9092 L265zo 1979 CAL - Library Use Only"
https://catalog.saclibrary.org/GroupedWork/986f624e-7672-a70d-0ed3-f96bb27844af-eng,"A biography of the pixel","Smith, Alvy Ray, 1943-",9780262542456,,"Tantor Media, Inc.; The MIT Press","2021 - 2022","Cambridge, Massachusetts",Book;eAudiobook,"Book::Central: 777.7 S642 2021 - On Shelf"
https://catalog.saclibrary.org/GroupedWork/e1e9b00a-8d10-7e3b-0909-1c364f7e1850-eng,"A biography of a mountain: the making and meaning of Mount Rushmore","Davis, Matthew Justin, 1977-",9781250285102,,"St. Martin's Press",2025,"New York",Book,"Book::Colonial Heights: 978.393 M928zd 2025 - On Shelf,Book::South Natomas: 978.393 M928zd 2025 - Checked Out,Book::Rancho Cordova: 978.393 M928zd 2025 - On Shelf"
https://catalog.saclibrary.org/GroupedWork/0aae4258-b1bd-2313-649c-24e69d36cc59-eng,"A biography of a map in motion: Augustine Herrman's Chesapeake","Koot, Christian J",9781479837298,,"New York University Press",2018,"New York",Book,"Book::Central: 912.7554 K82 2018 - On Shelf"
https://catalog.saclibrary.org/GroupedWork/72e2c88c-01c0-97a5-71dd-95780e7099aa-eng,"Biography of an idea: the story of mutual fire and casualty insurance","Bainbridge, John, 1913-1992",,,Doubleday,1952,"Garden City, N.Y",Book,"Book::Central Closed Stacks - Library Use Only: 368 B162 1952 INA - Library Use Only"
https://catalog.saclibrary.org/GroupedWork/64763592-3e40-d52b-8273-5bb1389b8b95-eng,"Biography of a bank: the story of Bank of America N.T. & S.A","James, Marquis, 1891-1955",9780837138343,,Harper,1954,"New York",Book,"Book::Sacramento Room: 332.12 B218zj 1954 CAL - Library Use Only"
https://catalog.saclibrary.org/GroupedWork/368ecd07-4f89-9d08-831b-1f128567f1b4-eng,"The biography of the late Marshall Foch","Aston, George, Sir, 1861-1938",,,,1929,,Book,"Book::Central Closed Stacks - Library Use Only: BIOGRAPHY Foch INA - Library Use Only"
https://catalog.saclibrary.org/GroupedWork/d579f491-48ad-7952-c23a-7045f9ace99c-eng,"The biography of San Francisco State University","Chandler, Arthur",9780938530336,,"Lexikos Press",1986,"San Francisco",Book,"Book::Sacramento Room: SPE 378.79461 S195zc 1986 CAL - Library Use Only"
https://catalog.saclibrary.org/GroupedWork/db0e8285-aee7-f8c6-be95-0c179eac5024-eng,"Bourdain: the definitive oral biography","Woolever, Laurie",9780062909107,,"Harper Large Print, an imprint of HarperCollinsPublishers; Ecco, an imprint of HarperCollinsPublishers; HarperCollins; HarperAudio",2021,"New York, NY","eAudiobook;Large Print;Book;eBook","Book::Arcade: BIOGRAPHY Bourdain, A. 2021 - On Shelf,Book::Carmichael: BIOGRAPHY Bourdain, A. 2021 - On Shelf,Book::Central: BIOGRAPHY Bourdain, A. 2021 - On Shelf"
https://catalog.saclibrary.org/GroupedWork/11556a6e-33f2-5aa1-0af3-5a9f45233a09-eng,"Gwyneth: the biography","Odell, Amy",9781668005774,,"Simon & Schuster Audio; Gallery Books",2025,"New York",eAudiobook;Book;eBook,"Book::Central: BIOGRAPHY Paltrow, G. 2025 - On Shelf,Book::Colonial Heights: BIOGRAPHY Paltrow, G. 2025 - On Shelf,Book::Sylvan Oaks: BIOGRAPHY Paltrow, G. 2025 - On Shelf"
https://catalog.saclibrary.org/GroupedWork/7b4217a5-ebaa-ecd5-ceca-0c0c2c80abf0-eng,"Barkley: a biography","Bella, Timothy",9781335484970,,"Harlequin Audio; HarlequinAudio; Hanover Square Press",2022,"Toronto, Ontario, Canada",eAudiobook;eBook;Book,"Book::Arcade: BIOGRAPHY Barkley, C. 2022 - On Shelf,Book::Carmichael: BIOGRAPHY Barkley, C. 2022 - On Shelf,Book::Central: BIOGRAPHY Barkley, C. 2022 - On Shelf"
https://catalog.saclibrary.org/GroupedWork/63159392-68f1-dbc5-47d1-e79748986d4e-eng,"Maggie Smith: a biography","Coveney, Michael, 1948-",9781250081483,,"St. Martin's Press; St. Martin's Publishing Group; Thorndike Press, a part of Gale, Cengage Learning; Macmillan Audio","2015 - 2016","New York; Farmington Hills, Mich","eAudiobook;Audiobook - CD;eBook;Large Print;Book","Book::Southgate: BIOGRAPHY Smith, M. 2015 - On Shelf,Book::Folsom Adult: 792.028 COV 2015 - On Shelf"
https://catalog.saclibrary.org/GroupedWork/34950e61-1351-3a6b-1549-4a3396efab11-eng,"Yoko: a biography","Sheff, David",9781982188245,,"Simon & Schuster",2025,"New York",eBook;Book,"Book::Carmichael: BIOGRAPHY Ono, Y. 2025 - On Shelf,Book::Central: BIOGRAPHY Ono, Y. 2025 - Checked Out,Book::McClatchy: BIOGRAPHY Ono, Y. 2025 - On Shelf"
https://catalog.saclibrary.org/GroupedWork/b17e59bb-3393-4eed-9a85-f14041b13f0a-eng,"Oprah: a biography","Kelley, Kitty",9780307394866,,"Crown Publishers; Crown; Books on Tape; Random House Audio",2010,"New York; New York, N.Y","eAudiobook;Audiobook - CD;eBook;Book","Book::Central: BIOGRAPHY Winfrey, O. 2010 - On Shelf,Book::Elk Grove: BIOGRAPHY Winfrey, O. 2010 - On Shelf,Book::Fair Oaks: BIOGRAPHY Winfrey, O. 2010 - On Shelf"
https://catalog.saclibrary.org/GroupedWork/92bca862-63cb-3549-920b-66d1ca84f5ac-eng,"Anna: the biography","Odell, Amy",9781982122638,,"Simon & Schuster Audio; Gallery Books",2022,"New York",eAudiobook;Book;eBook,"Book::Carmichael: BIOGRAPHY Wintour, A. 2022 - On Shelf,Book::Central: BIOGRAPHY Wintour, A. 2022 - Checked Out,Book::Courtland: BIOGRAPHY Wintour, A. 2022 - On Hold Shelf"
https://catalog.saclibrary.org/GroupedWork/7e948926-9cb0-6aa6-9404-5cea4e5534b2-eng,"Anne Frank: the biography","Müller, Melissa, 1967-",9780805087314,,"Henry Holt and Co.; Metropolitan Books/Henry Holt and Company; Metropolitan Books/Henry Holt","1998 - 2013","New York",eBook;Book,"Book::Central: BIOGRAPHY Frank, A. 2013 - On Shelf,Book::Franklin: BIOGRAPHY Frank, A. 2013 - On Shelf,Book::McKinley: BIOGRAPHY Frank, A. 2013 - On Shelf"
https://catalog.saclibrary.org/GroupedWork/1a01ce69-b6e5-5262-dd15-1c31b91f4ebc-eng,"JFK Jr: an intimate oral biography","Terenzio, RoseMarie",9781668018514,,"Simon & Schuster Audio; Gallery Books",2024,"New York",eAudiobook;eBook;Book,"Book::Carmichael: BIOGRAPHY Kennedy, J. 2024 - Checked Out,Book::Central: BIOGRAPHY Kennedy, J. 2024 - On Shelf,Book::Fair Oaks: BIOGRAPHY Kennedy, J. 2024 - Checked Out"
https://catalog.saclibrary.org/GroupedWork/72a9d1ae-f374-7406-414d-aa47509fe4fb-eng,"Zelda: a biography","Milford, Nancy",9780062089397,,"Harper & Row; HarperCollins; Harper Perennial; Harper Perennial Modern Classics","1970 - 2013","New York",eBook;Book,"Book::Fair Oaks: BIOGRAPHY Fitzgerald, Z. 2011 - On Shelf,Book::Central: BIOGRAPHY Fitzgerald, Z. 1970 - On Shelf"
https://catalog.saclibrary.org/GroupedWork/ce56cecd-f2c7-1243-92f2-6c9bb26a6f9b-eng,"Boone: a biography","Morgan, Robert, 1944-",9781565124554,,"Recorded Books, Inc.; Algonquin Books of Chapel Hill; Little, Brown and Company","2007 - 2008","Chapel Hill, N.C",eBook;Book;eAudiobook,"Book::Central: BIOGRAPHY Boone, D. 2007 - On Shelf,Book::South Natomas: BIOGRAPHY Boone, D. 2007 - On Shelf,Book::Sutter County Main Branch: 976.902 MOR - On Shelf"
https://catalog.saclibrary.org/GroupedWork/0bb4a9c4-97b0-b87c-f21f-b032b6e22f6f-eng,"Petty: the biography","Zanes, Warren",9780805099683,,"Henry Holt and Company; Henry Holt and Co.",2015,"New York",eBook;Book,"Book::Isleton: BIOGRAPHY Petty, T. 2015 - On Shelf,Book::Rancho Cordova: BIOGRAPHY Petty, T. 2015 - On Shelf,Book::Woodland Public Library: BIOGRAPHY Petty, T. 2015 - On Shelf"
https://catalog.saclibrary.org/GroupedWork/4d03f4a1-392f-d6e6-a321-d4ebc21c5aca-eng,"Free, Melania: the unauthorized biography","Bennett, Kate (Journalist)",9781250307378,,"Macmillan Audio; Flatiron Books","2019 - 2024","New York",eAudiobook;eBook;Book,"Book::Carmichael: BIOGRAPHY Trump, M. 2019 - On Shelf,Book::North Natomas: BIOGRAPHY Trump, M. 2019 - On Shelf,Book::North Sacramento-Hagginwood: BIOGRAPHY Trump, M. 2019 - On Shelf"
https://catalog.saclibrary.org/GroupedWork/1e40c945-df07-f330-6fd5-f8fc8d25965f-eng,"Billy Joel: the definitive biography","Schruers, Fred",9780804140195,,"Crown; Crown Archetype",2014,"New York",eBook;Book,"Book::Carmichael: BIOGRAPHY Joel, B. 2014 - Checked Out,Book::Central: BIOGRAPHY Joel, B. 2014 - On Shelf,Book::Colonial Heights: BIOGRAPHY Joel, B. 2014 - On Shelf"
https://catalog.saclibrary.org/GroupedWork/f4203f98-fb7e-c1aa-eb3b-c69b98337c69-eng,"Pessoa: a biography","Zenith, Richard",9780871404718,,"Liveright Publishing Corporation; Highbridge Company","2021 - 2023","New York, N.Y",Book;eAudiobook,"Book::Central: BIOGRAPHY Pessoa, F. 2021 - On Shelf,Book::Elk Grove: BIOGRAPHY Pessoa, F. 2021 - On Shelf,Book::South Natomas: BIOGRAPHY Pessoa, F. 2021 - On Shelf"
https://catalog.saclibrary.org/GroupedWork/82ccd001-ce44-508c-6da3-1ea51c52a03b-eng,"Ernest Hemingway: a biography","Dearborn, Mary V",9780307594679,,"Alfred A. Knopf; Knopf Doubleday Publishing Group; Highbridge Company; HighBridge",2017,"New York",eAudiobook;Book;eBook,"Book::Central: BIOGRAPHY Hemingway, E. 2017 - On Shelf,Book::Fair Oaks: BIOGRAPHY Hemingway, E. 2017 - On Shelf,Book::North Natomas: BIOGRAPHY Hemingway, E. 2017 - On Shelf"
https://catalog.saclibrary.org/GroupedWork/bb4e5ff7-0eb7-524b-4b0f-59eeb0214939-eng,"Philip Roth: the biography","Bailey, Blake, 1963-",9780393240726,,"Recorded Books, Inc.; Skyhorse Publishing; Skyhorse; W.W. Norton & Company",2021,"New York, N.Y",eAudiobook;eBook;Book,"Book::Del Paso Heights: BIOGRAPHY Roth, P. 2021 - On Shelf,Book::McKinley: BIOGRAPHY Roth, P. 2021 - On Shelf,Book::Sylvan Oaks: BIOGRAPHY Roth, P. 2021 - On Shelf"
https://catalog.saclibrary.org/GroupedWork/8d742a19-192e-a24d-a503-63d01778d1bf-eng,"George Marshall: a biography","Unger, Debi",9780060577193,,"HarperCollins; HarperAudio; Harper",2014,"New York, NY",eAudiobook;eBook;Book,"Book::Central: BIOGRAPHY Marshall, G. 2014 - On Shelf,Book::McKinley: BIOGRAPHY Marshall, G. 2014 - On Shelf,Book::Southgate: BIOGRAPHY Marshall, G. 2014 - On Shelf"
https://catalog.saclibrary.org/GroupedWork/3f528fb9-3e2f-5e6e-c76f-c8f2d0abe8c4-eng,"Nora Ephron: a biography","Doidge, Kristin Marguerite",9781641603751,,"Chicago Review Press; Blackstone Publishing",2022,Chicago,eBook;Book;eAudiobook,"Book::Central: BIOGRAPHY Ephron, N. 2022 - On Shelf,Book::Franklin: BIOGRAPHY Ephron, N. 2022 - On Shelf,Book::North Natomas: BIOGRAPHY Ephron, N. 2022 - On Shelf"
https://catalog.saclibrary.org/GroupedWork/26b78d3c-c0e6-409c-6758-4ed8bc5fea4c-eng,"Elsa Schiaparelli: a biography","Secrest, Meryle",9780307701596,,"Alfred A. Knopf; Knopf Doubleday Publishing Group",2014,"New York",eBook;Book,"Book::Central: BIOGRAPHY Schiaparelli, E. 2014 - On Shelf,Book::Franklin: BIOGRAPHY Schiaparelli, E. 2014 - On Shelf,Book::South Natomas: BIOGRAPHY Schiaparelli, E. 2014 - On Shelf"
https://catalog.saclibrary.org/GroupedWork/aba6508f-ccc7-f16f-4c62-856b981c2737-eng,"Ansel Adams: a biography","Alinder, Mary Street, 1946-",9781620408001,,"Little, Brown and Company; Bloomsbury USA; Bloomsbury; H. Holt","1996 - 2017","New York",eBook;Book,"Book::Arden-Dimick: BIOGRAPHY Adams, A. 2014 - Checked Out,Book::Carmichael: BIOGRAPHY Adams, A. 2014 - On Shelf,Book::Central: BIOGRAPHY Adams, A. 2014 - On Shelf"
https://catalog.saclibrary.org/GroupedWork/7021b140-0d20-515c-2c61-11d5d694794e-eng,"Mapplethorpe: a biography","Morrisroe, Patricia, 1951-",9780394576503,,"Random House; Random House Publishing Group","1995 - 2016","New York",eBook;Book,"Book::Central: BIOGRAPHY Mapplethorpe, R. 1995 - Checked Out"
https://catalog.saclibrary.org/GroupedWork/0cbd7c9b-ad0b-0105-fad1-13c873894ec7-eng,"Dickens: a biography","Kaplan, Fred, 1937-",9780801860188,,"Johns Hopkins University Press; Morrow; Open Road Media","1988 - 2013","New York; Baltimore",eBook;Book,"Book::Central: BIOGRAPHY Dickens, C. 1988 - On Shelf"
https://catalog.saclibrary.org/GroupedWork/6ddf8725-6f03-6df1-fb7e-c30045508bf5-eng,"Saul Steinberg: a biography","Bair, Deirdre",9780385524483,,"Knopf Doubleday Publishing Group; Nan A. Talese/Doubleday",2012,"New York",eBook;Book,"Book::Central: BIOGRAPHY Steinberg, S. 2012 - On Shelf"
https://catalog.saclibrary.org/GroupedWork/5a50b537-daa1-a896-7d76-f7d9a93ebf1f-eng,"Gold dust woman: the biography of Stevie Nicks","Davis, Stephen, 1947-",9781250032898,,"Highbridge Company; St. Martin's Press; St. Martin's Publishing Group",2017,"New York",eBook;Book;eAudiobook,"Book::Arcade: BIOGRAPHY Nicks, S. 2017 - On Shelf,Book::Carmichael: BIOGRAPHY Nicks, S. 2017 - On Shelf,Book::Central: BIOGRAPHY Nicks, S. 2017 - On Shelf"
https://catalog.saclibrary.org/GroupedWork/d3605688-f32a-6e6d-8335-0f01f73a6d01-eng,"Mandela: a biography","Meredith, Martin",9781586488321,,PublicAffairs,2010,"New York",eBook;Book,"Book::Arcade: BIOGRAPHY Mandela, N. 2010 - On Shelf,Book::Central: BIOGRAPHY Mandela, N. 2010 - On Shelf"
https://catalog.saclibrary.org/GroupedWork/17debb64-f21e-d5f4-04ec-442641ed76c1-eng,"Salinger, a biography","Alexander, Paul, 1955-",9781580631488,,"St. Martin's Publishing Group; Renaissance Books","1999 - 2013","Los Angeles, Calif",eBook;Book,"Book::Central: BIOGRAPHY Salinger, J. 1999 - On Shelf,Book::South Natomas: BIOGRAPHY Salinger, J. 1999 - On Shelf"
https://catalog.saclibrary.org/GroupedWork/c65e4aeb-18e0-d0d0-b15d-8650953acd0f-eng,"Michael Douglas: a biography","Eliot, Marc",9780307952363,,"Crown; Crown Archetype",2012,"New York",eBook;Book,"Book::Central: BIOGRAPHY Douglas, M. 2012 - On Shelf,Book::Sylvan Oaks: BIOGRAPHY Douglas, M. 2012 - On Shelf"
https://catalog.saclibrary.org/GroupedWork/192db835-e281-2764-b687-350c6f8aed41-eng,"Churchill: a biography","Jenkins, Roy, 1920-2003",9780452283527,,"Farrar, Straus and Giroux; Plume; Blackstone Publishing","2001 - 2010","New York",eAudiobook;Book,"Book::Central: BIOGRAPHY Churchill, W. 2002 - On Shelf"
https://catalog.saclibrary.org/GroupedWork/eaf905f4-abbe-0a33-4e2f-296ff613237c-eng,"Kerouac: a biography","Charters, Ann",9780312113476,,"St. Martin's Press; St. Martin's Publishing Group","1994 - 2015","New York",eBook;Book,"Book::Central: BIOGRAPHY Kerouac, J. 1994 - On Shelf"
https://catalog.saclibrary.org/GroupedWork/618d7901-4dd1-6373-188a-b5f8658479fa-eng,"Ingenious: a biography of Benjamin Franklin, scientist","Munson, Richard",9780393882230,,"W.W. Norton and Company; W. W. Norton & Company; Tantor Media, Inc","2024 - 2025","New York, NY",eBook;Book;eAudiobook,"Book::Central: BIOGRAPHY Franklin, B. 2025 - On Shelf,Book::Rio Linda: BIOGRAPHY Franklin, B. 2025 - On Shelf,Book::Sylvan Oaks: BIOGRAPHY Franklin, B. 2025 - On Shelf"
https://catalog.saclibrary.org/GroupedWork/baf52d56-dd98-8bc7-7465-ebda17b39ef7-eng,"Shackleton: the biography","Fiennes, Ranulph, Sir, 1944-",9781643138794,,"Pegasus Books; Blackstone Publishing",2022,"New York",Book;eAudiobook,"Book::Carmichael: BIOGRAPHY Shackleton, E. 2022 - On Shelf,Book::Central: BIOGRAPHY Shackleton, E. 2022 - On Shelf,Book::Sylvan Oaks: BIOGRAPHY Shackleton, E. 2022 - On Shelf"
https://catalog.saclibrary.org/GroupedWork/b4fe6a9a-7689-2d09-a900-2cdd2ce505e4-eng,"A biography of Mrs. Marty Mann: the first lady of Alcoholics Anonymous","Brown, Sally, 1923-",9781592853076,,"Hazelden Information & Educational Services",2001,"Center City, MN",Book,"Book::Central: BIOGRAPHY Mann, M. 2001 - OFF CAMPUS"
https://catalog.saclibrary.org/GroupedWork/520c0746-6c37-4299-47a7-5d142b5172fa-eng,"Dylan: the biography","McDougal, Dennis",9780470636237,,"Wiley; Turner Publishing Company",2014,"Nashville, Tennessee",eBook;Book,"Book::Central: BIOGRAPHY Dylan, B. 2014 - On Shelf"
https://catalog.saclibrary.org/GroupedWork/94072a17-2de2-0955-f35d-575c6c5c111f-eng,"Adele: the biography","Shapiro, Marc, 1949-",9781250025470,,"St. Martin's Publishing Group; St. Martin's Griffin",2012,"New York",eBook;Book,"Book::Central: BIOGRAPHY Adele 2012 - On Shelf"
https://catalog.saclibrary.org/GroupedWork/11ca95ff-b597-f33a-9252-6587304a6296-eng,"Buffy Sainte-Marie: the authorized biography","Warner, Andrea",9781771643580,,"Greystone Books",2018,Vancouver,eBook;Book,"Book::Central: BIOGRAPHY Sainte-Marie, B. 2018 - On Shelf,Book::Elk Grove: BIOGRAPHY Sainte-Marie, B. 2018 - On Shelf,Book::Fair Oaks: BIOGRAPHY Sainte-Marie, B. 2018 - On Shelf"
https://catalog.saclibrary.org/GroupedWork/99cde69f-d205-3941-9bff-d3f2e3c5481f-eng,"Scott Fitzgerald: a biography","Meyers, Jeffrey",9780062316950,,"HarperCollins; Harper Perennial","1994 - 2014","New York",eBook;Book,"Book::Central: BIOGRAPHY Fitzgerald, F. 2014 - On Shelf,Book::Colonial Heights: BIOGRAPHY Fitzgerald, F. 2014 - On Shelf"
https://catalog.saclibrary.org/GroupedWork/728c52be-dc88-7e14-68e9-8de1a1099478-eng,"The adventures of Miss Barbara Pym: a biography","Byrne, Paula",9780008322205,,"HarperCollins Publishers; William Collins","2021 - 2022",London,eAudiobook;Book;eBook,"Book::Carmichael: BIOGRAPHY Pym, B. 2022 - On Shelf,Book::Central: BIOGRAPHY Pym, B. 2022 - On Shelf,Book::Franklin: BIOGRAPHY Pym, B. 2022 - On Shelf"
https://catalog.saclibrary.org/GroupedWork/d4c217ed-ca47-b77b-fd15-f1c79bcad23b-eng,"Jimmy Page: the definitive biography","Salewicz, Chris",9780306845383,,"Hachette Audio; Da Capo Press; Grand Central Publishing",2019,"New York",eBook;Book;eAudiobook,"Book::Sylvan Oaks: BIOGRAPHY Page, J. 2019 - On Shelf"
https://catalog.saclibrary.org/GroupedWork/5e583a63-ffb3-a613-eb8e-248eabee388a-eng,"Melville: a biography","Robertson-Lorant, Laurie, 1940-",9781558491458,,"Clarkson Potter/Publishers; University of Massachusetts Press","1995 - 1998","New York; Amherst",Book,"Book::Central: BIOGRAPHY Melville, H. 1995 - On Shelf"
https://catalog.saclibrary.org/GroupedWork/03411584-3907-6d85-90d6-d15d25ada2ec-eng,"A. Lincoln: a biography","White, Ronald C. (Ronald Cedric), 1939-",9781400064991,,"Random House; Random House Publishing Group; Brilliance Audio",2009,"Grand Haven, Mich; New York","Audiobook - CD;Book;eBook","Book::Central: BIOGRAPHY Lincoln, A. 2009 - On Shelf,Book::Folsom Reading Room: BIOGRAPHY Lincoln, A. 2009 - On Shelf"
https://catalog.saclibrary.org/GroupedWork/454d6224-b557-5f75-559b-5e30ae9edc08-eng,"What happened, Miss Simone?: a biography","Light, Alan",9781101904879,,"Crown; Crown Archetype; Books on Tape",2016,"New York",eAudiobook;eBook;Book,"Book::Central: BIOGRAPHY Simone, N. 2016 - On Shelf,Book::South Natomas: BIOGRAPHY Simone, N. 2016 - In Transit,Book::North Natomas: BIOGRAPHY Simone, N. 2016 - On Shelf"
https://catalog.saclibrary.org/GroupedWork/303657cc-b56f-1a26-3065-a3705501436a-eng,"Paul: a biography","Wright, N. T. (Nicholas Thomas)",9780061730580,,"HarperCollins; HarperOne, an imprint of HarperCollinsPublishers; HarperAudio",2018,"New York, NY",eAudiobook;eBook;Book,"Book::Central: BIOGRAPHY Paul 2018 - On Shelf,Book::Colonial Heights: BIOGRAPHY Paul 2018 - On Shelf,Book::Belle Cooledge: BIOGRAPHY Paul 2018 - On Shelf"
https://catalog.saclibrary.org/GroupedWork/306f05a5-711f-2a76-483c-d294637330f7-eng,"Abba Eban: a biography","Siniver, Asaf, 1976-",9781468309331,,"Abrams; Overlook Duckworth, Peter Mayer Publishers, Inc; ABRAMS, Inc.",2015,"New York, NY",eBook;Book,"Book::Central: BIOGRAPHY Eban, A. 2015 - On Shelf"
https://catalog.saclibrary.org/GroupedWork/520f150a-c390-0112-2116-bc9c4dce64c1-eng,"Eudora Welty: a biography","Marrs, Suzanne",9780151009145,,"Harcourt; HarperCollins","2006 - 2015",Orlando,eBook;Book,"Book::Central: BIOGRAPHY Welty, E. 2006 - On Shelf"
https://catalog.saclibrary.org/GroupedWork/f23e4949-b0f8-30bc-4887-0f8478fb4447-eng,"Michelle: a biography","Mundy, Liza, 1960-",9781416599432,,"Thorndike Press; Simon & Schuster","2008 - 2009","New York; Waterville, Me","Large Print;Book","Book::Central: BIOGRAPHY Obama, M. 2008 - On Shelf,Book::Woodland Public Library: BIOGRAPHY Obama 2008 - On Shelf"
https://catalog.saclibrary.org/GroupedWork/176121c4-c0e1-387f-ff20-008943eeb7a7-eng,"Timothy Leary: a biography","Greenfield, Robert",9780151005000,,"Harcourt, Inc; Blackstone Publishing",2006,Orlando,Book;eAudiobook,"Book::Carmichael: BIOGRAPHY Leary, T. 2006 - On Shelf,Book::North Natomas: BIOGRAPHY Leary, T. 2006 - On Shelf"
https://catalog.saclibrary.org/GroupedWork/d6ef48f0-e0f4-aaa5-76a0-706d5fb3be89-eng,"Spillane: king of pulp fiction : a biography","Collins, Max Allan",9781613163795,,"Highbridge Company; The Mysterious Press; HighBridge",2023,"New York",eAudiobook;Book,"Book::Arcade: BIOGRAPHY Spillane, M. 2023 - On Shelf,Book::Carmichael: BIOGRAPHY Spillane, M. 2023 - On Shelf,Book::Central: BIOGRAPHY Spillane, M. 2023 - On Shelf"
https://catalog.saclibrary.org/GroupedWork/6c32a80c-615b-129a-2fc1-ad5139bd2415-eng,"Bowie: the biography","Leigh, Wendy",9781476767093,,"Gallery Books",2014,"New York",Book,"Book::Elk Grove: BIOGRAPHY Bowie, D. 2014 - Checked Out,Book::Sylvan Oaks: BIOGRAPHY Bowie, D. 2014 - On Shelf,Book::Sutter County Main Branch: BIOGRAPHY BOWIE, D. - On Shelf"
https://catalog.saclibrary.org/GroupedWork/f0cbaa2c-3916-d728-6a20-863f81b71c52-eng,"Rodin: a biography","Grunfeld, Frederic V",9780805002799,,"Blackstone Publishing; Holt","1987 - 1999","New York",Book;eAudiobook,"Book::Central: BIOGRAPHY Rodin, A. 1987 - On Shelf"
https://catalog.saclibrary.org/GroupedWork/6a88b738-2146-0478-b413-51144f2b2a33-eng,"Mercury: an intimate biography of Freddie Mercury","Jones, Lesley-Ann",9781451663952,,"Simon & Schuster Audio; Touchstone; Simon & Schuster",2012,"New York",eBook;Book;eAudiobook,"Book::South Natomas: BIOGRAPHY Mercury, F. 2012 - On Shelf,Book::North Natomas: BIOGRAPHY Mercury, F. 2012 - On Shelf"
https://catalog.saclibrary.org/GroupedWork/5c23436a-36ac-9a06-5075-5c342b4a258b-eng,"The Queen Mother: the official biography","Shawcross, William",9781400043040,,"Alfred A. Knopf; Vintage Books","2009 - 2010","New York",Book,"Book::Central: BIOGRAPHY Elizabeth 2010 - On Shelf,Book::Arcade: BIOGRAPHY Elizabeth 2009 - On Shelf,Book::Valley Hi-North Laguna: BIOGRAPHY Elizabeth 2009 - On Shelf"
https://catalog.saclibrary.org/GroupedWork/3ce093fa-78b9-5564-4dfc-b7d27339b7bc-eng,"Lee Krasner: a biography","Levin, Gail, 1948-",9780061845277,,"W. Morrow; HarperCollins",2011,"New York",eBook;Book,"Book::Central: BIOGRAPHY Krasner, L. 2011 - On Shelf"
https://catalog.saclibrary.org/GroupedWork/1482f9da-0b94-fbc6-286e-80ea0fa2fb14-eng,"Maverick: a biography of Thomas Sowell","Riley, Jason L., 1971-",9781541619685,,"Basic Books",2021,"New York",eBook;Book,"Book::Carmichael: BIOGRAPHY Sowell, T. 2021 - On Shelf,Book::McKinley: BIOGRAPHY Sowell, T. 2021 - On Shelf,Book::Southgate: BIOGRAPHY Sowell, T. 2021 - Checked Out"
https://catalog.saclibrary.org/GroupedWork/2ce7ae2f-d8dc-f64d-a95d-17d6473da3e7-eng,"The Beatles: the biography","Spitz, Bob",9780316803526,,"Simon & Schuster Audio; Little, Brown and Company; Little, Brown","2005 - 2012","New York",eBook;Book,"Book::Central: 782.4216 B369zs 2005 - Checked Out,Book::Woodland Public Library: BIOGRAPHY Beatles 2005 - On Shelf"
https://catalog.saclibrary.org/GroupedWork/8a28d8c7-5246-e7d4-68eb-4ac70fea7e09-eng,"Geronimo: a biography","Stout, Mary, 1954-",9780313344541,,ABC-CLIO,2009,"Santa Barbara, Calif",Book,"Book::Central: BIOGRAPHY Geronimo 2009 - On Shelf"
https://catalog.saclibrary.org/GroupedWork/5a431a49-f629-db5d-ddd3-d5c7fb9393af-eng,"Gore Vidal: a biography","Kaplan, Fred, 1937-",9780385477031,,"Open Road Media; Doubleday","1999 - 2013","New York",eBook;Book,"Book::Central: BIOGRAPHY Vidal, G. 1999 - On Shelf"
https://catalog.saclibrary.org/GroupedWork/dcda587f-5571-84b3-7842-82b087d92cca-eng,"Elia Kazan: a biography","Schickel, Richard",9780060195793,,"HarperCollins; HarperCollins Publishers","2005 - 2011","New York",eBook;Book,"Book::Central: BIOGRAPHY Kazan, E. 2005 - On Shelf"
https://catalog.saclibrary.org/GroupedWork/52d4424e-f805-8fec-1fcd-fe06e6750d5f-eng,"The crusades of Cesar Chavez: a biography","Pawel, Miriam, 1958-",9781608197101,,"Bloomsbury Press",2014,"New York",eBook;Book,"Book::Fair Oaks: BIOGRAPHY Chavez, C. 2014 - On Shelf,Book::North Natomas: BIOGRAPHY Chavez, C. 2014 - On Shelf,Book::Pocket-Greenhaven: BIOGRAPHY Chavez, C. 2014 - On Shelf"
https://catalog.saclibrary.org/GroupedWork/f8974ab1-8309-7807-7452-2a0828f589c3-eng,"Goldwyn: a biography","Berg, A. Scott (Andrew Scott)",9780394510590,,"Distributed by Random House; Knopf; Phoenix Books, Inc.",1989,"New York",Book,"Book::Central: BIOGRAPHY Goldwyn, S. 1989 - On Shelf"
https://catalog.saclibrary.org/GroupedWork/1b27dfc7-ce9a-1901-54e1-0dc00adfd6e8-eng,"Woodrow Wilson: a biography","Cooper, John Milton",9780307265418,,"Recorded Books, Inc.; Alfred A. Knopf","2009 - 2010","New York",Book;eAudiobook,"Book::Arcade: BIOGRAPHY Wilson, W. 2009 - On Shelf,Book::Central: BIOGRAPHY Wilson, W. 2009 - On Shelf,Book::Isleton: BIOGRAPHY Wilson, W. 2009 - On Shelf"
https://catalog.saclibrary.org/GroupedWork/85139b04-da42-95ec-e529-233031a6608a-eng,"Beethoven: anguish and triumph : a biography","Swafford, Jan",9780618054749,,"Tantor Media, Inc.; Houghton Mifflin Harcourt; HarperCollins","2014 - 2015",Boston,eBook;Book;eAudiobook,"Book::Carmichael: BIOGRAPHY Beethoven, L. 2014 - On Shelf,Book::Elk Grove: BIOGRAPHY Beethoven, L. 2014 - On Shelf,Book::Sylvan Oaks: BIOGRAPHY Beethoven, L. 2014 - On Shelf"
https://catalog.saclibrary.org/GroupedWork/880ae563-4c5d-4fd5-77e1-32d12313fc7d-eng,"All that heaven allows: a biography of Rock Hudson","Griffin, Mark, 1968-",9780062408853,,"Harper, an imprint of HarperCollins Publishers; HarperLuxe, an imprint of HarperCollinsPublishers; HarperCollins; HarperAudio; Harper",2018,"New York, NY","eAudiobook;Large Print;eBook;Book","Book::Central: BIOGRAPHY Hudson, R. 2018 - On Shelf,Book::Fair Oaks: BIOGRAPHY Hudson, R. 2018 - On Shelf,Book::South Natomas: BIOGRAPHY Hudson, R. 2018 - On Shelf"
https://catalog.saclibrary.org/GroupedWork/d373c0b8-d30e-9b7d-4fa6-91156c25a1c4-eng,"Young rembrandt: a biography","Blom, Onno",9780393531794,,"Recorded Books, Inc.; W.W. Norton & Company",2020,"New York, NY",Book;eAudiobook,"Book::Central: BIOGRAPHY Rembrandt 2020 - On Shelf,Book::Belle Cooledge: BIOGRAPHY Rembrandt 2020 - On Shelf,Book::Elk Grove: BIOGRAPHY Rembrandt 2020 - On Shelf"
https://catalog.saclibrary.org/GroupedWork/e5fa8362-8424-8212-9fd5-37af543f33f4-eng,"Orwell: the authorized biography","Shelden, Michael",9780060167097,,"HarperCollins; Blackstone Publishing","1991 - 2012","New York, NY",Book;eAudiobook,"Book::Central: BIOGRAPHY Orwell, G. 1991 - On Shelf"
https://catalog.saclibrary.org/GroupedWork/293312bd-9245-c0d1-5200-c11623847441-eng,"Capote: a biography","Clarke, Gerald, 1937-",9780671228118,,"Tantor Media, Inc.; RosettaBooks; Simon and Schuster","1988 - 2021","New York",eBook;Book;eAudiobook,
https://catalog.saclibrary.org/GroupedWork/ca5941a7-1724-da06-aa49-00b025e62110-eng,"Street poison: the biography of Iceberg Slim","Gifford, Justin, 1975-",9780385538343,,"Knopf Doubleday Publishing Group; Highbridge Company; Doubleday",2015,"New York",eBook;Book;eAudiobook,"Book::Franklin: BIOGRAPHY Iceberg Slim 2015 - Checked Out"
https://catalog.saclibrary.org/GroupedWork/ccd5a98e-eaec-d9ed-0c0a-75df78d5d04f-eng,"The Appalachian Trail: a biography","D'Anieri, Philip",9780358171997,,"Houghton Mifflin Harcourt; HarperCollins; HarperAudio; Mariner Books",2021,Boston,eBook;Book;eAudiobook,"Book::Central: 974 D186 2021 - On Shelf,Book::Belle Cooledge: 974 D186 2021 - On Shelf,Book::South Natomas: 974 D186 2021 - On Shelf"
https://catalog.saclibrary.org/GroupedWork/0cfaedbf-042a-71a2-aa2a-b0d51fe9898d-eng,"Einstein's greatest mistake: a biography","Bodanis, David",9780544808560,,"Houghton Mifflin Harcourt; HarperCollins",2016,Boston,eBook;Book,"Book::Central: 530.092 E35zb1 2016 - On Shelf,Book::McKinley: 530.092 E35zb1 2016 - On Shelf,Book::Woodland Public Library: BIOGRAPHY Einstein, A. 2016 - On Shelf"
https://catalog.saclibrary.org/GroupedWork/7c13df92-b809-bb70-f8c7-a2a4c71b3d1a-eng,"Catherine, the Princess of Wales: a biography of the future queen","Jobson, Robert",9781639367122,,"Simon & Schuster Audio; Pegasus Books",2024,"New York",eAudiobook;eBook;Book,"Book::Central: BIOGRAPHY Catherine 2024 - On Shelf,Book::Colonial Heights: BIOGRAPHY Catherine 2024 - On Shelf,Book::North Natomas: BIOGRAPHY Catherine 2024 - On Shelf"
https://catalog.saclibrary.org/GroupedWork/d72097b7-3351-cac2-95e9-b4584acb40a8-eng,"Sutter of California: a biography","Dana, Julian, 1902-1961",9780837176444,,"The Press of the Pionners, Inc; Greenwood Press; Halcyon House","1934 - 1974","New York; Westport, Conn",Book,"Book::Carmichael California Collection: CALIFORNIA 979.454 S967zd 1974 - Library Use Only,Book::Sacramento Room: SPE 979.454 S967zd 1974 SAC - Library Use Only,Book::Sacramento Room: SPE 979.454 S967zd 1938 SAC - Library Use Only"
https://catalog.saclibrary.org/GroupedWork/3ffba70e-d88f-8c79-0037-2ef43e68daf6-eng,"Doris Lessing: a biography","Klein, Carole",9780786708062,,"Carroll & Graf; Blackstone Publishing","2000 - 2009","New York",Book;eAudiobook,"Book::Central: BIOGRAPHY Lessing, D. 2000 - On Shelf"
https://catalog.saclibrary.org/GroupedWork/867c8ede-0a04-13bc-e7cc-843ec307581b-eng,"Maeve Binchy: the biography","Dudgeon, Piers",9781250047144,,"Thomas Dunne Books, St. Martin's Press",2014,"New York",Book,"Book::Sylvan Oaks: BIOGRAPHY Binchy, M. 2013 - On Shelf,Book::Valley Hi-North Laguna: BIOGRAPHY Binchy, M. 2013 - On Shelf,Book::Folsom Reading Room: BIOGRAPHY Binchy, M. 2013 - On Shelf"
https://catalog.saclibrary.org/GroupedWork/a0465898-63d2-9995-5e5d-41c71bb56df6-eng,"Patton: a biography","Axelrod, Alan, 1952-",9781403971395,,"Blackstone Audiobooks; Palgrave Macmillan",2006,"New York; [Ashland, OR]","Audiobook - CD;Book","Book::Central: BIOGRAPHY Patton, G. 2006 - On Shelf"
https://catalog.saclibrary.org/GroupedWork/7b929ac9-c3fb-d413-e7d2-c221db20d4d6-eng,"Whittaker Chambers: a biography","Tanenhaus, Sam",9780394585598,,"Random House; Blackstone Publishing","1997 - 2009","New York",eAudiobook;Book,"Book::Central: 973.9 C445 1997 - On Shelf"
https://catalog.saclibrary.org/GroupedWork/9af6d881-7438-45ca-c8f5-aa2f1e25c079-eng,"Emiliano Zapata: a biography","Rolls, Albert",9780313380808,,Greenwood,2011,"Santa Barbara, Calif",Book,"Book::Central: BIOGRAPHY Zapata, E. 2011 - On Shelf"
https://catalog.saclibrary.org/GroupedWork/3321b1ac-d27e-f6ba-94c4-7cec45e9fa4a-eng,"Brooks: the biography of Brooks Robinson","Wilson, Doug",9781250033048,,"Thomas Dunne Books/St. Martin's Press; Thomas Dunne Books","2014 - 2024","New York",eBook;Book,"Book::Central: BIOGRAPHY Robinson, B. 2014 - On Shelf,Book::Elk Grove: BIOGRAPHY Robinson, B. 2014 - On Shelf,Book::Sylvan Oaks: BIOGRAPHY Robinson, B. 2014 - On Shelf"
https://catalog.saclibrary.org/GroupedWork/c560a8bc-d20b-250c-14b2-bcf85f0199c2-eng,"Nicholson: a biography","Eliot, Marc",9780307888372,,"Crown Archetype",2013,"New York",Book,"Book::Carmichael: BIOGRAPHY Nicholson, J. 2013 - On Shelf,Book::Central: BIOGRAPHY Nicholson, J. 2013 - On Shelf,Book::North Natomas: BIOGRAPHY Nicholson, J. 2013 - On Shelf"
https://catalog.saclibrary.org/GroupedWork/9ee108ba-1d3a-405b-7ac2-9ca1abf5a04b-eng,"The invention of Angela Carter: a biography","Gordon, Edmund",9780190626846,,"Oxford University Press",2017,"New York",eBook;Book,"Book::Central: BIOGRAPHY Carter, A. 2017 - On Shelf"
https://catalog.saclibrary.org/GroupedWork/afb44569-0949-902d-6da4-bab19a734258-eng,"Zelensky: a biography","Rudenko, Serhiĭ, 1970-",9781509556380,,Polity,2022,Cambridge,Book,"Book::Central: BIOGRAPHY Zelensky, V. 2022 - On Shelf,Book::Franklin: BIOGRAPHY Zelensky, V. 2022 - On Shelf,Book::South Natomas: BIOGRAPHY Zelensky, V. 2022 - On Shelf"
https://catalog.saclibrary.org/GroupedWork/954764ad-10a2-f299-575d-a254ce15967c-eng,"Madam secretary: a biography of Madeleine Albright","Blood, Thomas",9780312171803,,"St. Martin's Press; St. Martin's Publishing Group","1997 - 2013","New York",eBook;Book,"Book::Central: BIOGRAPHY Albright, M. 1997 - On Shelf"
https://catalog.saclibrary.org/GroupedWork/f3cae0bf-7929-3870-006b-9f0739bb9140-eng,"The cattle king: a dramatized biography","Treadwell, Edward Francis, 1875-",,,"Macmillan Co; Valley Publishers","1931 - 1966","New York; Fresno, Calif",Book,"Book::Central: BIOGRAPHY Miller, H. 1966 - On Shelf,Book::Sacramento Room: SPE 636.0092 M648zt 1931 CAL - Library Use Only,Book::Colusa Main Branch Adult Collection: LC 636.0092 Miller T - Library Use Only"
https://catalog.saclibrary.org/GroupedWork/e8d664d8-541e-169d-d479-e9b7cca4365a-eng,"Machiavelli: a biography","Unger, Miles",9781416556282,,"Simon & Schuster",2011,"New York",Book,"Book::Central: BIOGRAPHY Machiavelli, N. 2011 - On Hold Shelf,Book::Orangevale: BIOGRAPHY Machiavelli, N. 2011 - On Shelf"
https://catalog.saclibrary.org/GroupedWork/9d7f1486-1e92-dd89-a66b-9b87fc35bfd7-eng,"Shakespeare: the biography","Ackroyd, Peter, 1949-",9780385511391,,"Nan A. Talese",2005,"New York",Book,"Book::Central: BIOGRAPHY Shakespeare, W. 2005 - On Shelf,Book::Franklin: BIOGRAPHY Shakespeare, W. 2005 - On Shelf,Book::South Natomas: BIOGRAPHY Shakespeare, W. 2005 - On Shelf"
https://catalog.saclibrary.org/GroupedWork/a648ae0f-e24d-34ce-753c-1c0cd08675c6-eng,"Shakey: Neil Young's biography","McDonough, Jimmy",9780679427728,,"Knopf Doubleday Publishing Group; Random House","2002 - 2003","New York",eBook;Book,
https://catalog.saclibrary.org/GroupedWork/16af8492-124b-8c7b-791e-a47e412dac98-eng,"The bard: Robert Burns, a biography","Crawford, Robert, 1959-",9780691141718,,"Princeton University Press","2009 - 2021","Princeton, N.J",eBook;Book,"Book::Arcade: BIOGRAPHY Burns, R. 2009 - On Shelf,Book::Central: BIOGRAPHY Burns, R. 2009 - On Shelf,Book::North Natomas: BIOGRAPHY Burns, R. 2009 - OFF CAMPUS"
https://catalog.saclibrary.org/GroupedWork/957030a6-6fe0-4258-a9e3-91c31a763016-eng,"Jane Goodall: a biography","Greene, Meg",9781591026112,,"Prometheus Books",2008,"Amherst, N.Y",Book,"Book::North Natomas: BIOGRAPHY Goodall, J. 2008 - On Shelf"
https://catalog.saclibrary.org/GroupedWork/7b3b41b8-ae0c-b122-de14-8d89cd145d82-eng,"Robert Redford: the biography","Callan, Michael Feeney",9780679450559,,"Alfred A. Knopf",2011,"New York",Book,"Book::Carmichael: BIOGRAPHY Redford, R. 2011 - On Shelf,Book::Central: BIOGRAPHY Redford, R. 2011 - On Shelf,Book::Fair Oaks: BIOGRAPHY Redford, R. 2011 - Checked Out"
https://catalog.saclibrary.org/GroupedWork/8c305c80-c551-2001-70a5-377cc34ccd16-eng,"Led Zeppelin: the biography","Spitz, Bob",9780399562426,,"Books on Tape; Penguin Press",2021,"New York",eAudiobook;Book,"Book::Carmichael: 780 S761 2021 - Checked Out,Book::Central: 780 S761 2021 - On Shelf,Book::Franklin: 780 S761 2021 - On Shelf"
https://catalog.saclibrary.org/GroupedWork/1e8b3144-7104-59c7-5246-a876036095a5-eng,"James Joyce: a new biography","Bowker, Gordon, 1934-",9780374178727,,"Farrar, Straus and Giroux",2012,"New York",eBook;Book,"Book::Central: BIOGRAPHY Joyce, J. 2012 - On Shelf,Book::South Natomas: BIOGRAPHY Joyce, J. 2012 - On Shelf"
https://catalog.saclibrary.org/GroupedWork/5da540b9-dcc9-9ab6-ff64-a56252615820-eng,"Soul survivor: a biography of Al Green","McDonough, Jimmy",9780306822674,,"Hachette Audio; Da Capo Press; Grand Central Publishing",2017,"New York, NY",eAudiobook;eBook;Book,"Book::Central: BIOGRAPHY Green, A. 2017 - On Shelf"
https://catalog.saclibrary.org/GroupedWork/3b5fb47a-9f79-8ed1-d1c3-6a7c82a981ed-eng,"Cary Grant: a biography","Eliot, Marc",9781400050260,,"Crown; Harmony Books","2004 - 2009","New York",eBook;Book,
https://catalog.saclibrary.org/GroupedWork/d8f1295d-ffe2-a337-e746-d3ce534b2605-eng,"Jan Morris: life from both sides : a biography","Clements, Paul, 1957-",9781950354924,,"Scribe Publications; Scribe Publications Pty Ltd",2022,"Minneapolis, Minnesota",eBook;Book,"Book::Central: BIOGRAPHY Morris, J. 2022 - On Shelf,Book::Elk Grove: BIOGRAPHY Morris, J. 2022 - On Shelf,Book::South Natomas: BIOGRAPHY Morris, J. 2022 - On Shelf"
https://catalog.saclibrary.org/GroupedWork/8ef52562-7c9c-54c6-d642-55bd3a262b36-eng,"Essays in biography","Epstein, Joseph, 1937-",9781604190687,,"Hunter Lewis Foundation; Axios Press",2012,"Mount Jackson, VA",eBook;Book,"Book::Carmichael: 814.54 E64e 2012 - On Shelf,Book::Central: 814.54 E64e 2012 - On Shelf"
https://catalog.saclibrary.org/GroupedWork/0ea4ff01-4e58-9812-ba3f-22979362beb7-eng,"The last love song: a biography of Joan Didion","Daugherty, Tracy",9781250010025,,"St. Martin's Press; Blackstone Audio, Inc; Blackstone Publishing",2015,"[Ashland, Oregon]; New York","eAudiobook;Audiobook - CD;Book","Book::Arcade: BIOGRAPHY Didion, J. 2015 - On Shelf,Book::Carmichael: BIOGRAPHY Didion, J. 2015 - On Shelf,Book::Central: BIOGRAPHY Didion, J. 2015 - On Shelf"
https://catalog.saclibrary.org/GroupedWork/9f9c550a-0ad2-c184-1797-c64918ca1ba1-eng,"Balzac: a biography","Robb, Graham",9780393313871,,Norton,1994,"New York",Book,"Book::Central: BIOGRAPHY Balzac, H. 1995 - On Shelf"
https://catalog.saclibrary.org/GroupedWork/ac80bddc-b0aa-199c-5f3d-1861fdc92432-eng,"Sal Mineo: a biography","Michaud, Michael Gregg",9780307718686,,"Crown Archetype",2010,"New York",Book,"Book::Arcade: BIOGRAPHY Mineo, S. 2010 - On Shelf,Book::Central: BIOGRAPHY Mineo, S. 2010 - On Shelf,Book::Elk Grove: BIOGRAPHY Mineo, S. 2010 - On Shelf"
https://catalog.saclibrary.org/GroupedWork/7348ec2e-0e00-ab2d-b53e-1a91a6dee999-eng,"Trotsky: a biography","Service, Robert, 1947-",9780674036154,,"Belknap Press of Harvard University Press",2009,"Cambridge, Mass",Book,"Book::Central: BIOGRAPHY Trotsky, L. 2009 - On Shelf,Book::Folsom Reading Room: BIOGRAPHY Trotsky, L. 2009 - On Shelf"
https://catalog.saclibrary.org/GroupedWork/a582ce96-2f43-08ba-83a7-4f804f201c1d-eng,"Oliver Goldsmith: a biography","Irving, Washington, 1783-1859",9781633554757,,"Putnam; Project Gutenberg; Start Classics","1897 - 2015","New York",eBook;Book,"Book::Central Closed Stacks - Library Use Only: BIOGRAPHY Goldsmith, O. 1897 v.1 INA - Library Use Only,Book::Central Closed Stacks - Library Use Only: BIOGRAPHY Goldsmith, O. 1897 v.2 INA - Library Use Only"
https://catalog.saclibrary.org/GroupedWork/c2306ce5-90a7-1a14-041c-76d8af37aec2-eng,"Rihanna: the unauthorized biography","White, Danny",9781782430476,,"Michael O'Mara Books",2013,London,Book,"Book::Central: BIOGRAPHY Rihanna 2013 - On Shelf,Book::Isleton: BIOGRAPHY Rihanna 2013 - On Shelf"
https://catalog.saclibrary.org/GroupedWork/5cb160eb-5321-881c-a0e7-7e1c68b6a136-eng,"Curly: an illustrated biography of the superstooge","Maurer, Joan Howard",9781613747469,,"Chicago Review Press",2013,"Chicago, Illinois",eBook;Book,"Book::Central: BIOGRAPHY Howard, J. 2013 - On Shelf"
https://catalog.saclibrary.org/GroupedWork/87e7b8bf-091f-8cc0-ea6f-8ae4a0828de6-eng,"Caligula: a biography","Winterling, Aloys",9780520248953,,"University of California Press",2011,Berkeley,Book,"Book::Central: BIOGRAPHY Caligula 2011 - On Shelf"
https://catalog.saclibrary.org/GroupedWork/2bdc545f-bba9-af6b-d7d4-95ecd9b0808c-eng,"Garfield: a biography","Peskin, Allan",9780873382106,,"The Kent State University Press; Kent State University Press","1978 - 2012","Kent, Ohio",eBook;Book,"Book::Central: 973.84 G231zp 1978 - On Shelf"
https://catalog.saclibrary.org/GroupedWork/5563764c-84da-69d6-0b7c-e7a3dc7996d9-eng,"Jung: a biography","Bair, Deirdre",9780316076654,,"Little, Brown",2003,Boston,Book,"Book::Central: BIOGRAPHY Jung, C. 2003 - On Shelf,Book::Folsom Reading Room: BIOGRAPHY Jung, C. 2003 - On Shelf"
https://catalog.saclibrary.org/GroupedWork/0a428ffa-7cda-aba9-be64-c4cabc168bb7-eng,"Rumi: a spiritual biography","Wines, Leslie",9780824523527,,"The Crossroad Pub",2000,"New York",Book,"Book::Central: BIOGRAPHY Jalal al-Din Rumi 2000 - On Shelf,Book::Sylvan Oaks: BIOGRAPHY Jalal al-Din Rumi 2000 - On Shelf"
https://catalog.saclibrary.org/GroupedWork/59f346b4-f29a-39e9-a08f-06062eabbf17-eng,"The adventures of Arthur Conan Doyle: a biography","Miller, Russell",9780312378974,,"St. Martin's Publishing Group; Thomas Dunne Books",2008,"New York",eBook;Book,"Book::Fair Oaks: BIOGRAPHY Doyle, A. 2008 - On Shelf,Book::Galt: BIOGRAPHY Doyle, A. 2008 - On Shelf"
https://catalog.saclibrary.org/GroupedWork/e88613b5-0f4f-ac13-7e12-80b1b6bbf686-eng,"Lincoln: the biography of a writer","Kaplan, Fred, 1937-",9780060773342,,"HarperCollins; Harper Perennial; HarperCollins Publishers","2008 - 2010","New York",eBook;Book,"Book::Central: 973.7092 L736zk 2008a - On Shelf,Book::Elk Grove: 973.7092 L736zk 2008a - On Shelf,Book::Sylvan Oaks: BIOGRAPHY Lincoln, A. 2008 - On Shelf"
https://catalog.saclibrary.org/GroupedWork/a80f9659-9dce-d692-6af3-410ad4dcca6a-eng,"U2: the definitive biography","Jobling, John, 1980-",9781250027894,,"Thomas Dunne Books; St. Martins Press","2014 - 2024","New York",eBook;Book,"Book::Carmichael: 782.42166 U11zj2 2014 - On Shelf,Book::Central: 782.42166 U11zj2 2014 - On Shelf,Book::South Natomas: 782.42166 U11zj2 2014 - On Shelf"
https://catalog.saclibrary.org/GroupedWork/199d42dc-0171-75b9-6305-3f79a8f90e99-eng,"Persona: a biography of Yukio Mishima","Inose, Naoki",9781611720082,,"Stone Bridge Press",2012,"Berkeley, CA",eBook;Book,"Book::Central: BIOGRAPHY Mishima, Y. 2012 - On Shelf"
https://catalog.saclibrary.org/GroupedWork/a9c7c372-6148-695c-af23-c19e63a2dbec-eng,"Chagall: a biography","Wullschläger, Jackie",9780375414558,,"Alfred A. Knopf",2008,"New York",Book,"Book::Central: BIOGRAPHY Chagall, M. 2008 - On Shelf"
https://catalog.saclibrary.org/GroupedWork/aceebadb-41f4-e38d-eeed-9e5a6428c7bf-eng,"The contender: Andrew Cuomo, a biography","Shnayerson, Michael",9781455521999,,"Hachette Audio; Twelve; Grand Central Publishing",2015,"New York",eBook;Book;eAudiobook,"Book::Central: 974.7044 C973zs 2015 - On Shelf,Book::North Natomas: 974.7044 C973zs 2015 - On Shelf"
https://catalog.saclibrary.org/GroupedWork/756e31b7-01e7-a051-a4cf-a99f0bdc13ed-eng,"American kings: a biography of the quarterback","Wickersham, Seth",9781368099189,,"Hyperion Avenue Digital; Hyperion Avenue, an imprint of Buena Vista Books",2025,"New York, NY",eBook;Book,"Book::Central: 796.332 W636 2025 - On Shelf,Book::Colonial Heights: 796.332 W636 2025 - On Shelf,Book::Fair Oaks: 796.332 W636 2025 - OFF CAMPUS"
https://catalog.saclibrary.org/GroupedWork/06dfdac0-9e95-f447-8aaa-63611bcdc89c-eng,"John le Carré: the biography","Sisman, Adam",9780062106278,,"HarperCollins; Harper",2015,"New York",eBook;Book,"Book::Central: BIOGRAPHY Le Carre, J. 2015 - On Shelf,Book::Barber Branch: BIOGRAPHY Le Carre - On Shelf,Book::Sutter County Main Branch: 823.914 SIS - Checked Out"
https://catalog.saclibrary.org/GroupedWork/1fafef90-0d37-4b52-94cb-ba5b5f8364dd-eng,"Arrow through the heart: the biography of Andy Gibb","Hild, Matthew",9781629339207,,"BearManor Media; Blackstone Publishing","2022 - 2023","Orlando, FL",eBook;Book;eAudiobook,"Book::Carmichael: BIOGRAPHY Gibb, A. 2022 - On Shelf,Book::Central: BIOGRAPHY Gibb, A. 2022 - On Shelf,Book::Fair Oaks: BIOGRAPHY Gibb, A. 2022 - Checked Out"
https://catalog.saclibrary.org/GroupedWork/40f16e87-6032-32c5-9525-cecdada750c0-eng,"Phil: The rip-roaring (and unauthorized!) biography of golf's most colorful superstar","Shipnuck, Alan, 1973-",9781476797090,,"Avid Reader Press, an imprint of Simon & Schuster, Inc; Avid Reader Press / Simon & Schuster",2022,"New York",eBook;Book,"Book::Central: BIOGRAPHY Mickelson, P. 2022 - On Shelf,Book::Fair Oaks: BIOGRAPHY Mickelson, P. 2022 - Checked Out,Book::McKinley: BIOGRAPHY Mickelson, P. 2022 - On Shelf"
https://catalog.saclibrary.org/GroupedWork/43e69887-62b3-7fc6-712b-38ca5a855555-eng,"Søren Kierkegaard: a biography","Garff, Joakim, 1960-",9780691091655,,"Princeton University Press","2005 - 2013","Princeton, N.J",eBook;Book,"Book::Central: 198.9 K47zg2 2005 - On Shelf"
https://catalog.saclibrary.org/GroupedWork/c902d6de-a8ec-cbde-aedc-9f259096e3b2-eng,"Renoir: an intimate biography","White, Barbara Ehrlich",9780500239575,,"Thames & Hudson",2017,"New York, New York",Book,"Book::Carmichael: BIOGRAPHY Renoir, A. 2017 - On Shelf,Book::Central: BIOGRAPHY Renoir, A. 2017 - On Shelf,Book::Courtland: BIOGRAPHY Renoir, A. 2017 - On Shelf"
https://catalog.saclibrary.org/GroupedWork/8bbfb51b-e6eb-fc46-6afa-adfc2560cb7a-eng,"Spencer Tracy: a biography","Curtis, James, 1953-",9780307262899,,"Alfred A. Knopf",2011,"New York",Book,"Book::Fair Oaks: BIOGRAPHY Tracy, S. 2011 - On Shelf"
https://catalog.saclibrary.org/GroupedWork/5f5c15fc-0ef7-91d9-6e37-c67ecf572c51-eng,"Hegel: a biography","Pinkard, Terry P",9780521496797,,"Cambridge University Press",2000,"New York; Cambridge, U.K",Book,"Book::Central: BIOGRAPHY Hegel, G. 2000 - On Shelf"
https://catalog.saclibrary.org/GroupedWork/8b5e39e4-d2cc-eea3-6535-55a8487e6b43-eng,"Bellow: a biography","Atlas, James",9780394585017,,"Random House",2000,"New York",Book,"Book::Central: BIOGRAPHY Bellow, S. 2000 - On Shelf"
https://catalog.saclibrary.org/GroupedWork/1f0a044d-0639-377f-28c1-2896402ab4bd-eng,"The Bee Gees: the biography","Meyer, David N",9780306820250,,"Da Capo Press; Grand Central Publishing",2013,"Boston, MA",eBook;Book,"Book::Carmichael: 782.42166 B414zm 2013 - On Shelf,Book::Central: 782.42166 B414zm 2013 - On Shelf,Book::Fair Oaks: 782.42166 B414zm 2013 - On Shelf"
https://catalog.saclibrary.org/GroupedWork/c61cf145-51d5-cc4c-9181-e91b76d05169-eng,"Jackie Robinson: a biography","Rampersad, Arnold",9780679444954,,Knopf,1997,"New York",Book,"Book::Central: BIOGRAPHY Robinson, J. 1997 - Checked Out,Book::Fair Oaks: BIOGRAPHY Robinson, J. 1997 - On Shelf"
https://catalog.saclibrary.org/GroupedWork/a3d0d263-3a44-2ea3-1a1c-1688e44b6ec8-eng,"Johannes Brahms: a biography","Swafford, Jan",9780679745822,,"Vintage Books",1999,"New York",Book,"Book::Central: BIOGRAPHY Brahms, J. 1999 - On Shelf,Book::Woodland Public Library: BIOGRAPHY Brahms 1997 - On Shelf"
https://catalog.saclibrary.org/GroupedWork/c576f77e-e74b-61f0-b649-e0d6e0f2430c-eng,"Simenon: a biography","Assouline, Pierre",9780679402855,,Knopf,1997,"New York",Book,"Book::Central: BIOGRAPHY Simenon, G. 1997 - On Shelf"
https://catalog.saclibrary.org/GroupedWork/70c3d957-c729-b9f2-19ce-b5f722916779-eng,"Genet: a biography","White, Edmund, 1940-",9780679754794,,"Alfred A. Knopf",1993,"New York",Book,"Book::South Natomas: BIOGRAPHY Genet, J. 1993 - On Shelf,Book::Southgate: BIOGRAPHY Genet, J. 1993 - On Shelf"
https://catalog.saclibrary.org/GroupedWork/23b9d11a-a41a-76c5-82cb-a2d8baa63bde-eng,"You never forget your first: a biography of George Washington","Coe, Alexis",9780735224100,,"Viking; Books on Tape",2020,"[New York]",eAudiobook;Book,"Book::Carmichael: BIOGRAPHY Washington, G. 2020 - On Shelf,Book::Galt: BIOGRAPHY Washington, G. 2020 - On Shelf,Book::South Natomas: BIOGRAPHY Washington, G. 2020 - On Shelf"
https://catalog.saclibrary.org/GroupedWork/0d41ce7d-0a87-d0fe-1591-8854e21bfd3f-eng,"Sade: a biography","Lever, Maurice",9780374202989,,"Farrar, Straus and Giroux",1993,"New York",Book,"Book::Central: BIOGRAPHY Sade 1993 - On Shelf"
https://catalog.saclibrary.org/GroupedWork/3a6be78c-90c3-03b7-3c75-f76ebc3fd401-eng,"Kafka: a biography","Hayman, Ronald, 1932-",9780195202793,,"Oxford University Press",1982,"New York",Book,"Book::Central: BIOGRAPHY Kafka, F. 1982 - On Shelf"
https://catalog.saclibrary.org/GroupedWork/47eb2591-34f3-329d-6a3a-7f0e3d3c5fc4-eng,"Flaubert: a biography","Brown, Frederick, 1934-",9780316118781,,"Little, Brown and Co",2006,"New York",Book,"Book::Central: BIOGRAPHY Flaubert, G. 2006 - On Shelf"
https://catalog.saclibrary.org/GroupedWork/f9c462f4-6a45-ca61-7ed4-c7ecf09f3b5f-eng,"Blood, bone, and marrow: a biography of Harry Crews","Geltner, Ted",9780820349237,,"The University of Georgia Press; University of Georgia Press",2016,Athens,eBook;Book,"Book::Central: BIOGRAPHY Crews, H. 2016 - On Shelf"
https://catalog.saclibrary.org/GroupedWork/da8ae3bb-58fb-f2eb-33b1-96300d57653c-eng,"Fanny Burney: a biography","Harman, Claire",9780679446583,,"Alfred A. Knopf",2001,"New York",Book,"Book::Central: BIOGRAPHY Burney, F. 2001 - On Shelf"
https://catalog.saclibrary.org/GroupedWork/30aea7df-76e1-522e-f9cf-2631680032b9-eng,"Pushkin: a biography","Binyon, T. J",9781400076529,,"Vintage Books",2004,"New York",Book,"Book::Central: BIOGRAPHY Pushkin, A. 2004 - On Shelf"
https://catalog.saclibrary.org/GroupedWork/debeca61-9550-35bc-59a5-cc0cb9900b03-eng,"Hiding man: a biography of Donald Barthelme","Daugherty, Tracy",9780312378684,,"St. Martin's Press; St. Martin's Publishing Group",2009,"New York",eBook;Book,"Book::Central: BIOGRAPHY Barthelme, D. 2009 - On Shelf"
https://catalog.saclibrary.org/GroupedWork/c28f8a80-6871-a2a2-44b2-b113f2ea57b1-eng,"Jill: a biography of the First Lady","Pace, Julie",9780316377508,,"Little, Brown and Company",2022,"New York",Book,"Book::Carmichael: BIOGRAPHY Biden, J. 2022 - On Shelf,Book::Central: BIOGRAPHY Biden, J. 2022 - On Shelf,Book::Franklin: BIOGRAPHY Biden, J. 2022 - On Shelf"
https://catalog.saclibrary.org/GroupedWork/bdb7b1f8-c66a-0b0e-29b9-fc7bfba53c9c-eng,"Gregory Peck: a biography","Freedland, Michael, 1934-",9780688036195,,"W. Morrow",1980,"New York",Book,"Book::Central: BIOGRAPHY Peck, G. 1980 - On Shelf"
https://catalog.saclibrary.org/GroupedWork/c41b0725-a3a7-8ca1-4214-5d58c18060c2-eng,"Geronimo: a biography","Adams, Alexander B",9780306803949,,"Da Capo Press",1990,"New York, NY",Book,"Book::Central: BIOGRAPHY Geronimo 1990 - On Shelf"
https://catalog.saclibrary.org/GroupedWork/fbcf09f6-e018-b1de-cf1b-cfcc9cd4cad8-eng,"Leonard Woolf: a biography","Glendinning, Victoria",9780743246538,,"Free Press",2006,"New York",Book,"Book::Central: BIOGRAPHY Woolf, L. 2006 - On Shelf"
https://catalog.saclibrary.org/GroupedWork/49b9adb3-f231-47bd-42ca-42eea4402ac1-eng,"Elspeth Huxley: a biography","Nicholls, C. S. (Christine Stephanie)",9780312300418,,"Thomas Dunne Books",2003,"New York",Book,"Book::Central: BIOGRAPHY Huxley, E. 2003 - On Shelf"
https://catalog.saclibrary.org/GroupedWork/a45d94c6-5822-d967-bf4e-703c6e42f3b4-eng,"The power of Adrienne Rich: a biography","Holladay, Hilary",9780385541503,,"Nan A. Talese, Doubleday; Books on Tape",2020,"New York",eAudiobook;Book,"Book::Central: BIOGRAPHY Rich, A. 2020 - On Shelf,Book::Belle Cooledge: BIOGRAPHY Rich, A. 2020 - On Shelf,Book::Rio Linda: BIOGRAPHY Rich, A. 2020 - On Shelf"
https://catalog.saclibrary.org/GroupedWork/5b1b31d5-679c-360c-46cc-b51450203cbf-eng,"Jawaharlal Nehru: a biography","Gopal, Sarvepalli",9780674473102,,"Harvard University Press",1976,"Cambridge, Mass",Book,"Book::Central: BIOGRAPHY Nehru, J. 1976 v.1 - On Shelf,Book::Central: BIOGRAPHY Nehru, J. 1976 v.2 - On Shelf,Book::Central: BIOGRAPHY Nehru, J. 1976 v.3 - On Shelf"
https://catalog.saclibrary.org/GroupedWork/0a4e2f5a-798c-4abc-c947-67164bd56f03-eng,"Victor Hugo: a biography","Robb, Graham",9780393045789,,"W.W. Norton & Co",1998,"New York",Book,"Book::Carmichael: BIOGRAPHY Hugo, V. 1998 - On Shelf,Book::Central: BIOGRAPHY Hugo, V. 1998 - On Shelf,Book::Folsom Adult: 848 Hugo - On Shelf"
https://catalog.saclibrary.org/GroupedWork/bd3ff1f7-4639-f583-1246-a6086a1526d6-eng,"Victoria the queen: an intimate biography of the woman who ruled an empire","Baird, Julia (Julia Woodlands)",9781400069880,,"HighBridge; Random House; Random House Publishing Group; HighBridge Audio",2016,"New York; [Minneapolis, MN]","eAudiobook;Audiobook - CD;eBook;Book","Book::Elk Grove: BIOGRAPHY Victoria 2016 - Checked Out,Book::Orangevale: BIOGRAPHY Victoria 2016 - On Shelf,Book::Rancho Cordova: BIOGRAPHY Victoria 2016 - On Shelf"
https://catalog.saclibrary.org/GroupedWork/9fb8101c-972f-5ea0-3748-c1e8c0d63109-eng,"There will be rainbows: a biography of Rufus Wainwright","Lake, Kirk, 1966-",9780061988462,,"itbooks; HarperCollins",2010,"New York, N.Y",eBook;Book,"Book::Central: BIOGRAPHY Wainwright, R. 2010 - On Shelf,Book::Fair Oaks: BIOGRAPHY Wainwright, R. 2010 - On Shelf"
https://catalog.saclibrary.org/GroupedWork/a16718e4-5458-d3b3-4347-66d173cb85ac-eng,"The civil wars of Julia Ward Howe: a biography","Showalter, Elaine",9781451645903,,"Tantor Media, Inc.; Simon & Schuster; Tantor Media, Inc",2016,"New York",eAudiobook;Book,"Book::Central: BIOGRAPHY Howe, J. 2016 - On Shelf,Book::Valley Hi-North Laguna: BIOGRAPHY Howe, J. 2016 - In Transit"
https://catalog.saclibrary.org/GroupedWork/e34fbf76-e9c4-2ad7-548a-1e1338d55a50-eng,"Walter Benjamin: a biography","Brodersen, Momme",9781859849675,,Verso,1996,"New York; London",Book,"Book::Central: BIOGRAPHY Benjamin, W. 1996 - On Shelf"
https://catalog.saclibrary.org/GroupedWork/f07e63de-597a-3bcc-8b4a-a60386735cfe-eng,"Marlene: Marlene Dietrich, a personal biography","Chandler, Charlotte",9781439188354,,"ApplauseTheatre & Cinema Books; Simon & Schuster",2011,"New York",Book,"Book::Central: BIOGRAPHY Dietrich, M. 2011 - On Shelf,Book::Fair Oaks: BIOGRAPHY Dietrich, M. 2011 - On Shelf,Book::Galt: BIOGRAPHY Dietrich, M. 2011 - On Shelf"
https://catalog.saclibrary.org/GroupedWork/03be0c7c-330d-9e18-c36d-64b8c0e7c956-eng,"An American Cardinal: the biography of Cardinal Timothy Dolan","Boyle, Christina",9781250032874,,"St. Martin's Publishing Group; St. Martins Press",2014,"New York",eBook;Book,"Book::Fair Oaks: BIOGRAPHY Dolan, T. 2014 - On Shelf,Book::McKinley: BIOGRAPHY Dolan, T. 2014 - On Shelf"
https://catalog.saclibrary.org/GroupedWork/9909c126-4420-715e-ac16-bfffb4e00708-eng,"Reinhold Niebuhr: a biography","Fox, Richard Wightman, 1945-",9780394516592,,"Pantheon Books",1985,"New York",Book,"Book::Central: BIOGRAPHY Niebuhr, R. 1985 - On Shelf"
https://catalog.saclibrary.org/GroupedWork/ee63d9cd-52eb-1df2-2ac7-54666b333111-eng,"Crazy Horse, the strange man of the Oglalas: a biography","Sandoz, Mari, 1896-1966",9780803217874,,"Blackstone Publishing; University of Nebraska Press; A. A. Knopf","1942 - 2022","New York; Lincoln",Book;eAudiobook,"Book::Elk Grove: BIOGRAPHY Crazy Horse 2008 - On Shelf,Book::Central: 970.3 C911zs 1992 - In Transit,Book::Folsom Adult: 978.2 SAN 1992 - On Shelf"
https://catalog.saclibrary.org/GroupedWork/9ef311d8-7f9e-8794-b04d-3e6a72761e7e-eng,"Edward Lear: a biography","Levi, Peter",9780684196886,,Scribner,1995,"New York",Book,"Book::Central: BIOGRAPHY Lear, E. 1995 - On Shelf"
https://catalog.saclibrary.org/GroupedWork/5aedaf0e-85bd-b918-912a-837ee468d932-eng,"Noël Coward: a biography","Hoare, Philip",9780684809373,,"Simon & Schuster",1996,"New York",Book,"Book::Central: BIOGRAPHY Coward, N. 1996 - On Shelf"
https://catalog.saclibrary.org/GroupedWork/22d5db59-80df-6c61-af9a-4ebb3b0895fb-eng,"Angelina: an unauthorized biography","Morton, Andrew, 1953-",9780312555610,,"St. Martin's Press; Blackstone Publishing",2010,"New York",eAudiobook;Book,
https://catalog.saclibrary.org/GroupedWork/800c6da2-b2c3-7dfa-28f3-0f296d75598f-eng,"Walk with me: a biography of Fannie Lou Hamer","Larson, Kate Clifford",9780190096847,,"Recorded Books, Inc.; Oxford University Press","2021 - 2022","New York",eAudiobook;Book,"Book::Central: BIOGRAPHY Hamer, F. 2021 - On Shelf"
https://catalog.saclibrary.org/GroupedWork/ae860d15-54f5-b761-9b7d-9e7148113b00-eng,"Ian McKellen: the biography","O'Connor, Garry",9781250223883,,"St. Martin's Press",2019,"New York",Book,"Book::Carmichael: BIOGRAPHY McKellen, I. 2019 - On Shelf,Book::Central: BIOGRAPHY McKellen, I. 2019 - On Shelf,Book::Fair Oaks: BIOGRAPHY McKellen, I. 2019 - On Shelf"
https://catalog.saclibrary.org/GroupedWork/ead4c4e4-6093-1f66-d34f-5838bd1fdd63-eng,"Milton: a biography","Parker, William Riley, 1906-1968",,,"Clarendon Press",1968,Oxford,Book,"Book::Central: BIOGRAPHY Milton, J. 1968 v.1 - On Shelf"
https://catalog.saclibrary.org/GroupedWork/1728b842-4652-6cd8-21a4-5dcc9836c7a5-eng,"Shimon Peres: the biography","Bar-Zohar, Michael, 1938-",9781400062928,,"Random House",2007,"New York",Book,"Book::Valley Hi-North Laguna: BIOGRAPHY Peres, S. 2007 - On Shelf"
https://catalog.saclibrary.org/GroupedWork/d2f60631-db66-4864-a687-54062e39f671-eng,"Disraeli: a biography","Weintraub, Stanley, 1929-",9780525936688,,"Truman Talley Books/Dutton",1993,"New York",Book,"Book::Central: BIOGRAPHY Disraeli, B. 1993 - On Shelf"
https://catalog.saclibrary.org/GroupedWork/817b63b8-d122-46f5-97a4-9046470c33f1-eng,"André Malraux: a biography","Cate, Curtis, 1924-2006",9780880641715,,"Fromm International Pub. Corp",1997,"New York",Book,"Book::North Natomas: BIOGRAPHY Malraux, A. 1997 - On Shelf"
https://catalog.saclibrary.org/GroupedWork/2018a3b8-3010-04f4-ef79-1cb43851606b-eng,"Songbird: an intimate biography of Christine McVie","Jones, Lesley-Ann",9780306836916,,"Hachette Books",2024,"New York",Book,"Book::Central: BIOGRAPHY McVie, C. 2024 - On Shelf,Book::Colonial Heights: BIOGRAPHY McVie, C. 2024 - On Shelf,Book::Fair Oaks: BIOGRAPHY McVie, C. 2024 - On Shelf"
https://catalog.saclibrary.org/GroupedWork/dcb2c6e4-227f-045a-23a8-8c0f7fae44b9-eng,"Lewis Carroll: a biography","Cohen, Morton N. (Morton Norton), 1921-",9780679745624,,"A.A. Knopf; Distributed by Random House",1995,"New York",Book,"Book::Central: BIOGRAPHY Carroll, L. 1995 - On Shelf"
https://catalog.saclibrary.org/GroupedWork/a53d9926-4955-1b9c-0469-836d7b6fe0c2-eng,"Virginia Woolf: a biography","Bell, Quentin",9780151937653,,"Harcourt Brace Jovanovich",1972,"New York",Book,"Book::Central: BIOGRAPHY Woolf, V. 1972 - On Shelf,Book::Colusa Main Branch Adult Collection: B WOOLF B - On Shelf"
https://catalog.saclibrary.org/GroupedWork/fcd87481-8a9d-a429-cb4f-a38994cd5248-eng,"Just one catch: a biography of Joseph Heller","Daugherty, Tracy",9780312596859,,"St. Martin's Press; St. Martin's Publishing Group",2011,"New York",eBook;Book,"Book::Central: BIOGRAPHY Heller, J. 2011 - On Shelf"
https://catalog.saclibrary.org/GroupedWork/6362d059-57e5-d633-1e8d-dd89710ed279-eng,"Kerouac: the definitive biography","Maher, Paul, 1963-",9780878333059,,"Taylor Trade Pub; Distributed by National Book Network",2004,Lanham,Book,"Book::Central: BIOGRAPHY Kerouac, J. 2004 - On Shelf"
https://catalog.saclibrary.org/GroupedWork/6e2753c7-6bd5-654e-71a3-f5d832708757-eng,"Dylan Thomas: the biography","Ferris, Paul, 1929-",9781582430751,,Counterpoint,2000,"Washington, DC",Book,"Book::Carmichael: BIOGRAPHY Thomas, D. 2000 - On Shelf,Book::Central: BIOGRAPHY Thomas, D. 2000 - On Shelf"
https://catalog.saclibrary.org/GroupedWork/bc69c3f1-9527-0101-cb51-ae3d300bbe94-eng,"Richard Thompson: the biography","Humphries, Patrick",9780028647524,,"Schirmer Books; Prentice Hall International",1997,"New York; London",Book,"Book::Central: BIOGRAPHY Thompson, R. 1997 - On Shelf"
https://catalog.saclibrary.org/GroupedWork/0237cce7-1aa8-6cb5-6460-60036f4568a5-eng,"Sophia Tolstoy: a biography","Popoff, Alexandra",9781416597599,,"Free Press",2010,"New York",Book,"Book::Central: BIOGRAPHY Tolstoy, S. 2010 - On Shelf"
https://catalog.saclibrary.org/GroupedWork/c9581940-90f6-baa8-f4d4-bda4641b12c7-eng,"Samuel Johnson: a biography","Martin, Peter, 1940-",9780674031609,,"Harvard University Press",2008,"Cambridge, Mass",Book,"Book::Central: BIOGRAPHY Johnson, S. 2008 - On Shelf,Book::Belle Cooledge: BIOGRAPHY Johnson, S. 2008 - On Shelf"
https://catalog.saclibrary.org/GroupedWork/62be8094-7262-9b84-bc63-7060545913cf-eng,"Brigham Young: A concise biography of the Mormon Moses","Breslin, Ed",9781621570400,,"Regenery History; Skyhorse Publishing; Perseus Distribution Services",2013,"Washington, DC; New York, New York",eBook;Book,"Book::Central: BIOGRAPHY Young, B. 2013 - On Shelf"
https://catalog.saclibrary.org/GroupedWork/fb1a90b6-6c3d-2d46-b49c-10aa80025b7b-eng,"Thomas Mann: a biography","Hayman, Ronald, 1932-",9780684193199,,Scribner,1995,"New York",Book,"Book::Central: BIOGRAPHY Mann, T. 1995 - On Shelf"
https://catalog.saclibrary.org/GroupedWork/25d75e1d-ef8c-88b7-2354-572a1a3bd990-eng,"Kenneth Clark: a biography","Secrest, Meryle",9780030540660,,"Holt, Rinehart, and Winston",1985,"New York",Book,"Book::Central: BIOGRAPHY Clark, K. 1985 - On Shelf"
https://catalog.saclibrary.org/GroupedWork/442a57c0-da9a-ed15-cebd-9fd9ebe7d192-eng,"Martin Amis: the biography","Bradford, Richard, 1957-",9781605983851,,"Distributed by W.W. Norton; Pegasus Books",2012,"New York",Book,"Book::Central: BIOGRAPHY Amis, M. 2012 - On Shelf"
https://catalog.saclibrary.org/GroupedWork/22d5afbb-7fe6-1648-3ca5-abed06522608-eng,"Irwin Shaw: a biography","Shnayerson, Michael",9780399134432,,Putnam,1989,"New York",Book,"Book::Central: BIOGRAPHY Shaw, I. 1989 - On Shelf"
https://catalog.saclibrary.org/GroupedWork/942ca9a3-3585-e639-4ca1-0c14160616ad-eng,"Christmas: a biography","Flanders, Judith",9781250118349,,"Thomas Dunne Books/St. Martin's Press; St. Martin's Publishing Group",2017,"New York",eBook;Book,"Book::Central: 242.335 F584 2017 - On Shelf,Book::Elk Grove: 242.335 F584 2017 - On Shelf,Book::Rio Linda: 242.335 F584 2017 - On Shelf"
https://catalog.saclibrary.org/GroupedWork/08da6dbb-4373-d8e6-fcaa-9451c2eb5938-eng,"D.H. Lawrence: a biography","Meyers, Jeffrey",9780394572444,,"Distributed by Random House; Cooper Square Press; Knopf","1990 - 2002","New York",eBook;Book,"Book::Central: 823 L419zd 1990 - On Shelf,Book::Woodland Public Library: BIOGRAPHY Lawrence 1990 - On Shelf"
https://catalog.saclibrary.org/GroupedWork/251ab916-d133-a71d-d98e-01966b07bb15-eng,"Margaret Thatcher: the authorized biography. Herself alone","Moore, Charles, 1956-",9781101947203,,"Allen Lane, an imprint of Penguin Books",2019,[London],Book,"Book::Central: BIOGRAPHY Thatcher, M. 2019 - On Shelf,Book::Elk Grove: BIOGRAPHY Thatcher, M. 2019 - On Shelf"
https://catalog.saclibrary.org/GroupedWork/39dca5f1-466e-de17-2be1-55624cffa3e8-eng,"Ella Fitzgerald: the complete biography","Nicholson, Stuart, 1948-",9780415971195,,Routledge,2004,"New York",Book,"Book::Central: BIOGRAPHY Fitzgerald, E. 2004 - On Shelf"
https://catalog.saclibrary.org/GroupedWork/4335c158-b790-8c43-8501-339bac7aa809-eng,"Jimmy Cliff: an unauthorized biography","Katz, David, 1965-",9781566568692,,"Interlink Books",2012,"Northampton, Mass",Book,"Book::Central: BIOGRAPHY Cliff, J. 2012 - On Shelf,Book::Courtland: BIOGRAPHY Cliff, J. 2012 - On Shelf"
https://catalog.saclibrary.org/GroupedWork/be5336ac-45b2-7759-cef4-53b4533bdd3b-eng,"Detroit: a biography","Martelle, Scott, 1958-",9781569765265,,"Chicago Review Press; Blackstone Publishing","2012 - 2014",Chicago,eAudiobook;eBook;Book,"Book::Rancho Cordova: 977.434 M376 2012 - On Shelf"
https://catalog.saclibrary.org/GroupedWork/008424dd-047a-37df-66eb-197cb7d9b5c1-eng,"Dark star: a biography of Vivien Leigh","Strachan, Alan",9781788312080,,"I.B. Tauris",2019,London,Book,"Book::Carmichael: BIOGRAPHY Leigh, V. 2019 - On Shelf,Book::Elk Grove: BIOGRAPHY Leigh, V. 2019 - OFF CAMPUS,Book::Barber Branch: BIOGRAPHY LEIGH - In Transit"
https://catalog.saclibrary.org/GroupedWork/c0032316-1449-f14e-9934-ca1de10c83c8-eng,"Maureen O'Hara: the biography","Malone, Aubrey",9780813142388,,"University Press of Kentucky",2013,"Lexington, Kentucky",Book,"Book::Central: BIOGRAPHY O'Hara, M. 2013 - On Shelf"
https://catalog.saclibrary.org/GroupedWork/9f38566c-9a2b-c082-fc06-a5194a5aae13-eng,"Ishi in two worlds: a biography of the last wild Indian in North America","Kroeber, Theodora",9780520229402,,"University of California Press; Blackstone Publishing","1961 - 2009",Berkeley,eAudiobook;Book,"Book::Sylvan Oaks: BIOGRAPHY Ishi 2002 - On Shelf,Book::Carmichael California Collection: CALIFORNIA 970.494 I79zk 1969 - Library Use Only,Book::Sacramento Room: 970.494 I79zk 1976 CAL - Library Use Only"
https://catalog.saclibrary.org/GroupedWork/232fd0ff-d9d4-1cb0-8977-5bf8ec96d532-eng,"Wish you were here: the official biography of Douglas Adams","Webb, Nick, 1959-",9780345476500,,"Ballantine Books; Random House Publishing Group",2005,"New York",eBook;Book,"Book::North Natomas: BIOGRAPHY Adams, D. 2005 - On Shelf"
https://catalog.saclibrary.org/GroupedWork/4e0f22c6-14e5-97db-c951-b6602cb7e4d6-eng,"Bessie Smith: a poet's biography of a blue's legend","Kay, Jackie, 1961-",9780593314272,,"Books on Tape; Vintage Books, a division of Penguin Random House",2021,"New York",eAudiobook;Book,"Book::Arcade: BIOGRAPHY Smith, B. 2021 - On Shelf,Book::Central: BIOGRAPHY Smith, B. 2021 - On Shelf,Book::South Natomas: BIOGRAPHY Smith, B. 2021 - On Shelf"
https://catalog.saclibrary.org/GroupedWork/95bdc767-48af-22b9-68aa-3ab5aa276ceb-eng,"A childhood, the biography of a place","Crews, Harry, 1935-2012",9780820317595,,"Penguin Books; University of Georgia Press","1995 - 2022","New York; Athens",Book,"Book::Central: 809.29372 C927 2022 - On Shelf,Book::McKinley: 809.29372 C927 2022 - On Shelf,Book::North Sacramento-Hagginwood: 809.29372 C927 2022 - On Shelf"
https://catalog.saclibrary.org/GroupedWork/659db270-7dde-a2b2-38e4-7ff11c488f36-eng,"Emmeline Pankhurst: a biography","Purvis, June",9780415239783,,Routledge,2002,"New York; London",Book,"Book::Central: BIOGRAPHY Pankhurst, E. 2002 - On Shelf"
https://catalog.saclibrary.org/GroupedWork/bb706e0f-1caa-acad-0631-b9776e144610-eng,"Lytton Strachey: the new biography","Holroyd, Michael",9780374194390,,"Farrar, Straus, and Giroux",1995,"New York",Book,"Book::Central: BIOGRAPHY Strachey,  L. 1995 - On Shelf"
https://catalog.saclibrary.org/GroupedWork/fdce8b21-0947-8ca4-2403-2d0e0a91ac92-eng,"Warren Spahn: a biography of the legendary lefty","Freedman, Lew",9781683581994,,"Sports Publishing; Sport Publishing",2018,"New York",eBook;Book,"Book::Central: BIOGRAPHY Spahn, W. 2018 - On Shelf"
https://catalog.saclibrary.org/GroupedWork/d93e6d70-fef5-5058-4ad2-c61a18000d8d-eng,"Ronald Reagan: an intellectual biography","Byrne, David T",9781640120037,,"Potomac Books, an imprint of the University of Nebraska Press",2018,[Lincoln],Book,"Book::Central: BIOGRAPHY Reagan, R. 2018 - On Shelf"
https://catalog.saclibrary.org/GroupedWork/91a8a27d-751b-e851-c1e3-1e83c856d229-eng,"Using biography","Empson, William, 1906-1984",9780674931602,,"Harvard University Press",1984,"Cambridge, Mass",Book,"Book::Central: 820.9 E55 1984 - On Shelf"
https://catalog.saclibrary.org/GroupedWork/1de28fd7-9b32-8dfd-6515-4601d0a69362-eng,"Charles Darwin: a biography","Browne, E. J. (E. Janet), 1950-",9780691026060,,"Distributed by Random House; Knopf",1995,"New York",Book,"Book::Central: BIOGRAPHY Darwin, C. 1995 v.1 - On Shelf"
https://catalog.saclibrary.org/GroupedWork/7dcc2456-c9c0-f161-47cc-7a49523fdb42-eng,"Joan Crawford, a biography","Thomas, Bob, 1922-",9780671240332,,"Simon and Schuster",1978,"New York",Book,"Book::Central: BIOGRAPHY Crawford, J. 1978 - On Shelf"
https://catalog.saclibrary.org/GroupedWork/68e39507-d010-5be7-a8b2-9ce4bfc5bcd8-eng,"Anthony Hopkins: the authorized biography","Falk, Quentin",9781566561259,,"Interlink Books",1993,"New York",Book,"Book::Arcade: BIOGRAPHY Hopkins, A. 1993 - On Shelf"
https://catalog.saclibrary.org/GroupedWork/9379e174-a33a-abc2-5dd7-7a49b1aeadd0-eng,"The quiet warrior: a biography of Admiral Raymond A. Spruance","Buell, Thomas B",9780316114707,,"Tantor Media, Inc.; Little, Brown; Naval Institute Press","1974 - 2023","Annapolis, MD; Boston",eBook;Book;eAudiobook,"Book::Central: BIOGRAPHY Spruance, R. 2009 - On Shelf,Book::Colusa Main Branch Adult Collection: B SPRUANCE B - On Shelf"
https://catalog.saclibrary.org/GroupedWork/f50e1d30-2bec-74ee-9bf6-cb85046e994e-eng,"Robert E. Lee--a biography","Thomas, Emory M., 1939-",9780393316315,,"W.W. Norton",1995,"New York",Book,"Book::Elk Grove: BIOGRAPHY Lee, R. 1995 - On Shelf"
https://catalog.saclibrary.org/GroupedWork/6b9c9255-e25e-8a46-a685-5573736f8ed5-eng,"Patchwork: a graphic biography of Jane Austen","Evans, Kate, 1972-",9781804296226,,"Verso; Verso Books",2025,"New York, NY","Graphic Novel/Manga;eComic","Graphic Novel/Manga::Central New Books - 4th Floor: GRAPHIC 823.7 A933ze 2025 - Checked Out,Graphic Novel/Manga::Fair Oaks: GRAPHIC 823.7 A933ze 2025 - On Shelf,Graphic Novel/Manga::Rancho Cordova: GRAPHIC 823.7 A933ze 2025 - On Shelf"
https://catalog.saclibrary.org/GroupedWork/85d59dac-5550-4e77-ace4-3088cf0909e9-eng,"Chinua Achebe: a biography","Ezenwa-Ohaeto, 1958-2005",9780852555460,,"Indiana University Press",1997,Bloomington,Book,"Book::Central: BIOGRAPHY Achebe, C. 1997 - On Shelf"
https://catalog.saclibrary.org/GroupedWork/832730b3-7a43-df70-7ace-7e7085be3f73-eng,"Dr. Seuss & Mr. Geisel: a biography","Morgan, Judith",9780679416869,,"Da Capo Press; Random House","1995 - 1996","New York",Book,"Book::Carmichael: 813.52 S496zm2 1995 - On Shelf,Book::Woodland Public Library: BIOGRAPHY Seuss 1995 - On Shelf"
https://catalog.saclibrary.org/GroupedWork/588b4cd6-642b-faa4-fcf0-6f010aaa21ae-eng,"Thames: the biography","Ackroyd, Peter, 1949-",9780385526234,,"Knopf Doubleday Publishing Group; Nan A. Talese/Doubleday","2007 - 2008","New York",eBook;Book,"Book::Carmichael: 942.2 A182 2007 - On Shelf,Book::Central: 942.2 A182 2007 - On Shelf"
https://catalog.saclibrary.org/GroupedWork/beadad38-dd08-ce6f-0ecb-4c8c7373ffb6-eng,"Tocqueville: a biography","Jardin, André, 1912-1996",9780374278366,,"Farrar Straus Giroux",1988,"New York",Book,"Book::Central: BIOGRAPHY Tocqueville, A. 1988 - On Shelf"
https://catalog.saclibrary.org/GroupedWork/2d56d9fb-0e2e-1d37-aac7-ae1ffb696a8e-eng,"Hubert Humphrey: a biography","Solberg, Carl, 1915-",9780393018066,,Norton,1984,"New York",Book,"Book::Central: BIOGRAPHY Humphrey. H. 1984 - On Shelf"
https://catalog.saclibrary.org/GroupedWork/3b9ecf2f-0bc6-dd91-431e-77374400ae1c-eng,"Chief Justice: a biography of Earl Warren","Cray, Ed",9780684808529,,"Simon & Schuster",1997,"New York",Book,"Book::Central: BIOGRAPHY Warren, E. 1997 - On Shelf,Book::Rancho Cordova: BIOGRAPHY Warren, E. 1997 - Checked Out"
https://catalog.saclibrary.org/GroupedWork/f63fb24e-c329-94d6-4a83-026235f4450b-eng,"The Curies: a biography of the most controversial family in science","Brian, Denis",9780471273912,,"Turner Publishing Company; J. Wiley","2005 - 2008","Hoboken, N.J",eBook;Book,"Book::Carmichael: BIOGRAPHY Curie 2005 - On Shelf"
https://catalog.saclibrary.org/GroupedWork/f141f308-5a30-0f26-5e2b-a7f2cdb5492e-eng,"The name of this band is R.E.M: a biography","Carlin, Peter Ames",9780385546942,,"Knopf Doubleday Publishing Group; Books on Tape; Doubleday",2024,"New York",eAudiobook;Book;eBook,"Book::Arcade: 782.42166 R384zc 2024 - On Shelf,Book::Central: 782.42166 R384zc 2024 - On Shelf,Book::Belle Cooledge: 782.42166 R384zc 2024 - On Shelf"
https://catalog.saclibrary.org/GroupedWork/2e047bb2-a75b-468e-cf9c-03582888859e-eng,"Joseph Campbell: a fire in the mind : the authorized biography","Larsen, Stephen",9780892818730,,"Inner Traditions; Inner Traditions/Bear & Company",2002,"Rochester, Vt",eBook;Book,"Book::Central: BIOGRAPHY Campbell, J. 2002 - On Shelf"
https://catalog.saclibrary.org/GroupedWork/ae0991ac-1c50-f918-cdbc-4e3179cb3be5-eng,"Life in a cold climate: Nancy Mitford : the biography","Thompson, Laura, 1964-",9781643133034,,"Pegasus Books","2019 - 2020","New York",eBook;Book,"Book::Central: BIOGRAPHY Mitford, N. 2020 - On Shelf,Book::North Natomas: BIOGRAPHY Mitford, N. 2020 - On Shelf"
https://catalog.saclibrary.org/GroupedWork/b9a52753-494f-e164-3bda-34af63f29f5f-eng,"What becomes a legend most: a biography of Richard Avedon","Gefter, Philip",9780062442710,,"HarperCollins; Harper, an imprint of HarperCollinsPublishers",2020,"New York, NY",eBook;Book,"Book::Central: BIOGRAPHY Avedon, R. 2020 - On Shelf,Book::Elk Grove: BIOGRAPHY Avedon, R. 2020 - On Shelf,Book::Rio Linda: BIOGRAPHY Avedon, R. 2020 - On Shelf"
https://catalog.saclibrary.org/GroupedWork/05e7d53f-c229-4d2e-1fd9-34090140bb29-eng,"Bob Crane: the definitive biography","Ford, Carol M",9781943201044,,"AuthorMike Ink",2015,"Wilbraham, Massachusetts",Book,"Book::Central: BIOGRAPHY Crane, B. 2015 - On Shelf"
https://catalog.saclibrary.org/GroupedWork/fc515628-85fb-ed2d-622d-3b7273f527a5-eng,"Robert Penn Warren: a biography","Blotner, Joseph Leo, 1923-",9780394569574,,"Random House",1997,"New York",Book,"Book::Central: BIOGRAPHY Warren, R. 1997 - On Shelf"
https://catalog.saclibrary.org/GroupedWork/fdbf1b45-a7bc-7aac-21cb-6ced4d916065-eng,"Jules Verne: the definitive biography","Butcher, William, 1951-",9781560258544,,"Thunder's Mouth Press",2006,"New York",Book,"Book::Central: BIOGRAPHY Verne, J. 2006 - On Shelf,Book::Folsom Reading Room: BIOGRAPHY Verne, J. 2006 - On Shelf"
https://catalog.saclibrary.org/GroupedWork/4e60c65e-4e69-2fe1-624c-8ac3abc05e3a-eng,"Frances Willard: a biography","Bordin, Ruth, 1917-1994",9780807816974,,"University of North Carolina Press",1986,"Chapel Hill",Book,"Book::Central: BIOGRAPHY Willard, F. 1986 - On Shelf"
https://catalog.saclibrary.org/GroupedWork/3e3e3bce-66ca-1d43-072e-69dfda417c6f-eng,"Chester B. Himes: a biography","Jackson, Lawrence Patrick",9780393063899,,"W. W. Norton & Company",2017,"New York",Book,"Book::Central: BIOGRAPHY Himes, C. 2017 - On Shelf"
https://catalog.saclibrary.org/GroupedWork/70568b4f-e000-bf81-e2af-c3fd71ae07c0-eng,"Terry McMillan: the unauthorized biography","Patrick, Diane",9780312200329,,"St. Martin's Press",1999,"New York",Book,"Book::Central: BIOGRAPHY McMillan, T. 1999 - On Shelf"
https://catalog.saclibrary.org/GroupedWork/b88e1433-ada5-f4b7-586a-e046189a4e98-eng,"Unpresidented: a biography of Donald Trump","Brockenbrough, Martha",9781250308030,,"Feiwel and Friends; Macmillan Audio",2018,"New York",eAudiobook;Book,"Book::Central Teen Area - 3rd Floor: TEEN BIOGRAPHY Trump, D. 2018 - On Shelf,Book::Southgate Teen Area: TEEN BIOGRAPHY Trump, D. 2018 - On Shelf"
https://catalog.saclibrary.org/GroupedWork/0a10f198-47e3-d026-7ea3-e0829f94fcac-eng,"Abraham Lincoln and Civil War America: a biography","Gienapp, William E",9780195150995,,"Tantor Media, Inc.; Oxford University Press","2002 - 2018","New York; Oxford",Book;eAudiobook,"Book::Central: BIOGRAPHY Lincoln, A. 2002 - On Shelf"
https://catalog.saclibrary.org/GroupedWork/689d2017-6927-4c2c-df4f-354b5888d644-eng,"Charlotte Perkins Gilman: a biography","Davis, Cynthia J., 1964-",9780804738897,,"Stanford University Press",2010,"Stanford, Calif",Book,"Book::Central: BIOGRAPHY Gilman, C. 2010 - On Shelf"
https://catalog.saclibrary.org/GroupedWork/b3100be5-30cb-f2a7-b838-28810c37ff08-eng,"Mary Todd Lincoln: a biography","Baker, Jean H",9780393333039,,"W.W. Norton & Co",2008,"New York",Book,"Book::Central: BIOGRAPHY Lincoln, M. 2008 - On Shelf,Book::Belle Cooledge: BIOGRAPHY Lincoln, M. 2008 - On Shelf,Book::Pocket-Greenhaven: BIOGRAPHY Lincoln, M. 2008 - On Shelf"
https://catalog.saclibrary.org/GroupedWork/e7b432ab-bbc1-253a-f4d3-0f8f86ad045c-eng,"Bob Dylan: things have changed : a sort of biography","Rosenbaum, Ron",9781685892258,,"Melville House Publishing",2025,"Brooklyn, NY",Book,"Book::Arcade: BIOGRAPHY Dylan, B. 2025 - Checked Out,Book::Colonial Heights: BIOGRAPHY Dylan, B. 2025 - On Shelf,Book::Del Paso Heights: BIOGRAPHY Dylan, B. 2025 - Checked Out"
https://catalog.saclibrary.org/GroupedWork/83d8e5aa-d0ad-6021-7066-fc66169b943c-eng,"Jacqueline Du Pré: a biography","Easton, Carol",9780306809767,,"Da Capo Press",2000,"[Cambridge, Mass.?]",Book,"Book::Central: BIOGRAPHY Du Pre, J. 2000 - On Shelf"
https://catalog.saclibrary.org/GroupedWork/c37c51e1-c22a-6625-c32d-f056262874ae-eng,"Kentucky genealogy and biography","Perrin, William Henry, d. 1892?",,,"Genealogical Reference Co",1970,"Owensboro, Ky",Book,"Book::Central Genealogy - 2nd Floor: GENEALOGY 976.9 P458 1970 v.1 - Library Use Only,Book::Central Genealogy - 2nd Floor: GENEALOGY 976.9 P458 1970 v.2 - Library Use Only,Book::Central Genealogy - 2nd Floor: GENEALOGY 976.9 P458 1970 v.3 - On Shelf"
https://catalog.saclibrary.org/GroupedWork/5a5c0371-65cd-2d3c-6a30-f1441fd1acbc-eng,"William Tyndale: a biography","Daniell, David",9780300061321,,"Yale University Press",1994,"New Haven",Book,"Book::Central: 283 T987zd 1994 - On Shelf"
https://catalog.saclibrary.org/GroupedWork/ddfce700-8313-4601-8b18-82facfb3be1c-eng,"Hitler: a global biography","Simms, Brendan",9780465022373,,"Basic Books",2019,"New York",Book,"Book::Central: 940.540943 H675zs 2019 - On Shelf,Book::Franklin: 940.540943 H675zs 2019 - On Shelf,Book::North Sacramento-Hagginwood: 940.540943 H675zs 2019 - On Shelf"
https://catalog.saclibrary.org/GroupedWork/2d07dcfd-7412-d9b8-d651-f7d56f571053-eng,"Water: a biography","Boccaletti, Giulio, 1974-",9781524748234,,"Pantheon Books; Books on Tape",2021,"New York",eAudiobook;Book,"Book::Arcade: 333.9116 B664 2021 - On Shelf,Book::Central: 333.9116 B664 2021 - On Shelf,Book::Franklin: 333.9116 B664 2021 - On Shelf"
https://catalog.saclibrary.org/GroupedWork/53787f79-e27b-9382-35b4-a3f7c25012e3-eng,"Julia Morgan: an intimate biography of the trailblazing architect","Kastner, Victoria",9781797205632,,"Chronicle Books",2021,"San Francisco",Book,"Book::Central: BIOGRAPHY Morgan, J. 2021 - Checked Out,Book::Franklin: BIOGRAPHY Morgan, J. 2021 - On Shelf,Book::McClatchy: BIOGRAPHY Morgan, J. 2021 - Checked Out"
https://catalog.saclibrary.org/GroupedWork/2cab1cc4-5105-02a9-8cea-fe7ccc3ea215-eng,"Arise Sir Jamie Oliver: the biography","Hildred, Stafford",9781844544455,,"John Blake",2007,London,Book,"Book::Central: BIOGRAPHY Oliver, J. 2007 - On Shelf"
https://catalog.saclibrary.org/GroupedWork/eb2304d2-6644-b4cd-1fd5-eb666976c6ce-eng,"Wagstaff, a biography: before and after Mapplethorpe","Gefter, Philip",9780871404374,,"Liveright Publishing Corporation",2015,"New York",Book,"Book::Central: BIOGRAPHY Wagstaff, S. 2015 - On Shelf"
https://catalog.saclibrary.org/GroupedWork/83bb8056-604f-9f7e-4084-1923ca66218a-eng,"His holiness the fourteenth Dalai Lama: an illustrated biography","Tethong, Tenzin Geyche, 1943-",9781623718770,,"Interlink Books, an imprint of Interlink Publishing Group, Inc",2021,"Northampton, Massachusetts",Book,"Book::Central: BIOGRAPHY Bstan-dzin-rgya-mtsho 2021 - On Shelf"
https://catalog.saclibrary.org/GroupedWork/c61aae31-396e-4629-0a21-ed4cf684398d-eng,"Rembrandt's portrait: a biography","Mee, Charles L",9780671622138,,"Simon and Schuster",1988,"New York",Book,"Book::Central: BIOGRAPHY Rembrandt 1988 - On Shelf"
https://catalog.saclibrary.org/GroupedWork/4721d073-5137-1112-0456-5ef6736578e8-eng,"Samuel Richardson: a biography","Eaves, T. C. Duncan (Thomas Cary Duncan), 1918-1986",9780198124313,,"Clarendon Press",1971,Oxford,Book,"Book::Central: BIOGRAPHY Richardson, S. 1971 - On Shelf"
https://catalog.saclibrary.org/GroupedWork/0365b3cd-10bd-73d4-fcbc-4ecd51618dd4-eng,"Vegetables: a biography","Bloch-Dano, Evelyne",9780226059945,,"University of Chicago Press; The University of Chicago Press",2012,Chicago,eBook;Book,"Book::Carmichael: 635 B651 2012 - On Shelf,Book::Central: 635 B651 2012 - On Shelf,Book::Pocket-Greenhaven: 635 B651 2012 - On Shelf"
https://catalog.saclibrary.org/GroupedWork/fc3ac1d9-bd08-a839-39f1-c3a5ecb97909-eng,"Peter the Great: a biography","Hughes, Lindsey, 1949-2007",9780300094268,,"Yale University Press",2002,"New Haven",Book,"Book::Carmichael: BIOGRAPHY Peter I 2002 - On Shelf,Book::Central: BIOGRAPHY Peter I 2002 - On Shelf"
https://catalog.saclibrary.org/GroupedWork/72e10177-15b4-142b-a96b-6779eab7b5a4-eng,"Alec Guinness: the authorized biography","Read, Piers Paul, 1941-",9780743244985,,"Simon and Schuster",2005,"New York",Book,"Book::Central: BIOGRAPHY Guinness, A. 2005 - On Shelf"
https://catalog.saclibrary.org/GroupedWork/987c342c-4ee8-250a-f57b-40568a11a53e-eng,"Franz Schubert: a biography","McKay, Elizabeth Norman",9780198165231,,"Clarendon Press; Oxford University Press",1996,"New York; Oxford",Book,"Book::Central: 780.92 S384zm 1996 - On Shelf"
https://catalog.saclibrary.org/GroupedWork/6bcbaa2a-2207-924a-3a91-967f4be887ef-eng,"The prodigy: a biography of William Sidis","Wallace, Amy",9780525244042,,"E.P. Dutton",1986,"New York",Book,"Book::Central: BIOGRAPHY Sidis, W. 1986 - On Shelf"
https://catalog.saclibrary.org/GroupedWork/e4303d85-6789-00a2-913a-3309578f551b-eng,"Orwell's nose: a pathological biography","Sutherland, John, 1938-",9781780238265,,"Reaktion Books",2017,London,Book,"Book::Central: BIOGRAPHY Orwell, G. 2017 - On Shelf"
https://catalog.saclibrary.org/GroupedWork/25555409-426e-f4e0-850c-8fc84de17f24-eng,"Gary Cooper, an intimate biography","Arce, Hector",9780688036041,,Morrow,1979,"New York",Book,"Book::Central: BIOGRAPHY Cooper, G. 1979 - On Shelf"
https://catalog.saclibrary.org/GroupedWork/5533ce68-9604-6f74-f617-983572f7c8cc-eng,"America's first woman lawyer: the biography of Myra Bradwell","Friedman, Jane M",9780879758127,,"Globe Pequot; Prometheus Books","1993 - 2019","Buffalo, N.Y",eBook;Book,"Book::Central: BIOGRAPHY Bradwell, M. 1993 - On Shelf"
https://catalog.saclibrary.org/GroupedWork/7239045f-4738-0969-791e-b5a0d6698fae-eng,"Robert Altman: the oral biography","Zuckoff, Mitchell",9780307267689,,"Alfred A. Knopf",2009,"New York",Book,"Book::Central: BIOGRAPHY Altman, R. 2009 - On Shelf"
https://catalog.saclibrary.org/GroupedWork/06eb1708-d3b4-3e89-c2d3-3347ac2b0530-eng,"Adolph Sutro: a biography","Stewart, Robert Ernest",,,Howell-North,1962,"Berkeley, Calif",Book,"Book::Sacramento Room: 979.461 S9662zs 1962 CAL - Library Use Only,Book::Folsom Reading Room: BIOGRAPHY Sutro, A. 1962 - On Shelf,Book::Sutter County Main Branch: BIOGRAPHY SUTRO - On Shelf"
https://catalog.saclibrary.org/GroupedWork/87269ef9-06c5-975b-6620-5b15cc7d3adf-eng,"On nineteen eighty-four: a biography","Taylor, D. J. (David John), 1960-",9781419738005,,"Abrams Press; Dreamscape Media","2019 - 2021","New York; New York, NY",Book;eAudiobook,"Book::Carmichael: 809 T239 2021 - On Shelf,Book::Central: 809 T239 2021 - On Shelf,Book::McKinley: 809 T239 2021 - On Shelf"
https://catalog.saclibrary.org/GroupedWork/475e6041-fa12-251a-73e8-225d86d01bc9-eng,"Posthumous Keats: a personal biography","Plumly, Stanley",9780393337723,,"W. W. Norton",2010,"New York; London",Book,"Book::Central: BIOGRAPHY Keats, J. 2010 - On Shelf"
https://catalog.saclibrary.org/GroupedWork/5a7ca507-8b65-83e9-7cbf-8e78016f1747-eng,"Pearl S. Buck: a cultural biography","Conn, Peter J",9780521560801,,"Cambridge University Press",1996,"New York; Cambridge [England]",Book,"Book::Central: BIOGRAPHY Buck, P. 1996 - On Shelf"
https://catalog.saclibrary.org/GroupedWork/579a7794-d39f-ed6c-7016-ba7cf2c1b2e7-eng,"Lady Caroline Lamb: a biography","Douglass, Paul, 1951-",9781403966056,,"Palgrave Macmillan",2004,"New York",Book,"Book::South Natomas: BIOGRAPHY Lamb, C. 2004 - On Shelf"
https://catalog.saclibrary.org/GroupedWork/ebc25b72-7eaa-f26c-3aca-b427ef100ff0-eng,"Henry Edwards Huntington: a biography","Thorpe, James, 1915-2009",9780520082540,,"University of California Press",1994,"Berkeley, CA",Book,"Book::Central: BIOGRAPHY Huntington, H. 1994 - On Shelf,Book::Sacramento Room: SPE 338.04092 H951zt 1994 CAL - Library Use Only"
https://catalog.saclibrary.org/GroupedWork/23c07f4f-a9fe-2bd8-44c2-7bf7f2388fdf-eng,"Don Rickles: the merchant of venom : a biography","Starr, Michael, 1961-",9780806541723,,"Citadel Press, Kensington Publishing Corp",2022,"New York, NY",Book,"Book::Carmichael: BIOGRAPHY Rickles, D. 2022 - On Shelf,Book::Central: BIOGRAPHY Rickles, D. 2022 - On Shelf,Book::South Natomas: BIOGRAPHY Rickles, D. 2022 - On Shelf"
https://catalog.saclibrary.org/GroupedWork/8f7511be-78b1-5342-6711-b0f16005bf5a-eng,"May Sarton: a biography","Peters, Margot",9780679415213,,"Distributed by Random House; Knopf",1997,"New York",Book,"Book::Central: 818 S251zp 1997 - On Shelf"
https://catalog.saclibrary.org/GroupedWork/7683baaa-20a6-6635-3471-d2ffcee26073-eng,"Hitchhiker: a biography of Douglas Adams","Simpson, M. J",9781932112177,,"Justin, Charles & Co",2003,Boston,Book,"Book::Central: BIOGRAPHY Adams, D. 2003 - On Shelf"
https://catalog.saclibrary.org/GroupedWork/5d51de29-4cd7-9255-501c-2a07080eb2d1-eng,"Lincoln's virtues: an ethical biography","Miller, William Lee",9780375401589,,"Alfred A. Knopf",2002,"New York",Book,"Book::Central: BIOGRAPHY Lincoln, A. 2002 - On Shelf"
https://catalog.saclibrary.org/GroupedWork/ca8d0ca0-2cc5-c55d-0073-8cdf4197252f-eng,"Queen Victoria's mysterious daughter: a biography of Princess Louise","Hawksley, Lucinda",9781250059321,,"Tantor Media, Inc.; Thomas Dunne Books, St. Martin's Press","2015 - 2018","New York",Book;eAudiobook,"Book::Central: BIOGRAPHY Louise 2015 - On Shelf,Book::North Natomas: BIOGRAPHY Louise 2015 - On Shelf,Book::North Sacramento-Hagginwood: BIOGRAPHY Louise 2015 - On Shelf"
https://catalog.saclibrary.org/GroupedWork/8acea494-2661-2b1b-d55b-7b23dde3eeca-eng,"Margaret Thatcher: the authorized biography. From Grantham to the Falklands","Moore, Charles, 1956-",9780307958945,,"Alfred A. Knopf",2013,"New York",Book,"Book::Central: BIOGRAPHY Thatcher, M. 2013 - On Shelf,Book::North Natomas: BIOGRAPHY Thatcher, M. 2013 - On Shelf"
https://catalog.saclibrary.org/GroupedWork/23dc41de-b0ff-4bb6-c6cd-f7f7deefc6c9-eng,"The Chris Farley show: a biography in three acts","Farley, Tom, 1961-",9780670019236,,"Viking; Penguin Publishing Group",2008,"New York",eBook;Book,"Book::Sylvan Oaks: 792.7028 F231zf 2008 - On Shelf,Book::Folsom Reading Room: BIOGRAPHY Farley, C. 2008 - On Shelf"
https://catalog.saclibrary.org/GroupedWork/11638687-bf47-7af5-1ff1-489b6bb889f6-eng,"Antarctica: a biography","Day, David, 1949-",9780199861453,,"Oxford University Press",2013,"New York",Book,"Book::Central: 998.9 D273 2013 - On Shelf"
https://catalog.saclibrary.org/GroupedWork/ef689cd9-b222-c0f0-93de-c5902bbf5c3b-eng,"Faulkner: a biography","Blotner, Joseph Leo, 1923-",9780394504131,,"Random House",1984,"New York",Book,"Book::Central: 813 F263zb 1984 - On Shelf"
https://catalog.saclibrary.org/GroupedWork/17147942-0d7d-9d07-399f-3e8081f8a70f-eng,"Olivia: the biography of Olivia Newton-John","Ewbank, Tim",9780749909840,,Piatkus,2011,London,Book,"Book::Central: BIOGRAPHY Newton-John, O. 2011 - On Shelf"
https://catalog.saclibrary.org/GroupedWork/be18f7e7-f677-aef9-321b-aaa75ecb43ca-eng,"Scooter: the biography of Phil Rizzuto","DeVito, Carlo",9781600781650,,"Triumph Books",2010,Chicago,Book,"Book::Central: BIOGRAPHY Rizzuto, P. 2010 - On Shelf,Book::Fair Oaks: BIOGRAPHY Rizzuto, P. 2010 - On Shelf"
https://catalog.saclibrary.org/GroupedWork/ff4c2630-662c-140f-e79f-bf7f59b8cbf0-eng,"Why this world: a biography of Clarice Lispector","Moser, Benjamin",9780195385564,,"Oxford University Press",2009,"New York",Book,"Book::Rancho Cordova: BIOGRAPHY Lispector, C. 2009 - On Shelf"
https://catalog.saclibrary.org/GroupedWork/b5bc4a17-cd2e-7e07-aa5d-5918a74d83ec-eng,"Duke Ellington and his world: a biography","Lawrence, A. H",9780415930123,,Routledge,2001,"New York",Book,"Book::Central: BIOGRAPHY Ellington, D. 2001 - On Shelf,Book::Elk Grove: BIOGRAPHY Ellington, D. 2001 - On Shelf,Book::North Natomas: BIOGRAPHY Ellington, D. 2001 - On Shelf"
https://catalog.saclibrary.org/GroupedWork/66d552ff-6209-5de2-65f9-ec802ea852f2-eng,"Storyteller: the authorized biography of Roald Dahl","Sturrock, Donald",9781416550822,,"Simon & Schuster",2010,"New York",Book,"Book::Central: BIOGRAPHY Dahl, R. 2010 - On Shelf,Book::Folsom Reading Room: BIOGRAPHY Dahl, R. 2010 - On Shelf"
https://catalog.saclibrary.org/GroupedWork/1ed89512-a7c2-4942-d85f-a41b2755d0b9-eng,"His masterly pen: a biography of Jefferson the writer","Kaplan, Fred, 1937-",9780062440037,,"HarperCollins; HarperAudio; Harper, an imprint of HarperCollinsPublishers",2022,"New York, NY",eBook;Book;eAudiobook,"Book::Central: 973.46092 J45zk 2022 - On Shelf,Book::Fair Oaks: 973.46092 J45zk 2022 - On Shelf,Book::North Natomas: 973.46092 J45zk 2022 - On Shelf"
https://catalog.saclibrary.org/GroupedWork/c41aafef-e3db-4b56-18c4-2e60105d7e6a-eng,"Love becomes a funeral pyre: a biography of The Doors","Wall, Mick",9781613734087,,"Chicago Review Press",2015,"Chicago, Illinois",eBook;Book,"Book::Franklin: 782.42166 D691zw 2015 - On Shelf"
https://catalog.saclibrary.org/GroupedWork/22a1c527-bfff-2cdb-138a-8665364f276d-eng,"Ginsberg: a biography","Miles, Barry, 1943-",9780671507138,,"Simon and Schuster",1989,"New York",Book,"Book::Sacramento Room: SPE 811 G493zm2 1989 CAL - Library Use Only"
https://catalog.saclibrary.org/GroupedWork/6401c07c-ddff-eb72-45d7-7b6023a0fdb9-eng,"Chateaubriand: a biography","Painter, George Duncan, 1914-",9780394426587,,"Knopf : distributed by Random House",1978,"New York",Book,"Book::Central: 848 C492zp 1978 v.1 - On Shelf"
https://catalog.saclibrary.org/GroupedWork/850a2425-bc8e-8022-e018-f7495273ea9e-eng,"Hysteria: the biography","Scull, Andrew, 1946-",9780199560967,,"Oxford University Press",2009,"New York; Oxford",Book,"Book::McKinley: 616.8524 S437 2009 - On Shelf"
https://catalog.saclibrary.org/GroupedWork/c1e236fc-54cc-d997-233b-41463dab9d6b-eng,"Saroyan: a biography","Lee, Lawrence, 1941-1990",9780520213999,,"University of California Press",1998,"Berkeley, Calif",Book,"Book::Sacramento Room: SPE 818 S246zL 1998 CAL - Library Use Only"
https://catalog.saclibrary.org/GroupedWork/6285a16b-492a-2a70-8878-cbac6c180397-eng,"Eternal flame: the authorized biography of The Bangles","Bickerdike, Jennifer Otter",9780306833342,,"Grand Central Publishing",2025,"New York, NY",Book,"Book::Central: 781.6609 B216 2025 - Checked Out,Book::Colonial Heights: 781.6609 B216 2025 - On Shelf,Book::Franklin: 781.6609 B216 2025 - Checked Out"
https://catalog.saclibrary.org/GroupedWork/801feced-f3fa-c824-25a1-72c4d9490a01-eng,"Jesus: a biography from a believer","Johnson, Paul, 1928-",9780670021598,,Viking,2010,"New York",Book,"Book::Carmichael: 232.901 J68 2010 - On Hold Shelf,Book::North Natomas: 232.901 J68 2010 - On Shelf,Book::Valley Hi-North Laguna: 232.901 J68 2010 - Checked Out"
https://catalog.saclibrary.org/GroupedWork/5c0ad6ce-00ce-f36f-b728-7b6a4bf6c62a-eng,"Rabbi Paul: an intellectual biography","Chilton, Bruce",9780385508629,,Doubleday,2004,"New York",Book,"Book::Pocket-Greenhaven: 225.92 P324zp 2004 - On Shelf"
https://catalog.saclibrary.org/GroupedWork/bb167d04-5187-1258-7b82-dac27a736c1b-eng,"Nasser: a biography","Lacouture, Jean",9780394466255,,"Knopf; [distributed by Random House]",1973,"New York",Book,"Book::Central: BIOGRAPHY Nasser, G. 1973 - On Shelf"
https://catalog.saclibrary.org/GroupedWork/78c5b505-de20-d6b4-5698-2a62500cf752-eng,"Kant: a biography","Kuehn, Manfred",9780521524063,,"Cambridge University Press",2002,Cambridge,Book,"Book::Central: BIOGRAPHY Kant, I. 2002 - On Shelf"
https://catalog.saclibrary.org/GroupedWork/16f60180-4a9c-6eef-1005-8e7968050e90-eng,"The lives of Margaret Fuller: a biography","Matteson, John",9780393068054,,"W.W. Norton",2012,"New York",Book,"Book::Central: BIOGRAPHY Fuller, M. 2012 - On Shelf"
https://catalog.saclibrary.org/GroupedWork/a8bea166-cf58-0044-995c-4b098da018d5-eng,"Madam: the biography of Polly Adler, icon of the Jazz Age","Applegate, Debby",9780385534758,,"Books on Tape; Doubleday",2021,"New York",eAudiobook;Book,"Book::Arcade: BIOGRAPHY Adler, P. 2021 - On Shelf,Book::Central: BIOGRAPHY Adler, P. 2021 - On Shelf,Book::North Natomas: BIOGRAPHY Adler, P. 2021 - On Shelf"
https://catalog.saclibrary.org/GroupedWork/628efdea-f4b9-b158-7b32-62ff8bbcdfcc-eng,"America's constitution: a biography","Amar, Akhil Reed",9781400062621,,"Random House; Random House Publishing Group","2005 - 2012","New York",eBook;Book,
https://catalog.saclibrary.org/GroupedWork/b85d96a3-8d2c-878d-595a-4d7ccd61a6ab-eng,"Tommy Dorsey: livin' in a great big way : a biography","Levinson, Peter J",9780306815027,,"Da Capo Press; Grand Central Publishing","2006 - 2009","Cambridge, Mass",eBook;Book,"Book::Central: BIOGRAPHY Dorsey, T. 2006 - On Shelf"
https://catalog.saclibrary.org/GroupedWork/2b251e8c-daed-1601-00b2-3de20f915d89-eng,"The Ox: the authorized biography of The Who's John Entwistle","Rees, Paul (Music journalist)",9780306922855,,"Hachette Books",2020,"New York, NY",Book,"Book::Arcade: BIOGRAPHY Entwistle, J. 2020 - Checked Out,Book::Central: BIOGRAPHY Entwistle, J. 2020 - On Shelf,Book::Fair Oaks: BIOGRAPHY Entwistle, J. 2020 - Checked Out"
https://catalog.saclibrary.org/GroupedWork/538b6865-1868-32c1-cbea-df9f0e8edabc-eng,"The world is what it is: the authorized biography of V.S. Naipaul","French, Patrick, 1966-",9781400044054,,"Alfred A. Knopf; Knopf Doubleday Publishing Group",2008,"New York",eBook;Book,"Book::Central: BIOGRAPHY Naipaul, V. 2008 - On Shelf,Book::South Natomas: BIOGRAPHY Naipaul, V. 2008 - On Shelf"
https://catalog.saclibrary.org/GroupedWork/cb66ecf2-34a3-a547-aa6d-4ffc8097310e-eng,"Willie Brown: a biography","Richardson, James, 1953-",9780520213159,,"University of California Press",1996,Berkeley,Book,"Book::Sacramento Room: SPE 328.794 B881zr 1996 CAL - Library Use Only,Book::Folsom Reading Room: BIOGRAPHY Brown, W. 1996 - On Shelf"
https://catalog.saclibrary.org/GroupedWork/fb86a16a-0c3c-d2ee-c322-c6d157c70d34-eng,"Rough magic: a biography of Sylvia Plath","Alexander, Paul, 1955-",9780306812996,,"Da Capo Press",2003,"New York",Book,"Book::Central: BIOGRAPHY Plath, S. 2003 - On Shelf"
https://catalog.saclibrary.org/GroupedWork/77e25297-fe4f-eb24-1159-b144ed34983c-eng,"Lady Sackville: a biography","Alsop, Susan Mary",9780385113793,,Doubleday,1978,"Garden City, N.Y",Book,"Book::Central: 823 S121za 1978 - On Shelf"
https://catalog.saclibrary.org/GroupedWork/9f7d122b-3c2d-a7d3-631b-09705ed50fab-eng,"Child of light: a biography of Robert Stone","Bell, Madison Smartt",9780385541602,,Doubleday,2020,"New York",Book,"Book::Central: BIOGRAPHY Stone, R. 2020 - On Shelf,Book::Belle Cooledge: BIOGRAPHY Stone, R. 2020 - On Shelf,Book::Elk Grove: BIOGRAPHY Stone, R. 2020 - On Shelf"
https://catalog.saclibrary.org/GroupedWork/090f9d54-ba9d-0498-97f5-e61d59877b3a-eng,"Anything goes: a biography of the roaring twenties","Moore, Lucy, 1970-",9781590203132,,"Abrams; Overlook Press; ABRAMS, Inc.",2010,"New York",eBook;Book,"Book::Fair Oaks: 973.91 M822 2010 - On Shelf,Book::Pocket-Greenhaven: 973.91 M822 2010 - On Shelf"
https://catalog.saclibrary.org/GroupedWork/167592d8-d4a7-6d14-227e-909ebd0edf0d-eng,"Phillis Wheatley: biography of a genius in bondage","Carretta, Vincent",9780820333380,,"University of Georgia Press",2011,Athens,Book,"Book::Central: BIOGRAPHY Wheatley, P. 2011 - On Shelf,Book::Rancho Cordova: BIOGRAPHY Wheatley, P. 2011 - On Shelf"
https://catalog.saclibrary.org/GroupedWork/213c3ee5-37ce-70c0-73a3-9395ef2c1baa-eng,"Donnie baseball: the definitive biography of Don Mattingly","Shalin, Mike, 1954-",9781600785368,,"Triumph Books",2011,"Chicago, Ill",Book,"Book::Carmichael: BIOGRAPHY Mattingly, D. 2011 - On Shelf,Book::Central: BIOGRAPHY Mattingly, D. 2011 - On Shelf,Book::Fair Oaks: BIOGRAPHY Mattingly, D. 2011 - On Shelf"
https://catalog.saclibrary.org/GroupedWork/05860dbc-6fe7-9a84-3078-5e6128db0d34-eng,"Edison: a biography","Josephson, Matthew, 1899-1978",,,McGraw-Hill,1959,"New York",Book,"Book::Central Closed Stacks - Library Use Only: BIOGRAPHY Edison - Library Use Only,Book::Colusa Main Branch Adult Collection: B EDISON J - On Shelf"
https://catalog.saclibrary.org/GroupedWork/b9661bbd-bfe8-172e-098e-b8e9a4eeca66-eng,"The Wife of Bath: a biography","Turner, Marion, 1976-",9780691206011,,"Recorded Books, Inc.; Princeton University Press",2023,Princeton,eAudiobook;eBook;Book,"Book::Carmichael: 821.1 C496zt 2023 - On Shelf,Book::Central: 821.1 C496zt 2023 - On Shelf,Book::North Natomas: 821.1 C496zt 2023 - On Shelf"
https://catalog.saclibrary.org/GroupedWork/033d13fd-2d6f-be0f-52a3-26ed2b8f4f86-eng,"George Eliot: a biography","Haight, Gordon Sherman",,,"Oxford University Press",1968,"New York",Book,"Book::Central: 823 E42zh2 1968 - On Shelf,Book::Colusa Main Branch Adult Collection: B ELIOT H - On Shelf"
https://catalog.saclibrary.org/GroupedWork/4bb5fda6-4baf-1ef6-cc40-78ee3277b869-eng,"Converting the West: a biography of Narcissa Whitman","Jeffrey, Julie Roy",9780806123592,,"University of Oklahoma Press",1991,Norman,Book,"Book::Central: 979.5 W615zj 1991 - On Shelf"
https://catalog.saclibrary.org/GroupedWork/8584f68a-1e2b-9fbe-791d-d47eaa2876d9-eng,"Henry Fielding, a biography","Rogers, Pat",9780684162645,,Scribner,1979,"New York",Book,"Book::Central: 823 F459zr2 1979 - On Shelf"
https://catalog.saclibrary.org/GroupedWork/9419ec28-c3b3-b9e9-d442-9272ecc81f73-eng,"John Galsworthy: a biography","Dupré, Catherine",9780698107151,,"Coward, McCann & Geoghegan",1976,"New York",Book,"Book::Central: 823 G178zd 1976 - On Shelf"
https://catalog.saclibrary.org/GroupedWork/ee64702b-46d0-37df-d235-c8b375c726f8-eng,"Bethlehem: biography of a town","Blincoe, Nicholas",9781568585833,,"Nation Books; PublicAffairs",2017,"New York",eBook;Book,"Book::Central: 956 B648 2017 - On Shelf,Book::Belle Cooledge: 956 B648 2017 - On Shelf,Book::Elk Grove: 956 B648 2017 - On Shelf"
https://catalog.saclibrary.org/GroupedWork/be20226b-40c0-6ab0-f5e3-d4ea39da1964-eng,"Gray matters: a biography of brain surgery","Schwartz, Theodore H",9780593474105,,"Dutton; Penguin Publishing Group; Books on Tape",2024,"[New York]",eAudiobook;Book;eBook,"Book::Carmichael: 617.481 S399 2024 - On Shelf,Book::Central: 617.481 S399 2024 - On Shelf,Book::Elk Grove: 617.481 S399 2024 - On Shelf"
https://catalog.saclibrary.org/GroupedWork/ed4eec07-ab2b-83ae-79e2-f30c9b168fec-eng,"Nancy Cunard: a biography","Chisholm, Anne",9780394492001,,Knopf,1979,"New York",Book,"Book::Central: 828 C972zc 1979 - On Shelf"
https://catalog.saclibrary.org/GroupedWork/d3b11a82-5203-d0c7-7f09-fe78f1b6e70a-eng,"Julie Christie: the biography","Ewbank, Tim",9780233002552,,"André Deutsch",2008,London,Book,"Book::South Natomas: 791.4302 C555ze 2008 - On Shelf"
https://catalog.saclibrary.org/GroupedWork/9a36f848-af37-17c2-1900-ebaa0b34039b-eng,"Trotsky: a graphic biography","Geary, Rick",9780809095087,,"Hill and Wang; Serious Comics",2009,"New York",Book,"Book::Central: 947.084 T858zg 2009 - On Shelf"
https://catalog.saclibrary.org/GroupedWork/be985536-7deb-93b0-cb1b-c28ac4c3c1cd-eng,"Condoleezza Rice: an American life : a biography","Bumiller, Elisabeth",9780812977134,,"Random House",2009,"New York",Book,"Book::Valley Hi-North Laguna: BIOGRAPHY Rice, C. 2009 - On Shelf"
https://catalog.saclibrary.org/GroupedWork/06789a4b-0a8e-2c55-a6cd-cc0cfb470bd4-eng,"Robert Ryan: a biography and critical filmography","Jarlett, Franklin, 1947-",9780786404766,,McFarland,1997,"Jefferson, N.C",Book,"Book::Central: BIOGRAPHY Ryan, R. 1997 - On Shelf"
https://catalog.saclibrary.org/GroupedWork/30afc31d-252b-7bff-c718-6aa52845bc19-eng,"La Moreau: a biography of Jeanne Moreau","Gray, Marianne",9781556114878,,"D.I. Fine Books",1996,"New York",Book,"Book::Central: BIOGRAPHY Moreau, J. 1996 - On Shelf"
https://catalog.saclibrary.org/GroupedWork/ea7e08c0-5085-69bc-d400-c47542405878-eng,"Clarence King: a biography","Wilkins, Thurman",,,Macmillan,1958,"New York",Book,"Book::Sacramento Room: 550.924 K52zw 1958 CAL - Library Use Only"
https://catalog.saclibrary.org/GroupedWork/32a5c985-5c5a-429c-5ef4-f1380dcd87c3-eng,"Jane Fonda: a biography","Freedland, Michael, 1934-",9780312010485,,"St. Martin's Press",1988,"New York",Book,"Book::Central: 791.43 F6732zf 1987 4L BIO - On Shelf"
https://catalog.saclibrary.org/GroupedWork/b967981a-e969-cd9f-f853-f259d0683d1b-eng,"Livia, Empress of Rome: a biography","Dennison, Matthew",9780312658649,,"St. Martin's Press",2011,"New York",Book,"Book::Pocket-Greenhaven: BIOGRAPHY Livia 2011 - On Shelf"
https://catalog.saclibrary.org/GroupedWork/0c4fc493-8194-d11d-1ebd-616da9df5aa3-eng,"Evelyn Waugh: a biography","Sykes, Christopher, 1907-1986",9780316826006,,"Little, Brown",1975,Boston,Book,"Book::Central: 823 W354zs - On Shelf"
https://catalog.saclibrary.org/GroupedWork/3f318ac7-a924-e2a4-7e59-ecc2267f286c-eng,"Lewis Carroll, a biography","Amor, Anne Clark, 1933-",9780805237221,,"Schocken Books",1979,"New York",Book,"Book::Central: 828 C319zc 1979 - On Shelf"
https://catalog.saclibrary.org/GroupedWork/42c07db9-edde-b600-fc87-fee940ca25a0-eng,"Kahlil Gibran, man and poet: a new biography","Bushrui, Suheil B",9781851685417,,Oneworld,2008,"Oxford, England",Book,"Book::Central: BIOGRAPHY Gibran, K. 2008 - On Shelf"
https://catalog.saclibrary.org/GroupedWork/0991d6fa-cd49-a9a0-2984-5aac7a6be559-eng,"Amelia: The centennial biography of an aviation pioneer","Goldstein, Donald M",9781574881349,,Brassey's,1997,"Washington [D.C.]",Book,"Book::Southgate: BIOGRAPHY Earhart, A. 1997 - On Shelf"
https://catalog.saclibrary.org/GroupedWork/56367432-a474-f323-fde9-a02e252aae32-eng,"A few words in defense of our country: the biography of Randy Newman","Hilburn, Robert",9780306834691,,"Hachette Books",2024,"New York, NY",Book,"Book::Carmichael: BIOGRAPHY Newman, R. 2024 - On Shelf,Book::Central: BIOGRAPHY Newman, R. 2024 - On Shelf,Book::Colonial Heights: BIOGRAPHY Newman, R. 2024 - On Shelf"
https://catalog.saclibrary.org/GroupedWork/0193183e-5baa-7409-207c-7321baa82051-eng,"Emerson: the mind on fire, a biography","Richardson, Robert D., 1934-",9780520206892,,"University of California Press",1995,Berkeley,Book,"Book::Central: BIOGRAPHY Emerson, R. 1995 - On Shelf"
https://catalog.saclibrary.org/GroupedWork/a29c2665-c70a-ed2d-f336-5c2410e1dc0a-eng,"Augustine: a new biography","O'Donnell, James J., 1950-",9780060535377,,Ecco,2005,"New York",Book,"Book::Central: 270.2092 A923zo 2005 - On Shelf,Book::Woodland Public Library: 270.2092 ODO 2005 - On Shelf"
https://catalog.saclibrary.org/GroupedWork/84bc4e1a-440f-8700-6707-2d25d6beb3bc-eng,"Ronald Reagan: the pictorial biography","Gallick, Sarah",9780762406500,,"Courage Books",1999,"Philadelphia, Pa",Book,"Book::Sacramento Room: SPE f 973.927 R287zg 1999 CAL - Library Use Only"
https://catalog.saclibrary.org/GroupedWork/df432f0b-c0bd-014e-82e1-c7c32ff152ea-eng,"Cavalryman of the lost cause: a biography of J.E.B. Stuart","Wert, Jeffry D",9780743278195,,"Tantor Media, Inc.; Simon & Schuster",2008,"New York",Book;eAudiobook,"Book::Valley Hi-North Laguna: BIOGRAPHY Stuart, J. 2008 - On Shelf,Book::Sutter County Main Branch: 973.7309 WER - On Shelf"
https://catalog.saclibrary.org/GroupedWork/edb4c079-07b7-20a2-fdfb-c279f5a1e743-eng,"Ernest Hemingway: an illustrated biography","Sandison, David",9781556523397,,"Chicago Review Press",1999,"Chicago, Ill",Book,"Book::North Natomas: 813 H488zs4 1999 - On Shelf"
https://catalog.saclibrary.org/GroupedWork/74204eaf-8b3f-bea0-d354-2f8ebc3ac344-eng,"George Meany, and his times: a biography","Robinson, Archie",9780671421632,,"Simon and Schuster",1981,"New York",Book,"Book::Central: BIOGRAPHY Meany, G. 1981 - On Shelf"
https://catalog.saclibrary.org/GroupedWork/72728388-9d79-8ff9-6421-a2d62c88aa87-eng,"The Second Amendment: a biography","Waldman, Michael, 1960-",9781476747453,,"Tantor Media, Inc.; Simon & Schuster","2014 - 2018","New York",eBook;Book;eAudiobook,"Book::Carmichael: 344.73053 W164 2014 - On Shelf,Book::Woodland Public Library: 344.7305 Wal 2014 - On Shelf"
https://catalog.saclibrary.org/GroupedWork/7d52960b-dd86-1b2a-3bad-2c75da9e5db9-eng,"The emperor of all maladies: a biography of cancer","Mukherjee, Siddhartha",9781439195703,,"Simon & Schuster Audio; Scribner; Tantor Media","2010 - 2015","New York",eAudiobook;Book;eBook,"Book::Carmichael: 616.994 M953 2010 - Checked Out,Book::Central: 616.994 M953 2010 - On Shelf,Book::Rancho Cordova: 616.994 M953 2010 - Checked Out"
https://catalog.saclibrary.org/GroupedWork/e11d7402-98e5-8a83-2970-e08ea2ba8ac0-eng,"Little Caesar: a biography of Edward G. Robinson","Gansberg, Alan L",9780810849501,,"Scarecrow Press",2004,"Lanham, Md",Book,"Book::Central: BIOGRAPHY Robinson, E. 2004 - On Shelf"
https://catalog.saclibrary.org/GroupedWork/a4d32beb-40f7-5b13-d269-d9c465e59b48-eng,"Apostle of Union: a political biography of Edward Everett","Mason, Matthew, 1968-",9781469628608,,"The University of North Carolina Press",2016,"Chapel Hill",eBook;Book,"Book::Central: 328.73092 E93zm 2016 - On Shelf"
https://catalog.saclibrary.org/GroupedWork/92523a54-7c5d-6ca6-1662-813068955cb8-eng,"Andrew Johnson: a biography","Trefousse, Hans Louis",9780393026733,,Norton,1989,"New York",Book,"Book::Central: 973.173 J66t 1989 - On Shelf,Book::Sutter County Main Branch: BIOGRAPHY JOHNSON, A. - On Shelf"
https://catalog.saclibrary.org/GroupedWork/4433c9bd-ba63-4d2b-d2f8-cbb304b0c237-eng,"Margaret Thatcher: the authorized biography. At her zenith: in London, Washington, and Moscow","Moore, Charles, 1956-",9780307958969,,"Alfred A. Knopf",2016,"New York",Book,"Book::Arcade: BIOGRAPHY Thatcher, M. 2016 - On Shelf,Book::Central: BIOGRAPHY Thatcher, M. 2016 - On Shelf"
https://catalog.saclibrary.org/GroupedWork/410f0bff-30cd-a708-8af2-c55ae53c2eda-eng,"Jefferson and Monticello: the biography of a builder","McLaughlin, Jack, 1926-",9780805004823,,"Henry Holt and Co.; H. Holt","1988 - 2011","New York",eBook;Book,"Book::Central: 973.46 J45zm4 1988 - On Shelf"
https://catalog.saclibrary.org/GroupedWork/d1cd140f-2d28-956b-0242-72d27ae6e6f7-eng,"Grievous angel: an intimate biography of Gram Parsons","Hundley, Jessica",9781560256731,,"Thunder's Mouth Press",2005,"New York",Book,"Book::Central: BIOGRAPHY Parsons, G. 2005 - On Shelf"
https://catalog.saclibrary.org/GroupedWork/548ceb6b-ba90-e6a3-d130-1afb4811984b-eng,"The secret lives of Somerset Maugham: a biography","Hastings, Selina",9781400061419,,"Random House",2010,"New York",Book,"Book::Central: BIOGRAPHY Maugham, W. 2010 - On Shelf,Book::North Natomas: BIOGRAPHY Maugham, W. 2010 - On Shelf"
https://catalog.saclibrary.org/GroupedWork/72715ca3-38dd-1f60-fa3f-528140935a65-eng,"Bayard Rustin: troubles I've seen : a biography","Anderson, Jervis",9780060167028,,HarperCollinsPublishers,1997,"New York",Book,"Book::Central: BIOGRAPHY Rustin, B. 1997 - On Shelf"
https://catalog.saclibrary.org/GroupedWork/17298bee-1183-9d58-3aa4-85c509fab18e-eng,"Borderline: the biography of a personality disorder","Kriss, Alexander",9780807007815,,"Beacon Press",2024,Boston,eAudiobook;Book;eBook,"Book::Arcade: 616.8581 K928 2024 - On Shelf,Book::Central: 616.8581 K928 2024 - Checked Out,Book::Galt: 616.8581 K928 2024 - On Shelf"
https://catalog.saclibrary.org/GroupedWork/347f5ec6-ee95-8ca7-97ff-5202354861e1-eng,"Rowan's rule: the biography of the Archbishop of Canterbury","Shortt, Rupert",9780802864611,,"William B. Eerdmans Pub",2009,"Grand Rapids, Mich",Book,"Book::Arcade: BIOGRAPHY Williams, R. 2009 - On Shelf"
https://catalog.saclibrary.org/GroupedWork/6c3e6e66-5133-df24-6852-bb688288e333-eng,"Tyler Perry: a biography of a movie mogul","Gitlin, Marty",9780766042414,,"Enslow Publishing, LLC; Enslow Publishers, Inc",2014,"Berkeley Heights, NJ",eBook;Book,"Book::Galt Children's Area: CHILDREN BIOGRAPHY Perry, T. 2014 - On Shelf"
https://catalog.saclibrary.org/GroupedWork/937c1578-34c0-f490-3f72-d7eb076d6a7f-eng,"It's only a movie: Alfred Hitchcock, a personal biography","Chandler, Charlotte",9780743245081,,"Rowman & Littlefield Publishers; Simon & Schuster","2005 - 2006","New York",eBook;Book,"Book::Central: 791.430233 H674zc 2005 - On Shelf"
https://catalog.saclibrary.org/GroupedWork/d0b18131-80a9-dd26-1dc2-9bb9b1924e29-eng,"O. Henry: a biography of William Sydney Porter","Stuart, David",9780812830576,,"Scarborough House",1990,"Chelsea, MI",Book,"Book::Central: BIOGRAPHY Henry, O. 1990 - On Shelf"
https://catalog.saclibrary.org/GroupedWork/dc0e62e8-a15b-f372-510a-17c75e9095c8-eng,"Jimmy Carter: a comprehensive biography from Plains to postpresidency","Bourne, Peter G., 1939-",9780684195438,,Scribner,1997,"New York",Book,"Book::Arcade: BIOGRAPHY Carter, J. 1997 - On Shelf"
https://catalog.saclibrary.org/GroupedWork/cabffd65-0d77-ce66-3164-0046ff728bb5-eng,"Raymond Chandler: a biography","Hiney, Tom, 1970-",9780871136909,,"Atlantic Monthly Press",1997,"New York",Book,"Book::Sacramento Room: SPE 813 C456zh 1997 CAL - Library Use Only"
https://catalog.saclibrary.org/GroupedWork/b429dd04-db07-86eb-8986-d0911466f3dc-eng,"Thomas Hardy: an illustrated biography","O'Sullivan, Timothy, 1945-",,,"St. Martin's Press",1976,"New York",Book,"Book::Central: 823 H272zo 1976 - On Shelf"
https://catalog.saclibrary.org/GroupedWork/50e56ced-2877-6590-edc4-4326c6f7e81c-eng,"Frank Norris: a biography","Walker, Franklin Dickerson, 1900-1978",,,"Doubleday, Doran",1932,"Garden City, N.Y",Book,"Book::Sacramento Room: 813 N855zd 1932 CAL - Library Use Only"
https://catalog.saclibrary.org/GroupedWork/5bc74852-393c-66e9-f001-81c9fd44bb0f-eng,"Ambrose Bierce: a biography","O'Connor, Richard, 1915-1975",,,"Little, Brown",1967,Boston,Book,"Book::Sacramento Room: SPE 813 B588zo 1967 CAL - Library Use Only"
https://catalog.saclibrary.org/GroupedWork/80ef92d3-908f-9244-a72e-97d938112ae3-eng,"Jessie Benton Fremont: a biography","Herr, Pamela",9780531150115,,"F. Watts",1987,"New York",Book,"Book::Sacramento Room: SPE 973.60924 F872zh 1987 CAL - Library Use Only,Book::Folsom Reading Room: BIOGRAPHY Fremont, J. 1987 - On Shelf"
https://catalog.saclibrary.org/GroupedWork/bd5babd5-fc9f-9f74-89c8-b0d0ccbc09a0-eng,"Brilliance and fire: a biography of diamonds","Bergstein, Rachelle",9780062323774,,"Tantor Media, Inc.; HarperCollins; Harper",2016,"New York",eBook;Book;eAudiobook,"Book::Carmichael: 553.82 B499 2016 - On Shelf,Book::Central: 553.82 B499 2016 - On Shelf,Book::Folsom Adult: 736.23 BER 2016 - On Shelf"
https://catalog.saclibrary.org/GroupedWork/7f0bda4d-7ba9-90ee-cb7b-ac9d8db12ad0-eng,"The defiant one: a biography of Tony Curtis","Malone, Aubrey",9780786475957,,"McFarland & Company, Inc., Publishers",2013,"Jefferson, North Carolina ; London",Book,"Book::Central: BIOGRAPHY Curtis, T. 2013 - On Shelf"
https://catalog.saclibrary.org/GroupedWork/a9d69055-5230-6b35-0b99-9a60e0aec21b-eng,"James Russell Lowell: a biography","Scudder, Horace Elisha, 1838-1902",9780404056643,,"AMS Press",1974,"[New York",Book,"Book::Central: 811 L915zs 1974 v.1 - On Shelf"
https://catalog.saclibrary.org/GroupedWork/54730222-3576-44e0-a6c5-0355598a61b5-eng,"Jean Racine: a critical biography","Brereton, Geoffrey",9780064707039,,"Barnes & Noble Books; Methuen",1973,London,Book,"Book::Central: 842 R121zb 1973 - On Shelf"
https://catalog.saclibrary.org/GroupedWork/d5c914f7-9017-81f9-9e88-e09a368774e8-eng,"Christopher Isherwood: a critical biography","Finney, Brian",9780195201345,,"Oxford University Press",1979,"New York",Book,"Book::Central: 823 I79zf2 1979 - On Shelf"
https://catalog.saclibrary.org/GroupedWork/ff5652f2-4018-6265-9e99-f42f021cf45f-eng,"Heads: a biography of psychedelic America","Jarnow, Jesse",9780306822551,,"Da Capo Press; Grand Central Publishing","2015 - 2016","Philadelphia, PA",eBook;Book,"Book::Rancho Cordova: 782.42166 J376h 2015 - On Shelf,Book::Valley Hi-North Laguna: 782.42166 J376h 2015 - On Shelf"
https://catalog.saclibrary.org/GroupedWork/fbeddce3-a5e8-46d0-1014-0a9c91042859-eng,"The stranger from paradise: a biography of William Blake","Bentley, G. E., Jr. (Gerald Eades), 1930-",9780300089394,,"Yale University Press",2001,"New Haven, CT",Book,"Book::Central: BIOGRAPHY Blake, W. 2001 - On Shelf"
https://catalog.saclibrary.org/GroupedWork/52ccdc40-db17-3bf9-85ca-52c4ca43d598-eng,"Ingmar Bergman: a critical biography","Cowie, Peter",9780879101558,,"Limelight Editions",1992,"New York",Book,"Book::Central: 791.43 B499zc 1992 - On Shelf"
https://catalog.saclibrary.org/GroupedWork/653c260e-7299-6cdf-64f0-f5647e7eaec4-eng,"Ella Fitzgerald: a biography of the first lady of jazz","Nicholson, Stuart",9780684196992,,"Maxwell Macmillan International; C. Scribner's Sons",1994,"New York",Book,"Book::Del Paso Heights: BIOGRAPHY Fitzgerald, E. 1994 - On Shelf,Book::South Natomas: BIOGRAPHY Fitzgerald, E. 1994 - On Shelf"
https://catalog.saclibrary.org/GroupedWork/10875a00-1830-2f70-d4ce-455d83961065-eng,"Napoleon: life, legacy, and image : a biography","Forrest, Alan I",9781250009036,,"St. Martin's Press",2012,"New York",Book,"Book::Central: BIOGRAPHY Napoleon I 2012 - On Shelf"
https://catalog.saclibrary.org/GroupedWork/5f5855dd-3254-55f4-8405-aec3eb0c77a3-eng,"Al Kaline: the biography of a Tigers icon","Hawkins, Jim",9781600783142,,"Triumph Books",2010,"Chicago, Ill",Book,"Book::Central: BIOGRAPHY Kaline, A. 2010 - On Shelf"
https://catalog.saclibrary.org/GroupedWork/0291d024-7bac-f62f-571d-01577623c1e0-eng,"Mother India: a political biography of Indira Gandhi / Pranay Gupte","Gupte, Pranay",9780143068266,,"Penguin Books",2011,"New York",Book,"Book::Central: BIOGRAPHY Gandhi, I. 2011 - On Shelf"
https://catalog.saclibrary.org/GroupedWork/851f248c-b1ee-442a-fa91-6264dbea234c-eng,"G. K. Chesterton: a biography","Barker, Dudley",9780812815443,,"Stein and Day",1973,"New York",Book,"Book::Central: 828 C525zb 1973 - On Shelf"
https://catalog.saclibrary.org/GroupedWork/cb9f9f91-9bb2-6d4d-f86f-0a8ff7fbae60-eng,"Dark Star: an oral biography of Jerry Garcia","Greenfield, Robert",9780688147822,,"W. Morrow; HarperCollins","1996 - 2012","New York",eBook;Book,"Book::Sacramento Room: SPE 782.42166 G216zg2 1996 CAL - Library Use Only"
https://catalog.saclibrary.org/GroupedWork/8127c325-716c-2b06-6f5c-842780043141-eng,"Queen of France: a biography of Marie Antoinette","Castelot, André",,,Harper,1957,"New York",Book,"Book::Central Closed Stacks - Library Use Only: BIOGRAPHY Marie Antoinette - Library Use Only"
https://catalog.saclibrary.org/GroupedWork/bf08b5ef-8fdc-5055-58a8-9471d0b20d14-eng,"Abraham Lincoln: a biography","Thomas, Benjamin Platt, 1902-1956",9780394604688,,"Modern Library",1968,"New York",Book,"Book::Central: BIOGRAPHY Lincoln, A. 1968 - On Shelf"
https://catalog.saclibrary.org/GroupedWork/d2f048bc-edb8-d5d0-caca-91312d67cbfe-eng,"The most famous man in America: the biography of Henry Ward Beecher","Applegate, Debby",9780385513975,,Doubleday,2006,"New York",Book,"Book::Central: BIOGRAPHY Beecher, H. 2006 - On Shelf,Book::Colonial Heights: BIOGRAPHY Beecher, H. 2006 - On Shelf,Book::Valley Hi-North Laguna: BIOGRAPHY Beecher, H. 2006 - On Shelf"
https://catalog.saclibrary.org/GroupedWork/3ec57cfb-2243-d55a-853a-e74176d027e9-eng,"Hughes, the private diaries, memos and letters: the definitive biography of the first American billionaire","Hack, Richard",9781893224643,,"New Millennium Press; Phoenix Books, Inc.","2001 - 2009","Beverly Hills, Calif",Book;eAudiobook,"Book::Central: BIOGRAPHY Hughes, H. 2001 - On Shelf"
https://catalog.saclibrary.org/GroupedWork/acf4d2b4-fd5d-a7b3-8a7c-5c69a8e0d16e-eng,"Seasons of her life: a biography of Madeleine Korbel Albright","Blackman, Ann",9780684845647,,Scribner,1998,"New York",Book,"Book::Central: BIOGRAPHY Albright, M. 1998 - On Shelf"
https://catalog.saclibrary.org/GroupedWork/a214ce11-538a-0ad8-b726-599a009f6341-eng,"Kind Kit: an informal biography of Christopher Marlowe","Ross Williamson, Hugh, 1901-1978",,,"St. Martin's Press",1973,"New York",Book,"Book::Central: BIOGRAPHY Marlowe, C. 1973 - On Shelf"
https://catalog.saclibrary.org/GroupedWork/2df4f9c9-17bd-f5ff-4189-a0a17e8109bd-eng,"Long live The King: a biography of Clark Gable","Tornabene, Lyn",9780399118630,,Putnam,1976,"New York",Book,"Book::Central: BIOGRAPHY Gable, C. 1976 - On Shelf"
https://catalog.saclibrary.org/GroupedWork/7ba2e7e6-8b88-049b-2af1-271558134bc3-eng,"Robert Duncan, the Ambassador from Venus: a biography","Jarnot, Lisa, 1967-",9780520234161,,"University of California Press",2012,Berkeley,Book,"Book::Central: BIOGRAPHY Duncan, R. 2012 - On Shelf"
https://catalog.saclibrary.org/GroupedWork/509611d9-56dc-9764-f454-fe148d393a97-eng,"The lonely hunter: a biography of Carson McCullers","Carr, Virginia Spencer",9780820325224,,"University of Georgia Press",2003,Athens,Book,"Book::Central: BIOGRAPHY McCullers, C. 2003 - On Shelf"
https://catalog.saclibrary.org/GroupedWork/613de23b-add5-9cd7-5677-ca8ea7ffdf90-eng,"Zhou Enlai: the last perfect revolutionary : a biography","Gao, Wenqian, 1953-",9781586486457,,PublicAffairs,2007,"New York",Book,"Book::Central: BIOGRAPHY Zhou, E. 2007 - On Shelf,Book::Elk Grove: BIOGRAPHY Zhou, E. 2007 - On Shelf,Book::Rio Linda: BIOGRAPHY Zhou, E. 2007 - On Shelf"
https://catalog.saclibrary.org/GroupedWork/5df28914-b6c3-7b19-5a4b-58987e6f834e-eng,"She always knew how: Mae West, a personal biography","Chandler, Charlotte",9781416579090,,"Simon & Schuster",2009,"New York",Book,"Book::Central: BIOGRAPHY West, M. 2009 - On Shelf"
https://catalog.saclibrary.org/GroupedWork/0352c75f-7216-def0-0ea3-8af2559f7b3c-eng,"Brazil: a biography","Schwarcz, Lilia Moritz",9780374280499,,"Farrar, Straus and Giroux",2018,"New York",Book,"Book::Central: 981 S399 2018 - On Shelf,Book::Southgate: 981 S399 2018 - On Shelf"
https://catalog.saclibrary.org/GroupedWork/0076824a-0d00-de48-d036-d2eb6bdfde77-eng,"Margarethe Meyer Schurz: a biography","Swart, Hannah W",,,"Watertown Historical Society",1967,"[Watertown, Wis.]",Book,"Book::Central Genealogy - 2nd Floor: GENEALOGY 372.218 S394zs 1967 - Library Use Only"
https://catalog.saclibrary.org/GroupedWork/5c042d52-c6bd-3fc9-188c-988f9bbf0993-eng,"Herbert Hoover: a reminiscent biography","Irwin, Will, 1873-1948",,,"Century Co",1928,"New York",Book,"Book::Sacramento Room: SPE 973.916 H789zi 1928 CAL - Library Use Only"
https://catalog.saclibrary.org/GroupedWork/ef70d263-90bb-cb5b-07e1-621613df0f58-eng,"The Gateway Arch: a biography","Campbell, Tracy, 1962-",9780300169492,,"Yale University Press",2013,"New Haven [Connecticut]",eBook;Book,"Book::Central: 725.96 C1871 2013 - On Shelf,Book::North Natomas: 725.96 C1871 2013 - On Shelf"
https://catalog.saclibrary.org/GroupedWork/e075dc84-7098-6e78-f218-ef0ac0b21ba3-eng,"Star trek creator: the authorized biography of Gene Roddenberry","Alexander, David, 1943-",9780451545183,,Roc,1994,"New York",Book,"Book::Arcade: BIOGRAPHY Roddenberry, G. 1994 - On Shelf"
https://catalog.saclibrary.org/GroupedWork/81f95d85-078d-3fff-7054-fb2984ed71e3-eng,"Never to be taken alive: a biography of General Gordon","MacGregor-Hastie, Roy",9780283991844,,"Sidgwick & Jackson",1985,London,Book,"Book::Central: BIOGRAPHY Gordon, C. 1985 - On Shelf"
https://catalog.saclibrary.org/GroupedWork/fa89d920-929d-7c08-f9e1-c8c88c6a7cca-eng,"Ziegfeld and his follies: a biography of Broadway's greatest producer","Brideson, Cynthia",9780813160887,,"The University Press of Kentucky",2015,"Lexington, Kentucky",Book,"Book::Central: BIOGRAPHY Ziegfeld, F. 2015 - On Shelf"
https://catalog.saclibrary.org/GroupedWork/29ec114d-12a3-ef43-1645-af573dfa7330-eng,"D.H. Lawrence: a composite biography","Nehls, Edward",,,"University of Wisconsin Press",1957,Madison,Book,"Book::Central: 823 L419zn 1957 v.1 - On Shelf,Book::Central: 823 L419zn 1957 v.2 - On Shelf,Book::Central: 823 L419zn 1957 v.3 - On Shelf"
https://catalog.saclibrary.org/GroupedWork/898e0b6f-dcda-d1f5-b5a6-d2c55d56b308-eng,"The evil hours: a biography of post-traumatic stress disorder","Morris, David J., 1971-",9780544086616,,"Tantor Media, Inc.; Houghton Mifflin Harcourt; Tantor Media, Inc; HarperAudio; Mariner Books","2015 - 2024",Boston,eAudiobook;eBook;Book,"Book::Galt: 616.8521 M875 2015 - On Shelf,Book::North Natomas: 616.8521 M875 2015 - On Shelf"
https://catalog.saclibrary.org/GroupedWork/8f05f4bb-d814-3a60-9726-bf63b3d54aa0-eng,"Genius in the shadows: a biography of Leo Szilard : the man behind the bomb","Lanouette, William",9780684190112,,"Maxwell Macmillan International; Skyhorse; C. Scribner's Sons; Maxwell Macmillan Canada","1992 - 2013","New York; Toronto",eBook;Book,"Book::Central: BIOGRAPHY Szilard, L. 1992 - On Shelf"
https://catalog.saclibrary.org/GroupedWork/74511d15-ff55-f97f-2f4d-c8ba85e31285-eng,"The sweetness of life: a biography of Elisabeth Louise Vigée Le Brun","Goodden, Angelica",9780233990217,,"Andre Deutsch",1997,London,Book,"Book::Central: BIOGRAPHY Vigee-Lebrun, L. 1997 - On Shelf"
https://catalog.saclibrary.org/GroupedWork/af2ba6c4-d6f6-bde4-79d2-994c0a54ee5c-eng,"Lord Alfred Douglas: a biography","Hyde, H. Montgomery (Harford Montgomery), 1907-",9780396086932,,"Dodd, Mead",1985,"New York",Book,"Book::Central: 821.912 D733zh 1985 - On Shelf"
https://catalog.saclibrary.org/GroupedWork/8e70f973-c6f4-4ff1-8764-3468f898292e-eng,"Baskerville: the biography of a typeface","Garfield, Simon",9781324086208,,"Tantor Media, Inc; W.W. Norton & Company",2024,"New York, NY",Book;eAudiobook,"Book::Central: 686.22 G231 2024 - On Shelf,Book::Elk Grove: 686.22 G231 2024 - On Shelf,Book::Galt: 686.22 G231 2024 - On Shelf"
https://catalog.saclibrary.org/GroupedWork/ddd771d8-3b97-f063-c502-5cca6e9cc433-eng,"Renegade: Martin Luther, the graphic biography","Palmerino, Dacia",9780874862072,,"Plough Publishing House",2017,"Walden, NY","Graphic Novel/Manga;eComic","Graphic Novel/Manga::Central: GRAPHIC 284.1092 L973zc 2017 - On Shelf,Graphic Novel/Manga::North Natomas: GRAPHIC 284.1092 L973zc 2017 - On Shelf,Graphic Novel/Manga::Pocket-Greenhaven: GRAPHIC 284.1092 L973zc 2017 - On Shelf"
https://catalog.saclibrary.org/GroupedWork/8419a517-cac0-bceb-ab60-299320867524-eng,"John Sayles: an unauthorized biography of the pioneering indie filmmaker","Molyneaux, Gerard, 1935-",9781580631259,,"Distributed by St. Martin's Press; Renaissance Books",2000,"Los Angeles, Calif; [New York]",Book,"Book::Central: BIOGRAPHY Sayles, J. 2000 - On Shelf"
https://catalog.saclibrary.org/GroupedWork/412e3ce2-8571-9472-9f24-247c8ae3fd88-eng,"What manner of man: a biography of Martin Luther King, Jr","Bennett, Lerone, Jr., 1928-",9780874850277,,"Johnson Pub. Co",1992,Chicago,Book,"Book::South Natomas: BIOGRAPHY King, M. 1968 - On Shelf,Book::Franklin: BIOGRAPHY King, M. 1968 - On Shelf"
https://catalog.saclibrary.org/GroupedWork/525d9d26-7a8b-b343-749d-1dc71d77e91e-eng,"After lives: on biography and the mysteries of the human heart","Marshall, Megan",9780618684182,,"Mariner Books",2025,"New York",Book,"Book::Central: 809 M369 2025 - On Shelf,Book::Colonial Heights: 809 M369 2025 - On Shelf,Book::McKinley: 809 M369 2025 - On Shelf"
https://catalog.saclibrary.org/GroupedWork/1aef2353-4bd7-2d13-98fe-e253f4600bd2-eng,"Newman: Paul Newman : a biography","Lax, Eric",9781570362866,,"Turner Pub; Distributed by Andrews and McNeel",1996,"Atlanta; Kansas City, Mo",Book,"Book::Central: 791.43 N554zL2 1996 - On Shelf"
https://catalog.saclibrary.org/GroupedWork/b6e3fe06-e16c-9245-05f1-6fbd06a5e70c-eng,"Mabel: a biography of Mabel Dodge Luhan","Hahn, Emily, 1905-1997",9780395253496,,"Houghton Mifflin",1977,Boston,Book,"Book::Central: 973.9 L951zh 1977 - On Shelf"
https://catalog.saclibrary.org/GroupedWork/a76e2f38-6fb5-87f1-35b9-56d8fe327b24-eng,"What do you do when you're lonesome: the authorized biography of Justin Townes Earle","Bernstein, Jonathan (Journalist)",9780306833274,,"Da Capo Press",2026,"New York, NY",Book,"Book::Arcade: BIOGRAPHY Earle, J. 2026 - On Shelf,Book::Central New Books - 4th Floor: BIOGRAPHY Earle, J. 2026 - On Shelf,Book::Fair Oaks: BIOGRAPHY Earle, J. 2026 - On Shelf"
https://catalog.saclibrary.org/GroupedWork/d4255af9-1aed-e89f-9985-0f0d6417b1d3-eng,"The I Ching: a biography","Smith, Richard J. (Richard Joseph), 1944-",9780691145099,,"Princeton University Press",2012,"Princeton, N.J",eBook;Book,"Book::North Natomas: 299.51282 I11 2012 - On Shelf"
https://catalog.saclibrary.org/GroupedWork/78486334-8e03-8d02-405d-e3c134142568-eng,"Russell Kirk: a critical biography of a conservative mind","Person, James E., 1955-",9781568331317,,"Distributed by National Book Network; Madison Books",1999,"Lanham, Md",eBook;Book,"Book::Central: BIOGRAPHY Kirk, R. 1999 - On Shelf"
https://catalog.saclibrary.org/GroupedWork/e6582d25-c88c-55e1-b648-a0ef464168da-eng,"Television: a biography","Thomson, David, 1941-",9780500519165,,"Thames & Hudson",2016,"New York, N.Y",Book,"Book::Central: 384.55 T482 2016 - On Shelf,Book::Woodland Public Library: 384.55 Tho 2016 - On Shelf"
https://catalog.saclibrary.org/GroupedWork/c0929984-5e6c-9dfb-4a2f-f40782703bb0-eng,"Rabble-rouser for peace: the authorized biography of Desmond Tutu","Allen, John, 1952-",9780743269377,,"Free Press",2006,"New York",Book,"Book::Central: BIOGRAPHY Tutu, D. 2006 - On Shelf"
https://catalog.saclibrary.org/GroupedWork/5690a77c-b9bd-fee4-6233-923b8e32496d-eng,"The English opium eater: a biography of Thomas de Quincey","Morrison, Robert, 1961-",9780297852797,,"Pegasus Books; Distributed by W. W. Norton",2010,"New York",Book,"Book::Central: BIOGRAPHY Quincey, T. 2010 - On Shelf"
https://catalog.saclibrary.org/GroupedWork/321e13eb-ead4-00db-8ae7-f45d39ed88bd-eng,"Dai Vernon: a biography : artist, magician, muse, 1894-1941","Ben, David",9780974468150,,"Squash Pub",2006,"Chicago, IL",Book,"Book::Elk Grove: BIOGRAPHY Vernon, D. 2006 - On Shelf"
https://catalog.saclibrary.org/GroupedWork/67b40263-9c32-9206-840e-8d6cb0481ec5-eng,"Bram Stoker: a biography of the author of Dracula","Belford, Barbara",9780306810985,,"Da Capo Press",2002,"Cambridge, Mass",Book,"Book::Central: BIOGRAPHY Stoker, B. 2002 - On Shelf"
https://catalog.saclibrary.org/GroupedWork/d07f3121-83a4-589d-a9fb-d35522517623-eng,"The good life: a sort of auto biography","Carpenter, Fred, 1890-",,,Carpenter,1977,"Bellflower, Calif",Book,"Book::Central Genealogy - 2nd Floor: GENEALOGY 977.6 C295 1977 - Library Use Only"
https://catalog.saclibrary.org/GroupedWork/e6d8e96f-f074-9615-3ceb-8b2a16ea3dfd-eng,"Lincoln Beachey: the man who owned the sky, a biography","Marrero, Frank",9780967326535,,"Tripod Press",2017,"Marin County, California",Book,"Book::Central: BIOGRAPHY Beachey, L. 2017 - On Shelf"
https://catalog.saclibrary.org/GroupedWork/4f40c726-cccf-5c06-aba6-3dfaacd09b9d-eng,"Jorge Luis Borges: a literary biography","Rodríguez Monegal, Emir",,,Dutton,1978,"New York",Book,"Book::Central: 868 B732zr 1978 - On Shelf"
https://catalog.saclibrary.org/GroupedWork/f7b801bc-4b43-ceb5-e5ef-d19db0761f59-eng,"Gropius: an illustrated biography of the creator of the Bauhaus","Isaacs, Reginald R., 1911-1986",9780821217535,,"Little, Brown",1991,Boston,Book,"Book::Central: BIOGRAPHY Gropius, W. 1991 - On Shelf"
https://catalog.saclibrary.org/GroupedWork/4e838741-860b-12f6-1994-7295faf6072f-eng,"The Duchess of death: the unauthorized biography of Agatha Christie","Hack, Richard",9781597776202,,"Phoenix Books; Phoenix Books, Inc.",2009,"Beverly Hills, Calif",Book;eAudiobook,"Book::Fair Oaks: 823.912 C555zh 2009 - On Shelf"
https://catalog.saclibrary.org/GroupedWork/3a858db6-8d90-1d52-bd53-3ada4a53b4c2-eng,"Earth: the biography","Stewart, Iain",9781426202360,,"National Geographic",2008,"Washington, D.C",Book,"Book::Orangevale: 551.1 S849 2008 - On Shelf"
https://catalog.saclibrary.org/GroupedWork/fd33e76c-9e43-5d12-8aeb-8a9aa5d0a375-eng,"William Randolph Hearst: an illustrated biography","Loe, Nancy E., 1954-",9781880352359,,"Albion Publishing Group",1998,"Santa Barbara, CA",Book,"Book::Sacramento Room: SPE 070.92 H436zL 1998 CAL - Library Use Only"
https://catalog.saclibrary.org/GroupedWork/12228632-1569-606d-2e07-5e823f620c3e-eng,"Edward Weston: seventy photographs : biography","Maddow, Ben, 1909-1992",9780821207383,,"New York Graphic Society",1978,Boston,Book,"Book::Sacramento Room: SPE f 770.92 W534 zm 1978 CAL - Library Use Only"
https://catalog.saclibrary.org/GroupedWork/a03d4695-463c-7d8a-c100-2b65cc1efa59-eng,"H. G. Wells: a pictorial biography",,9780904041224,,Jupiter,1977,London,Book,"Book::Central: 823 W454zh3 1977 - On Shelf"
https://catalog.saclibrary.org/GroupedWork/eb58b749-7534-1d12-aa07-404fd1ac799e-eng,"Pearl S. Buck : a biography","Harris, Theodore F",,,"John Day Co",1969,"New York",Book,"Book::Central: 813 B922zh 1969 v.1 - On Shelf,Book::Central: 813 B922zh 1969 v.2 - On Shelf"
https://catalog.saclibrary.org/GroupedWork/e2f89b6c-1cfa-ca89-845b-5ed1a420c4e9-eng,"Carrie Chapman Catt: a biography","Peck, Mary Gray, 1867?-1957",,,"The H. W. Wilson company",1944,"New York",Book,"Book::Central Closed Stacks - Library Use Only: BIOGRAPHY Catt - Library Use Only"
https://catalog.saclibrary.org/GroupedWork/91d780bd-19ec-cac3-b96e-4f392fc73196-eng,"Universal pronouncing dictionary of biography and mythology","Thomas, Joseph, 1811-1891",,,"J. B. Lippincott company",1930,"Philadelphia and London",Book,"Book::Carmichael Reference: REFERENCE 920 T458 - Library Use Only"
https://catalog.saclibrary.org/GroupedWork/215c052f-75c0-bb2b-034d-07a83dbda121-eng,"Collectible Kay Finch: biography, identification, values","Frick, Devin",9780891457169,,"Collector Books",1997,"Paducah, Ky",Book,"Book::Sacramento Room: 738.82 K23zf 1997 CAL - Library Use Only"
https://catalog.saclibrary.org/GroupedWork/b0f3bfd2-00a4-53f3-091d-0223ff13ac5c-eng,"Marshall McLuhan: the medium and the messenger : a biography","Marchand, Philip, 1946-",9780262631860,,"MIT Press",1998,"Cambridge, MA",Book,"Book::Central: BIOGRAPHY McLuhan, M. 1998 - On Shelf"
https://catalog.saclibrary.org/GroupedWork/d5c037dc-a3e2-baae-55ce-b7b08eb2f93e-eng,"Writing at the kitchen table: the authorized biography of Elizabeth David","Cooper, Artemis, 1953-",9780060198282,,"Ecco Press",2000,"New York",Book,"Book::Central: BIOGRAPHY David, E. 2000 - On Shelf"
https://catalog.saclibrary.org/GroupedWork/38800bed-216b-e5a6-eae5-2abc14924597-eng,"Sweet Robin: a biography of Robert Dudley, Earl of Leicester, 1533-1588","Wilson, Derek A",9780241101490,,"H. Hamilton",1981,London,Book,"Book::Central: BIOGRAPHY Leicester, R. 1981 - On Shelf"
https://catalog.saclibrary.org/GroupedWork/9e3a9352-9924-969f-7ee4-c4267b340e31-eng,"Jack: a biography of Jack London","Sinclair, Andrew, 1935-",9780060138998,,"Harper & Row",1977,"New York",Book,"Book::Sacramento Room: SPE 818 L847zs 1977 CAL - Library Use Only"
https://catalog.saclibrary.org/GroupedWork/6fb74089-44cf-b20f-ea06-738a35faf202-eng,"A woman's place is at the top: a biography of Annie Smith Peck, queen of the climbers","Kimberley, Hannah",9781250084002,,"St. Martin's Press; St. Martin's Publishing Group",2017,"New York",eBook;Book,"Book::Arcade: BIOGRAPHY Peck, A. 2017 - On Shelf,Book::Central: BIOGRAPHY Peck, A. 2017 - On Shelf"
https://catalog.saclibrary.org/GroupedWork/f3d75a89-c41d-b55b-ebe2-f1b483de8ace-eng,"Brazilian bombshell: the biography of Carmen Miranda","Gil-Montero, Martha",9781556111280,,"D.I. Fine",1989,"New York",Book,"Book::Central: 782.810924 M672zg 1989 - On Shelf"
https://catalog.saclibrary.org/GroupedWork/0ef295e5-5e90-e0cb-4998-d8f607210151-eng,"Mistress of the Elgin Marbles: a biography of Mary Nisbet, Countess of Elgin","Nagel, Susan, 1954-",9780060545550,,"HarperCollins; HarperCollins e-books","2004 - 2010","New York",eBook;Book,
https://catalog.saclibrary.org/GroupedWork/2e92dbf7-fe2e-b95d-5a03-feb95ae40748-eng,"Mark Twain himself: a pictorial biography","Twain, Mark, 1835-1910",,,Crowell,1960,"New York",Book,"Book::Sacramento Room: SPE 818 T969zm 1960 CAL - Library Use Only,Book::Sutter County Main Branch: 818 TWA - On Shelf"
https://catalog.saclibrary.org/GroupedWork/6d1bc337-4c65-846e-bedc-6aea53d16db4-eng,"Dangerous water: a biography of the boy who became Mark Twain","Powers, Ron",9780465076703,,"Basic Books",1999,"New York",Book,"Book::Central: BIOGRAPHY Twain, M. 1999 - On Shelf,Book::Sacramento Room: SPE 818 T969zp2 1999 CAL - Library Use Only"
https://catalog.saclibrary.org/GroupedWork/9a8b3e60-4d17-ce13-a6d7-528741cd32cf-eng,"The man who invented the computer: the biography of John Atanasoff, digital pioneer","Smiley, Jane",9780385527132,,Doubleday,2010,"New York",Book,"Book::Central: BIOGRAPHY Atanasoff, J. 2010 - On Shelf,Book::Fair Oaks: BIOGRAPHY Atanasoff, J. 2010 - On Shelf"
https://catalog.saclibrary.org/GroupedWork/2088ab3e-e26d-a9ae-0ca8-61838b8d2f81-eng,"The empty sleeve: a biography of Lucius Fairchild","Ross, Sam, 1912-",,,"State Historical Society of Wisconsin for the Wisconsin Civil War Centennial Commission",1964,Madison,Book,"Book::Carmichael California Collection: CALIFORNIA 979.4 F165zr 1964 - Library Use Only"
https://catalog.saclibrary.org/GroupedWork/72cf2f6c-6212-08f2-cd9e-6614489b4003-eng,"Dorothy L. Sayers: a literary biography","Hone, Ralph E",9780873382281,,"Kent State University Press",1979,"Kent, Ohio",Book,"Book::Central: 823 S274zh2 1979 - On Shelf"
https://catalog.saclibrary.org/GroupedWork/02111f55-53ab-6794-afc3-ab95f564d9bb-eng,"I know where I'm going: Katharine Hepburn, a personal biography","Chandler, Charlotte",9781439149287,,"Simon & Schuster",2010,"New York, NY",Book,"Book::Central: BIOGRAPHY Hepburn, K. 2010 - On Shelf,Book::Valley Hi-North Laguna: BIOGRAPHY Hepburn, K. 2010 - On Shelf"
https://catalog.saclibrary.org/GroupedWork/33405db4-3ebf-d8ee-d60a-f20990c59476-eng,"An auto-biography","Burroughs, Edgar Rice, 1875-1950",,,"Orca Digital Graphix",1996,"Pasadena, CA",Book,"Book::Sacramento Room: SPE 813 B972 1996 CAL - Library Use Only"
https://catalog.saclibrary.org/GroupedWork/2c4178e7-c61c-74bc-7559-87540f768baf-eng,"London fog: the biography","Corton, Christine L., 1958-",9780674088351,,"The Belknap Press of Harvard University Press",2015,"Cambridge, Massachusetts",Book,"Book::Central: 942.12 C831 2015 - On Shelf,Book::Elk Grove: 942.12 C831 2015 - On Shelf,Book::Fair Oaks: 942.12 C831 2015 - On Shelf"
https://catalog.saclibrary.org/GroupedWork/47890c17-583e-42bd-bcac-894c76618d8c-eng,"O rare Don Marquis: a biography","Anthony, Edward, 1895-",,,Doubleday,1962,"Garden City, N.Y",Book,"Book::Central Closed Stacks - Library Use Only: BIOGRAPHY Marquis, D. 1962 INA - Library Use Only"
https://catalog.saclibrary.org/GroupedWork/995e54fa-42e0-7886-2fca-a1be8e649eed-eng,"The life she wished to live: a biography of Marjorie Kinnan Rawlings, author of The yearling","McCutchan, Ann",9780393353495,,"W.W. Norton & Company",2021,"New York, N.Y",Book,"Book::Carmichael: BIOGRAPHY Rawlings, M. 2021 - On Shelf,Book::Central: BIOGRAPHY Rawlings, M. 2021 - On Shelf,Book::Galt: BIOGRAPHY Rawlings, M. 2021 - On Shelf"
https://catalog.saclibrary.org/GroupedWork/2847afae-de6f-ffb3-bf5d-257d5bd09040-eng,"Twice Born: Finding My Father in the Margins of Biography","Kaplan, Hester, 1959-",9781646223091,,Catapult,2025,"New York",Book,"Book::Central: 306.874 K173 2025 - On Shelf,Book::Colonial Heights: 306.874 K173 2025 - On Shelf,Book::Franklin: 306.874 K173 2025 - On Shelf"
https://catalog.saclibrary.org/GroupedWork/4d67f017-e925-55e8-b3c8-0bebbbac1083-eng,"Feeding the world: a biography of David Lubin","Eisenberg, Azriel, 1903-1985",,,Abelard-Schuman,1965,"New York",Book,"Book::Sacramento Room: SPE 658.871 L929ze 1965 SAC - Library Use Only"
https://catalog.saclibrary.org/GroupedWork/162dd4bb-edcc-8f76-a618-51db2fc1284a-eng,"The Book of Mormon: a biography","Gutjahr, Paul C",9780691144801,,"Princeton University Press",2012,"Princeton; Oxford",eBook;Book,"Book::Franklin: 289.322 G984 2012 - On Shelf"
https://catalog.saclibrary.org/GroupedWork/edf1da41-c7c0-5387-9597-9c80bf20837d-eng,"A short biography of General Johann Augustus Sutter","Dillier, Werner C",,,"W.C. Dillier",1996,"Sacramento, Calif. (P.O. Box 22526 95822-2526)",Book,"Book::Sacramento Room: 979.454 S967zd4 1996 SAC - Library Use Only"
https://catalog.saclibrary.org/GroupedWork/fd3fcb77-b36c-b1ae-b795-b6b312dc0229-eng,"Lincoln talks: a biography in anecdote","Hertz, Emanuel, 1870-1940",,,"The Viking press",1939,"New York",Book,"Book::Central Closed Stacks - Library Use Only: BIOGRAPHY Lincoln A. 1939 INA - Library Use Only"
https://catalog.saclibrary.org/GroupedWork/3b2cba63-7292-9189-4617-67e33fd262ef-eng,"Birth school Metallica death: the biography. Volume 1","Brannigan, Paul",9780306821868,,"Da Capo Press",2013,"Boston, MA",Book,"Book::Elk Grove: 782.42166 B821 2013 - On Shelf"
https://catalog.saclibrary.org/GroupedWork/b031469d-4665-1f75-f933-a849b4615ece-eng,"The young John Muir: an environmental biography","Holmes, Steven J. (Steven Jon), 1960-",9780299161545,,"University of Wisconsin Press",1999,Madison,Book,"Book::Sacramento Room: 333.72092 M953zh 1999 CAL - Library Use Only"
https://catalog.saclibrary.org/GroupedWork/0cc61f32-dcd8-dfbb-11b1-fd34d9dd60f3-eng,"The story of Anne Frank: a biography book for new readers","Berne, Emma Carlson, 1979-",9781648766060,,"Rockridge Press",2021,"Emeryville, California",Book,"Book::Franklin Children's: CHILDREN BIOGRAPHY Frank, A. 2021 - On Shelf,Book::McKinley Children's Area: CHILDREN BIOGRAPHY Frank, A. 2021 - On Shelf,Book::Pocket-Greenhaven Kids' Place: CHILDREN BIOGRAPHY Frank, A. 2021 - On Shelf"
https://catalog.saclibrary.org/GroupedWork/46fbe6f8-47a7-0375-f20b-f28cc6f31c10-eng,"The biography of General George S. Patton","Hogg, Ian V., 1926-2002",9780831767655,,"Galley Press",1982,"New York City",Book,
https://catalog.saclibrary.org/GroupedWork/7a5464c3-e4b6-38ef-43b9-8d5ea43a5ef0-eng,"Puttin' on the ritz: Fred Astaire and the fine art of panache, a biography","Levinson, Peter J",9780312353667,,"St. Martin's Press",2009,"New York",Book,"Book::Central: BIOGRAPHY Astaire, F. 2009 - On Shelf"
https://catalog.saclibrary.org/GroupedWork/4e45185d-bf3e-cdc2-c92a-47ed265b555f-eng,"The novel: a biography","Schmidt, Michael, 1947-",9780674724730,,"The Belknap Press of Harvard University Press",2014,"Cambridge, Massachusetts",Book,"Book::Central: 809.3 S353 2014 - On Shelf,Book::Sylvan Oaks: 809.3 S353 2014 - On Shelf"
https://catalog.saclibrary.org/GroupedWork/96b14862-d8be-852f-f352-b6207a6f590c-eng,"The golden voice: a biography of Isaac Kalloch","Marberry, M. Marion, 1908-",,,"Farrar, Straus",1947,"New York",Book,"Book::Sacramento Room: SPE 979.461 K312zm 1947 CAL - Library Use Only"
https://catalog.saclibrary.org/GroupedWork/435ab3c4-afc2-107e-22a6-10bef5c853d0-eng,"The impossible has happened: the life and work of Gene Roddenberry, creator of Star Trek : a biography","Parkin, Lance",9781781314463,,"Quarto Publishing Group USA; Aurum Press",2016,London,eBook;Book,"Book::Central: BIOGRAPHY Roddenberry, G. 2016 - On Shelf"
https://catalog.saclibrary.org/GroupedWork/399f9c22-4159-cacb-8978-c8d8ca6d3d01-eng,"Napalm: an American biography","Neer, Robert M., 1964-",9780674073012,,"Belknap Press of Harvard University Press",2013,"Cambridge, MA",Book,"Book::Franklin: 355.8245 N381 2013 - On Shelf,Book::South Natomas: 355.8245 N381 2013 - On Shelf"
https://catalog.saclibrary.org/GroupedWork/ba4cab24-a761-4c9d-d473-206f4027f27e-eng,"Philip K. Dick: a comics biography","Queyssi, Laurent",9781681121918,,NBM,2018,"New York","Graphic Novel/Manga","Graphic Novel/Manga::Arcade: GRAPHIC 813.54 D547zq 2018 - On Shelf,Graphic Novel/Manga::Elk Grove: GRAPHIC 813.54 D547zq 2018 - On Shelf,Graphic Novel/Manga::Rancho Cordova: GRAPHIC 813.54 D547zq 2018 - Checked Out"
https://catalog.saclibrary.org/GroupedWork/07be0e90-aaf3-3a55-1c7e-9993b478fd3c-eng,"Henry Kissinger and American power: a political biography","Schwartz, Thomas A. (Thomas Alan), 1954-",9780809095377,,"Hill and Wang, a division of Farrar, Straus and Giroux",2020,"New York",Book,"Book::Central: 327.73 K618zs 2020 - On Shelf,Book::Franklin: 327.73 K618zs 2020 - On Shelf"
https://catalog.saclibrary.org/GroupedWork/b0d6fb8f-bc0e-b7ce-040e-6d2fbc8b24f2-eng,"Theda Bara: a biography of the silent screen vamp ; with a filmography","Genini, Ronald",9780786469185,,"McFarland Publishing",2012,"Jefferson, NC",Book,"Book::Central: BIOGRAPHY Bara, T. 2012 - On Shelf"
https://catalog.saclibrary.org/GroupedWork/147dff88-e6b4-4a35-4c00-6c71f90652dc-eng,"The man who lost America: a biography of Gentleman Johnny Burgoyne","Gerson, Noel B. (Noel Bertram), 1914-1988",,,"Dial Press",1973,"New York",Book,"Book::Central: BIOGRAPHY Burgoyne, J. 1973 - On Shelf"
https://catalog.saclibrary.org/GroupedWork/c887b614-4824-b1a6-61dd-60d6d7caed71-eng,"Ms Davis: a graphic biography","Titeux de la Croix, Sybille",9781683965695,,Fantagraphics,2023,"Seattle, WA","Graphic Novel/Manga","Graphic Novel/Manga::Arcade: GRAPHIC 322.4209 D261zt 2023 - On Shelf,Graphic Novel/Manga::Carmichael: GRAPHIC 322.4209 D261zt 2023 - On Shelf,Graphic Novel/Manga::Central: GRAPHIC 322.4209 D261zt 2023 - On Shelf"
https://catalog.saclibrary.org/GroupedWork/2bac3e82-be53-98da-317c-93d53140dccf-eng,"Charlie's good tonight: the life, the times, and the Rolling Stones : the authorized biography of Charlie Watts","Sexton, Paul (Writer on music)",9780063276581,,"Harper, an imprint of HarperCollinsPublishers",2022,"New York, NY",Book,"Book::Central: BIOGRAPHY Watts, C. 2022 - On Shelf,Book::Fair Oaks: BIOGRAPHY Watts, C. 2022 - On Shelf,Book::Franklin: BIOGRAPHY Watts, C. 2022 - On Shelf"
https://catalog.saclibrary.org/GroupedWork/3fcc7afc-7528-7760-94b6-7a5e3fd3cf12-eng,"Jell-O: a biography","Wyman, Carolyn",9780156011235,,Harcourt,2001,"San Diego",Book,"Book::Sacramento Room: SPE 641.864 W984 2001 SPE - Library Use Only"
https://catalog.saclibrary.org/GroupedWork/addca7fb-b5e0-7e85-4d31-9a196c9ea5c3-eng,"Lincoln Steffens: a biography","Kaplan, Justin",671215922,,"Simon and Schuster",1974,"New York, N.Y",Book,"Book::Sacramento Room: SPE 070.924 S817zk 1974 CAL - Library Use Only"
https://catalog.saclibrary.org/GroupedWork/3b4763a5-d001-5ba0-d695-1c942c4223bf-eng,"The saddest story; a biography of Ford Madox Ford","Mizener, Arthur",,,"World Pub. Co",1971,"New York",Book,"Book::Central: 823 F699zm 1971 - On Shelf"
https://catalog.saclibrary.org/GroupedWork/3a131c21-d43b-aa63-df31-ecc21c6ba9bc-eng,"Cod: a biography of the fish that changed the world","Kurlansky, Mark",9780140275018,,"Recorded Books, Inc.; Phoenix Books, Inc.; Penguin Books; Penguin Publishing Group","1998 - 2006","New York",eAudiobook;Book;eBook,"Book::Central: 333.956 K96 1998 - On Shelf,Book::Galt: 333.956 K96 1998 - On Shelf,Book::North Natomas: 333.956 K96 1998 - On Shelf"
https://catalog.saclibrary.org/GroupedWork/cd8bf288-5c8e-9b44-ba6e-7bb0a767a2ae-eng,"Sir Thomas Malory, his turbulent career: a biography","Hicks, Edward, 1878-",9780374938857,,"Octagon Books",1970,"New York",Book,"Book::Central: 823 M257zh 1970 - On Shelf"
https://catalog.saclibrary.org/GroupedWork/de5de3ce-c3cc-0b1a-302d-d5bf670ac830-eng,"An immigrant's daughter: a biography of Molly Miyako Kimura","Wilson, Karen",9781495123207,,"[publisher not identified]",2014,"[Place of publication not identified]",Book,"Book::Central I Street Press - 2nd Floor: 305.8956 K499zw 2014 - On Shelf,Book::Sacramento Room: 305.8956 K499zw 2014 SAC - Library Use Only"
https://catalog.saclibrary.org/GroupedWork/383ac25d-8706-d6e1-047a-1b3cd45fe3be-eng,"Dudley Moore: the melanchony clown : an authorized biography","Paskin, Barbra",9781893224179,,"New Millennium Press",2000,"Beverly Hills",Book,"Book::Central: 791.43028 M8212zp 2000 - On Shelf"
https://catalog.saclibrary.org/GroupedWork/f458e387-ee5b-a6f5-99d4-11d692b761f4-eng,"King: a comics biography","Anderson, Ho Che",9781606993101,,"Fantagraphics; Turnaround [distributor]",2010,"Seattle, Wash; London","Graphic Novel/Manga","Graphic Novel/Manga::Franklin: GRAPHIC BIOGRAPHY King, M. 2010 - On Shelf,Graphic Novel/Manga::Pocket-Greenhaven: GRAPHIC BIOGRAPHY King, M. 2010 - On Shelf,Graphic Novel/Manga::Rio Linda: GRAPHIC BIOGRAPHY King, M. 2010 - On Shelf"
https://catalog.saclibrary.org/GroupedWork/5e803e7f-b30a-2e5e-8fae-bceffa2c13e1-eng,"The book of common prayer: a biography","Jacobs, Alan, 1958-",9780691154817,,"Princeton University Press",2013,"Princeton and Oxford",eBook;Book,"Book::Rancho Cordova: 264.03 J17 2013 - On Shelf"
https://catalog.saclibrary.org/GroupedWork/9c2cb536-b91b-8e2b-9d69-50cd7fdddd63-eng,"Remembering Ray: a composite biography of Raymond Carver",,9780884963707,,"Capra Press",1993,"Santa Barbara, CA",Book,"Book::Sacramento Room: SPE 813.54 C331zc2 1993 CAL - Library Use Only"
https://catalog.saclibrary.org/GroupedWork/dfd9c4f4-9a9a-fa56-0e51-24c2e53bc981-eng,"A jockey's life: the biography of Lester Piggott","Francis, Dick",9780399131790,,"G.P. Putnam's Sons",1986,"New York",Book,"Book::Sacramento Room: SPE 371.897 E37 1959 - Library Use Only"
https://catalog.saclibrary.org/GroupedWork/06e344ff-9268-618a-a1d0-19c27a06af30-eng,"The waste land: a biography of a poem","Hollis, Matthew",9780393240252,,"Tantor Media, Inc.; W. W. Norton & Company",2023,"New York",Book;eAudiobook,"Book::Central: 809.1 H743 2023 - On Shelf,Book::McKinley: 809.1 H743 2023 - On Shelf,Book::Pocket-Greenhaven: 809.1 H743 2023 - On Shelf"
https://catalog.saclibrary.org/GroupedWork/965aa248-5139-1c34-8684-5aa614010df0-eng,"Che: a graphic biography","Jacobson, Sidney",9780809094929,,"Hill and Wang",2009,"New York","Graphic Novel/Manga","Graphic Novel/Manga::Franklin Teen: TEEN GRAPHIC BIOGRAPHY Guevara, C. 2009 - Checked Out,Graphic Novel/Manga::Galt Teen Area: TEEN GRAPHIC BIOGRAPHY Guevara, C. 2009 - On Shelf"
https://catalog.saclibrary.org/GroupedWork/00eab00a-2c5a-9b80-bbd7-b2755f06ff19-eng,"Friedrich Engels: a biography","Mayer, Gustav, 1871-1948",,,"H. Fertig",1969,"New York",Book,"Book::Central Closed Stacks - Library Use Only: 335.4 E57zm2 1969 INA - Library Use Only"
https://catalog.saclibrary.org/GroupedWork/4baf75db-3a4c-7b87-f061-8186dbbecfc2-eng,"Robert Capa: a graphic biography","Silloray, Florent",9781770859289,,"Firefly Books",2017,"Richmond Hill, Ontario","Graphic Novel/Manga","Graphic Novel/Manga::Central: GRAPHIC 070.49 C236zs 2017 - On Shelf,Graphic Novel/Manga::Rancho Cordova: GRAPHIC 070.49 C236zs 2017 - On Shelf,Graphic Novel/Manga::Rio Linda: GRAPHIC 070.49 C236zs 2017 - On Shelf"
https://catalog.saclibrary.org/GroupedWork/d2bc0f6d-dfa6-340c-bfb9-28bd89fde72a-eng,"Soul of the age: a biography of the mind of William Shakespeare","Bate, Jonathan",9781400062065,,"Random House",2009,"New York",Book,"Book::Fair Oaks: BIOGRAPHY Shakespeare, W. 2009 - On Shelf,Book::Pocket-Greenhaven: BIOGRAPHY Shakespeare, W. 2009 - On Shelf,Book::Folsom Adult: 822.33 BAT 2009 - On Shelf"
https://catalog.saclibrary.org/GroupedWork/f780ff01-9a76-e5ae-2813-e9fc50c65f8b-eng,"The Lees of Virginia: biography of a family","Hendrick, Burton J. (Burton Jesse), 1870-1949",,,"Little, Brown",1935,Boston,Book,"Book::Central Genealogy - 2nd Floor: GENEALOGY 929.20973 L479zh 1935 - Library Use Only,Book::Woodland Public Library: SPECIAL COLLECTIONS 920 Hen 1935 - Library Use Only"
https://catalog.saclibrary.org/GroupedWork/e76a8c59-7510-57e0-1e08-688c7e102f52-eng,"The bottom line: a biography of Marvin L. ""Buzz"" Oates","Gillespie, Patti",,,"OK Investment Co",1993,"Sacramento, Calif",Book,"Book::Sacramento Room: 333.33092 O11zg 1993 SAC - Library Use Only,Book::Sacramento Room: SPE 333.33092 O11zg 1993 SAC - Library Use Only"
https://catalog.saclibrary.org/GroupedWork/f74a492a-8d67-9580-56e4-d98d868919de-eng,"Sara Baartman and the Hottentot Venus: a ghost story and a biography","Crais, Clifton C",9780691147963,,"Princeton University Press",2011,"Princeton, N.J; Woodstock",Book,"Book::Central: BIOGRAPHY Baartman, S. 2011 - On Shelf"
https://catalog.saclibrary.org/GroupedWork/7b3e2e7b-422a-1f75-47f9-d622cf87fceb-eng,"Becoming Judy Chicago: a biography of the artist","Levin, Gail, 1948-",9781400054121,,"Harmony Books",2007,"New York",Book,"Book::Sacramento Room: SPE 759.13 C532zL 2007 CAL - Library Use Only"
https://catalog.saclibrary.org/GroupedWork/0050b8c3-3da8-54db-a0b2-4a77a6e9769b-eng,"Ansel Adams and the American landscape: a biography","Spaulding, Jonathan, 1957-",9780520089921,,"University of California Press",1995,Berkeley,Book,"Book::Sacramento Room: SPE 770.924 A211zs 1995 CAL - Library Use Only"
https://catalog.saclibrary.org/GroupedWork/5eb57a64-5f11-7a8c-3f2a-867658bd0a51-eng,"Andy Warhol: a graphic biography","Botton, Michele",9780711290785,,"Frances Lincoln",2024,London,"Graphic Novel/Manga","Graphic Novel/Manga::Carmichael: GRAPHIC 700.92 W275zb 2024 - On Shelf,Graphic Novel/Manga::Central: GRAPHIC 700.92 W275zb 2024 - On Shelf,Graphic Novel/Manga::Franklin: GRAPHIC 700.92 W275zb 2024 - On Shelf"
https://catalog.saclibrary.org/GroupedWork/7fa1874c-4232-8ea2-46ee-ae356e2d74b2-eng,"Citizen Hearst: a biography of William Randolph Hearst","Swanberg, W. A., 1907-",9780684171470,,Scribner,1961,"New York",Book,"Book::Sacramento Room: SPE 070.92 H436zs 1961 CAL - Library Use Only,Book::Colusa Main Branch Adult Collection: B HEARST S - On Shelf,Book::Sutter County Main Branch: BIOGRAPHY HEARST - On Shelf"
https://catalog.saclibrary.org/GroupedWork/75f86941-e25e-9d8b-8adb-3ee67f720d69-eng,"""Great citizen"": a biography of William H. Crocker","Ryder, David Warren, 1892-",,,"Historical Publications",1962,"San Francisco",Book,"Book::Sacramento Room: SPE 361.74 C938zr 1962 CAL - Library Use Only"
https://catalog.saclibrary.org/GroupedWork/f92d70e0-5bda-ea55-0d82-50391e197a66-eng,"Encyclopedia of frontier biography: in three volumes [with supplemental volume]","Thrapp, Dan L",9780870621918,,"Arthur H. Clark Co",1990,"Spokane, Washington",Book,"Book::Sacramento Room: SPE 920.078 T529 1990 v.1 CAL - Library Use Only,Book::Sacramento Room: SPE 920.078 T529 1990 v.2 CAL - Library Use Only,Book::Sacramento Room: SPE 920.078 T529 1990 v.3 CAL - Library Use Only"
https://catalog.saclibrary.org/GroupedWork/af3aecf8-f2a2-1f1e-41ae-fe2fd55bc567-eng,"Whores: an oral biography of Perry Farrell and Jane's Addiction","Mullen, Brendan",9780306813474,,"Da Capo Press; Grand Central Publishing","2005 - 2009","Cambridge, MA",eBook;Book,"Book::Sacramento Room: SPE 782.42166 F245zm 2005 CAL - Library Use Only"
https://catalog.saclibrary.org/GroupedWork/5d0495df-1e5b-29f7-5ac5-f686e33c0199-eng,"Samuel Brannan and the golden fleece: a biography","Scott, Reva Lucile Holdaway, 1900-",,,Macmillan,1944,"New York",Book,"Book::Sacramento Room: SPE 979.4 B821zs3 1944 CAL - Library Use Only"
https://catalog.saclibrary.org/GroupedWork/25aac833-8dd8-e8ff-636a-cead3c682695-eng,"The Qur'an: a biography","Lawrence, Bruce B",9780871139511,,"Atlantic Monthly Press; Distributed by Publishers Group West",2007,"New York; [Emeryville, Calif.]",Book,"Book::North Natomas: 297.122 L419 2007 - On Shelf"
https://catalog.saclibrary.org/GroupedWork/94041cc5-3fd8-9679-4b14-e216ac1b6bc2-eng,"Trump: a graphic biography","Rall, Ted",9781609807580,,"Seven Stories",2016,"New York","Graphic Novel/Manga","Graphic Novel/Manga::North Natomas: GRAPHIC 324.973092 T871zr 2016 - On Shelf"
https://catalog.saclibrary.org/GroupedWork/d19090a2-4576-4ecd-7801-218d43695ced-eng,"The Grabhorn Press: a biography","Wentz, Roby",,,"Book Club of California",1981,"San Francisco, Calif",Book,"Book::Sacramento Room: SPE 090 G729 1981w BAC - Library Use Only"
https://catalog.saclibrary.org/GroupedWork/7ab83324-0047-f166-c92d-14fa2284c9a4-eng,"Grace Hudson: artist of the Pomo Indians : a biography","Lanson, Lucienne",9781578643677,,"Donning Co. Publishers",2006,"Virginia Beach, Va",Book,"Book::Sacramento Room: 759.19415 H885zL 2006 CAL - Library Use Only"
https://catalog.saclibrary.org/GroupedWork/cde51cb2-89fb-4ae6-38da-1d637a4b1272-eng,"A daring young man: a biography of William Saroyan","Leggett, John, 1917-",9780375413018,,"Alfred A. Knopf; Distributed by Random House",2002,"New York",Book,"Book::Sacramento Room: SPE 818 S246zL2 2002 CAL - Library Use Only"
https://catalog.saclibrary.org/GroupedWork/9294eb3c-83a3-8a0b-89a5-387aa86312e7-eng,"The Indian man: a biography of James Mooney","Moses, L. G. (Lester George), 1948-",9780252010408,,"University of Illinois Press",1984,Urbana,Book,"Book::Central: 970.1 M818zm 1984 - On Shelf"
https://catalog.saclibrary.org/GroupedWork/85dac708-52e0-dee3-13e4-9f9af2d82a98-eng,"Genealogies of Pennsylvania families: from the Pennsylvania Magazine of History and Biography",,9780806309354,,"Genealogical Pub. Co",1983,Baltimore,Book,"Book::Central Genealogy - 2nd Floor: GENEALOGY 929.20973 G326 1983 - Library Use Only"
https://catalog.saclibrary.org/GroupedWork/494efd51-5305-5cb7-b303-0c2e978ead28-eng,"General M.G. Vallejo and the advent of the Americans: a biography","Rosenus, Alan, 1940-",9781890771218,,"University of New Mexico Press",1995,Albuquerque,Book,"Book::Carmichael California Collection: CALIFORNIA BIOGRAPHY Vallejo, M. 1995 - Library Use Only,Book::Sacramento Room: 979.403 V182zr 1995 CAL - Library Use Only,Book::Folsom Reading Room: BIOGRAPHY Vallejo, M. 1995 - On Shelf"
https://catalog.saclibrary.org/GroupedWork/11747833-15ee-17d0-f28e-03936aaec63a-eng,"Jack London's racial lives: a critical biography","Reesman, Jeanne Campbell",9780820327891,,"University of Georgia Press",2009,Athens,Book,"Book::Carmichael: 813 L847zr2 2009 - On Shelf"
https://catalog.saclibrary.org/GroupedWork/b4e189dc-e5e3-64d0-0a8d-ded67376d78a-eng,"Bret Harte: a biography /by Richard O'Connor","O'Connor, Richard, 1915-1975",,,"Little, Brown",1966,Boston,Book,"Book::Sacramento Room: SPE 813 H327zo 1966 CAL - Library Use Only"
https://catalog.saclibrary.org/GroupedWork/4eef73c5-4330-d24c-80aa-5859a9c7a053-eng,"Above the Best: The Remarkable Life of Seeley E. Ralphs, A Biography","Coffman, DM",9781700586827,,"[publisher not identified]",2019,"[San Bernardino, CA]",Book,"Book::Sacramento Room: 979.453 R163zc 2019 SAC - Library Use Only"
https://catalog.saclibrary.org/GroupedWork/67a1f5f0-9dd0-fcbc-9259-4d7249551f65-eng,"John Swett: the biography of an educational pioneer","Carr, William Guy, 1895-1959",,,"Fine Arts Press",1933,"Santa Ana, Calif",Book,"Book::Sacramento Room: SPE 371.2011 S975zc 1933 CAL - Library Use Only"
https://catalog.saclibrary.org/GroupedWork/d8f932ad-3e43-0481-8196-5b6746d6b252-eng,"McGraw of the Giants: an informal biography","Graham, Frank, 1893-1965",,,Putnam,1944,"New York",Book,"Book::Central Closed Stacks - Library Use Only: BIOGRAPHY McGraw - Library Use Only"
https://catalog.saclibrary.org/GroupedWork/c0b9244e-2499-f019-4a5f-555a927a333b-eng,"The adventure of English: the biography of a language","Bragg, Melvyn, 1939-",9781559707107,,"Skyhorse Publishing; Distributed by Time Warner Book Group; Arcade Pub; Arcade","2004 - 2011","New York",eBook;Book,
https://catalog.saclibrary.org/GroupedWork/a9e69a64-ca7c-e25d-37c4-fa6045aa2a88-eng,"The Rolling Stones: the biography","Spitz, Bob",9780593489093,,"Penguin Publishing Group; Books on Tape; Penguin Press",2026,"New York",eAudiobook;Book;eBook,"Book::Arcade: 782.42166 R754zs 2026 - In Transit,Book::Central New Books - 4th Floor: 782.42166 R754zs 2026 - Checked Out,Book::Belle Cooledge: 782.42166 R754zs 2026 - Checked Out"
https://catalog.saclibrary.org/GroupedWork/00415004-ac24-dab6-5278-20158dbde53c-eng,"Hermann Hesse, a pictorial biography","Michels, Volker",,,"Farrar, Straus and Giroux",1975,"New York",Book,"Book::Central: 838 H587zm 1975 - On Shelf"
https://catalog.saclibrary.org/GroupedWork/7f51bdc3-4f5d-75ef-208e-58f26af98804-eng,"The hunchback of East Hollywood: a biography of Charles Bukowski","Malone, Aubrey",9781900486286,,"Critical Vision",2003,Manchester,Book,"Book::Sacramento Room: SPE 811 B932zm 2003 CAL - Library Use Only"
https://catalog.saclibrary.org/GroupedWork/b437b068-3fe9-d165-37dd-e5ec455eab09-eng,"My San Francisco: a wayward biography","Atherton, Gertrude Franklin Horn, 1857-1948",,,Bobbs-Merrill,1946,Indianapolis,Book,"Book::Carmichael California Collection: CALIFORNIA 979.461 A868 1946 - Library Use Only,Book::Sacramento Room: 979.461 A868 1946 CAL - Library Use Only,Book::Colusa Main Branch Adult Collection: 979.461 A - On Shelf"
https://catalog.saclibrary.org/GroupedWork/fa364a18-4857-f341-b97d-a965c8b73b46-eng,"Blind faith: the miraculous journey of Lula Hardaway, Stevie Wonder's mother : an authorized biography of Lula Hardway","Love, Dennis, 1954-",9780684869797,,"Simon & Schuster",2002,"New York",Book,"Book::Central: BIOGRAPHY Hardaway, L. - On Shelf"
https://catalog.saclibrary.org/GroupedWork/a46a82cf-b1bd-8dd9-b70c-3486c1d07d29-eng,"Junípero Serra: a pictorial biography","Morgado, Martin J., 1956-",9780962721601,,"Siempre Adelante Pub",1991,"Monterey, Calif",Book,"Book::Carmichael California Collection: CALIFORNIA 979.402 S487zm 1991 - Library Use Only,Book::Sacramento Room: SPE 979.402 S487zm 1991 CAL - Library Use Only"
https://catalog.saclibrary.org/GroupedWork/95279c5f-cb33-8b0d-7d8e-a4eff3330f60-eng,"Luis Buñuel: a critical biography","Aranda, J. Francisco, 1926-",9780306800283,,"Da Capo Press",1976,"New York",Book,"Book::Central: 791.43 B942za 1976 - On Shelf"
https://catalog.saclibrary.org/GroupedWork/43afe7f4-d0d5-d0f5-ee01-7c65ff55159f-eng,"Brown eyed handsome man: the life and hard times of Chuck Berry : an unauthorized biography","Pegg, Bruce",9780415937481,,Routledge,2002,"New York; London",Book,"Book::Central: BIOGRAPHY Berry, C. 2002 - On Shelf"
https://catalog.saclibrary.org/GroupedWork/ab142ed8-5a7a-fcb8-e454-65498f09abd2-eng,"Versailles: a biography of a palace","Spawforth, Antony",9780312357856,,"St. Martin's Press",2008,"New York",Book,"Book::Carmichael: 944.3663 S739 2008 - On Shelf,Book::Central: 944.3663 S739 2008 - On Shelf,Book::Rancho Cordova: 944.3663 S739 2008 - On Shelf"
https://catalog.saclibrary.org/GroupedWork/7ae51232-fdef-f9c8-846f-b575fe87d7bd-eng,"Jack London and his times: an unconventional biography","London, Joan, 1948-",,,"University of Washington Press",1968,Seattle,Book,"Book::Sacramento Room: SPE 818 L847zL2 1968 CAL - Library Use Only"
https://catalog.saclibrary.org/GroupedWork/29f7af5c-baf2-1b93-54fc-9a1c6958cd2d-eng,"The undiminished man: a political biography of Robert Walker Kenny","Stevenson, Janet",9780883165386,,"Chandler & Sharp Publishers",1980,"Novato, Calif",Book,"Book::Sacramento Room: SPE 979.405 K36zs 1980 CAL - Library Use Only"
https://catalog.saclibrary.org/GroupedWork/94fb5cba-8dc8-12e6-4e26-382332ea6309-eng,"Siegfried Sassoon: the making of a war poet : a biography, 1886-1918","Wilson, Jean Moorcroft",9780415923255,,Routledge,1999,"New York",Book,"Book::Central: BIOGRAPHY Sassoon, S. 1999 - On Shelf"
https://catalog.saclibrary.org/GroupedWork/f2e08c99-bd33-66d9-137b-c02f8dc78261-eng,"Joe Meek: the merry mountain man, a biography","Vestal, Stanley, 1887-1957",9780803252066,,"University of Nebraska Press",1963,Lincoln,Book,"Book::Central: BIOGRAPHY Meek, J. 1963 - On Shelf"
https://catalog.saclibrary.org/GroupedWork/07f628a7-b95b-69eb-8fc8-2b602df23c94-eng,"The genius of George Wright: Biography of a musical legend","Coale, William L",9781543908220,,"Coale Education Group",2017,"El Cerrito, California",Book,"Book::Central: 786.5092 W949zc 2018 - On Shelf"
https://catalog.saclibrary.org/GroupedWork/4084d9cc-1f39-2cc4-9f38-67929a31f86c-eng,"Wells, Fargo detective: the biography of James B. Hume","Dillon, Richard H",,,Coward-McCann,1969,"New York",Book,"Book::Carmichael California Collection: CALIFORNIA 363.289092 H921zd 1969 - Library Use Only,Book::Sacramento Room: SPE 363.289092 H921zd 1969 CAL - Library Use Only,Book::Sutter County Main Branch: BIOGRAPHY HUME - Checked Out"
https://catalog.saclibrary.org/GroupedWork/c003a3c8-ef5a-4ccb-693c-631eafc866c6-eng,"My beloved world","Sotomayor, Sonia, 1954-",9780307594884,,"Alfred A. Knopf; Knopf Doubleday Publishing Group; Random House Audio/Books on Tape; Thorndike Press; Books on Tape",2013,"New York; Detroit; [Westminister, Md.]","eAudiobook;Audiobook - CD;eBook;Large Print;Book","Book::Carmichael: BIOGRAPHY Sotomayor, S. 2013 - On Shelf,Book::Fair Oaks: BIOGRAPHY Sotomayor, S. 2013 - On Shelf,Book::Sylvan Oaks: BIOGRAPHY Sotomayor, S. 2013 - On Shelf"
https://catalog.saclibrary.org/GroupedWork/8ba4c790-3131-422c-17e3-5e87f615fb00-eng,"My vagabond lover: an intimate biography of Rudy Vallée","Vallée, Eleanor",9780878339181,,"Taylor Pub",1996,Dallas,Book,"Book::Sacramento Room: SPE 782.42164 V182zv 1996 CAL - Library Use Only"
https://catalog.saclibrary.org/GroupedWork/dacec6e3-f55b-d76e-26ab-6775f994fef4-eng,"Maury Maverick, a political biography","Henderson, Richard B., 1921-",9780292700901,,"University of Texas Press",1970,Austin,Book,"Book::Central Genealogy - 2nd Floor: GENEALOGY 973.9092 M461zh 1970 - Library Use Only"
https://catalog.saclibrary.org/GroupedWork/f4cffa73-7dcd-12a0-b95a-dfc652151218-eng,"Tupac Shakur: the authorized biography","Robinson, Staci",9781524761042,,"Crown; Books on Tape",2023,"New York",eAudiobook;Book;eBook,"Book::Arcade: BIOGRAPHY Shakur, T. 2023 - Checked Out,Book::North Sacramento-Hagginwood: BIOGRAPHY Shakur, T. 2023 - Checked Out,Book::Folsom Reading Room: BIOGRAPHY Shakur, T. 2023 - In Transit"
https://catalog.saclibrary.org/GroupedWork/27a1b595-d125-a39d-f9b2-f1e579004033-eng,"Greece, biography of a modern nation","Beaton, Roderick",9780226673745,,"The University of Chicago Press",2019,Chicago,Book,"Book::Central: 949.5 B369 2019 - On Shelf,Book::Elk Grove: 949.5 B369 2019 - OFF CAMPUS"
https://catalog.saclibrary.org/GroupedWork/27bbf67f-10c6-8271-ba8f-31dcefcee253-eng,"The master of Sunnybank, a biography of Albert Payson Terhune","Litvag, Irving",9780061263507,,"Harper & Row",1977,"New York",Book,"Book::Central: 813 T318zL 1977 - On Shelf"
https://catalog.saclibrary.org/GroupedWork/8bc66362-ee66-3597-fd8a-a47c6e9a0828-eng,"Tuskegee airman: the biography of Charles E. McGee : Air Force fighter combat record holder","Smith, Charlene E. McGee",9780828320467,,"Branden Pub. Co",1999,Boston,Book,"Book::Central: BIOGRAPHY McGee, C. 1999 - On Shelf,Book::Sutter County Main Branch: BIOGRAPHY MCGEE, C. - On Shelf"
https://catalog.saclibrary.org/GroupedWork/2e25ff50-6db3-9dea-f0a1-7dd37ba90955-eng,"The life, manners, and travels of Fanny Trollope: a biography","Johnston, Johanna",9780801525575,,"Hawthorn Books",1978,"New York",Book,"Book::Central: 823 T8472zj 1978 - On Shelf"
https://catalog.saclibrary.org/GroupedWork/db6ce4d6-0fd7-9fad-38b4-9fd8e89debef-eng,"John Lennon: all I want is the truth : a photographic biography","Partridge, Elizabeth",9780670059546,,Viking,2005,"New York, NY",Book,"Book::Elk Grove Teen Area: TEEN 782.4216 L567zp 2005 - On Shelf,Book::Colusa Main Branch Teen Collection: YA B LENNON P - On Shelf,Book::Folsom Adult: 782.4216 PAR 2005 - Checked Out"
https://catalog.saclibrary.org/GroupedWork/3acced58-77c4-efcf-aae8-b350b9918661-eng,"Steve McQueen, King of Cool: tales of a lurid life : another hot, startling, and unauthorized celebrity biography","Porter, Darwin",9781936003051,,"Distributed in the U.S. by the National Book Network; Blood Moon Productions",2009,"New York; London",Book,"Book::North Natomas: BIOGRAPHY McQueen, S. 2009 - On Shelf"
https://catalog.saclibrary.org/GroupedWork/9345bf5a-112c-e5cb-db48-ba3403d1923e-eng,"The Book of Revelation: a biography","Beal, Timothy K. (Timothy Kandler), 1963-",9780691145839,,"Princeton University Press",2018,"Princeton, N.J",Book,"Book::Pocket-Greenhaven: 228 B366 2018 - On Shelf,Book::Rancho Cordova: 228 B366 2018 - Checked Out"
https://catalog.saclibrary.org/GroupedWork/3f2b1ceb-70d5-f942-9fab-0f8deeac4e48-eng,"Forever Barbie: the unauthorized biography of a real doll","Lord, M. G",9781324095071,,"Dreamscape Media; Liveright Publishing Corporation, a division of W.W. Norton & Company",2024,"New York, N.Y",Book;eAudiobook,"Book::Carmichael: 745.5922 L867 2024 - On Shelf,Book::Central: 745.5922 L867 2024 - On Shelf,Book::North Natomas: 745.5922 L867 2024 - On Shelf"
https://catalog.saclibrary.org/GroupedWork/1ed6385a-2e1e-ad51-fc79-88cce1ffa2ac-eng,"The triumph of Tchaikovsky: a biography","Gee, John",,,"Vanguard Press",1960,"New York",Book,"Book::Central: 780.92 T249zg - On Shelf"
https://catalog.saclibrary.org/GroupedWork/44b415ee-dc50-0746-caed-778821866b0d-eng,"Golden Gate: biography of a bridge","Brown, Allen",,,Doubleday,1965,"Garden City, N.Y",Book,"Book::Sacramento Room: SPE 624.23 G618zb 1965 CAL - Library Use Only,Book::Sutter County Main Branch: 624.55 BRO [CALIFORNIANA] - Library Use Only"
https://catalog.saclibrary.org/GroupedWork/7caa9bc6-604e-5a5c-45b3-f90599a27d33-eng,"John Muir, naturalist: a concise biography of the great naturalist","Winkley, John W",,,"John Muir Historical Park Association",1959,"Martinez, Calif",Book,"Book::Sacramento Room: SPE 333.72092 M953zwi 1959 CAL - Library Use Only"
https://catalog.saclibrary.org/GroupedWork/2b7c99a0-41e4-daf1-f38d-a92cc8af6095-eng,"Life of Che: an impressionistic biography","Oesterheld, H. G. (Héctor Germán), 1919-1977",9781683965220,,"Fantagraphics Books",2022,"Seattle, Washington","Graphic Novel/Manga","Graphic Novel/Manga::Arcade: GRAPHIC 980.033 G939zo 2022 - On Shelf,Graphic Novel/Manga::Central: GRAPHIC 980.033 G939zo 2022 - On Shelf,Graphic Novel/Manga::Franklin: GRAPHIC 980.033 G939zo 2022 - On Shelf"
https://catalog.saclibrary.org/GroupedWork/b08e2db5-31c6-8cc8-9d27-0ce2208ef5cb-eng,"James Joyce: the years of growth, 1882-1915 ; a biography","Costello, Peter",9780679422013,,"Pantheon Books",1993,"New York",Book,"Book::Central: 823 J89zc6 1993 - On Shelf"
https://catalog.saclibrary.org/GroupedWork/f3a7afe6-3ba2-c22c-c52e-cdacaa759bf8-eng,"Los Angeles: biography of a city",,9780520030794,,"University of California Press",1976,Berkeley,Book,"Book::Sacramento Room: SPE 979.494 L8792 1976 CAL - Library Use Only"
https://catalog.saclibrary.org/GroupedWork/727fa9c6-dce5-cc1e-d4e3-38e394dcc9bb-eng,"Visalia: the biography of a town",,,,"The League",1954,"Visalia, CA",Book,"Book::Sacramento Room: SPE 979.486 V822 1954 CAL - Library Use Only"
https://catalog.saclibrary.org/GroupedWork/1cd54295-59f6-02e3-6198-3c6e33eaf6f0-eng,"Red Nile: a biography of the world's greatest river","Twigger, Robert, 1964-",9781250052339,,"Thomas Dunne Books, St. Martin's Press; St. Martin's Publishing Group",2014,"New York",eBook;Book,"Book::Central: 962 T972 2014 - On Shelf,Book::North Natomas: 962 T972 2014 - On Shelf"
https://catalog.saclibrary.org/GroupedWork/ab8c084f-f714-2410-2039-a7c4cd269041-eng,"Maverick mayor: a biography of Sam Yorty of Los Angeles","Ainsworth, Ed, 1902-1968",,,Doubleday,1966,"Garden City, N.Y",Book,"Book::Sacramento Room: SPE 979.494 Y65za 1966 CAL - Library Use Only"
https://catalog.saclibrary.org/GroupedWork/2c236654-4439-d3c6-9fec-e2a045a5b457-eng,"The phoenix and the flame: D. H. Lawrence; a biography","Trease, Geoffrey, 1909-1998",9780670552283,,"Viking Press",1973,"New York",Book,"Book::Central: 823 L419zt 1973 - On Shelf"
https://catalog.saclibrary.org/GroupedWork/24d17246-88e9-ff91-5389-ded46909a941-eng,"Childhood disrupted: how your biography becomes your biology, and how you can heal","Nakazawa, Donna Jackson",9781476748351,,"Tantor Media, Inc.; Atria Paperback; Tantor Media, Inc; Atria Books","2015 - 2016","New York",eAudiobook;Book,"Book::Fair Oaks: 618.928521 N163 2015 - On Shelf,Book::Colusa Main Branch Adult Collection: 616.928521 N - On Shelf"
https://catalog.saclibrary.org/GroupedWork/178751ea-9ca3-1e3a-2108-881d77857555-eng,"Nellie's boardinghouse: a dual biography of Nellie Coffman and Palm Springs","Bright, Marjorie Belle, 1913-",9780882800684,,"ETC Publications",1981,"Palm Springs, Calif",Book,"Book::Sacramento Room: SPE 979.497 C675zb 1981 CAL - Library Use Only"
https://catalog.saclibrary.org/GroupedWork/8c2c943b-6387-5a5e-8826-491cc0b1e2b1-eng,"One fine Stooge: Larry Fine's frizzy life in pictures : an authorized biography","Cox, Stephen, 1966-",9781581823639,,"Cumberland House",2006,"Nashville, Tenn",Book,"Book::Central: 791.43028 C878 2006 - On Shelf"
https://catalog.saclibrary.org/GroupedWork/21c205ae-d644-d2f8-d5ff-86ce84e6104e-eng,"Thomas Hardy: a critical biography","Stewart, J. I. M. (John Innes Mackintosh), 1906-1994",9780396063384,,"Dodd, Mead",1971,"New York",Book,"Book::Central: 823 H272zs - On Shelf"
https://catalog.saclibrary.org/GroupedWork/265b1ed2-ba44-35e0-f9a3-53b688c422c4-eng,"The unreconstructed amateur: a pictorial biography of Amos Alonzo Stagg","Considine, Bob, 1906-1975",,,"Amos Alonzo Stagg Foundation",1962,"San Francisco",Book,"Book::Sacramento Room: 796.332 S779zc 1962 CAL - Library Use Only"
https://catalog.saclibrary.org/GroupedWork/e504541b-3610-984f-ac85-62cc6e7f2618-eng,"Seven times down, eight times up: the Mary Tsukamoto story ; a biography","Fajen, Rosemary",9780970649409,,"Faces in Education",2001,"Wilton, Calif. (8877 Dillard Road 95693)",Book,"Book::Sacramento Room: SPE 979.453 T882zf 2001 SAC - Library Use Only"
https://catalog.saclibrary.org/GroupedWork/5784ab2c-cca7-a481-35ac-2f345bb85a07-eng,Robin,"Itzkoff, Dave",9781627794244,,"Thorndike Press, a part of Gale, a Cengage Company; Henry Holt and Company; Henry Holt and Co.; Macmillan Audio",2018,"New York; [New York]; Farmington Hills, Mich","eAudiobook;Audiobook - CD;Large Print;Book;eBook","Book::Arcade: BIOGRAPHY Williams, R. 2018 - On Shelf,Book::Carmichael: BIOGRAPHY Williams, R. 2018 - On Shelf,Book::Central: BIOGRAPHY Williams, R. 2018 - On Shelf"
https://catalog.saclibrary.org/GroupedWork/be72a06c-1705-fedb-d462-202329f79399-eng,"Snickersville:  the biography of a village","Smith, Jean Herron",,,"Printed by the Miamisburg news",1970,"Miamisburg, Ohio",Book,"Book::Central Genealogy - 2nd Floor: GENEALOGY 975.528 S651 1970 - Library Use Only"
https://catalog.saclibrary.org/GroupedWork/181e8a66-2026-5a12-b5ba-46edc0cb0bb2-eng,"To possess the land: a biography of Arthur Rochford Manby","Waters, Frank, 1902-1995",9780804006477,,"Sage Books",1974,Chicago,Book,"Book::Central: 978.953 M267zw - On Shelf"
https://catalog.saclibrary.org/GroupedWork/11580f00-71f6-2faa-25c8-73e3216f1607-eng,"The novel life of Jane Austen: a graphic biography","Barchas, Janine",9780762489374,,"Black Dog & Leventhal Publishers",2025,"New York","Graphic Novel/Manga","Graphic Novel/Manga::Central: GRAPHIC 823.7 A933zb 2025 - On Shelf,Graphic Novel/Manga::Del Paso Heights: GRAPHIC 823.7 A933zb 2025 - On Shelf,Graphic Novel/Manga::McClatchy: GRAPHIC 823.7 A933zb 2025 - On Shelf"
https://catalog.saclibrary.org/GroupedWork/414514ec-315c-779b-6ff2-68a5f903c8eb-eng,"To remember Albert M. (Micky) Bender: notes for a biography","Lewis, Oscar, 1893-1992",,,"Printed by R. Grabhorn & A. Hoyem",1973,"[Oakland? Calif",Book,"Book::Sacramento Room: 090 G7282 1973L BAC - Library Use Only"
https://catalog.saclibrary.org/GroupedWork/fcc86b59-b63e-f61a-4360-4a4366d8c7a4-eng,"Carson the magnificent","Zehme, Bill",9781451645279,,"Thorndike Press, a part of Gale, a Cengage Company; Simon & Schuster Audio; Simon & Schuster",2024,"New York; [Waterville, Maine]","eAudiobook;Large Print;Book;eBook","Book::Carmichael: BIOGRAPHY Carson, J. 2024 - On Shelf,Book::Central: BIOGRAPHY Carson, J. 2024 - On Shelf,Book::Franklin: BIOGRAPHY Carson, J. 2024 - On Shelf"
https://catalog.saclibrary.org/GroupedWork/6dacc1ce-222e-87da-26a7-74128a6c2e0a-eng,"John Steinbeck, the errant knight: an intimate biography of his California years","Valjean, Nelson, 1901-",9780877010616,,"Chronicle Books",1975,"San Francisco",Book,"Book::Sacramento Room: SPE 813 S819zv 1975 CAL - Library Use Only"
https://catalog.saclibrary.org/GroupedWork/c97d1a00-c6c9-3ec1-1472-2beea1018d28-eng,"We did ok, kid: a memoir","Hopkins, Anthony, 1937-",9781668075500,,"Thorndike Press, a part of Gale, a Cengage Company; Simon & Schuster Audio; Simon & Schuster UK Ltd; S&S/Summit Books",2025,"London; [Waterville, Maine]","eAudiobook;Large Print;Book;eBook","Book::Carmichael: BIOGRAPHY Hopkins, A. 2025 - Checked Out,Book::Central New Books - 4th Floor: BIOGRAPHY Hopkins, A. 2025 - Checked Out,Book::Colonial Heights: BIOGRAPHY Hopkins, A. 2025 - On Shelf"
https://catalog.saclibrary.org/GroupedWork/5d3497df-4687-f2ea-3126-2a745bff94bd-eng,"Such a strange lady: a biography of Dorothy L. Sayers","Hitchman, Janet, 1916-1980",9780060119034,,"Harper & Row",1975,"New York",Book,"Book::Central: 823 S274zh 1975 - On Shelf"
https://catalog.saclibrary.org/GroupedWork/1b225d61-406c-5908-60b9-cab2140ea092-eng,"Hearst Castle: the biography of a country house","Kastner, Victoria",9780810934153,,"Harry N. Abrams",2000,"New York",Book,"Book::Sacramento Room: 979.478 H436zk 2000 CAL - Library Use Only,Book::Folsom Reading Room: CAL 728.80979 KAS 2000 - On Shelf,Book::Sutter County Main Branch: 979.478 KAS - On Shelf"
https://catalog.saclibrary.org/GroupedWork/3951c886-d066-fde0-bcff-9ccd0c46a0f2-eng,"The journals of Captain John Smith: a Jamestown biography","Smith, John, 1580-1631",9781426200557,,"National Geographic Society",2007,"Washington, D.C",Book,"Book::North Natomas: 973.21092 S651 2007 - On Shelf"
https://catalog.saclibrary.org/GroupedWork/4e378d09-22e3-0a02-8425-9c2e10765766-eng,"Mac Dre: a crime that was never committed : The authorized biography of Andre Hicks","Morrison, Donald",9798350914047,,"Zmash Media",2023,"United States",Book,"Book::Central: 782.421649 M138zm 2023 - On Shelf"
https://catalog.saclibrary.org/GroupedWork/1cfcc653-790b-95f8-6288-94c748dd5060-eng,"Chronicles of San Quentin: the biography of a prison","Lamott, Kenneth Church, 1923-1979",9781789126013,,"D. McKay Co; Muriwai Books","1961 - 2018","New York",eBook;Book,"Book::Sacramento Room: SPE 365.979462 C153zL 1961 CAL - Library Use Only"
https://catalog.saclibrary.org/GroupedWork/b805896d-017c-e35e-2a13-3e4554bb7f75-eng,"Vera: first lady of Marin : a biography of Vera Lucille Smith Schultz","Radford, Evelyn Morris",9780912133140,,"Distributed by the Gift Shop, Marin County Civic Center; Hilltop Pub",1998,"San Rafael, Calif; Sonoma, CA",Book,"Book::Sacramento Room: SPE 979.462 S387zr 1998 CAL - Library Use Only"
https://catalog.saclibrary.org/GroupedWork/b016071a-2595-6ddd-fe98-f7f746fd5347-eng,"Buenos Aires: the biography of a city","Gardner, James, 1960-",9781137279880,,"Palgrave Macmillan",2015,"New York City",Book,"Book::Central: 982.11 G227 2015 - On Shelf,Book::North Natomas: 982.11 G227 2015 - On Shelf"
https://catalog.saclibrary.org/GroupedWork/b9e455ea-4e2a-aa8c-d523-c10c390f547a-eng,"Rim of Christendom: a biography of Eusebio Francisco Kino, Pacific coast pioneer","Bolton, Herbert Eugene, 1870-1953",,,Macmillan,1936,"New York",Book,"Book::Sacramento Room: 262.2092 K55zb 1936 CAL - Library Use Only,Book::Sacramento Room: SPE 262.2092 K55zb 1936 CAL - Library Use Only"
https://catalog.saclibrary.org/GroupedWork/d42114ba-b53a-23ab-530c-508c37437bed-eng,"The history of printing in America: with a biography of printers, and an account of newspapers","Thomas, Isaiah, 1749-1831",,,"Imprint Society; J. Munsell, printer","1874 - 1970","Albany, N.Y; Barre, Mass",Book,"Book::Sacramento Room: SPE 686.20973 T457 1970 BAC - Library Use Only,Book::Sacramento Room: SPE 686.20973 T457 1874 v.1 BAC - Library Use Only,Book::Sacramento Room: SPE 686.20973 T457 1874 v.2 BAC - Library Use Only"
https://catalog.saclibrary.org/GroupedWork/64cd9f20-c7f6-a284-6b68-5ce9020a58d2-eng,"Ballad of an American: a graphic biography of Paul Robeson","Rudahl, Sharon",9781978802070,,"Rutgers University Press",2020,"New Brunswick","Graphic Novel/Manga","Graphic Novel/Manga::Central: GRAPHIC BIOGRAPHY Robeson, P. 2020 - On Shelf,Graphic Novel/Manga::Fair Oaks: GRAPHIC BIOGRAPHY Robeson, P. 2020 - On Shelf,Graphic Novel/Manga::Isleton: GRAPHIC BIOGRAPHY Robeson, P. 2020 - On Shelf"
https://catalog.saclibrary.org/GroupedWork/846f33c1-1f21-5ff3-7d99-4ad36844a426-eng,"Prairie fires: the American dreams of Laura Ingalls Wilder","Fraser, Caroline",9781627792769,,"Thorndike Press, a part of Gale, a Cengage Company; Recorded Books, Inc.; Metropolitan Books; Henry Holt and Co.","2017 - 2018","Waterville, Maine; New York","eAudiobook;Large Print;Book;eBook","Book::Central: BIOGRAPHY Wilder, L. 2017 - Checked Out,Book::Belle Cooledge: BIOGRAPHY Wilder, L. 2017 - On Shelf,Book::Courtland: BIOGRAPHY Wilder, L. 2017 - On Shelf"
https://catalog.saclibrary.org/GroupedWork/3ee544e8-67a7-7887-35b7-3029000e99ee-eng,"Mark Twain: a biography ; the personal and literary life of Samuel Langhorne Clemens","Paine, Albert Bigelow, 1861-1937",,,Harper,1912,"New York",Book,"Book::Sacramento Room: SPE 818 T969zp 1912 v.1 CAL - Library Use Only,Book::Sacramento Room: SPE 818 T969zp 1912 v.4 CAL - Library Use Only"
https://catalog.saclibrary.org/GroupedWork/76d5b141-0e0b-d76e-d139-1f7906ee8ffd-eng,"La Fontaine and his friends: a biography","Mackay, Agnes Ethel",9780807606940,,"G. Braziller",1973,"New York",Book,"Book::Central: 841 L166zm 1973 - On Shelf"
https://catalog.saclibrary.org/GroupedWork/8e939dcf-3894-4640-cbfb-d18e1ebd7817-eng,"I am Stan: a graphic biography of the legendary Stan Lee","Scioli, Tom",9781984862020,,"Ten Speed Graphic, an imprint of Ten Speed Press",2023,California,"Graphic Novel/Manga","Graphic Novel/Manga::Fair Oaks: GRAPHIC 741.5973 L481zs 2023 - Checked Out,Graphic Novel/Manga::Franklin: GRAPHIC 741.5973 L481zs 2023 - On Shelf,Graphic Novel/Manga::Galt: GRAPHIC 741.5973 L481zs 2023 - On Shelf"
https://catalog.saclibrary.org/GroupedWork/b4a7ce9b-74fc-ba8b-4a3d-9d6044c29e6e-eng,"Wagner: a biography : with a survey of books, editions, and recordings","Anderson, R. (Robert), 1927-",9780208016775,,"C. Bingley; Linnet Books",1980,London,Book,"Book::Central: 782.1 W134za 1980 - On Shelf"
https://catalog.saclibrary.org/GroupedWork/c48c6ea0-f2d9-dd14-e490-9cb8f6b79f28-eng,"From the Ohio to the San Joaquin: a biography of Captain William S. Moss, 1798-1883","Davis, Olive",9780962304804,,"Heritage West Books",1991,"Stockton, Calif",Book,"Book::Central Genealogy - 2nd Floor: GENEALOGY 979.455 M913zd 1991 - On Shelf"
https://catalog.saclibrary.org/GroupedWork/c838594d-67a7-b5f2-bfe4-adb1a22245a9-eng,"Fritz B. Burns and the development of Los Angeles: the biography of a community developer and philanthropist","Keane, James Thomas",9780914421269,,"Thomas and Dorothy Leavey Center for the Study of Los Angeles, Loyola Marymount University; Historical Society of Southern California",2001,"Los Angeles, Calif",Book,"Book::Carmichael California Collection: CALIFORNIA 979.494 B967zk 2001 - Library Use Only,Book::Sacramento Room: SPE 979.494 B967zk 2001 CAL - Library Use Only"
https://catalog.saclibrary.org/GroupedWork/3e6c7665-beac-2e7b-f595-a872f4e4c920-eng,"Bacardi and the long fight for Cuba: the biography of a cause","Gjelten, Tom",9780143116325,,"Viking; Penguin Publishing Group",2008,"New York",eBook;Book,"Book::Central: 338.7663 G539 2008 - On Shelf,Book::North Natomas: 338.7663 G539 2008 - On Shelf"
https://catalog.saclibrary.org/GroupedWork/c3ad48cc-6e47-39e9-de18-5d589bc15ea6-eng,"M. Theo Kearney, prince of Fresno: a biography of Martin Theodore Kearney","Rehart, Schyler",,,"Fresno City and County Historical Society",1988,"Fresno, Calif",Book,"Book::Sacramento Room: SPE 979.483 K24zr 1988 CAL - Library Use Only"
https://catalog.saclibrary.org/GroupedWork/941fdadc-1727-57d5-4cb2-6de16e37e9f2-eng,"Abraham Lincoln's philosophy of common sense: an analytical biography of a great mind","Kempf, Edward J. (Edward John), 1885-1971",,,"New York Academy of Sciences",1965,"[New York",Book,"Book::Central Closed Stacks - Library Use Only: BIOGRAPHY Lincoln, A. 1965 v.1 INA - Library Use Only,Book::Central Closed Stacks - Library Use Only: BIOGRAPHY Lincoln, A. 1965 v.2 INA - Library Use Only,Book::Central Closed Stacks - Library Use Only: BIOGRAPHY Lincoln, A. 1965 v.3 INA - Library Use Only"
https://catalog.saclibrary.org/GroupedWork/7317c759-8613-fd03-2fef-8a803617922c-eng,"Universe of stone: a biography of Chartres Cathedral","Ball, Philip, 1962-",9780061154294,,Harper,2008,"New York",Book,"Book::Carmichael: 726.6094 B187 2008 - On Shelf,Book::Woodland Public Library: 726.60944 Bal 2008 - On Shelf"
https://catalog.saclibrary.org/GroupedWork/5f46da37-7edd-72e5-a4a3-30f782eb1dc4-eng,"W. W. Robinson: a biography and a bibliography","Hicks, Jimmie",,,"W. Ritchie Press",1970,"Los Angeles",Book,"Book::Sacramento Room: SPE 818.52 R666zh 1970 CAL - Library Use Only"
https://catalog.saclibrary.org/GroupedWork/b0b67fea-b0fc-8ec3-de86-e5e8e42db6c3-eng,"Lauriston: an architectural biography of Herbert Edward Law","Bogart, Sewall",,,"Alpine House Publications",1976,"Portola Valley, Calif",Book,"Book::Sacramento Room: SPE f 979.461 L415zb 1976 CAL INA - Library Use Only"
https://catalog.saclibrary.org/GroupedWork/62cb3b89-d6bd-9f8c-150b-a88f61747185-eng,"John Henry Nash: the biography of a career","Harlan, Robert D",9780520092105,,"University of California Press",1970,Berkeley,Book,"Book::Sacramento Room: SPE 686.2092 N251zh 1970 BAC - Library Use Only"
https://catalog.saclibrary.org/GroupedWork/999860fd-d5aa-6d00-0cf1-c3ff18cbc652-eng,"A dangerous liaison: a revelatory new biography of Simone de Beauvoir and Jean-Paul Sartre","Seymour-Jones, Carole",9781590202685,,"Overlook Press",2009,"New York",Book,"Book::Central: 848 B386zs 2009 - On Shelf"
https://catalog.saclibrary.org/GroupedWork/6c2967f3-01af-da12-d574-82b974b02baf-eng,"Francis of Assisi: a new biography","Thompson, Augustine",9780801450709,,"Cornell University Press",2012,Ithaca,eBook;Book,"Book::Fair Oaks: BIOGRAPHY Francis of Assisi 2013 - OFF CAMPUS"
https://catalog.saclibrary.org/GroupedWork/d39322ce-7c3b-460f-81e8-7b10284edff2-eng,"Red Rosa: a graphic biography of Rosa Luxemburg","Evans, Kate, 1972-",9781784780999,,Verso,2015,"Brooklyn, NY","Graphic Novel/Manga","Graphic Novel/Manga::Carmichael: GRAPHIC 335.43 L977ze 2015 - On Shelf,Graphic Novel/Manga::Elk Grove: GRAPHIC 335.43 L977ze 2015 - On Shelf,Graphic Novel/Manga::North Natomas: GRAPHIC 335.43 L977ze 2015 - On Shelf"
https://catalog.saclibrary.org/GroupedWork/8f8eea11-cf1c-9245-3a0c-4ab0cd8362f8-eng,"The Mystery of ""Mar'se Eddie"" in the Shire: A Biography of Edgar Allan Poe's Scottish Connections","Brill, Robert Densmore",9780989375207,,"Robert Densmore Brill",2013,"Foster City, California",Book,"Book::Sacramento Room: 818 P743zb 2013 v.1 SAA - Library Use Only,Book::Sacramento Room: 818 P743zb 2013 v.2 SAA - Library Use Only"
https://catalog.saclibrary.org/GroupedWork/765562b1-5676-57c3-c0c4-05ff5584deb7-eng,"James Madison: a biography in his own words","Madison, James, 1751-1836",9780060133320,,"Distributed by Harper & Row; Newsweek",1974,"New York",Book,"Book::Central: 973.51 M182j 1974 - On Shelf"
https://catalog.saclibrary.org/GroupedWork/17948068-c959-2aa2-6fbd-0d05fa5db50d-eng,"One World Trade Center: biography of the building","Dupré, Judith, 1956-",9780316336314,,"Hachette Audio; Little, Brown and Company",2016,"New York",Book;eAudiobook,"Book::Carmichael: OVERSIZE 725.209747 D942 2016 - On Shelf,Book::Central: OVERSIZE 725.209747 D942 2016 - In Transit,Book::North Natomas: OVERSIZE 725.209747 D942 2016 - On Shelf"
https://catalog.saclibrary.org/GroupedWork/a20e2ffa-1cee-57ef-7361-8babd31d33a1-eng,"Jackie, Janet & Lee: the secret lives of Janet Auchincloss and her daughters Jacqueline Kennedy Onassis and Lee Radziwill","Taraborrelli, J. Randy",9781250128010,,"Thorndike Press, a part of Gale, a Cengage Company; St. Martin's Press; St. Martin's Publishing Group; Macmillan Audio",2018,"New York, N.Y; [New York]; Farmington Hills, Mich","eAudiobook;Audiobook - CD;Large Print;Book;eBook","Book::Arcade: BIOGRAPHY Bouvier 2018 - On Shelf,Book::Carmichael: BIOGRAPHY Bouvier 2018 - On Shelf,Book::Central: BIOGRAPHY Bouvier 2018 - On Shelf"
https://catalog.saclibrary.org/GroupedWork/9bd82ebc-424c-80c0-1c53-62df10fca682-eng,"John Marshall: the final founder : a biography and thoughts on the issues of American history he inspired","Strauss, Robert, 1951-",9781493037476,,"Lyons Press",2021,"Guilford, Connecticut",Book,"Book::Carmichael: 347.732634 M368zs 2021 - On Shelf,Book::Central: 347.732634 M368zs 2021 - On Shelf,Book::Franklin: 347.732634 M368zs 2021 - On Shelf"
https://catalog.saclibrary.org/GroupedWork/42178db8-dd3c-ff31-e32c-49854bca9701-eng,"Crazy Horse: the strange man of the Oglalas, a biography / by Mari Sandoz","Sandoz, Mari, 1896-1966",,,"A. A. Knopf",1942,"New York",Book,"Book::Sacramento Room: SPE 970.3 C911zs 1942 SPE - Library Use Only"
https://catalog.saclibrary.org/GroupedWork/839da62e-2ce9-7b46-7ca9-cc571a0a8fb8-eng,"Genealogies of Virginia families: from the Virginia magazine of history and biography",,9780806309101,,"Genealogical Pub. Co",1981,Baltimore,Book,"Book::Central Genealogy - 2nd Floor: GENEALOGY 929.3755 G326 1981 v.1 - Library Use Only,Book::Central Genealogy - 2nd Floor: GENEALOGY 929.3755 G326 1981 v.2 - Library Use Only,Book::Central Genealogy - 2nd Floor: GENEALOGY 929.3755 G326 1981 v.3 - Library Use Only"
https://catalog.saclibrary.org/GroupedWork/41abb674-5d63-ef48-3eb4-953f6379e966-eng,"The phoenix: an unnatural biography of a mythical beast","Nigg, Joe",9780226195490,,"The University of Chicago Press",2016,Chicago,Book,"Book::Central: 398.2454 N686p 2016 - On Shelf"
https://catalog.saclibrary.org/GroupedWork/bbb48409-d130-451a-66fe-5430622068f8-eng,"Fulke Greville, Lord Brooke, 1554-1628: a critical biography","Rees, Joan",9780520018242,,"University of California Press",1971,Berkeley,Book,"Book::Central Closed Stacks - Library Use Only: 821 B8722zr - Library Use Only"
https://catalog.saclibrary.org/GroupedWork/c9f39b9e-dd4c-8fe8-f391-bf3f9b4e8f3b-eng,"Jazz, jail and God: Bob Kaufman, an impressionistic biography","Clay, Mel",,,"Androgyne Books",1987,"San Francisco",Book,"Book::Sacramento Room: SPE 811.54 K21zc 1987 CAL - Library Use Only"
https://catalog.saclibrary.org/GroupedWork/f8e4c18b-bac1-7e4f-8980-5ec83cf5e165-eng,"Crayola: a visual biography of the world's most famous crayon","Solomon, Lisa",9780762470815,,"Black Dog & Leventhal Publishers",2021,"New York",Book,"Book::Carmichael: 665.1 S689 2021 - On Shelf,Book::Central: 665.1 S689 2021 - On Shelf"
https://catalog.saclibrary.org/GroupedWork/1694f9cb-4325-a53b-4910-465487c50dad-eng,"American rebel: the life of Clint Eastwood","Eliot, Marc",9780307336880,,"Tantor Media, Inc.; Crown; Harmony Books; Thorndike Press",2009,"New York; Waterville, Me","Large Print;Book;eAudiobook;eBook","Book::Rancho Cordova: BIOGRAPHY Eastwood, C. 2009 - On Shelf,Book::Woodland Public Library: BIOGRAPHY Eastwood 2009 - On Shelf"
https://catalog.saclibrary.org/GroupedWork/80f2a5e8-82ed-a141-cebd-c0df4e461c2d-eng,"The ministry of truth: the biography of George Orwell's 1984","Lynskey, Dorian",9780385544054,,Doubleday,2019,"New York",Book,"Book::Carmichael: 809 L989 2019 - On Shelf,Book::Central: 809 L989 2019 - On Shelf,Book::Rancho Cordova: 809 L989 2019 - On Shelf"
https://catalog.saclibrary.org/GroupedWork/4b1f7982-4aae-ad01-9047-0bb664c3bcff-eng,"Auto biography: a classic car, an outlaw motorhead, & 57 years of the American dream","Swift, Earl, 1958-",9780062282668,,"itbooks, an imprint of HarperCollinsPublishers; HarperCollins; HarperAudio; Mariner Books",2014,"New York, NY",eBook;Book;eAudiobook,"Book::Central: 629.2 S977 2014 - On Shelf"
https://catalog.saclibrary.org/GroupedWork/8a3fc99c-594d-b27d-a3df-05426b57188f-eng,"O say can you hear?: a cultural biography of ""The Star-spangled banner""","Clague, Mark, 1966-",9780393651386,,"W.W. Norton & Company; Spotify Audiobooks",2022,"New York, NY",eAudiobook;Book,"Book::Central: 782.421599 C584 2022 - On Shelf,Book::Rancho Cordova: 782.421599 C584 2022 - On Shelf,Book::Sylvan Oaks: 782.421599 C584 2022 - On Shelf"
https://catalog.saclibrary.org/GroupedWork/7126418c-fb77-9691-e9e8-5dd196f37819-eng,"Rails from the West: a biography of Theodore D. Judah","Jones, Helen Hinckley, 1903-",9780870950025,,"Golden West Books",1969,"San Marino, Calif",Book,"Book::Sacramento Room: SPE 385.09794 J92zj 1969 CAL - Library Use Only,Book::Colusa Main Branch Adult Collection: B JUDAH J - On Shelf,Book::Folsom Reading Room: BIOGRAPHY Judah, T. 1969 - On Shelf"
https://catalog.saclibrary.org/GroupedWork/d64de741-45aa-721c-18b1-224e49bd0160-eng,"A dictionary of Greek and Roman biography and mythology","Smith, William, 1813-1893",,,"AMS Press",1967,,Book,"Book::Central Reference - 4th Floor: REFERENCE 920 S664 1967 v.1 - Library Use Only"
https://catalog.saclibrary.org/GroupedWork/94ec897f-90f6-8059-0918-0b326dc06285-eng,"James Joyce's early fiction: the biography of a form","Brown, Homer Obed, 1933-",9780829502435,,"Press of Case Western Reserve University",1973,Cleveland,Book,"Book::Central: 823 J89zb - On Shelf"
https://catalog.saclibrary.org/GroupedWork/3f302174-1c3e-b151-c689-9c2903cb9ef5-eng,"A.P. Giannini, giant in the West: a biography","Dana, Julian, 1902-1961",,,Prentice-Hall,1947,"New York",Book,"Book::Sacramento Room: SPE 332.123 G433zd 1947 CAL - Library Use Only"
https://catalog.saclibrary.org/GroupedWork/994d4acb-c17f-b3ca-4e23-113fa245959a-eng,"The encyclopedia of Native American biography: six hundred life stories of important people from Powhatan to Wilma Mankiller","Johansen, Bruce E. (Bruce Elliott), 1950-",9780805032703,,"Henry Holt and Co",1997,"New York",Book,"Book::Arcade Reference: REFERENCE 970.1 J65 1997 - Library Use Only,Book::Pocket-Greenhaven: 970.1 J65 1997 - On Shelf"
https://catalog.saclibrary.org/GroupedWork/1410e1aa-df4e-3be4-ef5d-b0b429c11194-eng,"Our sun: biography of a star","Cooper, Christopher, 1944-",9781937994198,,"Race Point Publishing",2013,"New York, New York",Book,"Book::Central: OVERSIZE 523.7 C776 2013 - On Shelf,Book::McKinley: OVERSIZE 523.7 C776 2013 - On Shelf"
https://catalog.saclibrary.org/GroupedWork/51265cf8-5cae-b6eb-eaf3-acf9c120e3a3-eng,"Heroes of Black history: biographies of four great Americans",,9781683300120,,"Liberty Street, an imprint of Time Inc. Books",2017,"New York, NY",Book,"Book::Carmichael Children's Area: CHILDREN 305.896073 H559 2017 - On Shelf,Book::Belle Cooledge Children's Area: CHILDREN 305.896073 H559 2017 - On Shelf,Book::Elk Grove Kids' Place: CHILDREN 305.896073 H559 2017 - On Shelf"
https://catalog.saclibrary.org/GroupedWork/402d4fd4-206e-d1e8-7f23-6ce7709556c8-eng,"The Civil War sketchbook of Charles Ellery Stedman, surgeon, United States Navy: biography and commentary","Hill, Jim Dan, b. 1897",9780891410010,,"Presidio Press",1976,"San Rafael, Calif",Book,"Book::Central: 973.7 S812zh 1976 - On Shelf"
https://catalog.saclibrary.org/GroupedWork/5c66c4fa-a28d-462f-0334-4150161b582d-eng,"Beulah: a biography of the Mineral King Valley of California","Jackson, Louise A",9780870260650,,"Westernlore Press",1988,"Tucson, AZ",Book,"Book::Carmichael California Collection: CALIFORNIA 979.486 J13 1988 - Library Use Only,Book::Central: 979.486 J13 1988 - On Shelf,Book::Sacramento Room: SPE 979.486 J13 1988 CAL - Library Use Only"
https://catalog.saclibrary.org/GroupedWork/e14895a3-ddb2-2571-e5df-ace979fe2169-eng,"Coming to my senses: the making of a counterculture cook","Waters, Alice",9780307718280,,"Clarkson Potter/Publishers; Clarkson Potter/Ten Speed; Books on Tape; Thorndike Press Large Print; Random House Audio","2017 - 2018","Waterville, Maine; [Westminster, Maryland]; New York","eAudiobook;Audiobook - CD;eBook;Large Print;Book","Book::Carmichael: BIOGRAPHY Waters, A. 2017 - On Shelf,Book::Central: BIOGRAPHY Waters, A. 2017 - On Shelf,Book::Courtland: BIOGRAPHY Waters, A. 2017 - In Transit"
https://catalog.saclibrary.org/GroupedWork/0b148643-296a-9fd7-9c45-b087e834c204-eng,"James W. Marshall: the discoverer of California gold ; a biography","Gay, Theressa",,,"Talisman Press",1967,"Georgetown, Calif",Book,"Book::Carmichael California Collection: CALIFORNIA 979.403 M368zg 1967 - Library Use Only,Book::Sacramento Room: SPE 979.403 M368zg 1967 CAL - Library Use Only,Book::Sutter County Main Branch: BIOGRAPHY MARSHALL, J. [CALIFORNIANA] - Library Use Only"
https://catalog.saclibrary.org/GroupedWork/20dd00c6-f4ae-6b4a-22bb-cd2b75b61bd4-eng,"His very best: Jimmy Carter, a life","Alter, Jonathan",9781501125485,,"Thorndike Press, a part of Gale, a Cengage Company; Simon & Schuster Audio; Simon & Schuster",2020,"New York; Waterville, ME","eAudiobook;Large Print;Book;eBook","Book::Central: BIOGRAPHY Carter, J. 2020 - On Shelf,Book::Elk Grove: BIOGRAPHY Carter, J. 2020 - On Shelf,Book::Sylvan Oaks: BIOGRAPHY Carter, J. 2020 - On Shelf"
https://catalog.saclibrary.org/GroupedWork/adf955eb-d76f-d0a9-6056-f0aa73197165-eng,"Irving Stone's Jack London, his life, Sailor on horseback (a biography), and twenty-eight selected Jack London stories","Stone, Irving, 1903-1989",9780385127974,,Doubleday,1977,"Garden City, N.Y",Book,"Book::Sacramento Room: 818 L847zs 1977 CAL - Library Use Only"
https://catalog.saclibrary.org/GroupedWork/fbf1fe1a-2ef5-6d50-cf8a-06604db33b73-eng,"Devil on horseback: a biography of the ""notorious"" Jack Powers","Ross, Dudley T",9780913548288,,"Valley Publishers",1975,"Fresno, [Calif.]",Book,"Book::Carmichael California Collection: CALIFORNIA 364.155 P888zr 1975 - Library Use Only,Book::Sacramento Room: SPE 364.155 P888zr 1975 CAL - Library Use Only"
https://catalog.saclibrary.org/GroupedWork/9f250c0a-9988-ed28-ccfd-2c3783a77c63-eng,"Vitamin C: a 500-year scientific biography from scurvy to pseudoscience","Sagar, Stephen M",9781633888265,,"Prometheus Books",2022,"Essex, Connecticut",Book,"Book::Central: 509 S129 2022 - On Shelf,Book::Elk Grove: 509 S129 2022 - On Shelf,Book::Southgate: 509 S129 2022 - On Shelf"
https://catalog.saclibrary.org/GroupedWork/080769bb-ee7b-8e05-3431-30882c34a263-eng,"Picturing Frederick Douglass: an illustrated biography of the nineteenth century's most photographed American","Stauffer, John, 1965-",9780871404688,,"Liveright Publishing Corporation",2015,"New York",Book,"Book::Central: OVERSIZE 973.8 D737zs 2015 - On Shelf"
https://catalog.saclibrary.org/GroupedWork/c0a59551-9826-07f7-1691-7fed47250403-eng,"Still foolin' 'em: where I've been, where I'm going, and where the hell are my keys?","Crystal, Billy",9780805098204,,"Henry Holt and Company; Thorndike Press; Macmillan Audio",2013,"New York; Detroit","eAudiobook;Large Print;Book","Book::Carmichael: BIOGRAPHY Crystal, B. 2013 - On Shelf,Book::Central: BIOGRAPHY Crystal, B. 2013 - On Shelf,Book::Fair Oaks: BIOGRAPHY Crystal, B. 2013 - On Shelf"
https://catalog.saclibrary.org/GroupedWork/8cf4d15b-a049-c7fe-85e6-2ba8f52e6fb5-eng,"Samuel Adams: a life","Stoll, Ira, 1972-",9780743299114,,"Tantor Media, Inc.; Thorndike Press; Free Press","2008 - 2009","New York; Waterville, Me","Large Print;Book;eAudiobook","Book::McKinley: BIOGRAPHY Adams, S. 2008 - On Shelf,Book::South Natomas: BIOGRAPHY Adams, S. 2008 - On Shelf,Book::Southgate: BIOGRAPHY Adams, S. 2008 - On Shelf"
https://catalog.saclibrary.org/GroupedWork/d1633d46-19d7-bbcc-c7e8-7e620d2b87c1-eng,"Almost to the Presidency: a biography of two American politicians","Eisele, Albert, 1936-",9780878320059,,"Piper Co",1972,"Blue Earth, Minn",Book,"Book::Central: 973.92 E362 - On Shelf"
https://catalog.saclibrary.org/GroupedWork/37a5be1b-f277-b7ff-6e05-4a72ccc7e4b0-eng,"Antoine Robidoux, 1794-1860: a biography of a western venturer","Wallace, William Swilling",,,"Glen Dawson",1953,"Los Angeles",Book,"Book::Sacramento Room: SPE 090 C353 1953w BAC - Library Use Only"
https://catalog.saclibrary.org/GroupedWork/fc0b041a-1aa9-52f2-22cf-7d5979702409-eng,"The United States governed by six hundred thousand despots: a true story of slavery : a rediscovered narrative, with a full biography","Jacobs, John S., 1815-1875",9780226832807,,"The University of Chicago Press",2024,Chicago,Book,"Book::Central: 306.362 J173 2024 - On Shelf,Book::Franklin: 306.362 J173 2024 - On Shelf,Book::North Sacramento-Hagginwood: 306.362 J173 2024 - On Shelf"
https://catalog.saclibrary.org/GroupedWork/99e7f6f9-009b-e7c6-bf07-209e05e7afd5-eng,"The man from the Rio Grande: a biography of Harry Love, leader of the California rangers who tracked down Joaquín Murrieta","Secrest, William B., 1930-",9780870623288,,"Arthur H. Clark Co",2005,"Spokane, WA",Book,"Book::Sacramento Room: SPE 979.47104 L897zs 2005 CAL - Library Use Only"
https://catalog.saclibrary.org/GroupedWork/4579c5c9-dc99-7207-7078-1ea56edf6e78-eng,"The left hand of God: a biography of the Holy Spirit","Holl, Adolf",9780385492850,,Doubleday,1998,"New York",Book,"Book::Central: 231.3 H733 1998 - On Shelf"
https://catalog.saclibrary.org/GroupedWork/9b476229-dccc-53b1-fffc-b99019f88899-eng,"The color of truth: McGeorge Bundy and William Bundy, brothers in arms : a biography","Bird, Kai",9780684809700,,"Simon & Schuster",1998,"New York",Book,"Book::Central: 973.920922 B942zb 1998 - On Shelf"
https://catalog.saclibrary.org/GroupedWork/513792e9-4258-108b-786e-4f7e263ddb31-eng,"James Mason Hutchings of Yo Semite: a biography and bibliography","Kruska, Dennis G",9780981959719,,"Book Club of California",2009,"San Francisco",Book,"Book::Sacramento Room: OVERSIZE 090 C353 2009k BAC - Library Use Only"
https://catalog.saclibrary.org/GroupedWork/bbb7ca7f-0d33-a81a-4e7f-2bc0d98691db-eng,"Handel: a biography, with a survey of books, editions, and recordings","Cudworth, Charles",9780208010681,,"Linnet Books",1972,"[Hamden, Conn.]",Book,"Book::Central: 780.92 H236zc 1972 - On Shelf"
https://catalog.saclibrary.org/GroupedWork/800610f4-5f70-6642-230d-8ae19a70de31-eng,"Then we came to California: a biography of Sarah Summers Clarke","Milliken, Ralph LeRoy",,,"Merced Express",1938,"Merced, Calif",Book,"Book::Sacramento Room: SPE 979.45 C611zm 1938 CAL - Library Use Only"
https://catalog.saclibrary.org/GroupedWork/92c561a5-8cea-899b-48fb-d13956c82ae9-eng,"Photographic memory: William Henry Jackson and the American West : a graphic biography by his great-grandson","Griffith, Bill, 1944-",9781419784149,,"Abrams Comicarts",2025,"New York","Graphic Novel/Manga","Graphic Novel/Manga::Central New Books - 4th Floor: GRAPHIC 770.92 J147zg 2025 - On Shelf,Graphic Novel/Manga::Franklin: GRAPHIC 770.92 J147zg 2025 - On Shelf,Graphic Novel/Manga::McKinley: GRAPHIC 770.92 J147zg 2025 - Checked Out"
https://catalog.saclibrary.org/GroupedWork/fa1bcfe9-a71d-4914-4ec8-aee4a5c225d1-eng,"A prophet with honor: the Billy Graham story","Martin, William C. (William Curtis), 1937-",9780310353300,,"Zondervan; Zonderkidz","2013 - 2018","Grand Rapids, Michigan",eBook;Book,"Book::Central: BIOGRAPHY Graham, B. 2018 - On Shelf,Book::Fair Oaks: BIOGRAPHY Graham, B. 2018 - On Shelf,Book::South Natomas: BIOGRAPHY Graham, B. 2018 - On Shelf"
https://catalog.saclibrary.org/GroupedWork/20cee142-4ea1-6559-6bc9-5b4ec128b211-eng,"De Niro: a life","Levy, Shawn",9780307716781,,"Crown; Crown Archetype; Thorndike Press; Books on Tape","2014 - 2015","Waterville, Maine; New York","eAudiobook;Large Print;Book;eBook","Book::Elk Grove: BIOGRAPHY De Niro, R. 2014 - On Shelf,Book::Valley Hi-North Laguna: BIOGRAPHY De Niro, R. 2014 - On Shelf"
https://catalog.saclibrary.org/GroupedWork/a1ffaf91-2aee-f0dd-9497-5ef83c9234c4-eng,"Lee and Grant, a dual biography","Smith, Gene",9780070584730,,"Open Road Media; McGraw-Hill","1984 - 2016","New York",eBook;Book,
https://catalog.saclibrary.org/GroupedWork/2bb7c7e3-68a7-40b2-8b39-6c4b719bf8f9-eng,"Pope Leo XIV: the biography","Allen, Elise Ann",9798217155705,,"Image Books",2026,"New York, NY",Book,"Book::Central New Books - 4th Floor: BIOGRAPHY Leo XIV 2026 - In Processing,Book::Central New Books - 4th Floor: ON ORDER - On Order,Book::Sacramento Public Library: BIOGRAPHY Leo XIV 2026 - In Processing"
https://catalog.saclibrary.org/GroupedWork/cbd86d5c-d3e6-3220-a828-71bbc1c21f89-eng,"Peter O'Toole: the definitive biography","Sellers, Robert",9781250095947,,"Thomas Dunne Books, St. Martin's Press; St. Martin's Publishing Group",2016,"New York",eBook;Book,"Book::Central: BIOGRAPHY O'Toole, P. 2016 - On Hold Shelf"
https://catalog.saclibrary.org/GroupedWork/8fdeb6b2-82ce-dd09-6cdb-2898e5786f24-eng,"Len, a lawyer in history: a graphic biography of radical attorney Leonard Weinglass","Tobocman, Seth",9781849352406,,"AK Press",2016,"Chico, CA","Graphic Novel/Manga","Graphic Novel/Manga::Central: GRAPHIC 345.0092 W423zt 2016 - On Shelf,Graphic Novel/Manga::Valley Hi-North Laguna: GRAPHIC 345.0092 W423zt 2016 - On Shelf"
https://catalog.saclibrary.org/GroupedWork/7ed0515f-5584-a9b7-43c7-41863439a5ce-eng,"History of Los Angeles County: with selected biography of actors and witnesses in the period of the county's greatest growth and achievement","McGroarty, John Steven, 1862-1944",,,"American Historical Society",1923,Chicago,Book,"Book::Sacramento Room: SPE 979.493 M147 1923 v.1 CAL - Library Use Only,Book::Sacramento Room: SPE 979.493 M147 1923 v.2 CAL - Library Use Only,Book::Sacramento Room: SPE 979.493 M147 1923 v.3 CAL - Library Use Only"
https://catalog.saclibrary.org/GroupedWork/a1791dad-fe0f-fd7b-2bcb-0061f2534355-eng,"Intimate Audrey: an authorized biography","Ferrer, Sean Hepburn",9781538775073,,GCP,2026,"New York",Book,"Book::Central New Books - 4th Floor: BIOGRAPHY Hepburn, A. 2026 - In Transit,Book::Elk Grove: BIOGRAPHY Hepburn, A. 2026 - Checked Out,Book::Fair Oaks: BIOGRAPHY Hepburn, A. 2026 - On Hold Shelf"
https://catalog.saclibrary.org/GroupedWork/6e34e8d4-c90a-fc17-e685-148650bf0d73-eng,"Eliza Hamilton: the extraordinary life and times of the wife of Alexander Hamilton","Mazzeo, Tilar J",9781501166303,,"Thorndike Press, a part of Gale, a Cengage Company; Simon & Schuster Audio; Gallery Books",2018,"New York; Farmington Hills, Mich","eAudiobook;Large Print;Book","Book::Carmichael: BIOGRAPHY Hamilton, E. 2018 - On Shelf,Book::Central: BIOGRAPHY Hamilton, E. 2018 - On Shelf,Book::Galt: BIOGRAPHY Hamilton, E. 2018 - On Hold Shelf"
https://catalog.saclibrary.org/GroupedWork/7f2d7f79-6654-0084-0b6b-086fd5aeb53e-eng,"Harriet Beecher Stowe: a spiritual life","Koester, Nancy, 1954-",9780802833044,,"Wm. B. Eerdmans Publishing Co.; William B. Eerdmans Publishing Company",2014,"Grand Rapids, Michigan",eBook;Book,"Book::Central: BIOGRAPHY Stowe, H. 2014 - On Shelf"
https://catalog.saclibrary.org/GroupedWork/359df7c9-0b58-d4e5-f385-1124381be54b-eng,"An American in California: the biography of William Heath Davis, 1822-1909","Rolle, Andrew F",,,"Henry H. Huntington Library",1956,"San Marino, Calif",Book,"Book::Sacramento Room: SPE 979.403 D265zr 1956 CAL - Library Use Only"
https://catalog.saclibrary.org/GroupedWork/1d0dabe6-f782-43e9-f538-e2462c0e824b-eng,"Leonardo da Vinci","Isaacson, Walter",9781501139154,,"Simon & Schuster Audio; Simon & Schuster",2017,"New York; New York, NY","eAudiobook;Audiobook - CD;Book;eBook","Book::Arcade: BIOGRAPHY Leonardo da Vinci 2017 - Checked Out,Book::Carmichael: BIOGRAPHY Leonardo da Vinci 2017 - On Shelf,Book::Colonial Heights: BIOGRAPHY Leonardo da Vinci 2017 - On Shelf"
https://catalog.saclibrary.org/GroupedWork/ca336895-fa5e-83fd-f357-1a31a21c5ae6-eng,"Going home to glory: a memoir of life with Dwight D. Eisenhower, 1961-1969","Eisenhower, David, 1948-",9781439190906,,"Tantor Media, Inc.; Thorndike Press; Simon & Schuster","2010 - 2011","New York; Detroit","Large Print;Book;eAudiobook","Book::Elk Grove: BIOGRAPHY Eisenhower, D. 2010 - On Shelf,Book::Fair Oaks: BIOGRAPHY Eisenhower, D. 2010 - Checked Out,Book::Colusa Main Branch Adult Collection: B EISENHOWER E - On Shelf"
https://catalog.saclibrary.org/GroupedWork/aa70baac-ee5e-e859-0c84-f277cf84826b-eng,"Madame Curie: a biography","Curie, Eve, 1904-2007",9780306810381,,"Dreamscape Media; Da Capo Press; Doubleday, Doran & company, inc","1937 - 2025","[S.l.]; Garden City, N.Y",Book;eAudiobook,
https://catalog.saclibrary.org/GroupedWork/494bca01-16db-f905-248a-474e9afdcae8-eng,"Yesterday, today, tomorrow: my life","Loren, Sophia, 1934-",9781476797427,,"Simon & Schuster Audio; Atria Books; Thorndike Press","2014 - 2015","New York; Waterville, ME","Large Print;Book;eAudiobook","Book::Central: BIOGRAPHY Loren, S. 2014 - On Shelf,Book::North Natomas: BIOGRAPHY Loren, S. 2014 - On Shelf,Book::Folsom Reading Room: BIOGRAPHY Loren, S. 2014 - On Shelf"
https://catalog.saclibrary.org/GroupedWork/c99eccb3-b68c-f4ae-c47c-98dfba3ae1cb-eng,"The Talmud: a biography : banned, censored and burned, the book they couldn't suppress","Freedman, H. (Harry)",9781472905949,,Bloomsbury,2014,London,Book,"Book::Carmichael: 296.12 F852 2014 - On Shelf,Book::Central: 296.12 F852 2014 - On Shelf"
https://catalog.saclibrary.org/GroupedWork/d86287db-45c0-c709-f552-ab40dcce053a-eng,"Elon Musk","Isaacson, Walter",9781982181284,,"Simon & Schuster Audio; Simon & Schuster",2023,"New York",eAudiobook;Book;eBook,"Book::Carmichael: BIOGRAPHY Musk, E. 2023 - On Shelf,Book::Central: BIOGRAPHY Musk, E. 2023 - On Shelf,Book::Colonial Heights: BIOGRAPHY Musk, E. 2023 - On Shelf"
https://catalog.saclibrary.org/GroupedWork/8d392cce-b3f5-f24f-582b-2ce1a7caaad2-eng,"How to read nonfiction like a professor: a smart, irreverent guide to biography, history, journalism, blogs, and everything in between","Foster, Thomas C",9780063008472,,"HarperCollins; Harper Perennial",2020,"New York, NY",eAudiobook;Book;eBook,"Book::Central: 028 F757 2020 - On Shelf,Book::Fair Oaks: 028 F757 2020 - LINK+ PAGED,Book::South Natomas: 028 F757 2020 - LINK+ PAGED"
https://catalog.saclibrary.org/GroupedWork/df645538-c07c-193b-ee33-dd61ccb8ade3-eng,"Gene Tierney: a biography","Vogel, Michelle, 1972-",9780786420353,,McFarland,2005,"Jefferson, N.C",Book,"Book::Rancho Cordova: BIOGRAPHY Tierney, G. 2005 - OFF CAMPUS"
https://catalog.saclibrary.org/GroupedWork/b3a33fdb-d648-0cb1-483a-4ab2c5d12cdb-eng,"The new hypothesis of Fayetta Harris Philip: a memorial volume with biography","Philip, Fayetta Harris, 1881-1970",,,"s. n.]",1973,"[S. l",Book,"Book::Sacramento Room: SPE 001.9 P549 1973 SAA - Library Use Only"
https://catalog.saclibrary.org/GroupedWork/93a098f0-c8a9-7885-3574-f6c6f3f64c83-eng,"Sam Brannan, builder of San Francisco: a biography / by Louis J. Stellman","Stellman, Louis J. (Louis John), 1877-1961",,,"Exposition Press",1953,"New York",Book,"Book::Carmichael California Collection: CALIFORNIA 979.4 B821zs 1953 - Library Use Only,Book::Sacramento Room: SPE 979.4 B821zs 1953 CAL - Library Use Only,Book::Sutter County Main Branch: BIOGRAPHY BRANNAN, S. - On Shelf"
https://catalog.saclibrary.org/GroupedWork/48f545ff-365f-5ae1-d64c-1d6e67ed378b-eng,"Room full of mirrors: a biography of Jimi Hendrix","Cross, Charles R",9780786888412,,"Hachette Books; Blackstone Publishing; Grand Central Publishing",2006,"New York",eAudiobook;eBook;Book,
https://catalog.saclibrary.org/GroupedWork/d7c0b704-80a0-5f5a-53c2-9b5fc53d32ca-eng,"Pennsylvania vital records: from the Pennsylvania genealogical magazine and the Pennsylvania magazine of history and biography",,9780806310107,,"Clearfield Co",1999,"[Baltimore, Md.]",Book,"Book::Central Genealogy - 2nd Floor: GENEALOGY 929.3748 P4153 1999 v.1 - Library Use Only,Book::Central Genealogy - 2nd Floor: GENEALOGY 929.3748 P4153 1999 v.2 - Library Use Only,Book::Central Genealogy - 2nd Floor: GENEALOGY 929.3748 P4153 1999 v.3 - Library Use Only"
https://catalog.saclibrary.org/GroupedWork/257c0776-7f99-054f-3da5-ad8d2d16d4da-eng,"Queen of our times: the life of Queen Elizabeth II","Hardman, Robert",9781639363674,,"Tantor Media, Inc.; Thorndike Press, a part of Gale, a Cengage Company; Tantor Media, Inc; Pegasus Books",2022,"New York; Waterville, ME","eAudiobook;Large Print;eBook;Book","Book::Carmichael: BIOGRAPHY Elizabeth II 2022 - On Shelf,Book::Colonial Heights: BIOGRAPHY Elizabeth II 2022 - On Shelf,Book::Fair Oaks: BIOGRAPHY Elizabeth II 2022 - On Shelf"
https://catalog.saclibrary.org/GroupedWork/0c981e02-6032-392f-1d5e-c6cc0f0df0b8-eng,"Mark Twain","Chernow, Ron",9780525561729,,"Books on Tape; Penguin Publishing Group; Penguin Press",2025,"New York",eAudiobook;eBook;Book,"Book::Arcade: BIOGRAPHY Twain, M. 2025 - On Shelf,Book::Central: BIOGRAPHY Twain, M. 2025 - On Shelf,Book::Colonial Heights: BIOGRAPHY Twain, M. 2025 - On Shelf"
https://catalog.saclibrary.org/GroupedWork/3a1db833-6a70-c61b-1609-98f3ef53774b-eng,"William Stewart Young, 1859-1937: builder of California institutions : an intimate biography","Young, Nellie May",,,"A.H. Clark",1967,"Glendale, Calif",Book,"Book::Sacramento Room: SPE 979.494 Y78zy 1967 CAL - Library Use Only"
https://catalog.saclibrary.org/GroupedWork/3077a0c5-0e0f-1a6e-cbbc-fc56b4d23658-eng,"Being Henry: the Fonz . . . and beyond","Winkler, Henry, 1945-",9781250888099,,"Thorndike Press, a part of Gale, a Cengage company; Macmillan Audio; Celadon Books",2023,"New York; [Waterville, Maine]; [New York, NY]","eAudiobook;Audiobook - CD;Large Print;Book","Book::Carmichael: BIOGRAPHY Winkler, H. 2023 - On Shelf,Book::Central: BIOGRAPHY Winkler, H. 2023 - On Shelf,Book::Elk Grove: BIOGRAPHY Winkler, H. 2023 - On Shelf"
https://catalog.saclibrary.org/GroupedWork/9a0fcaf9-ae7b-db1b-f242-a2fb6db5ee02-eng,"The lives of Lee Miller","Penrose, Antony",9780500297520,,"W. F. Howes Ltd; Thames and Hudson; Thames & Hudson","2021 - 2024",London,eAudiobook;Book;eBook,"Book::Central: BIOGRAPHY Miller, L. 2023 - On Shelf,Book::Elk Grove: BIOGRAPHY Miller, L. 2023 - On Shelf,Book::Valley Hi-North Laguna: BIOGRAPHY Miller, L. 2023 - On Shelf"
https://catalog.saclibrary.org/GroupedWork/b8cb30ed-6593-3436-d6aa-4e7861f57da4-eng,"Tokyo: a biography : disasters, destruction and renewal : the story of an indomitable city","Mansfield, Stephen",9780804853040,,"Tuttle Publishing",2020,Tokyo,Book,"Book::Central: 952 M287 2020 - On Shelf"
https://catalog.saclibrary.org/GroupedWork/a73e0881-32da-e938-370c-83d25feb6b28-eng,Truly,"Richie, Lionel",9780063253643,,"HarperOne, an imprint of HarperCollins publishers; HarperCollins; Harperone Large Print",2025,"New York","eAudiobook;Large Print;Book;eBook","Book::Colonial Heights: BIOGRAPHY Richie, L. 2025 - On Shelf,Book::Elk Grove: BIOGRAPHY Richie, L. 2025 - Checked Out,Book::Fair Oaks: BIOGRAPHY Richie, L. 2025 - On Shelf"
https://catalog.saclibrary.org/GroupedWork/5db32e63-0243-0e86-f487-437684fe3747-eng,"Old San Francisco: the biography of a city from early days to the earthquake","Muscatine, Doris",9780399115943,,Putnam,1975,"New York",Book,"Book::Carmichael California Collection: CALIFORNIA 979.461 M985 1975 - Library Use Only,Book::Sacramento Room: SPE 979.461 M985 1975 CAL - Library Use Only"
https://catalog.saclibrary.org/GroupedWork/9bb99dbd-2c5a-3970-eb13-eeaf79970dd1-eng,"John Candy: a life in comedy","Myers, Paul, 1960-",9781487009526,,"House of Anansi Press Inc; Anansi; Tantor Media, Inc",2025,Toronto,eAudiobook;Book;eBook,"Book::Central New Books - 4th Floor: BIOGRAPHY Candy, J. 2025 - Checked Out,Book::Colonial Heights: BIOGRAPHY Candy, J. 2025 - On Shelf,Book::McKinley: BIOGRAPHY Candy, J. 2025 - On Shelf"
https://catalog.saclibrary.org/GroupedWork/8409d8f4-3557-aa23-251e-4eb01f9215cb-eng,"Atticus Finch: the biography: Harper Lee, her father, and the making of an American icon","Crespino, Joseph",9781541644946,,"Basic Books",2018,"New York",Book,"Book::Carmichael: 813.54 L478zc 2018 - On Shelf,Book::Central: 813.54 L478zc 2018 - On Shelf,Book::Belle Cooledge: 813.54 L478zc 2018 - On Shelf"
https://catalog.saclibrary.org/GroupedWork/07600dd5-47f1-9f28-8e4f-08f65c2bd454-eng,"Sinatra in Hollywood","Santopietro, Tom",9780312362263,,"Thomas Dunne Books; Thorndike Press","2008 - 2009","New York; Waterville, Me","Large Print;Book","Book::McKinley: BIOGRAPHY Sinatra, F. 2008 - On Shelf,Book::Sylvan Oaks: BIOGRAPHY Sinatra, F. 2008 - On Shelf"
https://catalog.saclibrary.org/GroupedWork/4dfd569c-7004-abe0-e46b-019a522e303f-eng,"The Duchess: Camilla Parker Bowles and the love affair that rocked the crown","Junor, Penny",9780062471109,,"Harper, an imprint of HarperCollins Publishers; HarperAudio; Thorndike Press",2018,"Waterville, Maine; New York, N.Y","Large Print;Book;eAudiobook","Book::Arcade: BIOGRAPHY Camilla 2018 - On Shelf,Book::Central: BIOGRAPHY Camilla 2018 - On Shelf,Book::Elk Grove: BIOGRAPHY Camilla 2018 - On Shelf"
https://catalog.saclibrary.org/GroupedWork/d05e18a6-1517-22c8-4698-e26c0cf74bf9-eng,"Pageboy: a memoir","Page, Elliot, 1987-",9781250878359,,"Macmillan Audio; Flatiron Books",2023,"New York",eAudiobook;Book;eBook,"Book::Arcade: BIOGRAPHY Page, E. 2023 - On Shelf,Book::Carmichael: BIOGRAPHY Page, E. 2023 - On Shelf,Book::Central: BIOGRAPHY Page, E. 2023 - On Shelf"
https://catalog.saclibrary.org/GroupedWork/0d7ee15d-6c8d-5fd5-d930-7c83bb6b7007-eng,"The life and times of Fray Junípero Serra, O.F.M: or, The man who never turned back, 1713-1784 / a biography by Maynard J. Geiger","Geiger, Maynard J., 1901-1977",,,"Academy of American Franciscan History",1959,"Washington (D.C.)",Book,"Book::Carmichael California Collection: CALIFORNIA 979.402 S487zg 1959 v.1 - Library Use Only,Book::Carmichael California Collection: CALIFORNIA 979.402 S487zg 1959 v.2 - Library Use Only"
https://catalog.saclibrary.org/GroupedWork/2d291815-003c-e04d-93f3-cf30e15ce1bc-eng,"Diana: Her True Story - In Her Own Words","Morton, Andrew, 1953-",9781501169731,,"Simon & Schuster Audio; Thorndike Press, part of Gale, a Cengage Company; Simon & Schuster Paperbacks; Simon & Schuster","1997 - 2017","Waterville, Maine; New York","eAudiobook;Large Print;Book;eBook","Book::Central: BIOGRAPHY Diana 2017 - Checked Out,Book::South Natomas: BIOGRAPHY Diana 2017 - On Shelf"
https://catalog.saclibrary.org/GroupedWork/4dfab687-3dda-8aa0-255e-76d401f20555-eng,Grant,"Chernow, Ron",9781594204876,,"Thorndike Press, a part of Gale, a Cengage Company; Penguin Books; Penguin Audio; Books on Tape; Penguin Publishing Group; Penguin Press","2017 - 2018","Waterville, Maine; New York; New York, New York; [New York, NY]","eAudiobook;Audiobook - CD;eBook;Large Print;Book","Book::Arcade: BIOGRAPHY Grant, U. 2017 - Checked Out,Book::Carmichael: BIOGRAPHY Grant, U. 2017 - On Shelf,Book::Courtland: BIOGRAPHY Grant, U. 2017 - On Shelf"
https://catalog.saclibrary.org/GroupedWork/f6bbef96-3266-2ae6-b7d7-1dd32e97a96b-eng,"Finding me: a memoir","Davis, Viola, 1965-",9780063037328,,"Ebony Magazine Publishing, Harper Large Print, an imprint of HarperCollinsPublishers; Harper Collins Publishers; HarperCollins; Ebony Magazine Publishing, HarperOne, an imprint of HarperCollinsPublishers",2022,"[New York]; New York, NY","eAudiobook;Audiobook - CD;eBook;Large Print;Book","Book::Arcade: BIOGRAPHY Davis, V. 2022 - Checked Out,Book::Arden-Dimick: BIOGRAPHY Davis, V. 2022 - Checked Out,Book::Central: BIOGRAPHY Davis, V. 2022 - On Shelf"
https://catalog.saclibrary.org/GroupedWork/5f0e88dd-12f1-acde-eff5-571ee1026d2d-eng,"My time to stand: a memoir","Blanchard, Gypsy Rose, 1991-",9781637745908,,"Recorded Books, Inc.; BenBella Books; BenBella Books, Inc",2024,"Dallas, TX",eAudiobook;Book;eBook,"Book::Central: BIOGRAPHY Blanchard, G. 2024 - On Shelf,Book::Colonial Heights: BIOGRAPHY Blanchard, G. 2024 - On Shelf,Book::North Natomas: BIOGRAPHY Blanchard, G. 2024 - Checked Out"
https://catalog.saclibrary.org/GroupedWork/ad9397d5-4ee6-5e24-6ad4-5ff761392464-eng,"Maurice Maeterlinck, mystic and dramatist: a reminiscent biography of the man and his ideas","Mahony, Patrick, 1911-",,,"Institute for the Study of Man",1984,"Washington, D.C",Book,"Book::Central: 842 M186zm 1984 - On Shelf"
https://catalog.saclibrary.org/GroupedWork/41eccff3-9c23-93fd-83ac-a3e4f87391a2-eng,"A promised land","Obama, Barack",9781524763169,,"Crown; Random House Large Print; Books on Tape; Random House Audio",2020,"New York","eAudiobook;Audiobook - CD;Large Print;Book;eBook","Book::Arcade: BIOGRAPHY Obama, B. 2020 - On Shelf,Book::Carmichael: BIOGRAPHY Obama, B. 2020 - On Shelf,Book::Colonial Heights: BIOGRAPHY Obama, B. 2020 - On Shelf"
https://catalog.saclibrary.org/GroupedWork/633e29ca-0b6b-49d6-0c59-d56c20b6a351-eng,"On the house: a Washington memoir","Boehner, John, 1949-",9781250238443,,"St. Martin's Press; Macmillan Audio",2021,"New York; New York, NY","eAudiobook;Audiobook - CD;Book","Book::Arcade: BIOGRAPHY Boehner, J. 2021 - On Shelf,Book::Central: BIOGRAPHY Boehner, J. 2021 - On Shelf,Book::Belle Cooledge: BIOGRAPHY Boehner, J. 2021 - On Shelf"
https://catalog.saclibrary.org/GroupedWork/65d9e4c8-7610-b4f8-5068-60e7adb903b9-eng,"Nicolai Gedda: my life & art","Gedda, Nicolai",9781574670486,,"Amadeus Press",1999,"Portland, Or",Book,"Book::Central: BIOGRAPHY Gedda, N. 1999 - On Shelf"
https://catalog.saclibrary.org/GroupedWork/096bac4c-a470-ee55-58c4-4aa37740e4c0-eng,"Uptown Girl: A Memoir","Brinkley, Christie",9780063385757,,HarperCollins,2025,"New York",eAudiobook;eBook;Book,"Book::Carmichael: BIOGRAPHY Brinkley, C. 2025 - On Shelf,Book::Central: BIOGRAPHY Brinkley, C. 2025 - On Shelf,Book::Franklin: BIOGRAPHY Brinkley, C. 2025 - On Shelf"
https://catalog.saclibrary.org/GroupedWork/b7a95db0-7b1b-9ce9-9b7a-90237d9a9ad1-eng,"Zachary Taylor: soldier, planter, statesman of the old Southwest","Bauer, K. Jack (Karl Jack), 1926-",9780807112373,,"Louisiana State University Press",1985,"Baton Rouge",Book,"Book::Central: BIOGRAPHY Taylor, Z. 1985 - On Shelf"
https://catalog.saclibrary.org/GroupedWork/9a37c88c-9fb4-a779-08a8-bd61ea786db3-eng,"Homeward bound: the life of Paul Simon","Carlin, Peter Ames",9781627790345,,"Henry Holt and Company; Henry Holt and Co.; Thorndike Press",2016,"Waterville, Maine; New York","Large Print;eBook;Book","Book::Central: BIOGRAPHY Simon, P. 2016 - On Shelf,Book::South Natomas: BIOGRAPHY Simon, P. 2016 - On Shelf,Book::Sutter County Main Branch: BIOGRAPHY SIMON, P. - On Shelf"
https://catalog.saclibrary.org/GroupedWork/0adf8ffa-8f25-5c17-0aa1-980599bc725a-eng,"Inside out: a memoir","Moore, Demi",9780062049537,,"HarperCollins; Harper, an imprint of HarperCollinsPublishers; Harper Audio",2019,"New York; New York, N.Y","eAudiobook;Audiobook - CD;eBook;Book","Book::Arcade: BIOGRAPHY Moore, D. 2019 - On Shelf,Book::Carmichael: BIOGRAPHY Moore, D. 2019 - On Shelf,Book::Central: BIOGRAPHY Moore, D. 2019 - On Shelf"
https://catalog.saclibrary.org/GroupedWork/b4e7a058-b315-7bd5-22c4-f5bc079aa07e-eng,"Finding my way: a memoir","Yousafzai, Malala, 1997-",9781668054277,,"Simon & Schuster Audio; Atria Books",2025,"New York, NY",eAudiobook;Book;eBook,"Book::Arcade: BIOGRAPHY Yousafzai, M. 2025 - On Shelf,Book::Central New Books - 4th Floor: BIOGRAPHY Yousafzai, M. 2025 - Checked Out,Book::Fair Oaks: BIOGRAPHY Yousafzai, M. 2025 - Checked Out"
https://catalog.saclibrary.org/GroupedWork/d43e2dca-5e01-2fff-6a9f-a2cdefba9807-eng,"The watchmaker's daughter: the true story of World War II heroine Corrie Ten Boom","Loftis, Larry",9780063234581,,"Harper Collins Publishers; HarperCollins; William Morrow, an imprint of HarperCollinsPublishers",2023,"[United States]; New York, NY","eAudiobook;Audiobook - CD;eBook;Book","Book::Central: BIOGRAPHY Ten Boom, C. 2023 - Checked Out,Book::Colonial Heights: BIOGRAPHY Ten Boom, C. 2023 - On Shelf,Book::Elk Grove: BIOGRAPHY Ten Boom, C. 2023 - On Shelf"
https://catalog.saclibrary.org/GroupedWork/abfde4f0-3fa6-274e-060f-997d7f10e385-eng,"We were dreamers: an immigrant superhero origin story","Liu, Simu, 1989-",9780063046498,,"HarperCollins; HarperAudio; William Morrow, an imprint of HarperCollinsPublishers",2022,"New York, NY",eAudiobook;eBook;Book,"Book::Arden-Dimick: BIOGRAPHY Liu, S. 2022 - Checked Out,Book::Carmichael: BIOGRAPHY Liu, S. 2022 - On Shelf,Book::Central: BIOGRAPHY Liu, S. 2022 - Checked Out"
https://catalog.saclibrary.org/GroupedWork/c514773c-2e3b-eb41-cd72-a9676a1278ee-eng,"The National cyclopaedia of American biography: being the history of United States as illustrated in the lives of the founders, builders, and defenders of the republic, and of the men and women who are doing the work and moulding the thought of the present time",,,,"University Microfilms; J.T. White & Co","1893 - 1967","New York; [Ann Arbor, Mich",Book,"Book::Central Reference - 4th Floor: REFERENCE 920 N27 v.52 - Library Use Only"
https://catalog.saclibrary.org/GroupedWork/69bfe4c0-c71f-ae72-9ae6-18942b8b5098-eng,"Madam C. J. Walker: the making of an American icon","Ball, Erica L., 1971-",9781442260382,,"Rowman & Littlefield",2021,"Lanham, Maryland",Book,"Book::Galt: BIOGRAPHY Walker, C. 2021 - On Shelf,Book::Pocket-Greenhaven: BIOGRAPHY Walker, C. 2021 - On Shelf"
https://catalog.saclibrary.org/GroupedWork/b818f3dd-8dd0-9113-2041-1dac05f44403-eng,"American flygirl","Ankeny, Susan Tate",9780806542829,,"Citadel Press/Kensington Publishing Corp; Highbridge Company; HighBridge; Citadel Press",2024,"New York, NY",eAudiobook;eBook;Book,"Book::Carmichael: BIOGRAPHY Lee, H. 2024 - On Shelf,Book::Central: BIOGRAPHY Lee, H. 2024 - On Shelf,Book::Fair Oaks: BIOGRAPHY Lee, H. 2024 - On Shelf"
https://catalog.saclibrary.org/GroupedWork/1f90c0ef-f414-f80f-67e7-3ae7db57d26e-eng,"Lovely one: a memoir","Jackson, Ketanji Brown, 1970-",9780593729908,,"Random House Children's Books; Random House Large Print; Random House; Random House Publishing Group; Books on Tape","2024 - 2026","New York","eAudiobook;Large Print;Book;eBook","Book::Carmichael: BIOGRAPHY Jackson, K. 2024 - On Shelf,Book::Central: BIOGRAPHY Jackson, K. 2024 - On Shelf,Book::Colonial Heights: BIOGRAPHY Jackson, K. 2024 - On Shelf"
https://catalog.saclibrary.org/GroupedWork/b2288652-a931-791b-d7ca-e3a07e5dd580-eng,"The revolutionary: Samuel Adams","Schiff, Stacy",9780316441117,,"Hachette Audio; Little, Brown and Company",2022,"New York",eAudiobook;Book;eBook,"Book::Arcade: BIOGRAPHY Adams, S. 2022 - On Shelf,Book::Carmichael: BIOGRAPHY Adams, S. 2022 - On Shelf,Book::Central: BIOGRAPHY Adams, S. 2022 - On Shelf"
https://catalog.saclibrary.org/GroupedWork/2be9afbd-a8d0-c0e1-dcfe-7aa73969c2ef-eng,"Lab girl","Jahren, Hope",9781101874936,,"Alfred A. Knopf; Knopf Doubleday Publishing Group; Thorndike Press; Books on Tape",2016,"Waterville, Maine; New York","eAudiobook;eBook;Large Print;Book","Book::North Natomas: 570.92 J253 2016 - Checked Out,Book::Southgate: 570.92 J253 2016 - Checked Out,Book::Colusa Main Branch Adult Collection: 570.92 J - On Shelf"
https://catalog.saclibrary.org/GroupedWork/217356e3-2fa5-cacc-0404-99c311cc0f16-eng,"The house of hidden meanings: a memoir","RuPaul, 1960-",9780063263901,,"Dey St., an imprint of William Morrow; HarperCollins; HarperAudio",2024,"New York, NY",eAudiobook;eBook;Book,"Book::Central: BIOGRAPHY RuPaul 2024 - Checked Out,Book::Colonial Heights: BIOGRAPHY RuPaul 2024 - On Shelf,Book::Folsom Reading Room: BIOGRAPHY RuPaul 2024 - On Shelf"
https://catalog.saclibrary.org/GroupedWork/cb7a2e29-bee2-3149-d8bc-48e4ec29ee6e-eng,"The art of her deal: the untold story of Melania Trump","Jordan, Mary, 1951-",9781982113407,,"Simon & Schuster Audio; Simon & Schuster",2020,"New York; [New York]","eAudiobook;Audiobook - CD;Book;eBook","Book::Carmichael: BIOGRAPHY Trump, M. 2020 - Checked Out,Book::Central: BIOGRAPHY Trump, M. 2020 - On Shelf,Book::Elk Grove: BIOGRAPHY Trump, M. 2020 - On Shelf"
https://catalog.saclibrary.org/GroupedWork/5603cdab-74c8-52f0-c260-7564fa8421c6-eng,"The doctors Blackwell: how two pioneering sisters brought medicine to women and women to medicine","Nimura, Janice P",9780393635546,,"Thorndike Press, a part of Gale, a Cengage Company; Highbridge Company; W. W. Norton & Company; HighBridge; W.W. Norton & Company",2021,"New York; Waterville, ME","eAudiobook;Large Print;Book;eBook","Book::Arcade: 610.92 N713 2021 - On Shelf,Book::Carmichael: 610.92 N713 2021 - On Shelf,Book::Colonial Heights: 610.92 N713 2021 - On Shelf"
https://catalog.saclibrary.org/GroupedWork/4cc7cc95-7bfc-1d48-4b76-ce2219e2545f-eng,"Be ready when the luck happens: a memoir","Garten, Ina",9780593799895,,"Crown; Random House Large Print; Books on Tape",2024,"New York","eAudiobook;eBook;Large Print;Book","Book::Arcade: BIOGRAPHY Garten, I. 2024 - On Shelf,Book::Carmichael: BIOGRAPHY Garten, I. 2024 - On Shelf,Book::Central: BIOGRAPHY Garten, I. 2024 - On Shelf"
https://catalog.saclibrary.org/GroupedWork/807fb1c3-a465-2dca-332d-41f3e4fec6b4-eng,"Joshua Barney: hero of the Revolution and 1812","Norton, Louis A",9781557504906,,"Naval Institute Press",2000,"Annapolis, Md",Book,"Book::Central: BIOGRAPHY Barney, J. 2000 - On Shelf"
https://catalog.saclibrary.org/GroupedWork/182c5599-4ef3-5ce0-fd69-f34c8b732b9a-eng,"Steve Jobs","Isaacson, Walter",9781982176860,,"Recorded Books, Inc.; Simon & Schuster Audio; Simon & Schuster Paperbacks; Simon & Schuster","2011 - 2021","New York","eAudiobook;Audiobook - CD;Book;eBook","Book::Central: BIOGRAPHY Jobs, S. 2021 - Checked Out,Book::Colonial Heights: BIOGRAPHY Jobs, S. 2021 - On Shelf,Book::Fair Oaks: BIOGRAPHY Jobs, S. 2021 - Checked Out"
https://catalog.saclibrary.org/GroupedWork/2a9839ab-a0ca-555a-76ff-0a4cf8effe99-eng,"Class clown: the memoirs of a professional wiseass : how I went 77 years without growing up","Barry, Dave",9781668021781,,"Thorndike Press, a part of Gale, a Cengage Company; Simon & Schuster Audio; Simon & Schuster",2025,"New York; [Waterville, ME]","eAudiobook;Large Print;Book;eBook","Book::Central: 817 B279 2025 - On Shelf,Book::Belle Cooledge: 817 B279 2025 - Checked Out,Book::Elk Grove: 817 B279 2025 - Checked Out"
https://catalog.saclibrary.org/GroupedWork/8886c539-bd10-25f6-5a8a-8a0d128c47ee-eng,"Just as I am: a memoir","Tyson, Cicely",9780062931061,,"Harper Large Print, an imprint of HarperCollinsPublishers; HarperCollins; HarperAudio; HarperCollinsPublishers; Harper Audio",2021,"New York, NY","eAudiobook;Audiobook - CD;eBook;Large Print;Book","Book::Arcade: BIOGRAPHY Tyson, C. 2021 - On Shelf,Book::Carmichael: BIOGRAPHY Tyson, C. 2021 - Checked Out,Book::Central: BIOGRAPHY Tyson, C. 2021 - On Shelf"
https://catalog.saclibrary.org/GroupedWork/0dec4524-6e37-53ea-7c21-bec10b81aa96-eng,"Inheritance: a memoir of genealogy, paternity, and love","Shapiro, Dani",9781524732714,,"Thorndike Press, a part of Gale, a Cengage Company; Alfred A. Knopf; Knopf Doubleday Publishing Group; Books on Tape",2019,"Waterville, Maine; New York","eAudiobook;Large Print;Book;eBook","Book::Arcade: 818.5403 S529 2019 - On Shelf,Book::Carmichael: 818.5403 S529 2019 - On Shelf,Book::Central: 818.5403 S529 2019 - On Shelf"
https://catalog.saclibrary.org/GroupedWork/545eaf9c-933d-4957-9477-ac9006eba612-eng,"The matriarch: Barbara Bush and the making of an American dynasty","Page, Susan, 1951-",9781538713648,,"Hachette Audio; Twelve; Grand Central Publishing",2019,"New York; New York, New York","eAudiobook;Audiobook - CD;eBook;Book","Book::Arcade: BIOGRAPHY Bush, B. 2019 - On Shelf,Book::Carmichael: BIOGRAPHY Bush, B. 2019 - On Shelf,Book::Central: BIOGRAPHY Bush, B. 2019 - On Shelf"
https://catalog.saclibrary.org/GroupedWork/d0e0ceaf-1bb7-5c66-8889-eb0f7415706e-eng,"Unprotected: a memoir","Porter, Billy",9781419746192,,"Recorded Books, Inc.; Abrams; ABRAMS; Abrams Press",2021,"New York",eAudiobook;eBook;Book,"Book::Arcade: BIOGRAPHY Porter, B. 2021 - On Shelf,Book::Carmichael: BIOGRAPHY Porter, B. 2021 - On Shelf,Book::Colonial Heights: BIOGRAPHY Porter, B. 2021 - Checked Out"
https://catalog.saclibrary.org/GroupedWork/05717ddc-da93-8256-08b2-a1cff943e73c-eng,"Hello, Molly!: a memoir","Shannon, Molly, 1964-",9780063056237,,"Ecco, an imprint of HarperCollinsPublishers; HarperCollins; HarperAudio; Harper Audio",2022,"New York, NY","eAudiobook;Audiobook - CD;eBook;Book","Book::Carmichael: BIOGRAPHY Shannon, M. 2022 - On Shelf,Book::Central: BIOGRAPHY Shannon, M. 2022 - On Shelf,Book::Belle Cooledge: BIOGRAPHY Shannon, M. 2022 - On Shelf"
https://catalog.saclibrary.org/GroupedWork/5c6b4462-e365-f4fa-4c23-861a70900531-eng,Pelosi,"Ball, Molly",9781250252869,,"Henry Holt and Company; Henry Holt and Co.; Macmillan Audio",2020,"New York",eAudiobook;eBook;Book,"Book::Arcade: BIOGRAPHY Pelosi, N. 2020 - On Shelf,Book::Central: BIOGRAPHY Pelosi, N. 2020 - On Shelf,Book::Courtland: BIOGRAPHY Pelosi, N. 2020 - On Shelf"
https://catalog.saclibrary.org/GroupedWork/6c5fb5ba-b46d-47db-e436-91d75b857be8-eng,"Emigrants to Pennsylvania, 1641-1819: a consolidation of ship passenger lists from the Pennsylvania magazine of history and biography",,9780806306827,,"Genealogical Pub. Co",1975,Baltimore,Book,"Book::Central Genealogy - 2nd Floor: GENEALOGY 929.3 E53 1975 - Library Use Only,Book::Colusa Main Branch Adult Collection: LC 929.3748 E - Library Use Only"
https://catalog.saclibrary.org/GroupedWork/ae70e023-d6e3-637f-bcdb-9dbf9d692ebe-eng,"Ain't nobody's fool: the life and times of Dolly Parton","Ackmann, Martha",9781250286857,,"St. Martin's Press; St. Martin's Publishing Group; Macmillan Audio",2025,"New York",eAudiobook;eBook;Book,"Book::Carmichael: BIOGRAPHY Parton, D. 2025 - On Shelf,Book::Central New Books - 4th Floor: BIOGRAPHY Parton, D. 2025 - On Shelf,Book::Fair Oaks: BIOGRAPHY Parton, D. 2025 - Checked Out"
https://catalog.saclibrary.org/GroupedWork/9f909417-d76a-19b8-5791-8edb023403a0-eng,"The book of Sheen: a memoir","Sheen, Charlie",9781668075289,,"Simon & Schuster Audio; Gallery Books",2025,"New York",eAudiobook;Book;eBook,"Book::Arcade: BIOGRAPHY Sheen, C. 2025 - On Shelf,Book::Central: BIOGRAPHY Sheen, C. 2025 - On Shelf,Book::Fair Oaks: BIOGRAPHY Sheen, C. 2025 - Checked Out"
https://catalog.saclibrary.org/GroupedWork/d41093cf-feb7-cc45-9d67-9629c2b6eca9-eng,"More myself: a journey","Keys, Alicia",9781250153296,,"Macmillan Audio; Flatiron Books",2020,"New York",eAudiobook;Book;eBook,"Book::Central: BIOGRAPHY Keys, A. 2020 - On Shelf,Book::Belle Cooledge: BIOGRAPHY Keys, A. 2020 - Checked Out,Book::Courtland: BIOGRAPHY Keys, A. 2020 - On Shelf"
https://catalog.saclibrary.org/GroupedWork/5325bc50-eefa-879a-69b7-ca8e50994439-eng,"The dead are arising: the life of Malcolm X","Payne, Les, 1941-2018",9781631491665,,"Recorded Books, Inc.; Liveright Publishing Corporation, a division of W.W. Norton &  Company; Liveright",2020,"New York, NY",eAudiobook;Book;eBook,"Book::Carmichael: BIOGRAPHY X, Malcolm 2020 - On Shelf,Book::Courtland: BIOGRAPHY X, Malcolm 2020 - Checked Out,Book::Elk Grove: BIOGRAPHY X, Malcolm 2020 - On Shelf"
https://catalog.saclibrary.org/GroupedWork/58b34120-4163-1e58-989e-3a1d66d2aa93-eng,"Bobby Kennedy: a raging spirit","Matthews, Chris, 1945-",9781501111860,,"Simon & Schuster Audio; Audioworks, Simon & Schuster Audio; Simon & Schuster",2017,"New York; New York, NY","eAudiobook;Audiobook - CD;Book;eBook","Book::Arcade: BIOGRAPHY Kennedy, R. 2017 - Checked Out,Book::Carmichael: BIOGRAPHY Kennedy, R. 2017 - On Shelf,Book::Central: BIOGRAPHY Kennedy, R. 2017 - On Shelf"
https://catalog.saclibrary.org/GroupedWork/fec8f3f3-cd87-d346-d2b2-e9caef2d314d-eng,"Schulz and Peanuts: a biography","Michaelis, David, 1957-",9780066213934,,"HarperPerennial; HarperAudio; Harper","2007 - 2008","New York",Book,
https://catalog.saclibrary.org/GroupedWork/572c3626-fb2c-ac92-fe1b-28ba520f6881-eng,"Desi Arnaz: the man who invented television","Purdum, Todd S",9781668023068,,"Simon & Schuster Audio; Simon & Schuster",2025,"New York",eAudiobook;Book;eBook,"Book::Arcade: BIOGRAPHY Arnaz, D. 2025 - On Shelf,Book::Central: BIOGRAPHY Arnaz, D. 2025 - On Shelf,Book::Fair Oaks: BIOGRAPHY Arnaz, D. 2025 - On Shelf"
https://catalog.saclibrary.org/GroupedWork/2ab7848e-6944-6843-f8d9-b207a8251e06-eng,"Lorne: the man who invented Saturday Night Live","Morrison, Susan, 1959 or 1960-",9780812988871,,"Random House; Random House Publishing Group; Books on Tape",2025,"New York",eAudiobook;eBook;Book,"Book::Carmichael: BIOGRAPHY Michaels, L. 2025 - On Shelf,Book::Central: BIOGRAPHY Michaels, L. 2025 - Checked Out,Book::Colonial Heights: BIOGRAPHY Michaels, L. 2025 - On Shelf"
https://catalog.saclibrary.org/GroupedWork/538f9ea8-5265-15b5-e5c5-19b37c4eeb54-eng,Melania,"Trump, Melania, 1970-",9781510782693,,"Skyhorse Publishing; Skyhorse",2024,"New York, New York",eBook;Book,"Book::Carmichael: BIOGRAPHY Trump, M. 2024 - On Shelf,Book::Central: BIOGRAPHY Trump, M. 2024 - On Shelf,Book::Fair Oaks: BIOGRAPHY Trump, M. 2024 - On Shelf"
https://catalog.saclibrary.org/GroupedWork/2de38a13-c4e2-d675-130f-3753f3c6d180-eng,"Down and out in paradise: the life of Anthony Bourdain","Leerhsen, Charles",9781982140441,,"Simon & Schuster",2022,"New York",eBook;Book,"Book::Arcade: BIOGRAPHY Bourdain, A. 2022 - On Shelf,Book::Carmichael: BIOGRAPHY Bourdain, A. 2022 - On Shelf,Book::Central: BIOGRAPHY Bourdain, A. 2022 - On Shelf"
https://catalog.saclibrary.org/GroupedWork/f82f7000-bcd3-d0b0-1048-cb4382589fff-eng,"Love, Pamela","Anderson, Pamela, 1967-",9780063226562,,"Dey St., an imprint of William Morrow; HarperCollins; HarperAudio",2023,"New York, NY",eBook;Book;eAudiobook,"Book::Arcade: BIOGRAPHY Anderson, P. 2023 - On Shelf,Book::Central: BIOGRAPHY Anderson, P. 2023 - On Shelf,Book::Elk Grove: BIOGRAPHY Anderson, P. 2023 - On Shelf"
https://catalog.saclibrary.org/GroupedWork/b7ae40c0-8849-15f9-264e-dd572b11f6cb-eng,"Wild: from lost to found on the Pacific Crest Trail","Strayed, Cheryl, 1968-",9780307592736,9780307970299,"Alfred A. Knopf; Knopf Doubleday Publishing Group; Thorndike Press; Books on Tape; Random House Audio",2012,"Waterville, Maine; New York","eAudiobook;Audiobook - CD;eBook;Large Print;Book","Book::McClatchy: 813.6 S913 2012 - On Shelf,Book::Arbuckle Branch Library Adult Collection: B STRAYED S - On Shelf,Book::Folsom Adult: 813.6 STR 2012 - On Shelf"
https://catalog.saclibrary.org/GroupedWork/a0d62004-a0df-adc6-4a68-85bfc06a7ff5-eng,"Reckless daughter: a portrait of Joni Mitchell","Yaffe, David, 1973-",9780374248130,,"Highbridge Company; Farrar, Straus and Giroux; HighBridge; Sarah Crichton Books, Farrar, Straus and Giroux",2017,"[Prince Frederick, Maryland]; New York","Audiobook - CD;Book;eAudiobook;eBook","Book::Carmichael: BIOGRAPHY Mitchell, J. 2017 - On Shelf,Book::Central: BIOGRAPHY Mitchell, J. 2017 - On Shelf,Book::Franklin: BIOGRAPHY Mitchell, J. 2017 - On Shelf"
https://catalog.saclibrary.org/GroupedWork/f5018bd0-53f1-f593-4060-11cafa1f4427-eng,"Over the top: a raw journey to self-love","Van Ness, Jonathan",9780062906373,,"HarperCollins; HarperOne, an imprint of HarperCollinsPublishers; Harper Audio",2019,"[New York]; New York, NY","eAudiobook;Audiobook - CD;eBook;Book","Book::Arden-Dimick: BIOGRAPHY Van Ness, J. 2019 - Checked Out,Book::Central: BIOGRAPHY Van Ness, J. 2019 - On Shelf,Book::Franklin: BIOGRAPHY Van Ness, J. 2019 - In Transit"
https://catalog.saclibrary.org/GroupedWork/61cae6ca-dbc5-3594-64b1-c8389eabcfbe-eng,"If you would have told me: a memoir","Stamos, John, 1963-",9781250890979,,"Henry Holt and Company; Macmillan Audio",2023,"New York",eAudiobook;Book,"Book::Carmichael: BIOGRAPHY Stamos, J. 2023 - On Shelf,Book::Central: BIOGRAPHY Stamos, J. 2023 - On Shelf,Book::Fair Oaks: BIOGRAPHY Stamos, J. 2023 - Checked Out"
https://catalog.saclibrary.org/GroupedWork/38f15e82-c480-394d-1855-b05c1a604947-eng,"Trudeau & Doonesbury: a biography : the cartoonist who turned the news into art","Kendall, Joshua C., 1960-",9781419776113,,"Abrams Press",2026,"New York, NY",Book,"Book::Central New Books - 4th Floor: BIOGRAPHY Trudeau, G. 2026 - In Transit,Book::Fair Oaks: BIOGRAPHY Trudeau, G. 2026 - In Transit,Book::Franklin: BIOGRAPHY Trudeau, G. 2026 - In Transit"
https://catalog.saclibrary.org/GroupedWork/abe1c7d8-bd56-ef67-2867-7ba9f4b82a43-eng,"My name is Barbra","Streisand, Barbra",9780525429524,,"Viking; Books on Tape; Penguin Publishing Group",2023,"[New York]",eAudiobook;Book;eBook,"Book::Arcade: BIOGRAPHY Streisand, B. 2023 - On Shelf,Book::Carmichael: BIOGRAPHY Streisand, B. 2023 - On Shelf,Book::Central: BIOGRAPHY Streisand, B. 2023 - On Shelf"
https://catalog.saclibrary.org/GroupedWork/2d649698-265f-0837-dd00-71073e33ddd7-eng,"Narrative of the life of Frederick Douglass, an American slave","Douglass, Frederick, 1818-1895",9780143107309,,"Interactive Media; Lerner Publishing Group; HarperCollins Canada; Murine Publications LLC; Duke Classics; Sound Room Publishers, Inc.; Penguin Books; Poetose Press; SC Active Business Development SRL; Penguin Classics; Warbler Classics; Xist Publishing; Start Publishing LLC; The Anti-Slavery Office; Random House Publishing Group; Native Publishing House; Penguin Publishing Group; Yale University Press","1845 - 2024","New York; New Haven; New York, N.Y; Harmondsworth, Middlesex, England; London; Boston",eAudiobook;eBook;Book,"Book::Central: BIOGRAPHY Douglass, F. 2014 - On Hold Shelf,Book::McClatchy: BIOGRAPHY Douglass, F. 2014 - On Shelf,Book::South Natomas: BIOGRAPHY Douglass, F. 2014 - On Shelf"
https://catalog.saclibrary.org/GroupedWork/802bb352-b400-6377-8b01-a19c90fc25b0-eng,"Paper doll: notes from a late bloomer","Mulvaney, Dylan",9781419770395,,"Recorded Books, Inc.; Abrams Image",2025,"New York",eAudiobook;eBook;Book,"Book::Central: BIOGRAPHY Mulvaney, D. 2025 - On Shelf,Book::McKinley: BIOGRAPHY Mulvaney, D. 2025 - Checked Out,Book::North Natomas: BIOGRAPHY Mulvaney, D. 2025 - On Shelf"
https://catalog.saclibrary.org/GroupedWork/41cc65e9-cf2a-8660-126b-180ad82dd2ad-eng,"Somewhere towards the end","Athill, Diana",9780393067705,,"W.W. Norton; W. W. Norton & Company; Thorndike Press",2009,"New York; Waterville, Me","Large Print;Book;eBook","Book::Central: 828.91409 A871 2009 - On Shelf,Book::Southgate: 828.91409 A871 2009 - On Shelf,Book::Woodland Public Library Adult New Books: BIOGRAPHY Athill, D. 2009 - On Shelf"
https://catalog.saclibrary.org/GroupedWork/9b4d7c05-8eeb-17ab-1a17-ffc42c23a223-eng,Warhol,"Gopnik, Blake",9780062298393,,"HarperCollins; ECCO, an imprint of HarperCollinsPublishers; HarperAudio; Ecco",2020,"New York, NY",eBook;Book;eAudiobook,"Book::Central: BIOGRAPHY Warhol, A. 2020 - On Shelf,Book::Elk Grove: BIOGRAPHY Warhol, A. 2020 - On Shelf,Book::South Natomas: BIOGRAPHY Warhol, A. 2020 - On Shelf"
https://catalog.saclibrary.org/GroupedWork/e2ae03dc-d463-599e-9938-cb836e8f477c-eng,"Rosemary: the hidden Kennedy daughter","Larson, Kate Clifford",9780547250250,,"Houghton Mifflin Harcourt; Blackstone Audio, Inc; HarperCollins; Blackstone Publishing","2015 - 2016","[Ashland, Oregon]; Boston","eAudiobook;Audiobook - CD;eBook;Book","Book::Fair Oaks: BIOGRAPHY Kennedy, R. 2015 - On Shelf,Book::Galt: BIOGRAPHY Kennedy, R. 2015 - On Shelf,Book::McKinley: BIOGRAPHY Kennedy, R. 2015 - On Shelf"
https://catalog.saclibrary.org/GroupedWork/ce15d7dd-2154-4675-19f0-ee397d4e79ea-eng,"A life in parts","Cranston, Bryan, 1956-",9781476793856,,"Simon & Schuster Audio; Scribner; Whiskey Creek Press; Audioworks/Simon & Schuster Audio","2005 - 2016","New York","eAudiobook;Audiobook - CD;eBook;Book","Book::Arden-Dimick: BIOGRAPHY Cranston, B. 2016 - Checked Out,Book::Central: BIOGRAPHY Cranston, B. 2016 - Checked Out,Book::Franklin: BIOGRAPHY Cranston, B. 2016 - On Shelf"
https://catalog.saclibrary.org/GroupedWork/3b4d91f4-180f-5f8c-42f4-4cd02dfac619-eng,"Crumb: a cartoonist's life","Nadel, Dan",9781982144005,,Scribner,2025,"New York",eBook;Book,"Book::Arcade: BIOGRAPHY Crumb, R. 2025 - On Shelf,Book::Central: BIOGRAPHY Crumb, R. 2025 - On Shelf,Book::Fair Oaks: BIOGRAPHY Crumb, R. 2025 - On Shelf"
https://catalog.saclibrary.org/GroupedWork/4236950c-49e1-ef46-9759-a2658a181343-eng,"Alexander Hamilton","Chernow, Ron",9780143034759,051488800439,"Penguin Audio/Books on Tape; Penguin Audio; Books on Tape; Penguin Publishing Group; Penguin Press","2004 - 2016","New York; New York, N.Y","eAudiobook;Audiobook - CD;eBook;Book","Book::Central: BIOGRAPHY Hamilton, A. 2004 - Checked Out,Book::Colonial Heights: BIOGRAPHY Hamilton, A. 2004 - On Shelf,Book::Colusa Main Branch Adult Collection: B HAMILTON C - Checked Out"
https://catalog.saclibrary.org/GroupedWork/3f53d690-04d6-32ab-397b-49b097074c79-eng,"Tiger Woods","Benedict, Jeff",9781501126420,,"Simon & Schuster Audio; Simon & Schuster",2018,"New York",eAudiobook;Book;eBook,"Book::Carmichael: BIOGRAPHY Woods, T. 2018 - On Shelf,Book::McClatchy: BIOGRAPHY Woods, T. 2018 - On Shelf,Book::South Natomas: BIOGRAPHY Woods, T. 2018 - On Shelf"
https://catalog.saclibrary.org/GroupedWork/2aff11d0-05ff-7604-51ac-9ee69041c820-eng,"Jimmy Buffett: a good life all the way","White, Ryan (Journalist)",9781501132568,,"Thorndike Press, a part of Gale, a Cengage Learning; Touchstone",2017,"Waterville, Maine; New York","Large Print;Book","Book::Sylvan Oaks: BIOGRAPHY Buffett, J. 2017 - On Shelf"
https://catalog.saclibrary.org/GroupedWork/f2dd40f1-f4dc-3bf2-8542-dbafdaefeb62-eng,"Julie Andrews: an intimate biography","Stirling, Richard",9780312380250,,"St. Martin's Press; St. Martin's Publishing Group",2008,"New York",eBook;Book,
https://catalog.saclibrary.org/GroupedWork/825d2035-64fe-5ead-fc69-99d7efc6c458-eng,"A generous vision: the creative life of Elaine de Kooning","Curtis, Cathy (Writer on art)",9780190498474,,"Oxford University Press",2017,"New York",Book,"Book::Central: BIOGRAPHY De Kooning, E. 2017 - On Shelf"
https://catalog.saclibrary.org/GroupedWork/9a41179e-f9fe-e334-1d70-f231014e9e5f-eng,"King: a life","Eig, Jonathan",9780374393106,,"Farrar, Straus and Giroux (BYR); Farrar, Straus and Giroux; Picador/Farrar, Straus and Giroux; Macmillan Audio; Farrar Straus Giroux","2023 - 2025","New York; New York, NY","eAudiobook;Audiobook - CD;Book;eBook","Book::Central Teen Area - 3rd Floor: TEEN BIOGRAPHY King, M. 2025 - On Shelf,Book::Colonial Heights: TEEN BIOGRAPHY King, M. 2025 - Checked Out,Book::Belle Cooledge Teen Area: TEEN BIOGRAPHY King, M. 2025 - On Hold Shelf"
https://catalog.saclibrary.org/GroupedWork/63ff7f37-f2fe-33f3-a8eb-09ac26d95c48-eng,"Emily Austin of Texas, 1795-1851","Cummins, Light Townsend",9780875653518,,"TCU Press",2009,"Fort Worth, Tex",Book,"Book::Central: BIOGRAPHY Perry, E. 2009 - On Shelf"
https://catalog.saclibrary.org/GroupedWork/c9187b7e-8398-a264-6ea7-281feb899eda-eng,"From here to the great unknown: a memoir","Presley, Lisa Marie, 1968-2023",9780593733875,,"Random House Large Print; Random House; Random House Publishing Group; Books on Tape",2024,"New York","eAudiobook;eBook;Large Print;Book","Book::Arcade: BIOGRAPHY Presley, L. 2024 - On Shelf,Book::Carmichael: BIOGRAPHY Presley, L. 2024 - On Shelf,Book::Central: BIOGRAPHY Presley, L. 2024 - On Shelf"
https://catalog.saclibrary.org/GroupedWork/32e7350a-4dc9-7505-7da9-9b6920754358-eng,"Unseen: how I lost my vision but found my voice : a memoir","Burke, Molly, 1994-",9781419777882,,"Recorded Books, Inc.; Abrams Press",2025,"New York",eAudiobook;Book;eBook,"Book::Arcade: BIOGRAPHY Burke, M. - Checked Out,Book::Central New Books - 4th Floor: BIOGRAPHY Burke, M. - On Shelf,Book::Elk Grove: BIOGRAPHY Burke, M. - Checked Out"
https://catalog.saclibrary.org/GroupedWork/6660515b-9ac3-7614-6c1c-a180cefdbd00-eng,"We will be jaguars: a memoir of my people","Nenquimo, Nemonte, 1985-",9781419763779,,"Recorded Books, Inc.; Abrams Press",2024,"New York",eAudiobook;eBook;Book,"Book::Central: BIOGRAPHY Nenquimo, N. 2024 - Checked Out,Book::Colonial Heights: BIOGRAPHY Nenquimo, N. 2024 - Checked Out,Book::Pocket-Greenhaven: BIOGRAPHY Nenquimo, N. 2024 - Checked Out"
https://catalog.saclibrary.org/GroupedWork/517c3179-275b-35be-50c0-8215ae8683ec-eng,"Martin Luther: the man who rediscovered God and changed the world","Metaxas, Eric",9781101980019,,"Viking; Penguin Publishing Group; Books on Tape",2017,"New York, New York",eAudiobook;eBook;Book,"Book::Arcade: BIOGRAPHY Luther, M. 2017 - On Shelf,Book::Carmichael: BIOGRAPHY Luther, M. 2017 - On Shelf,Book::Central: BIOGRAPHY Luther, M. 2017 - On Shelf"
https://catalog.saclibrary.org/GroupedWork/6cf8f9c6-0697-84e3-980b-0aebe50a562a-eng,"Maria Callas: an intimate biography","Edwards, Anne, 1927-",9780312269869,,"St. Martin's Publishing Group; St. Martin's","2001 - 2017","New York",eBook;Book,
https://catalog.saclibrary.org/GroupedWork/b394d501-8198-a338-f566-ec4231606c82-eng,"Matriarch: a memoir","Knowles, Tina, 1954-",9780593597408,,"One World; Random House Large Print; Random House Publishing Group; Books on Tape",2025,"New York, NY","eAudiobook;eBook;Large Print;Book","Book::Central: BIOGRAPHY Knowles, T. 2025 - On Hold Shelf,Book::Colonial Heights: BIOGRAPHY Knowles, T. 2025 - On Shelf,Book::Pocket-Greenhaven: BIOGRAPHY Knowles, T. 2025 - On Shelf"
https://catalog.saclibrary.org/GroupedWork/a82e3f1a-6db9-bfa4-7f8e-8c04201f4cf6-eng,"The rulebreaker: the life and times of Barbara Walters","Page, Susan, 1951-",9781982197926,,"Simon & Schuster Audio; Simon & Schuster",2024,"New York",eAudiobook;eBook;Book,"Book::Carmichael: BIOGRAPHY Walters, B. 2024 - On Shelf,Book::Central: BIOGRAPHY Walters, B. 2024 - On Shelf,Book::McKinley: BIOGRAPHY Walters, B. 2024 - On Shelf"
https://catalog.saclibrary.org/GroupedWork/b039f971-987f-4232-c6cd-13c2e317fb47-eng,"Friends, lovers, and the big terrible thing: : a memoir","Perry, Matthew, 1969-2023",9781250866448,,"Thorndike Press, a part of Gale, a Cengage Company; Macmillan Audio; Flatiron Books",2022,"New York; [United States]; [Waterville, Maine]","eAudiobook;Audiobook - CD;Large Print;Book;eBook","Book::Arcade: BIOGRAPHY Perry, M. 2022 - On Shelf,Book::Carmichael: BIOGRAPHY Perry, M. 2022 - On Shelf,Book::Belle Cooledge: BIOGRAPHY Perry, M. 2022 - On Shelf"
https://catalog.saclibrary.org/GroupedWork/443995d9-fa30-3880-00ad-fc8dd9f9acda-eng,"The Grolier library of science biographies",,9780717276264,,"Grolier Educational",1996,"Danbury, Conn",Book,"Book::Arcade: 509.22 G875 1996 v.8 - On Shelf"
https://catalog.saclibrary.org/GroupedWork/ab3e8bd5-843f-6aa5-082f-cf34628aadd5-eng,"Tom Cruise: an unauthorized biography","Morton, Andrew, 1953-",9780312359867,,"St. Martin's Press; Macmillan Audio","2008 - 2024","New York",eBook;Book,
https://catalog.saclibrary.org/GroupedWork/2ddb7aee-cad1-76b9-bfb6-e491bff6affb-eng,"Source code: my beginnings","Gates, Bill, 1955-",9780593801581,,"Alfred A. Knopf; Knopf Doubleday Publishing Group; Random House Large Print; Books on Tape",2025,"New York","eAudiobook;eBook;Large Print;Book","Book::Central: BIOGRAPHY Gates, B. 2025 - On Shelf,Book::Colonial Heights: BIOGRAPHY Gates, B. 2025 - On Shelf,Book::Franklin: BIOGRAPHY Gates, B. 2025 - On Shelf"
https://catalog.saclibrary.org/GroupedWork/f624f668-21eb-4cae-638a-180329deea3e-eng,"Accidentally on purpose","Kish, Kristen, 1983-",9780316580915,,"Hachette Audio; Little, Brown and Company",2025,"New York",eAudiobook;Book;eBook,"Book::Central: BIOGRAPHY Kish, K. 2025 - In Transit,Book::McKinley: BIOGRAPHY Kish, K. 2025 - Checked Out,Book::Orangevale: BIOGRAPHY Kish, K. 2025 - On Shelf"
https://catalog.saclibrary.org/GroupedWork/06763b35-9eac-1b6c-438a-5aed9100d57f-eng,"Reagan: his life and legend","Boot, Max, 1968-",9780871409447,,"Liveright Publishing Corporation, an imprint of W. W. Norton & Company; Recorded Books, Inc.; Liveright",2024,"New York",eAudiobook;eBook;Book,"Book::Elk Grove: BIOGRAPHY Reagan, R. 2024 - Checked Out,Book::Isleton: BIOGRAPHY Reagan, R. 2024 - On Shelf,Book::North Natomas: BIOGRAPHY Reagan, R. 2024 - On Shelf"
https://catalog.saclibrary.org/GroupedWork/c67c0f5d-314f-aef4-c9c8-7fcf96478340-eng,"Don't stop believin'","Newton-John, Olivia",9781982122249,,"Simon & Schuster Audio; Gallery Books; Center Point Large Print","2018 - 2019","Thorndike, Maine; New York","eAudiobook;Large Print;Audiobook - CD;Book","Book::Arcade: BIOGRAPHY Newton-John, O. 2019 - On Shelf,Book::Carmichael: BIOGRAPHY Newton-John, O. 2019 - On Shelf,Book::Colonial Heights: BIOGRAPHY Newton-John, O. 2019 - On Shelf"
https://catalog.saclibrary.org/GroupedWork/256585c1-e0b2-5e18-905b-daa1052ec582-eng,"The love you save: a memoir","Taylor, Goldie",9781335449375,,"Harlequin Audio; HarlequinAudio; Hanover Square Press",2023,"Toronto, Ontario, Canada",eAudiobook;eBook;Book,"Book::Central: BIOGRAPHY Taylor, G. 2023 - On Shelf,Book::Elk Grove: BIOGRAPHY Taylor, G. 2023 - On Shelf,Book::Galt: BIOGRAPHY Taylor, G. 2023 - On Shelf"
https://catalog.saclibrary.org/GroupedWork/da4c20bc-9c4a-f6b9-2e01-d5e54f57fbd4-eng,"The beautiful ones",Prince,9780399589652,,"Spiegel & Grau; Random House Publishing Group; Books on Tape",2019,"New York",eAudiobook;Book;eBook,"Book::Arcade: BIOGRAPHY Prince 2019 - On Shelf,Book::Carmichael: BIOGRAPHY Prince 2019 - On Shelf,Book::Central: BIOGRAPHY Prince 2019 - On Shelf"
https://catalog.saclibrary.org/GroupedWork/12c2eea2-90e8-f06b-9375-37adc820fdf8-eng,"Amelia Earhart: a biography","Rich, Doris L",9780874748369,,"Smithsonian Institution Press",1989,Washington,Book,
https://catalog.saclibrary.org/GroupedWork/01c889f0-4c2e-2e1c-96d2-7de42e04d46a-eng,"The woman in me","Spears, Britney",9781668009048,,"Simon & Schuster Audio; Gallery Books",2023,"New York; New York, NY","eAudiobook;Audiobook - CD;eBook;Book","Book::Arcade: BIOGRAPHY Spears, B. 2023 - On Shelf,Book::Carmichael: BIOGRAPHY Spears, B. 2023 - Checked Out,Book::Central: BIOGRAPHY Spears, B. 2023 - On Shelf"
https://catalog.saclibrary.org/GroupedWork/bff4e7ac-7b97-d65c-2786-a7e38644dfb4-eng,"John Lewis: a life","Greenberg, David, 1968-",9781982142995,,"Simon & Schuster Audio; Simon & Schuster",2024,"New York",eAudiobook;Book;eBook,"Book::Carmichael: BIOGRAPHY Lewis, J. 2024 - On Shelf,Book::Central: BIOGRAPHY Lewis, J. 2024 - On Shelf,Book::Elk Grove: BIOGRAPHY Lewis, J. 2024 - On Shelf"
https://catalog.saclibrary.org/GroupedWork/499be63c-e21f-b087-973e-3d03bc77bbdf-eng,"What comes next and how to like it: a memoir","Thomas, Abigail",9781476785059,,"Thorndike Press; Scribner; Simon & Schuster Audio",2015,"Waterville, Maine; New York","eAudiobook;Large Print;Book;eBook","Book::Central: 813.54 T454 2015 - On Shelf,Book::Franklin: 813.54 T454 2015 - On Shelf,Book::McKinley: 813.54 T454 2015 - Checked Out"
https://catalog.saclibrary.org/GroupedWork/09a50fbd-4c01-33d1-f1dd-06bd317fbfdb-eng,"Baldwin: a love story","Boggs, Nicholas, 1973-",9780374178710,,"Farrar, Straus and Giroux; Macmillan Audio",2025,"New York",eAudiobook;Book;eBook,"Book::Carmichael: BIOGRAPHY Baldwin, J. 2025 - Checked Out,Book::Central New Books - 4th Floor: BIOGRAPHY Baldwin, J. 2025 - Checked Out,Book::South Natomas: BIOGRAPHY Baldwin, J. 2025 - On Shelf"
https://catalog.saclibrary.org/GroupedWork/99eae87b-82e5-f475-4c7c-1352f61a02a6-eng,"Cokie: a life well lived","Roberts, Steven V., 1943-",9780062851475,,"Harper, an imprint of HarperCollins Publishers; HarperCollins; HarperAudio",2021,"New York",eAudiobook;eBook;Book,"Book::Central: BIOGRAPHY Roberts, C. 2021 - On Shelf,Book::Belle Cooledge: BIOGRAPHY Roberts, C. 2021 - On Shelf,Book::Fair Oaks: BIOGRAPHY Roberts, C. 2021 - Checked Out"
https://catalog.saclibrary.org/GroupedWork/24f8f285-9ca6-223b-4745-7b036c0f4868-eng,"Kamala's way: an American life","Morain, Dan",9781982175764,,"Thorndike Press, a part of Gale, a Cengage Company; Simon & Schuster Audio; Simon & Schuster",2021,"New York; Waterville, ME","eAudiobook;Large Print;Book;eBook","Book::Carmichael: BIOGRAPHY Harris, K. 2021 - On Shelf,Book::Central: BIOGRAPHY Harris, K. 2021 - On Shelf,Book::Fair Oaks: BIOGRAPHY Harris, K. 2021 - On Shelf"
https://catalog.saclibrary.org/GroupedWork/8a781adf-f4aa-0219-7aee-a380786ac868-eng,"Tell me everything: a memoir","Kelly, Minka, 1980-",9781250852069,,"Henry Holt and Company; Henry Holt and Co.; Macmillan Audio",2023,"New York",eAudiobook;Book;eBook,"Book::Arcade: BIOGRAPHY Kelly, M. 2023 - On Shelf,Book::Carmichael: BIOGRAPHY Kelly, M. 2023 - On Shelf,Book::Central: BIOGRAPHY Kelly, M. 2023 - On Shelf"
https://catalog.saclibrary.org/GroupedWork/6ca44c95-b2dd-1cbf-fa32-891d1759d17b-eng,"The happiest man on Earth: the beautiful life of an Auschwitz survivor","Jaku, Eddie",9780063097698,,"HarperCollins; Harper, an imprint of HarperCollinsPublishers",2021,"New York, NY",eAudiobook;eBook;Book,"Book::Fair Oaks: BIOGRAPHY Jaku, E. 2021 - On Hold Shelf,Book::Folsom Reading Room: BIOGRAPHY Jaku, E. 2021 - On Shelf,Book::Sutter Branch: BIOGRAPHY JAKU - On Shelf"
https://catalog.saclibrary.org/GroupedWork/e00845e0-0b38-db27-d6db-2b88734c1047-eng,"Jackie: public, private, secret","Taraborrelli, J. Randy",9781250276216,,"St. Martin's Press; St. Martin's Publishing Group; Macmillan Audio",2023,"New York",eAudiobook;Book;eBook,"Book::Arcade: BIOGRAPHY Onassis, J. 2023 - On Shelf,Book::Central: BIOGRAPHY Onassis, J. 2023 - On Shelf,Book::Franklin: BIOGRAPHY Onassis, J. 2023 - On Shelf"
https://catalog.saclibrary.org/GroupedWork/f0b11dd3-bef3-266a-8c00-a876ee44b039-eng,"Earth to moon: a memoir","Zappa, Moon Unit",9780063113343,,"Dey St., an imprint of William Morrow; HarperCollins; HarperAudio",2024,"New York, NY",eAudiobook;eBook;Book,"Book::Central: BIOGRAPHY Zappa, M. 2024 - On Shelf,Book::Elk Grove: BIOGRAPHY Zappa, M. 2024 - On Shelf,Book::Southgate: BIOGRAPHY Zappa, M. 2024 - On Shelf"
https://catalog.saclibrary.org/GroupedWork/731b938c-1ede-a5eb-9295-db64dba16b69-eng,"The third Gilmore girl","Bishop, Kelly",9781668023778,,"Simon & Schuster Audio; Gallery Books",2024,"New York",eAudiobook;eBook;Book,"Book::Carmichael: BIOGRAPHY Bishop, K. 2024 - On Shelf,Book::Central: BIOGRAPHY Bishop, K. 2024 - On Shelf,Book::Belle Cooledge: BIOGRAPHY Bishop, K. 2024 - On Shelf"
https://catalog.saclibrary.org/GroupedWork/8d521d33-859d-66da-7568-07f7b4a7d3f5-eng,"Boys in the trees: a memoir","Simon, Carly",9781250095893,,"Macmillan Audio; Flatiron Books",2015,"New York","eAudiobook;Audiobook - CD;Book;eBook","Book::Central: BIOGRAPHY Simon, C. 2015 - On Shelf,Book::North Natomas: BIOGRAPHY Simon, C. 2015 - On Shelf,Book::Pocket-Greenhaven: BIOGRAPHY Simon, C. 2015 - On Shelf"
https://catalog.saclibrary.org/GroupedWork/d9fc2323-cd43-4953-10fd-5e026441bec6-eng,"Just add water: my swimming life","Ledecky, Katie, 1997-",9781668060209,,"Simon & Schuster Audio; Simon & Schuster",2024,"New York",eAudiobook;eBook;Book,"Book::Carmichael: BIOGRAPHY Ledecky, K. 2024 - On Shelf,Book::Central: BIOGRAPHY Ledecky, K. 2024 - On Shelf,Book::Elk Grove: BIOGRAPHY Ledecky, K. 2024 - On Shelf"
https://catalog.saclibrary.org/GroupedWork/7a91a8b6-2609-faec-4a26-ef86ed5f7b49-eng,"Rickey: the life and legend of an American original","Bryant, Howard, 1968-",9780358047315,,"Mariner Books, an imprint of Houghton Mifflin Harcourt; HarperCollins; HarperAudio",2022,Boston,eAudiobook;eBook;Book,"Book::Carmichael: BIOGRAPHY Henderson, R. 2022 - On Shelf,Book::Central: BIOGRAPHY Henderson, R. 2022 - Checked Out,Book::Galt: BIOGRAPHY Henderson, R. 2022 - On Shelf"
https://catalog.saclibrary.org/GroupedWork/00e652e2-da2f-5858-1563-8fe6f4e49808-eng,"Connie: a memoir","Chung, Connie, 1946-",9781538766989,,"GCP; Hachette Audio; Grand Central Publishing",2024,"New York",eAudiobook;Book;eBook,"Book::Arcade: BIOGRAPHY Chung, C. 2024 - On Shelf,Book::Carmichael: BIOGRAPHY Chung, C. 2024 - Checked Out,Book::Central: BIOGRAPHY Chung, C. 2024 - On Shelf"
https://catalog.saclibrary.org/GroupedWork/8474ddde-9317-c7d5-6f28-f1767a7c18eb-eng,"Chita: a memoir","Rivera, Chita",9780063226791,,"HarperOne, an imprint of HarperCollins Publishers; HarperCollins; HarperAudio",2023,"New York, NY",eAudiobook;eBook;Book,"Book::Carmichael: BIOGRAPHY Rivera, C. 2023 - On Shelf,Book::Central: BIOGRAPHY Rivera, C. 2023 - On Shelf,Book::Belle Cooledge: BIOGRAPHY Rivera, C. 2023 - On Shelf"
https://catalog.saclibrary.org/GroupedWork/35bd006a-a1d1-dfa7-f65b-04f34a24858a-eng,"C.S. Lewis: a biography","Wilson, A. N., 1950-",9780393028133,,"Norton; HarperCollins Publishers","1990 - 2013","New York",eBook;Book,
https://catalog.saclibrary.org/GroupedWork/b0e75086-6701-d8cb-6356-8e6fd873a90b-eng,"The secrets of my life","Jenner, Caitlyn, 1949-",9781455596751,,"Hachette Audio; Grand Central Publishing",2017,"New York",eAudiobook;eBook;Book,"Book::Arcade: BIOGRAPHY Jenner, C. 2017 - On Shelf,Book::Central: BIOGRAPHY Jenner, C. 2017 - On Shelf,Book::Belle Cooledge: BIOGRAPHY Jenner, C. 2017 - On Shelf"
https://catalog.saclibrary.org/GroupedWork/bded1ee3-83fa-79f0-6c90-cb2126518f87-eng,"Going there","Couric, Katie, 1957-",9780316535861,,"Hachette Audio; Little, Brown and Company",2021,"New York; New York, NY","eAudiobook;Audiobook - CD;Large Print;Book;eBook","Book::Fair Oaks: BIOGRAPHY Couric, K. 2021 - On Shelf,Book::McClatchy: BIOGRAPHY Couric, K. 2021 - On Shelf,Book::McKinley: BIOGRAPHY Couric, K. 2021 - On Shelf"
https://catalog.saclibrary.org/GroupedWork/daf0d360-bde4-c6b0-5c07-73788ad71fdb-eng,"Virginia vital records: from the Virginia magazine of history and biography, the William and Mary College quarterly and Tyler's quarterly",,9780806309842,,"Genealogical Pub. Co",1982,Baltimore,Book,"Book::Central Genealogy - 2nd Floor: GENEALOGY 929.3755 V8178 1982 - Library Use Only"
https://catalog.saclibrary.org/GroupedWork/726fb2b1-f1c5-0897-92b8-f2eb878dab28-eng,"Virginia will records: from the Virginia magazine of history and biography, the William and Mary College quarterly, and Tyler's quarterly",,9780806309934,,"Genealogical Pub. Co",1982,Baltimore,Book,"Book::Central Genealogy - 2nd Floor: GENEALOGY 929.3755 V817 1982 - Library Use Only"
https://catalog.saclibrary.org/GroupedWork/1b0f3d2d-c6dd-d690-c984-a65c1e768d52-eng,"Raising Trump","Trump, Ivana",9781501177286,,"Simon & Schuster Audio; Gallery Books, an imprint of Simon & Schuster, Inc",2017,"New York",eAudiobook;Book,"Book::Arcade: BIOGRAPHY Trump, I. 2017 - On Shelf,Book::Carmichael: BIOGRAPHY Trump, I. 2017 - On Shelf,Book::Central: BIOGRAPHY Trump, I. 2017 - On Shelf"
https://catalog.saclibrary.org/GroupedWork/25060913-22eb-83aa-f3af-a3c8ac9931fc-eng,"Last rites","Osbourne, Ozzy, 1948-2025",9781538775417,,"Hachette Audio; Grand Central Publishing",2025,"New York, NY",eAudiobook;Book;eBook,"Book::Arden-Dimick: BIOGRAPHY Osbourne, O. 2025 - Checked Out,Book::Central: BIOGRAPHY Osbourne, O. 2025 - On Shelf,Book::Colonial Heights: BIOGRAPHY Osbourne, O. 2025 - On Shelf"
https://catalog.saclibrary.org/GroupedWork/be2dd713-3f8a-ebdb-570c-fbbf05e71208-eng,"Devout: losing my faith to find myself","Archuleta, David, 1990-",9781668222485,,"Simon & Schuster Audio; Gallery Books",2026,"New York",eAudiobook;Book;eBook,"Book::Central New Books - 4th Floor: BIOGRAPHY Archuleta, D. 2026 - Checked Out,Book::Fair Oaks: BIOGRAPHY Archuleta, D. 2026 - Checked Out,Book::South Natomas: BIOGRAPHY Archuleta, D. 2026 - On Shelf"
https://catalog.saclibrary.org/GroupedWork/75f01e68-3565-f3cc-e749-fdc4be920f04-eng,"The last folk hero: the life and myth of Bo Jackson","Pearlman, Jeff",9780358437673,,"HarperCollins; HarperAudio; Mariner Books",2022,"New York",eAudiobook;eBook;Book,"Book::Central: BIOGRAPHY Jackson, B. 2022 - On Shelf,Book::Belle Cooledge: BIOGRAPHY Jackson, B. 2022 - Checked Out,Book::South Natomas: BIOGRAPHY Jackson, B. 2022 - On Shelf"
https://catalog.saclibrary.org/GroupedWork/905d2511-7beb-e7f8-5cca-b721f48a2f18-eng,"Path lit by lightning: the life of Jim Thorpe","Maraniss, David",9781476748412,,"Simon & Schuster",2022,"New York",eBook;Book,"Book::Arcade: BIOGRAPHY Thorpe, J. 2022 - On Shelf,Book::Central: BIOGRAPHY Thorpe, J. 2022 - On Shelf,Book::Franklin: BIOGRAPHY Thorpe, J. 2022 - On Shelf"
https://catalog.saclibrary.org/GroupedWork/ec5eaf70-a92b-4ca5-177c-43da59cf75fc-eng,"Positive obsession: the life and times of Octavia E. Butler","Morris, Susana M., 1980-",9780063212077,,"Amistad, an imprint of HarperCollins Publishers; HarperCollins",2025,"New York, NY",eAudiobook;Book;eBook,"Book::Central: BIOGRAPHY Butler, O. 2025 - On Shelf,Book::Colonial Heights: BIOGRAPHY Butler, O. 2025 - On Shelf,Book::Fair Oaks: BIOGRAPHY Butler, O. 2025 - Checked Out"
https://catalog.saclibrary.org/GroupedWork/26f8fdc4-e851-0ab3-3329-1ce825f3f7f9-eng,"You never know: a memoir","Selleck, Tom, 1945-",9780062945761,,"Dey St., an imprint of William Morrow; HarperCollins; HarperCollins Publishers",2024,"[United States]; New York (State); New York, NY","eAudiobook;Audiobook - CD;eBook;Large Print;Book","Book::Carmichael: BIOGRAPHY Selleck, T. 2024 - On Shelf,Book::Central: BIOGRAPHY Selleck, T. 2024 - On Shelf,Book::Belle Cooledge: BIOGRAPHY Selleck, T. 2024 - On Shelf"
https://catalog.saclibrary.org/GroupedWork/e30803d2-4b93-c459-d70d-3a776e2e3438-eng,"Unfaithful music & disappearing ink","Costello, Elvis",9780399167256,,"Blue Rider Press; Penguin Publishing Group; Books on Tape",2015,"New York",eAudiobook;Book;eBook,"Book::Arcade: BIOGRAPHY Costello, E. 2015 - On Shelf,Book::Central: BIOGRAPHY Costello, E. 2015 - On Shelf,Book::Fair Oaks: BIOGRAPHY Costello, E. 2015 - On Shelf"
https://catalog.saclibrary.org/GroupedWork/71744325-f86c-ab8f-8bf5-8062482ab889-eng,"Out of the corner: a memoir","Grey, Jennifer, 1960-",9780593356708,,"Ballantine Books; Random House Publishing Group; Books on Tape",2022,"New York",eAudiobook;Book;eBook,"Book::Belle Cooledge: BIOGRAPHY Grey, J. 2022 - On Shelf,Book::Fair Oaks: BIOGRAPHY Grey, J. 2022 - Checked Out,Book::Galt: BIOGRAPHY Grey, J. 2022 - On Shelf"
https://catalog.saclibrary.org/GroupedWork/bca1a8d3-da20-f1be-ebc2-2e176e527b38-eng,"His name is George Floyd: one man's life and the struggle for racial justice","Samuels, Robert, 1984-",9780593490617,,"Viking; Books on Tape; Penguin Publishing Group; Random House Large Print, an imprint of Penguin Random House",2022,"[New York]","eAudiobook;Large Print;Book;eBook","Book::Arcade: BIOGRAPHY Floyd, G. 2022 - On Shelf,Book::Carmichael: BIOGRAPHY Floyd, G. 2022 - On Shelf,Book::Central: BIOGRAPHY Floyd, G. 2022 - On Shelf"
https://catalog.saclibrary.org/GroupedWork/d1c60676-b87e-62a4-4917-b3bd50c39f7c-eng,"Georgette Heyer","Kloester, Jennifer",9781402271755,,"Sourcebooks Inc; Sourcebooks",2013,"Naperville, Ill",eBook;Book,"Book::Galt: BIOGRAPHY Heyer, G. 2013 - On Shelf"
https://catalog.saclibrary.org/GroupedWork/a7f5fda6-58f5-41f0-94b4-a3586a08bffe-eng,"Garbo: a biography","Paris, Barry",9780816641826,,"University of Minnesota Press",2002,Minneapolis,Book,"Book::Central: BIOGRAPHY Garbo, G. 2002 - OFF CAMPUS"
https://catalog.saclibrary.org/GroupedWork/a302cd7d-5fb2-cefd-1827-1bc2acba4bcb-eng,"The answer is: reflections on my life","Trebek, Alex, 1940-",9781982157999,,"Simon & Schuster Audio; Simon & Schuster",2020,"New York","eAudiobook;Audiobook - CD;Book;eBook","Book::Arcade: BIOGRAPHY Trebek, A. 2020 - On Shelf,Book::Central: BIOGRAPHY Trebek, A. 2020 - On Shelf,Book::Belle Cooledge: BIOGRAPHY Trebek, A. 2020 - On Shelf"
https://catalog.saclibrary.org/GroupedWork/44c798cd-1468-e576-1e82-8f710771a4d7-eng,"Naturally Tan","France, Tan",9781250208668,,"St. Martin's Press; St. Martin's Publishing Group; Macmillan Audio",2019,"New York","eAudiobook;Audiobook - CD;Book;eBook","Book::Central: BIOGRAPHY France, T. 2019 - On Shelf,Book::South Natomas: BIOGRAPHY France, T. 2019 - On Shelf,Book::North Natomas: BIOGRAPHY France, T. 2019 - On Shelf"
https://catalog.saclibrary.org/GroupedWork/13b988e6-ef19-273d-5be0-5ca63934f349-eng,"The Friday afternoon club: a family memoir","Dunne, Griffin",9780593652824,,"Books on Tape; Penguin Publishing Group; Penguin Press",2024,"New York",eAudiobook;eBook;Book,"Book::Arcade: BIOGRAPHY Dunne, G. 2024 - On Shelf,Book::Carmichael: BIOGRAPHY Dunne, G. 2024 - On Shelf,Book::Central: BIOGRAPHY Dunne, G. 2024 - On Shelf"
https://catalog.saclibrary.org/GroupedWork/542aed63-354f-2388-504b-f3839acf4c74-eng,"Slowhand: the life and music of Eric Clapton","Norman, Philip, 1943-",9780316560436,,"Hachette Audio; Little, Brown and Company",2018,"New York; [United States]","Audiobook - CD;eBook;Large Print;eAudiobook;Book","Book::Carmichael: BIOGRAPHY Clapton, E. 2018 - On Shelf,Book::Central: BIOGRAPHY Clapton, E. 2018 - On Shelf,Book::Isleton Children's Area: BIOGRAPHY Clapton, E. 2018 - On Shelf"
https://catalog.saclibrary.org/GroupedWork/184c9b7c-bb39-7862-d077-4938ba14022b-eng,"Notorious RBG: the life and times of Ruth Bader Ginsburg","Carmon, Irin",9780062415837,,"HarperCollins; Dey St., an imprint of William Morrow Publishers; HarperAudio; Blackstone","2015 - 2017","[Ashland, Oregon]; New York, NY","eAudiobook;Audiobook - CD;eBook;Book","Book::Carmichael: BIOGRAPHY Ginsburg, R. 2015 - On Shelf,Book::Central: BIOGRAPHY Ginsburg, R. 2015 - On Shelf,Book::Franklin: BIOGRAPHY Ginsburg, R. 2015 - On Shelf"
https://catalog.saclibrary.org/GroupedWork/a39f0a93-ba36-bbd7-4029-0474d95e072c-eng,"JFK: public, private, secret","Taraborrelli, J. Randy",9781250346384,,"St. Martin's Press; St. Martin's Publishing Group; Macmillan Audio",2025,"New York",eAudiobook;Book;eBook,"Book::Central: BIOGRAPHY Kennedy, J. 2025 - On Shelf,Book::Colonial Heights: BIOGRAPHY Kennedy, J. 2025 - On Shelf,Book::Elk Grove: BIOGRAPHY Kennedy, J. 2025 - On Shelf"
https://catalog.saclibrary.org/GroupedWork/cb453e3a-e2d1-b7f0-9af7-7dba8c2c9731-eng,"Ruth Bader Ginsburg: a life","De Hart, Jane Sherron",9781400040483,,"Alfred A. Knopf; Books on Tape",2018,"New York",eAudiobook;Book,"Book::Arcade: BIOGRAPHY Ginsburg, R. 2018 - On Shelf,Book::Central: BIOGRAPHY Ginsburg, R. 2018 - On Shelf,Book::Colonial Heights: BIOGRAPHY Ginsburg, R. 2018 - On Shelf"
https://catalog.saclibrary.org/GroupedWork/21674271-3eec-41b1-70cf-dae2d5f98c7d-eng,"The Gorilla Man and the Empress of Steak: a New Orleans family memoir","Fertel, Randy",9781617030826,,"University Press of Mississippi",2011,Jackson,Book,"Book::Arcade: BIOGRAPHY Fertel 2011 - On Shelf"
https://catalog.saclibrary.org/GroupedWork/20f3e5e3-7325-56e1-a39a-58b433b539e7-eng,"Life's too short: a memoir","Rucker, Darius",9780063238749,,"HarperCollins; Dey St; HarperAudio",2024,"New York",eAudiobook;eBook;Book,"Book::Central: BIOGRAPHY Rucker, D. 2024 - On Shelf,Book::Del Paso Heights: BIOGRAPHY Rucker, D. 2024 - On Shelf,Book::Elk Grove: BIOGRAPHY Rucker, D. 2024 - On Shelf"
https://catalog.saclibrary.org/GroupedWork/5c919df4-e6b0-e8d7-343b-bdee36a44036-eng,"His truth is marching on: John Lewis and the power of hope","Meacham, Jon",9781984855022,,"Random House; Random House Publishing Group; Books on Tape",2020,"New York",eAudiobook;Book;eBook,"Book::Central: BIOGRAPHY Lewis, J. 2020 - On Shelf,Book::Fair Oaks: BIOGRAPHY Lewis, J. 2020 - On Shelf,Book::McKinley: BIOGRAPHY Lewis, J. 2020 - On Shelf"
https://catalog.saclibrary.org/GroupedWork/3ad8d20c-e58d-c1b0-3ac4-fd0ef164a119-eng,"The last man who knew everything: the life and times of Enrico Fermi, father of the nuclear age","Schwartz, David N., 1956-",9780465072927,,"Basic Books; Hachette Audio",2017,"New York",eAudiobook;eBook;Book,"Book::Carmichael: BIOGRAPHY Fermi, E. 2017 - On Shelf,Book::Central: BIOGRAPHY Fermi, E. 2017 - On Shelf,Book::Elk Grove: BIOGRAPHY Fermi, E. 2017 - On Shelf"
https://catalog.saclibrary.org/GroupedWork/91f8e424-6c58-3443-d1cd-3c57aa7cbcde-eng,"Settle for more","Kelly, Megyn",9780062494603,,"HarperLuxe, an imprint of HarperCollinsPublishers; HarperCollins; HarperAudio; Harper, an imprint of HarperCollinsPublishers; Harper Audio; Harper",2016,"[New York]; New York, NY","eAudiobook;Audiobook - CD;eBook;Large Print;Book","Book::Central: BIOGRAPHY Kelly, M. 2016 - On Shelf,Book::Fair Oaks: BIOGRAPHY Kelly, M. 2016 - On Shelf,Book::Franklin: BIOGRAPHY Kelly, M. 2016 - On Shelf"
https://catalog.saclibrary.org/GroupedWork/e34c9623-cf45-d9bb-3511-461cacd7c9b3-eng,"Dark renaissance: the dangerous times and fatal genius of Shakespeare's greatest rival","Greenblatt, Stephen",9780393882278,,"Recorded Books, Inc.; W. W. Norton & Company; W.W. Norton & Company",2025,"New York, NY",eAudiobook;Book;eBook,"Book::Arcade: BIOGRAPHY Marlowe, C. 2025 - On Shelf,Book::Carmichael: BIOGRAPHY Marlowe, C. 2025 - On Shelf,Book::Central: BIOGRAPHY Marlowe, C. 2025 - On Shelf"
https://catalog.saclibrary.org/GroupedWork/d9bff9f6-a46f-3c63-c884-e728f22f9051-eng,"Respect: the life of Aretha Franklin","Ritz, David",9780316196833,,"Hachette Audio; Little, Brown and Company; Back Bay Books / Little, Brown and Company","2014 - 2015","New York",eAudiobook;Book;eBook,"Book::Central: BIOGRAPHY Franklin, A. 2015 - On Shelf,Book::South Natomas: BIOGRAPHY Franklin, A. 2014 - On Shelf"
https://catalog.saclibrary.org/GroupedWork/7986ec84-d876-3070-96b8-d979af889abc-eng,"William Shakespeare: a biography","Rowse, A. L. (Alfred Leslie), 1903-1997",,,"Harper & Row",1963,"New York",Book,
https://catalog.saclibrary.org/GroupedWork/86970225-7fbb-48fe-853b-b580526172c1-eng,"Entrances and exits","Richards, Michael, 1949-",9781637589137,,"Recorded Books, Inc.; Permuted Press",2024,"New York",eAudiobook;eBook;Book,"Book::Central: BIOGRAPHY Richards, M. 2024 - On Shelf,Book::Elk Grove: BIOGRAPHY Richards, M. 2024 - On Shelf,Book::South Natomas: BIOGRAPHY Richards, M. 2024 - On Shelf"
https://catalog.saclibrary.org/GroupedWork/ec909464-e3f6-57d5-23de-5baa925b3651-eng,"Sister, sinner: the miraculous life and mysterious disappearance of Aimee Semple McPherson","Hoffman, Claire (Journalist)",9780374601713,,"Farrar, Straus and Giroux",2025,"New York, NY",eBook;Book,"Book::Central: BIOGRAPHY McPherson, A. 2025 - On Shelf,Book::Colonial Heights: BIOGRAPHY McPherson, A. 2025 - On Shelf,Book::Fair Oaks: BIOGRAPHY McPherson, A. 2025 - On Shelf"
https://catalog.saclibrary.org/GroupedWork/f75049b5-0b69-5529-7ebe-bc0b300e24b0-eng,Worthy,"Smith, Jada Pinkett, 1971-",9780063320680,,"Dey St., an imprint of William Morrow; HarperCollins; HarperAudio",2023,"New York, NY",eAudiobook;eBook;Book,"Book::Central: BIOGRAPHY Smith, J. 2023 - On Shelf,Book::Fair Oaks: BIOGRAPHY Smith, J. 2023 - On Shelf,Book::Franklin: BIOGRAPHY Smith, J. 2023 - On Shelf"
https://catalog.saclibrary.org/GroupedWork/fa876049-330b-9bcc-ee43-b3491c8f3cc7-eng,"James Patterson by James Patterson: the stories of my life","Patterson, James, 1947-",9780316397537,,"Hachette Audio; Little, Brown and Company",2022,"New York; New York, NY","eAudiobook;Audiobook - CD;eBook;Large Print;Book","Book::Arcade: BIOGRAPHY Patterson, J. 2022 - On Shelf,Book::Carmichael: BIOGRAPHY Patterson, J. 2022 - On Shelf,Book::Central: BIOGRAPHY Patterson, J. 2022 - On Shelf"
https://catalog.saclibrary.org/GroupedWork/7ca98718-3f42-7f68-89b1-fbec8d28a60d-eng,"Nobody's girl: a memoir of surviving abuse and fighting for justice","Giuffre, Virginia Roberts, 1983-2025",9780593493120,,"Alfred A. Knopf; Knopf Doubleday Publishing Group; Random House Large Print; Books on Tape",2025,"New York; New York, NY","eAudiobook;eBook;Large Print;Book","Book::Arcade: BIOGRAPHY Giuffre,V. 2025 - On Hold Shelf,Book::Carmichael: BIOGRAPHY Giuffre,V. 2025 - Checked Out,Book::Central New Books - 4th Floor: BIOGRAPHY Giuffre,V. 2025 - Checked Out"
https://catalog.saclibrary.org/GroupedWork/9c12d9c3-aaac-1ba8-6fbf-931d237ace67-eng,"Butterfly: from refugee to Olympian--my story of rescue, hope, and triumph","Mardini, Yusra",9781250848147,,"St. Martin's Press; St. Martin's Griffin; Macmillan Audio","2018 - 2022","New York",Book;eAudiobook,"Book::Carmichael: BIOGRAPHY Mardini, Y. 2022 - On Shelf,Book::Central: BIOGRAPHY Mardini, Y. 2022 - On Shelf,Book::Sylvan Oaks: BIOGRAPHY Mardini, Y. 2022 - On Shelf"
https://catalog.saclibrary.org/GroupedWork/b7c8bfab-5bec-702c-90d2-2c4bbdcd6d9f-eng,"Garlic, an edible biography: the history, politics, and mythology behind the world's most pungent food : with over 100 recipes","Cherry, Robin",9781611801606,,"Roost Books",2014,Boston,Book,"Book::Central: 641.6526 C522 2014 - On Shelf"
https://catalog.saclibrary.org/GroupedWork/3e1d35ea-5ae8-da12-232a-0cebcc26ccae-eng,"Troublemaker: the fierce, unruly life of Jessica Mitford","Kaplan, Carla",9780061578946,,"HarperCollins; Harper",2025,"New York, NY",eAudiobook;Book;eBook,"Book::Central New Books - 4th Floor: BIOGRAPHY Mitford, J. 2025 - On Shelf,Book::Colonial Heights: BIOGRAPHY Mitford, J. 2025 - On Shelf,Book::Fair Oaks: BIOGRAPHY Mitford, J. 2025 - Checked Out"
https://catalog.saclibrary.org/GroupedWork/7535a5d9-d292-1dd7-df80-e5c84116e98d-eng,"Home work: a memoir of my Hollywood years","Andrews, Julie",9780316349253,,"Hachette Books; Hachette Audio; Grand Central Publishing",2019,"New York; New York, NY","eAudiobook;Large Print;Book;eBook","Book::Carmichael: BIOGRAPHY Andrews, J. 2019 - On Shelf,Book::Central: BIOGRAPHY Andrews, J. 2019 - On Shelf,Book::Belle Cooledge: BIOGRAPHY Andrews, J. 2019 - On Shelf"
https://catalog.saclibrary.org/GroupedWork/72b1a6f1-480e-4f53-022b-420a5bf1f458-eng,"Eleanor Roosevelt: a personal and public life","Youngs, J. William T. (John William Theodore), 1941-",9780316977135,,"Little, Brown",1985,Boston,Book,"Book::Central: BIOGRAPHY Roosevelt, E. 1985 - On Shelf"
https://catalog.saclibrary.org/GroupedWork/99fb6b30-3259-4ad3-8079-05e2fd5fe667-eng,"Fireproof: memoir of a chef","Duffy, Curtis",9781639511358,,"Dead Sky Publishing",2025,"New York",eBook;Book,"Book::Central New Books - 4th Floor: BIOGRAPHY Duffy, C. 2025 - On Shelf,Book::Central New Books - 4th Floor: ON ORDER - On Order,Book::Elk Grove: BIOGRAPHY Duffy, C. 2025 - On Shelf"
https://catalog.saclibrary.org/GroupedWork/4435cf61-9b38-796b-71b5-d0cd881ae2ee-eng,"High society: the life of Grace Kelly","Spoto, Donald, 1941-",9780307395627,,"Tantor Media, Inc.; Thorndike; Harmony Books","2009 - 2010","New York; Waterville, Me","Large Print;Book;eAudiobook",
https://catalog.saclibrary.org/GroupedWork/63a84ed3-cf85-835f-995a-a6136babf770-eng,"Nowhere girl: a memoir of a fugitive childhood","Diamond, Cheryl",9781616208202,,"Algonquin Books of Chapel Hill; Hachette Audio; Little, Brown and Company",2021,"Chapel Hill, North Carolina",eAudiobook;eBook;Book,"Book::Carmichael: BIOGRAPHY Diamond, C. 2021 - On Shelf,Book::Colonial Heights: BIOGRAPHY Diamond, C. 2021 - On Shelf,Book::Fair Oaks: BIOGRAPHY Diamond, C. 2021 - On Shelf"
https://catalog.saclibrary.org/GroupedWork/403f1d19-a2c2-e0da-34d5-d41c26ee4c87-eng,"Franco: a concise biography","Hodges, Gabrielle Ashford",9780312282851,,"St. Martin's Publishing Group; Thomas Dunne Books","2002 - 2013","New York",eBook;Book,
https://catalog.saclibrary.org/GroupedWork/298da96e-7b33-38ac-a8d3-2768b7571c97-eng,"The measure of a man: a spiritual autobiography","Poitier, Sidney",9780062516077,,"HarperSanFrancisco; HarperCollins; Harper Audio","2000 - 2009","New York; San Francisco, CA","eAudiobook;Audiobook - CD;eBook;Book","Book::Carmichael: BIOGRAPHY Poitier, S. 2000 - On Shelf,Book::Central: BIOGRAPHY Poitier, S. 2000 - On Shelf,Book::Fair Oaks: BIOGRAPHY Poitier, S. 2000 - On Shelf"
https://catalog.saclibrary.org/GroupedWork/d9d81fd8-81ca-0399-503d-ffead1c42914-eng,"My love story: a memoir","Turner, Tina",9781501198243,,"Simon & Schuster Audio; Atria Books",2018,"New York; [New York, NY]","eAudiobook;Audiobook - CD;Book;eBook","Book::Carmichael: BIOGRAPHY Turner, T. 2018 - On Shelf,Book::Central: BIOGRAPHY Turner, T. 2018 - Checked Out,Book::Franklin: BIOGRAPHY Turner, T. 2018 - On Shelf"
https://catalog.saclibrary.org/GroupedWork/22252ea8-1015-4198-533d-fb38809912f8-eng,"Dearie: the remarkable life of Julia Child","Spitz, Bob",9780307272225,,"Knopf Doubleday Publishing Group; Knopf; Books on Tape",2012,"New York",eAudiobook;eBook;Book,"Book::Carmichael: BIOGRAPHY Child, J. 2012 - On Shelf,Book::Central: BIOGRAPHY Child, J. 2012 - On Shelf,Book::Belle Cooledge: BIOGRAPHY Child, J. 2012 - On Shelf"
https://catalog.saclibrary.org/GroupedWork/de5ccd00-87e5-be8f-75b1-3cf505a24b89-eng,"George Harrison: the reluctant Beatle","Norman, Philip, 1943-",9781982195861,,"Simon & Schuster Audio; Scribner",2023,"New York",eAudiobook;Book;eBook,"Book::Central: BIOGRAPHY Harrison, G. 2023 - On Shelf,Book::Belle Cooledge: BIOGRAPHY Harrison, G. 2023 - On Shelf,Book::Elk Grove: BIOGRAPHY Harrison, G. 2023 - On Shelf"
https://catalog.saclibrary.org/GroupedWork/51122b1c-0c15-e107-9fbd-8fcf45556dc6-eng,"The autobiography of Benjamin Franklin","Franklin, Benjamin, 1706-1790",9781666585490,,"Project Gutenberg; J.M. Dent & Sons; E.P. Dutton & Co; Dreamscape Media; joaolmaximo; W.J. Black; Open Road Media; Printed for the members of the Limited Editions Club by John Henry Nash; J.B. Lippincott and Company","1868 - 2017","San Francisco; New York; Roslyn, N.Y; London; Philadelphia",eBook;Book;eAudiobook,"Book::Sacramento Room: SPE f 090 N251 1931f BAC - Library Use Only"
https://catalog.saclibrary.org/GroupedWork/2f413045-50d2-fc2f-e45e-2ea8896ebed4-eng,"Believe me: a memoir of love, death, and jazz chickens","Izzard, Eddie",9780399175831,,"Blue Rider Press; Penguin Audio; Books on Tape; Penguin Publishing Group",2017,"New York","eAudiobook;Audiobook - CD;Book;eBook","Book::Arcade: BIOGRAPHY Izzard, E. 2017 - On Shelf,Book::Central: BIOGRAPHY Izzard, E. 2017 - On Shelf,Book::Fair Oaks: BIOGRAPHY Izzard, E. 2017 - On Shelf"
https://catalog.saclibrary.org/GroupedWork/81539a90-ce26-54ae-2dac-76097ee922dd-eng,"The life of Charlotte Brontë","Gaskell, Elizabeth Cleghorn, 1810-1865",9780199554768,,"[s.n.]; Oxford University Press; Harper and Brothers; Penguin Books; Open Road Media; Smith, Elder and Company","1858 - 2020","New York; [s.l.]; London; Oxford",eBook;Book,"Book::Central: BIOGRAPHY Bronte, C. 2009 - On Shelf,Book::South Natomas: BIOGRAPHY Bronte, C. 2009 - On Shelf,Book::Central: BIOGRAPHY Bronte, C. 1997 - On Shelf"
https://catalog.saclibrary.org/GroupedWork/dc9dd5fc-6de5-0c30-f931-c3fb21655898-eng,"Natasha: the biography of Natalie Wood","Finstad, Suzanne, 1955-",9780609603598,,"Harmony Books",2001,"New York",Book,"Book::Central: BIOGRAPHY Wood, N. 2001 - OFF CAMPUS"
https://catalog.saclibrary.org/GroupedWork/af13c419-0f70-eb80-cdcb-1623543ddd2f-eng,"Lady Romeo: the radical and revolutionary life of Charlotte Cushman, America's first celebrity","Wojczuk, Tana",9781501199523,,"Simon & Schuster Audio; Avid Reader Press",2020,"New York",eAudiobook;Book,"Book::Carmichael: BIOGRAPHY Cushman, C. 2020 - On Shelf,Book::Central: BIOGRAPHY Cushman, C. 2020 - On Shelf,Book::Colonial Heights: BIOGRAPHY Cushman, C. 2020 - On Shelf"
https://catalog.saclibrary.org/GroupedWork/127175e8-b859-597f-5f1a-cc6975ee2016-eng,"Reagan: an American journey","Spitz, Bob",9781594205316,,"Penguin Audio; Books on Tape; Penguin Press",2018,"New York; New York, NY","eAudiobook;Audiobook - CD;Book","Book::Central: BIOGRAPHY Reagan, R. 2018 - On Shelf,Book::Fair Oaks: BIOGRAPHY Reagan, R. 2018 - On Shelf,Book::South Natomas: BIOGRAPHY Reagan, R. 2018 - On Shelf"
https://catalog.saclibrary.org/GroupedWork/1a60b2a6-c245-db57-3163-3ebee1c4c63a-eng,"The odyssey of Phillis Wheatley: a poet's journeys through American slavery and independence","Waldstreicher, David",9780809098248,,"Recorded Books, Inc.; Farrar, Straus and Giroux",2023,"New York",eAudiobook;Book;eBook,"Book::Central: BIOGRAPHY Wheatley, P. 2023 - On Shelf,Book::McClatchy: BIOGRAPHY Wheatley, P. 2023 - On Shelf,Book::Rio Linda: BIOGRAPHY Wheatley, P. 2023 - On Shelf"
https://catalog.saclibrary.org/GroupedWork/f98ae877-d8b5-6384-3668-b00e19d4c9b0-eng,Unfettered,"Fetterman, John, 1969-",9780593799826,,"Crown; Crown Publishing Group; Books on Tape",2025,"New York",eAudiobook;Book;eBook,"Book::Colonial Heights: BIOGRAPHY Fetterman, J. 2025 - On Shelf,Book::Elk Grove: BIOGRAPHY Fetterman, J. 2025 - On Shelf,Book::Franklin: BIOGRAPHY Fetterman, J. 2025 - On Shelf"
https://catalog.saclibrary.org/GroupedWork/c9443a65-deb9-9739-8106-0122bb78c3c6-eng,"Daughter of daring: the trick-riding, train-leaping, road-racing life of Helen Gibson, Hollywood's first stuntwoman","O'Meara, Mallory",9781335007933,,"HarlequinAudio; Hanover Square Press",2025,Toronto,eAudiobook;Book;eBook,"Book::Central: BIOGRAPHY Gibson, H. 2025 - On Shelf,Book::Fair Oaks: BIOGRAPHY Gibson, H. 2025 - Checked Out,Book::Franklin: BIOGRAPHY Gibson, H. 2025 - On Shelf"
https://catalog.saclibrary.org/GroupedWork/a634f12e-e029-db2f-211a-78350a643a28-eng,"A curious man: the strange & brilliant life of Robert ""Believe it or not"" Ripley","Thompson, Neal",9780770436223,,"Crown Publishers; Crown; Books on Tape",2013,"New York; [Westminister, MD]","eAudiobook;Audiobook - CD;eBook;Book","Book::Arcade: BIOGRAPHY Ripley, R. 2013 - On Shelf,Book::Central: BIOGRAPHY Ripley, R. 2013 - On Shelf,Book::Elk Grove: BIOGRAPHY Ripley, R. 2013 - On Shelf"
https://catalog.saclibrary.org/GroupedWork/47275a60-5c11-c553-e14b-09140a77d234-eng,"The life and legends of Calamity Jane","Etulain, Richard W",9780806146324,,"University of Oklahoma Press",2014,"Norman, Oklahoma",Book,"Book::Central: BIOGRAPHY Calamity Jane 2014 - On Shelf"
https://catalog.saclibrary.org/GroupedWork/2e19f74f-fe94-33ef-5f39-62a1a01c1dff-eng,"Fahrenheit-182: a memoir","Hoppus, Mark",9780063318915,,"Dey St., an imprint of William Morrow; HarperCollins",2025,"New York, NY",eAudiobook;Book;eBook,"Book::Central: BIOGRAPHY Hoppus, M. 2025 - On Shelf,Book::Fair Oaks: BIOGRAPHY Hoppus, M. 2025 - Checked Out,Book::Southgate: BIOGRAPHY Hoppus, M. 2025 - On Shelf"
https://catalog.saclibrary.org/GroupedWork/24c5425b-ea61-b5bf-4821-d64827c2b412-eng,"Frederick Douglass: prophet of freedom","Blight, David W",9781416590316,,"Simon & Schuster Audio; Simon & Schuster",2018,"New York",eAudiobook;Book;eBook,"Book::Carmichael: BIOGRAPHY Douglass, F. 2018 - On Shelf,Book::Central: BIOGRAPHY Douglass, F. 2018 - In Transit,Book::Colonial Heights: BIOGRAPHY Douglass, F. 2018 - On Shelf"
https://catalog.saclibrary.org/GroupedWork/e69549d6-4bb1-1e61-00bc-a7102ff9265c-eng,"Everything I learned, I learned in a Chinese restaurant: a memoir","Chin, Curtis",9780316507653,,"Hachette Audio; Little, Brown and Company",2023,"New York",eAudiobook;Book;eBook,"Book::Central: BIOGRAPHY Chin, C. 2023 - On Shelf,Book::Elk Grove: BIOGRAPHY Chin, C. 2023 - On Shelf,Book::Fair Oaks: BIOGRAPHY Chin, C. 2023 - On Shelf"
https://catalog.saclibrary.org/GroupedWork/4f589ddb-77ed-a851-e534-d5b067eb59f3-eng,"Save me the plums: my gourmet memoir","Reichl, Ruth",9780812982381,,"Thorndike Press, a part of Gale, a Cengage Company; Random House; Random House Publishing Group; Books on Tape",2019,"New York; Farmington Hills, Mich","eAudiobook;Large Print;Book;eBook","Book::Arcade: 641.5092 R351s 2019 - On Shelf,Book::Carmichael: 641.5092 R351s 2019 - On Shelf,Book::Central: 641.5092 R351s 2019 - Checked Out"
https://catalog.saclibrary.org/GroupedWork/1e3d77e7-1404-93d8-1749-7656fa9bfd0e-eng,"Victoria: a life","Wilson, A. N., 1950-",9781594205996,,"Blackstone Publishing; Penguin Publishing Group; Penguin Press","2014 - 2015","New York, New York",eAudiobook;Book;eBook,"Book::Central: BIOGRAPHY Victoria 2014 - On Shelf,Book::Fair Oaks: BIOGRAPHY Victoria 2014 - On Shelf,Book::Pocket-Greenhaven: BIOGRAPHY Victoria 2014 - On Shelf"
https://catalog.saclibrary.org/GroupedWork/484b8757-e477-3daa-cead-99ce4b7539f6-eng,"Talking to my angels","Etheridge, Melissa",9780063257450,,"Harper Wave, an imprint of HarperCollinsPublishers; HarperCollins; HarperAudio",2023,"New York, NY",eAudiobook;eBook;Book,"Book::Arcade: BIOGRAPHY Etheridge, M. 2023 - On Shelf,Book::Carmichael: BIOGRAPHY Etheridge, M. 2023 - On Shelf,Book::Central: BIOGRAPHY Etheridge, M. 2023 - On Shelf"
https://catalog.saclibrary.org/GroupedWork/0d1ba989-169a-2666-785d-09ca6c87e2fd-eng,"Shirley Jackson: a rather haunted life","Franklin, Ruth",9780871403131,,"Blackstone Publishing; Liveright; Liveright Publishing Corporation","2016 - 2017","New York",eAudiobook;Book;eBook,"Book::Central: BIOGRAPHY Jackson, S. 2016 - On Shelf,Book::North Natomas: BIOGRAPHY Jackson, S. 2016 - On Shelf,Book::Folsom Reading Room: BIOGRAPHY Jackson, S. 2016 - On Shelf"
https://catalog.saclibrary.org/GroupedWork/b950718d-ebb7-1283-6b47-856fbd14ece4-eng,"Clint: the man and the movies","Levy, Shawn",9780063251021,,"HarperCollins; Mariner Books",2025,"New York",eAudiobook;Book;eBook,"Book::Arcade: BIOGRAPHY Eastwood, C. 2025 - On Shelf,Book::Carmichael: BIOGRAPHY Eastwood, C. 2025 - On Shelf,Book::Central: BIOGRAPHY Eastwood, C. 2025 - On Shelf"
https://catalog.saclibrary.org/GroupedWork/18c8f229-e97a-3556-6a82-60a04eb28108-eng,"Hawaii's story by Hawaii's queen","Liliuokalani, Queen of Hawaii, 1838-1917",9781513271903,,"Tantor Media, Inc.; Mint Editions","2018 - 2021","[Berkeley, California]",eBook;Book;eAudiobook,"Book::Central: BIOGRAPHY Liliuokalani 2021 - On Shelf"
https://catalog.saclibrary.org/GroupedWork/7250ee3f-1bc6-b0df-38fb-41ef58f0361b-eng,"Johnny Cash: the biography","Streissguth, Michael",9780306815652,,"Da Capo Press; Grand Central Publishing",2007,Philadelphia,eBook;Book,
https://catalog.saclibrary.org/GroupedWork/c25278fa-d48b-49d0-4f6f-10f5bda43204-eng,"Only God can judge me: the many lives of Tupac Shakur","Pearlman, Jeff",9780063304574,,"HarperCollins; Mariner Books",2025,"New York",eAudiobook;Book;eBook,"Book::Carmichael: BIOGRAPHY Shakur, T. 2025 - Checked Out,Book::Colonial Heights: BIOGRAPHY Shakur, T. 2025 - Checked Out,Book::Fair Oaks: BIOGRAPHY Shakur, T. 2025 - On Shelf"
https://catalog.saclibrary.org/GroupedWork/5d9c6329-861a-5cd7-4915-c14f1d7fb288-eng,"I know why the caged bird sings","Angelou, Maya",9780345514400,,"BBC Audio; Random House Trade Paperbacks; Random House Publishing Group; Books on Tape","2009 - 2018","New York","eAudiobook;Audiobook - CD;eBook;Book","Book::Arcade: BIOGRAPHY Angelou, M. 2009 - On Shelf,Book::Carmichael: BIOGRAPHY Angelou, M. 2009 - Checked Out,Book::Colonial Heights: BIOGRAPHY Angelou, M. 2009 - On Shelf"
https://catalog.saclibrary.org/GroupedWork/e80d339b-9c39-2e33-5827-f9615e9dedb2-eng,"Let love rule","Kravitz, Lenny",9781250113085,,"Henry Holt and Company; Macmillan Audio",2020,"New York",eAudiobook;Book,"Book::Central: BIOGRAPHY Kravitz,L. 2020 - On Shelf,Book::Fair Oaks: BIOGRAPHY Kravitz,L. 2020 - On Shelf,Book::Galt: BIOGRAPHY Kravitz,L. 2020 - On Shelf"
https://catalog.saclibrary.org/GroupedWork/44b62c2c-067f-8fae-28b8-b4519a81fc08-eng,"Drums & demons: the tragic journey of Jim Gordon","Selvin, Joel",9781635768992,,"Dreamscape Media; Diversion Books",2024,"[New York]",eBook;Book;eAudiobook,"Book::Central: BIOGRAPHY Gordon, J. 2024 - On Shelf,Book::Elk Grove: BIOGRAPHY Gordon, J. 2024 - On Shelf,Book::Fair Oaks: BIOGRAPHY Gordon, J. 2024 - Checked Out"
https://catalog.saclibrary.org/GroupedWork/59a60614-1a86-b31f-1212-b861d3ce8c4c-eng,"The mother of black Hollywood: a memoir","Lewis, Jenifer, 1957-",9780062410405,,"Amistad, an imprint of HarperCollinsPublishers; HarperCollins; HarperAudio",2017,"New York, NY",eAudiobook;eBook;Book,"Book::Arcade: BIOGRAPHY Lewis, J. 2017 - On Shelf,Book::Carmichael: BIOGRAPHY Lewis, J. 2017 - On Shelf,Book::Belle Cooledge: BIOGRAPHY Lewis, J. 2017 - On Shelf"
https://catalog.saclibrary.org/GroupedWork/6e1a0b3e-fbf5-0426-220b-1976858c9d11-eng,"This is what America looks like: my journey from refugee to Congresswoman","Omar, Ilhan, 1981-",9780062954213,,"Dey St., an imprint of William Morrow; HarperCollins; Dey Street Books; HarperAudio",2020,"New York, NY",eAudiobook;eBook;Book,"Book::Central: BIOGRAPHY Omar, I. 2020 - On Shelf,Book::Rancho Cordova: BIOGRAPHY Omar, I. 2020 - On Shelf,Book::Valley Hi-North Laguna: BIOGRAPHY Omar, I. 2020 - On Shelf"
https://catalog.saclibrary.org/GroupedWork/dfeee08f-18b2-35c1-5894-c9f91b7508bd-eng,"Sonny boy: a memoir","Pacino, Al, 1940-",9780593655115,,"Random House Large Print; Books on Tape; Penguin Publishing Group; Penguin Press",2024,"New York; [New York]","eAudiobook;Large Print;Book;eBook","Book::Carmichael: BIOGRAPHY Pacino, A. 2024 - On Shelf,Book::Central: BIOGRAPHY Pacino, A. 2024 - On Shelf,Book::Fair Oaks: BIOGRAPHY Pacino, A. 2024 - Checked Out"
https://catalog.saclibrary.org/GroupedWork/87e9f3bf-cf99-0948-5068-4449ff51f6b4-eng,"It gets better . . . except when it gets worse: and other unsolicited truths I wish someone had told me","Maines, Nicole, 1997-",9780593243121,,"The Dial Press; Random House Publishing Group; Books on Tape",2024,"New York",eAudiobook;Book;eBook,"Book::Central: BIOGRAPHY Maines, N. 2024 - On Shelf,Book::Fair Oaks: BIOGRAPHY Maines, N. 2024 - Checked Out,Book::Galt: BIOGRAPHY Maines, N. 2024 - On Shelf"
https://catalog.saclibrary.org/GroupedWork/812f8b51-4792-a884-46ab-a2be6e901f3a-eng,"Henry David Thoreau: a life","Walls, Laura Dassow",9780226344690,,"Tantor Media, Inc.; Tantor Media, Inc; The University of Chicago Press",2017,Chicago,eAudiobook;eBook;Book,"Book::Arcade: BIOGRAPHY Thoreau, H. 2017 - On Shelf,Book::Carmichael: BIOGRAPHY Thoreau, H. 2017 - On Shelf,Book::Courtland: BIOGRAPHY Thoreau, H. 2017 - On Shelf"
https://catalog.saclibrary.org/GroupedWork/7c496b54-c5a5-1a12-6925-762a22ad2fc4-eng,"True nature: the pilgrimage of Peter Matthiessen","Richardson, Lance, 1984-",9781524748319,,"Knopf Doubleday Publishing Group; Pantheon Books; Books on Tape",2025,"New York",eAudiobook;Book;eBook,"Book::Carmichael: BIOGRAPHY Matthiessen, P. 2025 - On Shelf,Book::Central: BIOGRAPHY Matthiessen, P. 2025 - OFF CAMPUS,Book::Colonial Heights: BIOGRAPHY Matthiessen, P. 2025 - On Shelf"
https://catalog.saclibrary.org/GroupedWork/51c2ca80-b0e1-e855-48ac-cfb2407278bd-eng,"Dorothy Day: dissenting voice of the American century","Loughery, John",9781982103491,,"Simon & Schuster Audio; Simon & Schuster",2020,"New York",eAudiobook;Book,"Book::Carmichael: BIOGRAPHY Day, D. 2020 - On Shelf,Book::Central: BIOGRAPHY Day, D. 2020 - On Shelf,Book::South Natomas: BIOGRAPHY Day, D. 2020 - Checked Out"
https://catalog.saclibrary.org/GroupedWork/8ea354aa-573d-682a-2762-d7c35904b228-eng,"The master: the long run and beautiful game of Roger Federer","Clarey, Christopher",9781538719268,,"Hachette Audio; Twelve; Grand Central Publishing",2021,"New York",eAudiobook;Book;eBook,"Book::Central: BIOGRAPHY Federer, R. 2021 - On Shelf,Book::Fair Oaks: BIOGRAPHY Federer, R. 2021 - Checked Out,Book::North Natomas: BIOGRAPHY Federer, R. 2021 - On Shelf"
https://catalog.saclibrary.org/GroupedWork/f2f6d290-8254-3964-0b02-ab550b027733-eng,"W.E.B. Du Bois: a biography","Lewis, David Levering, 1936-",9780805088052,,"Henry Holt and Co",2009,"New York",Book,"Book::Sylvan Oaks: BIOGRAPHY Du Bois, W. 2009 - Checked Out"
https://catalog.saclibrary.org/GroupedWork/79faf6d7-021a-7b83-0f2c-14dfb34c02ed-eng,"Baddest man: the making of Mike Tyson","Kriegel, Mark",9780735223400,,"Books on Tape; Penguin Publishing Group; Penguin Press",2025,"New York",eAudiobook;Book;eBook,"Book::Central: BIOGRAPHY Tyson, M. 2025 - Checked Out,Book::Colonial Heights: BIOGRAPHY Tyson, M. 2025 - On Shelf,Book::Fair Oaks: BIOGRAPHY Tyson, M. 2025 - On Shelf"
https://catalog.saclibrary.org/GroupedWork/266f0f42-0b2a-ab8a-210c-0f2d8b6e2829-eng,"Chasing beauty: the life of Isabella Stewart Gardner","Dykstra, Natalie",9781328515759,,"HarperCollins; HarperAudio; Mariner Books",2024,"New York",eAudiobook;eBook;Book,"Book::Arcade: BIOGRAPHY Gardner, I. 2024 - On Shelf,Book::Carmichael: BIOGRAPHY Gardner, I. 2024 - On Shelf,Book::Central: BIOGRAPHY Gardner, I. 2024 - In Transit"
https://catalog.saclibrary.org/GroupedWork/4c033db5-7a00-757a-89c1-3b92a6b0a939-eng,"The rise: Kobe Bryant and the pursuit of immortality","Sielski, Mike, 1975-",9781250275721,,"St. Martin's Press; Macmillan Audio",2022,"New York",eAudiobook;Book,"Book::Carmichael: BIOGRAPHY Bryant, K. 2022 - On Shelf,Book::Central: BIOGRAPHY Bryant, K. 2022 - On Shelf,Book::Elk Grove: BIOGRAPHY Bryant, K. 2022 - Checked Out"
https://catalog.saclibrary.org/GroupedWork/2a4c3ed0-4a5c-14da-84d7-6aabe2ea9513-eng,"Hollywood's Eve: Eve Babitz and the secret history of L.A","Anolik, Lili",9781501125799,,"Simon & Schuster Audio; Scribner",2019,"New York",eAudiobook;Book;eBook,"Book::Arcade: BIOGRAPHY Babitz, E. 2019 - On Shelf,Book::Central: BIOGRAPHY Babitz, E. 2019 - On Shelf,Book::South Natomas: BIOGRAPHY Babitz, E. 2019 - On Shelf"
https://catalog.saclibrary.org/GroupedWork/080df387-32d4-9b2f-b1e7-ebf043739bf5-eng,"The last American aristocrat: the brilliant life and improbable education of Henry Adams","Brown, David S. (David Scott), 1966-",9781982128234,,"Simon & Schuster Audio; Scribner",2020,"New York",eAudiobook;Book;eBook,"Book::Central: BIOGRAPHY Adams, H. 2020 - On Shelf,Book::Fair Oaks: BIOGRAPHY Adams, H. 2020 - On Shelf,Book::North Natomas: BIOGRAPHY Adams, H. 2020 - On Shelf"
https://catalog.saclibrary.org/GroupedWork/bb93c8d5-59de-1015-928d-c2d81b83332a-eng,"Survival is a promise: the eternal life of Audre Lorde","Gumbs, Alexis Pauline, 1982-",9780374603274,,"Farrar, Straus and Giroux; Macmillan Audio",2024,"New York",eAudiobook;Book;eBook,"Book::Central: BIOGRAPHY Lorde, A. 2024 - On Shelf,Book::Colonial Heights: BIOGRAPHY Lorde, A. 2024 - On Shelf,Book::North Natomas: BIOGRAPHY Lorde, A. 2024 - Checked Out"
https://catalog.saclibrary.org/GroupedWork/cc2681a5-a5ae-fd06-5efc-b8388eb1540c-eng,"Ninety-nine glimpses of Princess Margaret","Brown, Craig, 1957-",9780374906047,,"Farrar, Straus and Giroux; Macmillan Audio",2018,"New York",eAudiobook;Book;eBook,"Book::Arcade: BIOGRAPHY Margaret 2018 - On Shelf,Book::Carmichael: BIOGRAPHY Margaret 2018 - On Shelf,Book::Central: BIOGRAPHY Margaret 2018 - On Shelf"
https://catalog.saclibrary.org/GroupedWork/a91f39e0-0e37-b6eb-c6f1-5f9aab59a888-eng,"Lin-Manuel Miranda: the education of an artist","Pollack-Pelzner, Daniel",9781668014707,,"Simon & Schuster Audio; Simon & Schuster",2025,"New York",eAudiobook;Book;eBook,"Book::Arden-Dimick: BIOGRAPHY Miranda, L. 2025 - Checked Out,Book::Central: BIOGRAPHY Miranda, L. 2025 - On Shelf,Book::Colonial Heights: BIOGRAPHY Miranda, L. 2025 - On Shelf"
https://catalog.saclibrary.org/GroupedWork/8f6ae5f6-db6f-cf9c-3a2d-4417a35b1c35-eng,Edison,"Morris, Edmund",9780812983210,,"Random House; Random House Publishing Group; Books on Tape; Random House Audio, an imprint of the Penguin Random House Audio Publishing Group",2019,"New York; New York, New York","eAudiobook;Audiobook - CD;Book;eBook","Book::Central: BIOGRAPHY Edison, T. 2019 - On Shelf,Book::Colonial Heights: BIOGRAPHY Edison, T. 2019 - On Shelf,Book::Sutter Branch: BIOGRAPHY EDISON - On Shelf"
https://catalog.saclibrary.org/GroupedWork/8092e089-bd72-7ad2-9636-c9636f219222-eng,"Finding Freedom: a cook's story : remaking a life from scratch","French, Erin",9781250312341,,"Macmillan Audio; Celadon Books",2021,"New York; [New York]","eAudiobook;Audiobook - CD;Book;eBook","Book::Carmichael: BIOGRAPHY French, E. 2021 - On Shelf,Book::Central: BIOGRAPHY French, E. 2021 - On Shelf,Book::Franklin: BIOGRAPHY French, E. 2021 - On Shelf"
https://catalog.saclibrary.org/GroupedWork/43536b6a-45a2-788f-92b4-36dbfc6b08da-eng,"Richard Nixon: the life","Farrell, John A. (John Aloysius)",9780385537353,,"Knopf Doubleday Publishing Group; Books on Tape; Doubleday",2017,"New York",eAudiobook;Book;eBook,"Book::Carmichael: BIOGRAPHY Nixon, R. 2017 - On Shelf,Book::Central: BIOGRAPHY Nixon, R. 2017 - On Shelf,Book::Fair Oaks: BIOGRAPHY Nixon, R. 2017 - On Shelf"
https://catalog.saclibrary.org/GroupedWork/dcb664db-224d-57e1-4dc8-f64d40a91318-eng,"Nolan: the singular life of an American original","Brown, Tim, 1962-",9781538726525,,"Hachette Audio; Grand Central; Grand Central Publishing",2026,"New York",eAudiobook;Book;eBook,"Book::Arcade: BIOGRAPHY Ryan, N. 2026 - On Shelf,Book::Central New Books - 4th Floor: BIOGRAPHY Ryan, N. 2026 - Checked Out,Book::Fair Oaks: BIOGRAPHY Ryan, N. 2026 - On Shelf"
https://catalog.saclibrary.org/GroupedWork/59ce8481-f3a3-2726-8dfc-da72db7cd6b3-eng,"Damn glad to meet you: my seven decades in the Hollywood trenches","Matheson, Tim, 1947-",9780306832949,,"Hachette Books; Hachette Audio; Grand Central Publishing",2024,"New York",eAudiobook;Book;eBook,"Book::Central: BIOGRAPHY Matheson, T. 2024 - On Shelf,Book::Fair Oaks: BIOGRAPHY Matheson, T. 2024 - On Shelf,Book::Franklin: BIOGRAPHY Matheson, T. 2024 - On Shelf"
https://catalog.saclibrary.org/GroupedWork/86631a45-173b-5a71-f3ab-678f29c7449a-eng,"Born to be posthumous: the eccentric life and mysterious genius of Edward Gorey","Dery, Mark, 1959-",9780316188548,,"Hachette Audio; Little, Brown and Company; Little, Brown",2018,"New York",eBook;Book;eAudiobook,"Book::Carmichael: BIOGRAPHY Gorey, E. 2018 - On Shelf,Book::Central: BIOGRAPHY Gorey, E. 2018 - On Shelf,Book::Fair Oaks: BIOGRAPHY Gorey, E. 2018 - On Shelf"
https://catalog.saclibrary.org/GroupedWork/f56f8752-aaef-231b-3a59-6d5e8db7139f-eng,Rememberings,"O'Connor, Sinéad",9780358423881,,"Houghton Mifflin Harcourt; HarperCollins; HarperAudio",2021,Boston,eBook;Book;eAudiobook,"Book::Central: BIOGRAPHY O'Connor, S. 2021 - On Shelf,Book::Isleton: BIOGRAPHY O'Connor, S. 2021 - On Shelf,Book::McClatchy: BIOGRAPHY O'Connor, S. 2021 - On Shelf"
https://catalog.saclibrary.org/GroupedWork/4547a238-078d-e375-f6fd-4572b8eb5bae-eng,"The student's cyclopaedia: a ready reference library for school and home, embracing history, biography, geography, discovery, invention, arts, sciences, literature",,,,"C. B. Beach & Co",1900,"New York; Chicago",Book,"Book::Sacramento Room: 031 S933 1900 v.1 SPE VAU - Library Use Only,Book::Sacramento Room: 031 S933 1900 v.2 SPE VAU - Library Use Only"
https://catalog.saclibrary.org/GroupedWork/8ca60e22-82a2-56e7-ce53-eb98e01b3d72-eng,"The big fella: Babe Ruth and the world he created","Leavy, Jane",9780062380227,,"HarperCollins; HarperAudio; Harper, an imprint of HarperCollinsPublishers; Harper Luxe, an imprint of HarperCollins Publishers",2018,"New York, NY","eAudiobook;Large Print;eBook;Book","Book::Carmichael: BIOGRAPHY Ruth, B. 2018 - On Shelf,Book::Central: BIOGRAPHY Ruth, B. 2018 - On Shelf,Book::Orangevale: BIOGRAPHY Ruth, B. 2018 - On Shelf"
https://catalog.saclibrary.org/GroupedWork/bcf26215-09ef-7b24-904d-2c54e6855cda-eng,"Elizabeth Taylor: the grit & glamour of an icon","Brower, Kate Andersen",9780063067653,,"HarperCollins; HarperAudio; Harper, an imprint of HarperCollinsPublishers",2022,"New York, NY",eAudiobook;eBook;Book,"Book::Central: BIOGRAPHY Taylor, E. 2022 - Checked Out,Book::Franklin: BIOGRAPHY Taylor, E. 2022 - On Shelf,Book::South Natomas: BIOGRAPHY Taylor, E. 2022 - Checked Out"
https://catalog.saclibrary.org/GroupedWork/ccdbe825-77a7-f667-ce23-723c4da5842b-eng,"Catherine the Great: portrait of a woman","Massie, Robert K., 1929-",9780679456728,,"Random House; Random House Publishing Group; Books on Tape",2011,"New York",eAudiobook;eBook;Book,"Book::Carmichael: BIOGRAPHY Catherine II 2011 - In Transit,Book::Belle Cooledge: BIOGRAPHY Catherine II 2011 - On Shelf,Book::South Natomas: BIOGRAPHY Catherine II 2011 - On Shelf"
https://catalog.saclibrary.org/GroupedWork/953ce3f0-cdbe-500c-e029-665dfa24c817-eng,"Steve Kerr: a life","Howard-Cooper, Scott, 1963-",9780063001275,,"William Morrow; HarperCollins; William Morrow, an imprint of HarperCollinsPublishers",2021,"New York, NY",eAudiobook;eBook;Book,"Book::Carmichael: BIOGRAPHY Kerr, S. 2021 - On Shelf,Book::Fair Oaks: BIOGRAPHY Kerr, S. 2021 - On Shelf,Book::South Natomas: BIOGRAPHY Kerr, S. 2021 - On Shelf"
https://catalog.saclibrary.org/GroupedWork/2258520e-7926-57b7-27ce-12654eb912bd-eng,"Steve McQueen: the salvation of an American icon","Laurie, Greg",9780310356158,,"Zondervan; christianaudio.com; Greenleaf Book Group","2017 - 2019","Grand Rapids, Michigan; Austin, Texas",eBook;eAudiobook;Book,"Book::Carmichael: BIOGRAPHY McQueen, S. 2017 - On Shelf,Book::Isleton: BIOGRAPHY McQueen, S. 2017 - On Shelf,Book::McKinley: BIOGRAPHY McQueen, S. 2017 - On Shelf"
https://catalog.saclibrary.org/GroupedWork/e6843225-a46b-fe1c-811a-0bdf59e60ce6-eng,"Dancing on the edge: a journey of living, loving, and tumbling through Hollywood","Tamblyn, Russ",9798212273312,,"Blackstone Publishing",2024,"Ashland, OR",eAudiobook;eBook;Book,"Book::Central: BIOGRAPHY Tamblyn, R. 2024 - On Shelf,Book::Franklin: BIOGRAPHY Tamblyn, R. 2024 - On Shelf,Book::Galt: BIOGRAPHY Tamblyn, R. 2024 - On Shelf"
https://catalog.saclibrary.org/GroupedWork/2b518bee-517f-f37c-3501-49dc08d57f70-eng,"Camera girl: the coming of age of Jackie Bouvier Kennedy","Anthony, Carl Sferrazza",9781982141875,,"Simon & Schuster Audio; Gallery Books",2023,"New York",eAudiobook;Book,"Book::Carmichael: BIOGRAPHY Onassis, J. 2023 - On Shelf,Book::Central: BIOGRAPHY Onassis, J. 2023 - On Shelf,Book::Fair Oaks: BIOGRAPHY Onassis, J. 2023 - On Shelf"
https://catalog.saclibrary.org/GroupedWork/5d0d518f-b065-9808-7ecb-cee83ec4a1c2-eng,"The Missing Kennedy: Rosemary Kennedy and the secret bonds of four women","Koehler-Pentacoff, Elizabeth",9781610881746,,"Bancroft Press",2015,Baltimore,eBook;Book,"Book::Arcade: BIOGRAPHY Kennedy, R. 2015 - On Shelf,Book::Carmichael: BIOGRAPHY Kennedy, R. 2015 - On Shelf,Book::Central: BIOGRAPHY Kennedy, R. 2015 - On Shelf"
https://catalog.saclibrary.org/GroupedWork/ee89adec-9ea5-8fd3-3e14-42560b8f4ccb-eng,Will,"Smith, Will, 1968-",9781984877925,,"Books on Tape; Penguin Publishing Group; Penguin Press",2021,"New York",eAudiobook;Book;eBook,"Book::Arcade: BIOGRAPHY Smith, W. 2021 - On Shelf,Book::Carmichael: BIOGRAPHY Smith, W. 2021 - On Shelf,Book::Central: BIOGRAPHY Smith, W. 2021 - On Shelf"
https://catalog.saclibrary.org/GroupedWork/7a93a2b7-f1ec-ee50-0b20-2227759a7153-eng,"Last girl before freeway: the life, loves, losses, and liberation of Joan Rivers","Bennetts, Leslie, 1949-",9780316261302,,"Hachette Audio; Little, Brown and Company",2016,"New York; [New York]","Audiobook - CD;eBook;Large Print;eAudiobook;Book","Book::North Natomas: BIOGRAPHY Rivers, J. 2016 - On Shelf,Book::Rancho Cordova: BIOGRAPHY Rivers, J. 2016 - On Shelf,Book::Sylvan Oaks: BIOGRAPHY Rivers, J. 2016 - On Shelf"
https://catalog.saclibrary.org/GroupedWork/3a4e2135-a776-a158-7401-274f6c1e0a4a-eng,"Ten steps to Nanette: a memoir situation","Gadsby, Hannah",9781984819789,,"Ballantine Books; Random House Publishing Group; W. F. Howes Ltd.; Books on Tape",2022,"New York",eAudiobook;Book;eBook,"Book::Central: BIOGRAPHY Gadsby, H. 2022 - On Shelf,Book::South Natomas: BIOGRAPHY Gadsby, H. 2022 - On Shelf,Book::Southgate: BIOGRAPHY Gadsby, H. 2022 - On Shelf"
https://catalog.saclibrary.org/GroupedWork/54b8c239-d03f-9875-d929-0fcb746f0a77-eng,"Keith Urban","Apter, Jeff",9780806542737,,"Recorded Books, Inc.; Citadel Press",2023,"New York",eBook;Book;eAudiobook,"Book::Central: BIOGRAPHY Urban, K. 2023 - On Shelf,Book::Fair Oaks: BIOGRAPHY Urban, K. 2023 - On Shelf,Book::Franklin: BIOGRAPHY Urban, K. 2023 - On Shelf"
https://catalog.saclibrary.org/GroupedWork/a3cd7f0d-cd1a-8bdd-d711-0326acd1d561-eng,"Born with teeth: a memoir","Mulgrew, Kate, 1955-",9780316334310,,"Little Brown & Co; Hachette Audio; Little, Brown and Company; Little, Brown and Co",2015,"New York, NY",eAudiobook;eBook;Book,"Book::Carmichael: BIOGRAPHY Mulgrew, K. 2015 - Checked Out,Book::Central: BIOGRAPHY Mulgrew, K. 2015 - On Shelf,Book::Isleton: BIOGRAPHY Mulgrew, K. 2015 - On Shelf"
https://catalog.saclibrary.org/GroupedWork/0eff389b-58c0-1326-c99b-0c8ed8f30141-eng,"Hunger makes me a modern girl: a memoir","Brownstein, Carrie, 1974-",9781594486630,,"Penguin Audio/Books on Tape; Riverhead Books; Books on Tape; Penguin Publishing Group",2015,"New York; Westminster, MD","eAudiobook;Audiobook - CD;Book;eBook","Book::Central: BIOGRAPHY Brownstein, C. 2015 - On Shelf,Book::Fair Oaks: BIOGRAPHY Brownstein, C. 2015 - On Shelf,Book::McKinley: BIOGRAPHY Brownstein, C. 2015 - Checked Out"
https://catalog.saclibrary.org/GroupedWork/3e952678-65d7-8977-3cf5-52d49b54448e-eng,"From under the truck: a memoir","Brolin, Josh",9780063382183,,"HarperCollins; Harper",2024,"New York, NY",eAudiobook;eBook;Book,"Book::Arcade: BIOGRAPHY Brolin, J. 2024 - On Shelf,Book::Central: BIOGRAPHY Brolin, J. 2024 - On Shelf,Book::Franklin: BIOGRAPHY Brolin, J. 2024 - On Shelf"
https://catalog.saclibrary.org/GroupedWork/d886af1f-4bfe-fa3b-fcc7-91f0d1097c3f-eng,"César Chávez: a triumph of spirit","Griswold del Castillo, Richard",9780806129570,,"University of Oklahoma Press",1995,"Norman, Okla",Book,"Book::Elk Grove: BIOGRAPHY Chavez, C. 1995 - On Shelf,Book::Sacramento Room: SPE 331.88 C512zg 1995 CAL - Library Use Only,Book::Woodland Public Library: 331.544 Gri 1995 - On Shelf"
https://catalog.saclibrary.org/GroupedWork/541ba9cd-4867-c595-0895-7800bbd06903-eng,"George Michael: a life","Gavin, James, 1964-",9781419747946,,"Tantor Media, Inc.; Abrams; Abrams Press; Tantor Media, Inc",2022,"New York",eAudiobook;eBook;Book,"Book::Central: BIOGRAPHY Michael, G. 2022 - On Shelf,Book::Fair Oaks: BIOGRAPHY Michael, G. 2022 - On Shelf,Book::North Sacramento-Hagginwood: BIOGRAPHY Michael, G. 2022 - On Shelf"
https://catalog.saclibrary.org/GroupedWork/d240056c-71e9-9795-9954-ac0801cadcf0-eng,"Titan: the life of John D. Rockefeller, Sr","Chernow, Ron",9781400077304,,"Knopf Doubleday Publishing Group; Vintage Books; Blackstone Publishing","1999 - 2013","New York",eAudiobook;Book;eBook,"Book::Arcade: BIOGRAPHY Rockefeller, J. 1999 - On Shelf,Book::Central: BIOGRAPHY Rockefeller, J. 1999 - On Shelf,Book::Colonial Heights: BIOGRAPHY Rockefeller, J. 1999 - On Shelf"
https://catalog.saclibrary.org/GroupedWork/81f61b94-c6b5-937b-bced-acee4e3a5938-eng,"The courage of the early morning: a frank biography of Billy Bishop, the great ace of World War I","Bishop, William Arthur, 1923-",,,"D. McKay Co",1966,"New York",Book,"Book::Central: 940.44 B622 1966 - On Shelf"
https://catalog.saclibrary.org/GroupedWork/dc8015f7-0fc6-4bfa-a380-7609797552cb-eng,"Born to run","Springsteen, Bruce",9781501141522,,"Simon & Schuster Audio; Wheeler Publishing; Simon & Schuster",2016,"Waterville, Maine; New York","eAudiobook;Audiobook - CD;Large Print;Book;eBook","Book::Arcade: BIOGRAPHY Springsteen, B. 2016 - On Shelf,Book::Arden-Dimick: BIOGRAPHY Springsteen, B. 2016 - Checked Out,Book::Carmichael: BIOGRAPHY Springsteen, B. 2016 - On Shelf"
https://catalog.saclibrary.org/GroupedWork/1fd663ab-b5ff-856c-9f25-68b866240c99-eng,"The governator: from muscle beach to his quest for the White House, the improbable rise of Arnold Schwarzenegger","Halperin, Ian",9780061990045,,"William Morrow; HarperCollins; HarperAudio",2010,"New York",eBook;Book;eAudiobook,"Book::Central: BIOGRAPHY Schwarzenegger, A. 2010 - On Shelf,Book::Colusa Main Branch Adult Collection: B SCHWARZENEGGER - On Shelf,Book::Sutter County Main Branch: BIOGRAPHY SCHWARZENEGGER, A. - On Shelf"
https://catalog.saclibrary.org/GroupedWork/1999db15-0155-ebe9-50e5-ed98daa92be0-eng,"Paul McCartney: the life","Norman, Philip, 1943-",9780316269407,,"Recorded Books, Inc.; Recorded Books; Little Brown and Company; Little, Brown and Company",2016,"New York; Prince Frederick, MD","Audiobook - CD;eBook;Large Print;eAudiobook;Book","Book::Central: BIOGRAPHY McCartney, P. 2016 - On Shelf,Book::Colonial Heights: BIOGRAPHY McCartney, P. 2016 - Checked Out,Book::Elk Grove: BIOGRAPHY McCartney, P. 2016 - On Shelf"
https://catalog.saclibrary.org/GroupedWork/953c9210-3c7c-863d-810d-1de5519595d7-eng,"Ida B. the queen: the extraordinary life and legacy of Ida B. Wells","Duster, Michelle",9781982129811,,"One Signal Publishers/Atria; Atria/One Signal Publishers",2021,"New York",eBook;Book,"Book::Central: BIOGRAPHY Wells-Barnet, I. 2021 - On Shelf,Book::Colonial Heights: BIOGRAPHY Wells-Barnet, I. 2021 - On Shelf,Book::Elk Grove: BIOGRAPHY Wells-Barnet, I. 2021 - Checked Out"
https://catalog.saclibrary.org/GroupedWork/85967fb8-7aff-ad56-000a-a38f9996c0be-eng,"The making of Donald Trump","Johnston, David Cay, 1948-",9781612196329,,"Melville House; Blackstone Publishing","2016 - 2017","Brooklyn, NY",eAudiobook;eBook;Book,"Book::McKinley: BIOGRAPHY Trump, D. 2016 - On Shelf,Book::Colusa Main Branch Adult Collection: B TRUMP J - On Shelf"
https://catalog.saclibrary.org/GroupedWork/0d828f5f-2f5a-3f1b-1265-0b7e9cc09cd4-eng,"Rin Tin Tin: the life and the legend","Orlean, Susan",9781439190135,,"Simon & Schuster Audio; Thorndike Press; Simon & Schuster",2011,"New York; Waterville, Me","Large Print;Book;eAudiobook;eBook","Book::Central: 636.7376 R578zo 2011 - Checked Out,Book::Sutter Branch: 636.7376 ORL - On Shelf,Book::Sutter County Main Branch: 636.7376 ORL - On Shelf"
https://catalog.saclibrary.org/GroupedWork/7df2f9ba-5fa1-9d28-6b03-24a226445fe7-eng,"Every day is a gift: a memoir","Duckworth, Tammy, 1968-",9781538718506,,"Hachette Audio; Twelve; Grand Central Publishing",2021,"New York",eAudiobook;Book;eBook,"Book::Arcade: BIOGRAPHY Duckworth, T. 2021 - On Shelf,Book::Carmichael: BIOGRAPHY Duckworth, T. 2021 - On Shelf,Book::Central: BIOGRAPHY Duckworth, T. 2021 - On Shelf"
https://catalog.saclibrary.org/GroupedWork/fedf899f-7846-73c4-000c-8a3abd8bd880-eng,"Cooked seed: a memoir","Min, Anchee, 1957-",9781596916982,,"Recorded Books, Inc.; Bloomsbury; Bloomsbury Publishing",2013,"New York",eBook;Book;eAudiobook,"Book::Central: BIOGRAPHY Min, A. 2013 - On Shelf,Book::Fair Oaks: BIOGRAPHY Min, A. 2013 - On Shelf,Book::Sutter County Main Branch: FICTION Min, A. - On Shelf"
https://catalog.saclibrary.org/GroupedWork/202e5140-180a-2c84-2afe-23e5972d6beb-eng,"Love me as I am","Beauvais, Garcelle, 1966-",9780063099586,,"Amistad, an imprint of HarperCollins Publishers; HarperCollins; HarperAudio",2022,"New York, NY",eAudiobook;eBook;Book,"Book::Arcade: BIOGRAPHY Beauvais, G. 2022 - On Shelf,Book::Carmichael: BIOGRAPHY Beauvais, G. 2022 - On Shelf,Book::Pocket-Greenhaven: BIOGRAPHY Beauvais, G. 2022 - On Shelf"
https://catalog.saclibrary.org/GroupedWork/56abe24c-5e7c-180c-0952-7a98de5adf0f-eng,"Ethel Rosenberg: an American tragedy","Sebba, Anne",9781250198631,,"St. Martin's Press; Macmillan Audio",2021,"New York",eAudiobook;Book,"Book::Central: BIOGRAPHY Rosenberg, E. 2021 - On Shelf,Book::Colonial Heights: BIOGRAPHY Rosenberg, E. 2021 - On Shelf,Book::Franklin: BIOGRAPHY Rosenberg, E. 2021 - On Shelf"
https://catalog.saclibrary.org/GroupedWork/8f5f41dd-7e6c-5f9c-6b52-4aa667eb63dc-eng,"Bunny Mellon: the life of an American style legend","Gordon, Meryl",9781455588749,,"Hachette Audio; Grand Central Publishing",2017,"New York",eAudiobook;eBook;Book,"Book::Central: BIOGRAPHY Mellon, P. 2017 - On Shelf,Book::South Natomas: BIOGRAPHY Mellon, P. 2017 - On Shelf,Book::North Natomas: BIOGRAPHY Mellon, P. 2017 - On Shelf"
https://catalog.saclibrary.org/GroupedWork/13faeacf-7454-fe59-f7da-07204a0cc5fe-eng,"The McCartney legacy: Volume 1, 1969-73","Kozinn, Allan",9780063000704,,"Dey St., an imprint of William Morrow; HarperCollins",2022,"New York",eAudiobook;Book;eBook,"Book::Central: BIOGRAPHY McCartney, P. 2022 v.1 - On Shelf,Book::Fair Oaks: BIOGRAPHY McCartney, P. 2022 v.1 - On Shelf,Book::McKinley: BIOGRAPHY McCartney, P. 2022 v.1 - On Shelf"
https://catalog.saclibrary.org/GroupedWork/3ea25bc9-d9ab-5b97-599d-cde0044d4e49-eng,"The life and times of Pythagoras","Harkins, Susan Sales",9781584155454,,"Mitchell Lane; Mitchell Lane Publishers","2007 - 2008","Hockessin, Del",eBook;Book,"Book::Arcade Children's Area: CHILDREN BIOGRAPHY Pythagoras 2007 - On Shelf,Book::Elk Grove Kids' Place: CHILDREN BIOGRAPHY Pythagoras 2007 - Checked Out"
https://catalog.saclibrary.org/GroupedWork/977564fd-30f0-f70f-489e-a826d083d75c-eng,"Rebel Cinderella: from rags to riches to radical, the epic journey of Rose Pastor Stokes","Hochschild, Adam",9781328866745,,"Houghton Mifflin Harcourt; HarperCollins; HarperAudio",2020,Boston,eAudiobook;eBook;Book,"Book::Central: BIOGRAPHY Stokes, R. 2020 - On Shelf,Book::Pocket-Greenhaven: BIOGRAPHY Stokes, R. 2020 - On Shelf,Book::Rancho Cordova: BIOGRAPHY Stokes, R. 2020 - On Shelf"
https://catalog.saclibrary.org/GroupedWork/3b45a807-e093-5f0c-34d9-8b1ff8f5e3ce-eng,"Lou Reed: a life","DeCurtis, Anthony",9780316376556,,"Hachette Audio; Little, Brown and Company",2017,"New York",eAudiobook;eBook;Book,"Book::Carmichael: BIOGRAPHY Reed, L. 2017 - On Shelf,Book::Central: BIOGRAPHY Reed, L. 2017 - On Shelf,Book::Courtland: BIOGRAPHY Reed, L. 2017 - On Shelf"
https://catalog.saclibrary.org/GroupedWork/e808b285-d8dd-87be-a475-647f4426c935-eng,"Funny man: Mel Brooks","McGilligan, Patrick",9780062560995,,"HarperCollins; HarperAudio; Harper, an imprint of HarperCollinsPublishers; Harper",2019,"New York, NY",eAudiobook;eBook;Book,"Book::Central: BIOGRAPHY Brooks, M. 2019 - On Shelf,Book::Elk Grove: BIOGRAPHY Brooks, M. 2019 - On Shelf,Book::North Natomas: BIOGRAPHY Brooks, M. 2019 - On Shelf"
https://catalog.saclibrary.org/GroupedWork/f6296436-1ba5-51a2-b5f0-b524c317b6fd-eng,"Scars of sweet paradise: the life and times of Janis Joplin","Echols, Alice",9780805053944,,"Metropolitan Books; Henry Holt and Co.; H. Holt","1999 - 2000","New York",eBook;Book,"Book::Central: BIOGRAPHY Joplin, J. 2000 - On Shelf,Book::Fair Oaks: BIOGRAPHY Joplin, J. 1999 - On Shelf"
https://catalog.saclibrary.org/GroupedWork/06a5b80e-4ca6-1731-0929-8811d1fbc398-eng,"Never enough: Donald Trump and the pursuit of success","D'Antonio, Michael",9781250042385,,"Thomas Dunne Books, St. Martin's Press; Macmillan Audio",2015,"New York",eAudiobook;Book,"Book::Arcade: BIOGRAPHY Trump, D. 2015 - On Shelf,Book::Central: BIOGRAPHY Trump, D. 2015 - On Shelf,Book::Elk Grove: BIOGRAPHY Trump, D. 2015 - On Shelf"
https://catalog.saclibrary.org/GroupedWork/166a55be-930d-ab80-528e-48dad451582c-eng,"You say to brick: the life of Louis Kahn","Lesser, Wendy",9780374279974,,"Farrar, Straus and Giroux; Tantor Media, Inc","2017 - 2018","New York",eAudiobook;eBook;Book,"Book::Carmichael: BIOGRAPHY Kahn, L. 2018 - On Shelf,Book::Fair Oaks: BIOGRAPHY Kahn, L. 2018 - On Shelf,Book::McClatchy: BIOGRAPHY Kahn, L. 2018 - On Shelf"
https://catalog.saclibrary.org/GroupedWork/8dbf33df-31da-7986-528c-e86df9b570cb-eng,"Misfit: growing up awkward in the '80s","Gulman, Gary",9781250777065,,"Macmillan Audio; Flatiron Books",2023,"New York",eAudiobook;Book;eBook,"Book::Carmichael: BIOGRAPHY Gulman, G. 2023 - LINK+ PAGED,Book::Central: BIOGRAPHY Gulman, G. 2023 - In Transit,Book::Fair Oaks: BIOGRAPHY Gulman, G. 2023 - Checked Out"
https://catalog.saclibrary.org/GroupedWork/fea13f67-75a3-1388-1124-0dd77a1bf8ae-eng,"Listen, world!: how the intrepid Elsie Robinson became America's most-read woman","Scheeres, Julia",9781541674356,,"Basic Books; Seal Press",2022,"New York",eBook;Book,"Book::Central: BIOGRAPHY Robinson, E. 2022 - On Shelf,Book::Franklin: BIOGRAPHY Robinson, E. 2022 - On Shelf,Book::Galt: BIOGRAPHY Robinson, E. 2022 - On Shelf"
https://catalog.saclibrary.org/GroupedWork/607c9211-fe2e-8954-22fb-a6445786cadf-eng,"Uphill: a memoir","Hill, Jemele, 1975-",9781250624376,,"Henry Holt and Company; Henry Holt and Co.; Macmillan Audio",2022,"New York",eAudiobook;Book;eBook,"Book::Central: BIOGRAPHY Hill, J. 2022 - On Shelf,Book::Colonial Heights: BIOGRAPHY Hill, J. 2022 - On Shelf,Book::Franklin: BIOGRAPHY Hill, J. 2022 - On Shelf"
https://catalog.saclibrary.org/GroupedWork/caca8da1-f777-8750-d6a2-2ca611127071-eng,"California surname index: biographies from selected histories","Close, Barbara Ross",9780967240916,,"California Genealogical Society",2000,"Oakland, Calif",Book,"Book::Carmichael California Collection: CALIFORNIA 929.3794 C645 2000 - Library Use Only,Book::Central Genealogy - 2nd Floor: GENEALOGY 929.3794 C645 2000 - Library Use Only,Book::Sacramento Room: SPE 929.3794 C645 2000 CAL - Library Use Only"
https://catalog.saclibrary.org/GroupedWork/eff715be-f274-519f-aa0a-a8fba524ea9a-eng,LeBron,"Benedict, Jeff",9781982110895,,"Simon & Schuster Audio; Avid Reader Press",2023,"New York",eAudiobook;Book,"Book::Central: BIOGRAPHY James, L. 2023 - On Shelf,Book::Colonial Heights: BIOGRAPHY James, L. 2023 - On Shelf,Book::Fair Oaks: BIOGRAPHY James, L. 2023 - On Shelf"
https://catalog.saclibrary.org/GroupedWork/e2d5c835-bf3c-393e-77f8-a574a45b6196-eng,"Agatha Christie: an elusive woman","Worsley, Lucy",9781639362523,,"Pegasus Crime; Tantor Media, Inc.; Pegasus Books; Tantor Media, Inc",2022,"New York",eAudiobook;eBook;Book,"Book::Orangevale: BIOGRAPHY Christie, A. 2022 - Checked Out,Book::Sutter County Main Branch: BIOGRAPHY CHRISTIE - On Shelf"
https://catalog.saclibrary.org/GroupedWork/03f18b4f-81b8-3d46-b1a2-0507173b6821-eng,"A natural woman: a memoir","King, Carole, 1942-",9781455512614,,"Hachette Audio; Grand Central Pub; Grand Central Publishing",2012,"New York","eAudiobook;Audiobook - CD;Book;eBook","Book::Central: BIOGRAPHY King, C. 2012 - Checked Out,Book::Pocket-Greenhaven: BIOGRAPHY King, C. 2012 - On Shelf,Book::Colusa Main Branch Adult Collection: B KING B - On Shelf"
https://catalog.saclibrary.org/GroupedWork/e77a9263-878a-1ad6-09b2-a8b2d35f4ddc-eng,"Heart, life, music","Chesney, Kenny",9780063423107,,"HarperCollins; William Morrow, an imprint of HarperCollinsPublishers",2025,"New York, NY",eAudiobook;Book;eBook,"Book::Fair Oaks: BIOGRAPHY Chesney, K. 2025 - On Shelf,Book::Franklin: BIOGRAPHY Chesney, K. 2025 - On Shelf,Book::Rio Linda: BIOGRAPHY Chesney, K. 2025 - Checked Out"
https://catalog.saclibrary.org/GroupedWork/9d5d7ae5-4ec3-7bd1-637d-a512276b34b4-eng,"Managing expectations: a memoir in essays","Driver, Minnie",9780063115309,,"HarperCollins; HarperOne, an imprint of HarperCollinsPublishers; HarperAudio",2022,"New York, NY",eAudiobook;eBook;Book,"Book::Central: BIOGRAPHY Driver, M. 2022 - On Shelf,Book::Isleton Children's Area: BIOGRAPHY Driver, M. 2022 - On Shelf,Book::McClatchy: BIOGRAPHY Driver, M. 2022 - On Shelf"
https://catalog.saclibrary.org/GroupedWork/1c717bcc-7733-eade-b1c4-66598c33ada9-eng,"Acid for the children: a memoir","Flea (Musician)",9781455530533,,"Hachette Audio; Grand Central Publishing",2019,"New York",eAudiobook;Book;eBook,"Book::Carmichael: BIOGRAPHY Flea 2019 - On Shelf,Book::Central: BIOGRAPHY Flea 2019 - On Shelf,Book::Colonial Heights: BIOGRAPHY Flea 2019 - Checked Out"
https://catalog.saclibrary.org/GroupedWork/0c0915f0-cb98-e626-9b82-ee8bad8af221-eng,"Coach K: the rise and reign of Mike Krzyzewski","O'Connor, Ian",9780358345404,,"HarperCollins; HarperAudio; Mariner Books",2022,Boston,eAudiobook;eBook;Book,"Book::Central: BIOGRAPHY Krzyzewski, M. 2022 - On Shelf,Book::Pocket-Greenhaven: BIOGRAPHY Krzyzewski, M. 2022 - On Shelf,Book::Rio Linda: BIOGRAPHY Krzyzewski, M. 2022 - On Shelf"
https://catalog.saclibrary.org/GroupedWork/61d0c9b5-18a4-1c20-96ea-ac63c6e2465a-eng,"Banksy: the man behind the wall","Ellsworth-Jones, Will",9781250025739,,"St. Martin's Press; St. Martin's Publishing Group; Frances Lincoln","2013 - 2021","New York",eBook;Book,"Book::Carmichael: BIOGRAPHY Banksy 2013 - On Shelf,Book::Galt: BIOGRAPHY Banksy 2013 - Checked Out,Book::North Natomas: BIOGRAPHY Banksy 2013 - On Shelf"
https://catalog.saclibrary.org/GroupedWork/67d9c99b-2c4c-3870-435c-39e21e70f001-eng,"The counterfeit countess: the Jewish woman who rescued thousands of Poles during the Holocaust","White, Elizabeth B",9781982189129,,"Simon & Schuster Audio; Simon & Schuster",2024,"New York",eAudiobook;Book;eBook,"Book::Carmichael: BIOGRAPHY Mehlberg, J 2024 - Checked Out,Book::Central: BIOGRAPHY Mehlberg, J 2024 - On Shelf,Book::Orangevale: BIOGRAPHY Mehlberg, J 2024 - Checked Out"
https://catalog.saclibrary.org/GroupedWork/42d833bf-2986-2680-3055-deab29e2288a-eng,"The autobiography of Malcolm X","X, Malcolm, 1925-1965",9780345350688,,"Ballantine Books; Random House Publishing Group","1999 - 2015","New York",eBook;Book,"Book::Central: BIOGRAPHY X, Malcolm 1999 - On Shelf,Book::Galt: BIOGRAPHY X, Malcolm 1999 - On Shelf,Book::Rio Linda: BIOGRAPHY X, Malcolm 1999 - On Hold Shelf"
https://catalog.saclibrary.org/GroupedWork/b7444fff-fa32-a784-ef1c-fd5956430c5e-eng,"It girl: the life and legacy of Jane Birkin","Meltzer, Marisa, 1977-",9781668060285,,"Simon & Schuster Audio; Atria Books",2025,"New York",eAudiobook;Book;eBook,"Book::Carmichael: BIOGRAPHY Birkin, J. 2025 - On Shelf,Book::Central: BIOGRAPHY Birkin, J. 2025 - On Shelf,Book::Fair Oaks: BIOGRAPHY Birkin, J. 2025 - Checked Out"
https://catalog.saclibrary.org/GroupedWork/b6a886da-2707-4699-d24f-dfdbe8b47eb0-eng,"Marilyn: a biography","Mailer, Norman",9780340181041,,"Lawrence; [Grosset & Dunlap]","1973 - 2011","[New York]",eBook;Book,
https://catalog.saclibrary.org/GroupedWork/76e4075a-ab6f-a329-670c-da9fb2938284-eng,"Young and damned and fair: the life of Catherine Howard, fifth wife of King Henry VIII","Russell, Gareth",9781501108631,,"Simon & Schuster Audio; Simon & Schuster",2017,"New York, NY",eAudiobook;Book;eBook,"Book::Carmichael: BIOGRAPHY Catherine Howard 2017 - On Shelf,Book::Central: BIOGRAPHY Catherine Howard 2017 - On Shelf,Book::Belle Cooledge: BIOGRAPHY Catherine Howard 2017 - On Shelf"
https://catalog.saclibrary.org/GroupedWork/dab22c99-2236-ba06-2f76-a46afb62005e-eng,"First to the front: the untold story of Dickey Chapelle, trailblazing female war correspondent","Rinehart, Lorissa",9781250276575,,"St. Martin's Press; St. Martin's Publishing Group; Macmillan Audio",2023,"New York",eAudiobook;eBook;Book,"Book::Central: BIOGRAPHY Chapelle, D. 2023 - On Shelf,Book::Courtland: BIOGRAPHY Chapelle, D. 2023 - On Shelf,Book::South Natomas: BIOGRAPHY Chapelle, D. 2023 - On Shelf"
https://catalog.saclibrary.org/GroupedWork/8d58e3db-873a-415a-5a75-0bc2c177fb8f-eng,"Who's that girl?: a memoir","Eve (Musician)",9781335081155,,"HarlequinAudio; Hanover Square Press",2024,"Toronto, Ontario, Canada",eAudiobook;eBook;Book,"Book::Central: BIOGRAPHY Eve 2024 - On Shelf,Book::Courtland: BIOGRAPHY Eve 2024 - On Shelf,Book::Fair Oaks: BIOGRAPHY Eve 2024 - On Shelf"
https://catalog.saclibrary.org/GroupedWork/0b13bb64-c221-064e-b998-03e3f9e3fd3f-eng,"Harry: life, loss, and love","Nicholl, Katie",9781602865266,,"Weinstein Books; Hachette Audio; Grand Central Publishing",2018,"New York",eAudiobook;eBook;Book,"Book::Carmichael: BIOGRAPHY Harry 2018 - On Shelf,Book::Central: BIOGRAPHY Harry 2018 - On Shelf,Book::Belle Cooledge: BIOGRAPHY Harry 2018 - On Shelf"
https://catalog.saclibrary.org/GroupedWork/33fbe70e-a505-fdfe-dcf2-d2d6864a6154-eng,"The Nazis knew my name: a remarkable story of survival and courage in Auschwitz","Hellinger, Magda, 1916-2006",9781982181222,,"Simon & Schuster Audio; Atria Books","2021 - 2022","New York",eAudiobook;Book,"Book::Central: BIOGRAPHY Hellinger, M. 2021 - On Shelf,Book::Fair Oaks: BIOGRAPHY Hellinger, M. 2021 - On Shelf,Book::Galt: BIOGRAPHY Hellinger, M. 2021 - On Shelf"
https://catalog.saclibrary.org/GroupedWork/32748cee-4362-c05f-2f88-e31e0968664f-eng,"I used to live here once: the haunted life of Jean Rhys","Seymour, Miranda",9781324006121,,"Tantor Media, Inc.; Tantor Media, Inc; W.W. Norton & Company",2022,"New York, NY",eAudiobook;Book,"Book::Carmichael: BIOGRAPHY Rhys, J. 2022 - On Shelf,Book::Central: BIOGRAPHY Rhys, J. 2022 - On Shelf,Book::McKinley: BIOGRAPHY Rhys, J. 2022 - On Shelf"
https://catalog.saclibrary.org/GroupedWork/59763b73-0eef-51be-a79e-4d1e9facef50-eng,"Meghan: a Hollywood princess","Morton, Andrew, 1953-",9781538747353,,"Hachette Audio; Grand Central Publishing",2018,"New York","eAudiobook;Audiobook - CD;eBook;Book","Book::Carmichael: BIOGRAPHY Meghan 2018 - On Shelf,Book::Central: BIOGRAPHY Meghan 2018 - On Shelf,Book::Belle Cooledge: BIOGRAPHY Meghan 2018 - On Shelf"
https://catalog.saclibrary.org/GroupedWork/c3187b29-162a-50df-90fb-09bcd613592f-eng,"First: Sandra Day O'Connor","Thomas, Evan, 1951-",9780399589287,,"Random House Large Print; Random House; Books on Tape",2019,"New York","eAudiobook;Large Print;Book","Book::Arcade: BIOGRAPHY O'Connor, S. 2019 - On Shelf,Book::Carmichael: BIOGRAPHY O'Connor, S. 2019 - On Shelf,Book::Central: BIOGRAPHY O'Connor, S. 2019 - On Shelf"
https://catalog.saclibrary.org/GroupedWork/2e925da2-95a5-286d-9666-e2f2362e1cb6-eng,"Love, Queenie: Merle Oberon, Hollywood's first South Asian star","Sen, Mayukh",9781324050810,,"W.W. Norton and Company; W. W. Norton & Company; Tantor Media, Inc",2025,"New York",eAudiobook;Book;eBook,"Book::Central: BIOGRAPHY Oberon, M. 2025 - On Shelf,Book::Fair Oaks: BIOGRAPHY Oberon, M. 2025 - On Shelf,Book::Sylvan Oaks: BIOGRAPHY Oberon, M. 2025 - In Transit"
https://catalog.saclibrary.org/GroupedWork/c7487bc0-7b5d-a577-648d-ed163fe0332d-eng,"Tippi: a memoir","Hedren, Tippi",9780062469038,,"William Morrow; HarperCollins; HarperAudio; William Morrow, an imprint of HarperCollins Publishers",2016,"New York, NY",eAudiobook;Book;eBook,"Book::Central: BIOGRAPHY Hedren, T. 2016 - On Shelf,Book::Fair Oaks: BIOGRAPHY Hedren, T. 2016 - Checked Out,Book::South Natomas: BIOGRAPHY Hedren, T. 2016 - On Shelf"
https://catalog.saclibrary.org/GroupedWork/b4a497de-8b38-5d26-e940-421d90b58057-eng,Fosse,"Wasson, Sam",9780547553290,,"Houghton Mifflin Harcourt; HarperCollins; Harper Perennial; HarperAudio; Blackstone Publishing","2013 - 2024",Boston,eAudiobook;eBook;Book,"Book::Central: BIOGRAPHY Fosse, B. 2013 - On Shelf,Book::Courtland: BIOGRAPHY Fosse, B. 2013 - On Shelf,Book::Sylvan Oaks: BIOGRAPHY Fosse, B. 2013 - Checked Out"
https://catalog.saclibrary.org/GroupedWork/adf467df-1e5e-a67d-1c0b-4fc8127bcdab-eng,"I was better last night: a memoir","Fierstein, Harvey, 1952-",9780593320525,,"Alfred A. Knopf; Knopf Doubleday Publishing Group; Books on Tape",2022,"New York",eAudiobook;Book;eBook,"Book::Carmichael: BIOGRAPHY Fierstein, H. 2022 - On Shelf,Book::Central: BIOGRAPHY Fierstein, H. 2022 - On Shelf,Book::Belle Cooledge: BIOGRAPHY Fierstein, H. 2022 - On Shelf"
https://catalog.saclibrary.org/GroupedWork/ba807132-aa6a-8aed-f0b5-b175930b5d55-eng,"Wishful drinking","Fisher, Carrie",9781439102251,,"HighBridge, a division of Recorded Books; Simon & Schuster Audio; Simon & Schuster","2008 - 2009","New York; [New York, N.Y.]","eAudiobook;Audiobook - CD;Book;eBook","Book::Sylvan Oaks: BIOGRAPHY Fisher, C. 2008 - Checked Out,Book::Colusa Main Branch Adult Collection: 791.43028 F - On Shelf,Book::Folsom Reading Room: BIOGRAPHY Fisher, C. 2008 - On Shelf"
https://catalog.saclibrary.org/GroupedWork/fe4bc6e8-15d9-8741-61bc-11e75fa50600-eng,"Softly, as I leave you: life after Elvis-a memoir","Presley, Priscilla, 1945-",9780306836480,,"Hachette Audio; Grand Central Publishing",2025,"New York",eAudiobook;Book,"Book::Arcade: BIOGRAPHY Presley, P. 2025 - On Shelf,Book::Central: BIOGRAPHY Presley, P. 2025 - On Shelf,Book::Colonial Heights: BIOGRAPHY Presley, P. 2025 - Checked Out"
https://catalog.saclibrary.org/GroupedWork/4b2a54a9-c64b-45be-b95b-a85a675e4724-eng,"Letterman: the last giant of late night","Zinoman, Jason",9780062377210,,"HarperCollins; HarperAudio; Harper, an imprint of HarperCollinsPublishers",2017,"New York, NY",eAudiobook;eBook;Book,"Book::Arcade: BIOGRAPHY Letterman, D. 2017 - In Transit,Book::Carmichael: BIOGRAPHY Letterman, D. 2017 - On Shelf,Book::Central: BIOGRAPHY Letterman, D. 2017 - On Shelf"
https://catalog.saclibrary.org/GroupedWork/93617d2c-a47b-9037-e7f1-3d7de3723ef8-eng,"The contender: the story of Marlon Brando","Mann, William J",9780062427649,,"HarperCollins; HarperAudio; Harper, an imprint of HarperCollinsPublishers; Harper",2019,"New York, NY",eBook;Book;eAudiobook,"Book::Central: BIOGRAPHY Brando, M. 2019 - On Shelf,Book::South Natomas: BIOGRAPHY Brando, M. 2019 - On Shelf,Book::Woodland Public Library: BIOGRAPHY Brando, M. 2019 - On Shelf"
https://catalog.saclibrary.org/GroupedWork/b39db2a2-95e8-d750-4ded-73ab62ad6a50-eng,"The Silver Swan: in search of Doris Duke","Bingham, Sallie",9780374142599,,"Farrar, Straus and Giroux; Tantor Media, Inc","2020 - 2024","New York",eAudiobook;eBook;Book,"Book::Carmichael: BIOGRAPHY Duke, D. 2020 - On Shelf,Book::Central: BIOGRAPHY Duke, D. 2020 - On Shelf,Book::Franklin: BIOGRAPHY Duke, D. 2020 - On Shelf"
https://catalog.saclibrary.org/GroupedWork/ca1001a7-1010-2887-3f7d-df76cffc42dd-eng,"The Lowells of Massachusetts: an American family","Sankovitch, Nina",9781250069207,,"St. Martin's Press; St. Martin's Publishing Group; Highbridge Company",2017,"New York",eBook;Book;eAudiobook,"Book::Arcade: BIOGRAPHY Lowell 2017 - On Shelf,Book::Central: BIOGRAPHY Lowell 2017 - On Shelf,Book::Galt: BIOGRAPHY Lowell 2017 - On Shelf"
https://catalog.saclibrary.org/GroupedWork/d3b7c100-9ef0-0f24-d456-122be9e4ce6f-eng,"Jim Brown: last man standing","Zirin, Dave",9780399173448,,"Blue Rider Press; Penguin Publishing Group",2018,"New York, New York",eBook;Book,"Book::Arcade: BIOGRAPHY Brown, J. 2018 - On Shelf,Book::Carmichael: BIOGRAPHY Brown, J. 2018 - On Shelf,Book::Courtland: BIOGRAPHY Brown, J. 2018 - On Shelf"
https://catalog.saclibrary.org/GroupedWork/e909d2f9-5eb1-dacc-0a0f-1c3c19bb8ed2-eng,"Man of tomorrow: the relentless life of Jerry Brown","Newton, Jim",9780316392464,,"Hachette Audio; Little, Brown and Company",2020,"New York, NY",eAudiobook;Book;eBook,"Book::Central: BIOGRAPHY Brown, J. 2020 - On Shelf,Book::McKinley: BIOGRAPHY Brown, J. 2020 - On Shelf,Book::South Natomas: BIOGRAPHY Brown, J. 2020 - On Shelf"
https://catalog.saclibrary.org/GroupedWork/84174f39-7b3e-a397-b161-e8f96931e185-eng,"Madonna: a rebel life","Gabriel, Mary, 1955-",9780316456470,,"Little, Brown and Company",2023,"New York",eBook;Book,"Book::Carmichael: BIOGRAPHY Madonna 2023 - On Shelf,Book::Fair Oaks: BIOGRAPHY Madonna 2023 - Checked Out,Book::McKinley: BIOGRAPHY Madonna 2023 - On Shelf"
https://catalog.saclibrary.org/GroupedWork/50d57810-000e-a42f-955e-f858f607f896-eng,"Living history","Clinton, Hillary Rodham",9780743222242,,"Simon & Schuster Audio; Simon & Schuster",2003,"New York, NY",eBook;Book,"Book::Central: BIOGRAPHY Clinton, H. 2003 - On Shelf,Book::Pocket-Greenhaven: BIOGRAPHY Clinton, H. 2003 - On Shelf,Book::Sutter County Main Branch: BIOGRAPHY CLINTON - On Shelf"
https://catalog.saclibrary.org/GroupedWork/f8a01685-f022-8ae7-ea80-770fe21d2eb1-eng,"Full of life: a biography of John Fante","Cooper, Stephen, 1949-",9780865475540,,"North Point Press",2000,"New York",Book,"Book::Central: BIOGRAPHY Fante, J. 2000 - OFF CAMPUS"
https://catalog.saclibrary.org/GroupedWork/41353ae9-1453-53ed-4961-4ade9d9cf670-eng,"My journey","Karan, Donna, 1948-",9781101883495,,"Ballantine Books; Random House Publishing Group; Books on Tape",2015,"New York",eAudiobook;eBook;Book,"Book::Carmichael: BIOGRAPHY Karan, D. 2015 - Checked Out,Book::Central: BIOGRAPHY Karan, D. 2015 - On Shelf,Book::Southgate: BIOGRAPHY Karan, D. 2015 - On Shelf"
https://catalog.saclibrary.org/GroupedWork/7c5e5b60-7fc7-05af-d9e8-8b4e360706f6-eng,"Frank Lloyd Wright: a biography","Secrest, Meryle",9780226744148,,"Knopf; University of Chicago Press","1992 - 1998","New York; Chicago",Book,
https://catalog.saclibrary.org/GroupedWork/e7149bba-ac01-c81d-f4dd-53a8604673a7-eng,"Rabbit: the autobiography of Ms. Pat","Williams, Patricia (Comedian)",9780062407306,,"Dey St., an imprint of William Morrow; HarperCollins; HarperAudio",2017,"New York, NY",eAudiobook;Book,"Book::Central: BIOGRAPHY Williams, P. 2017 - On Shelf,Book::Rio Linda: BIOGRAPHY Williams, P. 2017 - On Shelf"
https://catalog.saclibrary.org/GroupedWork/e8d053f7-b709-0d56-16eb-55e24bd10718-eng,"Cleopatra: a life","Schiff, Stacy",9780316001922,,"Hachette Audio; Little, Brown and Company; Little, Brown and Co; Books on Tape",2010,"New York; [New York]; Westminster, Md","eAudiobook;Audiobook - CD;Large Print;Book;eBook","Book::Arcade: BIOGRAPHY Cleopatra 2010 - On Shelf,Book::Elk Grove: BIOGRAPHY Cleopatra 2010 - On Shelf,Book::North Natomas: BIOGRAPHY Cleopatra 2010 - On Shelf"
https://catalog.saclibrary.org/GroupedWork/cbd7cb41-2ca3-e3eb-b309-9017e4aaf3d3-eng,"The mockingbird next door: life with Harper Lee","Mills, Marja",9781594205194,,"The Penguin Press; Books on Tape; Penguin Publishing Group",2014,"New York",eAudiobook;eBook;Book,"Book::Arcade: BIOGRAPHY Lee, H. 2014 - On Shelf,Book::Central: BIOGRAPHY Lee, H. 2014 - On Shelf,Book::Belle Cooledge: BIOGRAPHY Lee, H. 2014 - On Shelf"
https://catalog.saclibrary.org/GroupedWork/dda64194-b629-5fa6-8b14-c8e778153afe-eng,"In pieces: a memoir","Field, Sally",9781538763025,,"Hachette Audio; Grand Central Publishing Large Print; Grand Central Publishing",2018,"New York; New York, NY; [New York, NY]","eAudiobook;Audiobook - CD;eBook;Large Print;Book","Book::Carmichael: BIOGRAPHY Field, S. 2018 - Checked Out,Book::Central: BIOGRAPHY Field, S. 2018 - On Shelf,Book::Belle Cooledge: BIOGRAPHY Field, S. 2018 - Checked Out"
https://catalog.saclibrary.org/GroupedWork/aaca42fc-0614-126a-8b98-6b3cefeb253d-eng,"I'm that girl: living the power of my dreams","Chiles, Jordan",9780063443402,,"Harper Influence; HarperCollins",2025,"New York, NY",eAudiobook;eBook;Book,"Book::Carmichael: BIOGRAPHY Chiles, J. 2025 - Checked Out,Book::Central: BIOGRAPHY Chiles, J. 2025 - On Shelf,Book::Rancho Cordova: BIOGRAPHY Chiles, J. 2025 - On Shelf"
https://catalog.saclibrary.org/GroupedWork/62d11c35-9fd4-47cc-79af-26fb0d009615-eng,"Hemingway's cats: an illustrated biography","Brennen, Carlene Fredericka",9781561643424,,"Pineapple Press","2005 - 2015","Sarasota, Fla",eBook;Book,
https://catalog.saclibrary.org/GroupedWork/e5b137e9-2b59-cf7e-bc6c-4f1835754894-eng,"Wanderlust: an eccentric explorer, an epic journey, a lost age","Mitenbuler, Reid",9780358468325,,"HarperAudio; HarperCollins; Sugar23 Books, Mariner Books",2023,"New York",eBook;Book;eAudiobook,"Book::Central: BIOGRAPHY Freuchen, P. 2023 - On Shelf,Book::Courtland: BIOGRAPHY Freuchen, P. 2023 - On Shelf,Book::Fair Oaks: BIOGRAPHY Freuchen, P. 2023 - On Shelf"
https://catalog.saclibrary.org/GroupedWork/07c09e22-3ec2-ea4e-3f17-911ffc584c0f-eng,"Capital Gaines: smart things I learned doing stupid stuff","Gaines, Chip, 1974-",9780785216308,,"Thomas Nelson",2017,Nashville,eAudiobook;eBook;Book,"Book::Carmichael: BIOGRAPHY Gaines, C. 2017 - On Shelf,Book::McKinley: BIOGRAPHY Gaines, C. 2017 - On Shelf,Book::Rio Linda: BIOGRAPHY Gaines, C. 2017 - On Shelf"
https://catalog.saclibrary.org/GroupedWork/7e94affa-fd15-3eae-b5e9-b6e363c61864-eng,"FLUSH: a biography","Woolf, Virginia, 1882-1941",9798889421658,,"INDOEUROPEANPUBLISHING CO; Canongate Books",2023,[S.l.],Book;eAudiobook,
https://catalog.saclibrary.org/GroupedWork/52d0fed7-d8ac-e66d-cdc2-6f65479ed5fb-eng,"The beauty of living twice","Stone, Sharon, 1958-",9780525656760,,"W. F. Howes Ltd; Alfred A. Knopf; Books on Tape",2021,"New York",eAudiobook;Book,"Book::Central: BIOGRAPHY Stone, S. 2021 - On Shelf,Book::Fair Oaks: BIOGRAPHY Stone, S. 2021 - On Shelf,Book::Galt: BIOGRAPHY Stone, S. 2021 - On Shelf"
https://catalog.saclibrary.org/GroupedWork/3f0d2344-1f5e-d203-6076-d831de303a51-eng,"Candy Darling: dreamer, icon, superstar","Carr, Cynthia, 1950-",9781250066350,,"Farrar, Straus and Giroux; Macmillan Audio",2024,"New York",eAudiobook;Book,"Book::Carmichael: BIOGRAPHY Darling, C. 2024 - Checked Out,Book::Central: BIOGRAPHY Darling, C. 2024 - On Shelf,Book::McKinley: BIOGRAPHY Darling, C. 2024 - On Shelf"
https://catalog.saclibrary.org/GroupedWork/b0cae063-4d36-8c93-f345-2d25cc0ebd14-eng,"My effin' life","Lee, Geddy",9780063159419,,"HarperCollins; HarperAudio; Harper",2023,"New York",eAudiobook;eBook;Book,"Book::Central: BIOGRAPHY Lee, G. 2023 - On Shelf,Book::Elk Grove: BIOGRAPHY Lee, G. 2023 - On Shelf,Book::Franklin: BIOGRAPHY Lee, G. 2023 - Checked Out"
https://catalog.saclibrary.org/GroupedWork/5be8617e-8812-dbe6-6e34-bb31a589b879-eng,"George Lucas: a life","Jones, Brian Jay",9780316257442,,"Hachette Audio; Little, Brown and Company",2016,"New York; [New York]","Audiobook - CD;eBook;Book","Book::Carmichael: BIOGRAPHY Lucas, G. 2016 - On Shelf,Book::Franklin: BIOGRAPHY Lucas, G. 2016 - On Shelf,Book::North Natomas: BIOGRAPHY Lucas, G. 2016 - On Shelf"
https://catalog.saclibrary.org/GroupedWork/ce349695-7627-7c3c-0908-dd6f2baacc54-eng,"The song poet: a memoir of my father","Yang, Kao Kalia, 1980-",9781627794947,,"Highbridge Company; Henry Holt and Co.; Metropolitan Books, Henry Holt and Company",2016,"New York",eBook;Book;eAudiobook,"Book::Central: BIOGRAPHY Yang, B. 2016 - On Shelf,Book::Franklin: BIOGRAPHY Yang, B. 2016 - On Shelf,Book::South Natomas: BIOGRAPHY Yang, B. 2016 - On Shelf"
https://catalog.saclibrary.org/GroupedWork/f391e424-acb8-fffd-87ed-8cec804b14dd-eng,"Didn't we almost have it all: in defense of Whitney Houston","Kennedy, Gerrick",9781419749698,,"Abrams; ABRAMS",2022,"New York",eBook;Book,"Book::Carmichael: BIOGRAPHY Houston, W. 2022 - On Shelf,Book::Central: BIOGRAPHY Houston, W. 2022 - On Shelf,Book::Franklin: BIOGRAPHY Houston, W. 2022 - On Shelf"
https://catalog.saclibrary.org/GroupedWork/1891ab32-42a0-45a2-1a43-4ccc43171a8b-eng,"Little wonder: the fabulous story of Lottie Dod, the world's first female sports superstar","Abramsky, Sasha",9781617758195,,"Edge of Sports",2020,"Brooklyn, New York",eBook;Book,"Book::Central: BIOGRAPHY Dod, L. 2020 - On Shelf,Book::McKinley: BIOGRAPHY Dod, L. 2020 - On Shelf,Book::South Natomas: BIOGRAPHY Dod, L. 2020 - On Shelf"
https://catalog.saclibrary.org/GroupedWork/4eb31f71-61ad-53af-445a-c26ed95084a6-eng,"America's reluctant prince: the life of John F. Kennedy Jr","Gillon, Steven M",9781524742386,,"Dutton; Penguin Random House Audio Publishing; Books on Tape",2019,"[New York]; [New York, NY]","eAudiobook;Audiobook - CD;Book","Book::Central: BIOGRAPHY Kennedy, J. 2019 - Checked Out,Book::Fair Oaks: BIOGRAPHY Kennedy, J. 2019 - Checked Out,Book::North Natomas: BIOGRAPHY Kennedy, J. 2019 - On Shelf"
https://catalog.saclibrary.org/GroupedWork/5f977ebb-5d59-4900-9de5-b470a95046f7-eng,"Where I come from: life lessons from a Latino chef","Sánchez, Aarón",9781419738029,,"Abrams Press; ABRAMS Press; ABRAMS, Inc.",2019,"New York",eBook;Book,"Book::Central: BIOGRAPHY Sanchez, A. 2019 - On Shelf,Book::Fair Oaks: BIOGRAPHY Sanchez, A. 2019 - On Shelf,Book::Rio Linda: BIOGRAPHY Sanchez, A. 2019 - On Shelf"
https://catalog.saclibrary.org/GroupedWork/d790793c-0a67-25a3-49b9-e0671c5dd7ec-eng,"Being Elvis: a lonely life","Connolly, Ray, 1940-",9781631492808,,"Tantor Media, Inc.; Tantor Media, Inc; Liveright Publishing Corporation",2017,"New York",eAudiobook;Book,"Book::Central: BIOGRAPHY Presley, E. 2017 - On Shelf,Book::Belle Cooledge: BIOGRAPHY Presley, E. 2017 - On Shelf,Book::Isleton: BIOGRAPHY Presley, E. 2017 - On Shelf"
https://catalog.saclibrary.org/GroupedWork/07999e97-b25f-209e-1ffb-96c6212e4ee5-eng,"Above the noise: my story of chasing calm","DeRozan, DeMar, 1989-",9780593581261,,"Harmony; Books on Tape; Harmony/Rodale/Convergent",2024,"New York",eAudiobook;Book;eBook,"Book::Central: BIOGRAPHY DeRozan, D. 2024 - On Shelf,Book::Belle Cooledge: BIOGRAPHY DeRozan, D. 2024 - On Shelf,Book::Elk Grove: BIOGRAPHY DeRozan, D. 2024 - On Shelf"
https://catalog.saclibrary.org/GroupedWork/8c4672d8-547f-73bd-052b-6f9e75c30dec-eng,"Sally Ride: America's first woman in space","Sherr, Lynn",9781476725765,,"Tantor Media, Inc.; Tantor Media, Inc; Simon & Schuster",2014,"New York",eAudiobook;Book,"Book::Isleton: BIOGRAPHY Ride, S. 2014 - On Shelf,Book::Rancho Cordova: BIOGRAPHY Ride, S. 2014 - On Shelf,Book::Southgate: BIOGRAPHY Ride, S. 2014 - On Shelf"
https://catalog.saclibrary.org/GroupedWork/ce463f82-ee16-881f-7f4b-63423bb3d57a-eng,"Coming up for air","Daley, Tom, 1994-",9781335662569,,"Harlequin Audio; HarlequinAudio; Hanover Square Press",2022,Toronto,eAudiobook;eBook;Book,"Book::Arcade: BIOGRAPHY Daley, T. 2022 - On Shelf,Book::Carmichael: BIOGRAPHY Daley, T. 2022 - On Shelf,Book::Central: BIOGRAPHY Daley, T. 2022 - On Shelf"
https://catalog.saclibrary.org/GroupedWork/32b9ebb7-c6d3-f0ab-08a1-b2b1efad271c-eng,"Rumi's secret: the life of the Sufi poet of love","Gooch, Brad, 1952-",9780061999147,,"HarperCollins; HarperCollins Publishers; Harper",2017,"New York, NY",eBook;Book,"Book::Central: BIOGRAPHY Jalal al-Din Rumi 2017 - On Shelf,Book::Fair Oaks: BIOGRAPHY Jalal al-Din Rumi 2017 - On Shelf,Book::Sylvan Oaks: BIOGRAPHY Jalal al-Din Rumi 2017 - On Shelf"
https://catalog.saclibrary.org/GroupedWork/1a3dcd7e-51d0-9fa0-8be2-58ed7d27f5f1-eng,"Mixed plate: chronicles of an All-American combo","Koy, Jo",9780062969965,,"Dey St., an imprint of William Morrow; HarperCollins; HarperAudio",2021,"New York, NY",eAudiobook;Book;eBook,"Book::Central: BIOGRAPHY Koy, J. 2021 - On Shelf,Book::Elk Grove: BIOGRAPHY Koy, J. 2021 - On Shelf,Book::South Natomas: BIOGRAPHY Koy, J. 2021 - On Shelf"
https://catalog.saclibrary.org/GroupedWork/88310cdb-f8ab-a784-4e30-42909a2ec014-eng,"Sam Shepard: a life","Winters, John J",9781619027084,,"Counterpoint; Catapult",2017,"Berkeley, CA",eBook;Book,"Book::Fair Oaks: BIOGRAPHY Shepard, S. 2017 - On Shelf,Book::Valley Hi-North Laguna: BIOGRAPHY Shepard, S. 2017 - On Shelf"
https://catalog.saclibrary.org/GroupedWork/1aca7458-3846-12dc-3fdb-d0c336399e2d-eng,"Clarence Darrow: attorney for the damned","Farrell, John A. (John Aloysius)",9780385522588,,"Tantor Media, Inc.; Knopf Doubleday Publishing Group; Vintage Books; Doubleday","2011 - 2012","New York",eBook;Book;eAudiobook,"Book::Arcade: BIOGRAPHY Darrow, C. 2011 - On Shelf,Book::Pocket-Greenhaven: BIOGRAPHY Darrow, C. 2011 - On Shelf"
https://catalog.saclibrary.org/GroupedWork/a143f2f3-792b-e4d3-eac1-afb79fad83a6-eng,"I am these truths: a memoir of identity, justice, and living between worlds","Hostin, Sunny",9780062950826,,"HarperCollins; HarperOne, an imprint of HarperCollinsPublishers; HarperOne; HarperAudio",2020,"New York, NY",eAudiobook;eBook;Book,"Book::Carmichael: BIOGRAPHY Hostin, S. 2020 - On Shelf,Book::Sylvan Oaks: BIOGRAPHY Hostin, S. 2020 - On Shelf"
https://catalog.saclibrary.org/GroupedWork/892e71d8-0f72-a70a-8b34-ba7dd8aa3618-eng,"Freedom: memoirs 1954-2021","Merkel, Angela, 1954-",9781250319906,,"St. Martin's Press; St. Martin's Publishing Group; Macmillan Audio",2024,"New York",eAudiobook;eBook;Book,"Book::Carmichael: BIOGRAPHY Merkel, A. 2024 - On Shelf,Book::Central: BIOGRAPHY Merkel, A. 2024 - On Shelf,Book::Colonial Heights: BIOGRAPHY Merkel, A. 2024 - On Shelf"
https://catalog.saclibrary.org/GroupedWork/fbe3f28e-caa6-bd10-e998-2fe41fcb3245-eng,"Rita Moreno: a memoir","Moreno, Rita",9780451416377,,"Celebra; Penguin Audio; Books on Tape; Penguin Publishing Group",2013,"New York; New York]","eAudiobook;Audiobook - CD;Book;eBook","Book::Valley Hi-North Laguna: BIOGRAPHY Moreno, R. 2013 - On Shelf"
https://catalog.saclibrary.org/GroupedWork/4ff8298d-dc9c-1a24-3546-b658d7dbac59-eng,"The last secret agent: my life as a spy behind Nazi lines","Latour, Pippa, 1921-2023",9781250384348,,"St. Martin's Press; St. Martin's Publishing Group; Macmillan Audio",2025,"New York",eAudiobook;Book;eBook,"Book::Arcade: BIOGRAPHY Latour, P. 2025 - Checked Out,Book::Central: BIOGRAPHY Latour, P. 2025 - Checked Out,Book::Fair Oaks: BIOGRAPHY Latour, P. 2025 - Checked Out"
https://catalog.saclibrary.org/GroupedWork/d5d661c5-734e-78d6-bee9-1624bdf60083-eng,"My lucky life in and out of show business: a memoir","Van Dyke, Dick",9780307592231,,"Crown; Crown Archetype; Books on Tape",2011,"New York",eAudiobook;eBook;Book,"Book::Rancho Cordova: BIOGRAPHY Van Dyke, D. 2011 - On Shelf,Book::Sutter County Main Branch: BIOGRAPHY VAN DYKE, D. - On Shelf"
https://catalog.saclibrary.org/GroupedWork/2c09042b-b762-35ec-cdcb-6cc821bef79d-eng,"Fierce ambition: the life and legend of war correspondent Maggie Higgins","Conant, Jennet",9780393882124,,"HighBridge; W. W. Norton & Company, Inc; Highbridge Company",2023,"New York",eAudiobook;Book,"Book::Carmichael: BIOGRAPHY Higgins, M. 2023 - On Shelf,Book::Central: BIOGRAPHY Higgins, M. 2023 - On Shelf,Book::Fair Oaks: BIOGRAPHY Higgins, M. 2023 - On Shelf"
https://catalog.saclibrary.org/GroupedWork/0d3655a2-3839-743a-7b0d-51ffa569a3c3-eng,"Always looking up: the adventures of an incurable optimist","Fox, Michael J., 1961-",9781401303389,,"Hyperion Audiobooks; Hyperion; Thorndike Press; Grand Central Publishing",2009,"New York; [New York, N.Y.]; Waterville, Me","Large Print;Audiobook - CD;eBook;Book","Book::Valley Hi-North Laguna: BIOGRAPHY Fox, M. 2009 - On Shelf,Book::Barber Branch: BIOGRAPHY FOX, M. - On Shelf,Book::Colusa Main Branch Adult Collection: B FOX F - On Shelf"
https://catalog.saclibrary.org/GroupedWork/4efc35eb-e3ff-78e1-e8a2-43b735fdce93-eng,"John Lewis: in search of the beloved community","Arsenault, Raymond",9780300253757,,"Tantor Media, Inc.; Yale University Press",2024,"New Haven, CT",eBook;Book;eAudiobook,"Book::Arcade: BIOGRAPHY Lewis, J. 2024 - On Shelf,Book::Central: BIOGRAPHY Lewis, J. 2024 - On Shelf,Book::Franklin: BIOGRAPHY Lewis, J. 2024 - On Shelf"
https://catalog.saclibrary.org/GroupedWork/1c7265d0-078f-85c6-9e7b-1ec3ebf22edd-eng,"Once we were sisters: a memoir","Kohler, Sheila",9780143129295,,"Blackstone Publishing; Thorndike Press; Penguin Books; Penguin Publishing Group","2016 - 2017","Waterville, Maine; New York, New York","eAudiobook;Large Print;Book;eBook","Book::Central: 828.91403 K794 2016 - On Shelf"
https://catalog.saclibrary.org/GroupedWork/1748430e-d324-e8ee-077f-b14eb700a6a7-eng,"Gellhorn: a twentieth-century life","Moorehead, Caroline",9780805076967,,"Henry Holt and Co.; H. Holt","2003 - 2007","New York",eBook;Book,"Book::Carmichael: BIOGRAPHY Gellhorn, M. 2004 - On Shelf,Book::Central: BIOGRAPHY Gellhorn, M. 2003 - On Shelf"
https://catalog.saclibrary.org/GroupedWork/c5c0ed19-30bf-2f53-b2f8-f7369b8d43ef-eng,"Yes, chef: a memoir","Samuelsson, Marcus",9780385342605,,"Random House; Random House Publishing Group; Books on Tape; Random House Audio",2012,"New York; Westminister, MD","eAudiobook;Audiobook - CD;eBook;Book","Book::Fair Oaks: BIOGRAPHY Samuelsson, M. 2012 - On Shelf,Book::Sutter County Main Branch: BIOGRAPHY SAMUELSSON, M. - On Shelf"
https://catalog.saclibrary.org/GroupedWork/c107fa3e-15a5-5fd2-c899-b4f5f3cd4bc0-eng,"Jacqueline Bouvier Kennedy Onassis: the untold story","Leaming, Barbara",9781250017642,,"Thomas Dunne Books/St. Martin's Press; St. Martin's Publishing Group; Thomas Dunne Books; Macmillan Audio","2014 - 2024","New York",eAudiobook;eBook;Book,"Book::Central: BIOGRAPHY Onassis, J. 2014 - On Shelf,Book::Sylvan Oaks: BIOGRAPHY Onassis, J. 2014 - On Shelf,Book::Folsom Reading Room: BIOGRAPHY Onassis, J. 2014 - On Shelf"
https://catalog.saclibrary.org/GroupedWork/063fcbe8-7e66-96be-f915-ce4e115ff11c-eng,"Reagan: the life","Brands, H. W",9780385536394,,"Knopf Doubleday Publishing Group; Books on Tape; Doubleday",2015,"New York",eAudiobook;eBook;Book,"Book::Carmichael: BIOGRAPHY Reagan, R. 2015 - On Shelf,Book::Central: BIOGRAPHY Reagan, R. 2015 - On Shelf,Book::Franklin: BIOGRAPHY Reagan, R. 2015 - On Shelf"
https://catalog.saclibrary.org/GroupedWork/97a67359-74b5-434e-d0b2-5744b8b7a441-eng,"Larry McMurtry: a life","Daugherty, Tracy",9781250282330,,"Recorded Books, Inc.; St. Martin's Press",2023,"New York",eAudiobook;Book,"Book::Central: BIOGRAPHY McMurtry, L. 2023 - On Shelf,Book::Colonial Heights: BIOGRAPHY McMurtry, L. 2023 - Checked Out,Book::North Sacramento-Hagginwood: BIOGRAPHY McMurtry, L. 2023 - On Shelf"
https://catalog.saclibrary.org/GroupedWork/0373b1c9-cbeb-9a56-522f-11231f24645f-eng,"Becoming Dr. Seuss: Theodor Geisel and the making of an American imagination","Jones, Brian Jay",9781524742782,,"Dutton; Penguin Publishing Group; Books on Tape",2019,"New York, New York",eAudiobook;Book;eBook,"Book::Central: BIOGRAPHY Seuss, Dr. 2019 - On Shelf,Book::Fair Oaks: BIOGRAPHY Seuss, Dr. 2019 - On Shelf,Book::Galt: BIOGRAPHY Seuss, Dr. 2019 - On Shelf"
https://catalog.saclibrary.org/GroupedWork/41e6059d-eb5f-5a5f-71e4-dc918ec3473e-eng,"Ma and me: a memoir","Reang, Putsata, 1974-",9780374279264,,"Farrar, Straus and Giroux; Macmillan Audio; MCD, Farrar, Straus and Giroux",2022,"New York",eAudiobook;Book;eBook,"Book::Carmichael: BIOGRAPHY Reang, P. 2022 - On Shelf,Book::Central: BIOGRAPHY Reang, P. 2022 - On Hold Shelf,Book::Franklin: BIOGRAPHY Reang, P. 2022 - On Shelf"
https://catalog.saclibrary.org/GroupedWork/97c16707-7f1b-f303-3739-e8ce43acb14b-eng,"Washington: a life","Chernow, Ron",9781594202667,9780142428337,"Penguin Group; Penguin Publishing Group; Books on Tape; Penguin Press",2010,"New York","eAudiobook;Audiobook - CD;eBook;Book","Book::Central: BIOGRAPHY Washington, G. 2010 - Checked Out,Book::Colonial Heights: BIOGRAPHY Washington, G. 2010 - On Shelf,Book::Rancho Cordova: BIOGRAPHY Washington, G. 2010 - On Shelf"
https://catalog.saclibrary.org/GroupedWork/88a484d6-6fb1-b169-3345-3ff9b3de2e6c-eng,"Famous father girl: a memoir of growing up Bernstein","Bernstein, Jamie, 1952-",9780062641359,,"HarperCollins; HarperAudio; Harper, an imprint of HarperCollinsPublishers",2018,"New York, N.Y",eBook;Book;eAudiobook,"Book::Carmichael: BIOGRAPHY Bernstein 2018 - On Shelf,Book::Central: BIOGRAPHY Bernstein 2018 - On Shelf,Book::Sylvan Oaks: BIOGRAPHY Bernstein 2018 - On Shelf"
https://catalog.saclibrary.org/GroupedWork/27c26074-9077-bdb7-c117-41909a709fa1-eng,"In extremis: the life and death of the war correspondent Marie Colvin","Hilsum, Lindsey",9780374175597,,"Farrar, Straus and Giroux; Macmillan Audio","2018 - 2024","New York",eBook;Book;eAudiobook,"Book::Carmichael: BIOGRAPHY Colvin, M. 2018 - On Shelf,Book::Central: BIOGRAPHY Colvin, M. 2018 - Checked Out,Book::McKinley: BIOGRAPHY Colvin, M. 2018 - On Shelf"
https://catalog.saclibrary.org/GroupedWork/b3ea0f2f-827b-dfec-32e9-3ca9ff4c3073-eng,"The confidante: the untold story of the woman who helped win WWII and shape modern America","Gorham, Christopher C",9780806542003,,"Tantor Media, Inc.; Citadel Press, Kensington Publishing Corp; Tantor Media, Inc; Citadel Press",2023,"New York, NY",eAudiobook;eBook;Book,"Book::Carmichael: BIOGRAPHY Rosenberg, A. 2023 - On Shelf,Book::Central: BIOGRAPHY Rosenberg, A. 2023 - On Shelf,Book::Fair Oaks: BIOGRAPHY Rosenberg, A. 2023 - On Shelf"
https://catalog.saclibrary.org/GroupedWork/cd3954d9-5426-4851-f9ea-5e5593edf6da-eng,"Angelica: for love and country in a time of revolution","Beer, Molly",9781324050216,,"W. W. Norton & Company; W.W. Norton & Company",2025,"New York, NY",eBook;Book,"Book::Central: BIOGRAPHY Church, A. 2025 - On Shelf,Book::Colonial Heights: BIOGRAPHY Church, A. 2025 - On Shelf,Book::Fair Oaks: BIOGRAPHY Church, A. 2025 - On Shelf"
https://catalog.saclibrary.org/GroupedWork/07176f71-a0c3-bcaf-12a5-fff09c227ddb-eng,"Does the noise in my head bother you?: a rock 'n' roll memoir","Tyler, Steven, 1948-",9780061767890,,"HarperCollins; HarperAudio; Ecco Press",2011,"New York",eAudiobook;eBook;Book,"Book::Carmichael: BIOGRAPHY Tyler, S. 2011 - On Shelf,Book::Central: BIOGRAPHY Tyler, S. 2011 - On Shelf,Book::Elk Grove: BIOGRAPHY Tyler, S. 2011 - On Shelf"
https://catalog.saclibrary.org/GroupedWork/d9f045f0-d0ab-a317-f4d2-33561e24f6c8-eng,"It wasn't meant to be perfect: a memoir","Lea, Gaelynn",9781643756431,,"Algonquin Books or Chapel Hill/Little, Brown and Company; Hachette Audio; Little, Brown and Company",2026,"New York, NY",eAudiobook;Book;eBook,"Book::Carmichael: BIOGRAPHY Lea, G. 2026 - OFF CAMPUS,Book::Central New Books - 4th Floor: BIOGRAPHY Lea, G. 2026 - OFF CAMPUS,Book::Fair Oaks: BIOGRAPHY Lea, G. 2026 - In Transit"
https://catalog.saclibrary.org/GroupedWork/8fba0ff7-060d-cb11-79ca-6e9e3423312a-eng,"Vagabond: a memoir","Curry, Tim",9780306835841,,"Hachette Audio; Grand Central Publishing",2025,"New York",eAudiobook;Book;eBook,"Book::Arcade: BIOGRAPHY Curry, T. 2025 - On Hold Shelf,Book::Central: BIOGRAPHY Curry, T. 2025 - On Shelf,Book::Pocket-Greenhaven: BIOGRAPHY Curry, T. 2025 - Checked Out"
https://catalog.saclibrary.org/GroupedWork/b5fb4113-7293-3914-017b-e1407113792b-eng,"Mary Lincoln, biography of a marriage","Randall, Ruth Painter",9781787200265,,"Golden Springs Publishing; Little, Brown; BN Publishing; HN Publishing; Findaway Voices","1953 - 2019",Boston,eBook;Book;eAudiobook,
https://catalog.saclibrary.org/GroupedWork/7db311a6-c4ac-391f-366e-eaf8cf646805-eng,"Abigail Adams: a biography","Levin, Phyllis Lee",9780312000073,,"St. Martin's Press; St. Martin's Griffin","1987 - 2024","New York",eBook;Book,
https://catalog.saclibrary.org/GroupedWork/83cb0683-cdfc-3456-6ec2-5465acd5ec94-eng,"Just Tyrus: a memoir","Tyrus, 1973-",9781637580660,,"Tantor Media, Inc.; Post Hill Press",2022,"New York",eBook;Book;eAudiobook,"Book::Carmichael: BIOGRAPHY Tyrus 2022 - On Shelf,Book::Central: BIOGRAPHY Tyrus 2022 - On Shelf,Book::Fair Oaks: BIOGRAPHY Tyrus 2022 - On Shelf"
https://catalog.saclibrary.org/GroupedWork/67709171-12f6-7b6b-a0e3-33489b5a74a6-eng,"Ever by my side: a memoir in eight acts, pets","Trout, Nick",9780767932004,,"Tantor Media, Inc.; Tantor Media; Thorndike Press; Broadway Books",2011,"New York; [Old Saybrook, CT]; Waterville, Me","Large Print;Audiobook - CD;Book;eAudiobook","Book::Carmichael: 636.0897 T861e 2011 - On Shelf,Book::North Natomas: 636.0897 T861e 2011 - On Shelf"
https://catalog.saclibrary.org/GroupedWork/bff57d50-f845-b1c2-0d8b-a41eeb6f06ab-eng,"It's never too late: a memoir","Gibbs, Marla, 1931-",9780063356641,,"Amistad; HarperCollins",2026,"New York",eAudiobook;Book;eBook,"Book::Arcade: BIOGRAPHY Gibbs, M. 2026 - OFF CAMPUS,Book::Central New Books - 4th Floor: BIOGRAPHY Gibbs, M. 2026 - On Shelf,Book::Franklin: BIOGRAPHY Gibbs, M. 2026 - On Shelf"
https://catalog.saclibrary.org/GroupedWork/d61356a2-27f0-f36e-8ffc-492383671e67-eng,"Ali: a life","Eig, Jonathan",9780544435247,,"Recorded Books, Llc; Houghton Mifflin Harcourt; HarperCollins; HarperAudio; Mariner Books","2017 - 2024","[United States]; Boston","Audiobook - CD;eBook;Book;eAudiobook","Book::Carmichael: BIOGRAPHY Ali, M. 2017 - On Shelf,Book::Colonial Heights: BIOGRAPHY Ali, M. 2017 - On Shelf,Book::Elk Grove: BIOGRAPHY Ali, M. 2017 - On Shelf"
https://catalog.saclibrary.org/GroupedWork/6399f35b-c563-7d28-6cc2-3f83c463020c-eng,"The life of Thomas More","Ackroyd, Peter, 1949-",9780385496933,,"Anchor Books; Nan A. Talese; Blackstone Publishing","1998 - 2007","New York",Book;eAudiobook,"Book::Pocket-Greenhaven: BIOGRAPHY More, T. 1999 - On Shelf,Book::Central: BIOGRAPHY More, T. 1998 - On Shelf,Book::Woodland Public Library: 942.052 Ack 1998 - On Shelf"
https://catalog.saclibrary.org/GroupedWork/9b8dae69-1a84-f128-a8e0-f405db4dd634-eng,"To the one I love the best","Bemelmans, Ludwig, 1898-1962",9781782277934,,"Tantor Media, Inc.; Viking Press; Pushkin Press","1955 - 2023","New York; London",Book;eAudiobook,"Book::Central: BIOGRAPHY De Wolfe, E. 2023 - On Shelf,Book::Fair Oaks: BIOGRAPHY De Wolfe, E. 2023 - Checked Out,Book::Central Closed Stacks - Library Use Only: BIOGRAPHY DeWolfe INA - Library Use Only"
https://catalog.saclibrary.org/GroupedWork/be738015-f073-fb64-dd54-bb657dfd8f06-eng,"The world according to Joan Didion","McDonnell, Evelyn",9780063289079,,"HarperCollins; HarperOne, an imprint of HarperCollinsPublishers; HarperAudio",2023,"New York, NY",eAudiobook;eBook;Book,"Book::Carmichael: BIOGRAPHY Didion, J. 2023 - On Shelf,Book::Central: BIOGRAPHY Didion, J. 2023 - On Shelf,Book::Elk Grove: BIOGRAPHY Didion, J. 2023 - On Shelf"
https://catalog.saclibrary.org/GroupedWork/d8c6e7a7-6602-ad55-8db5-798d46d74395-eng,"When Caesar was king: how Sid Caesar reinvented American comedy","Margolick, David",9780805242553,,"Knopf Doubleday Publishing Group; Books on Tape; Schocken Books","2025 - 2026","New York",eAudiobook;Book;eBook,"Book::Elk Grove: BIOGRAPHY Caesar, S. 2025 - On Shelf,Book::Fair Oaks: BIOGRAPHY Caesar, S. 2025 - On Shelf"
https://catalog.saclibrary.org/GroupedWork/3cc69036-d47d-cbc1-e663-b8d6d3466255-eng,"She came to slay: the life and times of Harriet Tubman","Dunbar, Erica Armstrong",9781982139599,,"37 Ink, Simon & Schuster; Simon & Schuster Audio; S&S/37 Ink",2019,"New York",eAudiobook;Book;eBook,"Book::Central: BIOGRAPHY Tubman, H. 2019 - On Shelf,Book::Franklin: BIOGRAPHY Tubman, H. 2019 - On Shelf,Book::Rancho Cordova: BIOGRAPHY Tubman, H. 2019 - Checked Out"
https://catalog.saclibrary.org/GroupedWork/fd8780b8-c912-6837-29cb-6126fc0d2936-eng,"Mick Jagger","Norman, Philip, 1943-",9780061944857,,"HarperCollins; HarperAudio; Ecco",2012,"New York",eBook;Book;eAudiobook,"Book::Valley Hi-North Laguna: BIOGRAPHY Jagger, M. 2012 - On Shelf,Book::Woodland Public Library: BIOGRAPHY Jagger 2012 - On Shelf"
https://catalog.saclibrary.org/GroupedWork/ba8bfdea-01f4-987d-1de9-8ccbd632fa6e-eng,"Because I come from a crazy family: the making of a psychiatrist","Hallowell, Edward M",9781632868589,,"Bloomsbury; Bloomsbury Publishing",2018,"New York",eBook;Book,"Book::Central: BIOGRAPHY Hallowell, E. 2018 - On Shelf,Book::North Highlands-Antelope: BIOGRAPHY Hallowell, E. 2018 - Checked Out,Book::Valley Hi-North Laguna: BIOGRAPHY Hallowell, E. 2018 - On Shelf"
https://catalog.saclibrary.org/GroupedWork/a7719d81-6b00-b114-0ab5-a1f631a1b525-eng,"No filter: the good, the bad, and the beautiful","Porizkova, Paulina",9780593493526,,"The Open Field/Penguin Life; Books on Tape; Penguin Publishing Group",2022,"[New York]",eAudiobook;Book;eBook,"Book::Central: BIOGRAPHY Porizkova, P. 2022 - On Shelf,Book::Fair Oaks: BIOGRAPHY Porizkova, P. 2022 - On Shelf,Book::Franklin: BIOGRAPHY Porizkova, P. 2022 - On Shelf"
https://catalog.saclibrary.org/GroupedWork/14e0053a-06c9-4c43-b2be-7e2e49d55690-eng,"Crusade for justice: the autobiography of Ida B. Wells","Wells-Barnett, Ida B., 1862-1931",9780226893440,,"University of Chicago Press",1970,Chicago,Book,"Book::Central: BIOGRAPHY Wells-Barnett, I. 1970 - On Shelf,Book::Folsom Adult: 323.092 WEL 1970 - On Shelf"
https://catalog.saclibrary.org/GroupedWork/39250e02-05be-b67c-bbce-de84e221200c-eng,"Say everything: a memoir","Skye, Ione",9781668048269,,"Simon & Schuster Audio; Gallery Books",2025,"New York",eAudiobook;Book;eBook,"Book::Central: BIOGRAPHY Skye, I. 2025 - On Shelf,Book::Belle Cooledge: BIOGRAPHY Skye, I. 2025 - On Shelf,Book::Galt: BIOGRAPHY Skye, I. 2025 - On Shelf"
https://catalog.saclibrary.org/GroupedWork/c16cf6b3-d5c0-c476-0a03-0cf210c7f208-eng,"Extraordinary, ordinary people: a memoir of family","Rice, Condoleezza, 1954-",9780307587879,,"Crown; Crown Archetype; Books on Tape",2010,"New York",eAudiobook;eBook;Book,"Book::Courtland: BIOGRAPHY Rice, C. 2010 - On Shelf,Book::Sylvan Oaks: BIOGRAPHY Rice, C. 2010 - On Shelf,Book::Sutter County Main Branch: 327.73 RIC - On Shelf"
https://catalog.saclibrary.org/GroupedWork/d8d3770c-50c0-854a-1cfb-ec46638e0e10-eng,"Cher: the memoir, part one","Cher, 1946-",9780062863102,,"Dey St. an imprint of William Morrow; William Morrow Large Print",2024,"New York, N.Y; New York, NY","Large Print;Book","Book::Arcade: BIOGRAPHY Cher 2024 - On Shelf,Book::Arden-Dimick: BIOGRAPHY Cher 2024 - Checked Out,Book::Franklin: BIOGRAPHY Cher 2024 - On Shelf"
https://catalog.saclibrary.org/GroupedWork/e48fe28d-903d-ae4f-29b4-2010a9e8ee1c-eng,"Fierce patriot: the tangled lives of William Tecumseh Sherman","O'Connell, Robert L",9781400069729,,"Recorded Books, Inc.; Random House; Random House Publishing Group",2014,"New York",eBook;Book;eAudiobook,"Book::Colonial Heights: BIOGRAPHY Sherman, W. 2014 - On Shelf,Book::South Natomas: BIOGRAPHY Sherman, W. 2014 - On Shelf,Book::Southgate: BIOGRAPHY Sherman, W. 2014 - On Shelf"
https://catalog.saclibrary.org/GroupedWork/3900c361-93ee-ead9-5786-2845ddd05f7f-eng,"The Dalai Lama: an extraordinary life","Norman, Alexander",9780544416581,,"Houghton Mifflin Harcourt; HarperCollins; Mariner Books",2020,Boston,eBook;Book,"Book::Central: BIOGRAPHY Dalai Lama 2020 - On Shelf,Book::McKinley: BIOGRAPHY Dalai Lama 2020 - On Shelf,Book::Rancho Cordova: BIOGRAPHY Dalai Lama 2020 - On Shelf"
https://catalog.saclibrary.org/GroupedWork/dd0b4e8b-d36e-acfe-bab8-fbe9b2f489a1-eng,"The price of illusion: a memoir","Buck, Joan Juliet",9781476762944,,"Tantor Media, Inc.; Atria Books","2017 - 2018","New York",eBook;Book;eAudiobook,"Book::Central: BIOGRAPHY Buck, J. 2017 - On Shelf,Book::South Natomas: BIOGRAPHY Buck, J. 2017 - On Shelf,Book::Rancho Cordova: BIOGRAPHY Buck, J. 2017 - On Shelf"
https://catalog.saclibrary.org/GroupedWork/7101e915-df0e-e424-b86b-b75f9605cef0-eng,"Chasing hope: a reporter's life","Kristof, Nicholas D., 1959-",9780593536568,,"Alfred A. Knopf; Knopf Doubleday Publishing Group; Random House Large Print; Books on Tape",2024,"New York; [New York]","eAudiobook;Large Print;Book;eBook","Book::Carmichael: BIOGRAPHY Kristof, N. 2024 - On Shelf,Book::Central: BIOGRAPHY Kristof, N. 2024 - On Shelf,Book::Franklin: BIOGRAPHY Kristof, N. 2024 - On Shelf"
https://catalog.saclibrary.org/GroupedWork/9a41c766-9b51-b919-6913-fa395779d2e4-eng,"The McCartney legacy: Volume 2, 1974-80","Kozinn, Allan",9780063000759,,"Dey St., an imprint of William Morrow; HarperCollins",2024,"New York, NY",eBook;Book,"Book::Central: BIOGRAPHY McCartney, P. 2024 v.2 - On Shelf,Book::Courtland: BIOGRAPHY McCartney, P. 2024 v.2 - On Shelf,Book::Fair Oaks: BIOGRAPHY McCartney, P. 2024 v.2 - On Shelf"
https://catalog.saclibrary.org/GroupedWork/2079131f-d46f-9389-9374-e8e2807f6cf8-eng,"Wild thing: the short, spellbinding life of Jimi Hendrix","Norman, Philip, 1943-",9781631495892,,"Recorded Books, Inc.; Liveright Publishing Corporation, a division of W.W. Norton & Company",2020,"New York, NY",eAudiobook;Book,"Book::Carmichael: BIOGRAPHY Hendrix, J. 2020 - On Shelf,Book::Central: BIOGRAPHY Hendrix, J. 2020 - On Shelf,Book::Elk Grove: BIOGRAPHY Hendrix, J. 2020 - On Shelf"
https://catalog.saclibrary.org/GroupedWork/6527fed9-ff1e-52fb-118c-07667cb52d3d-eng,"Last chance Texaco: chronicles of an American troubadour","Jones, Rickie Lee",9780802127129,,"Grove Press; Grove Atlantic",2021,"New York",eBook;Book,"Book::Carmichael: BIOGRAPHY Jones, R. 2021 - On Shelf,Book::Central: BIOGRAPHY Jones, R. 2021 - On Shelf,Book::Franklin: BIOGRAPHY Jones, R. 2021 - On Shelf"
https://catalog.saclibrary.org/GroupedWork/df7ec05a-9e3b-566e-5992-d75913a779ad-eng,"All in: an autobiography","King, Billie Jean",9781101947333,,"Alfred A. Knopf; Knopf Doubleday Publishing Group; Random House Large Print; Books on Tape",2021,"New York","eAudiobook;Large Print;Book;eBook","Book::Central: BIOGRAPHY King, B. 2021 - On Shelf,Book::Colonial Heights: BIOGRAPHY King, B. 2021 - In Transit,Book::Courtland: BIOGRAPHY King, B. 2021 - On Shelf"
