Link,Title,Author,ISBN,UPC,Publisher,"Publish Date","Place of Publication",Format,"Location & Call Number"
https://catalog.saclibrary.org/GroupedWork/8a870bef-ccae-740c-ab69-fc08d5c4aaac-eng,"CrimeScene science fair projects","Harris, Elizabeth Snoke, 1973-",9781579907655,,"Lark Books",2006,"New York",Book,"Book::North Natomas Children's Area: CHILDREN 363.25 H213 2006 - On Shelf"
https://catalog.saclibrary.org/GroupedWork/5b9b8d36-26ce-1317-20fe-3419ed11436a-eng,"Organized crime","Johnson, C. M. (Cheri M.)",9781629206141,,"Lightbox Learning Inc.; Full Tilt Press","2017 - 2021","Fremont, CA",eBook;Book,"Book::Elk Grove Kids' Place: CHILDREN 364.106 J663 2017 - On Shelf,Book::Franklin Children's: CHILDREN 364.106 J663 2017 - On Shelf,Book::North Natomas Children's Area: CHILDREN 364.106 J663 2017 - On Shelf"
https://catalog.saclibrary.org/GroupedWork/f58690d3-2bb8-05e3-49fe-7dd9d420e774-eng,"The scene of the crime","Kurkov, Lisa",9781731657183,,"Rourke Educational Media",2024,"[Vero Beach, Florida]",Book,"Book::Belle Cooledge Children's Area: CHILDREN 364.1097 K968 2024 - On Shelf,Book::Fair Oaks Children's Area: CHILDREN 364.1097 K968 2024 - On Shelf,Book::McClatchy Children's Area: CHILDREN 364.1097 K968 2024 - On Shelf"
https://catalog.saclibrary.org/GroupedWork/e92854d2-a9f3-2dbd-f25a-b52074cbda81-eng,"Whistle-blowers: exposing crime and corruption","Doeden, Matt",9781467742092,,"Lerner Publishing Group|Lerner Publishing Group; Twenty-First Century Books",2015,Minneapolis,eBook;Book,"Book::Central Teen Area - 3rd Floor: TEEN 364.41 D649 2015 - On Shelf,Book::South Natomas Teen Area: TEEN 364.41 D649 2015 - On Shelf"
https://catalog.saclibrary.org/GroupedWork/8340175e-c68a-c41d-b4b3-c2c836c7e91a-eng,"The 57 bus: a true story of two teenagers and the crime that changed their lives","Slater, Dashka",9780374303235,,"Recorded Books, Inc.; Farrar, Straus and Giroux (BYR); Farrar Straus Giroux",2017,"New York",eAudiobook;Book;eBook,"Book::Central Teen Area - 3rd Floor: TEEN 364.1555 S631 2017 - On Shelf,Book::Fair Oaks Teen Area: TEEN 364.1555 S631 2017 - In Transit,Book::Isleton Teen Area: TEEN 364.1555 S631 2017 - On Shelf"
https://catalog.saclibrary.org/GroupedWork/da2fedb8-d6b5-5347-66d9-ed95eb06131b-eng,"Forensic science projects with a crime lab you can build","Gardner, Robert, 1929-",9780766028067,,Enslow,2008,"Berkeley Heights, NJ",Book,"Book::North Natomas Children's Area: CHILDREN 363.25 G228 2008 - On Shelf,Book::Folsom Children's Area: CHILDREN 363.25 GAR 2008 - On Shelf"
https://catalog.saclibrary.org/GroupedWork/1bd39f38-e452-3f7b-8f31-4b7fc6efe237-eng,"Murder among friends: how Leopold and Loeb tried to commit the perfect crime","Fleming, Candace",9780593177426,,"Random House Children's Books; Anne Schwartz Books; Books on Tape",2022,"New York",eAudiobook;Book;eBook,"Book::Central Teen Area - 3rd Floor: TEEN 345.02523 L587zf 2022 - On Shelf,Book::Belle Cooledge Teen Area: TEEN 345.02523 L587zf 2022 - On Hold Shelf,Book::Orangevale: TEEN 345.02523 L587zf 2022 - On Shelf"
https://catalog.saclibrary.org/GroupedWork/2643df99-b211-c733-c492-66f0fcb82abd-eng,"Science fair winners: crime scene science : 20 projects and experiments about clues, crimes, criminals, and other mysterious things","Young, Karen Romano",9781426305214,,"National Geographic",2009,"Washington, D.C",Book,"Book::Carmichael Children's Area: CHILDREN 363.25 Y73 2009 - On Shelf,Book::Folsom Children's Area: CHILDREN 363.325 YOU 2009 - On Shelf"
https://catalog.saclibrary.org/GroupedWork/742bcce2-bd41-1dd5-6fe3-75090874b8c2-eng,"Crime-fighting aircraft","Holden, Henry M",9780766017184,,"Enslow Publishers",2002,"Berkeley Heights, NJ",Book,
https://catalog.saclibrary.org/GroupedWork/e70f72e5-c31a-7f3e-2b2b-33a3f1869e9c-eng,"Crime detection","Oxlade, Chris",9781575720906,,"Rigby Interactive Library",1997,"Crystal Lake, IL",Book,
https://catalog.saclibrary.org/GroupedWork/1e287c81-6366-39a1-335a-dd7d10cabd45-eng,"Diamond Fever!: A True Crime Story in the Wild West","Sheinkin, Steve",9781250265746,,"Roaring Brook Press; Books on Tape",2026,,eAudiobook;Book;eBook,"Book::Central Kids Place - Lower Level: ON ORDER - On Order,Book::Sacramento Public Library: ON ORDER - On Order,Book::Folsom Children's Area NEW: CHILDREN 973.8 SHE 2026 - Checked Out"
https://catalog.saclibrary.org/GroupedWork/a8689673-55da-35f2-6cdc-75ee6f58810b-eng,"Whose bones are these?: crime-solving science projects","Gardner, Robert, 1929-",9780766032484,,"Enslow Publishing, LLC; Enslow Publishers","2010 - 2011","Berkeley Heights, NJ",eBook;Book,"Book::North Natomas Children's Area: CHILDREN 614.1 G228 2011 - On Shelf,Book::Woodland Public Library Children's Area: CHILDREN 614.17 Gar 2011 - On Shelf"
https://catalog.saclibrary.org/GroupedWork/96dfc197-cc38-0188-a537-7bec7fda06b9-eng,"Crime-solving science projects: forensic science experiments","Rainis, Kenneth G",9780766012899,,Enslow,2000,"Berkeley Heights, NJ",Book,
https://catalog.saclibrary.org/GroupedWork/cedbe4f8-60a0-8daf-588a-ad4fb8309647-eng,"How to be a detective: and other crime-fighting jobs","Beever, Alexandra (Detective)",9798887770802,,"Nosy Crow",2024,"Lincoln, MA, USA",Book,"Book::Arcade Children's Area: CHILDREN 363.23 B415 2024 - On Shelf,Book::Colonial Heights Children's Area: CHILDREN 363.23 B415 2024 - On Shelf,Book::Elk Grove Kids' Place: CHILDREN 363.23 B415 2024 - On Shelf"
https://catalog.saclibrary.org/GroupedWork/daa2cbd5-7c12-a264-2083-906aa0a9e3b0-eng,"It's Trevor Noah: born a crime : stories from a South African childhood ; adapted for young readers","Noah, Trevor, 1984-",9780525582168,,"Delacorte Press; Random House Children's Books",2019,"New York",eBook;Book,"Book::Colonial Heights Children's Area: CHILDREN BIOGRAPHY Noah, T. 2019 - On Hold Shelf,Book::Franklin Children's: CHILDREN BIOGRAPHY Noah, T. 2019 - On Shelf,Book::Folsom Children's Area: CHILDREN BIOGRAPHY Noah, T. 2019 - In Transit"
https://catalog.saclibrary.org/GroupedWork/a38bfd7c-1c7c-e79c-cba7-c6a2f59ba2e6-eng,"Hate crimes in America","Abramovitz, Melissa, 1954-",9781680783964,,"ABDO; Essential Library, an imprint of Abdo Publishing; ABDO Publishing Company; Abdo Publishing Company","2016 - 2017","Minneapolis, Minnesota",eBook;Book,"Book::Central Teen Area - 3rd Floor: TEEN 364.150973 A161 2017 - On Shelf,Book::Elk Grove Teen Area: TEEN 364.150973 A161 2017 - On Shelf"
https://catalog.saclibrary.org/GroupedWork/ae88130a-24bc-4ff8-e0a9-4b5ba9e30d9d-eng,"Hilde on the record: memoir of a kid crime reporter","Lysiak, Hilde, 2006-",9781641605816,,"Chicago Review Press",2022,"Chicago, Illinois",Book,"Book::Carmichael Children's Area: CHILDREN BIOGRAPHY Lysiak, H. 2022 - On Shelf,Book::Elk Grove Kids' Place: CHILDREN BIOGRAPHY Lysiak, H. 2022 - Checked Out,Book::Isleton Children's Area: CHILDREN BIOGRAPHY Lysiak, H. 2022 - On Shelf"
https://catalog.saclibrary.org/GroupedWork/29184665-613f-3d4f-18e4-f3e59af06d29-eng,"Scene of the crime: tracking down criminals with forensic science","Newquist, H. P. (Harvey P.)",9780451476463,,Viking,2021,"New York",Book,"Book::Central Kids Place - Lower Level: CHILDREN 363.25 N558 2021 - On Shelf,Book::Isleton Children's Area: CHILDREN 363.25 N558 2021 - On Shelf,Book::South Natomas Children's Area: CHILDREN 363.25 N558 2021 - On Shelf"
https://catalog.saclibrary.org/GroupedWork/67c57f24-a321-bbd0-b5f9-3f1139025bb9-eng,"Guilty: crime, punishment, and the changing face of criminal justice","Kanefield, Teri, 1960-",9780544148963,,"Houghton Mifflin Harcourt",2014,Boston,Book,"Book::Franklin Children's: CHILDREN 364.973 K163 2014 - On Shelf,Book::McKinley Children's Area: CHILDREN 364.973 K163 2014 - On Shelf,Book::North Sacramento-Hagginwood Children's Area: CHILDREN 364.973 K163 2014 - On Shelf"
https://catalog.saclibrary.org/GroupedWork/7a3f76d5-b9c2-1444-a672-8370a67ce6f6-eng,"Fantastic beasts: the crimes of Grindelwald : movie magic","Revenson, Jody",9781984830463,,"Random House",2018,"New York",Book,"Book::Belle Cooledge Children's Area: CHILDREN 791.4372 F2161zr 2018 - On Shelf"
https://catalog.saclibrary.org/GroupedWork/0eee16c3-0627-cca6-2576-42ec916be68b-eng,"How to become a crime scene investigator","Hamilton, Sue L., 1959-",9781599289922,,"ABDO Pub. Co; ABDO Publishing Company",2008,"Edina, Minn",eBook;Book,
https://catalog.saclibrary.org/GroupedWork/dec31e98-efa7-a656-ebbe-284df3cded04-eng,"The Crimean War","Bachrach, Deborah, 1943-",9781560063155,,"Lucent Books",1998,"San Diego, CA",Book,
https://catalog.saclibrary.org/GroupedWork/19ef73cf-0097-657f-c365-581c642acffe-eng,"President McKinley's killer and the America he left behind: the assassin, the crime, Teddy Roosevelt's rise, and the dawn of the American century","Gunderson, Jessica",9780756557140,,"Compass Point Books; Capstone",2018,"North Mankato, Minnesota",eBook;Book,"Book::Carmichael Children's Area: CHILDREN 973.88 M478zg 2018 - On Shelf,Book::Del Paso Heights Children's Area: CHILDREN 973.88 M478zg 2018 - On Shelf,Book::Rancho Children's Area: CHILDREN 973.88 M478zg 2018 - On Shelf"
https://catalog.saclibrary.org/GroupedWork/910231a2-13f3-9b16-9913-f7968334669f-eng,"Crime scene investigation","Domnauer, Teresa",9781428763159,,"School Specialty",2007,"Columbus, OH","Easy Reader",
https://catalog.saclibrary.org/GroupedWork/d9f43db9-1768-43c5-43eb-d4d5ad6051c1-eng,"President Lincoln's killer and the America he left behind: the assassin, the crime, and its lasting blow to freedom and equality","Gunderson, Jessica",9780756557201,,"Compass Point Books, a Capstone imprint",2018,"North Mankato, Minnesota",Book,"Book::Arcade Children's Area: CHILDREN 973.7 L736zg 2018 - On Shelf,Book::Carmichael Children's Area: CHILDREN 973.7 L736zg 2018 - On Shelf,Book::Central Kids Place - Lower Level: CHILDREN 973.7 L736zg 2018 - On Shelf"
https://catalog.saclibrary.org/GroupedWork/d1ab82af-3e6a-8330-5ae1-65d135036499-eng,"President Kennedy's killer and the America he left behind: the assassin, the crime, and the end of a hopeful vision in chaotic times","Tougas, Joe",9780756557133,,"Compass Point Books",2018,"North Mankato, Minnesota",Book,"Book::Arcade Children's Area: CHILDREN 973.922 K35zt 2018 - On Shelf,Book::Carmichael Children's Area: CHILDREN 973.922 K35zt 2018 - On Shelf,Book::Pocket-Greenhaven Kids' Place: CHILDREN 973.922 K35zt 2018 - On Shelf"
https://catalog.saclibrary.org/GroupedWork/99cc74a6-61ed-807b-2442-4bb52e405339-eng,"President Garfield's killer and the America he left behind: the assassin, the crime, the hapless doctors, and a president's slow, grim death","Tougas, Joe",9780756557195,,"Compass Point Books, a Capstone imprint",2018,"North Mankato, Minnesota",Book,"Book::South Natomas Children's Area: CHILDREN 973.84 G231zt 2018 - On Shelf,Book::North Sacramento-Hagginwood Children's Area: CHILDREN 973.84 G231zt 2018 - On Shelf"
https://catalog.saclibrary.org/GroupedWork/d0b72e91-7e10-9255-d1f8-c295597b4a5b-eng,"The sexual trauma workbook for teen girls: a guide to recovery from sexual assault & abuse","Lohmann, Raychelle Cassada",9781626253995,,"Instant Help Books, an imprint of New Harbinger Publications, Inc; New Harbinger Publications",2016,"Oakland, CA",eBook;Book,"Book::Franklin Teen: TEEN 616.85836 L833 2016 - Checked Out"
https://catalog.saclibrary.org/GroupedWork/3d8eee0d-22f4-8127-28f0-9f9d6cdbe83d-eng,"Stupid criminals","Loh-Hagan, Virginia",9781634728928,,"45th Parallel Press","2017 - 2018","Ann Arbor, Michigan",eBook;Book,"Book::Carmichael Children's Area: CHILDREN 364.1092 L833 2018 - On Shelf,Book::North Natomas Children's Area: CHILDREN 364.1092 L833 2018 - In Transit,Book::Orangevale: CHILDREN 364.1092 L833 2018 - On Shelf"
https://catalog.saclibrary.org/GroupedWork/e385e4f5-923e-e963-8d95-d71fdcea85b8-eng,"Hunting LeRoux: the inside story of the DEA takedown of a criminal genius and his empire","Shannon, Elaine",9780062859136,,"Michael Mann Books, William Morrow, an imprint of HarperCollinsPublishers; HarperCollins",2019,"New York, NY",eBook;Book,"Book::Carmichael: 364.1092 S528 2019 - On Shelf,Book::Central: 364.1092 S528 2019 - On Shelf,Book::McKinley: 364.1092 S528 2019 - On Shelf"
https://catalog.saclibrary.org/GroupedWork/5dc2f2af-c3aa-b9f0-0cb9-77563a051f2b-eng,"Law enforcement","Johnson, C. M. (Cheri M.)",9781629206134,,"Lightbox Learning Inc.; Full Tilt Press","2017 - 2021","Fremont, CA",eBook;Book,"Book::Elk Grove Kids' Place: CHILDREN 363.2 J663 2017 - On Shelf,Book::North Natomas Children's Area: CHILDREN 363.2 J663 2017 - On Shelf,Book::Pocket-Greenhaven Kids' Place: CHILDREN 363.2 J663 2017 - On Shelf"
https://catalog.saclibrary.org/GroupedWork/ecd2d228-4205-1c44-0009-43506a191b48-eng,"Cyber crime","McIntosh, Neil, 1974-",9780739864326,,Raintree,2003,"Chicago, IL",Book,
https://catalog.saclibrary.org/GroupedWork/b9e14dd5-b2c8-70d7-6b37-142aadf1f4ff-eng,"Killers of the Flower Moon: the Osage murders and the birth of the FBI","Grann, David",9780385534246,,"Random House Large Print; Knopf Doubleday Publishing Group; Books on Tape; Doubleday","2017 - 2021","[Westminster, MD]; New York","eAudiobook;Audiobook - CD;eBook;Large Print;Book","Book::Arcade: 970.48 O81zg 2017 - On Shelf,Book::Carmichael: 970.48 O81zg 2017 - On Shelf,Book::Central: 970.48 O81zg 2017 - On Shelf"
https://catalog.saclibrary.org/GroupedWork/65d69025-c353-6309-2426-673617db2d3c-eng,"Exposing torture: centuries of cruelty","Marcovitz, Hal",9781467750493,,"Lerner Publishing Group|Lerner Publishing Group; Twenty-first Century Books a dividion of Lerner Publishing Group",2015,Minneapolis,eBook;Book,"Book::Central Teen Area - 3rd Floor: TEEN 364.67 M321 2015 - On Shelf,Book::North Natomas: TEEN 364.67 M321 2015 - On Shelf"
https://catalog.saclibrary.org/GroupedWork/8be0233d-da25-1b30-34d7-a38ad1d14d3e-eng,"Whose fingerprints are these?: crime-solving science projects","Gardner, Robert, 1929-",9780766032453,,"Enslow Publishing, LLC; Enslow",2010,"Berkeley Heights, N.J",eBook;Book,
https://catalog.saclibrary.org/GroupedWork/16adc96c-4a5c-42ce-a826-5abd2bdf77d0-eng,"Everything you need to know about sexual assault","Tetzlaff, Jeana",9781508176848,,"Rosen YA; The Rosen Publishing Group, Inc","2017 - 2018","New York",eBook;Book,"Book::Belle Cooledge Teen Area: TEEN 362.883 T349 2018 - On Shelf,Book::Sacramento Public Library Teen: ON ORDER - On Order"
https://catalog.saclibrary.org/GroupedWork/a2826584-9e03-5512-93ad-4efcf0b3f2c9-eng,"Birmingham, 1963","Weatherford, Carole Boston, 1956-",9781590784402,,"Recorded Books, Inc.; Astra Publishing House; Wordsong","2007 - 2023","Honesdale, Pa",eBook;Book;eAudiobook,"Book::Belle Cooledge Children's Area: CHILDREN 811.6 W362 2007 - On Shelf,Book::Rancho Children's Area: CHILDREN 811.6 W362 2007 - On Shelf"
https://catalog.saclibrary.org/GroupedWork/4a0f7325-3479-37ad-ab79-5cbd97966152-eng,Forensics,"Jackson, Tom, 1972-",9780753478851,,Kingfisher,2023,"New York",Book,"Book::Central Kids Place - Lower Level: CHILDREN 363.252 J144 2023 - On Shelf,Book::Belle Cooledge Children's Area: CHILDREN 363.252 J144 2023 - On Shelf,Book::North Natomas Children's Area: CHILDREN 363.252 J144 2023 - On Shelf"
https://catalog.saclibrary.org/GroupedWork/07a55f80-7422-cbe1-99a3-7d1a654ceac6-eng,"History's infamous unsolved crimes","Hansen, Grace",9781098242275,,"DiscoverRoo, an imprint of Pop!",2023,"Minneapolis, Minnesota",Book,"Book::Carmichael Children's Area: CHILDREN 345.02 H249 2023 - On Shelf,Book::Central Kids Place - Lower Level: CHILDREN 345.02 H249 2023 - On Shelf,Book::Belle Cooledge Children's Area: CHILDREN 345.02 H249 2023 - On Shelf"
https://catalog.saclibrary.org/GroupedWork/1b2a35d1-f2d8-3ed6-ca4f-f016b27196f1-eng,"The spread of hate and extremism","Henderson, Robert M",9781682829332,,"ReferencePoint Press",2020,"San Diego, CA",Book,"Book::Central Teen Area - 3rd Floor: TEEN 303.6 H497 2020 - On Shelf,Book::Fair Oaks Teen Area: TEEN 303.6 H497 2020 - On Shelf,Book::Franklin Teen: TEEN 303.6 H497 2020 - On Shelf"
https://catalog.saclibrary.org/GroupedWork/bd20c293-e360-9342-9145-9c0960662610-eng,"Cyber attack","Gitlin, Marty",9781467725125,,"Twenty-First Century Books",2015,Minneapolis,Book,"Book::Central Teen Area - 3rd Floor: TEEN 364.168 G536 2015 - On Shelf"
https://catalog.saclibrary.org/GroupedWork/18137e3d-6027-0988-2d42-c14a51189cb4-eng,"#MeToo and you: everything you need to know about consent, boundaries, and more","Bondy, Halley, 1984-",9781541581555,,"Lerner Publishing Group; Zest Books",2021,Minneapolis,eBook;Book,"Book::Central Teen Area - 3rd Floor: TEEN 176.4 B711 2021 - On Shelf,Book::Courtland Teen Area: TEEN 176.4 B711 2021 - On Shelf,Book::Elk Grove Teen Area: TEEN 176.4 B711 2021 - On Shelf"
https://catalog.saclibrary.org/GroupedWork/f44cc97f-fd8c-abf9-1cf1-e6aab55efb03-eng,"Investigating mass shootings in the United States","Heing, Bridey",9781508174622,,"Rosen Publishing Group, Inc; The Rosen Publishing Group, Inc","2017 - 2018","New York, NY",eBook;Book,"Book::Carmichael Children's Area: CHILDREN 363.259523 H468 2018 - Checked Out,Book::South Natomas Children's Area: CHILDREN 363.259523 H468 2018 - On Shelf"
https://catalog.saclibrary.org/GroupedWork/767a2c08-1612-39c9-9d7f-807c4b8a29d8-eng,"Denial-of-service attacks","Stratton, Connor",9798889985167,,"North Star Editions; Focus Readers","2025 - 2026","Mendota Heights, MN",eBook;Book,"Book::Arcade Children's Area: CHILDREN 364.168 S911 2025 - On Shelf,Book::Central Kids Place - Lower Level: CHILDREN 364.168 S911 2025 - On Shelf,Book::Colonial Heights Children's Area: CHILDREN 364.168 S911 2025 - On Shelf"
https://catalog.saclibrary.org/GroupedWork/8c3ebd40-2c27-d752-d103-549811be48cd-eng,"What is yellow peril?","Loh-Hagan, Virginia",9781534199385,,"Cherry Lake Publishing","2021 - 2022","Ann Arbor, Michigan",eBook;Book,"Book::Central Kids Place - Lower Level: CHILDREN 305.895073 L833 2022 - On Shelf,Book::Fair Oaks Children's Area: CHILDREN 305.895073 L833 2022 - On Shelf,Book::McClatchy Children's Area: CHILDREN 305.895073 L833 2022 - On Shelf"
https://catalog.saclibrary.org/GroupedWork/8f539163-be85-0c30-3a6b-998c8d726363-eng,"Overturning wrongful convictions: science serving justice","Murray, Elizabeth A",9781467725132,,"Lerner Publishing Group|Lerner Publishing Group; Twenty-First Century Books",2015,Minneapolis,eBook;Book,"Book::Courtland Teen Area: TEEN 364.973 M981 2015 - On Shelf"
https://catalog.saclibrary.org/GroupedWork/06ad8c2d-97c9-fc6d-5c47-6d7601a67abf-eng,"Legalizing drugs: crime stopper or social risk?","Goldstein, Margaret J",9780761351160,,"Lerner Publishing Group|Lerner Publishing Group; Twenty-First Century Books",2010,"Minneapolis, MN",eBook;Book,
https://catalog.saclibrary.org/GroupedWork/bc1a0478-1b2f-657d-6431-67c9625d2952-eng,"Who forged this document?: crime-solving science projects","Gardner, Robert, 1929-",9780766032460,,"Enslow Publishing, LLC; Enslow",2010,"Berkeley Heights, NJ",eBook;Book,
https://catalog.saclibrary.org/GroupedWork/aa1f88b3-8624-2f24-369e-0d160de46e04-eng,"Be aware!: my tips for personal safety","Bellisario, Gina",9781467713511,,"Lerner Publishing Group|Lerner Publishing Group; Millbrook Press",2014,Minneapolis,eBook;Book,"Book::Central Kids Place - Lower Level: CHILDREN 613.6 B444 2014 - On Shelf,Book::South Natomas Children's Area: CHILDREN 613.6 B444 2014 - On Shelf,Book::North Natomas Children's Area: CHILDREN 613.6 B444 2014 - On Shelf"
https://catalog.saclibrary.org/GroupedWork/66348420-e933-baa4-1d03-da4e643ce430-eng,"Illegal animal traffickers","Yomtov, Nel",9780531214640,,"Children's Press, an imprint of Scholastic Inc",2016,"New York, NY",Book,"Book::Arcade Children's Area: CHILDREN 364.13367 Y54 2016 - On Shelf,Book::Carmichael Children's Area: CHILDREN 364.13367 Y54 2016 - On Shelf,Book::Central Kids Place - Lower Level: CHILDREN 364.13367 Y54 2016 - On Shelf"
https://catalog.saclibrary.org/GroupedWork/9b008293-7f92-49f7-ccfa-f620f16eef20-eng,"No more excuses: dismantling rape culture","Keyser, Amber J",9781541540200,,"Twenty-First Century Books; Lerner Publishing Group",2019,Minneapolis,eBook;Book,"Book::Belle Cooledge Teen Area: TEEN 362.883 K44 2019 - On Shelf,Book::Courtland Teen Area: TEEN 362.883 K44 2019 - On Shelf,Book::Rancho Cordova: TEEN 362.883 K44 2019 - On Shelf"
https://catalog.saclibrary.org/GroupedWork/378d9354-c6b9-21da-8683-0caf19b1d509-eng,"Forensic ballistics: styles of projectiles","Hamilton, Sue L., 1959-",9781599289908,,"ABDO Pub. Co; ABDO Publishing Company",2008,"Edina, Minn",eBook;Book,"Book::Fair Oaks Children's Area: CHILDREN 363.2562 H221f 2008 - On Shelf,Book::Sutter County Main Branch Children's Area: CHILDREN 363.2562 HAM - Checked Out"
https://catalog.saclibrary.org/GroupedWork/fd478f91-d44e-8252-aa79-33c2a0080d19-eng,"A wreath for Emmett Till","Nelson, Marilyn, 1946-",9781439597972,,"Houghton Mifflin; Houghton Mifflin Harcourt; HarperCollins","2005 - 2020","Boston, Mass",eBook;Book,"Book::Central Kids Place - Lower Level: CHILDREN 811.54 T574zn 2005 - On Shelf,Book::Belle Cooledge Children's Area: CHILDREN 811.54 T574zn 2005 - On Shelf,Book::Fair Oaks Children's Area: CHILDREN 811.54 T574zn 2005 - On Shelf"
https://catalog.saclibrary.org/GroupedWork/047b07c0-feb5-00ea-91e0-7ddadf36133a-eng,"Behind the badge: crimefighters through history","Butts, Edward, 1951-",9781554516759,,"Annick Press",2014,Toronto,Book,"Book::Rancho Children's Area: CHILDREN 363.2 B989 2014 - On Shelf"
https://catalog.saclibrary.org/GroupedWork/fa58be24-a82a-6732-2237-99405ab3b2aa-eng,"Forensic science: in pursuit of justice","Carmichael, L. E. (Lindsey E.)",9781624035616,,"ABDO; Abdo Publishing",2015,"Minneapolis, Minnesota",eBook;Book,"Book::Central Teen Area - 3rd Floor: TEEN 363.25 C287 2015 - On Shelf"
https://catalog.saclibrary.org/GroupedWork/7910185d-5112-3c89-b222-8059d6e31da3-eng,"Spotting online scams and fraud","Kallen, Stuart A., 1955-",9781678205409,,"ReferencePoint Press",2024,"San Diego, CA",Book,"Book::Central Teen Area - 3rd Floor: TEEN 302.231 K146 2024 - On Shelf,Book::Belle Cooledge Teen Area: TEEN 302.231 K146 2024 - On Shelf,Book::Fair Oaks Teen Area: TEEN 302.231 K146 2024 - On Shelf"
https://catalog.saclibrary.org/GroupedWork/0424dea2-54e5-825c-0c0d-84efbb177fba-eng,"A cave in the clouds: a young woman's escape from ISIS","Ahmed, Badeeah Hassan",9781773212357,,"Annick Press",2019,Toronto,eBook;Book,"Book::Carmichael Teen Area: TEEN 303.484 A286 2019 - On Shelf,Book::Central Teen Area - 3rd Floor: TEEN 303.484 A286 2019 - On Shelf,Book::North Natomas: TEEN 303.484 A286 2019 - On Shelf"
https://catalog.saclibrary.org/GroupedWork/44939578-7273-c3b5-032e-6ec708bff56a-eng,"ISIS and the Yazidi genocide in Iraq","Schmermund, Elizabeth",9781508177302,,"Rosen YA; The Rosen Publishing Group, Inc","2017 - 2018","New York",eBook;Book,"Book::Belle Cooledge Children's Area: CHILDREN 956.704431 S347 2018 - On Shelf,Book::Elk Grove Kids' Place: CHILDREN 956.704431 S347 2018 - On Shelf,Book::Pocket-Greenhaven Kids' Place: CHILDREN 956.704431 S347 2018 - On Shelf"
https://catalog.saclibrary.org/GroupedWork/edda10f0-59b1-bf61-ca95-cece70a3523d-eng,"Forgeries, fingerprints, and forensics: crime","Parker, Janice",9780739801338,,"Raintree Steck-Vaughn",2000,"Austin, Tex",Book,
https://catalog.saclibrary.org/GroupedWork/276b873e-2b1d-23fd-3cf8-cf1d8274f979-eng,"Who can solve the crime?: science projects using detective skills","Gardner, Robert, 1929-",9780766032477,,"Enslow Publishing, LLC; Enslow",2010,"Berkeley Heights, NJ",eBook;Book,
https://catalog.saclibrary.org/GroupedWork/5ea361c8-38eb-ad2f-ed85-6eb37fbd06c2-eng,"Spotting a scam","Sanderson, Jennifer",9781917509374,,"Cheriton Children's Books",2026,"Shropshire, UK",Book,"Book::Central Teen Area - 3rd Floor: TEEN 364.163 S216 2026 - On Shelf,Book::McKinley Children's Area: TEEN 364.163 S216 2026 - On Shelf,Book::South Natomas Teen Area: TEEN 364.163 S216 2026 - On Shelf"
https://catalog.saclibrary.org/GroupedWork/db4baf0b-65b6-dd28-31d1-3370c1cdd1cf-eng,"Dealing with cyberbullying","Sanderson, Jennifer",9781917509299,,"Cheriton Children's Books",2026,"Shropshire, UK",Book,"Book::Arcade Teen Area: TEEN 302.343 S216 2026 - On Shelf,Book::Central Teen Area - 3rd Floor: TEEN 302.343 S216 2026 - On Shelf,Book::Elk Grove Teen Area: TEEN 302.343 S216 2026 - On Shelf"
https://catalog.saclibrary.org/GroupedWork/73695bfe-d961-1a1e-b027-73ae101a806b-eng,"You too?",,9781335929082,,"Inkyard Press",2020,"Toronto, Ontario, Canada",Book,"Book::Carmichael Teen Area: TEEN 305.42 G698 2020 - On Shelf,Book::Central Teen Area - 3rd Floor: TEEN 305.42 G698 2020 - On Shelf,Book::Elk Grove Teen Area: TEEN 305.42 G698 2020 - On Shelf"
https://catalog.saclibrary.org/GroupedWork/69df8428-32f7-aaeb-7528-aa0f1b50db5a-eng,"Digital cryptology","Thomas, Rachael L",9781728404639,,"Lerner Publishing Group; Lerner Publications Company, an imprint of Lerner Publishing Group, Inc","2021 - 2022","Minneapolis, MN",eBook;Book,"Book::Carmichael Children's Area: CHILDREN 005.824 T461 2022 - On Shelf,Book::Colonial Heights Children's Area: CHILDREN 005.824 T461 2022 - On Shelf,Book::McKinley Children's Area: CHILDREN 005.824 T461 2022 - On Shelf"
https://catalog.saclibrary.org/GroupedWork/9aec278b-32fb-24ec-f12e-b0b8d452147a-eng,"To look a Nazi in the eye: a teen's account of a war criminal trial","Kacer, Kathy, 1954-",9781772600407,,"Second Story Press","2017 - 2021","Toronto, ON",eAudiobook;eBook;Book,"Book::Central Teen Area - 3rd Floor: TEEN 940.5318 K11 2017 - On Shelf,Book::Courtland Teen Area: TEEN 940.5318 K11 2017 - On Shelf,Book::Fair Oaks Teen Area: TEEN 940.5318 K11 2017 - On Shelf"
https://catalog.saclibrary.org/GroupedWork/34ad1035-d7ee-78e8-c0a0-a7f7ee23a9ab-eng,"Surf smart: staying safe online","Crane, Cody",9781546178187,,"Scholastic Inc.; Children's Press, an imprint of Scholastic Inc","2025 - 2026","New York, NY",eBook;Book,"Book::Del Paso Heights Children's Area: CHILDREN 025.042 C891 2025 - On Shelf,Book::Isleton Children's Area: CHILDREN 025.042 C891 2025 - On Shelf,Book::McKinley Children's Area: CHILDREN 025.042 C891 2025 - On Shelf"
https://catalog.saclibrary.org/GroupedWork/bc015470-4f36-c2d9-31db-e604494676b3-eng,"Sexual assault: the ultimate teen guide","Ghafoerkhan, Olivia, 1982-",9781442252479,,"Rowman & Littlefield; Bloomsbury Publishing","2016 - 2017",Lanham,eBook;Book,"Book::Central Teen Area - 3rd Floor: TEEN 362.883 G411 2017 - On Shelf,Book::Courtland Teen Area: TEEN 362.883 G411 2017 - On Shelf"
https://catalog.saclibrary.org/GroupedWork/69bde6e9-eec1-4d5d-a2d5-ac744d4097cd-eng,"Forensics: uncover the science and technology of crime scene investigation","Mooney, Carla, 1970-",9781619301849,,"Nomad Press; Independent Pub Group","2013 - 2014","White River Junction, VT",eBook;Book,
https://catalog.saclibrary.org/GroupedWork/90fa85e6-d8a1-e3cc-ca7f-d6a243d4b1e8-eng,"What do we know about the mystery of D. B. Cooper?","Anderson, Kirsten",9780593662571,,"Penguin Workshop; Books on Tape; Penguin Young Readers Group",2024,"New York",eAudiobook;Book;eBook,"Book::Central Kids Place - Lower Level: CHILDREN 364.1552 C776za 2024 - On Shelf,Book::Colonial Heights Children's Area: CHILDREN 364.1552 C776za 2024 - On Shelf,Book::Elk Grove Kids' Place: CHILDREN 364.1552 C776za 2024 - On Shelf"
https://catalog.saclibrary.org/GroupedWork/dc1959b3-19f2-0e12-8e71-1f9dd9cbfb6e-eng,"Protecting yourself against criminals","Lock, Joan",9781590843857,,"Mason Crest Publishers; National Highlights Inc.","2003 - 2017","Broomall, PA",eBook;Book,
https://catalog.saclibrary.org/GroupedWork/f5065f23-d2fd-4cdd-711c-8178eabbb64d-eng,"Yes! No!: a first conversation about consent","Madison, Megan",9780593521885,,"Books on Tape; Rise x Penguin Workshop, an imprint of Penguin Random House LLC; Rise; Penguin Young Readers Group",2022,"New York","eAudiobook;Board Book;Book;eBook","Book::Central Kids Place - Lower Level: CHILDREN 152 M182 2022 - On Shelf,Book::Belle Cooledge Children's Area: CHILDREN 152 M182 2022 - On Shelf,Book::Isleton Children's Area: CHILDREN 152 M182 2022 - On Shelf"
https://catalog.saclibrary.org/GroupedWork/a9fb2cc2-2f1c-e939-e9d2-48a24c2b1caf-eng,"Numb to this: memoir of a mass shooting","Neely, Kindra",9780316462082,,"Little, Brown Books for Young Readers; Little, Brown and Company",2022,"New York","Graphic Novel/Manga;eComic","Graphic Novel/Manga::Carmichael Teen Area: TEEN GRAPHIC 364.15234 N379 2022 - On Shelf,Graphic Novel/Manga::Central Teen Area - 3rd Floor: TEEN GRAPHIC 364.15234 N379 2022 - On Shelf,Graphic Novel/Manga::Del Paso Heights Teen Area: TEEN GRAPHIC 364.15234 N379 2022 - In Transit"
https://catalog.saclibrary.org/GroupedWork/263a5f28-9e7a-c6db-4db1-44363a5145eb-eng,"A kids book about: online safety","OIC Security Group",9780241743157,,"DK Publishing",2025,"New York, NY",Book,"Book::Central Kids Place - Lower Level: CHILDREN 004.678 O391 2025 - On Shelf,Book::Colonial Heights Children's Area: CHILDREN 004.678 O391 2025 - On Shelf,Book::Courtland Children's Area: CHILDREN 004.678 O391 2025 - On Shelf"
https://catalog.saclibrary.org/GroupedWork/48262ad5-ffe0-aa08-96f7-bd8f7ea290e3-eng,"Online scams","O'Sullivan, J. K",9781678202484,,"BrightPoint Press",2022,"San Diego, CA",Book,"Book::Central Teen Area - 3rd Floor: TEEN 004 O858 2022 - On Shelf,Book::Fair Oaks Teen Area: TEEN 004 O858 2022 - On Shelf,Book::North Natomas: TEEN 004 O858 2022 - On Shelf"
https://catalog.saclibrary.org/GroupedWork/c346dc35-9e17-8271-88a0-45e93b832b9a-eng,"My body belongs to me: a book about body safety","Starishevsky, Jill",9781575424613,,"Free Spirit Publishing",2014,"Minneapolis, MN",eBook;Book,"Book::Belle Cooledge Children's Area: CHILDREN 362.76 S794 2014 - On Shelf,Book::Franklin Children's: CHILDREN 362.76 S794 2014 - On Shelf,Book::Southgate Children's Area: CHILDREN 362.76 S794 2014 - On Shelf"
https://catalog.saclibrary.org/GroupedWork/66b75a25-ceec-a5b4-b04c-e9ba6013a0a9-eng,"The #MeToo movement","Parks, Peggy J., 1951-",9781682827611,,"ReferencePoint Press",2020,"San Diego, CA",Book,"Book::Central Teen Area - 3rd Floor: TEEN 305.42 P252 2020 - On Shelf,Book::Pocket-Greenhaven Teen Area: TEEN 305.42 P252 2020 - On Shelf,Book::Southgate Teen Area: TEEN 305.42 P252 2020 - On Shelf"
https://catalog.saclibrary.org/GroupedWork/ea85eebc-e271-5c9c-e84b-001e818091cb-eng,"Coping with sexual harassment","Thurston, IV",9781508176954,,"Rosen YA; The Rosen Publishing Group, Inc","2017 - 2018","New York, NY",eBook;Book,"Book::Arcade Teen Area: TEEN 362.88 T545 2018 - On Shelf,Book::Valley Hi-North Laguna Teen Area: TEEN 362.88 T545 2018 - On Shelf"
https://catalog.saclibrary.org/GroupedWork/1c7307c6-af78-5d4a-e68f-637a8ebc0ebe-eng,"Black birds in the sky: the story and legacy of the 1921 Tulsa Race Massacre","Colbert, Brandy",9780063056664,,"Balzer + Bray; Clarion Books; Balzer + Bray, an imprint of HarperCollinsPublishers; HarperCollins",2021,"New York, NY",eAudiobook;eBook;Book,"Book::Central Teen Area - 3rd Floor: TEEN 976.686 C684 2021 - On Shelf,Book::Belle Cooledge Teen Area: TEEN 976.686 C684 2021 - On Shelf,Book::Southgate Teen Area: TEEN 976.686 C684 2021 - On Shelf"
https://catalog.saclibrary.org/GroupedWork/ad0c658d-21e7-c921-ca2a-aefa64fd6d01-eng,"#MeToo movement","Hudak, Heather C., 1975-",9780778749608,,"Crabtree Publishing Company","2018 - 2019","New York",eBook;Book,"Book::Carmichael Children's Area: CHILDREN 362.88 H883 2019 - On Shelf,Book::Pocket-Greenhaven Kids' Place: CHILDREN 362.88 H883 2019 - On Shelf"
https://catalog.saclibrary.org/GroupedWork/0ce15810-7f45-a65a-85f2-b7e538d16e67-eng,"Ethical hacker","Loh-Hagan, Virginia",9781634700245,,"Cherry Lake Publishing; 45th Parallel Press","2015 - 2016","Ann Arbor, Michigan",eBook;Book,"Book::Fair Oaks Children's Area: CHILDREN 005.8 L833 2016 - Checked Out,Book::North Natomas Children's Area: CHILDREN 005.8 L833 2016 - On Shelf"
https://catalog.saclibrary.org/GroupedWork/5f9dd05e-5b42-3baa-c27d-f8e6bb7658ab-eng,"A list of things that didn't kill me","Schmidt, Jason, 1972-",9780374380137,,"Farrar, Straus and Giroux; Farrar Straus Giroux",2015,"New York",eBook;Book,"Book::Central Teen Area - 3rd Floor: TEEN 362.196979 S352 2015 - On Shelf"
https://catalog.saclibrary.org/GroupedWork/1f042b9a-88a3-92bc-3428-d797dfd306c6-eng,"Dreams to ashes: the 1871 Los Angeles Chinatown Massacre","Blackburne, Livia",9798765627228,,"Lerner Publishing Group; Carolrhoda Books",2025,Minneapolis,eBook;Book,"Book::Arcade Children's Area: CHILDREN 305.8951 B628 2025 - On Shelf,Book::Central Kids Place - Lower Level: CHILDREN 305.8951 B628 2025 - On Shelf,Book::Belle Cooledge Children's Area: CHILDREN 305.8951 B628 2025 - On Shelf"
https://catalog.saclibrary.org/GroupedWork/101417f2-157c-0563-39d0-a98c28c0c3fb-eng,"I'm still alive","Saviano, Roberto, 1979-",9781684154425,,"BOOM! Studios; Archaia, a division of Boom Entertainment, Inc",2022,"Los Angeles, CA","Graphic Novel/Manga;eComic","Graphic Novel/Manga::Central: GRAPHIC NOVEL Saviano, R. - On Shelf,Graphic Novel/Manga::Southgate: GRAPHIC NOVEL Saviano, R. - On Shelf,Graphic Novel/Manga::Valley Hi-North Laguna: GRAPHIC NOVEL Saviano, R. - Checked Out"
https://catalog.saclibrary.org/GroupedWork/74386a09-e08f-3565-2e1b-71669cebb7cb-eng,"The 57 bus","Slater, Dashka",9781432849269,,"Thorndike Press",2018,"Waterville, Maine","Large Print","Large Print::Carmichael Teen Area: LARGE PRINT TEEN 364.1555 S631 2018 - On Shelf,Large Print::Colusa Main Branch Teen Collection: LP YA Fic - On Shelf,Large Print::Sutter County Main Branch: LARGE PRINT 364.1555 SLA - On Shelf"
https://catalog.saclibrary.org/GroupedWork/261d8732-71f1-2fe6-7bbe-3ce1f23400bb-eng,"Forgery: crime-solving science experiments","Rainis, Kenneth G",9780766019614,,"Enslow Pub",2006,"Berkley Heights, NJ",Book,
https://catalog.saclibrary.org/GroupedWork/e0140829-872f-4444-a26d-1cb9add48087-eng,"Google cybersecurity expert Parisa Tabriz","Di Piazza, Domenica",9781541512160,,"Lerner Publishing Group; Lerner Publications",2018,Minneapolis,eBook;Book,"Book::Arcade Children's Area: CHILDREN BIOGRAPHY Tabriz, P. 2018 - On Shelf,Book::McKinley Children's Area: CHILDREN BIOGRAPHY Tabriz, P. 2018 - On Shelf,Book::South Natomas Children's Area: CHILDREN BIOGRAPHY Tabriz, P. 2018 - On Shelf"
https://catalog.saclibrary.org/GroupedWork/1cc04211-4be3-8267-b148-831ea779c310-eng,"Fingerprints: crime-solving science experiments","Rainis, Kenneth G",9780766019607,,"Enslow Publishers, Inc",2006,"Berkeley Heights, NJ",Book,
https://catalog.saclibrary.org/GroupedWork/7b069c59-b266-1d4e-66b8-294d29c4b6f9-eng,"Protect your data and identity online","Carser, A. R",9781678202507,,"BrightPoint Press",2022,"San Diego, CA",Book,"Book::Central Teen Area - 3rd Floor: TEEN 364.168 C321 2022 - On Shelf,Book::Elk Grove Teen Area: TEEN 364.168 C321 2022 - On Shelf,Book::Fair Oaks Teen Area: TEEN 364.168 C321 2022 - On Shelf"
https://catalog.saclibrary.org/GroupedWork/a4f2b1b1-4fac-7a26-99fe-9cd49700b0f6-eng,"Internet security: from concept to consumer","Yomtov, Nel",9780531218969,,"Children's Press, an imprint of Scholastic Inc",2016,"New York, NY",Book,"Book::South Natomas Children's Area: CHILDREN 005.8 Y549 2016 - On Shelf,Book::Southgate Children's Area: CHILDREN 005.8 Y549 2016 - On Shelf"
https://catalog.saclibrary.org/GroupedWork/4e2b1442-71ac-bd6f-0c90-dc1f3b7f2f46-eng,"Calling all witches!: the girls who left their mark on the Wizarding World","Calkhoven, Laurie",9781338322972,,"Scholastic Inc",2019,"New York",Book,"Book::Central Kids Place - Lower Level: CHILDREN 791.4372 F216zc 2019 - On Shelf,Book::Belle Cooledge Children's Area: CHILDREN 791.4372 F216zc 2019 - On Shelf,Book::Galt Children's Area: CHILDREN 791.4372 F216zc 2019 - Checked Out"
https://catalog.saclibrary.org/GroupedWork/f26d0eba-e890-9db8-126d-7c429ef0f2a5-eng,"Birmingham Sunday","Brimner, Larry Dane",9781590786130,,"Recorded Books, Inc.; Astra Publishing House; Calkins Creek","2010 - 2020","Honesdale, PA",eBook;eAudiobook;Book,"Book::Arcade Children's Area: CHILDREN 323.1196 B857 2010 - On Shelf,Book::Courtland Children's Area: CHILDREN 323.1196 B857 2010 - On Shelf,Book::Rancho Children's Area: CHILDREN 323.1196 B857 2010 - On Shelf"
https://catalog.saclibrary.org/GroupedWork/871b5050-e21a-b935-0da3-b5adc0f7041a-eng,"Forensic science","Innes, Brian",9781590843734,,"Mason Crest Publishers; National Highlights Inc.","2003 - 2017","Broomall, PA",eBook;Book,
https://catalog.saclibrary.org/GroupedWork/cd8f8575-b458-454f-3cf5-a62513df92e1-eng,"Lincoln's grave robbers","Sheinkin, Steve",9780545405720,,"Scholastic Inc.; Scholastic Press","2013 - 2017","New York",eAudiobook;eBook;Book,"Book::Carmichael Children's Area: CHILDREN 973.7092 S543 2013 - On Shelf,Book::Fair Oaks Children's Area: CHILDREN 973.7092 S543 2013 - On Shelf,Book::South Natomas Children's Area: CHILDREN 973.7092 S543 2013 - In Transit"
https://catalog.saclibrary.org/GroupedWork/5491dfee-286f-3e40-28f4-db6eb9bf4070-eng,"Cybersecurity expert","Faust, Daniel R",9781508155775,,"PowerKids Press; The Rosen Publishing Group, Inc","2017 - 2018","New York",eBook;Book,"Book::Pocket-Greenhaven Kids' Place: CHILDREN 005.8 F267 2018 - On Shelf,Book::Southgate Children's Area: CHILDREN 005.8 F267 2018 - On Shelf"
https://catalog.saclibrary.org/GroupedWork/5775f93b-5f2d-e6e4-3128-0eee330e5975-eng,"If I go missing","Jonnie, Brianna",9781459414518,,"James Lorimer & Company Ltd., Publishers",2020,Toronto,"Graphic Novel/Manga","Graphic Novel/Manga::Arcade Teen Area: TEEN GRAPHIC 364.15 J799 2020 - On Shelf,Graphic Novel/Manga::Carmichael Teen Area: TEEN GRAPHIC 364.15 J799 2020 - On Shelf,Graphic Novel/Manga::Central Teen Area - 3rd Floor: TEEN GRAPHIC 364.15 J799 2020 - On Shelf"
https://catalog.saclibrary.org/GroupedWork/441fe4e9-3b99-f8f0-e1be-d45e800cee5d-eng,"True stories of crime and detection","Harvey, Gill",9781601304032,,"Usborne Publishing Ltd",2015,London,Book,
https://catalog.saclibrary.org/GroupedWork/0b104b67-8e6f-a0de-20a2-1c8747ce24f2-eng,"I have the right to: a high school survivor's story of sexual assault, justice, and hope","Prout, Chessy",9781534414433,,"Margaret K. McElderry Books; Simon & Schuster Audio",2018,"New York",eAudiobook;Book,"Book::Central Teen Area - 3rd Floor: TEEN 362.883 P968 2018 - On Shelf,Book::Elk Grove Teen Area: TEEN 362.883 P968 2018 - On Shelf,Book::Sylvan Oaks Teen Area: TEEN 362.883 P968 2018 - On Shelf"
https://catalog.saclibrary.org/GroupedWork/dfb0e8f5-a2ce-8006-14e3-5e5ff6749c09-eng,"Vigilante danger: a threat to Black lives","Tyner, Artika R",9781728429571,,"Lerner Publications",2021,Minneapolis,Book,"Book::McKinley Children's Area: CHILDREN 323.119607 T988 2021 - On Shelf,Book::South Natomas Children's Area: CHILDREN 323.119607 T988 2021 - On Shelf,Book::North Sacramento-Hagginwood Children's Area: CHILDREN 323.119607 T988 2021 - On Shelf"
https://catalog.saclibrary.org/GroupedWork/89471cea-bcbd-4b1c-8328-0391bb7cd60e-eng,"Looking for fingerprints","Biegert, Melissa Ann Langley, 1967-",9781429633727,,"Capstone Press",2010,"Mankato, Minn",Book,"Book::Arcade Children's Area: CHILDREN 363.258 B586 2010 - On Shelf"
https://catalog.saclibrary.org/GroupedWork/db60c1ac-5169-22a6-36f1-46ae280c38c4-eng,"Deep dark blue","Tate, Polo",9781250128522,,"Feiwel and Friends, an imprint of Macmillan Publishing Group, LLC; Blackstone Publishing",2018,"New York",Book;eAudiobook,"Book::Central Teen Area - 3rd Floor: TEEN 362.883 T217 2018 - On Shelf,Book::Southgate Teen Area: TEEN 362.883 T217 2018 - On Shelf"
https://catalog.saclibrary.org/GroupedWork/4a0fd77b-4c68-dff4-62b0-e3f5cbfcc3b9-eng,"I said no!: a kid-to-kid guide to keeping private parts private","King, Kimberly",9781958325391,,"Marble Press",2025,"Palo Alto, CA",Book,"Book::Arden-Dimick Children's Area: CHILDREN 176.4 K547 2025 - Checked Out,Book::Central Kids Place - Lower Level: CHILDREN 176.4 K547 2025 - On Shelf,Book::Isleton Children's Area: CHILDREN 176.4 K547 2025 - On Shelf"
https://catalog.saclibrary.org/GroupedWork/d1c96f57-d092-7a2d-2d11-efa6149a8d31-eng,"Be an information security analyst","Herman, Miles",9781678211189,,"BrightPoint Press",2026,"San Diego, CA",Book,"Book::Central Teen Area - 3rd Floor: TEEN 005.8023 H551 2026 - On Shelf,Book::Franklin Teen: TEEN 005.8023 H551 2026 - On Hold Shelf,Book::South Natomas Teen Area: TEEN 005.8023 H551 2026 - On Shelf"
https://catalog.saclibrary.org/GroupedWork/20a5cd4c-3123-baf3-f617-c72e469780c4-eng,"Blood and DNA evidence: crime-solving science experiments","Rainis, Kenneth G",9780766019584,,"Enslow Publishers",2006,"Berkeley Heights, NJ",Book,
https://catalog.saclibrary.org/GroupedWork/852a0856-b36e-a68a-9d40-9d14384bc8a7-eng,"The Unabomber: Agent Kathy Puckett and the hunt for a serial bomber","Denson, Bryan",9781250199133,,"Roaring Brook Press",2019,"New York",eBook;Book,"Book::Elk Grove Kids' Place: CHILDREN 364.1523 K114 2019 - On Shelf"
https://catalog.saclibrary.org/GroupedWork/23e1c7c5-8fad-4a78-e51b-641a71413291-eng,"Cyberattacks and cyberscams: is there an end in sight?","Stephan, Jennifer",9781678203283,,"ReferencePoint Press",2023,"San Diego, CA",Book,"Book::Central Teen Area - 3rd Floor: TEEN 364.468 S827 2023 - On Shelf,Book::Elk Grove Teen Area: TEEN 364.468 S827 2023 - On Shelf,Book::Fair Oaks Teen Area: TEEN 364.468 S827 2023 - On Shelf"
https://catalog.saclibrary.org/GroupedWork/6dfd615e-f866-4446-90a2-b6f8ffa7d7b5-eng,"My body! what I say goes!: a book to empower and teach children about personal body safety, feelings, safe and unsafe touch, private parts, secrets and surprises, consent, and respectful relationships","Sanders, Jayneen",9781925089165,,"Educate2Empower Publishing, an imprint of UpLoad Publishing Pty Ltd",2016,"Macclesfield, Victoria",Book,"Book::Central Kids Place - Lower Level: CHILDREN 362.7 S215 2016 - Checked Out,Book::Colonial Heights Children's Area: CHILDREN 362.7 S215 2016 - On Shelf,Book::McKinley Children's Area: CHILDREN 362.7 S215 2016 - On Shelf"
https://catalog.saclibrary.org/GroupedWork/12dc23ed-eaba-58c2-68b3-650e63182616-eng,"Killers of the flower moon: the Osage murders and the birth of the FBI","Grann, David",9780593377376,,"Crown Books for Young Readers",2021,"New York",Book,"Book::Arcade Children's Area: CHILDREN 970.48 O81zg 2021 - On Shelf,Book::Carmichael Children's Area: CHILDREN 970.48 O81zg 2021 - On Shelf,Book::Central Kids Place - Lower Level: CHILDREN 970.48 O81zg 2021 - On Shelf"
https://catalog.saclibrary.org/GroupedWork/8ecda341-bed5-736c-f36e-23e0357a1937-eng,"Hair, clothing and tire track evidence: crime-solving science experiments","Rainis, Kenneth G",9780766027299,,"Enslow Publishers, Inc",2006,"Berkeley Heights, NJ",Book,
https://catalog.saclibrary.org/GroupedWork/2c0d2179-dcca-fdb1-195d-d66534b1aae6-eng,"Heart on fire: Susan B. Anthony votes for president","Malaspina, Ann, 1957-",9780807531884,,"Albert Whitman & Company; Albert Whitman & Co",2012,"Chicago, Ill",eBook;Book,"Book::North Natomas Children's Area: CHILDREN 324.623 M238 2012 - On Shelf"
https://catalog.saclibrary.org/GroupedWork/fa9381d2-d2fa-ea98-8067-5147f6bfb50f-eng,"Native North American Indians","Sanna, Ellyn, 1957-",9781422224694,,"Broomall, PA",2013,"Mason Crest Publishers Inc",Book,"Book::Central Kids Place - Lower Level: CHILDREN 970.1 S228 2013 - On Shelf,Book::McKinley Children's Area: CHILDREN 970.1 S228 2013 - On Shelf,Book::Sylvan Oaks Children's Area: CHILDREN 970.1 S228 2013 - On Shelf"
https://catalog.saclibrary.org/GroupedWork/cdf50304-d194-2f43-6c02-a8c85336898b-eng,"Escape at 10,000 feet: D.B. Cooper and the missing money","Sullivan, Tom (Writer of children's books)",9780062991522,,"Balzer + Bray, Harper Alley, imprints of HarperCollinsPublishers",2021,"New York, NY","Graphic Novel/Manga","Graphic Novel/Manga::Central Kids Place - Lower Level: CHILDREN GRAPHIC 364.1552 C776zs 2021 - On Shelf,Graphic Novel/Manga::Fair Oaks Children's Area: CHILDREN GRAPHIC 364.1552 C776zs 2021 - Checked Out,Graphic Novel/Manga::Isleton Children's Area: CHILDREN GRAPHIC 364.1552 C776zs 2021 - On Shelf"
https://catalog.saclibrary.org/GroupedWork/96106412-528b-544d-8b5f-f31c98e401bf-eng,Benjamin,"Winters, Ben H",9798894880204,,"Oni Press",2026,"Portland, OR","Graphic Novel/Manga","Graphic Novel/Manga::Central New Books - 4th Floor: GRAPHIC NOVEL Winters, B. - On Shelf,Graphic Novel/Manga::Southgate: GRAPHIC NOVEL Winters, B. - On Shelf"
https://catalog.saclibrary.org/GroupedWork/90838865-afea-b32c-59b3-975d8eb7b9a2-eng,"1963 Birmingham church bombing: the Ku Klux Klan's history of terror","Klobuchar, Lisa",9780756540920,,"Compass Point Books",2009,"Minneapolis, Minn",Book,"Book::Central Teen Area - 3rd Floor: TEEN 322.4209 K66 2009 - On Shelf"
https://catalog.saclibrary.org/GroupedWork/17679968-be2d-819c-5af3-1195600e530e-eng,"Unpunished murder: massacre at Colfax and the quest for justice","Goldstone, Lawrence, 1947-",9781338239454,,"Scholastic Focus; Scholastic Inc.",2018,"New York",eBook;Book,"Book::Isleton Teen Area: TEEN 976.367 G624 2018 - On Shelf,Book::North Sacramento-Hagginwood Teen Area: TEEN 976.367 G624 2018 - On Shelf"
https://catalog.saclibrary.org/GroupedWork/6b70fde7-674b-1e28-53de-b8a0f653e9ff-eng,"Case closed: Volume 40","Aoyama, Gōshō",9781421535005,,"VIZ Media",2011,"San Francisco, Calif","Graphic Novel/Manga","Graphic Novel/Manga::Colonial Heights: TEEN MANGA Case Closed v.40 - On Shelf,Graphic Novel/Manga::Orangevale: TEEN MANGA Case Closed v.40 - Checked Out"
https://catalog.saclibrary.org/GroupedWork/6c04f56a-c8f3-1798-f211-e81f3dd8cf88-eng,"Getting away with murder: the true story of the Emmett Till case","Crowe, Chris",9780803728042,,"Recorded Books, Inc.; Phyllis Fogelman Books; Penguin Young Readers Group","2003 - 2014","New York",eAudiobook;Book;eBook,"Book::Pocket-Greenhaven Kids' Place: CHILDREN 345.02523 T574zc 2003 - On Shelf,Book::Colusa Main Branch Juvenile Collection: J 345.02523 C - On Shelf,Book::Sutter County Main Branch Children's Area: CHILDREN 364.1523 CRO - On Shelf"
https://catalog.saclibrary.org/GroupedWork/1df6549b-fd59-a3ee-7faa-cab63a3a4031-eng,"Case closed: Volume 41","Aoyama, Gōshō",9781421536071,,"Viz Media",2012,"San Francisco, Calif","Graphic Novel/Manga","Graphic Novel/Manga::McClatchy Teen Area: TEEN MANGA Case Closed v.41 - On Shelf,Graphic Novel/Manga::Sacramento Public Library Storage: TEEN MANGA Case Closed v.41 - On Shelf"
https://catalog.saclibrary.org/GroupedWork/ec86af6b-6498-c259-b70c-e95ad7948ee2-eng,"Racial violence: tearing at the fabric of American life","Edwards, Sue Bradford",9781678205829,,"ReferencePoint Press, Inc",2024,"San Diego, CA",Book,"Book::Central Teen Area - 3rd Floor: TEEN 364.089 E268 2024 - On Shelf,Book::Elk Grove Teen Area: TEEN 364.089 E268 2024 - On Shelf,Book::Orangevale: TEEN 364.089 E268 2024 - On Shelf"
https://catalog.saclibrary.org/GroupedWork/6c741ec1-c77f-2741-e5d6-fd2d89381397-eng,"Wild ones: Vol. 9","Fujiwara, Kiyo",9781421532394,,"VIZ Media",2010,"San Francisco, CA","Graphic Novel/Manga","Graphic Novel/Manga::North Natomas: TEEN MANGA Wild Ones v.9 - On Shelf,Graphic Novel/Manga::Sutter Branch: TEEN MANGA Wild Ones v.9 - On Shelf"
https://catalog.saclibrary.org/GroupedWork/0e503407-16a7-7572-3ad1-3809cb83fe29-eng,"Saltypie: a Choctaw journey from darkness into light","Tingle, Tim",9781933693675,,"Cinco Puntos Press","2010 - 2014","El Paso, TX","Picture Book;eBook","Picture Book::Carmichael Children's Area: PICTURE BOOK Tingle, T. - On Shelf"
https://catalog.saclibrary.org/GroupedWork/03741f02-121a-96d3-8813-009e49746cfc-eng,"Women in the military: from drill sergeants to fighter pilots","Goldsmith, Connie, 1945-",9781541528123,,"Twenty-First Century Books; Lerner Publishing Group",2019,Minneapolis,eBook;Book,"Book::Central Teen Area - 3rd Floor: TEEN 355.009252 G624 2019 - On Shelf,Book::North Sacramento-Hagginwood Teen Area: TEEN 355.009252 G624 2019 - On Shelf,Book::Rancho Cordova: TEEN 355.009252 G624 2019 - On Shelf"
https://catalog.saclibrary.org/GroupedWork/ecc1ba71-35dc-9730-7ef5-0bf8a5274ee7-eng,"Jailbreak at Alcatraz: Frank Morris & the Anglin Brothers' great escape","Sullivan, Tom (Writer of children's books)",9780062991553,,"Balzer + Bray, Harper Alley, imprints of HarperCollinsPublishers",2021,"New York, NY","Graphic Novel/Manga","Graphic Novel/Manga::Arcade Children's Area: CHILDREN GRAPHIC 365.979 S952 2021 - On Shelf,Graphic Novel/Manga::Galt Children's Area: CHILDREN GRAPHIC 365.979 S952 2021 - On Shelf"
https://catalog.saclibrary.org/GroupedWork/fa966420-1370-e666-77ed-afb6ea79c5c2-eng,"Serial murders","Innes, Brian",9781590843727,,"Mason Crest Publishers; National Highlights Inc.","2003 - 2017","Broomall, PA",eBook;Book,
https://catalog.saclibrary.org/GroupedWork/7168df2d-bb2c-c46a-8a24-9491a6ef8839-eng,"Staying safe around strangers","Raatma, Lucia",9781429668217,,"Capstone Press; Capstone","2012 - 2021","Mankato, Minn",eBook;Book,"Book::Central Kids Place - Lower Level: CHILDREN 613.6083 R111s3 2012 - Checked Out,Book::Sutter County Main Branch Children's Area: CHILDREN 613.6 RAA - On Shelf"
https://catalog.saclibrary.org/GroupedWork/4e7d546a-def6-72a5-ca6e-d0cec95cf680-eng,"Safety in your neighborhood","Raatma, Lucia",9781592962402,,"Child's World; The Child's World, Inc.","2005 - 2011","Chanhassen, Minn",eBook;Book,
https://catalog.saclibrary.org/GroupedWork/be8936c8-1398-bc75-8d7e-4bbc17ebbc1d-eng,"The murder of Emmett Till","Aretha, David",9781599350578,,"Morgan Reynolds Pub",2008,"Greensboro, N.C",Book,"Book::Belle Cooledge Teen Area: TEEN 364.134 A682 2007 - On Shelf"
https://catalog.saclibrary.org/GroupedWork/e29acca0-2afa-1742-9895-e88c4b9abd77-eng,"Fingerprint analysis: hints from prints","Hamilton, Sue L., 1959-",9781599289885,,"ABDO Pub. Co; ABDO Publishing Company",2008,"Edina, Minn",eBook;Book,
https://catalog.saclibrary.org/GroupedWork/52297395-4716-1b8c-a0b4-174cceb4aaa1-eng,Heists,"Johnson, C. M. (Cheri M.)",9781629206158,,"Lightbox Learning Inc.; Full Tilt Press","2017 - 2021","Fremont, CA",eBook;Book,"Book::Arcade Children's Area: CHILDREN 364.1552 J663 2017 - On Shelf,Book::Carmichael Children's Area: CHILDREN 364.1552 J663 2017 - On Shelf,Book::Elk Grove Kids' Place: CHILDREN 364.1552 J663 2017 - On Shelf"
https://catalog.saclibrary.org/GroupedWork/0877985f-3df5-44f8-0a93-58dd3ec1741b-eng,"Forensic entomology: bugs & bodies","Hamilton, Sue L., 1959-",9781599289915,,"ABDO Pub. Co; ABDO Publishing Company",2008,"Edina, Minn",eBook;Book,
https://catalog.saclibrary.org/GroupedWork/8862dfed-2709-baf0-a873-3b9977c79e88-eng,"Forensic scientist: careers solving crimes and scientific mysteries","Williams, Judith (Judith A.)",9780766030510,,"Enslow Publishers",2009,"Berkeley Heights, NJ",Book,"Book::Sylvan Oaks Children's Area: CHILDREN 371.425 F715zw 2009 - On Hold Shelf,Book::Colusa Main Branch Teen Collection: YA 371.425 W - On Shelf"
https://catalog.saclibrary.org/GroupedWork/2a766a6e-4a12-449c-9312-9a017b2b7c29-eng,Forensics,"Johnson, C. M. (Cheri M.)",9781629206127,,"Lightbox Learning Inc.; Full Tilt Press","2017 - 2021","Fremont, CA",eBook;Book,"Book::Fair Oaks Children's Area: CHILDREN 363.25 J664 2017 - On Shelf,Book::Pocket-Greenhaven Kids' Place: CHILDREN 363.25 J664 2017 - On Shelf,Book::Rancho Children's Area: CHILDREN 363.25 J664 2017 - In Transit"
https://catalog.saclibrary.org/GroupedWork/73d6f13e-abde-4cc6-fe2f-b5048a5f1f18-eng,"Harley & ivy: life & crimes","Henderson, Erica",9781799509509,,,2026,,"Graphic Novel/Manga","Graphic Novel/Manga::Central Teen Area - 3rd Floor: ON ORDER - On Order,Graphic Novel/Manga::Sacramento Public Library: ON ORDER - On Order"
https://catalog.saclibrary.org/GroupedWork/81670068-5eba-ecac-e33c-05d84342fe9d-eng,"The Zodiac killer: terror and mystery","Haugen, Brenda",9780756543570,,"Compass Point Books",2011,"Mankato, Minn",Book,"Book::Sylvan Oaks Teen Area: TEEN 364.1523 H371 2011 - Checked Out,Book::Sacramento Public Library Storage: TEEN 364.1523 H371 2011 - On Shelf"
https://catalog.saclibrary.org/GroupedWork/6dcbc3f2-caa7-1bb4-3209-9a70614f6806-eng,"DNA analysis: forensic fluids & follicles","Hamilton, Sue L., 1959-",9781599289878,,"ABDO Pub. Co; ABDO Publishing Company",2008,"Edina, Minn",eBook;Book,
https://catalog.saclibrary.org/GroupedWork/35535176-efd7-447d-7523-bfbb6d0d0c83-eng,"Forensic artist: solving the case with a face","Hamilton, Sue L., 1959-",9781599289892,,"ABDO Pub. Co; ABDO Publishing Company",2008,"Edina, Minn",eBook;Book,
https://catalog.saclibrary.org/GroupedWork/4ed34263-1bfc-0c2b-80a3-4d17eefae0b4-eng,"I said no!: a kid-to-kid guide to keeping private parts private","King, Zack",9781878076496,,"Boulden Pub",2011,"Weaverville, CA",Book,
https://catalog.saclibrary.org/GroupedWork/1bac594a-dcd9-a412-9bc5-888c485c0405-eng,"Staying safe at home","Chaiet, Donna",9780823918638,,"Rosen Pub. Group",1995,"New York",Book,
https://catalog.saclibrary.org/GroupedWork/dad13508-5b3c-a830-b4c8-4bdb8dc84733-eng,"Staying safe at school","Chaiet, Donna",9780823918645,,"Rosen Pub. Group",1995,"New York",Book,
https://catalog.saclibrary.org/GroupedWork/97bf8719-f326-b9d1-fc5d-a683f896c255-eng,"Virtual danger: staying safe online","Brown, Anne K., 1962-",9780756542511,,"Compass Point Books",2010,"Mankato, MN",Book,
https://catalog.saclibrary.org/GroupedWork/22802f3c-e21c-e520-bab0-a7fc0a9fb8c0-eng,"PROPERTY OF NOBODY","CHESS, KHRISTINA",9798328900034,,"ADMIT HUB REF SERVICE PR",2024,[S.l.],Book,
https://catalog.saclibrary.org/GroupedWork/5216aa56-c281-371a-44fd-fc8d4e23ff7a-eng,"Fly like a girl: one woman's dramatic fight in Afghanistan and on the home front","Hegar, Mary Jennings",9780593117767,,"Philomel Books",2020,"New York",Book,"Book::Central Teen Area - 3rd Floor: TEEN BIOGRAPHY Hegar, M. 2020 - On Shelf,Book::McKinley Children's Area: TEEN BIOGRAPHY Hegar, M. 2020 - On Shelf,Book::Southgate Teen Area: TEEN BIOGRAPHY Hegar, M. 2020 - On Shelf"
https://catalog.saclibrary.org/GroupedWork/4b271c50-c036-6b45-aca3-1266ab8e0951-eng,"Forensic science","Fridell, Ron",9780822559351,,"Lerner Publications Co",2007,"Minneapolis, Minn",Book,
https://catalog.saclibrary.org/GroupedWork/c88b46e2-8612-2596-ae9a-12566fb745a0-eng,"No is not enough: helping teenagers avoid sexual assault","Adams, Caren, 1946-",9780915166350,,"Impact Publishers",1984,"San Luis Obispo, Calif",Book,
https://catalog.saclibrary.org/GroupedWork/01a1d0c2-3c34-5f9d-e57a-9e71d4c0a87e-eng,"Be safe on the Internet","Heos, Bridget",9781607534457,,Amicus,2015,"Mankato, MN",Book,
https://catalog.saclibrary.org/GroupedWork/c483ef57-481f-0376-3c9a-ee06593ccb62-eng,"Explore forensic science","Starr, Abbe L",9798765608944,,"Lerner Publications",2024,Minneapolis,Book,
https://catalog.saclibrary.org/GroupedWork/8bc21868-51dc-6117-302e-26ca71678fd7-eng,"Be safe around strangers","Heos, Bridget",9781607534471,,Amicus,2015,"Mankato, MN",Book,
https://catalog.saclibrary.org/GroupedWork/e28b04fd-e9f3-e3cd-339e-b0c3dfe72fdb-eng,"True stories of gangsters","Brook, Henry",9780794536503,,"EDC Publishing",2015,"Tulsa, Oklahoma",Book,
https://catalog.saclibrary.org/GroupedWork/33da04da-cfb1-9745-bf28-6d3fc2f2327b-eng,"Nazi war criminals","Rice, Earle",9781560060970,,"Lucent Books",1998,"San Diego, CA",Book,
https://catalog.saclibrary.org/GroupedWork/c49a4d12-1d0a-f9e3-924d-70526a70afb7-eng,"Stay safe!: how you can keep out of harm's way","Nelson, Sara Kirsten",9780822575511,,"Lerner Pub",2009,"Minneapolis, MN",Book,
https://catalog.saclibrary.org/GroupedWork/f6a4c90f-8d08-978a-7a90-0f69566805dc-eng,"Be aware of danger","Gutman, Bill",9780805041422,,"Twenty-First Century Books",1996,"New York",Book,
https://catalog.saclibrary.org/GroupedWork/8f2d3d1b-8ffd-5816-2978-0824ddd004c0-eng,"Murder in the graveyard: a brutal murder, a wrongful conviction, a 27-year fight for justice","Hale, Don, 1945-",9780008348533,,"HarperElement; HarperCollins Publishers",2019,London,Book;eAudiobook,"Book::Central: 364.1523 H161 2019 - On Shelf,Book::Elk Grove: 364.1523 H161 2019 - Checked Out,Book::Southgate: 364.1523 H161 2019 - On Shelf"
https://catalog.saclibrary.org/GroupedWork/a32d24ee-1dc5-63e3-042e-5bf20bca4442-eng,Ballistics,"Rollins, Barbara B",9780736824217,,"Capstone Press",2004,"Mankato, Minn",Book,
https://catalog.saclibrary.org/GroupedWork/ec7336e6-7e97-f3d9-b3c4-09bc515bae95-eng,"Adolf Eichmann: engineer of death","Sachs, Ruth",9780823933082,,"Rosen Pub. Group",2001,"New York",Book,
https://catalog.saclibrary.org/GroupedWork/5a1768d7-e15c-c291-239b-cbd482f4399b-eng,"Beyond bruises: the truth about teens and abuse","Gordon, Sherri Mabry",9780766030640,,Enslow,2009,"Berkeley Heights, NJ",Book,
https://catalog.saclibrary.org/GroupedWork/ead613f8-64be-b7f9-08a5-6e2a062de142-eng,"A kid's guide to staying safe on the streets","Boelts, Maribeth, 1964-",9780823950805,,"Rosen Publishing Group's PowerKids Press",1997,"New York",Book,
https://catalog.saclibrary.org/GroupedWork/20144dd3-b8f5-2369-cf33-bc8aac34c48e-eng,"Robbers!: true stories of the world's most notorious thieves","Schroeder, Andreas, 1946-",9781554514410,,"Annick Press",2012,"New York; Toronto; Firefly Books",eBook;Book,"Book::Carmichael Children's Area: CHILDREN 364.15 S381 2012 - On Shelf,Book::McKinley Children's Area: CHILDREN 364.15 S381 2012 - On Shelf"
https://catalog.saclibrary.org/GroupedWork/04f87046-0eda-cd19-f00f-e9568d461ff3-eng,"Police forensics","Sutherland, Adam",9780761377740,,"Lerner Publishing Group|Lerner Publishing Group; Lerner Publications",2012,"Minneapolis, MN",eBook;Book,"Book::Arcade Children's Area: CHILDREN 363.25 S966 2012 - On Shelf"
https://catalog.saclibrary.org/GroupedWork/3f166921-8dfd-7597-0a59-6f7f7e3840bf-eng,"Cyberspies: inside the world of hacking, online privacy, and cyberterrorism","Miller, Michael, 1958-",9781728413907,,"Twenty-First Century Books; Lerner Publishing Group",2021,"Minneapolis, MN",eBook;Book,"Book::Central Teen Area - 3rd Floor: TEEN 005.8 M649 2021 - On Shelf,Book::Belle Cooledge Teen Area: TEEN 005.8 M649 2021 - On Shelf,Book::Del Paso Heights Teen Area: TEEN 005.8 M649 2021 - On Shelf"
https://catalog.saclibrary.org/GroupedWork/342a1a5c-d691-6d8f-a5aa-68896acaef4c-eng,Goldfish,"Bendis, Brian Michael",9781506730141,,"Dark Horse Books; Dark Horse Comics",2022,"Milwaukie, OR","Graphic Novel/Manga;eComic","Graphic Novel/Manga::Fair Oaks: GRAPHIC NOVEL Bendis, B. - On Shelf,Graphic Novel/Manga::Orangevale: GRAPHIC NOVEL Bendis, B. - On Shelf,Graphic Novel/Manga::Rio Linda: GRAPHIC NOVEL Bendis, B. - On Shelf"
https://catalog.saclibrary.org/GroupedWork/7852603f-edbf-5930-5f72-fc6b3e5c568c-eng,"Shazam!: power of hope","Dini, Paul",9781779521484,,"DC Comics",2023,"Burbank, CA","Graphic Novel/Manga;eComic","Graphic Novel/Manga::Arcade Teen Area: TEEN GRAPHIC NOVEL Shazam - On Shelf,Graphic Novel/Manga::Carmichael Teen Area: TEEN GRAPHIC NOVEL Shazam - On Shelf,Graphic Novel/Manga::Central Teen Area - 3rd Floor: TEEN GRAPHIC NOVEL Shazam - On Shelf"
https://catalog.saclibrary.org/GroupedWork/37c27eab-f902-b15a-addd-f6b03556ce65-eng,"Undercover operations","Sutherland, Adam",9780761377733,,"Lerner Publishing Group|Lerner Publishing Group; Lerner Publications",2012,"Minneapolis, Minn",eBook;Book,"Book::North Natomas Children's Area: CHILDREN 327.12 S966 2012 - On Shelf,Book::Southgate Children's Area: CHILDREN 327.12 S966 2012 - On Shelf"
https://catalog.saclibrary.org/GroupedWork/5c92ed96-64a6-861b-530f-7b55eefa92b2-eng,"Bomb squad technician","Perritano, John",9781422233924,,"National Highlights Inc.; Mason Crest",2016,"Broomall, PA",eBook;Book,"Book::Belle Cooledge Children's Area: CHILDREN 363.1798 P458 2016 - On Shelf,Book::Del Paso Heights Children's Area: CHILDREN 363.1798 P458 2016 - On Shelf,Book::Southgate Children's Area: CHILDREN 363.1798 P458 2016 - On Shelf"
https://catalog.saclibrary.org/GroupedWork/8a69a917-6365-a652-f662-ee022758a3e3-eng,"Hooray for police officers!","Parkes, Elle",9781512414400,,"Lerner Publishing Group|Lerner Publishing Group; Lerner Publishing Group; Lerner Publications","2016 - 2017",Minneapolis,"Easy Reader;eBook","Easy Reader::Belle Cooledge Children's Area: EASY READER 1 363.2 P245 2017 - On Shelf"
https://catalog.saclibrary.org/GroupedWork/5e6a8ed6-232d-90be-de19-65800d9092d9-eng,"Tragedy in Tucson: the Arizona shooting rampage","Houser, Aimee, 1970-",9781617833120,,"ABDO Pub. Co",2012,Minneapolis,Book,
https://catalog.saclibrary.org/GroupedWork/9b56a798-22a8-4ee5-9cec-d6cb2611ff2a-eng,"The Mississippi burning trial: a primary source account","Scheppler, Bill",9780823939725,,"Rosen Pub. Group",2004,"New York",Book,
https://catalog.saclibrary.org/GroupedWork/b99e9bb7-987a-6473-90bc-01daa4cc092c-eng,"Ben 10: The creature from Serenity Shore","Lee, C. B",9781684155323,,"BOOM! Studios; KaBoom!",2020,"Los Angeles, CA","Graphic Novel/Manga;eComic","Graphic Novel/Manga::Belle Cooledge Children's Area: CHILDREN GRAPHIC NOVEL Ben 10 - On Shelf,Graphic Novel/Manga::Orangevale: CHILDREN GRAPHIC NOVEL Ben 10 - Checked Out,Graphic Novel/Manga::Pocket-Greenhaven Kids' Place: CHILDREN GRAPHIC NOVEL Ben 10 - On Shelf"
https://catalog.saclibrary.org/GroupedWork/008281df-445a-b9b8-3069-6841cf4a8a7c-eng,"If I ran for president","Stier, Catherine",9780807535431,,"Albert Whitman & Company; Albert Whitman",2007,"Morton Grove, Ill",eBook;Book,"Book::Sylvan Oaks Children's Area: CHILDREN 324.7097 S855 2007 - On Shelf"
https://catalog.saclibrary.org/GroupedWork/d74f3600-0194-0092-e15d-b3c65024bbca-eng,"Police station","Donner, Erica",9781620319321,,"Jump!, Inc; Jump!",2018,Minneapolis,"Easy Reader;eBook","Easy Reader::Pocket-Greenhaven Kids' Place: EASY READER 1 363.23 D686 2018 - On Shelf,Easy Reader::Rancho Children's Area: EASY READER 1 363.23 D686 2018 - On Shelf,Easy Reader::Walnut Grove Children's Area: EASY READER 1 363.23 D686 2018 - On Shelf"
https://catalog.saclibrary.org/GroupedWork/a6a39e18-beee-8f4f-031b-fbe6e2b4eeda-eng,"Blood, bullets, and bones: the story of forensic science from Sherlock Holmes to DNA","Heos, Bridget",9780062387622,,"Balzer + Bray, an imprint of HarperCollinsPublishers; HarperCollins",2016,"New York, NY",eBook;Book,"Book::Courtland Teen Area: TEEN 363.25 H528 2016 - On Shelf,Book::Folsom Adult: TEEN 363.25 HEO 2016 - On Shelf,Book::Sacramento Public Library Storage: TEEN 363.25 H528 2016 - On Shelf"
https://catalog.saclibrary.org/GroupedWork/32aac434-04ac-277e-e1aa-4ed582f9e399-eng,"The thirteenth amendment and its legacy","Harris, Duchess",9781532118791,,"Abdo Publishing; ABDO Publishing Company","2019 - 2020","Minnneapolis, Minnesota",eBook;Book,"Book::Carmichael Children's Area: CHILDREN 342.73 H313 2020 - On Shelf,Book::Belle Cooledge Children's Area: CHILDREN 342.73 H313 2020 - On Shelf,Book::North Natomas Children's Area: CHILDREN 342.73 H313 2020 - On Shelf"
https://catalog.saclibrary.org/GroupedWork/eb662d8d-358d-85b1-f073-1677d580eb3b-eng,"Irish Crown Jewels theft","Gish, Ashley",9781637384343,,"Apex Editions; North Star Editions",2023,"Mendota Height, MN",eBook;Book,"Book::Central Kids Place - Lower Level: CHILDREN 364.1628 G532 2023 - On Shelf,Book::Elk Grove Kids' Place: CHILDREN 364.1628 G532 2023 - On Shelf,Book::Franklin Children's: CHILDREN 364.1628 G532 2023 - On Shelf"
https://catalog.saclibrary.org/GroupedWork/a8e3f1e7-2279-fc53-339d-13f9333924ef-eng,"Forensic investigator","Glass, Susan",9781410928474,,Raintree,2008,"Chicago, Ill",Book,"Book::Belle Cooledge Children's Area: CHILDREN 363.25 G549 2008 - On Shelf"
https://catalog.saclibrary.org/GroupedWork/855a4757-4413-cd54-7d4f-b98e4f1b7a65-eng,"Disappearance of skyjacker D.B. Cooper","Kim, Carol",9781663958761,,"Capstone; Capstone Press, a Capstone imprint",2022,"North Mankato, Minnesota",eBook;Book,"Book::Central Kids Place - Lower Level: CHILDREN 364.1552 C776zk 2022 - On Shelf,Book::Belle Cooledge Children's Area: CHILDREN 364.1552 C776zk 2022 - On Shelf,Book::Franklin Children's: CHILDREN 364.1552 C776zk 2022 - On Shelf"
https://catalog.saclibrary.org/GroupedWork/6eb729fa-a4b0-fe11-c0ff-cdbfc7815e06-eng,"Being in a gang: stories from survivors","Eason, Sarah",9781915153074,,"Cheriton Children's Books",2022,"Shropshire, UK",eBook;Book,"Book::Central Teen Area - 3rd Floor: TEEN 303.609 E131 2022 - On Shelf,Book::Belle Cooledge Teen Area: TEEN 303.609 E131 2022 - On Shelf,Book::Franklin Teen: TEEN 303.609 E131 2022 - On Shelf"
https://catalog.saclibrary.org/GroupedWork/3e9074df-d6d7-6885-39a6-8c152c7f91e7-eng,"The gardener of Alcatraz: a true story","Smith, Emma Bland",9781623541606,,Charlesbridge,2022,"Watertown, MA",eBook;Book,"Book::Central Kids Place - Lower Level: CHILDREN BIOGRAPHY Michener, E. 2022 - On Shelf,Book::Colonial Heights Children's Area: CHILDREN BIOGRAPHY Michener, E. 2022 - On Shelf,Book::Courtland Children's Area: CHILDREN BIOGRAPHY Michener, E. 2022 - On Shelf"
https://catalog.saclibrary.org/GroupedWork/5d1db59e-15b4-4b5a-5aed-b6c452c0351e-eng,"Racial profiling: everyday inequality","Behnke, Alison",9781512402681,,"Lerner Publishing Group|Lerner Publishing Group; Twenty-First Century Books",2017,Minneapolis,eBook;Book,"Book::Central Teen Area - 3rd Floor: TEEN 363.23089 B419 2017 - On Shelf"
https://catalog.saclibrary.org/GroupedWork/592929bf-0106-eaf4-4547-4ada101e4127-eng,"The debate about the Electoral College","Edwards, Sue Bradford",9781635175264,,"North Star Editions; Focus Readers",2018,"Lake Elmo, MN",eBook;Book,"Book::Carmichael Children's Area: CHILDREN 324.63 E268 2018 - On Shelf,Book::Belle Cooledge Children's Area: CHILDREN 324.63 E268 2018 - On Shelf,Book::Franklin Children's: CHILDREN 324.63 E268 2018 - On Shelf"
https://catalog.saclibrary.org/GroupedWork/4ac3f4d1-4b1f-9de5-6063-254f33854b7e-eng,"Teen incarceration: from cell bars to ankle bracelets","Jones, Patrick, 1946-",9781467775724,,"Twenty-First Century Books; Lerner Publishing Group",2016,Minneapolis,eBook;Book,"Book::Central Teen Area - 3rd Floor: TEEN 364.60835 J78 2016 - On Shelf,Book::Courtland Teen Area: TEEN 364.60835 J78 2016 - On Shelf,Book::Woodland Public Library: 364.60835 Jon 2016 - On Shelf"
https://catalog.saclibrary.org/GroupedWork/9a811554-e35b-f9f0-3a7a-bbe9c0a14bef-eng,"Sonia Sotomayor: from the Bronx to the US Supreme Court","Sonneborn, Liz",9781728491769,,"Lerner Publishing Group; Lerner Publications","2023 - 2024",Minneapolis,eBook;Book,"Book::Central Kids Place - Lower Level: CHILDREN BIOGRAPHY Sotomayor, S. 2024 - On Shelf,Book::Franklin Children's: CHILDREN BIOGRAPHY Sotomayor, S. 2024 - On Shelf,Book::North Natomas Children's Area: CHILDREN BIOGRAPHY Sotomayor, S. 2024 - On Shelf"
https://catalog.saclibrary.org/GroupedWork/a5247aa5-65f5-ff3c-3aae-14b40a6b7017-eng,"Mass incarceration","Head, Tom",9781637396421,,"North Star Editions; Focus Readers","2023 - 2024","Lake Elmo, MN",eBook;Book,"Book::Arcade Children's Area: CHILDREN 365.973 H432 2024 - On Shelf,Book::Central Kids Place - Lower Level: CHILDREN 365.973 H432 2024 - On Shelf,Book::Elk Grove Kids' Place: CHILDREN 365.973 H432 2024 - On Shelf"
https://catalog.saclibrary.org/GroupedWork/c464b760-d269-15ec-4d7a-f50c106e9130-eng,"Gun rights & responsibilities","Kevin, Brian, 1980-",9781617833151,,"ABDO; ABDO Pub; ABDO Publishing Company",2012,"Minneapolis, MN",eBook;Book,"Book::Rancho Children's Area: CHILDREN 363.33 K439 2012 - On Shelf"
https://catalog.saclibrary.org/GroupedWork/063fbbbf-5d83-c6be-2ff9-8373189f611a-eng,"Voting and elections","Edwards, Sue Bradford",9781637396452,,"North Star Editions; Focus Readers","2023 - 2024","Lake Elmo, MN",eBook;Book,"Book::Central Kids Place - Lower Level: CHILDREN 324.60973 E268 2024 - On Shelf,Book::Colonial Heights Children's Area: CHILDREN 324.60973 E268 2024 - On Shelf,Book::Belle Cooledge Children's Area: CHILDREN 324.60973 E268 2024 - On Shelf"
https://catalog.saclibrary.org/GroupedWork/373de1cd-491a-04d1-f20b-a93f70fb6a0c-eng,"The Second Amendment: the right to bear arms","Larson, Kirsten W",9781515771784,,"Capstone Press; Capstone","2018 - 2019","North Mankato, Minnesota",eBook;Book,"Book::Arcade Children's Area: CHILDREN 344.0533 R569 2018 - On Shelf,Book::Elk Grove Kids' Place: CHILDREN 344.0533 R569 2018 - On Shelf,Book::Isleton Children's Area: CHILDREN 344.0533 R569 2018 - On Shelf"
https://catalog.saclibrary.org/GroupedWork/98ca8cbf-d8f8-16f0-4cd7-c9b9fa95adcb-eng,"My story starts here: voices of young offenders","Ellis, Deborah",9781773061214,,"Groundwood Books Ltd; Groundwood Books",2019,Toronto,eBook;Book,"Book::Belle Cooledge Teen Area: TEEN 364.36 E472 2019 - On Shelf,Book::Elk Grove Teen Area: TEEN 364.36 E472 2019 - On Shelf,Book::Franklin Teen: TEEN 364.36 E472 2019 - On Shelf"
https://catalog.saclibrary.org/GroupedWork/4ebea64b-ee4e-b61a-e103-4fda158d5bef-eng,"Amy Coney Barrett: reshaping the Supreme Court","Schwartz, Heather E",9781728438368,,"Lerner Publishing Group; Lerner Publications","2021 - 2022","Minneapolis, MN",eBook;Book,"Book::Del Paso Heights Children's Area: CHILDREN BIOGRAPHY Barrett, A. 2022 - On Shelf,Book::South Natomas Children's Area: CHILDREN BIOGRAPHY Barrett, A. 2022 - On Shelf,Book::Walnut Grove Children's Area: CHILDREN BIOGRAPHY Barrett, A. 2022 - On Shelf"
https://catalog.saclibrary.org/GroupedWork/0aaf7d26-ff80-6a00-1789-db09a451157b-eng,"The Tenth Amendment: states' rights","Raum, Elizabeth",9781515771753,,"Capstone Press; Capstone","2018 - 2019","North Mankato, Minnesota",eBook;Book,"Book::North Natomas Children's Area: CHILDREN 342.73042 R246 2018 - On Shelf,Book::Pocket-Greenhaven Kids' Place: CHILDREN 342.73042 R246 2018 - On Shelf,Book::Rancho Children's Area: CHILDREN 342.73042 R246 2018 - On Shelf"
https://catalog.saclibrary.org/GroupedWork/54feaf45-7eec-ea18-56df-2b0bff24f9ea-eng,"Weed: cannabis culture in the Americas","Donohue, Caitlin",9781728429533,,"Tantor Media, Inc.; Lerner Publishing Group; Zest Books","2023 - 2024",Minneapolis,eBook;Book;eAudiobook,"Book::Arcade Teen Area: TEEN 362.295 D687 2023 - On Shelf,Book::Central Teen Area - 3rd Floor: TEEN 362.295 D687 2023 - On Shelf,Book::Franklin Teen: TEEN 362.295 D687 2023 - On Shelf"
https://catalog.saclibrary.org/GroupedWork/7198f91a-0d87-8056-fe30-23d50a7c30b7-eng,"Gun laws in America","Rebman, Nick",9781637396407,,"North Star Editions; Focus Readers","2023 - 2024","Lake Elmo, MN",eBook;Book,"Book::Carmichael Children's Area: CHILDREN 344.0533 R291 2024 - On Shelf,Book::Central Kids Place - Lower Level: CHILDREN 344.0533 R291 2024 - On Shelf,Book::Colonial Heights Children's Area: CHILDREN 344.0533 R291 2024 - On Shelf"
https://catalog.saclibrary.org/GroupedWork/3cd859c0-8928-604b-8299-7f917eec26e8-eng,"The Supreme Court and us","Mihaly, Christy",9780807576649,,"Albert Whitman & Company",2022,"Chicago, Illinois",eBook;Book,"Book::Central Kids Place - Lower Level: CHILDREN 347.74 M636 2022 - On Shelf,Book::South Natomas Children's Area: CHILDREN 347.74 M636 2022 - On Shelf,Book::North Natomas Children's Area: CHILDREN 347.74 M636 2022 - On Shelf"
https://catalog.saclibrary.org/GroupedWork/9cd45e91-8543-0bce-69da-e1c0b5303699-eng,"The facts about gun violence","Mooney, Carla, 1970-",9781678210380,,"ReferencePoint Press","2025 - 2026","San Diego, CA",eBook;Book,"Book::Arcade Teen Area: TEEN 344.0533 M818 2025 - On Shelf,Book::Central Teen Area - 3rd Floor: TEEN 344.0533 M818 2025 - On Shelf,Book::Colonial Heights: TEEN 344.0533 M818 2025 - On Shelf"
https://catalog.saclibrary.org/GroupedWork/b2551f99-4515-952b-091b-650aff120565-eng,"Uncovering a terrorist: Agent Ryan Dwyer and the case of the Portland bomb plot","Denson, Bryan",9781250199294,,"Roaring Brook Press",2020,"New York",eBook;Book,"Book::Belle Cooledge Children's Area: CHILDREN 363.325 D993zd 2020 - On Shelf,Book::Elk Grove Kids' Place: CHILDREN 363.325 D993zd 2020 - On Shelf,Book::South Natomas Children's Area: CHILDREN 363.325 D993zd 2020 - On Shelf"
https://catalog.saclibrary.org/GroupedWork/ee08c64a-38e4-e408-c3b5-10920259dd70-eng,"Reimagining police: the future of public safety","Tyner, Artika R",9781728449630,,"Twenty-First Century Books; Lerner Publishing Group","2023 - 2024",Minneapolis,eBook;Book,"Book::Arcade Teen Area: TEEN 363.20973 T988 2024 - On Shelf,Book::Carmichael Teen Area: TEEN 363.20973 T988 2024 - On Shelf,Book::Central Teen Area - 3rd Floor: TEEN 363.20973 T988 2024 - On Shelf"
https://catalog.saclibrary.org/GroupedWork/68e06f9d-d9f7-6b5a-caa2-bdffcf2b2c83-eng,"D.B. Cooper","Ringstad, Arnold",9781637384596,,"North Star Editions; Apex",2023,"Mendota Heights",eBook;Book,"Book::Central Kids Place - Lower Level: CHILDREN 364.1552 R582 2023 - On Shelf,Book::Belle Cooledge Children's Area: CHILDREN 364.1552 R582 2023 - On Shelf,Book::Elk Grove Kids' Place: CHILDREN 364.1552 R582 2023 - On Shelf"
https://catalog.saclibrary.org/GroupedWork/f7dac30c-123f-494c-35f9-5744225e356f-eng,"Jim Crow: segregation and the legacy of slavery","Smith, Elliott, 1976-",9781728439075,,"Lerner Publishing Group; Lerner Publications",2022,Minneapolis,eBook;Book;eAudiobook,"Book::Carmichael Children's Area: CHILDREN 342.7308 S646 2022 - On Shelf,Book::Central Kids Place - Lower Level: CHILDREN 342.7308 S646 2022 - On Shelf,Book::Belle Cooledge Children's Area: CHILDREN 342.7308 S646 2022 - On Shelf"
https://catalog.saclibrary.org/GroupedWork/c405c3f2-ec2e-08c9-fc31-a6ada1c664b3-eng,"Shackled: a tale of wronged kids, rogue judges, and a town that looked away","Cooper, Candy J., 1955-",9781662620133,,"Recorded Books, Inc.; Astra Publishing House; Calkins Creek, an imprint of Astra Books for Young Readers",2024,"New York",eAudiobook;Book;eBook,"Book::Central Teen Area - 3rd Floor: TEEN 364.134 C776 2024 - On Shelf,Book::Colonial Heights: TEEN 364.134 C776 2024 - On Shelf,Book::Fair Oaks Teen Area: TEEN 364.134 C776 2024 - On Shelf"
https://catalog.saclibrary.org/GroupedWork/79f83625-1a72-872b-b3da-e9a4d447dc4f-eng,"Inside Alcatraz","Schwartz, Heather E",9781728478319,,"Lerner Publishing Group; Lerner Publications",2023,"Minneapolis, MN",eBook;Book,
https://catalog.saclibrary.org/GroupedWork/11fae026-db8e-7c63-54a5-b989a93f1508-eng,"Gun violence and the fight for public safety","Smith, Elliott, 1976-",9781728423401,,"Lerner Publishing Group; Lerner Publications","2021 - 2022",Minneapolis,eBook;Book;eAudiobook,"Book::Central Kids Place - Lower Level: CHILDREN 363.33 S646 2022 - On Shelf,Book::Franklin Children's: CHILDREN 363.33 S646 2022 - On Shelf,Book::McKinley Children's Area: CHILDREN 363.33 S646 2022 - On Shelf"
https://catalog.saclibrary.org/GroupedWork/6b989831-a59f-3ff2-0c98-544f6fe757c8-eng,"Whose right is it?: the Second Amendment and the fight over guns","Bajramovic, Hana",9781250224255,,"Henry Holt and Company; Henry Holt and Co. (BYR); Tantor Media, Inc",2020,"New York",eAudiobook;eBook;Book,"Book::Carmichael Children's Area: CHILDREN 344.0533 B165 2020 - On Shelf,Book::McKinley Children's Area: CHILDREN 344.0533 B165 2020 - On Shelf,Book::North Natomas Children's Area: CHILDREN 344.0533 B165 2020 - On Shelf"
https://catalog.saclibrary.org/GroupedWork/6b273d7c-82c0-133b-2371-ee5a8d869ffe-eng,"From a whisper to a rallying cry: the killing of Vincent Chin and the trial that galvanized the Asian American movement","Yoo, Paula",9781324002871,,"Recorded Books, Inc.; Norton Young Readers, an imprint of W.W. Norton & Company",2021,"New York, NY",eAudiobook;Book,"Book::Carmichael Teen Area: TEEN 305.89507 C539zy 2021 - On Shelf,Book::Central Teen Area - 3rd Floor: TEEN 305.89507 C539zy 2021 - On Shelf,Book::Franklin Teen: TEEN 305.89507 C539zy 2021 - On Shelf"
https://catalog.saclibrary.org/GroupedWork/a0bfe81e-78c8-a26d-d26a-5c0fa1d314e2-eng,"The eye that never sleeps: how Detective Pinkerton saved President Lincoln","Moss, Marissa",9781419730641,,"Abrams; Abrams Books for Young Readers",2018,"New York",eBook;Book,"Book::Carmichael Children's Area: CHILDREN 363.289 M913 2018 - On Shelf,Book::Central Kids Place - Lower Level: CHILDREN 363.289 M913 2018 - On Shelf,Book::Fair Oaks Children's Area: CHILDREN 363.289 M913 2018 - On Shelf"
https://catalog.saclibrary.org/GroupedWork/bce2bde8-5b2d-dbbe-1d12-d4dab921c171-eng,"The bombing of Pearl Harbor","Pierce, Alan, 1966-",9781591977292,,"Abdo Pub; ABDO Publishing Company",2005,"Edina, Minn",eBook;Book,"Book::Arcade Children's Area: CHILDREN 940.5426 P615 2005 - On Shelf,Book::Elk Grove Kids' Place: CHILDREN 940.5426 P615 2005 - On Shelf,Book::Sutter County Main Branch Children's Area: CHILDREN 940.54 PIE - On Shelf"
https://catalog.saclibrary.org/GroupedWork/ce6e5595-e2bf-2f74-9eaf-9e37ee8b1f6d-eng,"Use of force and the fight against police brutality","Smith, Elliott, 1976-",9781728428826,,"Lerner Publishing Group; Lerner Publications","2021 - 2022","Minneapolis, MN",eBook;Book;eAudiobook,"Book::Central Kids Place - Lower Level: CHILDREN 363.232 S646 2022 - On Shelf,Book::Belle Cooledge Children's Area: CHILDREN 363.232 S646 2022 - On Shelf,Book::North Natomas Children's Area: CHILDREN 363.232 S646 2022 - On Shelf"
https://catalog.saclibrary.org/GroupedWork/c577eaa5-c0af-85b4-4d84-e80fad80b60b-eng,"Mass incarceration, Black men, and the fight for justice","Lewis, Cicely",9781728423425,,"Lerner Publishing Group; Lerner Publications","2021 - 2022",Minneapolis,eBook;Book;eAudiobook,"Book::Carmichael Children's Area: CHILDREN 365.608996 L673 2022 - On Shelf,Book::Central Kids Place - Lower Level: CHILDREN 365.608996 L673 2022 - On Shelf,Book::North Natomas Children's Area: CHILDREN 365.608996 L673 2022 - On Shelf"
https://catalog.saclibrary.org/GroupedWork/203b4844-ab64-3a74-249e-d0ca6c6bcc89-eng,"Marked man: Frank Serpico's inside battle against police corruption","Florio, John, 1960-",9781250621955,,"Roaring Brook Press",2024,"New York",eBook;Book,"Book::Carmichael Teen Area: TEEN 364.1323 S486zf 2024 - On Shelf,Book::Central Teen Area - 3rd Floor: TEEN 364.1323 S486zf 2024 - On Shelf,Book::Southgate Teen Area: TEEN 364.1323 S486zf 2024 - On Shelf"
https://catalog.saclibrary.org/GroupedWork/77949efd-4466-1821-2663-b36401c41e4b-eng,"Ketanji: Justice Jackson's journey to the U.S. Supreme Court","Magoon, Kekla",9780063296169,,"HarperCollins; Quill Tree Books, an imprint of HarperCollins Publishers",2023,"New York, NY",eBook;Book,"Book::Del Paso Heights Children's Area: CHILDREN BIOGRAPHY Jackson, K. 2023 - On Shelf,Book::Elk Grove Kids' Place: CHILDREN BIOGRAPHY Jackson, K. 2023 - On Shelf,Book::Fair Oaks Children's Area: CHILDREN BIOGRAPHY Jackson, K. 2023 - On Shelf"
https://catalog.saclibrary.org/GroupedWork/110faf31-6a34-9ef6-be28-14bc8297a1bc-eng,"Hanged!: Mary Surratt & the plot to assassinate Abraham Lincoln","Miller, Sarah, 1979-",9780593181560,,"Random House Children's Books; Books on Tape; Random House Studio",2022,"New York",eAudiobook;Book;eBook,"Book::Central Teen Area - 3rd Floor: TEEN 973.7 G962zm 2022 - On Shelf,Book::Courtland Teen Area: TEEN 973.7 G962zm 2022 - On Shelf,Book::Del Paso Heights Teen Area: TEEN 973.7 G962zm 2022 - On Shelf"
https://catalog.saclibrary.org/GroupedWork/c9c2429d-55bc-63df-dcdb-a62482ca053a-eng,"The FBI","Hamilton, John, 1959-",9781596797574,,"ABDO Pub; ABDO Publishing Company","2007 - 2021","Edina, Minn",eBook;Book,
https://catalog.saclibrary.org/GroupedWork/a75a5af5-657e-6e82-7889-bb5f5c38037c-eng,"The highest tribute: Thurgood Marshall's life, leadership, and legacy","Magoon, Kekla",9780062912510,,"HarperCollins; Quill Tree Books, an imprint of HarperCollinsPublishers",2021,"New York, NY",eBook;Book,"Book::North Natomas Children's Area: OVERSIZE CHILDREN BIOGRAPHY Marshall, T. 2021 - On Shelf,Book::Pocket-Greenhaven Kids' Place: OVERSIZE CHILDREN BIOGRAPHY Marshall, T. 2021 - On Shelf,Book::Rancho Children's Area: OVERSIZE CHILDREN BIOGRAPHY Marshall, T. 2021 - On Shelf"
https://catalog.saclibrary.org/GroupedWork/176558b8-39a7-c3d2-c5ef-916b7e1ba7e3-eng,"Hero law enforcement dogs","Boothroyd, Jennifer, 1972-",9781512431087,,"Lerner Publishing Group|Lerner Publishing Group; Lerner Publishing Group; Lerner Publications",2017,Minneapolis,eBook;Book,
https://catalog.saclibrary.org/GroupedWork/b5dad66f-59da-dc2c-acaa-0902a1ddfdc9-eng,"Lunch counter sit-ins: how photographs helped foster peaceful civil rights protests","Smith-Llera, Danielle, 1971-",9780756558802,,"Compass Point Books a capstone imprint; Capstone","2019 - 2020","[North Mankato, Minnesota]",eBook;Book,"Book::Belle Cooledge Children's Area: CHILDREN 323.09756 S654 2019 - On Shelf,Book::Rancho Children's Area: CHILDREN 323.09756 S654 2019 - On Shelf,Book::Valley Hi-North Laguna Children's Area: CHILDREN 323.09756 S654 2019 - On Shelf"
https://catalog.saclibrary.org/GroupedWork/c8a69a51-58a9-f343-44ce-0a63c5d57eca-eng,"Political prisoners","Smith, Roger, 1959 Aug. 15-",9781590849873,,"Mason Crest Publishers; National Highlights Inc.","2007 - 2018",Philadelphia,eBook;Book,
https://catalog.saclibrary.org/GroupedWork/23971697-4177-5a34-3114-83b6c41f72cc-eng,"A time of fear: America in the era of red scares and Cold War","Marrin, Albert",9780525644293,,"Books on Tape; Alfred A. Knopf",2021,"New York",eAudiobook;Book,"Book::Central Teen Area - 3rd Floor: TEEN 973 M379 2021 - On Shelf,Book::Rancho Cordova: TEEN 973 M379 2021 - On Shelf,Book::Southgate Teen Area: TEEN 973 M379 2021 - On Shelf"
https://catalog.saclibrary.org/GroupedWork/99cfbcaa-c0de-85c4-7f3a-eec874050068-eng,"Ten days in a mad-house","Bly, Nellie, 1864-1922",9781463695392,,"s.n; Mint Editions; Tantor Media, Inc; Dreamscape Media; Global Publishers; Open Road Media","2011 - 2023","Holland, Ohio; [S.l","eAudiobook;Audiobook - CD;eBook;Book","Book::Fair Oaks: 362.21 B661 2011 - Checked Out"
https://catalog.saclibrary.org/GroupedWork/68257db6-5652-fd72-ec2e-79a13642ce66-eng,"Police officers in my community","Bellisario, Gina",9781541527096,,"Lerner Publishing Group; Lerner Publications","2018 - 2019",Minneapolis,eBook;Book,
https://catalog.saclibrary.org/GroupedWork/0eeef15b-4772-520b-dce1-ad1db88cb4db-eng,"Lincoln's spymaster: Allan Pinkerton, America's first private eye","Seiple, Samantha",9780545708975,,"Scholastic Inc.; Scholastic Press","2015 - 2017","New York",eBook;Book;eAudiobook,"Book::Central Teen Area - 3rd Floor: TEEN 973.7092 P655zs 2015 - OFF CAMPUS,Book::Woodland Public Library: BIOGRAPHY Pinkerton, A. 2015 - On Shelf"
https://catalog.saclibrary.org/GroupedWork/8594cdc6-b415-ce2c-e140-33433c4437f7-eng,"That's not fair!: getting to know your rights and freedoms","McLaughlin, Danielle S., 1951-",9781771382083,,"Kids Can Press",2016,"Toronto, ON",eBook;Book,
https://catalog.saclibrary.org/GroupedWork/af5cde3d-5628-89b7-4d62-d324d617a342-eng,"What are my rights?: Q&A about teens and the law","Jacobs, Thomas A",9781631983115,,"Free Spirit Publishing Inc; Free Spirit Publishing","2019 - 2020","Minneapolis, MN",eBook;Book,"Book::Central Teen Area - 3rd Floor: TEEN 346.73013 J175 2019 - On Shelf,Book::Galt Teen Area: TEEN 346.73013 J175 2019 - On Shelf,Book::Sacramento Public Library Storage: TEEN 346.73013 J175 2019 - Checked Out"
https://catalog.saclibrary.org/GroupedWork/ebd69089-174f-9b31-e191-7edb240b09fc-eng,"Holodomor: the Ukrainian famine-genocide","Wolny, Philip",9781508177326,,"Rosen YA; The Rosen Publishing Group, Inc","2017 - 2018","New York",eBook;Book,"Book::Arcade Children's Area: CHILDREN 947.084 W865 2018 - On Shelf,Book::Del Paso Heights Children's Area: CHILDREN 947.084 W865 2018 - On Shelf,Book::Rancho Children's Area: CHILDREN 947.084 W865 2018 - On Shelf"
https://catalog.saclibrary.org/GroupedWork/f2745526-1a87-59a8-7816-ef4270f17c4e-eng,"Nazi war criminals","Nardo, Don, 1947-",9781601528506,,"Referencepoint Pr Inc; ReferencePoint Press",2016,"San Diego, CA",Book,"Book::Central Teen Area - 3rd Floor: TEEN 341.690268 N224 2016 - On Shelf,Book::Franklin Teen: TEEN 341.690268 N224 2016 - On Shelf,Book::Southgate Teen Area: TEEN 341.690268 N224 2016 - On Shelf"
https://catalog.saclibrary.org/GroupedWork/8c0b6d59-4fa1-1d0a-8ce8-cc7cbcc382bb-eng,"Ruth Bader Ginsburg","Alkire, Jessie",9781532119941,,"ABDO; ABDO Publishing Company; Checkerboard Library, an imprint of Abdo Publishing","2019 - 2020","Minneapolis, Minnesota",eBook;Book,
https://catalog.saclibrary.org/GroupedWork/aafb76e8-733e-3a23-fe3e-c27bcc34f86f-eng,"Information insecurity: privacy under siege","January, Brendan, 1972-",9781467725170,,"Lerner Publishing Group|Lerner Publishing Group; Twenty-First Century Books","2015 - 2016",Minneapolis,eBook;Book,
https://catalog.saclibrary.org/GroupedWork/c1e2e459-7444-0f2a-0cb0-af82561d0fb5-eng,"The Bill of Rights","Pearl, Norman",9781404822139,,"Capstone Press; Picture Window Books; Capstone","2007 - 2021","Minneapolis, Minn",eBook;Book;eAudiobook,
https://catalog.saclibrary.org/GroupedWork/22918632-efeb-87c6-0708-51c7c768469d-eng,"Far from the tree: parents, children and the search for identity","Solomon, Andrew, 1963-",9780743236713,,"Recorded Books, Inc.; Scribner","2012 - 2013","New York",eAudiobook;Book;eBook,"Book::Colonial Heights: 362.4083 S689 2012 - On Shelf,Book::Franklin: 362.4083 S689 2012 - On Shelf,Book::Stonyford Branch Library Adult Collection: 362.4083 S - On Shelf"
https://catalog.saclibrary.org/GroupedWork/06f2abae-e9c9-5916-90d8-eacab4376670-eng,"The case for impeachment","Lichtman, Allan J",9780062696823,,"Dey St., an imprint of William Morrow; HarperCollins; Dey Street Books; HarperAudio",2017,"New York",eBook;Book;eAudiobook,"Book::Central: 342.062 L699 2017 - On Shelf,Book::North Natomas: 342.062 L699 2017 - On Shelf,Book::Sylvan Oaks: 342.062 L699 2017 - On Shelf"
https://catalog.saclibrary.org/GroupedWork/ccc3d09a-5965-8ba5-fe17-15dc820c1252-eng,"The Salem witch trials: an interactive history adventure","Doeden, Matt",9781429662727,,"Capstone Press; Capstone","2011 - 2012","Mankato, Minn",eBook;Book,
https://catalog.saclibrary.org/GroupedWork/889fd266-ca7c-8e84-1dfe-9c9eaccb1862-eng,"Atrocities in action","Winn, Kevin P",9781534188891,,"Cherry Lake Press; Cherry Lake Publishing","2021 - 2022","Ann Arbor, Michigan",eBook;Book,"Book::Central Kids Place - Lower Level: CHILDREN 305.800973 W776 2022 - On Shelf,Book::Elk Grove Kids' Place: CHILDREN 305.800973 W776 2022 - On Shelf,Book::Franklin Children's: CHILDREN 305.800973 W776 2022 - On Shelf"
https://catalog.saclibrary.org/GroupedWork/86fce1dc-27d4-f2b2-3054-2333ce226239-eng,"The opioid crisis","Harris, Duchess",9781532116797,,"ABDO; Essential Library, an imprint of Abdo Publishing; Abdo Publishing Company",2019,"Minneapolis, MN",eBook;Book,"Book::South Natomas Children's Area: CHILDREN 364.1355 H313 2019 - On Shelf,Book::Valley Hi-North Laguna Children's Area: CHILDREN 364.1355 H313 2019 - On Shelf,Book::Sutter County Main Branch Children's Area: CHILDREN 364.1355 HAR - On Shelf"
https://catalog.saclibrary.org/GroupedWork/cd0646f1-19d3-7381-ab25-60689c139fbf-eng,"Ancient Egypt","Ohlin, Nancy",9781499801170,,"little bee books",2016,"New York, New York",eBook;Book,"Book::Carmichael Children's Area: CHILDREN 932.01 O379 2016 - On Shelf,Book::Belle Cooledge Children's Area: CHILDREN 932.01 O379 2016 - On Shelf,Book::Del Paso Heights Children's Area: CHILDREN 932.01 O379 2016 - On Shelf"
https://catalog.saclibrary.org/GroupedWork/6f6df251-a598-72da-d04b-08c411a06f4c-eng,"Bill of Rights","Rivera, Sheila, 1970-",9781591972792,,"Abdo Pub; ABDO Publishing Company",2004,"Edina, Minn",eBook;Book,
https://catalog.saclibrary.org/GroupedWork/af17c43c-1acc-2041-5512-4903460a7cc5-eng,"Ancient Egyptian government","Rockwood, Leigh",9781477708613,,"PowerKids Press; The Rosen Publishing Group, Inc","2013 - 2014","New York",eBook;Book,"Book::Central Kids Place - Lower Level: CHILDREN 932.01 R684g 2014 - On Shelf,Book::Fair Oaks Children's Area: CHILDREN 932.01 R684g 2014 - On Shelf"
https://catalog.saclibrary.org/GroupedWork/5a1dc755-ff1e-6b4e-4e88-767c9826dd57-eng,"Protecting nature and wildlife","Harman, Alice",9781725338678,,"PowerKids Press; The Rosen Publishing Group, Inc","2022 - 2023","New York",eBook;Book,"Book::Central Kids Place - Lower Level: CHILDREN 363.7 H287 2023 - On Shelf,Book::Courtland Children's Area: CHILDREN 363.7 H287 2023 - On Shelf,Book::Galt Children's Area: CHILDREN 363.7 H287 2023 - On Shelf"
https://catalog.saclibrary.org/GroupedWork/f7e6cf9a-8639-481f-33d2-c8ac42bfba3a-eng,"Rise up!: how you can join the fight against white supremacy","Fleming, Crystal Marie, 1981-",9781250226389,,"Henry Holt and Company; Henry Holt and Co. (BYR)",2021,"New York",eBook;Book,"Book::Arcade Teen Area: TEEN 305.800973 F597 2021 - On Shelf,Book::Central Teen Area - 3rd Floor: TEEN 305.800973 F597 2021 - On Shelf,Book::Elk Grove Teen Area: TEEN 305.800973 F597 2021 - On Shelf"
https://catalog.saclibrary.org/GroupedWork/822a0a56-6469-63f2-c6df-1ee41c9ad1fa-eng,"Far from the tree: how children and their parents learn to accept one another...our differences united us","Calkhoven, Laurie",9781481440905,,"Simon & Schuster BFYR",2017,"New York",Book,"Book::Orangevale: TEEN 362.4083 S689 2017 - On Shelf,Book::Colusa Main Branch Teen Collection: YA 362.4083 C - On Shelf,Book::Woodland Public Library: 362.4083 Sol 2017 - On Shelf"
https://catalog.saclibrary.org/GroupedWork/d8baac2d-9d74-be8f-dffc-ab56c5f71f12-eng,Jason,"Whiting, Jim, 1943-",9781584155522,,"Mitchell Lane Publishers",2008,"Hockessin, Del",Book,"Book::Rancho Children's Area: CHILDREN 398.2093 W599 2008 - On Shelf"
https://catalog.saclibrary.org/GroupedWork/67ae3f64-8593-a520-3c1e-f6b055ca2fa1-eng,"LGBTQ human rights movement","Morlock, Theresa",9781499428513,,"PowerKids Press; The Rosen Publishing Group, Inc","2016 - 2017","New York",eBook;Book,"Book::Belle Cooledge Children's Area: CHILDREN 306.76 M865 2017 - On Shelf,Book::Del Paso Heights Children's Area: CHILDREN 306.76 M865 2017 - On Shelf,Book::Fair Oaks Children's Area: CHILDREN 306.76 M865 2017 - On Shelf"
https://catalog.saclibrary.org/GroupedWork/057e7170-b361-5f30-a52a-a5df4bcb09f7-eng,"Tommy: the gun that changed America","Blumenthal, Karen",9781626720848,,"Roaring Brook Press","2015 - 2024","New York",eBook;Book,"Book::Franklin Children's: CHILDREN 683.422 B658 2015 - On Shelf,Book::North Natomas Children's Area: CHILDREN 683.422 B658 2015 - On Shelf,Book::Rancho Children's Area: CHILDREN 683.422 B658 2015 - On Shelf"
https://catalog.saclibrary.org/GroupedWork/4daf16df-2a9c-f495-36e2-ae251f6b5852-eng,"Apollo 13","Pierce, Alan, 1966-",9781591977261,,"ABDO Daughters; ABDO Publishing Company",2005,"Edina, Minn",eBook;Book,
https://catalog.saclibrary.org/GroupedWork/a3b9d902-04ae-c4f0-abd4-72fbf461ffbf-eng,"Forensic science","Cooper, Christopher (Christopher E.)",9780756633837,,"DK; Dk Pub","2008 - 2020","New York; New York, NY; London",Book,"Book::Carmichael Children's Area: CHILDREN 363.25 C784 2020 - On Shelf,Book::Central Kids Place - Lower Level: CHILDREN 363.25 C784 2020 - On Shelf,Book::Colonial Heights Children's Area: CHILDREN 363.25 C784 2020 - On Shelf"
https://catalog.saclibrary.org/GroupedWork/bf4b0a69-e667-2a9e-f386-68b399f98428-eng,"Tupac Shakur: multi-platinum rapper","Harris, Ashley Rae",9781604537918,,"ABDO Pub. Co; ABDO Publishing Company",2010,"Edina, Minn",eBook;Book,"Book::Fair Oaks Teen Area: TEEN 782.42164 S527zh 2010 - On Shelf"
https://catalog.saclibrary.org/GroupedWork/f12fda53-7ca1-5e75-9320-494e9d0d7513-eng,"The bad guys 2 movie guide: the good, the bad, and everything in between","Curran, Shelby",9781546175513,,"Scholastic Inc",2025,"New York, NY",Book,"Book::Carmichael Children's Area: CHILDREN 791.4372 B132zc 2025 - On Shelf,Book::Franklin Children's: CHILDREN 791.4372 B132zc 2025 - On Shelf,Book::McKinley Children's Area: CHILDREN 791.4372 B132zc 2025 - On Shelf"
https://catalog.saclibrary.org/GroupedWork/71d70b1c-46e8-2970-9811-7b1ea3434615-eng,"Careers in law enforcement","Uschan, Michael V., 1948-",9781682821060,,"ReferencePoint Press",2017,"San Diego, CA",Book,"Book::Central Teen Area - 3rd Floor: TEEN 363.2023 U84 2017 - On Shelf,Book::Belle Cooledge Teen Area: TEEN 363.2023 U84 2017 - On Shelf"
https://catalog.saclibrary.org/GroupedWork/09c80105-7cad-ad23-aa45-b01257fe5579-eng,"Miranda v. Arizona: the rights of the accused","Burgan, Michael",9780756520083,,"Compass Point Books",2007,"Minneapolis, Minn",Book,"Book::Courtland Teen Area: TEEN 345.7305 B954 2007 - On Shelf"
https://catalog.saclibrary.org/GroupedWork/b969ea43-405f-d76d-85b0-b101f6270e6a-eng,"Order in the court: a look at the judicial branch","Kowalski, Kathiann M., 1955-",9780822546986,,"Lerner Publications Company",2004,Minneapolis,Book,"Book::Pocket-Greenhaven Kids' Place: CHILDREN 347.73 K88 2004 - On Shelf"
https://catalog.saclibrary.org/GroupedWork/19d5eeed-fb15-122e-4984-05cb07a87390-eng,"Law & public safety: exploring career pathways","Reeves, Diane Lindsey, 1959-",9781634726269,,"Cherry Lake Publishing",2017,"Ann Arbor, Michigan",Book,"Book::Belle Cooledge Children's Area: CHILDREN 364.973 R332 2017 - On Shelf"
https://catalog.saclibrary.org/GroupedWork/44882992-9153-aadf-16b3-349d8fce536e-eng,"The Gold Rush in California: would you catch gold fever?","Landau, Elaine",9780766063013,,"Enslow Publishing, LLC; Enslow Elementary, an imprint of Enslow Publishers, Inc","2014 - 2015","Berkeley Heights, NJ",eBook;Book,"Book::Central Kids Place - Lower Level: CHILDREN 979.4 L253 2015 - On Shelf,Book::Courtland Children's Area: CHILDREN 979.4 L253 2015 - On Shelf,Book::Elk Grove Kids' Place: CHILDREN 979.4 L253 2015 - On Shelf"
https://catalog.saclibrary.org/GroupedWork/89ae55b1-de9e-6004-3b90-c5b56065b587-eng,"Creepy careers","Sommer, Nathan",9798892326452,,"Bearport Publishing","2024 - 2025","Minneapolis, Minnesota",eBook;Book,"Book::Franklin Children's: CHILDREN 331.702 S697 2025 - On Shelf,Book::McKinley Children's Area: CHILDREN 331.702 S697 2025 - On Shelf,Book::Rancho Children's Area: CHILDREN 331.702 S697 2025 - On Shelf"
https://catalog.saclibrary.org/GroupedWork/f5743378-8b86-f763-fb37-0e5131af3978-eng,"Transgender rights and protections","Klein, Rebecca T",9781499464580,,"Rosen Publishing; The Rosen Publishing Group, Inc","2016 - 2017","New York",eBook;Book,"Book::Central Teen Area - 3rd Floor: TEEN 306.768 K644 2017 - On Shelf,Book::Belle Cooledge Teen Area: TEEN 306.768 K644 2017 - On Shelf,Book::Sylvan Oaks Teen Area: TEEN 306.768 K644 2017 - On Shelf"
https://catalog.saclibrary.org/GroupedWork/99dbb7e2-c611-e91b-4c64-7b23a8e05c39-eng,Cybersecurity,"London, Martha",9780716649472,,"Bearport Publishing Company",2022,"Minneapolis, MN","Easy Reader","Easy Reader::Carmichael Children's Area: EASY READER 3 005.8 L847 2023 - On Shelf,Easy Reader::Central Kids Place - Lower Level: EASY READER 3 005.8 L847 2023 - On Shelf,Easy Reader::Fair Oaks Children's Area: EASY READER 3 005.8 L847 2023 - On Shelf"
https://catalog.saclibrary.org/GroupedWork/617335c6-711c-6cf5-9bc2-37e4c0d2f18f-eng,"Poison: deadly deeds, perilous professions, and murderous medicines","Albee, Sarah",9781101932230,,"Crown Books for Young Readers",2017,"New York",Book,"Book::Arcade Children's Area: CHILDREN 615.9 A328 2017 - On Shelf,Book::Central Kids Place - Lower Level: CHILDREN 615.9 A328 2017 - On Shelf,Book::Isleton Children's Area: CHILDREN 615.9 A328 2017 - On Shelf"
https://catalog.saclibrary.org/GroupedWork/15a399f0-1eb3-6e23-be1d-038cc1775a53-eng,"Frederick Douglass: ""truth is of no color""","Schuman, Michael",9780766030251,,"Enslow Publishers",2009,"Berkeley Heights, NJ",Book,"Book::Franklin Children's: CHILDREN BIOGRAPHY Douglass, F. 2009 - On Shelf"
https://catalog.saclibrary.org/GroupedWork/6a126492-e9f1-a647-319f-1ba7a79c1568-eng,"What is cruel and unusual punishment?","Klatte, Kathleen A",9781499469790,,"Rosen Publishing; The Rosen Publishing Group, Inc","2023 - 2024",[Buffalo],eBook;Book,"Book::Arcade Children's Area: CHILDREN 345.7307 K635 2024 - On Shelf,Book::Carmichael Children's Area: CHILDREN 345.7307 K635 2024 - On Shelf,Book::Central Kids Place - Lower Level: CHILDREN 345.7307 K635 2024 - On Shelf"
https://catalog.saclibrary.org/GroupedWork/ba9602a1-67bd-1658-a31d-1a4f5aebca9e-eng,"What is the right to a trial by jury?","Tolli, Jenna",9781499469769,,"Rosen Publishing; The Rosen Publishing Group, Inc","2023 - 2024","Buffalo, NY",eBook;Book,"Book::Central Kids Place - Lower Level: CHILDREN 347.73 T651 2024 - On Shelf,Book::North Natomas Children's Area: CHILDREN 347.73 T651 2024 - On Shelf,Book::Southgate Children's Area: CHILDREN 347.73 T651 2024 - On Shelf"
https://catalog.saclibrary.org/GroupedWork/5844ad08-a44b-0c44-d9e9-b1b733974f80-eng,"A kids book about incarceration","Thrower, Ethan",9780241743942,,"DK; DK Publishing",2025,"New York, NY",eBook;Book,"Book::Central Kids Place - Lower Level: CHILDREN 365 T531 2025 - On Shelf,Book::Courtland Children's Area: CHILDREN 365 T531 2025 - On Shelf,Book::Elk Grove Kids' Place: CHILDREN 365 T531 2025 - Checked Out"
https://catalog.saclibrary.org/GroupedWork/b8b9fdc5-20e1-69c1-b3ca-ee752eede824-eng,"California gold rush: discover the excitement, chaos, and tragedies of the gold rush that transformed California in the 1800s","Moss, Marissa",9798217125562,,"DK Publishing",2025,"New York",Book,"Book::Carmichael Children's Area: CHILDREN 979.404 D626 2025 - On Shelf,Book::Central Kids Place - Lower Level: CHILDREN 979.404 D626 2025 - Checked Out,Book::Colonial Heights Children's Area: CHILDREN 979.404 D626 2025 - On Shelf"
https://catalog.saclibrary.org/GroupedWork/910c061f-a12c-ac62-64d1-63e7fe6ca8fa-eng,"Pigsticks and Harold and the Tuptown thief","Milway, Alex, 1978-",9780763678098,,"Candlewick Press",2015,"Somerville, Massachusetts","Easy Reader","Easy Reader::Carmichael Children's Area: EASY READER 3 Milway, A. - Checked Out,Easy Reader::Belle Cooledge Children's Area: EASY READER 3 Milway, A. - On Shelf,Easy Reader::Del Paso Heights Children's Area: EASY READER 3 Milway, A. - On Shelf"
https://catalog.saclibrary.org/GroupedWork/6db86679-9ec2-91fe-7462-17e9b8515fb4-eng,"Questioning cultural appropriation","Davis, Jonita",9781978504684,,"Enslow Publishing, LLC; Enslow Publishing",2019,"New York",eBook;Book,"Book::Central Teen Area - 3rd Floor: TEEN 390 D262 2019 - On Shelf,Book::Elk Grove Teen Area: TEEN 390 D262 2019 - On Shelf,Book::McKinley Children's Area: TEEN 390 D262 2019 - On Shelf"
https://catalog.saclibrary.org/GroupedWork/6ec39f9a-fd19-ad85-9e4e-be2a827c872b-eng,"Top 10 worst things about Ancient Rome you wouldn't want to know!: You Wouldn't Want to Know!","England, Victoria",9781433966941,,"Gareth Stevens",2012,"New York",Book,"Book::Arcade Children's Area: CHILDREN 937 E582 2012 - On Shelf,Book::Carmichael Children's Area: CHILDREN 937 E582 2012 - On Shelf,Book::Valley Hi-North Laguna Children's Area: CHILDREN 937 E582 2012 - Checked Out"
https://catalog.saclibrary.org/GroupedWork/6bf40e0e-b862-c238-5e86-b05d60592704-eng,"The world Jesus knew: a curious kid's guide to life in the first century","Olson, Marc, 1971-",9781506425009,,"Fortress Press; Sparkhouse Family",2017,"Minneapolis, MN",eBook;Book,"Book::Carmichael Children's Area: OVERSIZE CHILDREN 225.9 O524 2017 - On Shelf,Book::Belle Cooledge Children's Area: OVERSIZE CHILDREN 225.9 O524 2017 - On Shelf,Book::Elk Grove Kids' Place: OVERSIZE CHILDREN 225.9 O524 2017 - On Shelf"
https://catalog.saclibrary.org/GroupedWork/4768e75e-c5fb-333d-057a-0ef862cd2f28-eng,"Sophie Scholl: daring activist of World War II","Alikhan, Salima",9781666333992,,"Capstone; Capstone Press, a Capstone imprint","2022 - 2023","North Mankato, Minnesota","Graphic Novel/Manga;eComic","Graphic Novel/Manga::Carmichael Children's Area: CHILDREN GRAPHIC BIOGRAPHY Scholl, S. 2023 - On Shelf,Graphic Novel/Manga::Franklin Children's: CHILDREN GRAPHIC BIOGRAPHY Scholl, S. 2023 - On Shelf,Graphic Novel/Manga::McKinley Children's Area: CHILDREN GRAPHIC BIOGRAPHY Scholl, S. 2023 - On Shelf"
https://catalog.saclibrary.org/GroupedWork/a7b15eb6-bd54-e1b8-299f-b886ded623bd-eng,"Making it right: building peace, settling conflict","Peters, Marilee, 1968-",9781554518104,,"Annick Press",2016,Toronto,Book,"Book::Carmichael Teen Area: TEEN 340.1 P482 2016 - On Shelf,Book::Central Teen Area - 3rd Floor: TEEN 340.1 P482 2016 - On Shelf"
https://catalog.saclibrary.org/GroupedWork/faf66dae-ea75-88e5-fdeb-4de01a394e65-eng,"A quantum life: my unlikely journey from the street to the stars","Oluseyi, Hakeem M. (Hakeem Muata)",9781984849632,,"Delacorte Press, an imprint of Random House Children's Books, a division of Penguin Random House LLC; Ballantine Books","2021 - 2023","New York",Book,"Book::Arcade Teen Area: TEEN BIOGRAPHY Oluseyi, H. 2023 - On Shelf,Book::Central Teen Area - 3rd Floor: TEEN BIOGRAPHY Oluseyi, H. 2023 - On Shelf,Book::Del Paso Heights Teen Area: TEEN BIOGRAPHY Oluseyi, H. 2023 - On Shelf"
https://catalog.saclibrary.org/GroupedWork/e85377e2-ee9d-594a-2e60-116ce72c65e5-eng,"Police officers","Leaf, Christina",9781626177499,,"Bellwether Media, Inc; Bellwether Media",2018,"Minneapolis, MN","Easy Reader;eBook;eAudiobook","Easy Reader::Central Kids Place - Lower Level: EASY READER 1 363.2 L434 2018 - On Shelf,Easy Reader::Folsom Children's Area: CHILDREN 363.2 LEA 2018 - On Shelf"
https://catalog.saclibrary.org/GroupedWork/b16ea609-8917-d8f6-4a8b-5dc8945420a7-eng,"World's grossest jobs","Nickel, Scott",9781728403977,,"Lerner Publishing Group; Lerner Publications",2022,Minneapolis,eBook;Book,"Book::Carmichael Children's Area: CHILDREN 331.702 N632 2022 - On Shelf,Book::Central Kids Place - Lower Level: CHILDREN 331.702 N632 2022 - On Shelf,Book::South Natomas Children's Area: CHILDREN 331.702 N632 2022 - On Shelf"
https://catalog.saclibrary.org/GroupedWork/d1d83dd6-06a1-8241-b2b3-a274ceccbf6b-eng,"The day the world went nuclear: dropping the atom bomb and the end of World War II in the Pacific","O'Reilly, Bill",9781250120335,,"Henry Holt and Co. (BYR); Henry Holt & Company; Macmillan Audio",2017,"New York",eAudiobook;Book;eBook,"Book::Central Teen Area - 3rd Floor: TEEN 940.54 O66 2017 - On Shelf"
https://catalog.saclibrary.org/GroupedWork/bb68cc73-44cf-0c7f-e919-40653f4baed6-eng,"DNA doesn't lie: is the real criminal behind bars?","Prokos, Anna",9780531131671,,Scholastic,2021,"New York, NY",Book,"Book::North Natomas Children's Area: CHILDREN 363.2562 P964 2021 - On Shelf,Book::Pocket-Greenhaven Kids' Place: CHILDREN 363.2562 P964 2021 - On Shelf,Book::Sylvan Oaks Children's Area: CHILDREN 363.2562 P964 2021 - On Shelf"
https://catalog.saclibrary.org/GroupedWork/dcbdf435-6b18-a394-0a66-01da606fa756-eng,"Great art thefts","Guillain, Charlotte",9781410949516,,"Capstone; Raintree","2013 - 2014","Chicago, Illinois",eBook;Book,"Book::Elk Grove Kids' Place: CHILDREN 364.16 G957 2013 - Checked Out,Book::Rancho Children's Area: CHILDREN 364.16 G957 2013 - On Shelf"
https://catalog.saclibrary.org/GroupedWork/fffd0c7f-f680-a831-e77a-6be8671c11c4-eng,"Dusted and busted!: the science of fingerprinting","Beres, D. B",9780531154571,,"Franklin Watts",2007,"New York",Book,"Book::Fair Oaks Children's Area: CHILDREN 363.258 B491 2007 - On Shelf,Book::Valley Hi-North Laguna Children's Area: CHILDREN 363.258 B491 2007 - On Shelf"
https://catalog.saclibrary.org/GroupedWork/26a6bf90-b301-bfd0-b188-bdc2698a8a77-eng,"Forgotten bones: uncovering a slave cemetery","Huey, Lois Miner",9781467733939,,"Millbrook Press; Lerner Publishing Group","2015 - 2016",Minneapolis,eBook;Book,
https://catalog.saclibrary.org/GroupedWork/dc5345e3-53a4-aea6-73a1-729794d8e27e-eng,"Germy science: the sick truth about getting sick (and staying healthy)","Kay, Edward",9781525304125,,"Kids Can Press",2021,"Toronto, ON",eBook;Book,"Book::Central Kids Place - Lower Level: CHILDREN 579.3 K231 2021 - Checked Out,Book::Belle Cooledge Children's Area: CHILDREN 579.3 K231 2021 - Checked Out,Book::South Natomas Children's Area: CHILDREN 579.3 K231 2021 - On Shelf"
https://catalog.saclibrary.org/GroupedWork/3b327c08-ce6f-7994-03da-28e6cd26a4ac-eng,"Batman/Catwoman: the Gotham war","Zdarsky, Chip",9781779525987,,"DC Comics",2024,"Burbank, CA","Graphic Novel/Manga;eComic","Graphic Novel/Manga::Arcade Teen Area: TEEN GRAPHIC NOVEL Batman - On Shelf,Graphic Novel/Manga::Central Teen Area - 3rd Floor: TEEN GRAPHIC NOVEL Batman - On Shelf,Graphic Novel/Manga::McClatchy Teen Area: TEEN GRAPHIC NOVEL Batman - On Shelf"
https://catalog.saclibrary.org/GroupedWork/cab561a3-1974-2de8-d737-263662e7672e-eng,"Magic trash: a story of Tyree Guyton and his art","Shapiro, J. H. (Jane H.)",9781580893855,,Charlesbridge,"2011 - 2015","Watertown, MA",eBook;Book,"Book::Central Kids Place - Lower Level: CHILDREN 709.2 G992zs 2011 - On Shelf,Book::Galt Children's Area: CHILDREN 709.2 G992zs 2011 - On Shelf,Book::McKinley Children's Area: CHILDREN 709.2 G992zs 2011 - On Shelf"
https://catalog.saclibrary.org/GroupedWork/496ca9d9-6075-0f02-55d4-9129da939e70-eng,"Coding activities for building databases with SQL","Mullin, Sarah",9781725340992,,"Rosen Publishing; The Rosen Publishing Group, Inc","2021 - 2022","New York, NY",eBook;Book,"Book::Central Teen Area - 3rd Floor: TEEN 005.756 M959 2022 - On Shelf,Book::South Natomas Teen Area: TEEN 005.756 M959 2022 - On Shelf,Book::North Natomas: TEEN 005.756 M959 2022 - On Shelf"
https://catalog.saclibrary.org/GroupedWork/b40730db-2631-2e9c-3ec5-3fd205461679-eng,"Live like a Tudor: discovering the secrets of the Tudors","Saunders, Claire",9781787081772,,"Button Books",2025,"East Sussex, UK",Book,"Book::Carmichael Children's Area: CHILDREN 941.05 S257 2025 - On Shelf,Book::Central Kids Place - Lower Level: CHILDREN 941.05 S257 2025 - On Shelf,Book::Belle Cooledge Children's Area: CHILDREN 941.05 S257 2025 - On Shelf"
https://catalog.saclibrary.org/GroupedWork/337f0677-829f-7943-ae00-15898dbbb5be-eng,"I am Malala: how one girl stood up for education and changed the world","Yousafzai, Malala, 1997-",9780316327930,,"Thorndike Press, a part of Gale, a Cengage Company; Hachette Audio; Little, Brown Books for Young Readers; Little, Brown and Company","2014 - 2018","Waterville, Maine; New York","eAudiobook;eBook;Large Print;Book","Book::Central Kids Place - Lower Level: CHILDREN 371.822 Y82 2014 - Checked Out,Book::Barber Branch: ADULT NEW READERS BIOGRAPHY YOUSAFZAI - On Shelf,Book::Folsom Children's Area: CHILDREN BIOGRAPHY Yousafzai 2014 - On Shelf"
https://catalog.saclibrary.org/GroupedWork/10c6eff0-8515-140e-5faa-8760b94b9cff-eng,"Caught!: nabbing history's most wanted","Bragg, Georgia",9781524767419,,"Crown Books for Young Readers; Random House Children's Books",2019,"New York",eBook;Book,"Book::Arcade Children's Area: CHILDREN 364.10922 B813 2019 - On Shelf,Book::McKinley Children's Area: CHILDREN 364.10922 B813 2019 - On Shelf,Book::Southgate Children's Area: CHILDREN 364.10922 B813 2019 - On Shelf"
https://catalog.saclibrary.org/GroupedWork/b6f514e6-2a6e-7ef0-6fce-0661903a05af-eng,"Forensics: cool women who investigate","Yasuda, Anita",9781619303508,,"Nomad Press",2016,"White River Junction",eBook;Book,"Book::Carmichael Children's Area: CHILDREN 363.25 Y29 2016 - On Shelf,Book::Belle Cooledge Children's Area: CHILDREN 363.25 Y29 2016 - On Shelf,Book::Elk Grove Kids' Place: CHILDREN 363.25 Y29 2016 - On Shelf"
https://catalog.saclibrary.org/GroupedWork/b441fe75-159c-76b3-6d00-9b0cef59321c-eng,"Brazen: rebel ladies who rocked the world","Bagieu, Pénélope",9781626728684,,"First Second",2018,"New York","Graphic Novel/Manga;eComic","Graphic Novel/Manga::Central Teen Area - 3rd Floor: TEEN GRAPHIC NOVEL Bagieu, P. - On Shelf,Graphic Novel/Manga::Belle Cooledge Teen Area: TEEN GRAPHIC NOVEL Bagieu, P. - Checked Out,Graphic Novel/Manga::Elk Grove Teen Area: TEEN GRAPHIC NOVEL Bagieu, P. - On Shelf"
https://catalog.saclibrary.org/GroupedWork/bf3a735c-1b80-099b-83a2-4ff199c9eb5a-eng,"A deathly compendium of poisonous plants: wicked weeds and sinister seeds","Hirsch, Rebecca E",9781728493282,,"Lerner Publishing Group; Tantor Media, Inc; Zest Books","2024 - 2025",Minneapolis,eAudiobook;Book;eBook,"Book::Carmichael Children's Area: CHILDREN 581.659 H669 2024 - On Shelf,Book::Central Kids Place - Lower Level: CHILDREN 581.659 H669 2024 - On Shelf,Book::McKinley Children's Area: CHILDREN 581.659 H669 2024 - On Shelf"
https://catalog.saclibrary.org/GroupedWork/1101b689-c0ae-930a-b640-66861f5eff64-eng,"Heads up sociology","Yuill, Chris",9781465468635,,"DK Publishing",2018,"New York, New York",Book,"Book::Central Teen Area - 3rd Floor: TEEN 301 Y949 2018 - On Shelf,Book::Valley Hi-North Laguna Teen Area: TEEN 301 Y949 2018 - On Shelf"
https://catalog.saclibrary.org/GroupedWork/9718666b-21d0-3285-e1a9-96f8c0c61412-eng,"Rising above: inspiring women in sports","Zuckerman, Gregory",9780399547478,,"Tantor Media, Inc.; Tantor Media, Inc; Philomel Books",2018,"New York",eAudiobook;Book,"Book::Carmichael Children's Area: CHILDREN 796.0922 Z942r 2018 - On Shelf,Book::Courtland Children's Area: CHILDREN 796.0922 Z942r 2018 - On Shelf,Book::Franklin Children's: CHILDREN 796.0922 Z942r 2018 - On Shelf"
https://catalog.saclibrary.org/GroupedWork/7cb59a35-7451-d3f2-42e8-edb455fae185-eng,"Searching for Sarah Rector: the richest black girl in America","Bolden, Tonya",9781419708466,,"ABRAMS; Abrams Books for Young Readers",2014,"New York",eBook;Book,"Book::Central Kids Place - Lower Level: CHILDREN 976.68 B687 2014 - On Shelf,Book::Belle Cooledge Children's Area: CHILDREN 976.68 B687 2014 - In Transit,Book::Courtland Children's Area: CHILDREN 976.68 B687 2014 - On Shelf"
https://catalog.saclibrary.org/GroupedWork/ff98e20f-533b-c21f-aedd-c620a74da19a-eng,"The Borden murders: Lizzie Borden & the trial of the century","Miller, Sarah, 1979-",9780553498080,,"Books on Tape; Schwartz & Wade Books","2016 - 2023","New York",eAudiobook;Book,"Book::Carmichael Children's Area: CHILDREN 345.74402 B728zm 2016 - On Shelf,Book::Folsom Children's Area: CHILDREN 345.744 MIL 2016 - On Shelf"
https://catalog.saclibrary.org/GroupedWork/5fb55b79-1e51-5df6-3ff3-4facbd6b12bb-eng,"What is the story of Batman?","Burgan, Michael",9781524788339,,"Penguin Workshop",2020,"New York",Book,"Book::Central Kids Place - Lower Level: CHILDREN 741.5973 B954 2020 - On Shelf,Book::Courtland Children's Area: CHILDREN 741.5973 B954 2020 - On Shelf,Book::Fair Oaks Children's Area: CHILDREN 741.5973 B954 2020 - On Shelf"
https://catalog.saclibrary.org/GroupedWork/09b1a1a1-6012-f589-dc68-80b91b132b6c-eng,"The bumper book of London: fun facts for all the family","Jones, Becky, 1966-",9780711231450,,"Frances Lincoln",2012,London,Book,"Book::Central Kids Place - Lower Level: CHILDREN 942.1 J763 2012 - On Shelf,Book::Isleton Children's Area: CHILDREN 942.1 J763 2012 - On Shelf,Book::McKinley Children's Area: CHILDREN 942.1 J763 2012 - On Shelf"
https://catalog.saclibrary.org/GroupedWork/c51488be-4b6b-0449-7a39-29d01f1396aa-eng,"No choirboy: murder, violence, and teenagers on death row","Kuklin, Susan",9780805079500,,"Recorded Books, Inc.; Henry Holt and Co.; Henry Holt and Co","2008 - 2017","New York",eBook;Book;eAudiobook,"Book::Rio Linda Teen Area: TEEN 364.66092 K96 2008 - On Shelf"
https://catalog.saclibrary.org/GroupedWork/488dfedd-4048-dcfd-89ba-aaf91f9e9515-eng,"Lunch Lady and the mutant mathletes","Krosoczka, Jarrett",9780375970283,,"Alfred A. Knopf",2012,"New York","Graphic Novel/Manga","Graphic Novel/Manga::Arcade Children's Area: CHILDREN GRAPHIC NOVEL Lunch Lady v.7 - Checked Out,Graphic Novel/Manga::Belle Cooledge Children's Area: CHILDREN GRAPHIC NOVEL Lunch Lady v.7 - On Shelf,Graphic Novel/Manga::Franklin Children's: CHILDREN GRAPHIC NOVEL Lunch Lady v.7 - Checked Out"
https://catalog.saclibrary.org/GroupedWork/f01565b7-e7ff-40b7-2020-a9ffd515f384-eng,"Finding a way home: Mildred and Richard Loving and the fight for marriage equality","Brimner, Larry Dane",9781629797519,,"Recorded Books, Inc.; Astra Publishing House; Calkins Creek, an imprint of Boyds Mills & Kane","2020 - 2023","New York",eBook;Book;eAudiobook,"Book::Central Teen Area - 3rd Floor: TEEN 306.845 B857 2020 - On Shelf,Book::Franklin Teen: TEEN 306.845 B857 2020 - On Shelf,Book::Galt Teen Area: TEEN 306.845 B857 2020 - On Shelf"
https://catalog.saclibrary.org/GroupedWork/593e5ca9-98f4-85f7-b82c-18f16caf044b-eng,"Qué hay dentro de un carro de policía?","Gordon, Sharon",9780761415657,,"Marshall Cavendish Benchmark",2007,"New York",Book,"Book::Colonial Heights Children's Area: SPANISH CHILDREN 363.232 G665 2007 - On Shelf"
https://catalog.saclibrary.org/GroupedWork/80ec56ed-da13-dd28-2947-5e11126ed4e8-eng,"Exposing hate: prejudice, hatred, and violence in action","Miller, Michael, 1958-",9781541539259,,"Twenty-First Century Books; Lerner Publishing Group",2019,Minneapolis,eBook;Book,"Book::Central Teen Area - 3rd Floor: TEEN 303.484 M649 2019 - On Shelf,Book::Elk Grove Teen Area: TEEN 303.484 M649 2019 - On Shelf,Book::North Natomas: TEEN 303.484 M649 2019 - On Shelf"
https://catalog.saclibrary.org/GroupedWork/48558c03-0bbe-8f93-3038-9ad57640b9b7-eng,"Accused: my story of injustice","Bah, Adama, 1988-",9781324016632,,"Dreamscape Media; Norton Young Readers, an imprint of W.W. Norton & Company",2021,"New York, NY",Book;eAudiobook,"Book::Carmichael Children's Area: CHILDREN BIOGRAPHY Bah, A. 2021 - Checked Out,Book::Belle Cooledge Children's Area: CHILDREN BIOGRAPHY Bah, A. 2021 - On Shelf,Book::Courtland Children's Area: CHILDREN BIOGRAPHY Bah, A. 2021 - On Shelf"
https://catalog.saclibrary.org/GroupedWork/edeb1c4a-77f6-e812-f995-11ae2a32eb2e-eng,Genocide,"Springer, Jane",9781773067605,,"Groundwood Books Ltd; Groundwood Books",2024,Toronto,eBook;Book,"Book::Central Teen Area - 3rd Floor: TEEN 304.663 S769 2024 - On Shelf,Book::Del Paso Heights Teen Area: TEEN 304.663 S769 2024 - On Shelf,Book::South Natomas Teen Area: TEEN 304.663 S769 2024 - Checked Out"
https://catalog.saclibrary.org/GroupedWork/b3070f17-8d5d-e1d4-34b5-d8943d791af8-eng,"Agatha Christie","Sánchez Vegara, Ma Isabel (María Isabel)",9781847809605,,"Frances Lincoln Children's Books",2017,London,Book,"Book::Carmichael Children's Area: CHILDREN BIOGRAPHY Christie, A. 2017 - Checked Out,Book::Fair Oaks Children's Area: CHILDREN BIOGRAPHY Christie, A. 2017 - On Shelf,Book::McClatchy Children's Area: CHILDREN BIOGRAPHY Christie, A. 2017 - On Shelf"
https://catalog.saclibrary.org/GroupedWork/93ba80ff-6f31-2881-2ab1-02d20e9c31c2-eng,"Days of infamy: how a century of bigotry led to Japanese American internment","Goldstone, Lawrence, 1947-",9781338722468,,"Scholastic Focus; Scholastic Inc.",2022,"New York",eBook;Book;eAudiobook,"Book::Colonial Heights Children's Area: CHILDREN 341.67 G624 2022 - Checked Out,Book::Pocket-Greenhaven Kids' Place: CHILDREN 341.67 G624 2022 - Checked Out,Book::Rancho Children's Area: CHILDREN 341.67 G624 2022 - On Shelf"
https://catalog.saclibrary.org/GroupedWork/d0a1c0ec-952f-e55c-bd00-77e888699441-eng,"Virtual-reality headsets","Bodden, Valerie",9781532110917,,"ABDO; ABDO Publishing Company; Checkerboard Library, an imprint of Abdo Publishing","2017 - 2018","Minneapolis, Minnesota",eBook;Book,"Book::Belle Cooledge Children's Area: CHILDREN 006.8 B666 2018 - On Shelf"
https://catalog.saclibrary.org/GroupedWork/44692ad7-fc8f-11eb-dd12-325d011954a8-eng,"In the shadow of the moon: America, Russia, and the hidden history of the space race","Cherrix, Amy",9780062888754,,"Balzer + Bray, an imprint of HarperCollinsPublishers; HarperCollins",2021,"New York, NY",eAudiobook;eBook;Book,"Book::Central Teen Area - 3rd Floor: TEEN 629.41 C522 2021 - On Shelf,Book::North Natomas: TEEN 629.41 C522 2021 - Checked Out,Book::Pocket-Greenhaven Teen Area: TEEN 629.41 C522 2021 - On Shelf"
https://catalog.saclibrary.org/GroupedWork/9cefde3b-90ff-a232-9932-5cf0dcc07715-eng,"The trailblazing life of Viola Desmond: a civil rights icon","Kehoe, Rachel",9781459833975,,"Orca Book Publishers",2023,Victoria,eBook;Book,"Book::Arcade Children's Area: CHILDREN BIOGRAPHY Desmond, V. 2023 - On Shelf,Book::Central Kids Place - Lower Level: CHILDREN BIOGRAPHY Desmond, V. 2023 - On Shelf,Book::Fair Oaks Children's Area: CHILDREN BIOGRAPHY Desmond, V. 2023 - On Shelf"
https://catalog.saclibrary.org/GroupedWork/2a9063e1-9cc1-de62-54f6-4f0e65243213-eng,"What's going to happen next?: kids in the juvenile court system","Stewart, Sheila, 1975-",9781422219065,,"Mason Crest",2011,"Broomall, Pa",Book,"Book::Fair Oaks Children's Area: CHILDREN 345.081 S851 2011 - On Shelf,Book::North Natomas Children's Area: CHILDREN 345.081 S851 2011 - On Shelf"
https://catalog.saclibrary.org/GroupedWork/f0440040-f608-4612-bba5-0c3325daed50-eng,"The 1930s","Press, Petra",9781560065531,,"Lucent Books",1999,"San Diego, Calif",Book,"Book::Pocket-Greenhaven Kids' Place: CHILDREN 973.91 P935 1999 - On Shelf,Book::Barber Branch: CHILDREN 973.92 PRE - On Shelf"
https://catalog.saclibrary.org/GroupedWork/6b3a630f-1b42-e991-4eb8-ae4a18c3a282-eng,"I want to be a police officer","Driscoll, Laura",9780062432452,,"HarperCollins; Harper, an imprint of HarperCollinsPublishers",2018,"New York, NY","Easy Reader;eBook","Easy Reader::Carmichael Children's Area: EASY READER 2 363.2 D781 2018 - On Shelf,Easy Reader::Elk Grove Kids' Place: EASY READER 2 363.2 D781 2018 - Checked Out,Easy Reader::Fair Oaks Children's Area: EASY READER 2 363.2 D781 2018 - On Shelf"
https://catalog.saclibrary.org/GroupedWork/97eecaf7-e325-93cc-8b33-2d71e41abe7f-eng,"What's intolerance?","Alexander, Richard",9781534524392,,"Greenhaven Publishing LLC; KidHaven Publishing","2017 - 2018","New York",eBook;Book,"Book::Belle Cooledge Children's Area: CHILDREN 179.9 A377 2018 - On Shelf"
https://catalog.saclibrary.org/GroupedWork/a08f7fdb-c3ee-6f22-c862-b7e990fe4601-eng,"Killer style: how fashion has injured, maimed, and murdered through history","McMahon, Serah-Marie",9781771472531,,"Owlkids Books",2019,"Berkeley, CA",Book,"Book::Carmichael Children's Area: CHILDREN 391 D249 2019 - On Shelf,Book::Franklin Children's: CHILDREN 391 D249 2019 - On Shelf,Book::Pocket-Greenhaven Kids' Place: CHILDREN 391 D249 2019 - On Shelf"
https://catalog.saclibrary.org/GroupedWork/9c06e112-a1cc-7f51-caf8-a661ee779100-eng,"The monkey trial: John Scopes and the battle over teaching evolution","Sanchez, Anita, 1956-",9780358457695,,"Clarion Books; Clarion Books, an imprint of HarperCollinsPublishers; HarperCollins",2023,"New York, NY",eAudiobook;eBook;Book,"Book::Carmichael Children's Area: CHILDREN 576.8 S422zs 2023 - On Shelf,Book::Central Kids Place - Lower Level: CHILDREN 576.8 S422zs 2023 - On Shelf,Book::North Natomas Children's Area: CHILDREN 576.8 S422zs 2023 - On Shelf"
https://catalog.saclibrary.org/GroupedWork/f31a125c-a62d-6997-a5a7-58a2956a1539-eng,"Everything you need to know about sexual consent","Mooney, Carla, 1970-",9781508174127,,"Rosen YA; The Rosen Publishing Group, Inc","2017 - 2018","New York",eBook;Book,"Book::North Sacramento-Hagginwood Teen Area: TEEN 176.4 M818 2018 - On Shelf"
https://catalog.saclibrary.org/GroupedWork/7dd69186-4ac2-58f1-b422-6d165d7a306a-eng,"Amazing Batman crafts and projects","Halvorsen, Layne",9798875215988,,"Capstone Press",2026,"North Mankato, Minnesota",Book,"Book::Central Kids Place - Lower Level: CHILDREN 745.5 H197 2025 - On Shelf,Book::Colonial Heights Children's Area: CHILDREN 745.5 H197 2025 - On Shelf,Book::McKinley Children's Area: CHILDREN 745.5 H197 2025 - Checked Out"
https://catalog.saclibrary.org/GroupedWork/6d546d7f-513e-0094-3ad3-3187f3484362-eng,"Case closed: Volume 59","Aoyama, Gōshō",9781421583853,,"VIZ Media, LLC",2016,"San Francisco, CA","Graphic Novel/Manga","Graphic Novel/Manga::Orangevale: TEEN MANGA Case Closed v.59 - On Shelf,Graphic Novel/Manga::Sacramento Public Library Storage: TEEN MANGA Case Closed v.59 - On Shelf"
https://catalog.saclibrary.org/GroupedWork/25cfcfe2-6829-5188-e29e-1f8cdff2f966-eng,"Harry Potter & Fantastic beasts: a spellbinding guide to the films","Kogge, Michael",9781338322996,,"Scholastic, Inc",2018,"New York, NY",Book,"Book::Carmichael Children's Area: CHILDREN 823.914 R884zk 2018 - On Shelf,Book::Franklin Children's: CHILDREN 823.914 R884zk 2018 - Checked Out,Book::North Natomas Children's Area: CHILDREN 823.914 R884zk 2018 - On Shelf"
https://catalog.saclibrary.org/GroupedWork/8ba5a488-a4df-4d5a-82e2-5be59728f3ca-eng,"Yellow journalism, sensationalism, and circulation wars","Griffin, Brett",9781502634719,,"Cavendish Square Publishing, LLC; Cavendish Square","2018 - 2019","New York",eBook;Book,"Book::Arcade Children's Area: CHILDREN 071.309 G851 2019 - On Shelf,Book::Franklin Children's: CHILDREN 071.309 G851 2019 - On Shelf,Book::South Natomas Children's Area: CHILDREN 071.309 G851 2019 - On Shelf"
https://catalog.saclibrary.org/GroupedWork/c27b8ca5-37b9-016e-fd6e-62828e7bfa13-eng,"Deb Haaland: first Native American cabinet secretary","Doerfler, Jill",9781728458458,,"Lerner Publishing Group; Lerner Publications","2022 - 2023",Minneapolis,eBook;Book,"Book::Arcade Children's Area: CHILDREN BIOGRAPHY Haaland, D. 2023 - On Shelf,Book::Galt Children's Area: CHILDREN BIOGRAPHY Haaland, D. 2023 - On Shelf,Book::North Natomas Children's Area: CHILDREN BIOGRAPHY Haaland, D. 2023 - On Shelf"
https://catalog.saclibrary.org/GroupedWork/4ae4d501-f7cc-fd7f-ced7-88a826fb7010-eng,"Investigating institutional racism","Meadows-Fernandez, A. Rochaun",9781978504707,,"Enslow Publishing, LLC",2019,"New York, NY; New York, New York",eBook;Book,"Book::Central Teen Area - 3rd Floor: TEEN 305.8 R672 2019 - On Shelf,Book::North Sacramento-Hagginwood Teen Area: TEEN 305.8 R672 2019 - On Shelf,Book::Rancho Cordova: TEEN 305.8 R672 2019 - On Shelf"
https://catalog.saclibrary.org/GroupedWork/a1e27b01-1989-aab8-25a6-d16a31aabe35-eng,"Kennedy's last days: the assassination that defined a generation","O'Reilly, Bill",9780805098020,,"Henry Holt and Company; Macmillan Audio",2013,"New York",eAudiobook;Book,"Book::Carmichael Children's Area: CHILDREN 973.922 K35zo2 2013 - On Shelf,Book::Fair Oaks Children's Area: CHILDREN 973.922 K35zo2 2013 - On Shelf,Book::Barber Branch: CHILDREN 973.922 ORE - On Shelf"
https://catalog.saclibrary.org/GroupedWork/eb67b402-00f2-1967-42cc-94bfde6d417c-eng,"The Hope Raisers: how a group of young Kenyans fought to transform their slum and inspire a community","Suthar, Nihar",9781538168738,,"Rowman & Littlefield; Bloomsbury Publishing",2022,Lanham,eBook;Book,"Book::Central Teen Area - 3rd Floor: TEEN 307.3364096 S966 2022 - On Shelf,Book::Fair Oaks Teen Area: TEEN 307.3364096 S966 2022 - On Shelf,Book::Galt Teen Area: TEEN 307.3364096 S966 2022 - On Shelf"
https://catalog.saclibrary.org/GroupedWork/a5dc12c3-2509-269f-bf8f-ba2701485762-eng,"Defiant: growing up in the Jim Crow South","Hudson, Wade",9780593126356,,"Books on Tape; Crown Books for Young Readers",2021,"New York",eAudiobook;Book,"Book::Arcade Children's Area: CHILDREN BIOGRAPHY Hudson, W. 2021 - On Shelf,Book::Central Kids Place - Lower Level: CHILDREN BIOGRAPHY Hudson, W. 2021 - On Shelf,Book::Fair Oaks Children's Area: CHILDREN BIOGRAPHY Hudson, W. 2021 - On Shelf"
https://catalog.saclibrary.org/GroupedWork/7b9fb599-e76d-9e79-4ea7-97c8a12e4677-eng,"My dog may be a genius: poems","Prelutsky, Jack",9780066238623,,"Greenwillow Books",2008,"New York, NY",Book;eAudiobook,"Book::Central Kids Place - Lower Level: CHILDREN 811 P924m3 2008 - On Shelf,Book::Woodland Public Library Children's Area: CHILDREN 811 Pre 2008 - On Shelf"
https://catalog.saclibrary.org/GroupedWork/f2a5678e-2384-ac12-e384-9747709f9075-eng,"Bonnie and Clyde: the making of a legend","Blumenthal, Karen",9780451471222,,"Viking; Blackstone Publishing",2018,"New York, New York",eAudiobook;Book,"Book::Central Teen Area - 3rd Floor: TEEN 364.1552 P238zb 2018 - On Shelf,Book::Rio Linda Teen Area: TEEN 364.1552 P238zb 2018 - On Shelf"
https://catalog.saclibrary.org/GroupedWork/6ee26104-1995-4116-8d06-7526b2d9606d-eng,"A rebel in Auschwitz: the true story of the resistance hero who fought the Nazis from inside the camp","Fairweather, Jack",9781338686937,,"Scholastic Focus",2021,"New York",Book,"Book::South Natomas Teen Area: TEEN 940.5318 P637zf 2021 - On Shelf,Book::North Natomas: TEEN 940.5318 P637zf 2021 - On Shelf,Book::Rio Linda Teen Area: TEEN 940.5318 P637zf 2021 - On Shelf"
https://catalog.saclibrary.org/GroupedWork/0d6019bf-87d4-3c2b-6c74-133c6c213847-eng,"Bones never lie: how forensics helps solve history's mysteries","MacLeod, Elizabeth",9781554514830,,"Annick Press; Firefly Books",2013,"New York; Buffalo, NY; Toronto",eBook;Book,"Book::Carmichael Children's Area: CHILDREN 509 M165 2013 - On Shelf,Book::Elk Grove Kids' Place: CHILDREN 509 M165 2013 - On Shelf,Book::Pocket-Greenhaven Kids' Place: CHILDREN 509 M165 2013 - On Shelf"
https://catalog.saclibrary.org/GroupedWork/7ff72fd8-3a15-7729-6b95-e40cef5c71e2-eng,"Did you hear what happened in Salem?: the witch trials of 1692","Kennedy, Katie, 1963-",9781523530045,,"Workman Publishing",2025,"New York, NY",Book,"Book::Central Kids Place - Lower Level: CHILDREN 974.402 D626 2025 - On Shelf,Book::Colonial Heights Children's Area: CHILDREN 974.402 D626 2025 - On Shelf,Book::Elk Grove Kids' Place: CHILDREN 974.402 D626 2025 - On Shelf"
https://catalog.saclibrary.org/GroupedWork/dbc39d1d-3981-63af-2fd9-8faba4cf7b53-eng,"Cryptocurrencies and the blockchain revolution: Bitcoin and beyond","January, Brendan, 1972-",9781541578777,,"Twenty-First Century Books; Lerner Publishing Group","2020 - 2021",Minneapolis,eBook;Book,"Book::Arcade Teen Area: TEEN 332.4 J35 2021 - On Shelf,Book::Central Teen Area - 3rd Floor: TEEN 332.4 J35 2021 - On Shelf,Book::Belle Cooledge Teen Area: TEEN 332.4 J35 2021 - On Shelf"
https://catalog.saclibrary.org/GroupedWork/2ea0f0cb-6bc4-30c7-6b69-dfef4cfa812b-eng,"The Freedom Summer murders","Mitchell, Don, 1957-",9780545477253,,"Scholastic Press; Scholastic Inc.",2014,"New York",eBook;Book,"Book::North Natomas: TEEN 323.1196 M681 2014 - On Shelf,Book::Woodland Public Library Children's Area: CHILDREN 323.1196 Mit 2014 - On Shelf"
https://catalog.saclibrary.org/GroupedWork/bb772540-875d-c25a-86f0-26b97188ee38-eng,"Child convicts","Brennan, Net",9780763673260,,"Candlewick Press",2015,"Somerville, Massachusetts",Book,"Book::North Natomas Children's Area: CHILDREN 994.02 B838 2013 - On Shelf,Book::Southgate Children's Area: CHILDREN 994.02 B838 2013 - On Shelf"
https://catalog.saclibrary.org/GroupedWork/24191f93-976a-6e4d-828c-45d0b280d197-eng,"Hilo Presents: The Mighty: (A Graphic Novel)","Winick, Judd",9780593305300,,"Random House",2026,"New York","Graphic Novel/Manga","Graphic Novel/Manga::Carmichael Children's Area: CHILDREN GRAPHIC NOVEL Hilo Presents - Checked Out,Graphic Novel/Manga::Elk Grove Kids' Place: CHILDREN GRAPHIC NOVEL Hilo Presents - On Hold Shelf,Graphic Novel/Manga::Franklin Children's: CHILDREN GRAPHIC NOVEL Hilo Presents - Checked Out"
https://catalog.saclibrary.org/GroupedWork/bf7b89e0-cf3e-78f3-c630-8c9fe881c430-eng,"Federal Bureau of Investigation","Ricciuti, Edward R",9781604136364,,"Chelsea House Publishers",2011,"New York, NY",Book,
https://catalog.saclibrary.org/GroupedWork/972bb593-a409-eabd-96e0-1cff48db2b36-eng,"Kamala Harris","Jopp, Kelsey, 1993-",9781644931677,,"North Star Editions; Focus Readers",2020,"Lake Elmo, MN",eBook;Book,
https://catalog.saclibrary.org/GroupedWork/3a5a0f1e-0506-edd9-87ab-d0284537f0f4-eng,"Should there be limits to free speech?",,9780737714296,,"Greenhaven Press; Thomson/Gale",2003,"San Diego; Detroit",Book,
https://catalog.saclibrary.org/GroupedWork/a860fac8-6528-1ec4-9a27-50fb264d27ec-eng,"That they lived: African Americans who changed the world","Riley, Rochelle",9780814347546,,"Wayne State University Press",2021,"Detroit, Michigan",Book,"Book::Carmichael Children's Area: CHILDREN 973.0496 R573 2021 - On Shelf,Book::Central Kids Place - Lower Level: CHILDREN 973.0496 R573 2021 - On Shelf,Book::North Natomas Children's Area: CHILDREN 973.0496 R573 2021 - On Shelf"
https://catalog.saclibrary.org/GroupedWork/7647fc69-cac0-fb6c-db16-4d2237110f90-eng,"Batman: Volume 7, Endgame","Snyder, Scott",9781401256890,,"DC Comics",2015,"Burbank, CA","Graphic Novel/Manga","Graphic Novel/Manga::McClatchy Teen Area: TEEN GRAPHIC NOVEL Batman v.7 - In Transit,Graphic Novel/Manga::Rio Linda Teen Area: TEEN GRAPHIC NOVEL Batman v.7 - On Shelf,Graphic Novel/Manga::Valley Hi-North Laguna Teen Area: TEEN GRAPHIC NOVEL Batman v.7 - On Shelf"
https://catalog.saclibrary.org/GroupedWork/a4fabe5f-c45a-78c6-09fa-9accfcddc580-eng,"Persona 5: Volume 3","Murasaki, Hisato",9781974714698,,"VIZ Media, LLC",2020,"[San Francisco, CA","Graphic Novel/Manga","Graphic Novel/Manga::Central Teen Area - 3rd Floor: TEEN MANGA Persona 5 v.3 - On Shelf,Graphic Novel/Manga::Fair Oaks Teen Area: TEEN MANGA Persona 5 v.3 - On Shelf,Graphic Novel/Manga::McClatchy Teen Area: TEEN MANGA Persona 5 v.3 - On Shelf"
https://catalog.saclibrary.org/GroupedWork/8591b8e2-c765-22d1-1824-7e0e1a88d5a2-eng,"The trial of Leopold and Loeb: a primary source account","Payment, Simone",9780823939701,,"Rosen Pub. Group",2004,"New York",Book,
https://catalog.saclibrary.org/GroupedWork/ae18e3b1-07ca-c61a-f17d-4b0d0d252e91-eng,"Up for sale: human trafficking and modern slavery","Behnke, Alison",9781467716116,,"Lerner Publishing Group|Lerner Publishing Group; TFCB, Twenty-First Century Books; Lerner Publishing Group","2014 - 2017",Minneapolis,eBook;Book,"Book::Central Teen Area - 3rd Floor: TEEN 306.362 B419 2015 - On Shelf,Book::Woodland Public Library: 306.362 Beh 2015 - On Shelf"
https://catalog.saclibrary.org/GroupedWork/c5ecec42-0e10-7768-003e-1dfcefc31efe-eng,"Flash facts",,9781779503824,,"DC Comics",2020,"Burbank, CA","Graphic Novel/Manga","Graphic Novel/Manga::Arcade Children's Area: CHILDREN GRAPHIC 502 B576 2020 - On Shelf,Graphic Novel/Manga::McClatchy Children's Area: CHILDREN GRAPHIC 502 B576 2020 - On Shelf,Graphic Novel/Manga::North Natomas Children's Area: CHILDREN GRAPHIC 502 B576 2020 - On Shelf"
https://catalog.saclibrary.org/GroupedWork/7c726bb3-2e00-cc70-7194-0ea4e9d5a7c7-eng,"Batman: Earth one. Volume three","Johns, Geoff, 1973-",9781401259044,,"DC Comics",2021,"Burbank, California","Graphic Novel/Manga","Graphic Novel/Manga::Carmichael Teen Area: TEEN GRAPHIC NOVEL Batman v.3 - On Shelf,Graphic Novel/Manga::Central Teen Area - 3rd Floor: TEEN GRAPHIC NOVEL Batman v.3 - On Shelf,Graphic Novel/Manga::Elk Grove Teen Area: TEEN GRAPHIC NOVEL Batman v.3 - On Shelf"
https://catalog.saclibrary.org/GroupedWork/926f6ff6-5f9f-fa69-bc41-5a235ae8a746-eng,"The truths we hold: an American journey","Harris, Kamala, 1964-",9781984837066,,"Philomel; Thorndike Press; Penguin Audio; Penguin Publishing Group; Books on Tape; Penguin Press","2019 - 2020","New York; New York, NY; [New York, NY]","eAudiobook;Audiobook - CD;eBook;Large Print;Book","Book::Arcade: 328.73 H314 2019 - On Shelf,Book::Carmichael: 328.73 H314 2019 - On Shelf,Book::Central: 328.73 H314 2019 - On Shelf"
https://catalog.saclibrary.org/GroupedWork/3edb3dc9-ff97-3217-a75d-e619765967fa-eng,"Virginia Hall: clever spy of World War II","Langston-George, Rebecca",9781669013709,,"Capstone Press, a Capstone imprint",2023,"North Mankato, Minnesota","Graphic Novel/Manga","Graphic Novel/Manga::Carmichael Children's Area: CHILDREN GRAPHIC BIOGRAPHY Hall, V. 2023 - On Shelf,Graphic Novel/Manga::Belle Cooledge Children's Area: CHILDREN GRAPHIC BIOGRAPHY Hall, V. 2023 - On Shelf,Graphic Novel/Manga::McKinley Children's Area: CHILDREN GRAPHIC BIOGRAPHY Hall, V. 2023 - On Shelf"
https://catalog.saclibrary.org/GroupedWork/e51c520d-f0d1-679f-f1bd-05af494ee9a9-eng,"The Nazi hunters: how a team of spies and survivors captured the world's most notorious Nazi","Bascomb, Neal",9780545431002,,"Arthur A. Levine Books, an imprint of Scholastic Inc; Scholastic Inc.","2013 - 2017","New York",eAudiobook;eBook;Book,"Book::Central Teen Area - 3rd Floor: TEEN 364.138 B298 2013 - On Shelf,Book::Galt Teen Area: TEEN 364.138 B298 2013 - On Shelf,Book::North Natomas: TEEN 364.138 B298 2013 - On Shelf"
https://catalog.saclibrary.org/GroupedWork/a83968d6-19da-50d9-c76c-1a95e6a66e43-eng,"Malcolm X: rights activist and Nation of Islam leader","Robinson, Tom, 1972-",9781617838934,,"ABDO; ABDO Publishing Company",2013,"Minneapolis, MN",eBook;Book,
https://catalog.saclibrary.org/GroupedWork/c15f61ab-0ea2-a1da-c790-fa747e4fa712-eng,"The bloody, rotten Roman Empire: the disgusting details about life in Ancient Rome","Corrick, James A",9781429663533,,"Capstone Press; Capstone","2011 - 2019","Mankato, Minn",eBook;Book,
https://catalog.saclibrary.org/GroupedWork/65540dd0-0ddf-1dea-37fd-c5a811e6e74f-eng,"Bully for you: #2","Tobin, Paul, 1965-",9781506700687,,"ABDO Spotlight/Dark Horse Comics",2017,"Minneapolis, Minnesota","Graphic Novel/Manga","Graphic Novel/Manga::Southgate Children's Area: CHILDREN GRAPHIC NOVEL Plants v.2 - Checked Out"
https://catalog.saclibrary.org/GroupedWork/cc9cecc8-e68c-fb16-3398-7ac4da8edc26-eng,"Police cars","Sipperley, Keli",9781977133304,,"Pebble, a Capstone imprint; Capstone","2021 - 2022","North Mankato, Minnesota",eBook;Book,
https://catalog.saclibrary.org/GroupedWork/0f341229-4752-aea9-fd79-c2cf0bb31196-eng,"Batman: archives, volume 3","Kane, Bob",9781563890994,,"DC Comics",1994,"New York",Book,
https://catalog.saclibrary.org/GroupedWork/71408220-8470-a232-ed6e-b4f8e37e608b-eng,"Police cars","Manolis, Kay",9780531204658,,"Bellwether Media","2008 - 2020","Minneapolis, MN",eBook;Book;eAudiobook,
https://catalog.saclibrary.org/GroupedWork/82258474-786d-1dc8-a30b-ac5c9d07ec06-eng,"Ghost ships","Hile, Kevin",9780737740868,,"KidHaven Press",2009,Detroit,Book,
https://catalog.saclibrary.org/GroupedWork/ec276dea-f446-74c5-7f28-6ebfd4c1933c-eng,"New York City history for kids: from New Amsterdam to the Big Apple, with 21 activities","Panchyk, Richard",9781883052935,,"Chicago Review Press",2012,Chicago,eBook;Book,"Book::Southgate Children's Area: CHILDREN 974.71 P188 2012 - In Transit"
https://catalog.saclibrary.org/GroupedWork/c20d99c2-21f3-b924-b10d-0331027625a8-eng,"Perros policías","Schuh, Mari C., 1975-",9781429668996,,"Capstone Press",2012,"Mankato, Minn",Book,
https://catalog.saclibrary.org/GroupedWork/583943be-91ba-d396-320e-66d199f14a5b-eng,"Red scarf girl: a memoir of the Cultural Revolution","Jiang, Ji-li",9780060275853,,"Recorded Books, Inc.; HarperCollins","1997 - 2016","New York, NY",eAudiobook;eBook;Book,"Book::North Natomas Children's Area: CHILDREN BIOGRAPHY Jiang, J. 1997 - On Shelf,Book::Valley Hi-North Laguna Children's Area: CHILDREN BIOGRAPHY Jiang, J. 1997 - On Shelf,Book::Barber Branch: CHILDREN BIOGRAPHY JIANG, J. - On Shelf"
https://catalog.saclibrary.org/GroupedWork/847a978d-ca6e-fb32-6417-2d4a5bc11f15-eng,"The Mona Lisa vanishes: a legendary painter, a shocking heist, and the birth of a global celebrity","Day, Nicholas, 1991-",9780593643853,,"Random House Children's Books; Books on Tape; Random House Studio",2023,"New York",eAudiobook;Book;eBook,"Book::Central Kids Place - Lower Level: CHILDREN 364.16 D274 2023 - In Transit,Book::Colonial Heights Children's Area: CHILDREN 364.16 D274 2023 - On Shelf,Book::Elk Grove Kids' Place: CHILDREN 364.16 D274 2023 - On Shelf"
https://catalog.saclibrary.org/GroupedWork/997cb375-0998-b665-834c-15ef3f9c3c15-eng,"Police dogs","Ruffin, Frances E",9781597160148,,"Bearport Pub",2005,"New York, NY",Book,
https://catalog.saclibrary.org/GroupedWork/fa3f1932-73cd-0a84-224e-75d6272cef52-eng,"Black potatoes: the story of the great Irish famine, 1845-1850","Bartoletti, Susan Campbell",9780618002719,,"Houghton Mifflin; Houghton Mifflin Harcourt","2001 - 2014",Boston,eBook;Book,"Book::North Natomas Children's Area: CHILDREN 941.5081 B292 2001 - Checked Out,Book::Colusa Main Branch Juvenile Collection: J 941.5081 B - On Shelf,Book::Woodland Public Library Children's Area: CHILDREN 941.5081 Bar 2001 - On Shelf"
https://catalog.saclibrary.org/GroupedWork/d30b5afa-3a74-4504-7ce0-e6dd0b80f592-eng,"The sun does shine: an innocent man, a wrongful conviction, and the long path to justice","Hinton, Anthony Ray",9781250817365,,"Feiwel and Friends; Macmillan Audio; Feiwel & Friends",2022,"New York",eAudiobook;Book;eBook,"Book::Belle Cooledge Children's Area: CHILDREN 364.66 H666 2022 - On Shelf,Book::Galt Children's Area: CHILDREN 364.66 H666 2022 - On Shelf,Book::South Natomas Children's Area: CHILDREN 364.66 H666 2022 - On Shelf"
https://catalog.saclibrary.org/GroupedWork/e84a6991-dbd4-07fb-6e63-e11bd41dfe45-eng,"Tattoos and secret societies","Porterfield, Jason",9781404218277,,"Rosen Pub",2009,"New York",Book,
https://catalog.saclibrary.org/GroupedWork/1537197f-366c-2d6e-f2cf-99dbd2c23a86-eng,"Wanted!: criminals of the animal kingdom","Tekavec, Heather, 1969-",9781525300240,,"Kids Can Press; Kids CanPress",2020,"Toronto, ON",eBook;Book,
https://catalog.saclibrary.org/GroupedWork/edc090db-cfae-5ea9-6556-477dd448d56f-eng,"Miranda v. Arizona: the rights of the accused","Sonneborn, Liz",9780823940103,,"Rosen Pub. Group",2004,"New York",Book,
https://catalog.saclibrary.org/GroupedWork/c4fa31e9-a0b4-11ac-a59e-76f1692ca587-eng,"Substance use and abuse","Schwartzenberger, Tina",9781590362327,,"Weigl Publishers",2005,"New York",Book,
https://catalog.saclibrary.org/GroupedWork/b367f3f7-dde1-bbbf-f080-2720c5a3f418-eng,"My Body Belongs to Me / Mi Cuerpo Me Pertenece: A Book about Body Safety / Un Libro Sobre El Cuidado Contra El Abuso Sexual","Starishevsky, Jill",9798330921881,,"Free Spirit Publishing","2020 - 2026",,eBook;Book,"Book::Central Kids Place - Lower Level: ON ORDER - On Order,Book::Sacramento Public Library: ON ORDER - On Order"
https://catalog.saclibrary.org/GroupedWork/803302c1-755e-3bb1-1da3-0462e0819d23-eng,"The D.B. Cooper hijacking","Lüsted, Marcia Amidon",9781617833014,,"ABDO Pub. Co",2012,"Minneapolis, MN",Book,
https://catalog.saclibrary.org/GroupedWork/64fbfadc-c596-f97d-73f4-4793f6de9c9a-eng,"Measure for measure","Shakespeare, William, 1564-1616",9780140714791,,"Interactive Media; Wilder Publications, Inc.; Project Gutenberg; Ft. Raphael Publishing Company; Cambridge University Press; Shakespeare Stories; Folio Society; Blackstone Publishing; Washington Square Press; Penguin Books; Yale University Press; Neeland Media LLC","1954 - 2024","New York; New York, N.Y; New Haven; Cambridge; New York, NY, USA; London, England",eBook;Book;eAudiobook,"Book::South Natomas: 822.33 P1M936 2005 - On Shelf,Book::Folsom Adult: 822.33 MEASURE 2005 - On Shelf,Book::Valley Hi-North Laguna: 822.33 P1C927 2000 - On Shelf"
https://catalog.saclibrary.org/GroupedWork/ec3cc803-7c9b-44c7-4059-f409ca3ebf49-eng,"Jack the Ripper","Anderson, Jennifer Joline",9781617833052,,"ABDO Pub. Co",2012,"Minneapolis, MN",Book,
https://catalog.saclibrary.org/GroupedWork/c3f3d487-5aef-b558-1f04-d3acf02c7b9e-eng,Stalking,"La Bella, Laura",9781499460476,,"Rosen Publishing",2016,"New York",Book,"Book::Central Teen Area - 3rd Floor: TEEN 364.15 L116 2016 - Checked Out"
https://catalog.saclibrary.org/GroupedWork/a31a9cea-ac80-e74e-e415-0762c52c5e21-eng,"Union infantrymen of the Civil War","Langellier, John P. (John Phillip)",9781410901163,,Raintree,2003,"Chicago, Ill",Book,
https://catalog.saclibrary.org/GroupedWork/b0461bf8-6f83-8e0e-6ee5-f21a5f32e39e-eng,"Guinness world records 2012",,9781904994671,,"Guinness World Records",2011,[London],Book,
https://catalog.saclibrary.org/GroupedWork/afdb58b2-8d44-2eb0-64cd-666c10f65021-eng,"The story of the Holocaust","Whiting, Jim, 1943-",9781584154006,,"Mitchell Lane",2006,"Hockessin, Del",eBook;Book,
https://catalog.saclibrary.org/GroupedWork/9afc6eae-d6e8-0b60-33b7-6479cfd06b77-eng,"Sticky evidence: burglar caught on tape","Beres, D. B",9780531132579,,"Children's Press; Scholastic Inc.","2020 - 2021","New York",eBook;Book,
https://catalog.saclibrary.org/GroupedWork/4d0b099b-8772-3714-c296-5b752c737378-eng,"Holocausts in other lands","Kallen, Stuart A., 1955-",9781562393557,,"Distributed by Rockbottom Books; Abdo & Daughters",1994,"Minneapolis, Minn; Edina, Minn",Book,
https://catalog.saclibrary.org/GroupedWork/cedd8c0c-de26-dddf-c800-da8982d81660-eng,"1,000 facts about ancient Egypt","Honovich, Nancy",9781426332746,,"National Geographic Kids",2019,"Washington, DC",Book,
https://catalog.saclibrary.org/GroupedWork/0a70a2fa-331c-768e-a1b2-082c311707f8-eng,"Woman, life, freedom","Satrapi, Marjane, 1969-",9781644214053,,"Seven Stories Press",2024,"New York","Graphic Novel/Manga","Graphic Novel/Manga::Belle Cooledge: GRAPHIC 305.40955 S253 2024 - Checked Out,Graphic Novel/Manga::Galt: GRAPHIC 305.40955 S253 2024 - On Hold Shelf,Graphic Novel/Manga::Rancho Cordova: GRAPHIC 305.40955 S253 2024 - On Hold Shelf"
https://catalog.saclibrary.org/GroupedWork/8297f742-8595-a390-45f6-92de0088abe8-eng,"The Aztec",,9780716621331,,"World Book",2009,Chicago,Book,
https://catalog.saclibrary.org/GroupedWork/1a470ae3-3bb8-e5dc-ec7f-96e2bb10b7cd-eng,"Police station","Schaefer, Lola M., 1950-",9781575725208,,"Heinemann Library",2000,Chicago,Book,
https://catalog.saclibrary.org/GroupedWork/f3cdf20b-8b3a-378b-a26f-e7648bc43a0c-eng,"Genrefied classics: a guide to reading interests in classic literature","Frolund, Tina",9781591581727,,"Libraries Unlimited",2007,"Westport, Conn",Book,
https://catalog.saclibrary.org/GroupedWork/0e83e9eb-7e53-a68c-3f77-c87bb057b8d6-eng,"Poop collectors, armpit sniffers, and more: the yucky jobs book","Silverstein, Alvin",9780766033160,,"Enslow Publishers",2011,"Berkeley Heights, NJ",Book,
https://catalog.saclibrary.org/GroupedWork/8848e70e-1e51-f3af-78db-831037b81f2f-eng,"Fingerprint wizards: the secrets of forensic science","Piper, Ross",9781429631174,,"Capstone Press",2008,"Mankato, Minn",Book,
https://catalog.saclibrary.org/GroupedWork/381374d6-7de7-3717-da92-b68c3b7c9397-eng,"The Great Depression",,9780716615057,,"World Book, Inc",2011,Chicago,Book,
https://catalog.saclibrary.org/GroupedWork/bbf234ae-e975-7b65-3ae2-d198efc90c3c-eng,"Women who made a scene: heroines, villainesses, eccentrices","James, Lesley",9780817257354,,"Raintree Steck-Vaugh Publishers",2000,Austin,Book,
https://catalog.saclibrary.org/GroupedWork/c03914be-6021-0418-82b7-fc67378bdb25-eng,"Life in Moscow","Corona, Laurel, 1949-",9781560067955,,"Lucent Books",2001,"San Diego, Calif",Book,
https://catalog.saclibrary.org/GroupedWork/36cab342-fa8f-d2ad-cf7a-16bae8a9dd3d-eng,"Reinhard Heydrich: hangman of the Third Reich","Ramen, Fred",9780823933792,,Rosen,2001,"New York",Book,
https://catalog.saclibrary.org/GroupedWork/73685dfb-1a39-6585-208a-22b04edb2d7e-eng,Venezuela,"Shields, Charles J., 1951-",9781590842898,,"Mason Crest Publishers; National Highlights Inc.","2004 - 2016",Philadelphia,eBook;Book,
https://catalog.saclibrary.org/GroupedWork/bf0425d0-a545-5f11-d49d-893b8ee68bdc-eng,"The Lindbergh baby kidnapping trial: a primary source account","Roensch, Greg",9780823939718,,"Rosen Pub. Group",2004,"New York",Book,
https://catalog.saclibrary.org/GroupedWork/bedefa2a-6756-5592-9b0c-4ed6fa4a7310-eng,"Five-minute mini-mysteries","Smith, Stan (Stanley E.)",9781402706851,,"Sterling Pub",2003,"New York",Book,
https://catalog.saclibrary.org/GroupedWork/03aa3964-88d3-505a-9a9b-470b1f1fdf65-eng,"The wooden horse of Troy","Malam, John, 1957-",9781404809062,,"Picture Window Books",2005,"Minneapolis, Minn",Book,
https://catalog.saclibrary.org/GroupedWork/4402f1af-1b0b-6ba3-a901-76828fced5fe-eng,"The Goon in Rough stuff","Powell, Eric",9781595824684,,"Dark Horse Books",2010,"Milwaukie, OR",Book,
https://catalog.saclibrary.org/GroupedWork/55bc8b3c-ac9b-2e52-dbd7-084137accd64-eng,"Case closed: Volume 53","Aoyama, G¿џsh¿џ",9781421565095,,"VIZ Media, LLC",2015,"San Francisco, CA","Graphic Novel/Manga",
https://catalog.saclibrary.org/GroupedWork/bca70707-3b79-4c91-cc2b-097fbd2d58dd-eng,"Child of St Kilda","Waters, Beth",9781786281883,,"Child's Play Inc",2019,"Auburn, Maine",Book,
https://catalog.saclibrary.org/GroupedWork/24d740c3-6486-06c9-5832-24c7d450e152-eng,"The Freedom Writers diary: how a teacher and 150 teens used writing to change themselves and the world around them","Freedom Writers",9780385494229,9780385494229,"Broadway Books; Doubleday","1999 - 2019","New York",Book,
https://catalog.saclibrary.org/GroupedWork/f28137b8-608a-35e5-dd3b-6cfbd8bba049-eng,"X-Men: X-tinction agenda",,9781302901004,,"Marvel Worldwide, Inc., a subsidiary of Marvel Entertainment, LLC",2016,"New York, NY","Graphic Novel/Manga",
https://catalog.saclibrary.org/GroupedWork/4c3ccb13-c224-5a5f-dfa4-6b9a90f2dbad-eng,"All-new Ultimates: Vol. 2, No gods, no masters","Fiffe, Michel",9780785154280,,"Marvel Worldwide, Inc., a subsidiary of Marvel Entertainment, LLC",2015,"New York, NY","Graphic Novel/Manga",
