Link,Title,Author,ISBN,UPC,Publisher,"Publish Date","Place of Publication",Format,"Location & Call Number"
https://catalog.saclibrary.org/GroupedWork/7012be59-8aa3-bbec-2d5b-17c24f2825ef-eng,"Drama in the church saga","Zale, Dynah",9781622867004,,"Recorded Books, Inc.; Urban Renaissance; Urban Books",2015,"Wyandanch, NY",eBook;Book;eAudiobook,"Book::Carmichael: URBAN FICTION Zale, D. - On Shelf,Book::Del Paso Heights: URBAN FICTION Zale, D. - On Shelf"
https://catalog.saclibrary.org/GroupedWork/21b5f597-0fe6-40b7-11fc-8fd31cb495ae-eng,"The drama teacher: a novel","Zailckas, Koren",9780553448092,,"Crown; Books on Tape",2018,"New York",eAudiobook;Book;eBook,"Book::Central: FICTION Zailckas, K. - On Shelf,Book::Belle Cooledge: FICTION Zailckas, K. - On Shelf,Book::North Sacramento-Hagginwood: FICTION Zailckas, K. - On Shelf"
https://catalog.saclibrary.org/GroupedWork/6633950f-7277-08c9-046e-d5c4eaa70cd7-eng,"The dramatic life of Jonah Penrose: a novel","Green, Robyn",9780063453678,,"HarperCollins; Harper Perennial",2025,"New York",eAudiobook;Book;eBook,"Book::Central New Books - 4th Floor: FICTION Green, R. - On Shelf,Book::South Natomas: FICTION Green, R. - On Shelf,Book::Sylvan Oaks: FICTION Green, R. - On Shelf"
https://catalog.saclibrary.org/GroupedWork/914e5001-8247-7dd8-413b-868d41b7eea9-eng,"Family drama","Fallon, Rebecca",9781668089484,,"Simon & Schuster Audio; Simon & Schuster",2026,"New York; [New York]","eAudiobook;Audiobook - CD;Book;eBook","Book::Central New Books - 4th Floor: FICTION Fallon, R. - Checked Out,Book::Elk Grove: FICTION Fallon, R. - On Shelf,Book::McKinley: FICTION Fallon, R. - Checked Out"
https://catalog.saclibrary.org/GroupedWork/eab67c5c-0491-bec7-814a-2b4f042c7b33-eng,"Drama city: a novel","Pelecanos, George P",9780316608213,,"Recorded Books, Inc.; Hachette Audio; Little, Brown and Company; Little, Brown and Co","2005 - 2015","New York","Audiobook - CD;eBook;Book;eAudiobook",
https://catalog.saclibrary.org/GroupedWork/cabf4228-06d6-8b0e-f2ca-f1223fe89d52-eng,"Unnecessary drama","Kenwood, Nina",9781250894441,,"W. F. Howes Ltd; Macmillan Audio; Flatiron Books","2022 - 2023","New York",eAudiobook;Book;eBook,"Book::Central Teen Area - 3rd Floor: TEEN FICTION Kenwood, N. - On Shelf,Book::Franklin Teen: TEEN FICTION Kenwood, N. - On Shelf,Book::North Natomas: TEEN FICTION Kenwood, N. - On Shelf"
https://catalog.saclibrary.org/GroupedWork/104b4709-8bb8-fd5f-38f4-9ed217f035f0-eng,"Dream girl drama: a novel","Bailey, Tessa",9780063380776,,"Avon, an imprint of HarperCollinsPublishers; HarperCollins",2025,"New York, NY",eAudiobook;Book;eBook,"Book::Arcade: FICTION Bailey, T. - On Shelf,Book::Carmichael: FICTION Bailey, T. - On Shelf,Book::Central: FICTION Bailey, T. - On Shelf"
https://catalog.saclibrary.org/GroupedWork/f1d93b9d-2f87-a5c3-58b8-b60950399b29-eng,"Here for the drama","Bromley, Kate",9781525811449,,"Graydon House; Harlequin Audio; HarlequinAudio; Graydon House Books",2022,"Toronto, Ontario, Canada",eAudiobook;eBook;Book,"Book::Arcade: FICTION Bromley, K. - On Shelf,Book::Central: FICTION Bromley, K. - On Shelf,Book::South Natomas: FICTION Bromley, K. - On Shelf"
https://catalog.saclibrary.org/GroupedWork/fc864118-0dac-b3e6-296b-84b7b001ed8f-eng,"No more drama","Hunt, La Jill",9781645566243,,"Recorded Books, Inc.; Urban Books","2007 - 2024","New York",Book;eAudiobook,"Book::Central: URBAN FICTION Hunt, L. - Checked Out,Book::Colonial Heights: URBAN FICTION Hunt, L. - On Shelf,Book::Del Paso Heights: URBAN FICTION Hunt, L. - On Shelf"
https://catalog.saclibrary.org/GroupedWork/24f7ca34-540b-851d-7495-e42c7e1af080-eng,"Prestige drama: a novel","O'Reilly, Séamas",9781538778210,,"Hachette Audio; Cardinal, an imprint of Grand Central Publishing; Grand Central Publishing",2026,"New York, NY",eAudiobook;Book;eBook,"Book::Central New Books - 4th Floor: FICTION O'Reilly, S. - On Shelf,Book::Belle Cooledge: FICTION O'Reilly, S. - Checked Out,Book::McClatchy: FICTION O'Reilly, S. - Checked Out"
https://catalog.saclibrary.org/GroupedWork/45db6b54-5bfa-85f5-67ca-797f870a4fbd-eng,"Courtroom drama","Alexander, Neely Tubati",9780063442092,,"Harper, an imprint of HarperCollins Publishers",2025,"New York",Book,"Book::Colonial Heights: FICTION Alexander, N. - On Shelf,Book::Belle Cooledge: FICTION Alexander, N. - On Shelf,Book::Fair Oaks: FICTION Alexander, N. - Checked Out"
https://catalog.saclibrary.org/GroupedWork/6ba0ff24-0401-4ba1-fe05-ad5ab366eaaf-eng,"Confessions of a canine drama queen","London, Stefanie",9781335498212,,"Canary Street Press; Harlequin Audio; HarlequinAudio; Harlequin",2023,"Toronto, Ontario, Canada",eAudiobook;eBook;Book,"Book::Central: FICTION London, S. - On Shelf,Book::Franklin: FICTION London, S. - On Shelf,Book::South Natomas: FICTION London, S. - On Shelf"
https://catalog.saclibrary.org/GroupedWork/3f4984dd-2f81-58a3-c46f-231e9d5d7f65-eng,"The dramatist","Bruen, Ken",9780312316471,,"St. Martin's Minotaur; St. Martin's Publishing Group; Blackstone Publishing","2006 - 2011","New York",eBook;Book;eAudiobook,
https://catalog.saclibrary.org/GroupedWork/6169e32b-4f4f-1d39-2232-1f7ea16bf13c-eng,"The melting-pot: drama in four acts","Zangwill, Israel, 1864-1926",9780405067563,,"Ayer Co. Pub",1999,"North Stratford, N.H",Book,"Book::Central: 822 Z29 1999 - On Shelf"
https://catalog.saclibrary.org/GroupedWork/bfb3de11-94a7-901d-857e-a4455abf3a05-eng,"Two men of Sandy Bar: a drama","Harte, Bret, 1836-1902",,,"J.R. Osgood and Co; Project Gutenberg",1876,Boston,eBook;Book,"Book::Sacramento Room: SPE 812.4 H327 1876 CAL - Library Use Only,Book::Woodland Public Library: SPECIAL COLLECTIONS 812 H - Library Use Only"
https://catalog.saclibrary.org/GroupedWork/64bfb3e2-0888-8aad-4232-6865a49d0455-eng,"Seven guitars","Wilson, August",9780452276925,,"Alexander Street Press; Plume","1997 - 2003","Alexandria, VA; New York",eBook;Book,"Book::Central: 812.54 W746 1997 - On Shelf,Book::Sylvan Oaks: 812.54 W746 1997 - On Shelf"
https://catalog.saclibrary.org/GroupedWork/92d73db7-b626-69e3-1156-8b8f985969b3-eng,"The Methuen drama book of trans plays: Sagittarius Ponderosa ; The Betterment society ; how to clean your room ; She he me ; The Devils between us ; Doctor Voynich and her children ; Firebird tattoo ; Crooked parts",,9781350179219,,"Methuen Drama",2021,London,Book,"Book::Central: 808.23 K445 2021 - On Shelf"
https://catalog.saclibrary.org/GroupedWork/419c06af-af01-d866-796b-1cd121106d79-eng,"Crimes of the heart","Henley, Beth",9780822202509,,"Alexander Street Press; L.A. Theatre Works; Dramatists Play Service","1982 - 2006","Alexandria, VA; Los Angeles, Calif; New York, N.Y",eAudiobook;Book;eBook,
https://catalog.saclibrary.org/GroupedWork/782065cc-6fdc-ce94-9a7f-40964d979533-eng,"True west","Shepard, Sam, 1943-2017",9780573617287,,"Alexander Street Press; Samuel French; L.A. Theatre Works","1981 - 2014","Alexandria, VA; New York; Los Angeles, Calif",eAudiobook;Book;eBook,"Book::Belle Cooledge: 812 S547t 1981 - Checked Out"
https://catalog.saclibrary.org/GroupedWork/0aeaa079-223e-3895-25fd-7ebe4fa8888c-eng,"Buried child","Shepard, Sam, 1943-2017",9781580818858,,"L. A. Theatre Works; Knopf Doubleday Publishing Group; Urizen Books; Alexander Street Press; L.A. Theatre Works","1979 - 2012","Los Angeles, CA; Alexandria, VA; New York",eAudiobook;Book;eBook,
https://catalog.saclibrary.org/GroupedWork/f076992e-6b8b-4d9e-72c1-3e531ca2e7bd-eng,"Desire under the elms","O'Neill, Eugene, 1888-1953",9780887349614,,"Players Press; L.A. Theatre Works","2007 - 2009","Los Angeles, Calif; Studio City, CA",eAudiobook;Book,"Book::Valley Hi-North Laguna: 812 O58d2 2008 - On Shelf"
https://catalog.saclibrary.org/GroupedWork/c3b836dd-cc63-024f-039b-8854b6fd9d0f-eng,"A doll's house","Ibsen, Henrik, 1828-1906",9781408106020,,"Project Gutenberg; Xist Publishing; Start Publishing LLC; Methuen Drama; Independently Published; Sheba Blake Publishing; Duke Classics","2008 - 2024",London,eBook;Book;eAudiobook,
https://catalog.saclibrary.org/GroupedWork/c9feaf0f-4906-3136-466a-b21946cd5cc6-eng,"Archangels of funk: episodes from the continuing drama of Cinnamon Jones: scientist, artiste, and hoodoo conjurer : a novel of what might be","Hairston, Andrea",9781250807281,,Tordotcom,2024,"New York",Book,"Book::Central: SCIENCE FICTION Hairston, A. - On Shelf,Book::Elk Grove: SCIENCE FICTION Hairston, A. - On Shelf,Book::Southgate: SCIENCE FICTION Hairston, A. - On Shelf"
https://catalog.saclibrary.org/GroupedWork/0b409749-7faa-fa56-681f-ad03e354d099-eng,"Lobby hero","Lonergan, Kenneth",9780822218296,,"L. A. Theatre Works; L.A. Theatre Works; Dramatists Play Service","2002 - 2014","Los Angeles, CA; New York",eAudiobook;Book,
https://catalog.saclibrary.org/GroupedWork/fe5ca460-88d5-2d36-7872-1280317d8d86-eng,"Minor dramas & other catastrophes","West, Kathleen, 1978-",9780593098400,,"Berkley; Books on Tape",2020,"New York",eAudiobook;Book,"Book::Central: FICTION West, K. - On Shelf,Book::Fair Oaks: FICTION West, K. - On Shelf,Book::Folsom Adult: FICTION West, K. - On Shelf"
https://catalog.saclibrary.org/GroupedWork/915e61a2-b19c-2aff-3449-78f8f45a29d5-eng,"Romeo and Juliet","Shakespeare, William, 1564-1616",9780198319375,,"Saland Publishing; Project Gutenberg; Naxos AudioBooks; Barron's Educational Series, Inc.; Lerner Publishing Group; John Wiley & Sons; Dreamscape Media; Thomas Nelson & Sons; Blackstone Publishing; Penguin Books; Sourcebooks MediaFusion; Union Square & Co.; Saddleback Educational Publishing; Start Publishing LLC; Distributed by Recorded Books]; Spark Pub; Random House Children's Books; Oxford University Press; SmartPass, Ltd. [producer]; Naxos Audiobooks; The University Society; L.A. Theatre Works; Modern Library","1901 - 2018","New York; [Prince Frederick, Md; New York, NY; Naperville, Ill; [Germany?]; Hoboken, N.J; Oxford [England]; [Brighton, England]; Oxford; Walton-on-Thames","eAudiobook;Audiobook - CD;eBook;Book","Book::Carmichael: 822.33 U3B328 2009 - On Shelf,Book::Central: 822.33 U3B328 2009 - On Shelf,Book::Colonial Heights: 822.33 U3B328 2009 - On Shelf"
https://catalog.saclibrary.org/GroupedWork/3048b1fe-b761-b13a-9261-5b1cb51c06b7-eng,"Julius Caesar","Shakespeare, William, 1564-1616",9781588368836,,"Project Gutenberg; Barron's Educational Series, Inc.; Steck-Vaughn; Penguin Books; Sourcebooks MediaFusion; Dover Publications; Distributed by Recorded Books]; Oxford University Press; SmartPass, Ltd. [producer]; L.A. Theatre Works; Modern Library; John Wiley; Methuen","1955 - 2012","New York; Los Angeles, Calif; [Prince Frederick, Md; Hoboken, NJ; Austin, TX; Naperville, Ill; London; NY; [Brighton, England]; Oxford","eAudiobook;Audiobook - CD;eBook;Book","Book::Carmichael: 822.33 T1B328 2011 - On Shelf,Book::Central: 822.33 T1B328 2011 - On Shelf,Book::Colonial Heights: 822.33 T1B328 2011 - On Shelf"
https://catalog.saclibrary.org/GroupedWork/ea7e2677-20e6-dbab-362a-78115132aed3-eng,"A streetcar named desire","Williams, Tennessee, 1911-1983",9780451167781,,"New Directions; Signet; HarperCollins; Caedmon; L.A. Theatre Works","1999 - 2025","New York; New York, N.Y",eAudiobook;Book;eBook,"Book::Arcade: 812.54 W721 2004 - On Shelf,Book::Carmichael: 812.54 W721 2004 - Checked Out,Book::Central: 812.54 W721 2004 - On Shelf"
https://catalog.saclibrary.org/GroupedWork/c2763f2d-3725-fa01-c079-4fc1ab25991c-eng,Hamlet,"Shakespeare, William, 1564-1616",9780300101058,,"L. A. Theatre Works; eBooksLib; Recorded Books; Audio Holdings, LLC; SmartPass; Barron's; Sourcebooks; Blackstone Publishing; Dover Publications; Saddleback Educational Publishing; BBC Audiobooks America; Cambridge University Press; Oxford University Press; Naxos Audiobooks; L.A. Theatre Works; Yale University Press; Modern Library","1986 - 2012","Los Angeles, CA; New York; New Haven; Prince Frederick, MD; Cambridge, [England]; Naperville, Ill; [Brighton, England]; North Kingstown, RI; Oxford; Woodbury, N.Y","eAudiobook;Audiobook - CD;eBook;Book","Book::Carmichael: 822.33 S7B328 2008 - On Shelf,Book::Sylvan Oaks: 822.33 S7B328 2008 - Checked Out"
https://catalog.saclibrary.org/GroupedWork/9b6e94a3-9ec6-8cf4-ed28-99f1e334e349-eng,"Twelfth night, or, What you will","Shakespeare, William, 1564-1616",9780743484961,,"Signet Classic; Wilder Publications, Inc.; Lerner Publishing Group; Simon & Schuster Paperbacks; Penguin Books; Otbebookpublishing; Lerner Publishing Group|Lerner Publishing Group; Dover Publications; University of California Press; Oxford University Press; Penguin Publishing Group; Neeland Media LLC; Simon & Schuster; Golden Cockerel Press","1932 - 2022","New York; [Waltham Saint Lawrence, Berkshire]; Berkeley; Oxford; New York, NY",eBook;Book,"Book::Carmichael: 822.33 Q7B167 1998 - On Shelf,Book::Central: 822.33 Q7B167 1998 - On Shelf,Book::Belle Cooledge: 822.33 Q7B167 1998 - On Shelf"
https://catalog.saclibrary.org/GroupedWork/d985ee0c-b0e3-9357-b1c2-6f5f77b1d43d-eng,Coriolanus,"Shakespeare, William, 1564-1616",9780140714739,,"Dover Publications; Project Gutenberg; Oxford University Press; Random House Publishing Group; Penguin Books; Barnes & Noble","1973 - 2012","New York; New York, N.Y; Oxford",eBook;Book,"Book::Central: 822.33 S3L665 1973 - On Shelf,Book::Central: 822.33 S3B864 1976 - On Hold Shelf"
https://catalog.saclibrary.org/GroupedWork/7982cef8-7365-7704-b865-39218863fea6-eng,"A raisin in the sun","Hansberry, Lorraine, 1930-1965",9780679755333,,"Recorded Books, Inc.; Knopf Doubleday Publishing Group; Vintage Books; Modern Library","1994 - 2011","New York",eAudiobook;eBook;Book,"Book::Arcade: 812 H249 1994a - Checked Out,Book::Carmichael: 812 H249 1994a - On Shelf,Book::Belle Cooledge: 812 H249 1994a - Checked Out"
https://catalog.saclibrary.org/GroupedWork/0e93668c-013d-33a0-deb3-30bdce571cb6-eng,"Major Barbara","Shaw, Bernard, 1856-1950",9780140437904,,"Project Gutenberg; L.A. Theatre Works; Penguin Books","1941 - 2008","New York; Los Angeles, Calif; London",eAudiobook;eBook;Book,"Book::Central: 822 S534ma 1941 - On Shelf"
https://catalog.saclibrary.org/GroupedWork/39e84e4f-5f61-1b68-1cec-64aa2e7a8865-eng,Arcadia,"Stoppard, Tom",9780571169344,,"Faber and Faber; L.A. Theatre Works; Grove Atlantic","1993 - 2017","Los Angeles, Calif; London; Boston",eAudiobook;eBook;Book,"Book::Carmichael: 822 S883a2 1993 - Checked Out,Book::Central: 822 S883a2 1993 - On Shelf,Book::Pocket-Greenhaven: 822 S883a2 1993 - On Shelf"
https://catalog.saclibrary.org/GroupedWork/07ce1f7d-91cc-3225-d280-d854fb3758f7-eng,Othello,"Shakespeare, William, 1564-1616",9781402206450,,"Dover Publications; Project Gutenberg; Bantam Books; Distributed by Recorded Books]; Cambridge University Press; SmartPass, Ltd. [producer]; Oxford University Press; Naxos Audiobooks; Random House Publishing Group; Penguin Publishing Group; Modern Library; Sourcebooks MediaFusion","1886 - 2012","New York; [Prince Frederick, Md; Naperville, Ill; Cambridge [Cambridgeshire]; [Brighton, England]; Oxford; Toronto","Audiobook - CD;eBook;Book;eAudiobook","Book::Carmichael: 822.33 T7B328 2009 - On Shelf,Book::Carmichael: 822.33 T7G475 1996 - On Shelf,Book::Central: 822.32 O87f - On Shelf"
https://catalog.saclibrary.org/GroupedWork/ff54424d-5bd0-146e-7ae8-0def30cfbcad-eng,"Pericles, Prince of Tyre","Shakespeare, William, 1564-1616",9781982170172,,"Wilder Publications, Inc.; Start Publishing LLC; Cambridge University Press; L.A. Theatre Works; Simon & Schuster Paperbacks; Yale University Press; Neeland Media LLC","1925 - 2021","New York; Los Angeles, Calif; New Haven; Cambridge",eAudiobook;eBook;Book,"Book::Carmichael: 822.33 U1M936 2021 - Checked Out,Book::Central: 822.33 U1M936 2021 - On Shelf,Book::McKinley: 822.33 U1M936 2021 - On Shelf"
https://catalog.saclibrary.org/GroupedWork/01eb655a-f6d3-be15-a891-62e0effaead2-eng,"The boyfriend","McFadden, Freida",9781464231681,,"Thorndike Press, a part of Gale, a Cengage Company; Poisoned Pen Press; Hollywood Upstairs Press",2024,"Naperville, Illinois; [Waterville, Maine]","eAudiobook;Large Print;Book","Book::Arcade: FICTION Mcfadden, F. - Checked Out,Book::Carmichael: FICTION Mcfadden, F. - Checked Out,Book::Colonial Heights: FICTION Mcfadden, F. - Checked Out"
https://catalog.saclibrary.org/GroupedWork/2f580e67-308c-e93c-4e52-03a7f7597c28-eng,"A midsummer-night's dream","Shakespeare, William, 1564-1616",9780199535866,,"Avenel Books; Interactive Media; Lerner Publishing Group; Barron's; Distributed by Outlet Book Co; SeaWolf Press; Global Publishers; Blackstone Publishing; Simon & Schuster Paperbacks; Penguin Books; Dover Publications; Saddleback Educational Publishing; Oxford University Press; L.A. Theatre Works; Random House Publishing Group; Penguin Publishing Group","1941 - 2023","New York; Orinda, California; New York, N.Y; [Venice, California]; Oxford; Woodbury, N.Y",eAudiobook;eBook;Book,"Book::Arcade: 822.33 P7M936 2016 - Checked Out,Book::Carmichael: 822.33 P7M936 2016 - On Shelf,Book::Central: 822.33 P7M936 2016 - Checked Out"
https://catalog.saclibrary.org/GroupedWork/eb764a53-ab55-37a3-5975-488056a38350-eng,"The winter's tale","Shakespeare, William, 1564-1616",9780198325826,,"The Folio Society; Interactive Media; Wilder Publications, Inc.; Project Gutenberg; HarperCollins; Sheba Blake Publishing; Blackstone Publishing; Penguin Books; Left of Brain Books; Dover Publications; Read Books Ltd.; Start Publishing LLC; Oxford University Press; HarperCollins Publishers; Yale University Press","1905 - 2024","New York; New Haven; Harmondsworth, Middlesex, England; London; Oxford",eAudiobook;eBook;Book,"Book::Central: 822.33 R3M465 1971 - On Shelf,Book::Central: 822.33 R3P615 1918 - On Shelf,Book::Sacramento Room: SPE 090 F6652 1975s BAC - Library Use Only"
https://catalog.saclibrary.org/GroupedWork/71cc1dd0-9799-d0d5-58b8-eec373a8f543-eng,"The murder at the vicarage","Christie, Agatha, 1890-1976",9780062073600,,"BBC Worldwide Ltd; Distributed by Workman Pub. Co; Bantam Books; HarperCollins; Black Dog & Leventhal Publishers; [Distributed by] BBC Audiobooks America","1958 - 2013","New York; [London]; Hampton, NH","eAudiobook;Audiobook - CD;Book;eBook","Book::Carmichael: MYSTERY Christie, A. - Checked Out,Book::Fair Oaks: MYSTERY Christie, A. - On Shelf,Book::South Natomas: MYSTERY Christie, A. - Checked Out"
https://catalog.saclibrary.org/GroupedWork/deb20b58-2c36-3d90-d31d-f14a874c5430-eng,"The importance of being Earnest","Wilde, Oscar, 1854-1900",9780812000801,,"Re-Image Publishing; GENERAL PRESS; Independently Published; Dreamscape Media; Global Publishers; Otbebookpublishing; Leonard Smithers; SC Active Business Development SRL; Mint Editions; Author's Republic; Barron's Educational Series; L.A. Theatre Works; Librofilio; Start Classics; Warbler Press; G&D Media; Findaway Voices","1898 - 2025","Los Angeles, Calif; London; Great Neck, N.Y; [Venice, Calif.?]","eAudiobook;Audiobook - CD;eBook;Book",
https://catalog.saclibrary.org/GroupedWork/25796f89-c3fa-ed2a-5290-8470574d388e-eng,"The crucible","Miller, Arthur, 1915-2005",9780140247725,,"Author's Republic; BN Publishing; L.A. Theatre Works; Penguin Books","1994 - 2019","Los Angeles, Calif; New York, N.Y; [Santa Monica, Calif.?]","eAudiobook;Audiobook - CD;Book",
https://catalog.saclibrary.org/GroupedWork/5d282c3c-f316-507f-a908-c6bd3faeebaa-eng,"Harry Potter and the cursed child: Parts one and two","Thorne, Jack",9781338099133,,"Arthur A. Levine Books, an imprint of Scholastic Inc",2016,"New York, NY",Book,"Book::Carmichael Children's Area: CHILDREN 822.92 R884 2016 - Checked Out,Book::Colonial Heights Children's Area: CHILDREN 822.92 R884 2016 - On Shelf,Book::McClatchy Children's Area: CHILDREN 822.92 R884 2016 - Checked Out"
https://catalog.saclibrary.org/GroupedWork/79dfb96f-0de0-5e5f-8bd9-c1edf0db2a66-eng,"The taming of the shrew","Shakespeare, William, 1564-1616",9780671722890,,"Interactive Media; Wilder Publications, Inc.; Project Gutenberg; Caedmon; Duke Classics; Blackstone Publishing; Simon & Schuster Paperbacks; Penguin Books; Eternal Echoes; Union Square & Co.; Dover Publications; Saddleback Educational Publishing; Start Publishing LLC; Author's Republic; Oxford University Press; Shakespeare Stories; Washington Square Press; HarperCollins Publishers; Modern Library; Yale University Press; Neeland Media LLC","1954 - 2023","New York; New York, N.Y; New Haven; Oxford",eBook;Book;eAudiobook,"Book::Carmichael: 822.33 Q3B328 2009 - On Shelf,Book::Central: 822.33 Q3B328 2009 - On Shelf,Book::McKinley: 822.33 Q3B328 2009 - Checked Out"
https://catalog.saclibrary.org/GroupedWork/43edfc4e-5c67-b32a-0387-f1e8375fbde0-eng,"The berry pickers: a novel","Peters, Amanda",9781646221950,,"Catapult; Recorded Books, Inc.; Thorndike Press, a part of Gale, a Cengage company","2023 - 2024","New York; [Farmington Hills]","eAudiobook;eBook;Large Print;Book","Book::Central: FICTION Peters, A. - Checked Out,Book::Belle Cooledge: FICTION Peters, A. - On Shelf,Book::Fair Oaks: FICTION Peters, A. - In Transit"
https://catalog.saclibrary.org/GroupedWork/35d0b49b-4826-2df1-2533-53d9793e12ee-eng,"The crucible: a play in four acts","Miller, Arthur, 1915-2005",9780140481389,,"Penguin Books; Penguin Publishing Group","1976 - 2003","New York; Harmondsworth, Eng; New York, N. Y",eBook;Book,"Book::Carmichael: 812 M647c 2003 - On Shelf,Book::Central: 812 M647c 2003 - On Shelf,Book::Courtland: 812 M647c 2003 - On Shelf"
https://catalog.saclibrary.org/GroupedWork/696eec05-05da-0c0f-156c-8e7883494a45-eng,"Last twilight in Paris","Jenoff, Pam",9780778307983,,"Thorndike Press, a part of Gale, a Cengage Company; Harlequin Audio; Park Row Books; HarlequinAudio",2025,"Toronto, Ontario; [Waterville, Maine]","eAudiobook;Large Print;Book;eBook","Book::Arcade: FICTION Jenoff, P. - Checked Out,Book::Carmichael: FICTION Jenoff, P. - On Shelf,Book::Central: FICTION Jenoff, P. - On Shelf"
https://catalog.saclibrary.org/GroupedWork/61108497-978e-1816-871f-7894c26adfa1-eng,"How to age disgracefully","Pooley, Clare",9780593831496,,"Thorndike Press, a part of Gale, a Cengage Company; Pamela Dorman Books, Viking; Books on Tape; Penguin Publishing Group",2024,"[New York]; [Waterville, Maine]","eAudiobook;eBook;Large Print;Book","Book::Carmichael: FICTION Pooley, C. - On Hold Shelf,Book::Colonial Heights: FICTION Pooley, C. - Checked Out,Book::Belle Cooledge: FICTION Pooley, C. - Checked Out"
https://catalog.saclibrary.org/GroupedWork/4f99bba3-7662-37c8-25d0-918643e48e46-eng,Medea,Euripides,9781416592235,,"Dover Publications; Interactive Media; Wilder Publications, Inc.; Start Publishing LLC; Dancing Unicorn Books; Otbebookpublishing; Free Press; Neeland Media LLC; G&D Media","2008 - 2022","New York",eBook;Book,"Book::Franklin: 882 E89m 2008 - On Shelf,Book::Pocket-Greenhaven: 882 E89m 2008 - On Shelf"
https://catalog.saclibrary.org/GroupedWork/1d9c17bc-e572-2c9f-9583-c92455abc7c5-eng,"Much ado about nothing","Shakespeare, William, 1564-1616",9780198321477,,"The Folio Society; Dover Publications; Project Gutenberg; Lerner Publishing Group; Oxford University Press; Random House Publishing Group; Penguin Books; Modern Library; Simon and Schuster Paperbacks; Union Square & Co.","1976 - 2018","New York; London; Oxford",eBook;Book,"Book::Carmichael: 822.33 Q1B328 2009 - On Shelf,Book::Central: 822.33 Q1B328 2009 - On Shelf,Book::Belle Cooledge: 822.33 Q1B328 2009 - On Shelf"
https://catalog.saclibrary.org/GroupedWork/29535e29-62e2-54b6-993b-cbe43011bedf-eng,"Darling girls: a novel","Hepworth, Sally",9781250284525,,"St. Martin's Press; St. Martin's Publishing Group; Macmillan Audio; Thorndike Press",2024,"Waterville, Maine; New York; New York, NY","eAudiobook;Audiobook - CD;eBook;Large Print;Book","Book::Arcade: FICTION Hepworth, S. - Checked Out,Book::Central: FICTION Hepworth, S. - On Shelf,Book::Colonial Heights: FICTION Hepworth, S. - Checked Out"
https://catalog.saclibrary.org/GroupedWork/929a71a7-91e3-9731-662b-96689c4011b5-eng,"Beach vibes","Mallery, Susan",9781335402530,,"Canary Street Press; Harlequin Audio; HarlequinAudio; Thorndike Press, a part of Gale, a Cengage company; Harper Audio; Harlequin",2025,"New York, NY; Toronto, Ontario; [Waterville, Maine]","eAudiobook;Audiobook - CD;eBook;Large Print;Book","Book::Arcade: FICTION Mallery, S. - On Shelf,Book::Carmichael: FICTION Mallery, S. - On Shelf,Book::Central: FICTION Mallery, S. - On Shelf"
https://catalog.saclibrary.org/GroupedWork/62ccdbff-9979-81c9-9260-139f06dda75c-eng,"The merchant of Venice","Shakespeare, William, 1564-1616",9780553212990,,"Interactive Media; Wilder Publications, Inc.; GENERAL PRESS; Happy Hour Books; Folio Society; Charnwood; Penguin Books; Simon & Schuster Paperbacks; Otbebookpublishing; Dover Publications; Bantam Books; Ft. Raphael Publishing Company; Saddleback Educational Publishing; Start Publishing LLC; Cambridge University Press; Oxford University Press; Naxos Audiobooks; Shakespeare Stories; Dancing Unicorn Books; Washington Square Press; Modern Library; Neeland Media LLC; G&D Media","1888 - 2024","New York; [S.I.]; New York, N.Y., U.S.A; London; Leicester; Cambridge; Oxford; Toronto",eBook;Book;eAudiobook,"Book::Arcade: 822.33 P3B328 2010 - On Shelf,Book::Carmichael: 822.33 P3B328 2010 - On Shelf,Book::Central: 822.33 P3B328 2010 - On Shelf"
https://catalog.saclibrary.org/GroupedWork/9c686a5e-4f86-b49b-68fe-aa27b0afd982-eng,Macbeth,"Shakespeare, William, (Uiliam), (Vilʹi͡am), 1564-1616",9781910395738,,"L. A. Theatre Works; Project Gutenberg; Avery Hill Publishing; John Wiley & Sons; Thomson Learning; Blackstone Publishing; Penguin Books; Sourcebooks MediaFusion; Union Square & Co.; Dover Publications; Circle Press Publications; L.A. Theatre Works; Modern Library; Yale University Press","1970 - 2023","Los Angeles, CA; New York; New Haven; London; Naperville, Ill; Guildford (Surrey); Hoboken, N.J",eAudiobook;eBook;Book,"Book::Arcade: 822.33 T5B328 2009 - On Shelf,Book::Carmichael: 822.33 T5B328 2009 - On Shelf,Book::Central: 822.33 T5B328 2009 - On Shelf"
https://catalog.saclibrary.org/GroupedWork/3f4a87c2-c955-22a4-9a00-36fc8be7b731-eng,"The glass menagerie","Williams, Tennessee, 1911-1983",9780811214049,,"New Directions; Author's Republic; BN Publishing; L.A. Theatre Works; Harper Audio; HN Publishing","1997 - 2024","New York","eAudiobook;Audiobook - CD;Book;eBook","Book::Central: 812 W727 1999 - On Shelf,Book::Belle Cooledge: 812 W727 1999 - On Shelf,Book::Fair Oaks: 812 W727 1999 - On Shelf"
https://catalog.saclibrary.org/GroupedWork/ee9decb9-604d-8142-f588-d1db4c971ae7-eng,"The tempest","Shakespeare, William, 1564-1616",9781501130014,,"Interactive Media; Wilder Publications, Inc.; GENERAL PRESS; Sheba Blake Publishing; Lumbreras Classics Books; SparkNotes; Folio Society; Blackstone Publishing; Simon & Schuster Paperbacks; Otbebookpublishing; Left of Brain Books; Lerner Publishing Group|Lerner Publishing Group; Dover Publications; Mint Editions; Read Books Ltd.; Saddleback Educational Publishing; Start Publishing LLC; Author's Republic; Oxford University Press; HarperCollins Publishers; Modern Library; Neeland Media LLC","1971 - 2024","New York; Oxford [Oxfordshire]; London; Oxford",eBook;Book;eAudiobook,"Book::Carmichael: 822.33 Q5M936 2015 - On Shelf,Book::Central: 822.33 Q5M936 2015 - On Shelf,Book::Colonial Heights: 822.33 Q5M936 2015 - On Shelf"
https://catalog.saclibrary.org/GroupedWork/3e3fe390-a6ed-bcb9-0600-ceaa1b257d7e-eng,"Cyrano de Bergerac","Rostand, Edmond, 1868-1918",9781593083878,,"Dover Publications; [s.n.]; Start Publishing LLC; Penguin; Independently Published; Dreamscape Media; Berkley/First Pub; L.A. Theatre Works; Barnes & Noble Classics; Classics Illustrated Comics","1921 - 2024","New York; [s.l.]; New York, N.Y; London; [Venice, California]; TR",eAudiobook;eBook;Book,"Book::Carmichael: 842.8 R839 2006 - Checked Out,Book::Central: 842.8 R839 2006 - On Shelf,Book::Valley Hi-North Laguna: 842.8 R839 2006 - On Shelf"
https://catalog.saclibrary.org/GroupedWork/4ad48c6f-0f59-d467-0415-b92901e0276d-eng,"One big happy family","Mallery, Susan",9781335008404,,"Canary Street Press; HarlequinAudio; Thorndike Press; Harlequin",2024,"Waterville, Maine; Toronto, Ontario, Canada","eAudiobook;Large Print;eBook;Book","Book::Arcade: FICTION Mallery, S. - On Shelf,Book::Carmichael: FICTION Mallery, S. - On Shelf,Book::Central: FICTION Mallery, S. - On Shelf"
https://catalog.saclibrary.org/GroupedWork/b301b20e-cb27-5117-e7a6-96a2b582b4ae-eng,"A Far-flung Life","Stedman, M.L",9781668219614,,"Thorndike Press, a part of Gale, a Cengage Company; Simon & Schuster Audio; Scribner",2026,"New York; [Waterville, Maine]","eAudiobook;eBook;Large Print;Book","Book::Carmichael: FICTION Stedman, M. - On Shelf,Book::Central New Books - 4th Floor: FICTION Stedman, M. - Checked Out,Book::Fair Oaks: FICTION Stedman, M. - Checked Out"
https://catalog.saclibrary.org/GroupedWork/e3771f99-5244-1908-932f-856e69fc2364-eng,"The seaside library","Novak, Brenda",9780778333517,,"MIRA Books; HarlequinAudio; Thorndike Press, a part of Gale, a Cengage company; Mira",2023,"Toronto, Ontario, Canada; Waterville, ME","eAudiobook;Large Print;Book;eBook","Book::Arcade: FICTION Novak, B. - On Shelf,Book::Central: FICTION Novak, B. - On Shelf,Book::Belle Cooledge: FICTION Novak, B. - On Shelf"
https://catalog.saclibrary.org/GroupedWork/9881e66b-b220-0ac6-55c3-f117d0738abb-eng,"The summer book club","Mallery, Susan",9781335448668,,"Thorndike Press, a part of Gale, a Cengage Company; Canary Street Press; HarlequinAudio; Harlequin",2024,"Toronto, Ontario, Canada; [Waterville, Maine]","eAudiobook;Large Print;Book;eBook","Book::Central: FICTION Mallery, S. - On Shelf,Book::Courtland: FICTION Mallery, S. - On Shelf,Book::Elk Grove: FICTION Mallery, S. - On Shelf"
https://catalog.saclibrary.org/GroupedWork/2a6b3715-e05c-a1ef-2c71-436f0e64bbf0-eng,Voyage,"Stoppard, Tom",9780802140043,,"Grove Press; Grove Atlantic",2003,"New York",eBook;Book,"Book::Central: 822 S883c 2003 - On Shelf"
https://catalog.saclibrary.org/GroupedWork/aff13088-7f30-46a7-9fbc-abd4773903f9-eng,"The new couple in 5B: a novel","Unger, Lisa, 1970-",9780778333340,,"Thorndike Press, a part of Gale, a Cengage Company; Harlequin Audio; Park Row Books; HarlequinAudio",2024,"Toronto, Ontario, Canada; [Waterville, Maine]; [Don Mills, Ontario, Canada]","eAudiobook;Audiobook - CD;eBook;Large Print;Book","Book::Arcade: FICTION Unger, L. - Checked Out,Book::Central: FICTION Unger, L. - On Shelf,Book::Colonial Heights: FICTION Unger, L. - On Shelf"
https://catalog.saclibrary.org/GroupedWork/15020f27-44a3-23bc-6a35-13a093b68048-eng,"Close your eyes and count to 10","Unger, Lisa, 1970-",9780778333364,,"Thorndike Press, a part of Gale, a Cengage Company; Harlequin Audio; Park Row Books; HarlequinAudio",2025,"Toronto, Ontario; [Waterville, Maine]","eAudiobook;Large Print;eBook;Book","Book::Arcade: FICTION Unger, L. - On Shelf,Book::Carmichael: FICTION Unger, L. - On Shelf,Book::Central: FICTION Unger, L. - On Shelf"
https://catalog.saclibrary.org/GroupedWork/baee5383-a3d9-a6b6-2748-62be9d552bc6-eng,"Fight or flight","Michaels, Fern",9781496746818,,"Thorndike Press, a part of Gale, a Cengage Company; Recorded Books, Inc.; Zebra Books; Kensington Publishing Corp",2025,"New York, NY; [Waterville, Maine]","eAudiobook;Large Print;Book;eBook","Book::Arcade: FICTION Michaels, F. - Checked Out,Book::Central: FICTION Michaels, F. - On Shelf,Book::Colonial Heights: FICTION Michaels, F. - On Shelf"
https://catalog.saclibrary.org/GroupedWork/424ad4d7-3115-37a5-5e12-90dbe7d86ad5-eng,"As you like it","Shakespeare, William, 1564-1616",9781982109400,,"Dover Publications; Saddleback Educational Publishing; GENERAL PRESS; Oxford University Press; Duke Classics; H. H. Furnes; L.A. Theatre Works; Simon & Schuster Paperbacks; Washington Square Press; Penguin Books; Modern Library","1890 - 2019","New York; Oxford; [Venice, California]",eAudiobook;eBook;Book,"Book::Carmichael: 822.33 O3B328 2010 - On Shelf,Book::Central: 822.33 O3B328 2010 - On Shelf,Book::Colonial Heights: 822.33 O3B328 2010 - Checked Out"
https://catalog.saclibrary.org/GroupedWork/a93ec1e5-4df6-4381-69f3-7541ae8aff3e-eng,"The rivals","Sheridan, Richard Brinsley, 1751-1816",9780486404332,,"L. A. Theatre Works; Dover Publications; L.A. Theatre Works; Neeland Media LLC","1998 - 2012","Los Angeles, CA; Mineola, N.Y",eAudiobook;eBook;Book,"Book::Central: 822.6 S552 1998 - On Shelf"
https://catalog.saclibrary.org/GroupedWork/59e4290f-e65f-73a8-4c29-6de84bf40ad0-eng,"The two gentlemen of Verona","Shakespeare, William, 1564-1616",9780521446037,,"The Folio Society; Interactive Media; Wilder Publications, Inc.; Project Gutenberg; Caedmon; Blackstone Publishing; Dover Publications; Read Books Ltd.; Start Publishing LLC; Audio Partners; Cambridge University Press; Shakespeare Stories; HarperCollins Publishers; Neeland Media LLC","1974 - 2020","New York; Auburn, CA; London; Cambridge","Audiobook - CD;eBook;Book;eAudiobook","Book::Sacramento Room: SPE 090 F6652 1974s BAC - Library Use Only,Book::Central: 822.33 R1G449 1994 - Checked Out"
https://catalog.saclibrary.org/GroupedWork/8efbc36b-4bc2-7369-4495-97396b834950-eng,"The iceman cometh","O'Neill, Eugene, 1888-1953",9780375709173,,"Vintage International; Yale University Press","1999 - 2020","New York; New Haven",Book,"Book::Central: 812.52 O58 2020 - On Shelf,Book::Belle Cooledge: 812.52 O58 2020 - On Shelf,Book::Galt: 812.52 O58 2020 - On Shelf"
https://catalog.saclibrary.org/GroupedWork/1e1362db-f5e3-6ec4-637f-ea28d76dd453-eng,"Christmas presents: a novella","Unger, Lisa, 1970-",9781613164518,,"Highbridge Company; The Mysterious Press; Thorndike Press, a part of Gale, a Cengage company; HighBridge Company",2023,"New York; [Thorndike, Maine]","eAudiobook;Large Print;Book;eBook","Book::Arcade: FICTION Unger, L. - On Shelf,Book::Central: FICTION Unger, L. - On Shelf,Book::Colonial Heights: FICTION Unger, L. - On Shelf"
https://catalog.saclibrary.org/GroupedWork/67f548f6-c3f3-aad3-5ed0-5e323ad7a94a-eng,"Antony and Cleopatra","Shakespeare, William, 1564-1616",9780198320579,,"Project Gutenberg; Oxford University Press; Modern Language Association of America; Vintage Books; Duke Classics; Blackstone Publishing; Random House Publishing Group; Washington Square Press; Penguin Books; Sweet Cherry Publishing","1967 - 2020","New York; New York, N.Y; [New York, N.Y.]; Leicester, United Kingdom; Oxford",eBook;Book;eAudiobook,"Book::Carmichael: 822.33 S1B825 1999 - Checked Out,Book::Elk Grove: 822.33 S1B825 1999 - On Shelf,Book::Folsom Adult: 822.33 Antony - On Shelf"
https://catalog.saclibrary.org/GroupedWork/9892ff29-39bd-b751-335e-475e7da3952b-eng,"Who's afraid of Virginia Woolf?: a play","Albee, Edward, 1928-2016",9780451218599,,"New American Library",2005,"New York",Book,"Book::Central: 812 A328w 2005 - Checked Out,Book::Franklin: 812 A328w 2005 - On Shelf,Book::North Natomas: 812 A328w 2005 - On Shelf"
https://catalog.saclibrary.org/GroupedWork/30629a3b-f0d1-97b0-32a6-ec549d4ea499-eng,"King Lear","Shakespeare, William, 1564-1616",9780486280585,,"Project Gutenberg; Naxos AudioBooks; Recorded Books; Barron's; SmartPass; D. C. Heath and Co; Dreamscape Media; David Magee; Blackstone Publishing; Sourcebooks MediaFusion; Dover Publications; Circle Press Publications; Saddleback Educational Publishing; Cambridge University Press; Naxos Audiobooks; The University Society; Penguin Publishing Group","1901 - 2018","San Francisco; New York; Guildford [Eng.]; Prince Frederick, MD; New York, NY; Naperville, Ill; [Brighton, England]; Cambridge [England]; Woodbury, N.Y; Boston","eAudiobook;Audiobook - CD;eBook;Book","Book::Rio Linda: 822.33 T3B162 1996 - On Shelf,Book::Sacramento Room: OVERSIZE 090 M191 1930s BAC - Library Use Only,Book::Sacramento Room: SPE f 090 C578 1973s BAC - Library Use Only"
https://catalog.saclibrary.org/GroupedWork/c0db76fc-93cb-2f36-3e0d-65a230bbe149-eng,"On a night of a thousand stars","Clark, Andrea Yaryura",9781538720295,,"Hachette Audio; Grand Central Publishing",2022,"New York",eAudiobook;Book;eBook,"Book::Carmichael: FICTION Clark, A. - Checked Out,Book::Central: FICTION Clark, A. - On Shelf,Book::Belle Cooledge: FICTION Clark, A. - On Shelf"
https://catalog.saclibrary.org/GroupedWork/b64c7f4f-8028-af1e-1179-a68ae53848a5-eng,"Summers at the Saint","Andrews, Mary Kay, 1954-",9781250278388,,"St. Martin's Press; St. Martin's Publishing Group; Thorndike Press, a part of Gale, a Cengage company; Macmillan Audio",2024,"New York; New York, NY; [Waterville, Maine]","eAudiobook;Audiobook - CD;eBook;Large Print;Book","Book::Central: FICTION Andrews, M. - On Shelf,Book::Fair Oaks: FICTION Andrews, M. - On Shelf,Book::South Natomas: FICTION Andrews, M. - On Shelf"
https://catalog.saclibrary.org/GroupedWork/3b13b79e-0e1b-db5e-67b0-362ada1efb0c-eng,"Remember that day: a Ravenswood novel","Balogh, Mary",9780593818084,,"Thorndike Press, a part of Gale, a Cengage Company; Recorded Books, Inc.; Berkley; Penguin Publishing Group",2026,"New York; [Waterville, Maine]","eAudiobook;Large Print;Book;eBook","Book::Carmichael: FICTION Balogh, M. - Checked Out,Book::Central New Books - 4th Floor: FICTION Balogh, M. - On Shelf,Book::Belle Cooledge: FICTION Balogh, M. - On Shelf"
https://catalog.saclibrary.org/GroupedWork/54df25f3-cd3d-1e12-0a39-7e5de29090b6-eng,Dramacon,"Chmakova, Svetlana, 1979-",9781427864062,,Tokyopop,2020,"Los Angeles","Graphic Novel/Manga",
https://catalog.saclibrary.org/GroupedWork/878f41fa-b7c9-fbb8-0c4c-eb2d18218f66-eng,"Disgraced: a play","Akhtar, Ayad",9780316324465,,"Back Bay Books/Little, Brown and Co; Hachette Audio; Little, Brown and Company",2013,"New York, NY",eBook;Book;eAudiobook,"Book::Central: FICTION Akhtar, A. - On Shelf"
https://catalog.saclibrary.org/GroupedWork/0e6c597d-e25d-27b9-18e3-e01c29af3e93-eng,"Just once: [a love story]","Kingsbury, Karen",9781982104443,,"Thorndike Press, a part of Gale, a Cengage Company; Simon & Schuster Audio; Atria Books",2023,"New York; [Waterville, Maine]","eAudiobook;Large Print;Book;eBook","Book::Carmichael: FICTION Kingsbury, K. - On Shelf,Book::Central: FICTION Kingsbury, K. - On Shelf,Book::Franklin: FICTION Kingsbury, K. - On Shelf"
https://catalog.saclibrary.org/GroupedWork/31707163-53a7-5846-0fb7-dc77832a848f-eng,"Angels in America: a gay fantasia on national themes","Kushner, Tony",9781559363952,,"Theatre Communications Group; Books on Tape","2013 - 2019","New York",eAudiobook;eBook;Book,"Book::North Sacramento-Hagginwood: 812.54 K972 2013 - Checked Out,Book::Pocket-Greenhaven: 812.54 K972 2013 - On Shelf"
https://catalog.saclibrary.org/GroupedWork/bdb65a7a-8bda-04ac-8b0b-a87287454a0c-eng,"The heart of winter: a novel","Evison, Jonathan",9780593473542,,"Dutton; Thorndike Press, a part of Gale, a Cengage Company; Penguin Publishing Group; Books on Tape",2025,"[New York]; [Waterville, ME]","eAudiobook;Large Print;Book;eBook","Book::Carmichael: FICTION Evison, J. - On Shelf,Book::Central: FICTION Evison, J. - On Shelf,Book::Colonial Heights: FICTION Evison, J. - On Shelf"
https://catalog.saclibrary.org/GroupedWork/a9125290-7f39-0acc-7b2e-ccbdcebb32da-eng,"The hungry woman","Moraga, Cherríe",9780970534408,,"Alexander Street Press; West End Press; Distributed by University of New Mexico Press","2001 - 2004","Alexandria, VA; Albuquerque, N.M",eBook;Book,"Book::Central: 812.54 M827h 2001 - On Shelf,Book::McKinley: 812.54 M827h 2001 - On Shelf"
https://catalog.saclibrary.org/GroupedWork/3ca5fcc9-7326-d9fd-f3ac-bd4a621fc58c-eng,Salvage,"Stoppard, Tom",9780802140067,,"Grove Press; Grove Atlantic",2003,"New York",eBook;Book,"Book::Central: 822 S883c3 2003 - On Shelf"
https://catalog.saclibrary.org/GroupedWork/97cda841-3f0b-d4b9-1e5d-b41ba5eafaad-eng,Sweat,"Nottage, Lynn",9781559365710,,"Theatre Communications Group",2017,"New York, NY",eBook;Book,"Book::Arcade: 812.54 N918 2017 - On Shelf,Book::Central: 812.54 N918 2017 - On Shelf,Book::North Natomas: 812.54 N918 2017 - On Shelf"
https://catalog.saclibrary.org/GroupedWork/9d14bb93-e108-16c1-40fb-cb02cae534ca-eng,Copenhagen,"Frayn, Michael",9780385720793,,"Anchor Books; Knopf Doubleday Publishing Group; L.A. Theatre Works","2000 - 2012","New York",eAudiobook;Book;eBook,
https://catalog.saclibrary.org/GroupedWork/2f634231-a919-5aa4-3e43-2beab15c9554-eng,"The sequel","Korelitz, Jean Hanff, 1961-",9781250875471,,"Celadon Books; Macmillan Audio; Thorndike Press",2024,"New York; [Waterville, ME]","eAudiobook;Large Print;eBook;Book","Book::Arcade: FICTION Korelitz, J. - On Shelf,Book::Carmichael: FICTION Korelitz, J. - On Shelf,Book::Central: FICTION Korelitz, J. - On Shelf"
https://catalog.saclibrary.org/GroupedWork/f9dc9855-cbef-4b86-babc-38f87be9d8f4-eng,"Dying city","Shinn, Christopher",9781559363297,,"Theatre Communications Group",2008,"New York",eBook;Book,"Book::Sylvan Oaks: 812.54 S556 2008 - On Shelf"
https://catalog.saclibrary.org/GroupedWork/acda9498-fd17-4f1e-c01c-abdfd7dc1d9c-eng,"The Master and Margarita","Bulgakov, Mikhail, 1891-1940",9780141180144,,"Recorded Books, Inc.; Abrams; Naxos AudioBooks; Penguin; Harper & Row; Naxos Audiobooks; L.A. Theatre Works; Penguin Books; Grove Atlantic; Penguin Publishing Group; RosettaBooks","1967 - 2021","New York; Los Angeles, Calif; London",eAudiobook;eBook;Book,"Book::Arcade: FICTION Bulgakov, M. - On Shelf,Book::Carmichael: FICTION Bulgakov, M. - Checked Out,Book::Central: FICTION Bulgakov, M. - On Shelf"
https://catalog.saclibrary.org/GroupedWork/dbe7183d-9017-7872-8ce3-0937dbab0101-eng,"Buchanan dying: a play","Updike, John",9780394490427,,"Knopf ; distributed by Random House; Random House Publishing Group","1974 - 2013","New York",eBook;Book,"Book::Central: 812 U66 - On Shelf"
https://catalog.saclibrary.org/GroupedWork/ec87aa99-1746-7525-2178-e7a8b7ebfa0b-eng,"Lost in Yonkers","Simon, Neil",9780679408901,,"Random House; L.A. Theatre Works","1991 - 2002","New York; Los Angeles, Calif",eAudiobook;Book,"Book::Central: 812 S595L 1991 - On Shelf,Book::Sutter County Main Branch: 812 SIM - On Shelf"
https://catalog.saclibrary.org/GroupedWork/a94dfa7f-0b1d-613e-f6a6-266da2e4d5f1-eng,"Any dream will do: a novel","Macomber, Debbie",9780399181191,,"Ballantine Books; Random House Large Print; Random House Publishing Group; Books on Tape; Random House Audio","2017 - 2018","New York; [New York]; [New York, NY]","eAudiobook;Audiobook - CD;eBook;Large Print;Book","Book::Arcade: FICTION Macomber, D. - On Shelf,Book::Central: FICTION Macomber, D. - On Shelf,Book::Belle Cooledge: FICTION Macomber, D. - On Shelf"
https://catalog.saclibrary.org/GroupedWork/33b06392-cf9e-ab1e-96a9-4e49dfc5092f-eng,"Rosencrantz & Guildenstern are dead","Stoppard, Tom",9780802126214,,"Grove Press, an imprint of Grove Atlantic; L.A. Theatre Works; Grove Atlantic","2007 - 2022","New York, NY",eAudiobook;eBook;Book,
https://catalog.saclibrary.org/GroupedWork/be396b8d-81f7-9b29-5e82-83091f911a78-eng,"Richard III","Shakespeare, William, 1564-1616",9781402207785,,"Dover Publications; Interactive Media; Project Gutenberg; Blackstone Publishing; HarperCollins Publishers; Modern Library; Neeland Media LLC; Sourcebooks MediaFusion","2006 - 2020","New York; Naperville, Ill",eBook;Book;eAudiobook,"Book::Carmichael: 822.33 X5B328 2008 - On Shelf,Book::Central: 822.33 X5B328 2008 - On Shelf,Book::Colonial Heights: 822.33 X5B328 2008 - On Shelf"
https://catalog.saclibrary.org/GroupedWork/fb945dc4-855c-a248-caa6-fa7cfdba41fd-eng,"My name is Lucy Barton: a novel","Strout, Elizabeth",9781400067695,,"Random House; Random House Publishing Group; Books on Tape; Center Point Large Print; Random House Audio","2016 - 2020","New York; Thorndike, Maine; [Westminster, MD]","eAudiobook;Audiobook - CD;eBook;Large Print;Book","Book::Arcade: FICTION Strout, E. - On Shelf,Book::Belle Cooledge: FICTION Strout, E. - In Transit,Book::Fair Oaks: FICTION Strout, E. - Checked Out"
https://catalog.saclibrary.org/GroupedWork/bed5e63a-2e3f-fcc9-9044-74436a7ebccf-eng,"Plaza suite","Simon, Neil",9781580814959,,"Random House; L.A. Theatre Works","1969 - 2001","New York; Los Angeles, Calif",eAudiobook;Book,"Book::Central: 812 S595p - On Shelf"
https://catalog.saclibrary.org/GroupedWork/f5929738-54cc-e8a8-0d7d-d48d6e9851d2-eng,Lysistrata,Aristophanes,9780451531247,,"Signet Classic; Signet Classics; Interactive Media; Wilder Publications, Inc.; Project Gutenberg; HarperCollins Canada; Duke Classics; Blackstone Publishing; Open Road Media; Otbebookpublishing; Mint Editions; Start Publishing LLC; Neeland Media LLC","2001 - 2021","New York",eBook;Book;eAudiobook,"Book::South Natomas: 882 A717L 2009 - On Shelf,Book::Carmichael: 882 A717L 2001 - On Shelf"
https://catalog.saclibrary.org/GroupedWork/3ed878fe-a9f1-084a-4dfc-98668637307a-eng,"Wit: a play","Edson, Margaret, 1961-",9780571198771,,"Faber and Faber; Farrar, Straus and Giroux","1999 - 2014","New York",eBook;Book,"Book::Carmichael: 812.54 E24 1999 - On Shelf,Book::Central: 812.54 E24 1999 - On Shelf"
https://catalog.saclibrary.org/GroupedWork/f31a1cf2-83c4-f36d-46cd-585bfeaf7bcb-eng,"Tempest Runner","Scott, Cavan",9780593358993,,"Del Rey; Books on Tape","2021 - 2022","New York",eAudiobook;Book,"Book::Central: SCIENCE FICTION Scott, C. - On Shelf,Book::Fair Oaks: SCIENCE FICTION Scott, C. - On Shelf,Book::McKinley: SCIENCE FICTION Scott, C. - On Shelf"
https://catalog.saclibrary.org/GroupedWork/b0248136-5f48-bd4f-b4e5-fb9b5c34a6f1-eng,"The collected plays of Paul Rudnick","Rudnick, Paul",9780061780202,,"it books/HarperCollins Publishers; HarperCollins",2010,"New York, NY",eBook;Book,"Book::Central: 812.54 R916c 2010 - On Shelf,Book::South Natomas: 812.54 R916c 2010 - On Shelf"
https://catalog.saclibrary.org/GroupedWork/25d0b233-73f4-756e-ad4f-6c12574526fd-eng,"Waiting for Godot: tragicomedy in 2 acts","Beckett, Samuel, 1906-1989",9780802130341,,"Grove Press","1956 - 2011","New York",Book,"Book::Carmichael: 842 B396 1982 - Checked Out,Book::Del Paso Heights: 842 B396 1982 - Checked Out,Book::Fair Oaks: 842 B396 1982 - Checked Out"
https://catalog.saclibrary.org/GroupedWork/fe6fd1f3-72de-5419-8a15-5b684191ff06-eng,"The plot","Korelitz, Jean Hanff, 1961-",9781250790767,,"Celadon Books; Macmillan Audio; Wheeler Publishing, a part of Gale, a Cengage Company",2021,"[New York]; New York, NY; Waterville, ME","eAudiobook;Audiobook - CD;Large Print;Book;eBook","Book::Arcade: FICTION Korelitz, J. - On Shelf,Book::Carmichael: FICTION Korelitz, J. - Checked Out,Book::Central: FICTION Korelitz, J. - On Shelf"
https://catalog.saclibrary.org/GroupedWork/f3add381-ddbb-1070-0a24-83c3fb0d928d-eng,"Evil under the sun: a Hercule Poirot mystery","Christie, Agatha, 1890-1976",9781579126285,,"BBC Worldwide Ltd; Distributed by Workman Pub. Co; Dodd, Mead; Black Dog & Leventhal Publishers; BBC Audiobooks America; HarperCollins; HarperAudio; Ulverscroft","1971 - 2012","New York; Leicester [Eng.]; London; Hampton, NH","eAudiobook;Audiobook - CD;Book;eBook","Book::Central: MYSTERY Christie, A. - On Shelf,Book::Colonial Heights: MYSTERY Christie, A. - Checked Out,Book::Belle Cooledge: MYSTERY Christie, A. - In Transit"
https://catalog.saclibrary.org/GroupedWork/598e7e41-de7c-5ec6-97ae-495fb5a45b89-eng,"William Shakespeare's much ado about mean girls","Doescher, Ian",9781683691174,,"Quirk Books; Books on Tape",2019,Philadelphia,eAudiobook;Book;eBook,"Book::Franklin Teen: TEEN FICTION Doescher, I. - On Shelf,Book::Valley Hi-North Laguna Teen Area: TEEN FICTION Doescher, I. - On Shelf"
https://catalog.saclibrary.org/GroupedWork/61eaafe0-3df8-be57-6c78-484ca7ef6c55-eng,"The member of the wedding","McCullers, Carson, 1917-1967",9780618492398,,"Houghton Mifflin; HarperCollins; L.A. Theatre Works; Mariner Books","1946 - 2004","Los Angeles, Calif; Boston",eAudiobook;eBook;Book,
https://catalog.saclibrary.org/GroupedWork/5f19de6e-da0a-b484-f115-d5a493e2aca1-eng,"Ideal: the novel and the play","Rand, Ayn",9780451475558,,"New American Library; Blackstone Publishing","2015 - 2016","New York",eAudiobook;Book,"Book::Carmichael: 813.54 R186 2015 - On Shelf,Book::Central: 813.54 R186 2015 - On Shelf,Book::Valley Hi-North Laguna: 813.54 R186 2015 - On Shelf"
https://catalog.saclibrary.org/GroupedWork/8a3166c7-556c-0a5f-53b1-03fafb212d32-eng,"Two trains running: 1969","Wilson, August",9781559363037,,"Compass, distributor]; Theatre Communications Group",2007,"New York; [London",Book,"Book::Central: 812.54 W746t 2007 - On Shelf"
https://catalog.saclibrary.org/GroupedWork/8934ad01-8256-c631-4c22-55589ede89e9-eng,Shipwreck,"Stoppard, Tom",9780802140050,,"Grove Press",2003,"New York",Book,"Book::Central: 822 S883c2 2003 - On Shelf"
https://catalog.saclibrary.org/GroupedWork/1c64e325-9d98-7bdf-a55a-78589d2989d8-eng,"Racketty-packetty house","Burnett, Frances Hodgson, 1849-1924",9780397316427,,"Wilder Publications, Inc.; Project Gutenberg; Start Publishing LLC; Alexander Street Press; Lippincott; Blackstone Publishing; Neeland Media LLC","1975 - 2022","Alexandria, VA; Philadelphia",eBook;Book;eAudiobook,
https://catalog.saclibrary.org/GroupedWork/f1ef3d19-23bc-9dbb-294e-b06bf0c7a4ea-eng,"Inherit the wind","Lawrence, Jerome, 1915-2004",9780345501035,,"Ballantine Books",2007,"New York",Book,"Book::Carmichael: 812 L421 2007 - On Shelf,Book::Central: 812 L421 2007 - On Shelf,Book::North Natomas: 812 L421 2007 - On Shelf"
https://catalog.saclibrary.org/GroupedWork/cbf9a285-c800-b9ef-0de0-2e9473b051b7-eng,"There are no saints","Lark, Sophie",9781728294247,,"Bloom Books",2023,"Naperville, Illinois",Book,"Book::Carmichael: FICTION Lark, S. - On Shelf,Book::Central: FICTION Lark, S. - On Shelf,Book::Fair Oaks: FICTION Lark, S. - On Shelf"
https://catalog.saclibrary.org/GroupedWork/55f2baea-788f-9ddb-93c4-3f09c9d449a0-eng,"Henry IV, part II","Shakespeare, William, 1564-1616",9780812969252,,"Dover Publications; Read Books Ltd.; Modern Library; Neeland Media LLC","2009 - 2019","New York",eBook;Book,"Book::Carmichael: 822.33 W1B328 2009 - On Shelf,Book::Colonial Heights: 822.33 W1B328 2009 - On Shelf,Book::Elk Grove: 822.33 W1B328 2009 - On Shelf"
https://catalog.saclibrary.org/GroupedWork/0485721f-e3cc-19b6-585c-b77b330fe98c-eng,"Henry V","Shakespeare, William, 1564-1616",9781411401037,,"Broadview Press; Interactive Media; SparkNotes; Blackstone Publishing; Dover Publications; Read Books Ltd.; Ft. Raphael Publishing Company; BBC Audiobooks America; Audio Partners; Distributed by Recorded Books]; SmartPass, Ltd. [producer]; Naxos Audiobooks; Bantam; Neeland Media LLC","1988 - 2024","New York; Auburn, CA; [Prince Frederick, Md; Peterborough, Ontario; Hampton, NH; [Brighton, England]; Toronto","eAudiobook;Audiobook - CD;eBook;Book","Book::Carmichael: 822.33 W3C953 2004 - On Shelf,Book::Elk Grove: 822.33 W3C953 2004 - On Shelf,Book::Sylvan Oaks: 822.33 W3C953 2004 - On Shelf"
https://catalog.saclibrary.org/GroupedWork/5bd54ba5-0ec4-02f8-9860-0b8467581d8f-eng,"Richard II","Shakespeare, William, 1564-1616",9780812969306,,"Lerner Publishing Group|Lerner Publishing Group; Saland Publishing; Interactive Media; Project Gutenberg; Blackstone Publishing; Modern Library","2005 - 2015","New York",eAudiobook;eBook;Book,
https://catalog.saclibrary.org/GroupedWork/c5557903-aec7-c884-cd24-f8918d1d728f-eng,"Winesburg, Ohio","Anderson, Sherwood, 1876-1941",9780375753138,,"Tantor Media, Inc.; Recorded Books, Inc.; Start Publishing LLC; Alexander Street Press; Sheba Blake Publishing; Blackstone Publishing; Penguin Publishing Group; Modern Library; Left of Brain Books","1992 - 2023","Alexandria, VA; New York",eBook;Book;eAudiobook,"Book::Rio Linda: FICTION Anderson, S. - On Shelf"
https://catalog.saclibrary.org/GroupedWork/87d0f036-ea96-13b9-5e7a-e390df44b2fe-eng,"Sir Thomas More","Munday, Anthony, 1553-1633",9781904271482,,"Arden Shakespeare",2011,London,Book,"Book::Central: 822.33 S527 2011 - On Shelf"
https://catalog.saclibrary.org/GroupedWork/2abf501d-1eef-5015-fd96-893a909eee6d-eng,"Complete plays: Volume IV, 2007-2012","Rebeck, Theresa",9781575257969,,"Smith & Kraus, Inc",2013,"Hanover, N.H",Book,"Book::Central: 812.6 R289 2013 - On Shelf"
https://catalog.saclibrary.org/GroupedWork/5d74a5f3-6a90-73a6-e9ae-88a701a2b9ea-eng,"Henry VI: Part 1","Shakespeare, William, 1564-1616",9780671722661,,"Interactive Media; Project Gutenberg; Phoemixx Classics Ebooks; Blackstone Publishing; Neeland Media LLC; Washington Square Press, a division of Simon & Schuster, Inc","2006 - 2021","New York",eBook;Book;eAudiobook,
https://catalog.saclibrary.org/GroupedWork/a0084cf1-e704-f2a8-a2c8-4f0781aa43af-eng,"A doll's house: Part 2","Hnath, Lucas",9781559365826,,"Theatre Communications Group",2018,"New York",Book,"Book::Central: 812.6 H677 2018 pt.2 - On Shelf,Book::North Natomas: 812.6 H677 2018 pt.2 - On Shelf"
https://catalog.saclibrary.org/GroupedWork/395a7c3d-a643-3797-44a4-6c79275145e2-eng,"Romeo y Julieta","Shakespeare, William, 1564-1616",9788420484662,,Alfaguara,2019,Barcelona,Book,"Book::Rancho Cordova: SPANISH TEEN 822.33 U3J41 2019 - On Shelf"
https://catalog.saclibrary.org/GroupedWork/408ace52-f8e4-11c1-71ce-62d3ef69058c-eng,"Watsonville: some place not here ; Circle in the dirt : el pueblo de East Palo Alto","Moraga, Cherríe",9780970534453,,"West End Press",2002,"Albuquerque, N.M",Book,"Book::Central: 812.54 M827w 2002 - On Shelf,Book::Sylvan Oaks: 812.54 M827w 2002 - On Shelf"
https://catalog.saclibrary.org/GroupedWork/4833ebd4-f18e-d974-7c21-fbff38060f2a-eng,"City of trees: a play","Crystal, Johanna",9781952337352,,"I Street Press",2021,"Sacramento, CA",Book,"Book::Central I Street Press - 2nd Floor: FICTION Crystal, J. - On Shelf,Book::Sacramento Room: FICTION Crystal, J. SAA - Library Use Only"
https://catalog.saclibrary.org/GroupedWork/331167d2-c4a3-fc27-ce30-fa7e49b34cd1-eng,"The last night of Ballyhoo","Uhry, Alfred",9781559361408,,"Theatre Communications Group",1997,"New York",Book,"Book::Central: 812.54 U31L 1997 - On Shelf"
https://catalog.saclibrary.org/GroupedWork/74409a8c-38e0-8e6d-7b8f-775d3912874d-eng,"Strange and separate people","Marans, Jon",9780822225577,,"Dramatists Play Service",2012,"New York",Book,"Book::Central: 812 M311 2012 - On Shelf"
https://catalog.saclibrary.org/GroupedWork/368d72e1-556f-9801-80ac-9971e32ec031-eng,"American appetites","Oates, Joyce Carol, 1938-",9780062269232,,"Recorded Books, Inc.; Ecco, an imprint of HarperCollinsPublishers; HarperCollins; L.A. Theatre Works","1996 - 2014","Los Angeles, CA; Los Angeles, Calif; New York, NY","eAudiobook;Audiobook - CD;eBook;Book","Book::Central: FICTION Oates, J. - On Shelf,Book::McKinley: FICTION Oates, J. - On Shelf"
https://catalog.saclibrary.org/GroupedWork/e988d17f-0301-f276-bc3e-ff6e09f50857-eng,"Tiny little thing","Williams, Beatriz",9780399171307,,"G.P. Putnams Sons; Thorndike Press; Books on Tape; Penguin Audio; Penguin Publishing Group",2015,"Waterville, Maine; New York; [Westminster, MD]","eAudiobook;Audiobook - CD;Large Print;Book;eBook","Book::Central: FICTION Williams, B. - On Shelf,Book::Franklin: FICTION Williams, B. - On Shelf,Book::McKinley: FICTION Williams, B. - On Shelf"
https://catalog.saclibrary.org/GroupedWork/24cbad37-dc47-616c-1c3b-e737d567654c-eng,"Stuff happens","Hare, David, 1947-",9780571226061,,"Faber and Faber",2004,"New York",Book,"Book::Central: 822 H274s 2004 - On Shelf,Book::McKinley: 822 H274s 2004 - On Shelf"
https://catalog.saclibrary.org/GroupedWork/0dd1fa3b-c194-dd16-609b-717dda97cb79-eng,"A taste of honey: a play","Delaney, Shelagh, 1939-2011",9780394174808,,"Grove Press, Inc",1959,"New York",Book,"Book::Central: 822.914 D337 1959 - On Shelf"
https://catalog.saclibrary.org/GroupedWork/a83b3db3-7a14-ab1d-f2c5-d533a69ec401-eng,"King Richard II","Shakespeare, William, 1564-1616",9781627557115,,"The Folio Society; Dover Publications; Wilder Publications, Inc.; Project Gutenberg","1958 - 2015",London,eBook;Book,"Book::Sacramento Room: SPE 090 F6652 1958s BAC - Library Use Only"
https://catalog.saclibrary.org/GroupedWork/5e1b672d-530c-d733-91c6-4c37839972dd-eng,Admissions,"Harmon, Joshua Elias",9780573707483,,"Samuel French",2019,"United States",Book,"Book::Central: 812.6 H288 2019 - On Shelf,Book::South Natomas: 812.6 H288 2019 - On Shelf,Book::Rio Linda: 812.6 H288 2019 - OFF CAMPUS"
https://catalog.saclibrary.org/GroupedWork/59bb12eb-8eb5-8087-8652-786604ab349a-eng,"The white card: a play in one act","Rankine, Claudia, 1963-",9781555978396,,"Graywolf Press",2019,"Minneapolis, Minnesota",Book,"Book::Central: 812 R211 2019 - On Shelf,Book::Belle Cooledge: 812 R211 2019 - Checked Out"
https://catalog.saclibrary.org/GroupedWork/43a8c1cc-3de4-2ffe-5de2-20c362ab77bf-eng,"This story might save your life: a novel","Crum, Tiffany",9781250395238,,"Thorndike Press, a part of Gale, a Cengage Company; Pine & Cedar; Macmillan Audio; Flatiron Books",2026,"New York; [Waterville, Maine]","eAudiobook;eBook;Large Print;Book","Book::Central New Books - 4th Floor: FICTION Crum, T. - Checked Out,Book::Fair Oaks: FICTION Crum, T. - Checked Out,Book::McKinley: FICTION Crum, T. - On Hold Shelf"
https://catalog.saclibrary.org/GroupedWork/708c3aa8-abf9-b35c-87b5-a56b405bbd69-eng,"The Theban plays",Sophocles,9780679431329,,Knopf,1994,"New York",Book,"Book::Franklin: 882.01 S712 1994 - On Shelf"
https://catalog.saclibrary.org/GroupedWork/9f8c0f02-2b94-c58b-cfe4-d3ff9335b48f-eng,"Seven against Thebes",Aeschylus,9781627558723,,"Dover Publications; Interactive Media; Wilder Publications, Inc.; Start Publishing LLC; Oxford University Press; Dancing Unicorn Books","1973 - 2017","New York",eBook;Book,"Book::Central: 882 A253s 1973 - On Shelf"
https://catalog.saclibrary.org/GroupedWork/5cf68382-a644-421a-eb6f-26b4b9f31c7e-eng,"Tribulation force: the continuing drama of those left behind","LaHaye, Tim F",9780842329217,,"Tyndale House Publishers",1996,"Wheaton, Ill",Book,
https://catalog.saclibrary.org/GroupedWork/e71ee2a3-d42b-ced4-e6ac-3208d772a590-eng,"Mad Mabel","Hepworth, Sally",9781250284549,,"Thorndike Press, a part of Gale, a Cengage Company; St. Martin's Press; St. Martin's Publishing Group; Macmillan Audio",2026,"New York; [Waterville, Maine]","eAudiobook;eBook;Large Print;Book","Book::Carmichael: FICTION Hepworth, S. - In Transit,Book::Central New Books - 4th Floor: FICTION Hepworth, S. - Checked Out,Book::Belle Cooledge: FICTION Hepworth, S. - On Hold Shelf"
https://catalog.saclibrary.org/GroupedWork/54706081-3126-83a9-8207-d66c83c22af1-eng,"Echoes of the war","Barrie, J. M. (James Matthew), 1860-1937",9783956766374,,"Project Gutenberg; Duke Classics; Otbebookpublishing; Scribner's","1919 - 2015","New York",eBook;Book,
https://catalog.saclibrary.org/GroupedWork/6af89033-5fee-59d9-d73f-6e907eb0a461-eng,"Mona acts out: a novel","Berlinski, Mischa, 1973-",9781324095200,,"Recorded Books, Inc.; Liveright Publishing Corporation, an imprint of W.W. Norton & Company; Liveright",2025,"New York",eAudiobook;Book;eBook,"Book::Central: FICTION Berlinski, M. - On Shelf,Book::Colonial Heights: FICTION Berlinski, M. - On Shelf,Book::Belle Cooledge: FICTION Berlinski, M. - On Shelf"
https://catalog.saclibrary.org/GroupedWork/5d627747-927b-ab75-5434-3312f76edbbe-eng,"The Ring of the Nibelung","Wagner, Richard, 1813-1883",9780241422281,,"Penguin Classics, an imprint of Penguin Books",2018,UK,Book,"Book::Arcade: 782.1026 W134 2018 - On Shelf,Book::Carmichael: 782.1026 W134 2018 - On Shelf,Book::Rancho Cordova: 782.1026 W134 2018 - On Shelf"
https://catalog.saclibrary.org/GroupedWork/5a36c812-dc09-f4a6-a5ee-e2d59430c676-eng,"America fantastica: a novel","O'Brien, Tim, 1946-",9780063318502,,"HarperCollins; HarperAudio; Mariner Books",2023,"New York",eAudiobook;eBook;Book,"Book::Carmichael: FICTION O'Brien, T. - On Shelf,Book::Central: FICTION O'Brien, T. - On Shelf,Book::Belle Cooledge: FICTION O'Brien, T. - On Shelf"
https://catalog.saclibrary.org/GroupedWork/3d9457c9-d006-0175-2f51-40d6f1a130d2-eng,"The 39 steps","Barlow, Patrick",9780573697142,,"Samuel French",2009,"New York",Book,"Book::Central: 812 B258 2009 - On Shelf"
https://catalog.saclibrary.org/GroupedWork/4d55cea0-ec8b-4ff1-8976-1c3348806e47-eng,"Antígona González","Uribe Sánchez, Sara María",9781934254646,,"Les Figues Press",2016,"[Los Angeles, CA]",Book,"Book::Carmichael: 863.7 U76 2016 - Checked Out,Book::Central: 863.7 U76 2016 - On Shelf"
https://catalog.saclibrary.org/GroupedWork/9ad8a03a-2fc1-921f-935e-728fddd5e2af-eng,"The man who shot Liberty Valance","Compton, Jethro, 1988-",9781783191482,,"Oberon Books",2014,London,Book,"Book::Central: 822.92 C738 2014 - On Shelf"
https://catalog.saclibrary.org/GroupedWork/261c1690-c5c6-4db8-b4c3-8e461355690d-eng,"The iceman cometh: a play","O'Neill, Eugene, 1888-1953",9780394700182,,"Vintage Books",1967,"New York",Book,"Book::Valley Hi-North Laguna: 812 O58i 1967 - On Shelf"
https://catalog.saclibrary.org/GroupedWork/28f7d6ee-7052-f2de-dd8a-7acc3d8e11be-eng,"The Emperor Jones ; Anna Christie ; The hairy ape","O'Neill, Eugene, 1888-1953",9780679763956,,"Vintage Books",1995,"New York",Book,"Book::Central: 812 O58e 1995 - On Shelf"
https://catalog.saclibrary.org/GroupedWork/4287b92a-6f94-8004-2dc7-2f706373cdd1-eng,"Three Dublin plays","O'Casey, Sean, 1880-1964",9780571195527,,"Farrar, Straus, and Giroux",2000,"New York",Book,"Book::Central: 822.912 O153t 2000 - On Shelf"
https://catalog.saclibrary.org/GroupedWork/25b7c253-6cb5-b0ea-9a39-ebb7f5e8d0d7-eng,"The loneliness of Sonia and Sunny: a novel","Desai, Kiran, 1971-",9780307700155,,"Hogarth; Random House Publishing Group; Books on Tape; Thorndike Press","2025 - 2026","London; [Waterville, Me.]","eAudiobook;eBook;Large Print;Book","Book::Arcade: FICTION Desai, K. - In Transit,Book::Colonial Heights: FICTION Desai, K. - Checked Out,Book::Belle Cooledge: FICTION Desai, K. - Checked Out"
https://catalog.saclibrary.org/GroupedWork/7993d8cb-d63a-547d-8603-d4def2d77ec3-eng,"Selected plays","Childress, Alice",9780810127517,,"Northwestern University Press",2011,"Evanston, Ill",Book,"Book::Central: 812.54 C536 - On Shelf"
https://catalog.saclibrary.org/GroupedWork/b19fb43d-41f1-a3f7-7e44-e34b089271a4-eng,"The second husband: a novel","White, Kate, 1950-",9780063246195,,"Harper Large Print, an imprint of HarperCollins Publishers; Harper Collins Publishers; HarperCollins; HarperAudio; Harper, an imprint of HarperCollinsPublishers",2022,"[United States]; New York, NY","eAudiobook;Audiobook - CD;eBook;Large Print;Book","Book::Carmichael: FICTION White, K. - On Shelf,Book::Central: FICTION White, K. - On Shelf,Book::Elk Grove: FICTION White, K. - On Shelf"
https://catalog.saclibrary.org/GroupedWork/179dc2c2-3a89-6bd1-85bd-9c429c6c55d6-eng,"Percussion grenade","McSweeney, Joyelle, 1976-",9781934200520,,"Fence Books",2012,"Albany, NY",Book,"Book::Central: 811.6 M175 2012 - On Shelf"
https://catalog.saclibrary.org/GroupedWork/85b7d0a4-c92a-f997-689f-6a96cd57d019-eng,"The habit of art","Bennett, Alan, 1934-",9780865479449,,"Faber and Faber",2009,"New York",Book,"Book::Southgate: 822.914 B471 2010 - On Shelf"
https://catalog.saclibrary.org/GroupedWork/ace0a0d5-9697-5575-2e99-44c12a1669b6-eng,"Tales from Hollywood","Hampton, Christopher, 1946-",9780571118830,,"Faber and Faber",1983,"London; Boston",Book,"Book::Central: 822.914 H232t 1983 - On Shelf"
https://catalog.saclibrary.org/GroupedWork/14ef00d1-3fef-f0ef-9a41-355c0a2bc9be-eng,"Murder in Mesopotamia: a Hercule Poirot mystery","Christie, Agatha, 1890-1976",9780553350296,,"BBC Worldwide Ltd; Distributed by Workman Pub. Co; Bantam Books; Black Dog & Leventhal Publishers; BBC Audiobooks America; HarperCollins","1985 - 2012","New York; [Bath, Eng.]; Hampton, NH; Toronto","eAudiobook;Audiobook - CD;Book;eBook","Book::Colonial Heights: MYSTERY Christie, A. - On Shelf,Book::Belle Cooledge: MYSTERY Christie, A. - In Transit,Book::Fair Oaks: MYSTERY Christie, A. - Checked Out"
https://catalog.saclibrary.org/GroupedWork/1ca779b9-c58d-e9db-73d9-f2bb3a48d678-eng,"Ole' gimlet eye"": a play","Kelly, Thomas M., 1940-",9781466291683,,"The Author",2011,"[Sacramento, Calif.?]",Book,"Book::Central Local Author - 2nd Floor: 812.6 K29o 2011 - On Shelf"
https://catalog.saclibrary.org/GroupedWork/cb9a160b-05c2-d3a2-f001-4d0a640ae6d7-eng,"Edward III","Shakespeare, William, 1564-1616",9781854596949,,"Nick Hern",2002,London,Book,"Book::Central: 822.33 S527 2002 - On Shelf"
https://catalog.saclibrary.org/GroupedWork/72581d84-00b7-3b16-d8e9-bb06a2fbbba7-eng,"The Robben Island Shakespeare","Hahn, Matthew (Physician)",9781474283878,,"Bloomsbury Methuen Drama, an imprint of Bloomsbury Publishing Plc",2017,London,Book,"Book::Arcade: 896.1 H148 2017 - On Shelf"
https://catalog.saclibrary.org/GroupedWork/1d2c5c12-561b-7ec9-79df-0472dcb367be-eng,"Peter Shaffer's Amadeus","Shaffer, Peter, 1926-",9780060140328,,"Perennial Library : Harper & Row",1981,"New York",Book,"Book::Central: 822 S525a 1981 - On Shelf"
https://catalog.saclibrary.org/GroupedWork/1049a9ed-4eda-4143-e00c-cc158d5ff6af-eng,"Prayer for my enemy: a play","Lucas, Craig",9781559363440,,"Theatre Communications Group",2009,"New York",Book,"Book::Carmichael: 812.54 L933p 2009 - On Shelf,Book::Central: 812.54 L933p 2009 - On Shelf"
https://catalog.saclibrary.org/GroupedWork/64b7f987-fb65-83f3-7ab8-fbc674428504-eng,"Fiction from Tegel Prison","Bonhoeffer, Dietrich, 1906-1945",9780800683078,,"Fortress Press",2000,Minneapolis,Book,"Book::Central: 838.912 B714 1996 - On Shelf"
https://catalog.saclibrary.org/GroupedWork/9e719bab-108d-cc1f-ce9c-f2249ad887f0-eng,"A case of libel: a play in three acts","Denker, Henry",,,"Random House",1964,"New York",Book,"Book::Central: 812 D396c 1964 - On Shelf"
https://catalog.saclibrary.org/GroupedWork/52dc717e-632b-69a8-eb82-9cd7d6791f58-eng,Frost/Nixon,"Morgan, Peter, 1963-",9780571235414,,"Faber and Faber",2006,London,Book,"Book::Central: 822.92 M849 2006 - On Shelf"
https://catalog.saclibrary.org/GroupedWork/410fa8bc-13e5-96f3-9909-0267f1f744c8-eng,"Arden of Faversham",,9780713677652,,"A&C Black",2007,London,Book,"Book::Central: 822.3 W586 2007 - On Shelf"
https://catalog.saclibrary.org/GroupedWork/807614df-778f-f159-df34-5a66fe42dd9d-eng,"The timekeeper","Kelly, Thomas M., 1940-",9781605130248,,"JAC Pub. & Promotions",2008,"Burlington, MA",Book,"Book::Central Local Author - 2nd Floor: 812.6 K29t 2008 - On Shelf"
https://catalog.saclibrary.org/GroupedWork/d87076ca-69e4-f4be-b181-e1fcf8329923-eng,"The seduction of Thomas Sorrell","Kelly, Thomas M., 1940-",9781605130408,,"JAC Publishing & Printing",2009,"Burlington, Mass",Book,"Book::Central Local Author - 2nd Floor: 812.6 K29s2 2009 - On Shelf"
https://catalog.saclibrary.org/GroupedWork/08d9d1c6-608f-51d7-e7ba-27a93901ebd5-eng,"""On the line"": a play noir","Kelly, Thomas M., 1940-",9781466294097,,"The Author",2010,"[Sacramento, Calif.]",Book,"Book::Central Local Author - 2nd Floor: 812.6 K29o2 2010 - On Shelf"
https://catalog.saclibrary.org/GroupedWork/c4dc806e-5f8c-079f-96cc-6569b4fa76c1-eng,"""Frankie and Johnny were schweethawts"": the play","Kelly, Thomas M., 1940-",9781448674718,,"The Author",2001,"[Sacramento, Calif.?]",Book,"Book::Central Local Author - 2nd Floor: 812.6 K29f2 2001 - On Shelf"
https://catalog.saclibrary.org/GroupedWork/c366286e-20fd-4dc9-c51a-48f7195c00a5-eng,"""Hey, mom. Tell Rod I'm comin' home"": a play","Kelly, Thomas M., 1940-",9781466294653,,"The Author",2011,"[Sacramento, Calif.]",Book,"Book::Central Local Author - 2nd Floor: 812.6 K29h 2011 - On Shelf"
https://catalog.saclibrary.org/GroupedWork/e7ac54ab-029b-939e-cf30-ec877b94c941-eng,"Pawns are but poor men: a play in two acts","Kelly, Thomas M., 1940-",9781466294202,,"The Author",2011,"[Sacramento, Calif.?]",Book,"Book::Central Local Author - 2nd Floor: 812.6 K29p 2011 - On Shelf"
https://catalog.saclibrary.org/GroupedWork/7f202375-8467-1b41-c90b-a95668aaaa55-eng,"""Save yer pennies, kids!"": a play in two acts","Kelly, Thomas M., 1940-",9781466291850,,"The Author",2011,"[Sacramento, Calif.]",Book,"Book::Central Local Author - 2nd Floor: 812.6 K29s5 2011 - On Shelf"
https://catalog.saclibrary.org/GroupedWork/3673001a-0f2e-7afb-ea6c-8c4d614c610e-eng,"Extreme unction!: a dramatic play within a play in two acts","Kelly, Thomas M., 1940-",9781605130286,,"JAC Publishing & Promotions",2008,"Burlington, Mass",Book,"Book::Central Local Author - 2nd Floor: 812.6 K29e 2008 - On Shelf"
https://catalog.saclibrary.org/GroupedWork/c96c17af-a173-6e3e-49e3-29cdf86ddb8e-eng,Emilia,"Malcolm, Morgan Lloyd",9781786824813,,"Oberon Books",2018,London,Book,"Book::Central: 822.33 B317zm 2018 - On Shelf,Book::North Natomas: 822.33 B317zm 2018 - On Shelf"
https://catalog.saclibrary.org/GroupedWork/472716a9-6ab6-9878-03ec-6ca32476bfb9-eng,"The associate","Grisham, John",9780385517836,,"Random House Large Print; Books on Tape; JG Publishing; Doubleday; Random House Audio","2009 - 2010","New York; [New York]; New York, NY; Westminster, Md","eAudiobook;Audiobook - CD;eBook;Large Print;Book",
https://catalog.saclibrary.org/GroupedWork/a2bf8655-de45-d502-237d-5fcaee88c31c-eng,"Shorts & shorters","Kelly, Thomas M., 1940-",9781466291089,,,2011,"[Sacramento, Calif.] :bThe Author",Book,"Book::Central Local Author - 2nd Floor: 812.6 K29s3 2011 - On Shelf"
https://catalog.saclibrary.org/GroupedWork/43dd6a73-7263-b778-a2af-1ad25858592a-eng,"That's (not exactly) amore","Bateman, Tracey Victoria",9781410414984,,"Thorndike Press/Gale, Cengage Learning",2009,Detroit,"Large Print","Large Print::Arcade: LARGE PRINT FICTION Bateman, T. - On Shelf"
https://catalog.saclibrary.org/GroupedWork/0b24a7d9-9448-a78a-9f9f-058709a877ca-eng,"The black monk: The dog problem","Rabe, David",9781439141885,,"Simon & Schuster Paperbacks",2009,"New York",Book,"Book::North Natomas: 812.54 A648 2009 - On Shelf"
https://catalog.saclibrary.org/GroupedWork/6d93b19a-7947-a818-dace-62c3ee300f6f-eng,"Wait for it: a novel","McKinlay, Jenn",9780593101377,,"Jove; Penguin Publishing Group; Books on Tape",2021,"New York",eAudiobook;Book;eBook,"Book::Carmichael: FICTION McKinlay, J. - On Shelf,Book::Central: FICTION McKinlay, J. - On Shelf,Book::Belle Cooledge: FICTION McKinlay, J. - Checked Out"
https://catalog.saclibrary.org/GroupedWork/27d55a10-9ddb-e1e4-30f5-aa6e10b286ac-eng,"She stoops to conquer and other comedies",,9780199553884,,"Oxford University Press",2008,Oxford,Book,"Book::Central: 822.0523 S539 2008 - On Shelf"
https://catalog.saclibrary.org/GroupedWork/e3e1911c-853d-5571-ba50-73e3ac147d22-eng,"Peer Gynt and Brand","Ibsen, Henrik, 1828-1906",9780141197586,,"Penguin Classics",2016,London,Book,"Book::Central: 839.8226 I14 2016 - On Shelf"
https://catalog.saclibrary.org/GroupedWork/6311b8f4-a1f7-bab2-25ba-cbd576e13ea2-eng,"#fashionvictim: a novel","Akhtar, Amina",9781683318347,,"CROOKED LANE BOOKS; Crooked Lane Books; Crooked Lane",2018,"New York",eBook;Book,"Book::Arcade: FICTION Akhtar, A. - OFF CAMPUS,Book::Central: FICTION Akhtar, A. - On Shelf,Book::Franklin: FICTION Akhtar, A. - On Shelf"
https://catalog.saclibrary.org/GroupedWork/ba8ad2b5-b3a5-fcfe-6d8b-d486487775bc-eng,"Summer in the spotlight","Johnson, Liz, 1981-",9780800737399,,"Tantor Media, Inc.; Revell, a division of Baker Publishing Group; Tantor Media, Inc; Baker Publishing Group",2023,"Grand Rapids, Michigan",eBook;eAudiobook;Book,"Book::Central: FICTION Johnson, L. - On Shelf,Book::Fair Oaks: FICTION Johnson, L. - On Shelf,Book::Orangevale: FICTION Johnson, L. - Checked Out"
https://catalog.saclibrary.org/GroupedWork/90613946-22df-347d-806d-3ba08db5d361-eng,"Tales from Shakespeare","Lamb, Charles, 1775-1834",9781853261404,,"Dutton; Children's Classics; Samaira Book Publishers; Project Gutenberg; Dent; GENERAL PRESS; Blackstone Publishing; Otbebookpublishing; Left of Brain Books; Puffin; Wordsworth; Andrews UK; Neeland Media LLC; Findaway Voices","1906 - 2024","New York; Ware; London",eAudiobook;eBook;Book,"Book::Carmichael Children's Area: CHILDREN 822.33 HL218 1999 - Checked Out"
https://catalog.saclibrary.org/GroupedWork/15ac0487-51ea-6f2d-d0ce-91220eae4f54-eng,"Sophokles: the complete plays",Sophocles,9781575252650,,"Smith and Kraus",2000,"Hanover, N.H",Book,"Book::Elk Grove: 882 S712c 2000 - On Shelf"
https://catalog.saclibrary.org/GroupedWork/5f56cc41-4a0e-6d8b-1d7b-e2f3a6c8882d-eng,"The plays and fragments","Menander, of Athens",9780199540730,,"Oxford University Press",2008,Oxford,Book,"Book::Carmichael: 882.01 M534 2008 - On Shelf,Book::Rancho Cordova: 882.01 M534 2008 - On Shelf"
https://catalog.saclibrary.org/GroupedWork/c2b8cae7-07f3-4db1-553e-a51502e01fab-eng,"The secret theatre","Lustgarten, Anders",9781350065277,,"Bloomsbury Methuen Drama, an imprint of Bloomsbury Publishing Plc",2017,"London, UK",Book,"Book::Central: 792 L972 2017 - On Shelf"
https://catalog.saclibrary.org/GroupedWork/e7802125-c455-798e-395b-7a0ce1af9731-eng,"Three plays: Blood wedding, Yerma, The house of Bernarda Alba","García Lorca, Federico, 1898-1936",9780374523329,,"Farrar, Straus, Giroux",1993,"New York",Book,"Book::Central: 862.62 G216 1993 - On Shelf"
https://catalog.saclibrary.org/GroupedWork/749bc99b-bbe3-7df8-777b-c478afb8114e-eng,"A game in yellow","Piper, Hailey",9781668077085,,"Saga Press; S&S/Saga Press; Simon & Schuster Audio",2025,"New York",eAudiobook;Book;eBook,"Book::Central: FICTION Piper, H. - On Shelf,Book::Colonial Heights: FICTION Piper, H. - On Shelf,Book::Elk Grove: FICTION Piper, H. - Checked Out"
https://catalog.saclibrary.org/GroupedWork/67355f61-46f9-d721-0a85-7fdf3fd8260d-eng,"Dis//Integration: 2 novelas & 3 stories & a little play","Kelley, William Melvin, 1937-2017",9780593469934,,"Vintage Books, a division of Penguin Random House LLC",2024,"New York",Book,"Book::Central: FICTION Kelley, W. - On Shelf,Book::Colonial Heights: FICTION Kelley, W. - On Shelf,Book::North Natomas: FICTION Kelley, W. - On Shelf"
https://catalog.saclibrary.org/GroupedWork/6ca91d80-5d91-4187-ae22-99a9f1eb35b7-eng,"The Dark Cove Theatre Society","Riley, Sierra Marilyn",9781834020082,,"Annick Press; Books on Tape",2025,Toronto,eAudiobook;Book;eBook,"Book::Central Teen Area - 3rd Floor: TEEN FICTION Riley, S. - In Transit,Book::McKinley Children's Area: TEEN FICTION Riley, S. - Checked Out,Book::North Natomas: TEEN FICTION Riley, S. - On Shelf"
https://catalog.saclibrary.org/GroupedWork/d893128f-681b-1833-a38b-bbc3f7344dc2-eng,"The Lake Shore Limited","Miller, Sue, 1943-",9780307276704,9780307715111,"Alfred A. Knopf; Knopf Doubleday Publishing Group; Books on Tape; Random House Audio",2010,"New York; Westminster, Md","eAudiobook;Audiobook - CD;Book;eBook","Book::North Natomas: FICTION Miller, S. - On Shelf,Book::Southgate: FICTION Miller, S. - On Shelf,Book::Folsom Adult: FICTION Miller, S. - On Shelf"
https://catalog.saclibrary.org/GroupedWork/0b001b12-30e9-9c25-6dc3-08e91789dc33-eng,"The plot twist","Goymer, Eleanor",9780008656591,,"One More Chapter, a division of HarperCollinsPublishers Ltd; HarperCollins Publishers",2025,London,eBook;Book,"Book::Arcade: FICTION Goymer, E. - On Shelf,Book::Central: FICTION Goymer, E. - On Shelf,Book::Fair Oaks: FICTION Goymer, E. - On Shelf"
https://catalog.saclibrary.org/GroupedWork/382be787-1ecd-15da-d013-2e8d227a0460-eng,Plays,"Chekhov, Anton Pavlovich, 1860-1904",9780140447330,,Penguin,2002,London,Book,"Book::Carmichael: 891.723 C515 2002 - On Shelf,Book::Central: 891.723 C515 2002 - On Shelf"
https://catalog.saclibrary.org/GroupedWork/e3a0d4ca-6347-f055-7550-688e58246785-eng,"The sentence: a novel","Erdrich, Louise",9780062671127,,"Harper, an imprint of HarperCollins Publishers; Harper Large Print, an imprint of HarperCollinsPublishers; HarperCollins; Harper Audio",2021,"New York, NY","eAudiobook;Audiobook - CD;Large Print;Book;eBook","Book::Arcade: FICTION Erdrich, L. - On Shelf,Book::Carmichael: FICTION Erdrich, L. - On Shelf,Book::Central: FICTION Erdrich, L. - On Shelf"
https://catalog.saclibrary.org/GroupedWork/937eeae4-f962-2883-d0cf-b74625bb0bab-eng,"The story of a goat",Perumāḷmurukaṉ,9780802147516,,"Black Cat",2019,"New York",Book,"Book::Central: FICTION Perumalmurukan - On Shelf,Book::South Natomas: FICTION Perumalmurukan - On Shelf,Book::Rancho Cordova: FICTION Perumalmurukan - On Shelf"
https://catalog.saclibrary.org/GroupedWork/184598c1-6fbf-be0e-d829-84ada07ececf-eng,"Iphigenia in Aulis","Einhorn, Edward (Edward Arthur), 1970-",9781534322158,,"Image Comics",2022,Berkeley,"Graphic Novel/Manga","Graphic Novel/Manga::Central: GRAPHIC NOVEL Einhorn, E. - On Shelf,Graphic Novel/Manga::Elk Grove: GRAPHIC NOVEL Einhorn, E. - On Shelf,Graphic Novel/Manga::Fair Oaks: GRAPHIC NOVEL Einhorn, E. - On Shelf"
https://catalog.saclibrary.org/GroupedWork/d715e483-7f5c-4621-a1e3-f7dbe221d76e-eng,"The furies: a novel","Haynes, Natalie",9781250048004,,"St. Martin's Press; St. Martin's Publishing Group; Macmillan Audio",2014,"New York",eBook;Book;eAudiobook,"Book::Central: FICTION Haynes, N. - On Shelf"
https://catalog.saclibrary.org/GroupedWork/933ade31-0bdc-0a58-8fb7-3afd6b04c1a5-eng,"Six plays of Plautus","Plautus, Titus Maccius",,,"Anchor Books",1963,"Garden City, N.Y",Book,"Book::Central: 872 P721s 1963 - On Shelf"
https://catalog.saclibrary.org/GroupedWork/3728fd0e-441e-f238-6f26-964578c3add5-eng,"The patchwork players: an Elm Creek quilts novel","Chiaverini, Jennifer",9780063381803,,"HarperCollins; William Morrow, an imprint of HarperCollins Publishers; HarperCollins Publishers",2026,"[United States]; New York, NY","eAudiobook;Audiobook - CD;Book;eBook","Book::Carmichael: FICTION Chiaverini, J. - Checked Out,Book::Central New Books - 4th Floor: FICTION Chiaverini, J. - OFF CAMPUS,Book::Belle Cooledge: FICTION Chiaverini, J. - On Shelf"
https://catalog.saclibrary.org/GroupedWork/c8cb6df4-08a6-2308-6dbd-78cbadb5ba51-eng,"Schmitt: plays 1","Schmitt, Éric-Emmanuel",9780413760203,,"Methuen Drama",2001,London,Book,"Book::Central: 842.914 S355 2001 - On Shelf"
https://catalog.saclibrary.org/GroupedWork/0835ab73-7e26-0925-fae9-c9ac1947ab1e-eng,"Possession: a romance","Byatt, A. S. (Antonia Susan), 1936-",9781439507230,,"Everyman's Library/Alfred A. Knopf; HarperCollins; Vintage Books","1991 - 2013","New York",eAudiobook;Book,"Book::Belle Cooledge: FICTION Byatt, A. - On Shelf,Book::North Natomas: FICTION Byatt, A. - Checked Out,Book::Valley Hi-North Laguna: FICTION Byatt, A. - Checked Out"
https://catalog.saclibrary.org/GroupedWork/df0dc54e-ea31-20cb-7efa-3e9a46324837-eng,"Romeo and Juliet","Chan, Crystal S",9781947808034,,"UDON Entertainment","2018 - 2021","Richmond Hill","Graphic Novel/Manga","Graphic Novel/Manga::Central Teen Area - 3rd Floor: TEEN MANGA Romeo And - On Shelf,Graphic Novel/Manga::Sacramento Public Library Storage: TEEN MANGA Romeo And - On Shelf"
https://catalog.saclibrary.org/GroupedWork/0914743e-5704-5bd6-9483-058a076ae491-eng,"Trojan women",Euripides,9780195179101,,"Interactive Media; Oxford University Press; Duke Classics; Otbebookpublishing; Neeland Media LLC","2009 - 2021","New York; Oxford",eBook;Book,"Book::North Natomas: 882.01 E89t 2009 - OFF CAMPUS"
https://catalog.saclibrary.org/GroupedWork/99a332bd-fa2b-2acd-4a8d-698850a8cbf6-eng,"The twist of a knife: a novel","Horowitz, Anthony, 1955-",9780062938183,,"Harper Large Print, an imprint of HarperCollinsPublishers; HarperCollins; HarperAudio; Harper, an imprint of HarperCollinsPublishers; Harper Audio",2022,"New York, NY","eAudiobook;Audiobook - CD;eBook;Large Print;Book","Book::Arcade: MYSTERY Horowitz, A. - On Shelf,Book::Carmichael: MYSTERY Horowitz, A. - Checked Out,Book::Central: MYSTERY Horowitz, A. - On Shelf"
https://catalog.saclibrary.org/GroupedWork/daf81508-5eb7-7922-b100-837c34902d96-eng,"How I paid for college: a novel of sex, theft, friendship & musical theater","Acito, Marc, 1966-",9780767918411,,"Recorded Books, Inc.; Broadway Books",2004,"New York",Book;eAudiobook,"Book::Rancho Cordova: FICTION Acito, M. - On Shelf"
https://catalog.saclibrary.org/GroupedWork/f77094ba-2948-be11-5917-7bc9da5006c7-eng,"Sycamore Row","Grisham, John",9780345543240,,"Random House Large Print; Random House/Books on Tape; Random House; Books on Tape; JG Publishing; Doubleday",2013,"New York; [New York]","eAudiobook;Audiobook - CD;eBook;Large Print;Book","Book::Central: FICTION Grisham, J. - On Shelf,Book::Arbuckle Branch Library Adult Collection: Fic - On Shelf,Book::Barber Branch: FICTION Grisham, J. - On Shelf"
https://catalog.saclibrary.org/GroupedWork/d45a6e0d-00bd-6e33-09e1-756e913f469b-eng,"Brighton Beach memoirs","Simon, Neil",9780394537399,,"Random House; L.A. Theatre Works","1984 - 2003","New York; Los Angeles, Calif",eAudiobook;Book,"Book::Central: 812 S595b2 1984 - On Shelf"
https://catalog.saclibrary.org/GroupedWork/29034e6c-9a80-37cb-5026-14826ddd1a03-eng,"Over the garden wall: Soulful symphonies",,9781684155569,,"Boom! Studios",2020,"New York","Graphic Novel/Manga","Graphic Novel/Manga::Carmichael Children's Area: CHILDREN GRAPHIC NOVEL Over - On Shelf,Graphic Novel/Manga::Central Kids Place - Lower Level: CHILDREN GRAPHIC NOVEL Over - On Shelf,Graphic Novel/Manga::Courtland Children's Area: CHILDREN GRAPHIC NOVEL Over - On Shelf"
https://catalog.saclibrary.org/GroupedWork/0628de7d-af42-8aca-0ec8-eaaf49486c45-eng,"Prometheus bound",Aeschylus,9780195019346,,"Dover Publications; Interactive Media; Wilder Publications, Inc.; Mint Editions; Mission Audio; Start Publishing LLC; Oxford University Press","1975 - 2021","New York",eBook;Book;eAudiobook,"Book::Central: 882 A253p 1975 - Checked Out"
https://catalog.saclibrary.org/GroupedWork/7ae16391-ea2b-7474-039f-a5f4b5f69981-eng,"The skin of our teeth: a play","Wilder, Thornton, 1897-1975",9780060088934,,"Perennial; HarperCollins; HarperCollins Publishers","2003 - 2020","New York",eBook;Book,
https://catalog.saclibrary.org/GroupedWork/e5ae16d9-c4b5-5c76-56da-212adf787869-eng,"Ma Rainey's black bottom: a play in two acts","Wilson, August",9780593184967,,"Plume, an imprint of Penguin Random House LLC",2020,"New York",Book,"Book::Carmichael: 812.54 W746 2020 - OFF CAMPUS"
https://catalog.saclibrary.org/GroupedWork/d7167ff5-2bae-5217-36ac-741dd67fcb04-eng,Faust,"Goethe, Johann Wolfgang von, 1749-1832",9780802016683,,"Start Publishing LLC; Grosset & Dunlap","1925 - 2013","New York",eBook;Book,
https://catalog.saclibrary.org/GroupedWork/3b7cbbcc-28e0-3c29-6e7f-1cd4e65e8217-eng,"Thank-you Jeeves","Wodehouse, P. G. (Pelham Grenville), 1881-1975",9780393345995,,"W. W. Norton & Company; Overlook Press; Phoenix Books, Inc.; Phoenix Books; L.A. Theatre Works; Blackstone Publishing; Canongate Books","1997 - 2023","New York; Los Angeles, Calif",eAudiobook;Book;eBook,
https://catalog.saclibrary.org/GroupedWork/24d6b52f-05de-a6d5-fc01-89ccefd7356e-eng,"The hobbit, or, There and back again","Tolkien, J. R. R. (John Ronald Reuel), 1892-1973",9780395873465,025024891281,"Houghton Mifflin; BBC Audio; Recorded Books, Inc.; William Morrow; Houghton Mifflin Harcourt; Recorded Books; HMH Books; HarperCollins; Ballantine Books; HighBridge; Houghton Mifflin Co; Mariner Books","1966 - 2025","New York; St. Paul, MN; Prince Frederick, Md; Prince Frederick, MD; Boston","eAudiobook;Audiobook - CD;eBook;Book","Book::Carmichael: FICTION Tolkien, J. - Checked Out,Book::Central: FICTION Tolkien, J. - On Hold Shelf,Book::Colonial Heights: FICTION Tolkien, J. - Checked Out"
https://catalog.saclibrary.org/GroupedWork/8c3c1ee1-1b57-dc63-fa29-a04d86837c22-eng,"The gentlemen's alliance [cross]: Vol. 5","Tanemura, Arina",9781421517308,,"Viz Media",2008,"San Francisco, CA","Graphic Novel/Manga","Graphic Novel/Manga::Central Teen Area - 3rd Floor: TEEN MANGA Gentlemen's Alliance v.5 - Checked Out,Graphic Novel/Manga::Franklin Teen: TEEN MANGA Gentlemen's Alliance v.5 - On Shelf"
https://catalog.saclibrary.org/GroupedWork/bb1e7031-7839-abbf-2883-88d5a6e3ee28-eng,"Shakespeare manga theater","Tezuka, Osamu, 1928-1989",9781684971862,,"Ablaze Publishing",2024,"Portland, OR","Graphic Novel/Manga","Graphic Novel/Manga::Central: MANGA Tezuka, O. - On Shelf,Graphic Novel/Manga::Belle Cooledge: MANGA Tezuka, O. - On Shelf,Graphic Novel/Manga::Fair Oaks: MANGA Tezuka, O. - On Shelf"
https://catalog.saclibrary.org/GroupedWork/c1ab2a2f-02dd-eea9-9bf9-74bf5e4bfaa8-eng,"Not quite Snow White","Franklin, Ashley",9780062798602,,"[Library Ideas, LLC]; HarperCollins; Harper, an imprint of HarperCollinsPublishers","2019 - 2020","New York, NY; [Fairfax, Virginia]","Picture Book;eBook;Read-Along",
https://catalog.saclibrary.org/GroupedWork/c6ccec81-53e1-3c94-5e5c-7204b9f92ccb-eng,"The nether: a play","Haley, Jennifer",9780810130630,,"Northwestern University Press",2015,"Evanston, Illinois",Book,"Book::Central: 812.6 H168 2015 - OFF CAMPUS"
https://catalog.saclibrary.org/GroupedWork/b4caab81-01ca-196b-483d-5ed48bd28f9e-eng,"The life of King Henry the Fifth","Shakespeare, William, 1564-1616",9780140714586,,"Start Publishing LLC; Penguin Books","1999 - 2013","New York, N.Y",eBook;Book,
https://catalog.saclibrary.org/GroupedWork/aab9098e-1548-54a3-043c-af92892c8f9d-eng,"The plays of Aristophanes",Aristophanes,9781513205809,,"Mint Editions",2021,"[Place of publication not identified]",eBook;Book,
https://catalog.saclibrary.org/GroupedWork/4bda91a9-df04-97a2-1f7d-fbca93192778-eng,"The Gentlemen's alliance [cross]: Vol. 2","Tanemura, Arina",9781421511849,,"Viz Media, LLC",2007,"San Francisco, Calif","Graphic Novel/Manga","Graphic Novel/Manga::Central Teen Area - 3rd Floor: TEEN MANGA Gentlemen's Alliance v.2 - On Shelf,Graphic Novel/Manga::Franklin Teen: TEEN MANGA Gentlemen's Alliance v.2 - On Shelf,Graphic Novel/Manga::South Natomas Teen Area: TEEN MANGA Gentlemen's Alliance v.2 - On Shelf"
https://catalog.saclibrary.org/GroupedWork/5ddb2826-6b8e-e116-1e43-41660b2751db-eng,"Faust: the second part of the tragedy","Goethe, Johann Wolfgang von, 1749-1832",9780140449020,,Penguin,2009,"New York; London",Book,"Book::Carmichael: 832 G599f 2009 v.2 - Checked Out"
https://catalog.saclibrary.org/GroupedWork/2a7ccba8-ed3d-2f78-b4bc-f66a4fe652bb-eng,"Liar City","Therin, Allie",9781335621948,,"Harlequin Audio; HarlequinAudio; Carina Press; Carina Adores",2023,"Toronto, ON",eAudiobook;eBook;Book,"Book::Carmichael: FICTION Therin, A. - OFF CAMPUS,Book::Central: FICTION Therin, A. - Checked Out,Book::Belle Cooledge: FICTION Therin, A. - In Transit"
https://catalog.saclibrary.org/GroupedWork/83c05029-17e3-d119-e069-11abd440cb77-eng,Babbitt,"Lewis, Sinclair, 1885-1951",9780451530615,,"Signet Classics; Dover Publications; Project Gutenberg; Duke Classics; Blackstone Publishing; L.A. Theatre Works; Modern Library; Barnes & Noble Classics; Naxos AudioBooks UK Ltd; Harcourt, Brace and World; Findaway Voices","1950 - 2025","New York; Los Angeles, Calif",eAudiobook;eBook;Book,"Book::Central: FICTION Lewis, S. - On Shelf,Book::Woodland Public Library: READING LIST FICTION Lewis - On Shelf"
https://catalog.saclibrary.org/GroupedWork/6069c59f-2986-d712-3339-ef20341368af-eng,"She stoops to conquer","Goldsmith, Oliver, 1730?-1774",9780812001587,,"L. A. Theatre Works; Dover Publications; Wilder Publications, Inc.; Project Gutenberg; Start Publishing LLC; Barron's Educational Series; L.A. Theatre Works; Dancing Unicorn Books; Neeland Media LLC","1958 - 2019","Los Angeles, CA",eAudiobook;eBook;Book,
https://catalog.saclibrary.org/GroupedWork/5e65c748-9a05-b51f-7c44-250f0adc7aad-eng,"Kill for a million","Dailey, Janet",9781496744821,,"Recorded Books, Inc.; Kensington Publishing Corp; Thorndike Press; Kensington Books",2026,"New York, NY; [Waterville, Maine]","eAudiobook;Large Print;Book;eBook","Book::Carmichael: FICTION Dailey, J. - Checked Out,Book::Central New Books - 4th Floor: FICTION Dailey, J. - On Shelf,Book::South Natomas: FICTION Dailey, J. - OFF CAMPUS"
https://catalog.saclibrary.org/GroupedWork/028f07c9-f518-270e-43e5-8dd5fb5800a3-eng,"Bloom into you: 5","Nio, Nakatani",9781626928022,,"Seven Seas Entertainment",2018,"[Los Angeles, California]","Graphic Novel/Manga","Graphic Novel/Manga::Colonial Heights: TEEN MANGA Bloom Into v.5 - On Shelf,Graphic Novel/Manga::North Sacramento-Hagginwood Teen Area: TEEN MANGA Bloom Into v.5 - On Shelf,Graphic Novel/Manga::Sacramento Public Library Storage: TEEN MANGA Bloom Into v.5 - On Shelf"
https://catalog.saclibrary.org/GroupedWork/9073dc1a-98b8-a916-3beb-441b882a9a5a-eng,"Culture Clash: life, death, and revolutionary comedy","Montoya, Richard",9781559361392,,"Theatre Communications Group",1998,"New York",Book,"Book::Central: 812.54 M798 1998 - Checked Out"
https://catalog.saclibrary.org/GroupedWork/21715db5-a2aa-4cd9-6136-d67a0e466ae3-eng,"Plays pleasant","Shaw, Bernard, 1856-1950",9780140437942,,"Penguin Books",2003,"New York; London",Book,"Book::Carmichael: 822.912 S534 2003 - Checked Out"
https://catalog.saclibrary.org/GroupedWork/978c567c-2baa-185c-ed72-030a9cc320b7-eng,"Stolen in death","Robb, J. D., 1950-",9781250414526,,"Thorndike Press, a part of Gale, a Cengage Company; St. Martin's Press; St. Martin's Publishing Group; Macmillan Audio",2026,"New York; [Waterville, Maine]","eAudiobook;Audiobook - CD;eBook;Large Print;Book","Book::Carmichael: MYSTERY Robb, J. - Checked Out,Book::Central New Books - 4th Floor: MYSTERY Robb, J. - Checked Out,Book::Belle Cooledge: MYSTERY Robb, J. - Checked Out"
https://catalog.saclibrary.org/GroupedWork/41905521-a09b-b670-bf25-22fb7bcf4c9b-eng,"Framed in death","Robb, J. D., 1950-",9781250403193,,"St. Martin's Press; St. Martin's Publishing Group; Macmillan Audio; Thorndike Press",2025,"New York; New York, NY; [Waterville, Maine]","eAudiobook;eBook;Large Print;Book","Book::Carmichael: MYSTERY Robb, J. - On Shelf,Book::Central: MYSTERY Robb, J. - On Shelf,Book::Colonial Heights: MYSTERY Robb, J. - On Shelf"
https://catalog.saclibrary.org/GroupedWork/9d261ecc-60c9-ef79-1bb3-409a6dc8d59d-eng,"Passions in death","Robb, J. D., 1950-",9781250289568,,"Thorndike Press, a part of Gale, a Cengage Company; St. Martin's Press; St. Martin's Publishing Group; Macmillan Audio",2024,"New York; New York, NY; [Waterville, Maine]","eAudiobook;Audiobook - CD;eBook;Large Print;Book","Book::Arcade: MYSTERY Robb, J. - On Shelf,Book::Carmichael: MYSTERY Robb, J. - On Shelf,Book::Central: MYSTERY Robb, J. - On Shelf"
https://catalog.saclibrary.org/GroupedWork/7ea9364e-25ac-009b-bab4-f3aae956c697-eng,"Bonded in Death","Robb, J. D., 1950-",9781250370792,,"Thorndike Press, a part of Gale, a Cengage Company; St. Martin's Press; St. Martin's Publishing Group; Macmillan Audio",2025,"New York; New York, NY; [Waterville, Maine]","eAudiobook;Audiobook - CD;eBook;Large Print;Book","Book::Arcade: MYSTERY Robb, J. - On Shelf,Book::Arden-Dimick: MYSTERY Robb, J. - Checked Out,Book::Carmichael: MYSTERY Robb, J. - On Shelf"
https://catalog.saclibrary.org/GroupedWork/c8b9e7d9-d4a6-76c5-5137-086b37c7beb6-eng,"Saint Joan: a chronicle play in six scenes and an epilogue : definitive text","Shaw, Bernard, 1856-1950",9780713679960,,"Methuen Drama",2008,London,Book,"Book::Carmichael: 822 S534s2 2008 - Checked Out"
https://catalog.saclibrary.org/GroupedWork/2e906c8f-d06b-00f8-e77a-268ae0d0fc32-eng,Macbeth,"Chan, Crystal S",9781947808072,,"UDON Entertainment","2018 - 2021","Richmond Hill; Richmond Hill, Ontario, Canada","Graphic Novel/Manga","Graphic Novel/Manga::Central Teen Area - 3rd Floor: TEEN MANGA Macbeth - On Shelf,Graphic Novel/Manga::Sacramento Public Library Storage: TEEN MANGA Macbeth - On Shelf,Graphic Novel/Manga::Colonial Heights: TEEN MANGA Macbeth - On Shelf"
https://catalog.saclibrary.org/GroupedWork/21715fb5-a5ca-6b1e-373a-f478048b68b4-eng,"The unseen world","Moore, Liz, 1983-",9780393241686,,"W. W. Norton & Company; Blackstone Publishing","2016 - 2017","New York",eAudiobook;Book;eBook,"Book::Central: FICTION Moore, L. - On Shelf,Book::Elk Grove: FICTION Moore, L. - On Shelf,Book::Fair Oaks: FICTION Moore, L. - Checked Out"
https://catalog.saclibrary.org/GroupedWork/62d332bf-223f-e013-6cd9-8fc88ed8ebd2-eng,"I sing the body electric!","Bradbury, Ray, 1920-",9780394429854,,"Recorded Books, Inc.; Knopf","1987 - 2018","New York",Book;eAudiobook,
https://catalog.saclibrary.org/GroupedWork/99c5e1b1-9e09-848e-d58a-925bda09eb33-eng,"Oedipus Tyrannos: a new translation, sources, criticism",Sophocles,9780393655148,,"W. W. Norton & Company",2022,"New York, N.Y",Book,
https://catalog.saclibrary.org/GroupedWork/407aa443-97f4-6a5c-bac1-51969353b785-eng,"Euripides V",Euripides,9780226308982,,"University of Chicago Press",2013,"Chicago, Ill",Book,
https://catalog.saclibrary.org/GroupedWork/ac22ac98-67d5-e6fb-50cf-79ffefe556c1-eng,"Euripides IV",Euripides,9780226308968,,"University of Chicago Press",2013,"Chicago, Ill",Book,
https://catalog.saclibrary.org/GroupedWork/3de9420e-0494-2e41-54f1-476be489d1b1-eng,"Trust exercise: a novel","Choi, Susan, 1969-",9781250309884,,"Henry Holt and Company; Henry Holt and Co.; Macmillan Audio",2019,"New York",eAudiobook;Book;eBook,"Book::Central: FICTION Choi, S. - Checked Out,Book::Franklin: FICTION Choi, S. - On Shelf,Book::McKinley: FICTION Choi, S. - Checked Out"
https://catalog.saclibrary.org/GroupedWork/ade28003-b746-d9d5-afed-73282c33b5da-eng,"P.S. Your cat is dead!: a comedy in two acts","Kirkwood, James, 1924-1989",9780573614408,,"S. French",2004,"New York",Book,
https://catalog.saclibrary.org/GroupedWork/c60d0f94-4317-995c-fb2f-1cc4537dfc04-eng,"Euripides II",Euripides,9780226308784,,"University of Chicago Press",2013,"Chicago, Ill",Book,
https://catalog.saclibrary.org/GroupedWork/7addca9e-c93e-3b35-ae22-6b8e145ce849-eng,"The complete plays of George Bernard Shaw (1893-1921)","Shaw, Bernard, 1856-1950",9781781393482,,"Oxford City Press",2012,Oxford,Book,
https://catalog.saclibrary.org/GroupedWork/3976e915-126b-5bbc-375e-c7e765cba5a4-eng,"Euripides I",Euripides,9780226308807,,"University of Chicago Press",2013,Chicago,Book,
https://catalog.saclibrary.org/GroupedWork/4d5924e5-a34a-5f28-782d-96e70ade39ae-eng,"The Norman conquests: a trilogy of plays","Ayckbourn, Alan, 1939-",,,"Nelson Doubleday",1975,"Garden City, N.Y",Book,
https://catalog.saclibrary.org/GroupedWork/99a90c13-ef81-4afc-9305-e6527e95ebd9-eng,"The Great Hippopotamus Hotel","McCall Smith, Alexander, 1948-",9780593701768,,"Thorndike Press, a part of Gale, a Cengage Company; Pantheon Books",2024,"New York; [Waterville, Maine]","Large Print;Book","Book::Arcade: MYSTERY McCall Smith, A. - On Shelf,Book::Carmichael: MYSTERY McCall Smith, A. - Checked Out,Book::Central: MYSTERY McCall Smith, A. - On Shelf"
https://catalog.saclibrary.org/GroupedWork/244c095b-52d8-72d7-e685-0d90ee564e9b-eng,"Faust: Part two","Goethe, Johann Wolfgang von, 1749-1832",9780192836366,,"Oxford University Press",1998,"New York; Oxford",Book,
https://catalog.saclibrary.org/GroupedWork/57dcc8ec-7574-23ec-6d1a-e7bc976cbfeb-eng,"And the mountains echoed","Hosseini, Khaled",9781594632389,,"Recorded Books, Inc.; Thorndike Press; Penguin Audio; Riverhead Books; Penguin Publishing Group",2013,"New York; Detroit","eAudiobook;Audiobook - CD;eBook;Large Print;Book","Book::Rancho Cordova: FICTION Hosseini, K. - Checked Out,Book::Sylvan Oaks: FICTION Hosseini, K. - On Shelf,Book::Barber Branch: FICTION Hosseini, K. [SUT BOOK CLUB c. 12] - On Shelf"
https://catalog.saclibrary.org/GroupedWork/129374cb-5b0d-1979-335e-1754d39a5e4f-eng,"Delicate edible birds and other stories","Groff, Lauren",9781401340865,,"Tantor Media, Inc.; Tantor Media, Inc; Voice/Hyperion",2009,"New York",eAudiobook;Book,"Book::Sylvan Oaks: FICTION Groff, L. - On Shelf"
https://catalog.saclibrary.org/GroupedWork/64eb0981-d856-ae15-c816-d8b11cdd322c-eng,"A midsummer night's dream: an authoritative text, sources, criticism, adaptations","Shakespeare, William, 1564-1616",9780393923575,,"W. W. Norton & Company",2018,"New York",Book,
https://catalog.saclibrary.org/GroupedWork/ee7428de-cc7f-344d-c1ed-0cbb780ec55e-eng,"The tempest: an authoritative text, sources and contexts, criticism, rewritings and appropriations","Shakespeare, William, 1564-1616",9780393265422,,"W. W. Norton & Cimpany",2019,"New York",Book,
https://catalog.saclibrary.org/GroupedWork/5a407885-5067-f930-5aba-5783065bcf9f-eng,"Othello: authoritative text, textual sources and cultural contexts, criticism","Shakespeare, William, 1564-1616",9780393264227,,"W.W. Norton & Company",2017,"New York, N.Y",Book,
https://catalog.saclibrary.org/GroupedWork/24a0a3f5-51cd-e6c3-4144-3da7bf1dff8f-eng,"Beat generation: 3-act play","Kerouac, Jack, 1922-1969",9781560258940,,"Thunder's Mouth Press",2005,"New York",Book,
https://catalog.saclibrary.org/GroupedWork/e94f1ffb-3197-26c8-7452-f73a2171bda3-eng,"One woman show: a novel","Coulson, Christine",9781668027783,,"Simon & Schuster Audio; Avid Reader Press",2023,"New York",Book;eAudiobook,"Book::Central: FICTION Coulson, C. - On Shelf,Book::South Natomas: FICTION Coulson, C. - On Shelf,Book::North Natomas: FICTION Coulson, C. - On Shelf"
https://catalog.saclibrary.org/GroupedWork/5e3bd1a7-83ae-f83b-4685-480cde94d08d-eng,"Law & order: Special Victims Unit: The third year, 2001-2002 season",,,025193299826,"Universal Studios Home Entertainment",2007,"Universal City, CA",Book,
https://catalog.saclibrary.org/GroupedWork/a5eba813-6720-6d35-8bdb-1ebaa35c886e-eng,"Dinosaurs: a novel","Millet, Lydia, 1968-",9781324021469,,"W. W. Norton & Company; Dreamscape Media; W.W. Norton & Company",2022,"New York, NY",eAudiobook;Book;eBook,"Book::Carmichael: FICTION Millet, L. - On Shelf,Book::Central: FICTION Millet, L. - On Shelf,Book::Del Paso Heights: FICTION Millet, L. - On Shelf"
https://catalog.saclibrary.org/GroupedWork/04638acd-3157-501b-c776-1c8e2f793809-eng,"The punch: a novel","Hawley, Noah",9781538746530,,"Hachette Audio; Grand Central Publishing",2018,"New York",eAudiobook;Book;eBook,"Book::Central: FICTION Hawley, N. - Checked Out,Book::Belle Cooledge: FICTION Hawley, N. - On Shelf"
https://catalog.saclibrary.org/GroupedWork/2e7163a3-9b3e-ce07-f2d9-dda2ac590864-eng,Bernhardt/Hamlet,"Rebeck, Theresa",9780573708091,,"Samuel French",2019,"[New York]",Book,
https://catalog.saclibrary.org/GroupedWork/2df94a4b-4fd6-9ea1-14e4-024c465eee0b-eng,"The faraway world: stories","Engel, Patricia",9781982159528,,"Simon & Schuster Audio; Avid Reader Press",2023,"New York",Book;eAudiobook,"Book::Carmichael: FICTION Engel, P. - On Shelf,Book::Central: FICTION Engel, P. - On Shelf,Book::Franklin: FICTION Engel, P. - On Shelf"
https://catalog.saclibrary.org/GroupedWork/0740d366-8ebf-4146-4d57-ed3814092a87-eng,"Where the dead sit talking","Hobson, Brandon",9781616958879,,"Highbridge Company; Soho; Soho Press; HighBridge",2018,"New York, NY",eAudiobook;Book;eBook,"Book::Arcade: FICTION Hobson, B. - On Shelf,Book::South Natomas: FICTION Hobson, B. - On Shelf,Book::North Natomas: FICTION Hobson, B. - On Shelf"
https://catalog.saclibrary.org/GroupedWork/5eafd384-f4df-f577-2f27-70862865606d-eng,"The last Karankawas: a novel","Garza, Kimberly, 1985-",9781250819857,,"Henry Holt and Company; Macmillan Audio",2022,"New York",eAudiobook;Book,"Book::Arcade: FICTION Garza, K. - On Shelf,Book::Carmichael: FICTION Garza, K. - On Shelf,Book::Central: FICTION Garza, K. - On Shelf"
https://catalog.saclibrary.org/GroupedWork/54a0bbd5-7d10-9a9e-cbc2-05721e438f85-eng,"3 plays","Wilder, Thornton, 1897-1975",9780060929855,,"Perennial Classics",1998,"New York",Book,
https://catalog.saclibrary.org/GroupedWork/7af24e28-4a95-c5d1-4556-5ad88a78306c-eng,"The last summer of Ada Bloom","Murray, Martine",9781947793613,,"Zando; Tin House Books; Blackstone Publishing",2020,"Portland, Oregon",eBook;Book;eAudiobook,"Book::Central: FICTION Murray, M. - On Shelf,Book::South Natomas: FICTION Murray, M. - On Shelf,Book::North Natomas: FICTION Murray, M. - On Shelf"
https://catalog.saclibrary.org/GroupedWork/00f0718a-5558-89f1-689c-d94738646b3b-eng,"The mars room: a novel","Kushner, Rachel",9781476756554,,"Simon & Schuster Audio; Scribner",2018,"New York",eAudiobook;Book;eBook,"Book::Central: FICTION Kushner, R. - On Shelf,Book::Belle Cooledge: FICTION Kushner, R. - On Shelf,Book::Fair Oaks: FICTION Kushner, R. - On Shelf"
https://catalog.saclibrary.org/GroupedWork/f1bd2638-35ef-114a-1c9a-237462769d38-eng,"Listen to the marriage","Osborn, John Jay",9780374192020,,"Farrar, Straus and Giroux; Macmillan Audio","2018 - 2024","New York",eAudiobook;eBook;Book,"Book::Carmichael: FICTION Osborn, J. - On Shelf,Book::Central: FICTION Osborn, J. - On Shelf,Book::Folsom Adult: FICTION Osborn, J. - On Shelf"
https://catalog.saclibrary.org/GroupedWork/43de973d-13a2-8288-7c5e-72805ebf26fe-eng,"If we're being honest","Shook, Cat, 1993-",9781250847546,,"Celadon Books; Macmillan Audio",2023,"New York",eAudiobook;Book;eBook,"Book::Arcade: FICTION Shook, C. - On Shelf,Book::Central: FICTION Shook, C. - On Shelf,Book::Elk Grove: FICTION Shook, C. - On Shelf"
https://catalog.saclibrary.org/GroupedWork/b74a951a-e0b2-0cfc-7171-7441bc2aad95-eng,"Sharks in the time of saviors","Washburn, Kawai Strong, 1980-",9781250787316,,"Recorded Books, Inc.; Farrar, Straus and Giroux; MCD/Farrar, Straus and Giroux",2020,"New York",eAudiobook;Book;eBook,"Book::Franklin: FICTION Washburn, K. - On Shelf,Book::Pocket-Greenhaven: FICTION Washburn, K. - On Shelf,Book::Sacramento Public Library Storage: FICTION Washburn, K. - On Shelf"
https://catalog.saclibrary.org/GroupedWork/ee9c78cb-d8e0-31c3-fc4a-cbc7713546bb-eng,"Women talking","Toews, Miriam, 1964-",9781635572582,,"Recorded Books, Inc.; Bloomsbury; Bloomsbury Publishing",2019,"New York, NY",eAudiobook;eBook;Book,"Book::Carmichael: FICTION Toews, M. - On Shelf,Book::Central: FICTION Toews, M. - On Shelf,Book::Elk Grove: FICTION Toews, M. - On Shelf"
https://catalog.saclibrary.org/GroupedWork/1406e811-fc65-2572-3ad3-3bdbedcca8b7-eng,"A walk on the wild side","Algren, Nelson, 1909-1981",9780374525323,,"Blackstone Publishing; Noonday Press","1998 - 2009","New York",eAudiobook;Book,"Book::Central: FICTION Algren, N. - On Shelf"
https://catalog.saclibrary.org/GroupedWork/53d7d63d-69e9-a509-6d29-213e0db490d4-eng,"The lost world","Doyle, Arthur Conan, 1859-1930",9781680572131,,"Looking Glass Library; distributed by Random House; Hodder and Stoughton, George H. Doran Company; Hodder and Stroughton; Hodder & Stoughton; WordFire Press; L.A. Theatre Works; Aude Classics","1912 - 2024","New York; Los Angeles, Calif; London, New York, Toronto",eAudiobook;eBook;Book,
https://catalog.saclibrary.org/GroupedWork/4ce3c563-6199-5a55-0868-606966cdbe0c-eng,Toad,"Dunn, Katherine, 1945-2016",9780374602321,,"MCD / Farrar, Straus and Giroux; Macmillan Audio",2022,"New York",eAudiobook;Book,"Book::Arcade: FICTION Dunn, K. - On Shelf,Book::Carmichael: FICTION Dunn, K. - Checked Out,Book::Central: FICTION Dunn, K. - On Shelf"
https://catalog.saclibrary.org/GroupedWork/3003ee6b-90cb-e2b0-a7d2-b32383a726f0-eng,"Midwinter break","MacLaverty, Bernard",9780393609622,,"Highbridge Company; W. W. Norton & Company; HighBridge; W.W. Norton & Company",2017,"New York",eAudiobook;Book;eBook,"Book::Arcade: FICTION MacLaverty, B. - Checked Out,Book::Central: FICTION MacLaverty, B. - Checked Out,Book::South Natomas: FICTION MacLaverty, B. - Checked Out"
https://catalog.saclibrary.org/GroupedWork/3517ad4a-23b4-6e85-e243-bffb3c546fc7-eng,Absolution,"McDermott, Alice",9780374610487,,"Farrar, Straus and Giroux; Macmillan Audio",2023,"New York",eAudiobook;Book;eBook,"Book::Arcade: FICTION McDermott, A. - On Shelf,Book::Carmichael: FICTION McDermott, A. - On Shelf,Book::Central: FICTION McDermott, A. - On Shelf"
https://catalog.saclibrary.org/GroupedWork/1114a61a-4a72-3246-762b-658458466179-eng,"Let me be like water","Perry, S. K",9781612197265,,"W. F. Howes Ltd; Melville House","2018 - 2019",Brooklyn,eBook;Book;eAudiobook,"Book::Arcade: FICTION Perry, S. - On Shelf,Book::Central: FICTION Perry, S. - On Shelf"
https://catalog.saclibrary.org/GroupedWork/4ec00da6-4570-2b87-227e-b352560417d6-eng,"The story of my teeth","Luiselli, Valeria, 1983-",9781566894098,,"Coffee House Press; Blackstone Publishing","2015 - 2016",Minneapolis,eAudiobook;Book;eBook,"Book::Central: FICTION Luiselli, V. - On Shelf,Book::North Natomas: FICTION Luiselli, V. - On Shelf,Book::Southgate: FICTION Luiselli, V. - On Shelf"
https://catalog.saclibrary.org/GroupedWork/5f75c0f1-e0c5-02f7-9901-f4fea406ab2a-eng,"The judges: a novel","Wiesel, Elie, 1928-",9780375409097,,"Recorded Books, Inc.; Knopf Doubleday Publishing Group; Knopf","2002 - 2007","New York",eBook;Book;eAudiobook,
https://catalog.saclibrary.org/GroupedWork/b694ae10-8774-6feb-3010-226767076d04-eng,"Celia's song","Maracle, Lee",9781770864511,,"Cormorant Books; Bespeak Audio Editions","2014 - 2024","Toronto, Ontario",eBook;Book;eAudiobook,"Book::Arcade: FICTION Maracle, L. - On Shelf,Book::Central: FICTION Maracle, L. - On Shelf"
https://catalog.saclibrary.org/GroupedWork/71336d99-2547-471f-f665-c46e12b8333a-eng,"The night swimmers","Rock, Peter, 1967-",9781641290005,,"Highbridge Company; Soho; Soho Press; HighBridge",2019,"New York, NY",eAudiobook;Book;eBook,"Book::Central: FICTION Rock, P. - On Shelf"
https://catalog.saclibrary.org/GroupedWork/7e953767-2687-0f1b-3a35-8c2fc5c38391-eng,"First among equals","Archer, Jeffrey, 1940-",9780671504069,,"Linden Press/Simon & Schuster; St. Martin's Publishing Group; Macmillan Audio","1984 - 2014","New York",eAudiobook;Book;eBook,
https://catalog.saclibrary.org/GroupedWork/856d059a-d971-1a65-0e86-10c07c9e1dd9-eng,"Leaving: a novel","Robinson, Roxana",9781324065388,,"Highbridge Company; W. W. Norton & Company; HighBridge; W.W. Norton & Company",2024,"New York, NY",eAudiobook;eBook;Book,"Book::Central: FICTION Robinson, R. - On Shelf,Book::Franklin: FICTION Robinson, R. - On Shelf,Book::McClatchy: FICTION Robinson, R. - On Shelf"
https://catalog.saclibrary.org/GroupedWork/04d54edc-3c8b-edcb-402a-914b3ff67942-eng,"When I sing, mountains dance: a novel","Solà, Irene, 1990-",9781644450802,,"Highbridge Company; Graywolf Press",2022,"Minneapolis, Minnesota",eBook;Book;eAudiobook,"Book::Central: FICTION Sola, I. - On Shelf,Book::McKinley: FICTION Sola, I. - On Shelf,Book::South Natomas: FICTION Sola, I. - On Shelf"
https://catalog.saclibrary.org/GroupedWork/062d50bd-f744-347a-cbbb-dfc358bde009-eng,"Romeo and Juliet: text of the play : sources, contexts, and early rewritings : criticism and later rewritings","Shakespeare, William, 1564-1616",9780393926262,,"W.W. Norton & Company",2017,"New York",Book,
https://catalog.saclibrary.org/GroupedWork/5f4123d9-bc68-6257-2c14-cc33bcc83be9-eng,"Miss Jane: a novel","Watson, Brad",9780393241730,,"Recorded Books, Inc.; W. W. Norton & Company; W.W. Norton & Company",2016,"New York",eBook;Book;eAudiobook,"Book::Central: FICTION Watson, B. - On Shelf"
https://catalog.saclibrary.org/GroupedWork/0271c61a-18da-4746-1c8c-a9bc1ef42006-eng,"The edge of water: a novel","Bankole, Olufunke Grace",9781963108057,,"Zando; Dreamscape Media; Tin House",2025,"Portland, Oregon",eBook;Book;eAudiobook,"Book::Central: FICTION Bankole, O. - On Shelf,Book::Colonial Heights: FICTION Bankole, O. - On Shelf,Book::Franklin: FICTION Bankole, O. - On Shelf"
https://catalog.saclibrary.org/GroupedWork/bdbc6484-6dfd-226c-2b73-4acd11259307-eng,"What I'd rather not think about","Posthuma, Jente",9781957363356,,"W. F. Howes Ltd; Scribe Publications; Scribe Publications Pty Ltd","2023 - 2025","Brunswick, Victoria",eBook;Book;eAudiobook,"Book::Carmichael: FICTION Posthuma, J. - On Shelf,Book::Central: FICTION Posthuma, J. - On Shelf,Book::Orangevale: FICTION Posthuma, J. - On Shelf"
https://catalog.saclibrary.org/GroupedWork/d1081969-3cfa-6d59-0fb7-a01897285d6c-eng,"Evil flowers: stories","Øyehaug, Gunnhild, 1975-",9780374604745,,"Farrar, Straus and Giroux; Spotify Audiobooks",2023,"New York",eBook;Book;eAudiobook,"Book::Franklin: FICTION Oyehaug, G. - On Shelf,Book::McKinley: FICTION Oyehaug, G. - On Shelf,Book::North Natomas: FICTION Oyehaug, G. - On Shelf"
https://catalog.saclibrary.org/GroupedWork/6b3e7e70-b693-8cb6-17a3-bec745350890-eng,"Evensong: a novel","Southwood, Kate",9780393608595,,"Blackstone Publishing; W.W. Norton & Company",2017,"New York",Book;eAudiobook,"Book::Galt: FICTION Southwood, K. - On Shelf"
https://catalog.saclibrary.org/GroupedWork/659c9494-41f5-4674-5cb6-6fd01f1ecaaa-eng,"These ghosts are family: a novel","Card, Maisy",9781982117436,,"Simon & Schuster Audio; Simon & Schuster",2020,"New York",eAudiobook;Book;eBook,"Book::Arcade: FICTION Card, M. - On Shelf,Book::Central: FICTION Card, M. - On Shelf,Book::Elk Grove: FICTION Card, M. - On Shelf"
https://catalog.saclibrary.org/GroupedWork/4fbe1cbe-dbfc-6ebc-e765-578f088a40f2-eng,Trick,"Starnone, Domenico, 1943-",9781609454449,,"Tantor Media, Inc.; Europa Editions","2018 - 2019","New York",eBook;Book;eAudiobook,"Book::Valley Hi-North Laguna: FICTION Starnone, D. - On Shelf"
https://catalog.saclibrary.org/GroupedWork/31e719d2-6178-3497-8302-33a0e9ab2d75-eng,"Telephone: a novel","Everett, Percival",9781644450222,,"Tantor Media, Inc.; Tantor Media, Inc; Graywolf Press","2020 - 2023","Minneapolis, Minnesota",eAudiobook;Book;eBook,"Book::Arden-Dimick: FICTION Everett, P. - Checked Out,Book::Central: FICTION Everett, P. - On Shelf,Book::Fair Oaks: FICTION Everett, P. - On Shelf"
https://catalog.saclibrary.org/GroupedWork/98a6bf3c-5727-05ad-01a3-dfb54f4920df-eng,"We two alone: stories","Wang, Jack, 1972-",9780063081789,,"HarperCollins; HarperAudio; HarperVia, an imprint of HarperCollinsPublishers",2021,"New York, NY",eBook;Book;eAudiobook,"Book::Central: FICTION Wang, J. - On Shelf,Book::Elk Grove: FICTION Wang, J. - Checked Out,Book::Pocket-Greenhaven: FICTION Wang, J. - On Shelf"
https://catalog.saclibrary.org/GroupedWork/959474ef-18fd-1f0f-66d7-9be8440ac92f-eng,"The souvenir museum: stories","McCracken, Elizabeth",9780062971289,,"Ecco, an imprint of HarperCollinsPublishers; HarperCollins; HarperAudio; Ecco",2021,"New York, NY",eAudiobook;eBook;Book,"Book::Carmichael: FICTION McCracken, E. - On Shelf,Book::Central: FICTION McCracken, E. - On Shelf,Book::Franklin: FICTION McCracken, E. - On Shelf"
https://catalog.saclibrary.org/GroupedWork/1f01c65f-6e52-c87b-72aa-606f8cb7c24b-eng,"A shooting star","Stegner, Wallace, 1909-1993",9780140252415,,"Blackstone Publishing; Penguin Books","1996 - 2011","New York",eAudiobook;Book,"Book::Central: FICTION Stegner, W. - On Shelf,Book::South Natomas: FICTION Stegner, W. - On Shelf,Book::North Natomas: FICTION Stegner, W. - On Shelf"
https://catalog.saclibrary.org/GroupedWork/cee9c6be-10f9-d822-0c87-66f08f4a6fd7-eng,"Perestroika in Paris","Smiley, Jane",9780525436096,,"Recorded Books, Inc.; Alfred A. Knopf; Knopf Doubleday Publishing Group",2020,"New York",eAudiobook;Book;eBook,"Book::Arcade: FICTION Smiley, J. - On Shelf,Book::Central: FICTION Smiley, J. - On Shelf,Book::Belle Cooledge: FICTION Smiley, J. - On Shelf"
https://catalog.saclibrary.org/GroupedWork/9e6a8bda-ac32-2000-801b-a812d43f92a2-eng,"Geek love","Dunn, Katherine, 1945-2016",9780375713347,,"Recorded Books, Inc.; Knopf Doubleday Publishing Group; Knopf","1989 - 2011","New York",eAudiobook;Book;eBook,"Book::Central: FICTION Dunn, K. - On Shelf,Book::North Natomas: FICTION Dunn, K. - On Shelf,Book::Southgate: FICTION Dunn, K. - Checked Out"
https://catalog.saclibrary.org/GroupedWork/499885b5-ae5e-7787-3273-ac7df4998516-eng,"Welcome home, stranger: a novel","Christensen, Kate, 1962-",9780063299702,,"HarperCollins; HarperAudio; Harper, an imprint of HarperCollinsPublishers",2023,"New York, NY",eAudiobook;eBook;Book,"Book::Franklin: FICTION Christensen, K. - On Shelf,Book::North Natomas: FICTION Christensen, K. - On Shelf,Book::Rancho Cordova: FICTION Christensen, K. - On Shelf"
https://catalog.saclibrary.org/GroupedWork/78b83f15-8ca2-5a68-449c-0a828f7719cb-eng,"Tell me who we were: stories","McQuade, Kate",9780062869791,,"HarperCollins; HarperAudio; William Morrow, an imprint of HarperCollinsPublishers",2019,"New York, NY",eBook;Book;eAudiobook,"Book::Carmichael: FICTION McQuade, K. - On Shelf,Book::Central: FICTION McQuade, K. - On Shelf,Book::North Natomas: FICTION McQuade, K. - On Shelf"
https://catalog.saclibrary.org/GroupedWork/a0c6ac57-72f9-eb76-d6f5-be6ba92ae85d-eng,"Solar bones","McCormack, Mike, 1965-",9781616958534,,"Recorded Books, Inc.; Soho Press",2017,"New York, NY",eBook;Book;eAudiobook,"Book::Carmichael: FICTION McCormack, M. - On Shelf,Book::Central: FICTION McCormack, M. - On Shelf"
https://catalog.saclibrary.org/GroupedWork/0f58a282-80a6-57a5-930b-e3d3cc47ea02-eng,"Sophocles I",Sophocles,9780226307923,,"University of Chicago Press",1991,"Chicago, IL",Book,
https://catalog.saclibrary.org/GroupedWork/130d8585-42d5-79c5-2a08-8886d72dde6b-eng,"Collected stories","Hazzard, Shirley, 1931-2016",9780374126483,,"Recorded Books, Inc.; Farrar, Straus and Giroux","2020 - 2024","New York",eBook;Book;eAudiobook,"Book::Central: FICTION Hazzard, S. - On Shelf,Book::Franklin: FICTION Hazzard, S. - On Shelf,Book::North Natomas: FICTION Hazzard, S. - On Shelf"
https://catalog.saclibrary.org/GroupedWork/8ba6e731-f0a3-148f-c6fa-84c608e3ca80-eng,"Birds of a lesser paradise: stories","Bergman, Megan Mayhew",9781451643350,,"Simon & Schuster Audio; Scribner",2012,"New York",Book;eAudiobook,"Book::Central: FICTION Bergman, M. - On Shelf,Book::Woodland Public Library: FICTION Bergman, M. - On Shelf"
https://catalog.saclibrary.org/GroupedWork/50b6915c-c6a5-6985-6118-a8b0901866a1-eng,"How to Get Filthy Rich in Rising Asia","Hamid, Mohsin, 1971-",9781594487293,,"Dreamscape Media; Penguin Publishing Group; Riverhead Books, a member of Penguin Group (USA)",2013,"New York",eAudiobook;Book;eBook,"Book::Belle Cooledge: FICTION Hamid, M. - Checked Out,Book::South Natomas: FICTION Hamid, M. - On Shelf"
https://catalog.saclibrary.org/GroupedWork/91fb45b3-ef0f-399d-629c-fb87c777c335-eng,"Maria, Maria: and other stories","Rubio, Marytza K",9781324090540,,"Tantor Media, Inc.; Liveright Publishing Corporation, a division of W.W. Norton & Company",2022,"New York, NY",Book;eAudiobook,"Book::Carmichael: FICTION Rubio, M. - On Shelf,Book::Central: FICTION Rubio, M. - On Shelf,Book::Belle Cooledge: FICTION Rubio, M. - On Shelf"
https://catalog.saclibrary.org/GroupedWork/0e330f2a-a697-89fc-2f4e-3b263db33e61-eng,"A Doubter's almanac: a novel","Canin, Ethan",9781400068265,,"Recorded Books, Inc.; Random House Publishing Group",2016,"New York (State)",eBook;Book;eAudiobook,"Book::Central: FICTION Canin, E. - On Shelf,Book::Elk Grove: FICTION Canin, E. - On Shelf"
https://catalog.saclibrary.org/GroupedWork/49a04c61-4fba-74ef-597b-264e4fb1afff-eng,Autumn,"Smith, Ali, 1962-",9781101870730,,"Recorded Books, Inc.; Knopf Doubleday Publishing Group; Pantheon Books",2017,"New York",eAudiobook;eBook;Book,
https://catalog.saclibrary.org/GroupedWork/3f2d4ae2-eee3-a57d-5b0d-d94abd884950-eng,"Earthlings: a novel","Murata, Sayaka, 1979-",9780802157010,,"Grove Press; Blackstone Publishing; Grove Atlantic","2020 - 2021","New York",eAudiobook;eBook;Book,"Book::Central: FICTION Murata, S. - Checked Out,Book::Elk Grove: FICTION Murata, S. - Checked Out,Book::Williams Branch Library Adult Collection: Fic - Checked Out"
https://catalog.saclibrary.org/GroupedWork/b49e4c29-d92e-e14a-7116-e9faf3fd5244-eng,"Biography of X: a novel","Lacey, Catherine, 1985-",9780374606176,,"Recorded Books, Inc.; Farrar, Straus and Giroux",2023,"New York",eAudiobook;Book;eBook,"Book::Carmichael: FICTION Lacey, C. - On Shelf,Book::Central: FICTION Lacey, C. - On Shelf,Book::South Natomas: FICTION Lacey, C. - On Shelf"
https://catalog.saclibrary.org/GroupedWork/84a1cf54-d802-6a57-f3da-c80da3ead106-eng,"The Bartender's Cure","Straton, Wesley",9781250809070,,"Macmillan Audio; Flatiron Books",2022,"New York",eAudiobook;Book,"Book::Carmichael: FICTION Straton, W. - On Shelf,Book::Central: FICTION Straton, W. - On Shelf,Book::Franklin: FICTION Straton, W. - On Shelf"
https://catalog.saclibrary.org/GroupedWork/f2b709fa-da4e-a4c3-bd60-9a7079fbbbac-eng,"The cherry orchard","Chekhov, Anton Pavlovich, 1860-1904",9780521576703,,"Cambridge University Press; L.A. Theatre Works","1996 - 2001","Los Angeles, Calif; Cambridge",eAudiobook;Book,
https://catalog.saclibrary.org/GroupedWork/0094d4cc-942b-f389-a52e-4822f1f8d5cc-eng,"Reality and other stories","Lanchester, John",9780393540918,,"Tantor Media, Inc.; W.W. Norton & Company",2021,"New York, N.Y",Book;eAudiobook,"Book::Central: FICTION Lanchester, J. - On Shelf,Book::Elk Grove: FICTION Lanchester, J. - On Shelf,Book::Fair Oaks: FICTION Lanchester, J. - On Shelf"
https://catalog.saclibrary.org/GroupedWork/14a07b4f-c5a7-3be4-8ad5-c85df891e2a0-eng,Katerina,"Frey, James, 1969-",9781982101442,,"Simon & Schuster Audio; Scout Press",2018,"New York",eAudiobook;Book,"Book::Carmichael: FICTION Frey, J. - On Shelf,Book::Central: FICTION Frey, J. - On Shelf,Book::North Natomas: FICTION Frey, J. - On Shelf"
https://catalog.saclibrary.org/GroupedWork/13ce8778-00fd-638a-4876-92913ad8128f-eng,"Full measure: a novel","Parker, T. Jefferson",9781250052001,,"St. Martin's Press; St. Martin's Publishing Group; Macmillan Audio",2014,"New York",eBook;Book;eAudiobook,"Book::Central: FICTION Parker, T. - On Shelf,Book::Sutter County Main Branch: FICTION Parker, T. - On Shelf"
https://catalog.saclibrary.org/GroupedWork/b796ef36-dfc4-4e0c-9cad-7a6cb6781268-eng,"Notes on your sudden disappearance: a novel","Espach, Alison, 1984-",9781250823144,,"Henry Holt and Company; Henry Holt and Co.; Macmillan Audio",2022,"New York",eAudiobook;Book;eBook,"Book::Arcade: FICTION Espach, A. - On Shelf,Book::Central: FICTION Espach, A. - Checked Out,Book::Fair Oaks: FICTION Espach, A. - On Shelf"
https://catalog.saclibrary.org/GroupedWork/3a0a56f5-3e27-237a-da58-e1b4cc87dcaa-eng,Vineland,"Pynchon, Thomas",9780141180632,,"Recorded Books, Inc.; Little, Brown; Penguin Publishing Group","1990 - 2018",Boston,eAudiobook;eBook;Book,"Book::Carmichael: FICTION Pynchon, T. - Checked Out,Book::Central: FICTION Pynchon, T. - Checked Out,Book::Belle Cooledge: FICTION Pynchon, T. - Checked Out"
https://catalog.saclibrary.org/GroupedWork/007d5e79-228c-d27d-5850-377404fe9f99-eng,"Open house: a novel","Berg, Elizabeth",9780375506031,,"Highbridge Company; HighBridge; Random House; Random House Publishing Group",2000,"New York",eAudiobook;Book;eBook,"Book::Orangevale: FICTION Berg, E. - On Shelf,Book::Arbuckle Branch Library Adult Collection: Fic - On Shelf,Book::Colusa Main Branch Adult Collection: Fic - On Shelf"
https://catalog.saclibrary.org/GroupedWork/6edfd203-c298-d093-5d5f-5eb182c212b5-eng,"Above us only sky","Young-Stone, Michele",9781451657678,,"Highbridge Company; Simon & Schuster",2015,"New York",Book;eAudiobook,"Book::North Natomas: FICTION Young-Stone, M. - On Shelf"
https://catalog.saclibrary.org/GroupedWork/9d87a249-2a96-f43a-6fd7-166f0fa5cb9b-eng,"Men and apparitions: a novel","Tillman, Lynne",9781593766795,,"Soft Skull; Highbridge Company",2018,"New York",Book;eAudiobook,"Book::Southgate: FICTION Tillman, L. - On Shelf"
https://catalog.saclibrary.org/GroupedWork/2868906e-5cab-802d-4590-efe73f105f39-eng,Demi-gods,"Robertson, Eliza",9781635570700,,"W. F. Howes Ltd; Bloomsbury Publishing",2018,"New York",eBook;Book;eAudiobook,"Book::Central: FICTION Robertson, E. - On Shelf,Book::Valley Hi-North Laguna: FICTION Robertson, E. - Checked Out"
https://catalog.saclibrary.org/GroupedWork/3570401f-9b05-e28f-1de1-560e2f270f51-eng,"Half gods","Kumarasamy, Akil, 1988-",9780374167677,,"Farrar, Straus and Giroux; Macmillan Audio",2018,"New York",eBook;Book;eAudiobook,"Book::Central: FICTION Kumarasamy, A. - On Shelf"
https://catalog.saclibrary.org/GroupedWork/f1997e76-c64a-b141-40db-36515a14bc17-eng,"The weeds","Smith, Katy Simpson, 1985-",9780374605476,,"Farrar, Straus and Giroux; Dreamscape Media",2023,"New York",Book;eAudiobook,"Book::Central: FICTION Smith, K. - On Shelf,Book::Fair Oaks: FICTION Smith, K. - On Shelf,Book::South Natomas: FICTION Smith, K. - On Shelf"
https://catalog.saclibrary.org/GroupedWork/8b21bdcd-109a-eebb-89eb-5d3f56eeb685-eng,"The ebony tower","Fowles, John, 1926-2005",9780316290937,,"Tantor Media, Inc.; Little, Brown and Company; Little, Brown","1974 - 2021",Boston,eBook;Book;eAudiobook,"Book::Central: FICTION Fowles - On Shelf"
https://catalog.saclibrary.org/GroupedWork/9b3b98b2-f594-bbdf-8b3c-e4a9e3edf362-eng,"Tears of the trufflepig","Flores, Fernando A., 1982-",9780374538330,,"Farrar, Straus and Giroux, MCD x FSG Originals; Farrar, Straus and Giroux; MCD x FSG Originals; Macmillan Audio","2019 - 2024","New York",eAudiobook;eBook;Book,"Book::Central: FICTION Flores, F. - On Shelf,Book::South Natomas: FICTION Flores, F. - On Shelf,Book::Orangevale: FICTION Flores, F. - On Shelf"
https://catalog.saclibrary.org/GroupedWork/9ef7314c-76b2-3963-763a-4191d2b5f244-eng,"The wagers","Michaels, Sean, 1982-",9781947793637,,"Tin House Books; HighBridge; Highbridge Company",2020,"Portland, Oregon",eAudiobook;Book,"Book::Arcade: FICTION Michaels, S. - On Shelf,Book::Carmichael: FICTION Michaels, S. - On Shelf,Book::Central: FICTION Michaels, S. - On Shelf"
https://catalog.saclibrary.org/GroupedWork/cd1dffbf-7d4f-884d-6781-115ada532e05-eng,"The pilot's wife: a novel","Shreve, Anita",9780316789080,,"Hachette Audio; Little, Brown and Company; Little, Brown","1998 - 2013",Boston,eAudiobook;Book;eBook,
https://catalog.saclibrary.org/GroupedWork/923b8484-3504-3c5a-bc6d-22c961e422cb-eng,"Problems with People: Stories","Guterson, David",9780385351485,,"Recorded Books, Inc.; Alfred A. Knopf; Knopf Doubleday Publishing Group",2014,"New York",eBook;Book;eAudiobook,"Book::Central: FICTION Guterson, D. - On Shelf,Book::South Natomas: FICTION Guterson, D. - On Shelf"
https://catalog.saclibrary.org/GroupedWork/749ed9f4-ad14-451b-360d-92d3e7842607-eng,Quotients,"O'Neill, Tracy",9781641291118,,"Highbridge Company; Soho; Soho Press; HighBridge",2020,"New York, NY",eAudiobook;eBook;Book,"Book::Central: FICTION O'Neill, T. - On Shelf,Book::Woodland Public Library: FICTION O'Neill, T. - On Shelf"
https://catalog.saclibrary.org/GroupedWork/249408fc-56c9-ac17-684d-1f4c36022920-eng,"The art of racing in the rain: a novel","Stein, Garth",9780061537936,,"HarperCollins; HarperAudio; Harper Audio; Harper","2008 - 2009","New York","eAudiobook;Audiobook - CD;eBook;Large Print;Book","Book::Central: FICTION Stein, G. - Checked Out,Book::South Natomas: FICTION Stein, G. - On Shelf,Book::Arbuckle Branch Library Adult Collection: Fic - On Shelf"
https://catalog.saclibrary.org/GroupedWork/29c09fb8-c728-d10b-e732-099a5580ca57-eng,Purity,"Franzen, Jonathan",9780374239213,,"Bond Street Books; Farrar, Straus and Giroux; Macmillan Audio",2015,"New York; [Toronto, Ontario]",eAudiobook;Book;eBook,"Book::Belle Cooledge: FICTION Franzen, J. - Checked Out,Book::Pocket-Greenhaven: FICTION Franzen, J. - On Shelf"
https://catalog.saclibrary.org/GroupedWork/a395a132-c302-ec5e-0978-02b63c33b8fc-eng,"The promise","Galgut, Damon, 1963-",9781609456580,,"Europa Editions",2021,"New York, N.Y",eAudiobook;eBook;Book,"Book::Central: FICTION Galgut, D. - On Shelf,Book::Fair Oaks: FICTION Galgut, D. - On Shelf,Book::South Natomas: FICTION Galgut, D. - On Shelf"
https://catalog.saclibrary.org/GroupedWork/a9b9a02d-7325-2a4c-48ea-d077f6933e33-eng,"Adjustment day","Palahniuk, Chuck",9780393652598,,"Recorded Books, Inc.; W. W. Norton & Company",2018,"New York",Book;eAudiobook,"Book::Central: FICTION Palahniuk, C. - On Shelf,Book::Belle Cooledge: FICTION Palahniuk, C. - On Shelf,Book::Fair Oaks: FICTION Palahniuk, C. - On Shelf"
https://catalog.saclibrary.org/GroupedWork/db676693-67ec-8766-8e98-93829f516472-eng,"Thrilled to death: selected stories","Tillman, Lynne",9781593767198,,"Soft Skull; Highbridge Company",2025,"New York",Book;eAudiobook,"Book::Carmichael: FICTION Tillman, L. - On Shelf,Book::Central: FICTION Tillman, L. - On Shelf,Book::Colonial Heights: FICTION Tillman, L. - On Shelf"
https://catalog.saclibrary.org/GroupedWork/5851efe8-6886-9317-b93c-33925bc6b438-eng,"You will know the truth: a thriller","Thornton, Leslie T",9780986094156,,"Sweet Read Publishing",2021,"Wilmington, NC",eBook;Book,"Book::Central: FICTION Thornton, L. - On Shelf"
https://catalog.saclibrary.org/GroupedWork/4f42154e-c020-8e5a-a681-6be75fc0ef96-eng,"The trees","Richter, Conrad, 1890-1968",9781494537319,,"Tantor Media, Inc.; Knopf Doubleday Publishing Group; Knopf","1940 - 2019","New York",eBook;Book;eAudiobook,
https://catalog.saclibrary.org/GroupedWork/bf307dbf-aef5-24e5-f7e4-300ee1c6f75e-eng,"Family family: a novel","Frankel, Laurie",9781250236807,,"Henry Holt and Company; Thorndike Press, a part of Gale, a Cengage company; Henry Holt and Co.; Macmillan Audio",2024,"New York; [Waterville, Maine]","eAudiobook;Large Print;eBook;Book","Book::Carmichael: FICTION Frankel, L. - On Shelf,Book::Central: FICTION Frankel, L. - On Shelf,Book::Fair Oaks: FICTION Frankel, L. - On Shelf"
https://catalog.saclibrary.org/GroupedWork/e48e7470-a899-02e0-9264-953fc4fa337c-eng,"King Lear: an authoritative text, sources, criticism, adaptations, and responses","Shakespeare, William, 1564-1616",9780393926644,,"W.W. Norton & Company",2008,"New York",Book,
https://catalog.saclibrary.org/GroupedWork/3f34b478-32ed-20b5-7778-7e26b356e155-eng,"All that's left unsaid: a novel","Lien, Tracey",9780063227736,,"HarperCollins; HarperAudio; William Morrow, an imprint of HarperCollinsPublishers",2022,"New York, NY",eAudiobook;eBook;Book,"Book::Carmichael: FICTION Lien, T. - On Shelf,Book::Central: FICTION Lien, T. - On Shelf,Book::Belle Cooledge: FICTION Lien, T. - On Shelf"
https://catalog.saclibrary.org/GroupedWork/c3572026-bf45-f470-add7-4792f0d67483-eng,"There is happiness: new and selected stories","Watson, Brad",9781324076421,,"Tantor Media, Inc; W.W. Norton & Company",2024,"New York, NY",Book;eAudiobook,"Book::Central: FICTION Watson, B. - On Shelf,Book::Belle Cooledge: FICTION Watson, B. - On Shelf,Book::Elk Grove: FICTION Watson, B. - On Shelf"
https://catalog.saclibrary.org/GroupedWork/8461a31f-b9ed-9b69-fe75-465e9b77901e-eng,"Natural history: stories","Barrett, Andrea",9781324035190,,"Highbridge Company; W. W. Norton & Company; HighBridge; W.W. Norton & Company",2022,"New York, NY",eAudiobook;Book;eBook,"Book::Arcade: FICTION Barrett, A. - On Shelf,Book::Carmichael: FICTION Barrett, A. - On Shelf,Book::Central: FICTION Barrett, A. - On Shelf"
https://catalog.saclibrary.org/GroupedWork/53928479-8eba-4a86-4dff-1791446c44e7-eng,"The Oresteia of Aeschylus",Aeschylus,9780374227234,,"Farrar, Straus, Giroux",1978,"New York",Book,
https://catalog.saclibrary.org/GroupedWork/821b1a76-23ac-db3b-9366-b0411893a06e-eng,"Just jazz: poems and plays","Bunch, Richard Alan, 1945-",9780741498502,,"Infinity Publishing",2013,"West Conshohocken, PA",Book,
https://catalog.saclibrary.org/GroupedWork/c0def540-1769-5810-56e9-33809733485f-eng,Aquarium,"Vann, David",9780802123527,,"Atlantic Monthly Press; Blackstone Publishing; Grove Atlantic",2015,"New York",eBook;Book;eAudiobook,"Book::Central: FICTION Vann, D. - On Shelf,Book::Folsom Adult: FICTION Vann, D. - On Shelf"
https://catalog.saclibrary.org/GroupedWork/de19f593-abcf-4788-96b1-c47dedb10668-eng,"The leftover woman: a novel","Kwok, Jean",9780063031463,,"HarperCollins; Harpercollins Publishers; HarperAudio; William Morrow, an imprint of HarperCollins Publishers",2023,"New York; [United States]","eAudiobook;Audiobook - CD;eBook;Book","Book::Arcade: FICTION Kwok, J. - On Shelf,Book::Central: FICTION Kwok, J. - On Shelf,Book::Belle Cooledge: FICTION Kwok, J. - On Shelf"
https://catalog.saclibrary.org/GroupedWork/d8d39fe0-7528-f641-8636-a4d6d81b7728-eng,"Once there were wolves: a novel","McConaghy, Charlotte",9781250244147,,"Macmillan Audio; Flatiron Books",2021,"New York",eAudiobook;Book;eBook,"Book::Arcade: FICTION McConaghy, C. - On Shelf,Book::Carmichael: FICTION McConaghy, C. - OFF CAMPUS,Book::Central: FICTION McConaghy, C. - Checked Out"
https://catalog.saclibrary.org/GroupedWork/98cf68bd-b77a-160f-8f32-4ba5a5943c68-eng,"The Great Santini","Conroy, Pat",9780553381559,,"Bantam Books; HarperCollins; HarperAudio; Open Road Media","2002 - 2023","New York",eAudiobook;eBook;Book,
https://catalog.saclibrary.org/GroupedWork/fb33ed54-bd98-1e63-668f-86eac52d0636-eng,"Voices in the night: stories","Millhauser, Steven",9780385351591,,"Recorded Books, Inc.; Alfred A. Knopf; Knopf Doubleday Publishing Group",2015,"New York",eBook;Book;eAudiobook,"Book::Central: FICTION Millhauser, S. - On Shelf,Book::Rancho Cordova: FICTION Millhauser, S. - On Shelf"
https://catalog.saclibrary.org/GroupedWork/22bf2cd7-69e7-9940-d281-0bfc199a8fb9-eng,"Joe Jones: a novel","Lamott, Anne",9781593760038,,"Highbridge Company; Shoemaker & Hoard; Distributed by Publishers Group West",2003,"[Berkeley, Calif.]; Washington, DC",Book;eAudiobook,"Book::Central: FICTION Lamott, A. - On Shelf,Book::Rancho Cordova: FICTION Lamott, A. - On Shelf"
https://catalog.saclibrary.org/GroupedWork/785e3889-b902-0298-b0ac-4425bc41dd3e-eng,"The scarlet letter","Hawthorne, Nathaniel, 1804-1864",9780451531353,,"Grolier Enterprises Corp; Signet Classics; James R. Osgood and Company; Interactive Media; Project Gutenberg; Penguin; Lerner Publishing Group; Reader's Digest Association; Barnes & Noble Books; Duke Classics; Random House; Books on Tape; Wisehouse Publishing; Barnes & Noble Classics; Kennebec Large Print; Sound Room Pub; Blackstone Audio; Recorded Books, LLC; In Audio; Dover Publications; Dodd, Mead; L.A. Theatre Works; Barnes & Noble","1878 - 2024","New York; Detroit; Prince Frederick, MD; [Sweden]; Pleasantville, N.Y; Los Angeles, Calif; Newport Beach, CA; New York, N.Y; London; Falls Church, Va; Danbury, Conn; [Ashland, OR]; Boston","eAudiobook;Audiobook - CD;eBook;Large Print;Book","Book::Arcade: FICTION Hawthorne, N. - On Shelf,Book::Carmichael: FICTION Hawthorne, N. - On Shelf,Book::Belle Cooledge: FICTION Hawthorne, N. - Checked Out"
https://catalog.saclibrary.org/GroupedWork/b560452d-3dd5-8538-8d49-3da416bb54ce-eng,"The storied life of A. J. Fikry: a novel","Zevin, Gabrielle",9781616203214,,"Algonquin Books of Chapel Hill; Highbridge Company; Little, Brown and Company; HighBridge; HighBridge Audio",2014,"[Minneapolis, MN]; Chapel Hil, North Carolina","eAudiobook;Audiobook - CD;eBook;Book","Book::Belle Cooledge: FICTION Zevin, G. - Checked Out,Book::South Natomas: FICTION Zevin, G. - Checked Out,Book::Pocket-Greenhaven: FICTION Zevin, G. - On Shelf"
https://catalog.saclibrary.org/GroupedWork/992b4744-41c6-21ce-4036-76e6433d740d-eng,"The empty family: stories","Tóibín, Colm, 1955-",9781439195963,,"Simon & Schuster Audio; Scribner",2011,"New York",Book;eAudiobook,"Book::Central: FICTION Toibin, C. - On Shelf"
https://catalog.saclibrary.org/GroupedWork/8b01579b-5e6e-bce2-c43c-0642c22544fa-eng,"About face: a novel","Giraldi, William",9781324091356,,"Highbridge Company; HighBridge; Liveright Publishing Corporation, a division of W.W. Norton & Company",2022,"New York",eAudiobook;Book,"Book::Carmichael: FICTION Giraldi, W. - On Shelf,Book::Central: FICTION Giraldi, W. - On Shelf,Book::Franklin: FICTION Giraldi, W. - On Shelf"
https://catalog.saclibrary.org/GroupedWork/a6072df0-af93-0bf5-7765-28389618d359-eng,"Chasing Wild","Proby, Kristen",9781633501812,,"Ampersand Publishing, Inc; Ampersand Publishing, Inc.",2024,"[Place of publication not identified]",eAudiobook;Book,
https://catalog.saclibrary.org/GroupedWork/fd8afe89-c376-9145-d3b8-cd7c0a7e8d46-eng,"The unchangeable spots of leopards","Jansma, Kristopher",9780670026005,,"Viking; Dreamscape Media",2013,"New York",eAudiobook;Book,"Book::Carmichael: FICTION Jansma, K. - On Shelf,Book::Central: FICTION Jansma, K. - On Shelf"
https://catalog.saclibrary.org/GroupedWork/b8a57252-c7df-e2be-2e19-89cf63de31fd-eng,Jack,"Robinson, Marilynne",9781250832917,,"Farrar, Straus and Giroux; Macmillan Audio",2020,"New York",eAudiobook;Book;eBook,"Book::Arcade: FICTION Robinson, M. - On Shelf,Book::Carmichael: FICTION Robinson, M. - On Shelf,Book::Central: FICTION Robinson, M. - On Shelf"
https://catalog.saclibrary.org/GroupedWork/39b89f8c-5fe7-3baa-f28b-0dbe5d646766-eng,"How to walk away","Center, Katherine",9781250149060,,"St. Martin's Press; St. Martin's Publishing Group; Macmillan Audio",2018,"New York",eAudiobook;Book;eBook,"Book::Arcade: FICTION Center, K. - On Shelf,Book::Central: FICTION Center, K. - On Shelf,Book::North Natomas: FICTION Center, K. - On Shelf"
https://catalog.saclibrary.org/GroupedWork/54b1a00c-873a-9b1e-7dd6-76dd2fb1490c-eng,"The eight mountains: a novel","Cognetti, Paolo, 1978-",9781501169885,,"Simon & Schuster Audio; Atria Books",2018,"New York",eAudiobook;Book,"Book::Central: FICTION Cognetti, P. - On Shelf,Book::South Natomas: FICTION Cognetti, P. - On Shelf,Book::North Natomas: FICTION Cognetti, P. - On Shelf"
https://catalog.saclibrary.org/GroupedWork/8fe21e82-22c8-30f1-d18c-9ee87ca4d7d8-eng,"For love","Miller, Sue, 1943-",9780060179793,,"HarperCollins; HarperAudio","1993 - 2020","New York",eAudiobook;Book,
https://catalog.saclibrary.org/GroupedWork/1063ca5d-2903-28d9-a8ac-f3a34bc5e577-eng,"Days at the Morisaki Bookshop: a novel","Yagisawa, Satoshi, 1977-",9780063278677,,"HarperCollins; Harper Perennial; HarperAudio",2023,"New York",eAudiobook;eBook;Book,"Book::Arcade: FICTION Yagisawa, S. - On Hold Shelf,Book::South Natomas: FICTION Yagisawa, S. - On Shelf,Book::Southgate: FICTION Yagisawa, S. - Checked Out"
https://catalog.saclibrary.org/GroupedWork/11190177-af78-a387-dc7d-5f831fa25561-eng,Mercury,"Burns, Amy Jo, 1981-",9781250908568,,"Celadon Books; Macmillan Audio",2024,"New York",eAudiobook;Book;eBook,"Book::Carmichael: FICTION Burns, A. - On Shelf,Book::Central: FICTION Burns, A. - On Shelf,Book::North Natomas: FICTION Burns, A. - On Shelf"
https://catalog.saclibrary.org/GroupedWork/8daa7bde-8511-7c8e-592f-8438275bc29b-eng,Lurkers,"Tan, Sandi",9781641292559,,"Highbridge Company; Soho; Soho Press; HighBridge",2021,"New York, NY",eAudiobook;Book;eBook,"Book::Carmichael: FICTION Tan, S. - On Shelf,Book::Central: FICTION Tan, S. - On Shelf,Book::South Natomas: FICTION Tan, S. - On Shelf"
https://catalog.saclibrary.org/GroupedWork/277f26d0-b66a-6915-d391-05d40f34e610-eng,"Mid-air: two novellas","Shorr, Victoria",9780393882100,,"Highbridge Company; W.W. Norton & Company",2022,"New York, NY",Book;eAudiobook,"Book::Arcade: FICTION Shorr, V. - On Shelf,Book::Central: FICTION Shorr, V. - On Shelf,Book::North Natomas: FICTION Shorr, V. - Checked Out"
https://catalog.saclibrary.org/GroupedWork/2e1f30a9-976e-03d3-cdb0-7b86f97f122f-eng,"I am Not Sidney Poitier: a novel","Everett, Percival",9781555975272,,"Tantor Media, Inc.; Tantor Media, Inc; Graywolf Press","2009 - 2023","Saint Paul, Minn",eAudiobook;Book;eBook,"Book::Arcade: FICTION Everett, P. - On Shelf,Book::Carmichael: FICTION Everett, P. - On Shelf,Book::Colonial Heights: FICTION Everett, P. - On Shelf"
https://catalog.saclibrary.org/GroupedWork/d8d12b45-9ba8-c081-a9c1-b25ecd2312e8-eng,"Before the ruins: a novel","Gosling, Victoria",9781250759153,,"Henry Holt and Company; Macmillan Audio",2021,"New York",eAudiobook;Book,"Book::Central: FICTION Gosling, V. - On Shelf,Book::Fair Oaks: FICTION Gosling, V. - On Shelf,Book::Franklin: FICTION Gosling, V. - On Shelf"
https://catalog.saclibrary.org/GroupedWork/664075cf-5950-8e8e-baf6-3ce48f9cdf77-eng,"The lost manuscript","Bonidan, Cathy",9781250256300,,"St. Martin's Press; St. Martin's Publishing Group; Dreamscape Media",2021,"New York",eAudiobook;Book;eBook,"Book::Carmichael: FICTION Bonidan, C. - On Shelf,Book::Central: FICTION Bonidan, C. - On Shelf,Book::Belle Cooledge: FICTION Bonidan, C. - In Transit"
https://catalog.saclibrary.org/GroupedWork/a8f2ae11-c416-307a-1565-aaa942bc340d-eng,"Ghana must go","Selasi, Taiye",9781594204494,,"Recorded Books, Inc.; Penguin Press",2013,"New York",eAudiobook;Book,"Book::McClatchy: FICTION Selasi, T. - On Shelf"
https://catalog.saclibrary.org/GroupedWork/9c178546-e143-eaab-8821-4600bfccfe82-eng,"Rutting season: stories","Smith, Mandeliene",9781501192708,,"Highbridge Company; Scribner",2019,"New York",Book;eAudiobook,"Book::Central: FICTION Smith, M. - On Shelf,Book::Fair Oaks: FICTION Smith, M. - On Shelf,Book::Sacramento Public Library Storage: FICTION Smith, M. - On Shelf"
https://catalog.saclibrary.org/GroupedWork/b9982330-2459-6f10-0c4c-1bebfdc2a703-eng,"House on fire: a novel","Kistler, Bonnie",9781501198687,,"Simon & Schuster Audio; Atria Books",2019,"New York",eAudiobook;Book;eBook,"Book::Carmichael: FICTION Kistler, B. - On Shelf"
https://catalog.saclibrary.org/GroupedWork/c4d22418-5d8d-4b84-bacb-ca5021048650-eng,"Surprise me: a novel","Goldstone, Deena",9780385541237,,"Knopf Doubleday Publishing Group; Highbridge Company; Nan. A. Talese/Doubleday",2016,"New York",eBook;Book;eAudiobook,"Book::Central: FICTION Goldstone, D. - On Shelf"
https://catalog.saclibrary.org/GroupedWork/597f7e5d-1f72-03fb-0015-11c374fd0367-eng,"So much blue: a novel","Everett, Percival",9781555977825,,"Highbridge Company; HighBridge; Graywolf Press",2017,"Minneapolis, Minnesota",eAudiobook;Book;eBook,"Book::Carmichael: FICTION Everett, P. - Checked Out,Book::Central: FICTION Everett, P. - On Shelf,Book::North Natomas: FICTION Everett, P. - On Shelf"
https://catalog.saclibrary.org/GroupedWork/bb4c3724-0025-4642-a81d-55c9a5153443-eng,Dracula,"Stoker, Bram, 1847-1912",9781593080044,,"L. A. Theatre Works; Bedrick/Blackie; Interactive Media; Dreamscape Media; The Modern Library; Vintage Books; Duke Classics; Blackstone Publishing; Icon Audio Arts; Barnes & Noble Classics; Books in Motion; Start Publishing LLC; Oxford University Press; Penguin Publishing Group; Barnes & Noble; Random House, Modern Library; Project Gutenberg; Naxos AudioBooks; Little, Brown and Company; Independently Published; Penguin Books; Penguin Classics; L.A. Theatre Works; Start Classics; Modern Library; DK Pub; Findaway Voices","1897 - 2025","London; Los Angeles, CA; Redhill, Surrey; New York; Oxford; New York, NY","eAudiobook;Audiobook - CD;eBook;Book","Book::Central: FICTION Stoker, B. - Checked Out,Book::Belle Cooledge: FICTION Stoker, B. - Checked Out,Book::Fair Oaks: FICTION Stoker, B. - Checked Out"
https://catalog.saclibrary.org/GroupedWork/77bab361-6425-bfc5-2458-e791e30474df-eng,Lucky,"Smiley, Jane",9780593535011,,"Recorded Books, Inc.; Alfred A. Knopf",2024,"New York",eAudiobook;Book,"Book::Arcade: FICTION Smiley, J. - Checked Out,Book::Carmichael: FICTION Smiley, J. - On Shelf,Book::Central: FICTION Smiley, J. - On Shelf"
https://catalog.saclibrary.org/GroupedWork/0d3d5078-9d54-35b6-0aac-04cf9edd464a-eng,"When all is said","Griffin, Anne, 1969-",9781250200587,,"Thomas Dunne Books, St. Martin's Press; St. Martin's Publishing Group; Macmillan Audio",2019,"New York; [New York]","eAudiobook;Audiobook - CD;Book;eBook","Book::Arcade: FICTION Griffin, A. - On Shelf,Book::Galt: FICTION Griffin, A. - On Shelf,Book::North Natomas: FICTION Griffin, A. - Checked Out"
https://catalog.saclibrary.org/GroupedWork/bf3b1e4e-ca4f-05cc-fbf6-9b00fef07fca-eng,"Before the wind","Lynch, Jim, 1961-",9780307958983,,"Alfred A. Knopf; Knopf Doubleday Publishing Group; Highbridge Company",2016,"New York, New York",eBook;Book;eAudiobook,"Book::Central: FICTION Lynch, J. - On Shelf"
https://catalog.saclibrary.org/GroupedWork/21399712-8a10-c8b3-3faf-ced18aa2dc97-eng,"The sand castle","Brown, Rita Mae",9780802118707,,"Tantor Media, Inc.; Grove Press; Tantor Media, Inc",2008,"New York",eAudiobook;Book,
https://catalog.saclibrary.org/GroupedWork/e87c6b88-5241-5304-c4fc-0fc205274b14-eng,"Staring at the sun","Barnes, Julian",9780394558219,,"Recorded Books, Inc.; Knopf Doubleday Publishing Group; Knopf","1987 - 2022","New York",eBook;Book;eAudiobook,"Book::Central: FICTION Barnes, J. - On Shelf"
https://catalog.saclibrary.org/GroupedWork/e471751f-caa0-a392-5b2d-c44a5d7af67b-eng,"The yoga of Max's discontent","Bajaj, Karan, 1979-",9781594634116,,"Highbridge Company; Riverhead Books; Penguin Publishing Group",2016,"New York",eBook;Book;eAudiobook,"Book::Central: FICTION Bajaj, K. - On Shelf"
https://catalog.saclibrary.org/GroupedWork/7b126023-a294-edb7-f219-d527f7b44256-eng,"Gateway to the moon: a novel","Morris, Mary, 1947-",9780385542906,,"Recorded Books, Inc.; Knopf Doubleday Publishing Group; Nan A. Talese/Doubleday",2018,"New York",eBook;Book;eAudiobook,"Book::Carmichael: FICTION Morris, M. - On Shelf,Book::Central: FICTION Morris, M. - On Shelf,Book::Franklin: FICTION Morris, M. - On Shelf"
https://catalog.saclibrary.org/GroupedWork/fc16bf60-e10c-5dd6-4cae-26159dfffc70-eng,"Scary old sex: stories","Heyman, Arlene",9781632862334,,"Tantor Media, Inc.; Tantor Media, Inc; Bloomsbury; Bloomsbury Publishing",2016,"New York",eAudiobook;Book;eBook,"Book::Carmichael: FICTION Heyman, A. - On Shelf,Book::Central: FICTION Heyman, A. - On Shelf,Book::Fair Oaks: FICTION Heyman, A. - On Shelf"
https://catalog.saclibrary.org/GroupedWork/40a7909d-18bf-eb33-6367-1e972d0e32e2-eng,"Penance: a novel","Clark, Eliza, 1994-",9780063327856,,"HarperCollins; HarperAudio; Harper, an imprint of HarperCollinsPublishers",2023,"New York, NY",eAudiobook;eBook;Book,"Book::Central: FICTION Clark, E. - On Hold Shelf,Book::South Natomas: FICTION Clark, E. - Checked Out,Book::North Natomas: FICTION Clark, E. - Checked Out"
https://catalog.saclibrary.org/GroupedWork/75f3809b-2278-0e39-7c22-4880fa44f4d4-eng,"The jetsetters: a novel","Ward, Amanda Eyre, 1972-",9780399181894,,"Recorded Books, Inc.; Ballantine Books; Random House Publishing Group",2020,"New York",eAudiobook;Book;eBook,"Book::Carmichael: FICTION Ward, A. - On Shelf,Book::Central: FICTION Ward, A. - On Shelf,Book::Belle Cooledge: FICTION Ward, A. - On Shelf"
https://catalog.saclibrary.org/GroupedWork/57664bf4-c5e8-e3f3-9f36-a3f1bb4d97c2-eng,"The plover","Doyle, Brian, 1956 November 6-",9781250034779,,"Tantor Media, Inc.; Thomas Dunne Books, St. Martin's Press; Tantor Media, Inc",2014,"New York",eAudiobook;Book,
https://catalog.saclibrary.org/GroupedWork/53a7ee44-fe97-6fef-77d3-1fbcc46d192c-eng,Day,"Wiesel, Elie, 1928-2016",9780809023097,,"Hill and Wang; Recorded Books, Inc.; Recorded Books",2006,"New York; Prince Frederick, MD","Audiobook - CD;eAudiobook;Book","Book::Carmichael: FICTION Wiesel, E. - On Shelf,Book::Central: FICTION Wiesel, E. - On Shelf,Book::Del Paso Heights: FICTION Wiesel, E. - On Shelf"
https://catalog.saclibrary.org/GroupedWork/91642c84-e698-0ec6-6700-9d45775fd27c-eng,"The seas","Hunt, Samantha",9781941040959,,"Tantor Media, Inc.; Tin House Books; M P Publishing Limited","2018 - 2019","Portland, Oregon",eBook;Book;eAudiobook,"Book::Central: FICTION Hunt, S. - On Shelf,Book::Pocket-Greenhaven: FICTION Hunt, S. - Checked Out,Book::Woodland Public Library: FICTION Hunt, S. - On Shelf"
https://catalog.saclibrary.org/GroupedWork/6df80b57-febd-c7ff-d0d4-e8e917d3dd18-eng,"Brother, sister, mother, explorer: a novel","Figueroa, Jamie",9781948226882,,"Catapult; Highbridge Company; HighBridge",2021,"New York",eAudiobook;Book;eBook,"Book::Carmichael: FICTION Figueroa, J. - On Shelf,Book::Central: FICTION Figueroa, J. - On Shelf,Book::Fair Oaks: FICTION Figueroa, J. - On Shelf"
https://catalog.saclibrary.org/GroupedWork/0a698603-f620-3ac9-003c-b7a6fce56f57-eng,"Things invisible to see","Willard, Nancy",9780394540580,,"Recorded Books, Inc.; Knopf; Open Road Media","1985 - 2019","New York",eBook;Book;eAudiobook,"Book::Central: FICTION Willard, N. - On Shelf"
https://catalog.saclibrary.org/GroupedWork/f745ef39-b407-a850-7390-ace84520c419-eng,"Revival season: a novel","West, Monica, 1977-",9781982133306,,"Simon & Schuster Audio; Simon & Schuster",2021,"New York",Book;eAudiobook,"Book::Carmichael: FICTION West, M. - On Shelf,Book::Central: FICTION West, M. - On Shelf,Book::Elk Grove: FICTION West, M. - On Shelf"
https://catalog.saclibrary.org/GroupedWork/eea6916e-0971-c4af-d337-465f8406b3be-eng,"Dear chrysanthemums: a novel in stories","Sze-Lorrain, Fiona",9781668012987,,"Simon & Schuster Audio; Scribner",2023,"New York",Book;eAudiobook,"Book::Carmichael: FICTION Sze-Lorrain, F. - On Shelf,Book::Central: FICTION Sze-Lorrain, F. - On Shelf,Book::Pocket-Greenhaven: FICTION Sze-Lorrain, F. - On Shelf"
https://catalog.saclibrary.org/GroupedWork/bfbaac56-cb13-2d3b-3d5e-6cdd3b96db3b-eng,"The physics of sorrow","Gospodinov, Georgi, 1968-",9781940953090,,"Dreamscape Media; Open Letter","2015 - 2024","Rochester, NY",eBook;Book;eAudiobook,"Book::Central: FICTION Gospodinov, G. - On Shelf"
https://catalog.saclibrary.org/GroupedWork/1ee471c4-df05-eeaa-766a-0deaff8dcd49-eng,"The Moor's last sigh","Rushdie, Salman",9780679744665,,"Recorded Books, Inc.; Knopf Doubleday Publishing Group; Random House; Knopf Canada","1997 - 2017","New York",eBook;Book;eAudiobook,"Book::Arcade: FICTION Rushdie, S. - On Shelf,Book::Central: FICTION Rushdie, S. - On Shelf,Book::Rancho Cordova: FICTION Rushdie, S. - On Shelf"
https://catalog.saclibrary.org/GroupedWork/01ce0ad0-242d-31c7-4d83-67c5795b8bb9-eng,"The mystery writer: a novel","Gentill, Sulari",9781728290362,,"Poisoned Pen Press; Sourcebooks Inc; Dreamscape Media; Sourcebooks",2024,"Naperville, Illinois",eAudiobook;eBook;Book,"Book::Arcade: MYSTERY Gentill, S. - On Shelf,Book::Central: MYSTERY Gentill, S. - On Shelf,Book::Belle Cooledge: MYSTERY Gentill, S. - On Shelf"
https://catalog.saclibrary.org/GroupedWork/d789c2ab-47f9-bb3b-ec4a-b6c7afe39827-eng,"Saint X","Schaitkin, Alexis, 1985-",9781250219596,,"Celadon Books; Macmillan Audio",2020,"New York",eAudiobook;Book;eBook,"Book::Carmichael: FICTION Schaitkin, A. - On Shelf,Book::Central: FICTION Schaitkin, A. - On Shelf,Book::Belle Cooledge: FICTION Schaitkin, A. - On Shelf"
https://catalog.saclibrary.org/GroupedWork/783569f0-5184-31e7-5617-39eabfa12a12-eng,"My brilliant life","Kim, Ae-ran, 1980-",9781250750556,,"Forge; Macmillan Audio",2021,"New York",eAudiobook;Book,"Book::Carmichael: FICTION Kim, A. - Checked Out,Book::Central: FICTION Kim, A. - On Shelf,Book::Belle Cooledge: FICTION Kim, A. - On Shelf"
https://catalog.saclibrary.org/GroupedWork/37e55191-c51b-36f1-7b77-e6e3d3847d86-eng,"The orchard keeper","McCarthy, Cormac, 1933-",9780679728726,,"Recorded Books, Inc.; Knopf Doubleday Publishing Group; Vintage Books","2010 - 2016","New York",eBook;Book;eAudiobook,"Book::Fair Oaks: FICTION McCarthy, C. - On Shelf,Book::South Natomas: FICTION McCarthy, C. - Checked Out,Book::Orangevale: FICTION McCarthy, C. - OFF CAMPUS"
https://catalog.saclibrary.org/GroupedWork/4f040f56-e1d3-8867-6fbe-675d42d9820d-eng,Migrations,"McConaghy, Charlotte",9781250204028,,"Macmillan Audio; Flatiron Books",2020,"New York",eAudiobook;eBook;Book,"Book::Arcade: FICTION McConaghy, C. - In Transit,Book::Belle Cooledge: FICTION McConaghy, C. - Checked Out,Book::Fair Oaks: FICTION McConaghy, C. - On Shelf"
https://catalog.saclibrary.org/GroupedWork/09ff82cb-d029-ef1c-4b3f-6a8edc85e8b0-eng,"Specimen days","Cunningham, Michael, 1952-",9780312425029,,"Farrar, Straus, and Giroux; Macmillan Audio",2005,"New York",Book;eAudiobook,"Book::Central: FICTION Cunningham, M. - On Shelf,Book::Rancho Cordova: FICTION Cunningham, M. - On Shelf,Book::Sutter County Main Branch: FICTION Cunningham, M. - On Shelf"
https://catalog.saclibrary.org/GroupedWork/0777badb-2e74-cfdf-a433-47693c85c222-eng,"The lost books of the Odyssey","Mason, Zachary, 1974-",9780374192150,,"Farrar, Straus and Giroux; Macmillan Audio","2010 - 2024","New York",eBook;Book;eAudiobook,"Book::Central: FICTION Mason, Z. - On Shelf"
https://catalog.saclibrary.org/GroupedWork/0f78a7d7-b39b-088e-1335-beafe3849532-eng,"Wednesday's child: stories","Li, Yiyun, 1972-",9780374606374,,"Farrar, Straus and Giroux; Macmillan Audio",2023,"New York",eAudiobook;Book,"Book::Central: FICTION Li, Y. - On Shelf,Book::Fair Oaks: FICTION Li, Y. - On Shelf,Book::North Highlands-Antelope: FICTION Li, Y. - Checked Out"
https://catalog.saclibrary.org/GroupedWork/6294191c-f29d-ef87-27b7-4fb289818d23-eng,"Debriefing: collected stories","Sontag, Susan, 1933-2004",9780374100759,,"Farrar, Straus and Giroux; Highbridge Company",2017,"New York",Book;eAudiobook,"Book::Central: FICTION Sontag, S. - On Shelf,Book::Woodland Public Library: FICTION Sontag, S. - On Shelf"
https://catalog.saclibrary.org/GroupedWork/de06187c-e55b-c06f-bba2-8f3f5b43e20b-eng,"Mother doll: a novel","Apekina, Katya (Novelist)",9781419770951,,"Tantor Media, Inc.; Tantor Media, Inc; The Overlook Press",2024,"New York",eAudiobook;eBook;Book,"Book::Carmichael: FICTION Apekina, K. - On Shelf,Book::Central: FICTION Apekina, K. - On Shelf,Book::Elk Grove: FICTION Apekina, K. - On Shelf"
https://catalog.saclibrary.org/GroupedWork/2f08892f-ed54-d74e-0d06-068ea8394277-eng,Absurdistan,"Shteyngart, Gary, 1972-",9780812971675,,"Recorded Books, Inc.; Phoenix Books, Inc.; Random House; Random House Publishing Group","2006 - 2011","New York",eAudiobook;Book;eBook,
https://catalog.saclibrary.org/GroupedWork/29a1056a-d45e-f097-b20b-55e4f3b74a76-eng,"Emergency: stories","Alcott, Kathleen",9781324051886,,"Highbridge Company; W. W. Norton & Company; HighBridge; W.W. Norton & Company",2023,"New York, NY",eAudiobook;Book;eBook,"Book::Central: FICTION Alcott, K. - On Shelf,Book::Belle Cooledge: FICTION Alcott, K. - On Shelf,Book::Southgate: FICTION Alcott, K. - On Shelf"
https://catalog.saclibrary.org/GroupedWork/483890fd-ee05-af04-7d12-5a589bfcb9f4-eng,"Almost famous women: stories","Bergman, Megan Mayhew",9781476786568,,"Dreamscape Media, LLC; Scribner; Dreamscape Media",2015,"New York; Holland, OH","Audiobook - CD;Book;eAudiobook","Book::Central: FICTION Bergman, M. - On Shelf,Book::Valley Hi-North Laguna: FICTION Bergman, M. - On Shelf"
https://catalog.saclibrary.org/GroupedWork/339aae45-44e3-a16a-be6f-b49d896a60af-eng,"Best boy: a novel","Gottlieb, Eli, 1956-",9781631490477,,"Blackstone Publishing; Liverlight Publishing Corporation, a division of W. W. Norton & Company","2015 - 2016","New York",eAudiobook;Book,"Book::Central: FICTION Gottlieb, E. - On Shelf,Book::Fair Oaks: FICTION Gottlieb, E. - On Shelf,Book::Woodland Public Library: FICTION Gottlieb, E. - On Shelf"
https://catalog.saclibrary.org/GroupedWork/24c3bcc2-ec30-aa60-b2fd-c2cabf77ee20-eng,"Our story begins: new and selected stories","Wolff, Tobias, 1945-",9781400044597,,"Alfred A. Knopf; Knopf Doubleday Publishing Group; Blackstone Publishing",2008,"New York",eAudiobook;Book;eBook,"Book::Carmichael: FICTION Wolff, T. - On Shelf,Book::Central: FICTION Wolff, T. - On Shelf,Book::North Natomas: FICTION Wolff, T. - On Shelf"
https://catalog.saclibrary.org/GroupedWork/243bc94c-bc0f-cc89-57fe-b1ad3dabcc8b-eng,Lessons,"McEwan, Ian",9780593535202,,"Recorded Books, Inc.; Alfred A. Knopf; Knopf Doubleday Publishing Group; Random House Large Print",2022,"New York","eAudiobook;Large Print;Book;eBook","Book::Arcade: FICTION McEwan, I. - On Shelf,Book::Carmichael: FICTION McEwan, I. - On Shelf,Book::Central: FICTION McEwan, I. - On Shelf"
https://catalog.saclibrary.org/GroupedWork/391ce72b-55de-c82f-f627-0e7aafc6120b-eng,"Night train: new and selected stories","Jones, Thom",9780316449342,,"Hachette Audio; Little, Brown, and Company",2018,"New York",Book;eAudiobook,"Book::Central: FICTION Jones, T. - On Shelf,Book::Valley Hi-North Laguna: FICTION Jones, T. - On Shelf"
https://catalog.saclibrary.org/GroupedWork/fd474e87-6c56-0325-9f4d-c273e2355023-eng,"Lonesome lies before us: a novel","Lee, Don, 1959-",9780393608816,,"Highbridge Company; W.W. Norton & Company",2017,"New York",Book;eAudiobook,"Book::Central: FICTION Lee, D. - On Shelf,Book::Franklin: FICTION Lee, D. - On Shelf"
https://catalog.saclibrary.org/GroupedWork/b07aeaf8-4575-65ee-98e2-a03392f36cd1-eng,"Number one Chinese restaurant: a novel","Li, Lillian",9781250141293,,"Henry Holt and Company; Macmillan Audio",2018,"New York",eAudiobook;Book,"Book::Carmichael: FICTION Li, L. - On Shelf,Book::Central: FICTION Li, L. - On Shelf,Book::Franklin: FICTION Li, L. - On Shelf"
https://catalog.saclibrary.org/GroupedWork/b0e142cd-f9a2-ad1c-321d-2dbc410c4bff-eng,"How not to drown in a glass of water","Cruz, Angie",9781250208453,,"Macmillan Audio; Flatiron Books",2022,"New York",eAudiobook;Book;eBook,"Book::Arcade: FICTION Cruz, A. - On Shelf,Book::Carmichael: FICTION Cruz, A. - On Shelf,Book::Central: FICTION Cruz, A. - On Shelf"
https://catalog.saclibrary.org/GroupedWork/23bf8f8a-00d2-0114-7e14-f4f43c84ac9f-eng,"Love like that: stories","Duffy-Comparone, Emma, 1988-",9781250624550,,"Henry Holt and Company; Henry Holt and Co.; Macmillan Audio",2021,"New York",eAudiobook;eBook;Book,"Book::Arcade: FICTION Duffy-Comparone, E. - On Shelf,Book::Central: FICTION Duffy-Comparone, E. - On Shelf,Book::Fair Oaks: FICTION Duffy-Comparone, E. - On Shelf"
https://catalog.saclibrary.org/GroupedWork/526b3f3e-8ec0-25ee-4ffc-00410f6ba79c-eng,"Remember you will die","Robins, Eden, 1978-",9781728256030,,"Sourcebooks Inc; Tantor Media, Inc; Sourcebooks; Sourcebooks Landmark",2024,"Naperville, Illinois",eAudiobook;eBook;Book,"Book::Central: FICTION Robins, E. - Checked Out,Book::Franklin: FICTION Robins, E. - On Shelf,Book::North Natomas: FICTION Robins, E. - On Shelf"
https://catalog.saclibrary.org/GroupedWork/e3220e6d-3329-f159-92a5-4c91de1c39bd-eng,"Universal harvester","Darnielle, John",9780374282103,,"Farrar, Straus and Giroux; Macmillan Audio",2017,"New York",eAudiobook;Book;eBook,"Book::Arcade: FICTION Darnielle, J. - On Shelf,Book::Central: FICTION Darnielle, J. - On Shelf,Book::Folsom Adult: FICTION Darnielle, J. - On Shelf"
https://catalog.saclibrary.org/GroupedWork/5be50078-527e-804e-3bcd-001c7ac000cc-eng,Turbulence,"Szalay, David",9781982122737,,"Simon & Schuster Audio; Scribner",2019,"New York",eAudiobook;Book,"Book::Arcade: FICTION Szalay, D. - On Shelf,Book::Central: FICTION Szalay, D. - Checked Out,Book::Valley Hi-North Laguna: FICTION Szalay, D. - On Shelf"
https://catalog.saclibrary.org/GroupedWork/56095e7c-25bc-52bd-6e02-e4279bb564ba-eng,"The family Chao: a novel","Chang, Lan Samantha",9780393868074,,"Recorded Books, Inc.; W. W. Norton & Company; W.W. Norton & Company",2022,"New York, NY",eAudiobook;Book;eBook,"Book::Carmichael: FICTION Chang, L. - On Shelf,Book::Central: FICTION Chang, L. - On Shelf,Book::Elk Grove: FICTION Chang, L. - On Shelf"
https://catalog.saclibrary.org/GroupedWork/dfdbae18-875a-93fa-4e62-43bcc3d62be1-eng,"Barbara the slut and other people","Holmes, Lauren, 1984-",9781594633782,,"Tantor Media, Inc.; Tantor Media, Inc; Riverhead Books; Penguin Publishing Group",2015,"New York",eAudiobook;Book;eBook,"Book::Carmichael: FICTION Holmes, L. - On Shelf,Book::Central: FICTION Holmes, L. - On Shelf,Book::Pocket-Greenhaven: FICTION Holmes, L. - On Shelf"
https://catalog.saclibrary.org/GroupedWork/c7a5d70e-9750-d75e-dcd3-cf5a53f53d6e-eng,"Hotels of North America: a novel","Moody, Rick",9780316178556,,"Hachette Audio; Little, Brown and Company",2015,"New York",eBook;Book;eAudiobook,"Book::Carmichael: FICTION Moody, R. - On Shelf"
https://catalog.saclibrary.org/GroupedWork/3fab0e84-fe0f-25e9-3c2f-c4d30b7f9b5f-eng,"The universe versus Alex Woods","Extence, Gavin, 1982-",9780316246576,,"Orbit; Hachette Audio; Redhook",2013,"New York",eBook;Book;eAudiobook,"Book::Central: FICTION Extence, G. - On Shelf"
https://catalog.saclibrary.org/GroupedWork/ac3fc624-b1db-3628-370c-e1b42de5a30e-eng,"All I love and know: a novel","Frank, Judith, 1958-",9780062302878,,"William Morrow; HarperAudio",2014,"New York",eBook;Book;eAudiobook,"Book::Arcade: FICTION Frank, J. - On Shelf,Book::Central: FICTION Frank, J. - On Shelf,Book::Rancho Cordova: FICTION Frank, J. - On Shelf"
https://catalog.saclibrary.org/GroupedWork/2da8fd51-ae96-1d75-5f50-f6e8f8d5206d-eng,"Night of the living rez","Talty, Morgan, 1991-",9781953534187,,"Recorded Books, Inc.; Zando; Tin House",2022,"Portland, Oregon",eAudiobook;Book;eBook,"Book::Carmichael: FICTION Talty, M. - On Shelf,Book::Central: FICTION Talty, M. - On Shelf,Book::Belle Cooledge: FICTION Talty, M. - On Shelf"
https://catalog.saclibrary.org/GroupedWork/242158b1-bed7-c1be-958a-f356bb23f976-eng,"The green road: a novel","Enright, Anne, 1962-",9780393248210,,"W W Norton & Co Inc; W. W. Norton & Company; Blackstone Publishing",2015,"[New York]",eAudiobook;Book;eBook,"Book::Carmichael: FICTION Enright, A. - On Shelf,Book::Central: FICTION Enright, A. - On Shelf,Book::McKinley: FICTION Enright, A. - On Shelf"
https://catalog.saclibrary.org/GroupedWork/ffda4a9b-7711-d664-4fb0-9232dca12a1f-eng,"The making of Zombie Wars","Hemon, Aleksandar, 1964-",9780374203412,,"Farrar, Straus and Giroux; Macmillan Audio",2015,"New York",eAudiobook;Book;eBook,"Book::Central: FICTION Hemon, A. - On Shelf,Book::North Natomas: FICTION Hemon, A. - On Shelf"
https://catalog.saclibrary.org/GroupedWork/4ec1d043-ae58-9f1e-bf80-958d7f20d803-eng,"How it ended: new and collected stories","McInerney, Jay",9780307268051,,"Alfred A. Knopf; Blackstone Publishing",2009,"New York",Book;eAudiobook,"Book::Central: FICTION McInerney, J. - On Shelf"
https://catalog.saclibrary.org/GroupedWork/3dc7e3fa-83e7-d317-439c-cedbf0935945-eng,Solemn,"Buckhanon, Kalisha, 1977-",9781250091598,,"Recorded Books, Inc.; St. Martin's Press",2016,"New York",Book;eAudiobook,"Book::Central: FICTION Buckhanon, K. - On Shelf"
https://catalog.saclibrary.org/GroupedWork/5cfd1036-42b5-e117-ba32-255466af75fa-eng,"The collected stories of Diane Williams","Williams, Diane, 1946-",9781616959821,,"Highbridge Company; Soho",2018,"New York, NY",Book,"Book::Central: FICTION Williams, D. - On Shelf"
https://catalog.saclibrary.org/GroupedWork/d753f69f-2cdb-aafc-e9ff-9c55afda95c0-eng,"The marvellous equations of the dread: a novel in bass riddim","Douglas, Marcia, 1961-",9780811227865,,"New Directions Publishing; Findaway Voices","2018 - 2019","New York",Book;eAudiobook,"Book::Central: FICTION Douglas, M. - On Shelf"
https://catalog.saclibrary.org/GroupedWork/005c4848-d49a-ad04-9446-3fe1eaf238f1-eng,Pulse,"Barnes, Julian",9780307595263,,"Recorded Books, Inc.; Alfred A. Knopf","2011 - 2021","New York",Book;eAudiobook,"Book::Central: FICTION Barnes, J. - On Shelf"
https://catalog.saclibrary.org/GroupedWork/aeeab819-42b7-ba4a-6981-16e37da99add-eng,"Your oasis on Flame Lake","Landvik, Lorna, 1954-",9780449912782,,"Highbridge Company; Facett Columbine","1997 - 1999","New York",Book,"Book::Central: FICTION Landvik, L. - On Shelf"
https://catalog.saclibrary.org/GroupedWork/20ae9a72-8541-d070-1003-656bee7e18f6-eng,"The wind that lays waste: a novel","Almada, Selva, 1973-",9781555978457,,"Highbridge Company; Graywolf Press",2019,"Minneapolis, Minnesota",Book;eAudiobook,"Book::Central: FICTION Almada, S. - On Shelf,Book::Fair Oaks: FICTION Almada, S. - Checked Out,Book::Franklin: FICTION Almada, S. - Checked Out"
https://catalog.saclibrary.org/GroupedWork/57071a3a-23ab-3b8e-4905-6ab6f1ca526c-eng,"Western alliances","Barnhardt, Wilton",9781250090003,,"St. Martin's Press; Macmillan Audio; St. Martin's Publishing Group",2023,"New York",eAudiobook;eBook;Book,"Book::Carmichael: FICTION Barnhardt, W. - On Shelf,Book::Central: FICTION Barnhardt, W. - On Shelf,Book::North Natomas: FICTION Barnhardt, W. - On Shelf"
https://catalog.saclibrary.org/GroupedWork/b328c2b0-df08-53ea-8f72-08d926f5a330-eng,"The unknowns: a novel","Roth, Gabriel, 1973-",9780316223287,,"Reagan Arthur Books/Little, Brown; Hachette Audio",2013,"New York",Book;eAudiobook,"Book::Fair Oaks: FICTION Roth, G. - On Shelf"
https://catalog.saclibrary.org/GroupedWork/bc4871b9-eb14-d780-0cb5-f71da8565548-eng,"Journeyman: a novel","Bojanowski, Marc",9781593766610,,"Catapult; Soft Skull Press, an imprint of Counterpoint; Blackstone Publishing",2017,"Berkeley, CA",eAudiobook;Book;eBook,"Book::Central: FICTION Bojanowski, M. - On Shelf"
https://catalog.saclibrary.org/GroupedWork/f1d69f19-1820-a704-9b9b-a329daf1b01c-eng,"Mink river: a novel","Doyle, Brian, 1956 November 6-2017 May 27",9780870715853,,"Tantor Media, Inc.; Tantor Media, Inc; Oregon State University Press","2010 - 2014",Corvallis,eAudiobook;eBook;Book,"Book::Central: FICTION Doyle, B. - OFF CAMPUS,Book::Valley Hi-North Laguna: FICTION Doyle, B. - On Shelf"
https://catalog.saclibrary.org/GroupedWork/dbb5b0bf-d765-f4e7-1cc5-28d5a3756960-eng,"The fruit of stone","Spragg, Mark, 1952-",9781573222235,,"Knopf Doubleday Publishing Group; Highbridge Company; HighBridge; Riverhead Books","2002 - 2010","New York",eAudiobook;Book;eBook,"Book::Central: WESTERN Spragg - On Shelf"
https://catalog.saclibrary.org/GroupedWork/7bf3684d-1d2f-9fc3-726a-55ddb6f789ab-eng,Elf,,,,"Distributed by Warner Home Video; New Line Home Entertainment",2004,"[Burbank, CA]",Book,
https://catalog.saclibrary.org/GroupedWork/d555d5a8-1d39-69cd-2e71-35156e3f0911-eng,"Devil's day","Hurley, Andrew Michael, 1975-",9781328489883,,"Houghton Mifflin Harcourt; HarperCollins; Blackstone Publishing","2018 - 2019",Boston,eBook;Book;eAudiobook,"Book::Central: FICTION Hurley, A. - On Shelf,Book::South Natomas: FICTION Hurley, A. - On Shelf,Book::North Natomas: FICTION Hurley, A. - Checked Out"
https://catalog.saclibrary.org/GroupedWork/253979b0-39db-a6f1-cd7c-370c2d1fbde1-eng,"The narrowboat summer","Youngson, Anne",9781250764614,,"Macmillan Audio; Flatiron Books",2021,"New York",eAudiobook;Book;eBook,"Book::Arcade: FICTION Youngson, A. - On Shelf,Book::Central: FICTION Youngson, A. - On Shelf,Book::Belle Cooledge: FICTION Youngson, A. - Checked Out"
https://catalog.saclibrary.org/GroupedWork/12264fdc-a31d-ae54-d7c4-d7542a8304f4-eng,"Piglet: a novel","Hazell, Lottie, 1993-",9781250289841,,"Henry Holt and Company; Henry Holt and Co.; Macmillan Audio",2024,"New York",eAudiobook;eBook;Book,"Book::Carmichael: FICTION Hazell, L. - On Hold Shelf,Book::Central: FICTION Hazell, L. - Checked Out,Book::Galt: FICTION Hazell, L. - On Shelf"
https://catalog.saclibrary.org/GroupedWork/8aa3611b-6eb1-b4d3-f40c-db9f74185055-eng,"Did you ever have a family","Clegg, Bill",9781476798172,,"Scout Press; Simon & Schuster Audio",2015,"New York; [New York]","eAudiobook;Audiobook - CD;Book","Book::Arcade: FICTION Clegg, B. - Checked Out,Book::Central: FICTION Clegg, B. - On Shelf,Book::Franklin: FICTION Clegg, B. - On Shelf"
https://catalog.saclibrary.org/GroupedWork/eac08a02-cac0-ffcb-3a43-3c34604e22f0-eng,"You should have known","Korelitz, Jean Hanff, 1961-",9781455599493,,"Hachette Audio; Grand Central Publishing","2013 - 2014","New York",eAudiobook;Book,"Book::Central: FICTION Korelitz, J. - On Shelf,Book::South Natomas: FICTION Korelitz, J. - On Shelf,Book::North Natomas: FICTION Korelitz, J. - On Shelf"
https://catalog.saclibrary.org/GroupedWork/da538774-745b-9167-fedf-b3ce9a5d5a0a-eng,"The purple swamp hen and other stories","Lively, Penelope, 1933-",9780735222038,,"Viking; Recorded Books, Inc.; Penguin Publishing Group","2016 - 2017","New York",eBook;Book;eAudiobook,"Book::Central: FICTION Lively, P. - On Shelf,Book::Elk Grove: FICTION Lively, P. - On Shelf,Book::Rancho Cordova: FICTION Lively, P. - On Shelf"
https://catalog.saclibrary.org/GroupedWork/73cfa61e-e735-5c4b-ca04-46bc38d990ec-eng,"Fencing with the king: a novel","Abu-Jaber, Diana",9780393867718,,"W. W. Norton & Company; OrangeSky Audio; W.W. Norton & Company",2022,"New York, NY",eBook;Book;eAudiobook,"Book::Arcade: FICTION Abu-Jaber, D. - On Shelf,Book::Carmichael: FICTION Abu-Jaber, D. - On Shelf,Book::Fair Oaks: FICTION Abu-Jaber, D. - On Shelf"
https://catalog.saclibrary.org/GroupedWork/ecd08620-6ae6-2b4e-5bf5-aaf4006614eb-eng,"My darling boy: a novel","Dufresne, John",9781324035732,,"Highbridge Company; HighBridge Company; W.W. Norton & Company",2025,"New York, NY",eAudiobook;Book,"Book::Central: FICTION Dufresne, J. - On Shelf,Book::Colonial Heights: FICTION Dufresne, J. - On Shelf,Book::Fair Oaks: FICTION Dufresne, J. - On Shelf"
https://catalog.saclibrary.org/GroupedWork/2a6511a3-e9db-18ed-bd90-47bd6382d013-eng,"Musical chairs: a novel","Poeppel, Amy",9781501176418,,"Simon & Schuster Audio; Emily Bestler Books/Atria; Atria/Emily Bestler Books",2020,"New York",eAudiobook;Book;eBook,"Book::Arcade: FICTION Poeppel, A. - On Shelf,Book::Carmichael: FICTION Poeppel, A. - On Shelf,Book::Central: FICTION Poeppel, A. - On Shelf"
https://catalog.saclibrary.org/GroupedWork/83943e20-f5dd-fd7d-0f07-be19a289b9ae-eng,"The farmer's daughter","Harrison, Jim, 1937-",9780802119346,,"Blackstone Audio; Grove Press; Blackstone Publishing",2010,"New York; [Ashland, OR]","Audiobook - CD;Book;eAudiobook","Book::Central: FICTION Harrison, J. - On Shelf,Book::North Natomas: FICTION Harrison, J. - On Shelf"
https://catalog.saclibrary.org/GroupedWork/6956f99e-5bc8-a480-29c5-f00e653e71f6-eng,Augustown,"Miller, Kei",9781101871614,,"Recorded Books, Inc.; Knopf Doubleday Publishing Group; Pantheon Books",2017,"New York",eBook;Book;eAudiobook,"Book::Central: FICTION Miller, K. - On Shelf,Book::Galt: FICTION Miller, K. - On Shelf"
https://catalog.saclibrary.org/GroupedWork/5eafbffa-80df-43d9-8964-88ebd85096b4-eng,"The Pole: a novel","Coetzee, J. M., 1940-",9781324093862,,"Recorded Books, Inc.; Liveright Publishing Corporation, a division of W.W. Norton & Company",2023,"New York, NY",eAudiobook;Book,"Book::Arcade: FICTION Coetzee, J. - On Shelf,Book::Central: FICTION Coetzee, J. - On Shelf,Book::McKinley: FICTION Coetzee, J. - Checked Out"
https://catalog.saclibrary.org/GroupedWork/5bad1cdb-4c40-ec2f-09f2-0b31f4174877-eng,Carnality,"Wolff, Lina, 1973-",9781635420746,,"Tantor Media, Inc.; Other Press","2022 - 2024","New York",eBook;Book;eAudiobook,"Book::Central: FICTION Wolff, L. - On Shelf,Book::Fair Oaks: FICTION Wolff, L. - On Shelf,Book::Rancho Cordova: FICTION Wolff, L. - Checked Out"
https://catalog.saclibrary.org/GroupedWork/a339168f-7898-b693-5121-aa9186bc5cbe-eng,"More than you'll ever know: a novel","Gutierrez, Katie",9780063118454,,"Harper Large Print, an imprint of HarperCollinsPublishers; HarperAudio; William Morrow, an imprint of HarperCollinsPublishers; HarperCollins",2022,"New York, NY","eAudiobook;Large Print;eBook;Book","Book::Arcade: FICTION Gutierrez, K. - On Shelf,Book::Carmichael: FICTION Gutierrez, K. - On Shelf,Book::Central: FICTION Gutierrez, K. - On Shelf"
https://catalog.saclibrary.org/GroupedWork/4e26c930-f7fe-8bf3-e4a0-22a314a48fd5-eng,"Something like breathing","Readman, Angela",9781911508304,,"W. F. Howes Ltd; & Other Stories",2019,London,Book;eAudiobook,"Book::Southgate: FICTION Readman, A. - On Shelf,Book::Sylvan Oaks: FICTION Readman, A. - On Shelf"
https://catalog.saclibrary.org/GroupedWork/71b06878-b5e6-17d7-9c77-35954599c6e8-eng,"Bliss montage","Ma, Ling, 1983-",9780374293512,,"Farrar, Straus and Giroux; Macmillan Audio",2022,"New York",eAudiobook;Book;eBook,"Book::Arcade: FICTION Ma, L. - On Shelf,Book::Carmichael: FICTION Ma, L. - On Shelf,Book::Franklin: FICTION Ma, L. - On Shelf"
https://catalog.saclibrary.org/GroupedWork/bc410700-91d9-418c-ffbb-95be0df6e0cc-eng,"Orphans of the carnival: a novel","Birch, Carol, 1951-",9780385541527,,"Highbridge Company; Knopf Doubleday Publishing Group; HighBridge; Doubleday",2016,"New York",eAudiobook;eBook;Book,"Book::Arcade: FICTION Birch, C. - On Shelf,Book::Central: FICTION Birch, C. - Checked Out,Book::Fair Oaks: FICTION Birch, C. - On Shelf"
https://catalog.saclibrary.org/GroupedWork/dc0456af-3d92-3b02-2c26-9364536a138b-eng,"The favor: a novel","Griffin, Adele",9781728264059,,"Sourcebooks Inc; Sourcebooks; Sourcebooks Landmark; OrangeSky Audio; Spotify Audiobooks",2023,"Naperville, Illinois",eAudiobook;eBook;Book,"Book::Arcade: FICTION Griffin, A. - On Shelf,Book::Central: FICTION Griffin, A. - On Shelf,Book::Fair Oaks: FICTION Griffin, A. - On Shelf"
https://catalog.saclibrary.org/GroupedWork/da1d4545-687b-456a-a169-3fa760e095bc-eng,"I am the light of this world","Parker, Michael, 1959-",9781643751795,,"Hachette Audio; Algonquin Books of Chapel Hill; Little, Brown and Company",2022,"Chapel Hill, North Carolina",eBook;Book;eAudiobook,"Book::Arcade: FICTION Parker, M. - On Shelf,Book::Carmichael: FICTION Parker, M. - On Shelf,Book::Central: FICTION Parker, M. - On Shelf"
https://catalog.saclibrary.org/GroupedWork/5ad2d62f-eff1-e45f-9377-b4a62e5011a1-eng,"Kantika: a novel","Graver, Elizabeth, 1964-",9781250869845,,"Dreamscape Media; Henry Holt and Co.; Metropolitan Books/Henry Holt and Company",2023,"New York",eAudiobook;Book;eBook,"Book::Carmichael: FICTION Graver, E. - On Shelf,Book::Central: FICTION Graver, E. - On Shelf,Book::Franklin: FICTION Graver, E. - On Shelf"
https://catalog.saclibrary.org/GroupedWork/13547091-bc1d-48e0-d080-2486453ec4be-eng,"Last stories","Trevor, William, 1928-2016",9780525558101,,"Viking; Tantor Media, Inc.; Penguin Publishing Group",2018,"New York, New York",eBook;Book;eAudiobook,"Book::Central: FICTION Trevor, W. - On Shelf,Book::Fair Oaks: FICTION Trevor, W. - On Shelf,Book::North Highlands-Antelope: FICTION Trevor, W. - Checked Out"
https://catalog.saclibrary.org/GroupedWork/c1e78499-8d60-1045-0123-385ed6f2437f-eng,"All that man is","Szalay, David",9781555977535,,"Highbridge Company; HighBridge; Graywolf Press; HighBridge Audio",2016,"Minneapolis, Minnesota; [Minneapolis, MN]","eAudiobook;Audiobook - CD;Book;eBook","Book::Elk Grove: FICTION Szalay, D. - Checked Out,Book::Pocket-Greenhaven: FICTION Szalay, D. - On Hold Shelf"
https://catalog.saclibrary.org/GroupedWork/0c1cea5b-4ce8-6513-e7cf-9dee48d28b2a-eng,"Colorful: a novel","Mori, Eto, 1968-",9781640094420,,"Counterpoint; Catapult; Blackstone Publishing","2021 - 2022","Berkeley, California",eBook;Book;eAudiobook,"Book::Arcade: FICTION Mori, E. - On Shelf,Book::Central: FICTION Mori, E. - On Shelf,Book::Rancho Cordova: FICTION Mori, E. - On Shelf"
https://catalog.saclibrary.org/GroupedWork/36d44da9-560f-4362-cc20-206293d4aaaf-eng,"A quitter's paradise: a novel","Chang, Elysha",9781638930525,,"Zando; SJP Lit; Zando Audio; Books on Tape",2023,"New York",eAudiobook;eBook;Book,"Book::Arden-Dimick: FICTION Chang, E. - Checked Out,Book::Carmichael: FICTION Chang, E. - On Shelf,Book::Central: FICTION Chang, E. - On Shelf"
https://catalog.saclibrary.org/GroupedWork/aeae9b69-dc27-26e3-92de-cada04bab541-eng,"A place at the table","White, Susan Rebecca",9781451608892,,"Simon & Schuster Audio; Simon & Schuster",2013,"New York",Book;eAudiobook,"Book::Fair Oaks: FICTION White, S. - On Shelf,Book::Sutter County Main Branch: FICTION White, S. [SUT BOOK CLUB c.3] - On Shelf,Book::Sutter County Main Branch: FICTION White, S. [SUT BOOK CLUB c.4] - On Shelf"
https://catalog.saclibrary.org/GroupedWork/2096ecb2-86ce-95f8-579f-c28cf5b0db64-eng,"Mecca: a novel","Straight, Susan",9780374604516,,"Recorded Books, Inc.; Farrar, Straus and Giroux",2022,"New York",eAudiobook;Book;eBook,"Book::Franklin: FICTION Straight, S. - Checked Out,Book::Sylvan Oaks: FICTION Straight, S. - On Shelf,Book::Woodland Public Library: FICTION Straight, S. - On Shelf"
https://catalog.saclibrary.org/GroupedWork/ae194ec3-cfaa-1171-8fd1-5134ce8dc46e-eng,"Krik? krak!","Danticat, Edwidge, 1969-",9781616957001,,"Recorded Books, Inc.; Soho Press","2007 - 2015","New York",eAudiobook;Book,"Book::Carmichael: FICTION Danticat, E. - On Shelf,Book::Fair Oaks: FICTION Danticat, E. - On Shelf,Book::North Natomas: FICTION Danticat, E. - On Shelf"
https://catalog.saclibrary.org/GroupedWork/f49ce97c-8170-2ba0-4a34-008a1be9a425-eng,"Feels like love","Hartley, Jenna",9798546696962,,"Tantor Media, Inc.; Jenna Hartley","2021 - 2023","United States",Book;eAudiobook,"Book::Central: FICITION Hartley, J. - On Shelf"
https://catalog.saclibrary.org/GroupedWork/39c91152-cb06-7f55-2ee7-4fac50adef12-eng,"The secret chord","Brooks, Geraldine",9780670025770,,"Viking; Large Print Press, a part of Gale, Cengage Learning; Thorndike Press, a part of Gale, Cengage Learning; Penguin Group; W. F. Howes Ltd.; Penguin Publishing Group; Books on Tape","2015 - 2017","[New York]; Farmington Hills, Mich; New York, New York","eAudiobook;Audiobook - CD;Large Print;Book;eBook","Book::Arcade: FICTION Brooks, G. - Checked Out,Book::Courtland: FICTION Brooks, G. - On Shelf,Book::Fair Oaks: FICTION Brooks, G. - In Transit"
https://catalog.saclibrary.org/GroupedWork/f72f00b8-062c-cd3f-c37d-f9a7ef560f77-eng,"Tomb sweeping: stories","Chang, Alexandra, 1988-",9780062951847,,"Ecco, an imprint of HarperCollinsPublishers; HarperCollins; HarperAudio",2023,"New York, NY",eAudiobook;eBook;Book,"Book::Central: FICTION Chang, A. - On Shelf,Book::Fair Oaks: FICTION Chang, A. - On Shelf,Book::North Natomas: FICTION Chang, A. - On Shelf"
https://catalog.saclibrary.org/GroupedWork/a43905b7-64e7-95a5-9a7d-7f8d2b4c18c3-eng,"Beautiful days: stories","Oates, Joyce Carol, 1938-",9780062795786,,"Ecco, an imprint of HarperCollinsPublishers; HarperCollins; HarperAudio; Ecco",2018,"New York",eAudiobook;Book;eBook,"Book::Central: FICTION Oates, J. - On Shelf,Book::Belle Cooledge: FICTION Oates, J. - On Shelf,Book::Franklin: FICTION Oates, J. - On Shelf"
https://catalog.saclibrary.org/GroupedWork/9da598db-8f42-c5f8-9abb-0207ef0083af-eng,Bullfighting,"Doyle, Roddy, 1958-",9780670022878,,"Viking; Blackstone Publishing; Penguin Publishing Group",2011,"New York",eBook;Book;eAudiobook,"Book::Central: FICTION Doyle, R. - On Shelf"
https://catalog.saclibrary.org/GroupedWork/d969b418-e0ba-3c2a-3741-697c71d6b4a3-eng,"Italian shoes","Mankell, Henning, 1948-",9781595584366,,"Recorded Books, Inc.; The New Press; Distributed by Perseus Distribution; New Press","2005 - 2009","New York",eAudiobook;eBook;Book,"Book::Southgate: FICTION Mankell, H. - On Shelf,Book::Woodland Public Library: FICTION Mankell - On Shelf"
https://catalog.saclibrary.org/GroupedWork/2ccd9e62-9b12-824a-e636-d3e04d69ee74-eng,"F*ckface: and other stories","Hampton, Leah",9781250259592,,"Henry Holt and Company; Henry Holt and Co.; Macmillan Audio",2020,"New York",eAudiobook;Book;eBook,"Book::Central: FICTION Hampton, L. - On Shelf,Book::Pocket-Greenhaven: FICTION Hampton, L. - On Shelf,Book::Sylvan Oaks: FICTION Hampton, L. - On Shelf"
https://catalog.saclibrary.org/GroupedWork/c5ab5c42-1647-2c10-a935-c0e2c218e563-eng,"Loitering with intent","Spark, Muriel",9780698110472,,"Coward, McCann & Geoghegan; Blackstone Publishing","1981 - 2005","New York",eAudiobook;Book,"Book::Central: FICTION Spark - On Shelf"
https://catalog.saclibrary.org/GroupedWork/0552c913-4f50-d8e5-e36a-b2ec9fc013df-eng,"Women and children first: a novel","Grabowski, Alina",9781638930785,,"SJP Lit, a Zando imprint; Zando; Books on Tape",2024,"New York",eAudiobook;eBook;Book,"Book::Central: FICTION Grabowski, A. - On Shelf,Book::Fair Oaks: FICTION Grabowski, A. - On Shelf,Book::Isleton: FICTION Grabowski, A. - On Shelf"
https://catalog.saclibrary.org/GroupedWork/bf63a949-1d73-1925-7088-39f294140d8e-eng,"Eat only when you're hungry","Hunter, Lindsay, 1980-",9780374146153,,"Farrar, Straus and Giroux; Macmillan Audio",2017,"New York",eBook;Book;eAudiobook,"Book::Central: FICTION Hunter, L. - On Shelf"
https://catalog.saclibrary.org/GroupedWork/7fcea891-1f52-b431-86aa-fb00a04fac71-eng,"The horse: a novel","Vlautin, Willy",9780063346574,,"HarperAudio; Harper, an imprint of HarperCollinsPublishers; HarperCollins",2024,"New York, NY",eAudiobook;eBook;Book,"Book::Central: FICTION Vlautin, W. - On Shelf,Book::Belle Cooledge: FICTION Vlautin, W. - Checked Out,Book::Franklin: FICTION Vlautin, W. - In Transit"
https://catalog.saclibrary.org/GroupedWork/aa0e5303-3572-a157-4933-6ce16b8cc5ad-eng,"The schooldays of Jesus","Coetzee, J. M., 1940-",9780735222663,,"Viking; Highbridge Company; HighBridge; Penguin Publishing Group",2017,"New York, New York",eAudiobook;Book;eBook,"Book::Central: FICTION Coetzee, J. - On Shelf"
https://catalog.saclibrary.org/GroupedWork/cba98542-f791-3eb4-f711-60b264fa89ba-eng,"French exit","deWitt, Patrick, 1975-",9780062846921,,"Ecco, an imprint of HarperCollinsPublishers; HarperCollins; HarperAudio; Ecco",2018,"New York, NY",eAudiobook;Book;eBook,"Book::Central: FICTION deWitt, P. - On Shelf,Book::Fair Oaks: FICTION deWitt, P. - On Shelf,Book::North Natomas: FICTION deWitt, P. - On Shelf"
https://catalog.saclibrary.org/GroupedWork/d6369e63-9a4a-15b5-5ffc-772796399c2b-eng,"The tin can tree","Tyler, Anne",9780449911891,,"Recorded Books, Inc.; Knopf Doubleday Publishing Group; Ballantine Books","2005 - 2020","New York",eBook;Book;eAudiobook,
https://catalog.saclibrary.org/GroupedWork/f833f03b-e8f2-2437-4a3d-d0dd4e4be89d-eng,"Saints and sinners: stories","O'Brien, Edna",9780316122726,,"Little, Brown and Company; Dreamscape Media; Back Bay Books",2011,"New York",eBook;Book;eAudiobook,"Book::Central: FICTION O'Brien, E. - On Shelf,Book::Fair Oaks: FICTION O'Brien, E. - On Shelf"
https://catalog.saclibrary.org/GroupedWork/aeed594c-43f5-4f0e-fc58-cb25b1c4069e-eng,"Paris in the present tense","Helprin, Mark",9781468314762,,"Abrams; ABRAMS; Blackstone Publishing; The Overlook Press","2017 - 2018","New York, NY",eAudiobook;eBook;Book,"Book::Arcade: FICTION Helprin, M. - On Shelf,Book::Central: FICTION Helprin, M. - On Shelf,Book::Folsom Adult: FICTION Helprin, M. - Checked Out"
https://catalog.saclibrary.org/GroupedWork/37778a0f-9ab7-1157-9974-24ce7746b1d2-eng,"Blackouts: a novel","Torres, Justin, 1980-",9780374293574,,"Farrar, Straus and Giroux; Macmillan Audio",2023,"New York",eAudiobook;Book;eBook,"Book::Central: FICTION Torres, J. - On Shelf,Book::Fair Oaks: FICTION Torres, J. - Checked Out,Book::South Natomas: FICTION Torres, J. - On Shelf"
https://catalog.saclibrary.org/GroupedWork/8b666511-6750-15e2-a854-d70517413b8e-eng,"Thirst for salt: a novel","Lucas, Madelaine, 1990-",9781953534651,,"Recorded Books, Inc.; Zando; W. F. Howes Ltd; Tin House",2023,"Portland, Oregon",eBook;Book;eAudiobook,"Book::Franklin: FICTION Lucas, M. - On Shelf,Book::McKinley: FICTION Lucas, M. - On Shelf,Book::South Natomas: FICTION Lucas, M. - On Shelf"
https://catalog.saclibrary.org/GroupedWork/9ae55657-6b71-b273-4a06-fb7dd260930c-eng,"Let's not do that again: a novel","Ginder, Grant",9781250243775,,"Henry Holt and Company; Henry Holt and Co.; Macmillan Audio",2022,"New York",eAudiobook;Book;eBook,"Book::Carmichael: FICTION Ginder, G. - Checked Out,Book::Central: FICTION Ginder, G. - On Shelf,Book::Colonial Heights: FICTION Ginder, G. - On Shelf"
https://catalog.saclibrary.org/GroupedWork/e8f64ef4-6c65-adf2-43f0-ad0998064369-eng,White,"Béchard, Deni Ellis, 1974-",9781571311252,,"Milkweed Editions","2018 - 2023","Minneapolis, Minnesota",eBook;Book;eAudiobook,"Book::Central: FICTION Bechard, D. - On Shelf"
https://catalog.saclibrary.org/GroupedWork/69cc30be-8792-ea15-7088-78e5ce1bfe0f-eng,"An experiment in love","Mantel, Hilary, 1952-",9780805044270,,"Recorded Books, Inc.; H. Holt","1996 - 2015","New York",Book;eAudiobook,"Book::Central: FICTION Mantel - On Shelf"
https://catalog.saclibrary.org/GroupedWork/1d8775a0-4bfb-608e-956d-6a8e352ca247-eng,"Man of my time","Sofer, Dalia, 1972-",9780374110062,,"Farrar, Straus and Giroux; Dreamscape Media",2020,"New York",Book;eAudiobook,"Book::Arcade: FICTION Sofer, D. - On Shelf,Book::Carmichael: FICTION Sofer, D. - On Shelf,Book::Woodland Public Library: FICTION Sofer, D. - On Shelf"
https://catalog.saclibrary.org/GroupedWork/d3ae44a6-98d1-3dbf-08c7-3bb2d2700d1f-eng,"Gods without men","Kunzru, Hari, 1969-",9780307957115,,"W. F. Howes Ltd; Alfred A. Knopf; Knopf Doubleday Publishing Group",2012,"New York",eBook;Book;eAudiobook,"Book::Central: FICTION Kunzru, H. - On Shelf"
https://catalog.saclibrary.org/GroupedWork/63d8963a-2d65-5f5d-5148-74f6e2877e5d-eng,"The talk-funny girl: a novel","Merullo, Roland",9780307452924,,"Crown Publishers; Tantor Media, Inc.; Crown","2011 - 2017","New York",eBook;Book;eAudiobook,"Book::Central: FICTION Merullo, R. - On Shelf"
https://catalog.saclibrary.org/GroupedWork/d37468ab-79ad-b8d0-afed-81685da0b8b5-eng,"The clairvoyant countess","Gilman, Dorothy, 1923-",9780385089227,,"Recorded Books, Inc.; Random House Publishing Group; Doubleday","1975 - 2016","Garden City, N.Y",eAudiobook;Book;eBook,
https://catalog.saclibrary.org/GroupedWork/f9419d27-7fc4-65b5-2aae-3d8e73a29872-eng,Spring,"Smith, Ali, 1962-",9781101870778,,"Recorded Books, Inc.; Pantheon Books",2019,"New York",eAudiobook;Book,"Book::Central: FICTION Smith, A. - On Shelf,Book::Colonial Heights: FICTION Smith, A. - On Shelf,Book::South Natomas: FICTION Smith, A. - On Shelf"
https://catalog.saclibrary.org/GroupedWork/5564bf6d-50b6-80f6-5f6d-98c3fe3cff4c-eng,"Remembering laughter","Stegner, Wallace, 1909-1993",9780140252408,,"Blackstone Publishing; Penguin Books","1996 - 2011","New York",eAudiobook;Book,"Book::Central: FICTION Stegner, W. - On Shelf,Book::Woodland Public Library: FICTION Stegner - On Shelf"
https://catalog.saclibrary.org/GroupedWork/6221b3c6-6397-a756-ae64-853b9a0162d1-eng,"In every moment we are still alive","Malmquist, Tom, 1978-",9781612197111,,"Melville House; Blackstone Publishing",2018,Brooklyn,eAudiobook;Book;eBook,"Book::Carmichael: FICTION Malmquist, T. - Checked Out,Book::Central: FICTION Malmquist, T. - On Shelf,Book::Franklin: FICTION Malmquist, T. - On Shelf"
https://catalog.saclibrary.org/GroupedWork/a4681273-db20-54f3-47ad-ce3392025bac-eng,"The family Tabor","Wolas, Cherise",9781250081452,,"Macmillan Audio; Flatiron Books","2018 - 2024","New York",eAudiobook;eBook;Book,"Book::Central: FICTION Wolas, C. - On Shelf,Book::Rancho Cordova: FICTION Wolas, C. - On Shelf,Book::Sacramento Public Library Storage: FICTION Wolas, C. - On Shelf"
https://catalog.saclibrary.org/GroupedWork/0a7a23b2-d73b-e66c-585a-96ed2bcf89f6-eng,"Looker: a novel","Sims, Laura, 1973-",9781501199110,,"Simon & Schuster Audio; Scribner",2019,"New York",eAudiobook;Book;eBook,"Book::Carmichael: FICTION Sims, L. - On Shelf,Book::Central: FICTION Sims, L. - On Shelf,Book::Pocket-Greenhaven: FICTION Sims, L. - On Shelf"
https://catalog.saclibrary.org/GroupedWork/e17f142b-4736-6579-a29b-672493ea3118-eng,"Pity the beast","McLean, Robin",9781913505141,,"Blackstone Publishing; And Other Stories","2021 - 2022",Sheffield,eBook;Book;eAudiobook,"Book::Central: FICTION McLean, R. - On Shelf,Book::South Natomas: FICTION McLean, R. - Checked Out,Book::Pocket-Greenhaven: FICTION McLean, R. - On Shelf"
https://catalog.saclibrary.org/GroupedWork/2a6e33a0-5b96-2726-7284-72a95e05731b-eng,"Rainbow rainbow: stories","Conklin, Lydia, 1983-",9781646221011,,"Catapult; Highbridge Company",2022,"New York",Book;eAudiobook,"Book::Central: FICTION Conklin, L. - On Shelf,Book::Fair Oaks: FICTION Conklin, L. - On Shelf,Book::Rio Linda: FICTION Conklin, L. - On Shelf"
https://catalog.saclibrary.org/GroupedWork/12553b95-2b30-baa5-055f-f435bda9c038-eng,"The snow queen","Cunningham, Michael, 1952-",9780374266325,,"Farrar, Straus and Giroux; Macmillan Audio",2014,"New York",eAudiobook;Book,"Book::Central: FICTION Cunningham, M. - On Shelf,Book::Rancho Cordova: FICTION Cunningham, M. - On Shelf"
https://catalog.saclibrary.org/GroupedWork/0d829a94-8d0a-d7fb-c173-67127912f61b-eng,"The mere wife","Headley, Maria Dahvana, 1977-",9780374208431,,"Farrar, Straus and Giroux; Macmillan Audio; MCD, Farrar, Straus and Giroux",2018,"New York",eAudiobook;eBook;Book,"Book::Central: FICTION Headley, M. - On Shelf,Book::North Sacramento-Hagginwood: FICTION Headley, M. - On Shelf,Book::Sylvan Oaks: FICTION Headley, M. - On Shelf"
https://catalog.saclibrary.org/GroupedWork/28ceff89-03bc-69b5-7894-316671f16875-eng,"Three floors up","Nevo, Eshkol",9781590518786,,"Highbridge Company; HighBridge; Other Press",2017,"New York",eAudiobook;Book;eBook,"Book::Central: FICTION Nevo, E. - On Shelf,Book::Belle Cooledge: FICTION Nevo, E. - On Shelf"
https://catalog.saclibrary.org/GroupedWork/f4245178-d05f-d64e-97df-1e938d315699-eng,"Homesick for another world: stories","Moshfegh, Ottessa",9780399562884,,"Recorded Books, Inc.; Penguin Publishing Group","2016 - 2017","New York (State)",eAudiobook;eBook;Book,"Book::Arcade: FICTION Moshfegh, O. - On Shelf,Book::Sylvan Oaks: FICTION Moshfegh, O. - On Shelf,Book::Woodland Public Library: FICTION Moshfegh, O. - On Shelf"
https://catalog.saclibrary.org/GroupedWork/f21690c4-81fe-5cff-0c6c-3f3e6897a88a-eng,"The house of broken bricks: a novel","Williams, Fiona, 1975-",9781250896766,,"Henry Holt and Company; Dreamscape Media",2024,"New York",eAudiobook;Book,"Book::Arcade: FICTION Williams, F. - On Shelf,Book::Central: FICTION Williams, F. - On Shelf,Book::Franklin: FICTION Williams, F. - On Shelf"
https://catalog.saclibrary.org/GroupedWork/0effc436-f6b5-1f32-fc9b-fac5617d1475-eng,Canada,"Ford, Richard, 1944-",9780061692048,,"HarperAudio; Ecco",2012,"New York",eBook;Book;eAudiobook,"Book::North Natomas: FICTION Ford, R. - On Shelf,Book::Sutter County Main Branch: FICTION Ford, R. - On Shelf"
https://catalog.saclibrary.org/GroupedWork/1603bd0f-ccea-8950-f6bc-f8f32d8879a4-eng,"Find me","Aciman, André",9780374155018,,"Farrar, Straus and Giroux; Macmillan Audio",2019,"New York",eAudiobook;Book;eBook,"Book::Arcade: FICTION Aciman, A. - On Shelf,Book::Central: FICTION Aciman, A. - Checked Out,Book::Courtland: FICTION Aciman, A. - On Shelf"
https://catalog.saclibrary.org/GroupedWork/b0081f87-4a7c-5bff-cfd0-8b008f8bde9f-eng,"The summer sisters","Richardson, Sara (Romance fiction writer)",9781538718254,,"Forever; Dreamscape Media",2021,"New York",Book;eAudiobook,"Book::Central: FICTION Richardson, S. - On Shelf,Book::Pocket-Greenhaven: FICTION Richardson, S. - On Shelf,Book::Rio Linda: FICTION Richardson, S. - Checked Out"
https://catalog.saclibrary.org/GroupedWork/ce535f38-a64a-d50f-a471-41a3d9198ce7-eng,"Some go home: a novel","Lindsey, Odie",9780393249521,,"HighBridge; W.W. Norton & Company; Highbridge Company",2020,"New York, NY",eAudiobook;Book,"Book::Central: FICTION Lindsey, O. - On Shelf,Book::Woodland Public Library: FICTION Lindsey, O. - On Shelf"
https://catalog.saclibrary.org/GroupedWork/a1629dc7-8c54-a46b-0e24-21d9e62be29f-eng,"The book of laughter and forgetting","Kundera, Milan",9780060932145,,"HarperPerennial; HarperCollins; HarperAudio; A. A. Knopf","1980 - 2023","New York; New York, NY",eBook;Book;eAudiobook,"Book::Central: FICTION Kundera, M. - On Shelf,Book::Rancho Cordova: FICTION Kundera, M. - OFF CAMPUS,Book::Southgate: FICTION Kundera, M. - On Shelf"
https://catalog.saclibrary.org/GroupedWork/0013bbc7-fbc7-5e29-8be1-40293c60c99e-eng,"One hundred days","Pung, Alice",9780063313002,,"HarperCollins; HarperAudio; HarperVia, an imprint of HarperCollinsPublishers",2023,"New York, NY",eBook;Book;eAudiobook,"Book::Central: FICTION Pung, A. - On Shelf,Book::Fair Oaks: FICTION Pung, A. - On Shelf,Book::Rancho Cordova: FICTION Pung, A. - On Shelf"
https://catalog.saclibrary.org/GroupedWork/5296e2e4-7185-6947-905e-980fb6142d9b-eng,"Bone fire","Spragg, Mark, 1952-",9780307272751,,"Recorded Books, Inc.; Alfred A. Knopf",2010,"New York",Book;eAudiobook,"Book::Central: FICTION Spragg, M. - On Shelf"
https://catalog.saclibrary.org/GroupedWork/c4e1929a-0e6c-136d-4c25-918bf09ccbeb-eng,"Elizabeth Finch: a novel","Barnes, Julian",9780593535431,,"Recorded Books, Inc.; Alfred A. Knopf; Knopf Doubleday Publishing Group",2022,"New York",eAudiobook;Book;eBook,"Book::Carmichael: FICTION Barnes, J. - On Shelf,Book::Central: FICTION Barnes, J. - Checked Out,Book::Elk Grove: FICTION Barnes, J. - On Shelf"
https://catalog.saclibrary.org/GroupedWork/d77163a1-1efa-4288-bd10-03ce58677987-eng,"Macbeth: the text of Macbeth, the actors' gallery, sources and contexts, criticism, afterlives, resources","Shakespeare, William, 1564-1616",9780393923261,,"W.W. Norton & Company",2014,"New York",Book,
https://catalog.saclibrary.org/GroupedWork/ef21247f-c1b5-b502-e635-8f83b465dc24-eng,"The ancient minstrel: novellas","Harrison, Jim, 1937-2016",9780802124562,,"Grove Press; Blackstone Publishing",2016,"New York",eAudiobook;Book,"Book::Central: FICTION Harrison, J. - On Shelf,Book::Franklin: FICTION Harrison, J. - On Shelf"
https://catalog.saclibrary.org/GroupedWork/4b0bdeae-1626-c295-769f-e5b3ef9e5928-eng,"Last night at the Lobster: a novel","O'Nan, Stewart, 1961-",9780143114420,,"Blackstone Publishing; Penguin Publishing Group; Penguin Books","2007 - 2008","New York",eAudiobook;Book;eBook,"Book::Central: FICTION O'Nan, S. - In Transit"
https://catalog.saclibrary.org/GroupedWork/07a848a4-05de-66a7-4594-2542ce8492d8-eng,"The balcony","Delury, Jane, 1972-",9780316554671,,"Hachette Audio; Little, Brown and Company",2018,"New York",eBook;Book;eAudiobook,"Book::Central: FICTION Delury, J. - On Shelf,Book::McKinley: FICTION Delury, J. - On Shelf,Book::Rancho Cordova: FICTION Delury, J. - On Shelf"
https://catalog.saclibrary.org/GroupedWork/a08eb541-e77b-76e5-05f2-8d6fb455b095-eng,"The great unknown","Kingman, Peg",9781324003366,,"Highbridge Company; W. W. Norton & Company; HighBridge; W.W. Norton & Company",2020,"New York",eAudiobook;Book;eBook,"Book::Carmichael: FICTION Kingman, P. - On Shelf,Book::Central: FICTION Kingman, P. - On Shelf"
https://catalog.saclibrary.org/GroupedWork/6630e98a-9070-209c-4b7d-d1d0904da60b-eng,"L.A. weather","Escandón, María Amparo",9781250802569,,"Thorndike Press, a part of Gale, a Cengage Company; Macmillan Audio; Flatiron Books",2021,"New York; Waterville, ME","eAudiobook;Large Print;Book;eBook","Book::Carmichael: FICTION Escandon, M. - On Shelf,Book::Central: FICTION Escandon, M. - On Shelf,Book::Belle Cooledge: FICTION Escandon, M. - On Shelf"
https://catalog.saclibrary.org/GroupedWork/0a5da16d-d9eb-107f-4f82-6e007741bb2b-eng,"Tapestry of fortunes: a novel","Berg, Elizabeth",9780812993141,,"Recorded Books, Inc.; Random House; Random House Publishing Group",2013,"New York",eBook;Book;eAudiobook,"Book::Central: FICTION Berg, E. - On Shelf,Book::Belle Cooledge: FICTION Berg, E. - On Shelf,Book::South Natomas: FICTION Berg, E. - Checked Out"
https://catalog.saclibrary.org/GroupedWork/678d971a-78f5-4744-1435-b03c615f3799-eng,"The story of Arthur Truluv: a novel","Berg, Elizabeth",9781400069903,,"Recorded Books, Inc.; Random House Large Print; Random House; Random House Publishing Group",2017,"New York; [New York]","eAudiobook;Large Print;eBook;Book","Book::Carmichael: FICTION Berg, E. - In Transit,Book::Courtland: FICTION Berg, E. - Checked Out,Book::Orangevale: FICTION Berg, E. - Checked Out"
https://catalog.saclibrary.org/GroupedWork/f0c8e912-a9de-7ebe-84a8-60a3191b284d-eng,"A short history of women: a novel","Walbert, Kate, 1961-",9781416594994,,"Center Point Pub; Highbridge Company; Scribner","2009 - 2010","New York; Thorndike, Me","Large Print;Book;eAudiobook;eBook","Book::Central: FICTION Walbert, K. - On Shelf"
https://catalog.saclibrary.org/GroupedWork/9600d686-a4d0-2b19-254c-f92ed7a4b428-eng,"Sweetland: a novel","Crummey, Michael, 1965-",9780871407900,,"Highbridge Company; HighBridge; Liveright Publishing Corporation/W.W.  Norton & Company",2015,"New York",eAudiobook;Book,"Book::Central: FICTION Crummey, M. - On Shelf,Book::Rancho Cordova: FICTION Crummey, M. - On Shelf,Book::Sutter County Main Branch: FICTION Crummey, M. - On Shelf"
https://catalog.saclibrary.org/GroupedWork/1435fd6c-5d67-eef6-0af7-4339a4948c30-eng,"Brutes: a novel","Tate, Dizz",9781646221677,,"Catapult; Highbridge Company; HighBridge",2023,"New York",eAudiobook;Book;eBook,"Book::Central: FICTION Tate, D. - On Shelf,Book::Pocket-Greenhaven: FICTION Tate, D. - Checked Out,Book::Southgate: FICTION Tate, D. - Checked Out"
https://catalog.saclibrary.org/GroupedWork/4dd70898-762a-88a7-0d11-7129238034bf-eng,Pygmy,"Palahniuk, Chuck",9780385526340,,"Recorded Books, Inc.; Knopf Doubleday Publishing Group; Blackstone Publishing; Doubleday","2009 - 2021","New York",eAudiobook;eBook;Book,"Book::South Natomas: FICTION Palahniuk, C. - On Shelf,Book::Sutter County Main Branch: FICTION Palahniuk, C. - On Shelf"
https://catalog.saclibrary.org/GroupedWork/5db37996-48fe-fdb8-9f75-77f7ea67d07d-eng,"Nazi literature in the Americas","Bolaño, Roberto, 1953-2003",9780811217057,,"New Directions; Blackstone Publishing","2008 - 2018","New York",Book;eAudiobook,"Book::Arcade: 863.64 B687 2008 - On Shelf"
https://catalog.saclibrary.org/GroupedWork/b9fa45c3-5ce5-880e-cbbd-4a3a0a2943e8-eng,"Flowers for Algernon","Keyes, Daniel",9780151001637,,"Recorded Books, Inc.; Harcourt Brace","1966 - 2012","New York",eAudiobook;Book,"Book::Carmichael: FICTION Keyes, D. - Checked Out,Book::Colusa Main Branch Teen Collection: YA Fic - On Shelf,Book::Folsom Adult: FICTION Keyes, D. - Checked Out"
https://catalog.saclibrary.org/GroupedWork/34f5745c-a386-0f89-8be8-9a115c424fb5-eng,"A student of history: a novel","Revoyr, Nina, 1969-",9781617756641,,"Recorded Books, Inc.; AKASHIC Books; Akashic Books",2019,"Brooklyn, New York, USA",eBook;Book;eAudiobook,"Book::Central: FICTION Revoyr, N. - On Shelf,Book::Colonial Heights: FICTION Revoyr, N. - On Shelf,Book::Fair Oaks: FICTION Revoyr, N. - On Shelf"
https://catalog.saclibrary.org/GroupedWork/46c29d6c-7a48-9c4f-1850-d267c837cf4e-eng,Turpentine,"Warren, Spring",9780802170361,,"Recorded Books, Inc.; Black Cat; Distributed by Publishers Group West; Grove Atlantic",2007,"New York; [Emeryville, Calif.]",eBook;Book;eAudiobook,"Book::Carmichael: WESTERN Warren, S. - Checked Out,Book::Central: WESTERN Warren, S. - On Shelf"
https://catalog.saclibrary.org/GroupedWork/2ebac0f7-7c06-4bae-b53d-1ebfca2457a1-eng,"Devil house","Darnielle, John",9780374212230,,"Farrar, Straus and Giroux; MCD/Farrar, Straus and Giroux; Macmillan Audio",2022,"New York",eAudiobook;Book;eBook,"Book::Carmichael: FICTION Darnielle, J. - On Shelf,Book::North Natomas: FICTION Darnielle, J. - On Shelf,Book::Rio Linda: FICTION Darnielle, J. - Checked Out"
https://catalog.saclibrary.org/GroupedWork/64ef3933-f29a-9cfe-dccf-48c362fe0fb1-eng,"The tattooed girl: a novel","Oates, Joyce Carol, 1938-",9780061136047,,"Harper Perennial; Blackstone Publishing",2006,"New York",Book;eAudiobook,"Book::Central: FICTION Oates, J. - On Shelf,Book::Belle Cooledge: FICTION Oates, J. - On Shelf,Book::Rio Linda: FICTION Oates, J. - On Shelf"
https://catalog.saclibrary.org/GroupedWork/82805455-8c25-7546-1b9f-5e2d54f23aa0-eng,"Sleeping on Jupiter: a novel","Roy, Anuradha, 1958-",9781555977511,,"HighBridge; Highbridge Company; Graywolf Press",2016,"Minneapolis, Minnesota",eAudiobook;Book,"Book::Belle Cooledge: FICTION Roy, A. - On Shelf,Book::South Natomas: FICTION Roy, A. - On Shelf"
https://catalog.saclibrary.org/GroupedWork/83bbfd65-30e3-a3ca-3269-ad5bea3e4006-eng,"The center of everything: a novel","Harrison, Jamie, 1960-",9781640092341,,"Counterpoint; Catapult; Blackstone Publishing",2021,"Berkeley, California",eAudiobook;Book;eBook,"Book::Arcade: FICTION Harrison, J. - On Shelf,Book::Carmichael: FICTION Harrison, J. - On Shelf,Book::Central: FICTION Harrison, J. - On Shelf"
https://catalog.saclibrary.org/GroupedWork/0c8b330b-e6cf-244f-7162-37361bae3714-eng,"Waking lions","Gundar-Goshen, Ayelet, 1982-",9780316395434,,"Hachette Audio; Little, Brown and Company",2017,"New York",eBook;Book;eAudiobook,"Book::Carmichael: FICTION Gundar-Goshen, A. - On Shelf,Book::Central: FICTION Gundar-Goshen, A. - On Shelf"
https://catalog.saclibrary.org/GroupedWork/87bf6b8a-af07-fa2d-013a-a0fae3fcdbce-eng,"We are the Brennans","Lange, Tracey",9781250796226,,"Celadon Books; Macmillan Audio",2021,"New York, NY",eAudiobook;Book;eBook,"Book::Carmichael: FICTION Lange, T. - Checked Out,Book::Central: FICTION Lange, T. - On Shelf,Book::Elk Grove: FICTION Lange, T. - On Shelf"
https://catalog.saclibrary.org/GroupedWork/975b1b2d-bfeb-9f36-9285-0a8844381dff-eng,"The western lands","Burroughs, William S., 1914-1997",9780140094565,,"Viking; Blackstone Publishing; Penguin Books","1987 - 2017","New York, N.Y., U.S.A; New York, NY",eAudiobook;Book,
https://catalog.saclibrary.org/GroupedWork/d9455a0b-70f1-b5e2-9a76-37ba2daba0ae-eng,"The good man Jesus and the scoundrel Christ","Pullman, Philip, 1946-",9780802129963,,"Canongate; Canongate Books","2010 - 2023","New York",eAudiobook;Book,"Book::Central: FICTION Pullman, P. - On Shelf,Book::Galt: FICTION Pullman, P. - On Shelf,Book::North Natomas: FICTION Pullman, P. - On Shelf"
https://catalog.saclibrary.org/GroupedWork/6b4284af-71d6-2df3-9235-c85ed11e7997-eng,"If sons, then heirs: a novel","Cary, Lorene",9781451610222,,"Highbridge Company; Atria Books","2011 - 2022","New York, NY",Book;eAudiobook,"Book::Central: FICTION Cary, L. - On Shelf"
https://catalog.saclibrary.org/GroupedWork/d2112b1a-e8b7-1d09-07c3-5ef45c70a184-eng,"This bright river: a novel","Somerville, Patrick, 1979-",9780316129312,,"Hachette Audio; Reagan Arthur Books/Little, Brown and Co",2012,"New York",Book;eAudiobook,"Book::Arcade: FICTION Somerville, P. - On Shelf"
https://catalog.saclibrary.org/GroupedWork/db6db5a0-fbd9-1d68-50f8-219fa63e55f7-eng,"The invaders","Waclawiak, Karolina, 1979-",9781941393291,,"Blackstone Publishing; Regan Arts","2015 - 2016","New York",eAudiobook;Book,"Book::Franklin: FICTION Waclawiak, K. - On Shelf"
https://catalog.saclibrary.org/GroupedWork/ca0a8afe-57c7-7b51-1089-ffe1e83e3bae-eng,"Foreign bodies","Ozick, Cynthia",9780547435572,,"Recorded Books, Inc.; Houghton Mifflin Harcourt; Mariner Books","2010 - 2011",Boston,eBook;Book;eAudiobook,
https://catalog.saclibrary.org/GroupedWork/92c51d8f-ea28-b34b-775c-b10c092093d0-eng,"The Christmas promise","VanLiere, Donna, 1966-",9780312367763,,"Wheeler Pub; St. Martin's Press; Macmillan Audio",2007,"New York; Detroit","eAudiobook;Large Print;Book","Book::Central: FICTION VanLiere, D. - On Shelf,Book::Colonial Heights: FICTION VanLiere, D. - On Shelf,Book::Galt: FICTION VanLiere, D. - On Shelf"
https://catalog.saclibrary.org/GroupedWork/3d9a120a-e629-223b-b5eb-b4d9a2c0527f-eng,"The boat","Le, Nam, 1979-",9780307268082,,"Recorded Books, Inc.; Alfred A. Knopf; Knopf Doubleday Publishing Group","2008 - 2009","New York",eBook;Book;eAudiobook,"Book::Central: FICTION Le, N. - Checked Out"
https://catalog.saclibrary.org/GroupedWork/4f2b0e78-2475-aa43-38a2-3acc20f960b9-eng,"Honor: [a novel]","Shafak, Elif, 1971-",9780670784837,,"Viking; Recorded Books, Inc.",2013,"[New York]",Book;eAudiobook,"Book::Arcade: FICTION Shafak, E. - On Shelf,Book::Central: FICTION Shafak, E. - On Shelf"
https://catalog.saclibrary.org/GroupedWork/e285a0e4-211e-c96d-69ec-5f7005e12461-eng,"Running the rift: a novel","Benaron, Naomi, 1951-",9781616200428,,"Algonquin Books of Chapel Hill; Highbridge Company; Little, Brown and Company; Algonquin Books",2012,"Chapel Hill, NC",eBook;Book;eAudiobook,"Book::Elk Grove: FICTION Benaron, N. - On Shelf,Book::Southgate: FICTION Benaron, N. - On Shelf,Book::Folsom Adult: FICTION Benaron, N. - On Shelf"
https://catalog.saclibrary.org/GroupedWork/414ffe8a-75bb-1275-7919-fbde66fc59a8-eng,"The shadow girls","Mankell, Henning, 1948-",9781595581921,,"Recorded Books, Inc.; The New Press; Distributed by Perseus Distribution; New Press",2012,"New York",eBook;Book;eAudiobook,"Book::Central: MYSTERY Mankell, H. - On Shelf,Book::Folsom Adult: MYSTERY Mankell, H. - On Shelf"
https://catalog.saclibrary.org/GroupedWork/670ad7e5-afdf-f89f-ca7c-bc421f1c0bb5-eng,"The perfect liar","Greene, Thomas Christopher, 1968-",9781250128218,,"St. Martin's Press; St. Martin's Publishing Group; Macmillan Audio",2019,"New York",eAudiobook;Book;eBook,"Book::Central: FICTION Greene, T. - On Shelf,Book::Galt: FICTION Greene, T. - On Shelf,Book::North Natomas: FICTION Greene, T. - On Shelf"
https://catalog.saclibrary.org/GroupedWork/f20bad00-6b86-9544-c0e8-60a91cdea6e7-eng,"Halibut on the moon","Vann, David",9780802128935,,"Grove Press; Dreamscape Media; Grove Atlantic",2019,"New York",eBook;Book;eAudiobook,"Book::Central: FICTION Vann, D. - On Shelf,Book::Valley Hi-North Laguna: FICTION Vann, D. - On Shelf"
https://catalog.saclibrary.org/GroupedWork/5bcb8f68-1b3a-9b73-7a50-6564e8ec9286-eng,"An unlasting home: a novel","Al-Nakib, Mai, 1970-",9780063135093,,"HarperCollins; HarperAudio; Mariner Books",2022,"New York",eAudiobook;eBook;Book,"Book::Carmichael: FICTION Al-Nakib, M. - On Shelf,Book::Central: FICTION Al-Nakib, M. - On Shelf,Book::Elk Grove: FICTION Al-Nakib, M. - On Shelf"
https://catalog.saclibrary.org/GroupedWork/7fb57e22-fe49-525b-bbe6-4a2568015829-eng,"In the distance with you","Guelfenbein, Carla, 1959-",9781590518700,,"Highbridge Company; Other Press",2018,"New York",eBook;Book;eAudiobook,"Book::Central: FICTION Guelfenbein, C. - On Shelf,Book::North Natomas: FICTION Guelfenbein, C. - On Shelf"
https://catalog.saclibrary.org/GroupedWork/e2d98872-9a9f-9e26-cfdb-9957c1bb4d91-eng,"In the land of armadillos: stories","Shankman, Helen Maryles",9781501115196,,"Tantor Media, Inc.; Scribner",2016,"New York",Book;eAudiobook,"Book::Arcade: FICTION Shankman, H. - On Shelf,Book::Central: FICTION Shankman, H. - On Shelf,Book::Belle Cooledge: FICTION Shankman, H. - On Shelf"
https://catalog.saclibrary.org/GroupedWork/94a5c486-540a-5f2b-bdcd-43e754280edc-eng,"The half sister","Jones, Sandie",9781250265517,,"St. Martin's Publishing Group; Minotaur Books; Macmillan Audio",2020,"New York",eAudiobook;Book;eBook,"Book::Arcade: FICTION Jones, S. - On Shelf,Book::Carmichael: FICTION Jones, S. - Checked Out,Book::Central: FICTION Jones, S. - On Shelf"
https://catalog.saclibrary.org/GroupedWork/77cf921f-d0eb-8bd8-cde4-a29185ef0263-eng,"Ashes in my mouth, sand in my shoes: stories","Petterson, Per, 1952-",9781555977009,,"Dreamscape Media; Graywolf Press",2015,"[Minneapolis, Minnesota]",Book;eAudiobook,"Book::Central: FICTION Petterson, P. - On Shelf"
https://catalog.saclibrary.org/GroupedWork/8484437d-dd14-fed1-fdbc-acff2478443f-eng,"Mildred Pierce","Cain, James M. (James Mallahan), 1892-1977",9780679723219,,"Knopf Doubleday Publishing Group; Vintage Books; Blackstone Publishing","1989 - 2010","New York",eAudiobook;Book;eBook,"Book::Belle Cooledge: FICTION Cain, J. - On Shelf,Book::Rancho Cordova: FICTION Cain, J. - On Shelf,Book::Sutter County Main Branch: FICTION Cain, J. - On Shelf"
https://catalog.saclibrary.org/GroupedWork/c5eadde3-694f-5797-cee1-8b12aacaa375-eng,"Memoirs of an imaginary friend","Dicks, Matthew",9781250006219,,"St. Martin's Press; Macmillan Audio",2012,"New York",eAudiobook;Book,"Book::Belle Cooledge: FICTION Dicks, M. - On Shelf"
https://catalog.saclibrary.org/GroupedWork/2d6c2725-a597-e4ff-c5d6-5a931d3eb602-eng,Winter,"Smith, Ali, 1962-",9781101870754,,"Recorded Books, Inc.; Knopf Doubleday Publishing Group; Pantheon Books",2018,"New York",eAudiobook;Book;eBook,"Book::Central: FICTION Smith, A. - On Shelf,Book::Fair Oaks: FICTION Smith, A. - On Shelf,Book::Rio Linda: FICTION Smith, A. - On Shelf"
https://catalog.saclibrary.org/GroupedWork/bd7fa3bc-f4fd-48dc-1f83-de3b3fdff689-eng,"Hula: a novel","Hakes, Jasmin 'Iolani",9780063276987,,"HarperVia; HarperCollins; HarperAudio",2023,"New York",eAudiobook;eBook;Book,"Book::Arden-Dimick: FICTION Hakes, J. - Checked Out,Book::Carmichael: FICTION Hakes, J. - Checked Out,Book::Central: FICTION Hakes, J. - On Shelf"
https://catalog.saclibrary.org/GroupedWork/1b5526a6-10aa-f423-5643-3904d04c8927-eng,"The book of Ruth","Hamilton, Jane, 1957 July 13-",9780385265706,,"Recorded Books, Inc.; Anchor Books; Simon & Schuster Audio; Houghton Mifflin Harcourt","1990 - 2014","New York",eBook;Book;eAudiobook,"Book::Central: FICTION Hamilton, J. - On Shelf,Book::Folsom Adult: FICTION Hamilton, J. - On Shelf"
https://catalog.saclibrary.org/GroupedWork/e0bd446e-fa58-3452-d9c8-e3810ff09f1f-eng,"Pure colour","Heti, Sheila, 1976-",9780374603946,,"Farrar, Straus and Giroux; Macmillan Audio",2022,"New York",eAudiobook;Book;eBook,"Book::Elk Grove: FICTION Heti, S. - On Shelf,Book::South Natomas: FICTION Heti, S. - On Shelf,Book::Woodland Public Library: FICTION Heti, S. - On Shelf"
https://catalog.saclibrary.org/GroupedWork/44170e8a-d9f8-38dc-9345-68b2fae0cc2e-eng,"Come with me: a novel","Schulman, Helen",9780062459138,,"HarperCollins; HarperAudio; Harper, an imprint of HarperCollinsPublishers",2018,"New York, NY",eAudiobook;eBook;Book,"Book::Central: FICTION Schulman, H. - On Shelf,Book::Pocket-Greenhaven: FICTION Schulman, H. - On Shelf,Book::Southgate: FICTION Schulman, H. - On Shelf"
https://catalog.saclibrary.org/GroupedWork/0636e514-37a1-9a36-05e4-c395de0f779d-eng,"Is mother dead","Hjorth, Vigdis",9781839764318,,"Tantor Media, Inc.; Verso; Verso Books","2022 - 2023",London,eBook;Book;eAudiobook,"Book::Arcade: FICTION Hjorth, V. - On Shelf,Book::Central: FICTION Hjorth, V. - On Shelf,Book::Franklin: FICTION Hjorth, V. - On Shelf"
https://catalog.saclibrary.org/GroupedWork/7e0a1ecf-191b-d70f-b8e8-0faece75ddb0-eng,"Sweeney Todd, the demon barber of Fleet Street: a musical thriller","Sondheim, Stephen",,,"Dodd, Mead & Co",1979,"New York",Book,
https://catalog.saclibrary.org/GroupedWork/e11b8a8a-6c6b-40b8-559e-dd484db18c19-eng,"The braid: a novel","Colombani, Laetitia, 1976-",9781982130039,,"Simon & Schuster Audio; Atria Paperback; Atria Books",2019,"New York",eAudiobook;Book;eBook,"Book::Central: FICTION Colombani, L. - On Shelf,Book::Fair Oaks: FICTION Colombani, L. - On Shelf"
https://catalog.saclibrary.org/GroupedWork/a378a943-63ae-712b-9e6f-07e434a3ee8f-eng,"Talk to me: monologue plays",,9781400076154,,"Vintage Books",2004,"New York",Book,
https://catalog.saclibrary.org/GroupedWork/090a3e8a-a9b1-9001-b7c4-e97d466a8b0e-eng,"Darkness the color of snow: a novel","Cobb, Thomas, 1947-",9780062391247,,"William Morrow; HarperCollins; HarperAudio",2015,"New York",eBook;Book;eAudiobook,"Book::Elk Grove: FICTION Cobb, T. - On Shelf,Book::Orangevale: FICTION Cobb, T. - On Shelf,Book::Rancho Cordova: FICTION Cobb, T. - On Shelf"
https://catalog.saclibrary.org/GroupedWork/c531f6ab-15a4-ebc4-5451-9638e7f04224-eng,"Nonfiction: a novel","Myerson, Julie",9781959030317,,"Tin House; Tantor Media, Inc","2023 - 2024","Portland, Oregon",Book;eAudiobook,"Book::Central: FICTION Myerson, J. - On Shelf,Book::South Natomas: FICTION Myerson, J. - On Shelf,Book::North Natomas: FICTION Myerson, J. - On Shelf"
https://catalog.saclibrary.org/GroupedWork/1a3f99f2-9305-2e75-5962-698663fe6a34-eng,"A Song for Issy Bradley: a novel","Bray, Carys",9780553390889,,"Recorded Books, Inc.; Ballantine Books","2014 - 2015","New York",Book;eAudiobook,"Book::Central: FICTION Bray, C. - On Shelf"
https://catalog.saclibrary.org/GroupedWork/5f18f348-6e51-2021-7ac0-1221e13eed3e-eng,"Kings of the earth: a novel","Clinch, Jon",9781400069019,,"Recorded Books, Inc.; Random House",2010,"New York",Book;eAudiobook,"Book::Central: FICTION Clinch, J. - On Shelf"
https://catalog.saclibrary.org/GroupedWork/9d3c403d-f597-437b-f84b-8e55f1de8cd2-eng,"The kind worth saving: a novel","Swanson, Peter, 1968-",9780063204980,,"HarperCollins; HarperAudio; William Morrow, an imprint of HarperCollinsPublishers",2023,"New York, NY",eAudiobook;eBook;Book,"Book::Carmichael: MYSTERY Swanson, P. - On Shelf,Book::Central: MYSTERY Swanson, P. - On Shelf,Book::Franklin: MYSTERY Swanson, P. - On Shelf"
https://catalog.saclibrary.org/GroupedWork/9b89847f-6040-62a7-2c7a-b9a70020d275-eng,"Sparks like stars: a novel","Hashimi, Nadia",9780063008281,,"HarperCollins; HarperAudio; William Morrow, an imprint of HarperCollinsPublishers",2021,"New York, NY",eAudiobook;eBook;Book,"Book::Central: FICTION Hashimi, N. - On Shelf,Book::Elk Grove: FICTION Hashimi, N. - On Shelf,Book::Fair Oaks: FICTION Hashimi, N. - On Shelf"
https://catalog.saclibrary.org/GroupedWork/acaedb03-d4f3-031f-306f-4b31b2fba3ee-eng,"Moshi moshi","Yoshimoto, Banana, 1964-",9781619027862,,"Counterpoint; Catapult; Highbridge Company","2016 - 2022",Berkeley,eBook;Book;eAudiobook,"Book::Central: FICTION Yoshimoto, B. - On Shelf,Book::Elk Grove: FICTION Yoshimoto, B. - On Shelf,Book::North Sacramento-Hagginwood: FICTION Yoshimoto, B. - On Shelf"
https://catalog.saclibrary.org/GroupedWork/ed328d75-6775-339f-3e0b-7655535f5870-eng,"Nothing like the sun: a story of Shakespeare's love-life","Burgess, Anthony, 1917-1993",,,"W. W. Norton",1964,"New York",Book,
https://catalog.saclibrary.org/GroupedWork/0bfbd9f9-7183-d652-fe1f-60eae99179cd-eng,"Evenings and weekends","McKenna, Oisín",9780063319974,,"HarperCollins; HarperAudio; Harper",2024,"Lond, England",eAudiobook;eBook;Book,"Book::Central: FICTION McKenna, O. - On Shelf,Book::Southgate: FICTION McKenna, O. - On Shelf,Book::Sylvan Oaks: FICTION McKenna, O. - Checked Out"
https://catalog.saclibrary.org/GroupedWork/778dbc25-0158-5cac-426c-b5188d43da3e-eng,"Bad animals: a novel","Braunstein, Sarah, 1976-",9781324051046,,"HighBridge Company; W.W. Norton & Company; Highbridge Company",2024,"New York, NY",eAudiobook;Book,"Book::Central: FICTION Braunstein, S. - On Shelf,Book::Belle Cooledge: FICTION Braunstein, S. - On Shelf,Book::Elk Grove: FICTION Braunstein, S. - On Shelf"
https://catalog.saclibrary.org/GroupedWork/f706dd29-3d6d-93d2-6869-032480e9ad9b-eng,"The trees: a novel","Everett, Percival",9781644450642,,"Tantor Media, Inc.; Tantor Media, Inc; Graywolf Press","2021 - 2022","Minneapolis, Minnesota",eAudiobook;eBook;Book,"Book::Central: FICTION Everett, P. - Checked Out,Book::Fair Oaks: FICTION Everett, P. - On Hold Shelf,Book::North Natomas: FICTION Everett, P. - Checked Out"
https://catalog.saclibrary.org/GroupedWork/2e06d37e-3f80-bc78-8b44-0c6dcb028cf6-eng,"Eveningland: stories","Knight, Michael, 1969-",9780802125972,,"Recorded Books, Inc.; Atlantic Monthly Press; Grove Atlantic",2017,"New York",eBook;Book;eAudiobook,"Book::Central: FICTION Knight, M. - On Shelf"
https://catalog.saclibrary.org/GroupedWork/6235229b-1c39-4ba9-7b16-09404379445b-eng,"Marigold and Rose: a fiction","Glück, Louise, 1943-",9780374607586,,"Farrar, Straus and Giroux; Macmillan Audio",2022,"New York",eAudiobook;Book;eBook,"Book::Central: FICTION Gluck, L. - On Shelf,Book::Fair Oaks: FICTION Gluck, L. - On Shelf,Book::Isleton: FICTION Gluck, L. - On Shelf"
https://catalog.saclibrary.org/GroupedWork/51edc7e6-f507-c825-feb4-963ce3a25ff8-eng,"Dare me: a novel","Abbott, Megan, 1971-",9780316097772,,"Hachette Audio; Little, Brown and Company; Little, Brown",2012,"New York",eAudiobook;eBook;Book,"Book::Belle Cooledge: FICTION Abbott, M. - On Shelf,Book::North Natomas: FICTION Abbott, M. - Checked Out"
https://catalog.saclibrary.org/GroupedWork/7cd0a82f-5f5c-b770-0e3e-f1908f1c6b94-eng,"A thousand miles from nowhere: a novel","Brown, John Gregory",9780316302807,,"Hachette Audio; Little, Brown and Company; A Lee Boudreaux Book, Little, Brown and Company",2016,"New York",eBook;Book;eAudiobook,"Book::Central: FICTION Brown, J. - On Shelf"
https://catalog.saclibrary.org/GroupedWork/e372dbf7-ddf1-c7da-c810-862e4d16d046-eng,Afterlife,"Alvarez, Julia",9781643750255,,"Recorded Books, Inc.; W. F. Howes Ltd; Algonquin Books of Chapel Hill; Little, Brown and Company","2020 - 2022","Chapel Hill, North Carolina",eAudiobook;eBook;Book,"Book::Arcade: FICTION Alvarez, J. - On Shelf,Book::Carmichael: FICTION Alvarez, J. - Checked Out,Book::Central: FICTION Alvarez, J. - On Shelf"
https://catalog.saclibrary.org/GroupedWork/6ff92dcb-6b36-bf17-89a1-9547d04520d1-eng,"The family next door","Hepworth, Sally",9781250120892,,"St. Martin's Press; St. Martin's Publishing Group; Macmillan Audio",2018,"New York",eAudiobook;Book;eBook,"Book::Central: FICTION Hepworth, S. - Checked Out,Book::South Natomas: FICTION Hepworth, S. - On Shelf,Book::North Natomas: FICTION Hepworth, S. - On Shelf"
https://catalog.saclibrary.org/GroupedWork/ab0af8d6-b7be-1f5c-b956-d4d6f0825887-eng,"A dog's promise","Cameron, W. Bruce",9781250163516,,"Forge; Macmillan Audio; Tor Publishing Group",2019,"New York",eAudiobook;Book;eBook,"Book::Central: FICTION Cameron, W. - On Shelf,Book::Elk Grove: FICTION Cameron, W. - On Shelf,Book::Fair Oaks: FICTION Cameron, W. - Checked Out"
https://catalog.saclibrary.org/GroupedWork/f1569836-5058-43c5-6902-14e31bd2d817-eng,"Family trust: a novel","Wang, Kathy",9780062855251,,"HarperLuxe, an imprint of HarperCollinsPublishers; HarperCollins; HarperAudio; William Morrow, an imprint of HarperCollinsPublishers",2018,"New York, NY","eAudiobook;Large Print;eBook;Book","Book::Central: FICTION Wang, K. - On Shelf,Book::Belle Cooledge: FICTION Wang, K. - On Shelf,Book::South Natomas: FICTION Wang, K. - On Shelf"
https://catalog.saclibrary.org/GroupedWork/a6b95d24-c012-fcca-4410-f712811f9315-eng,"These violent delights: a novel","Nemerever, Micah",9780062963635,,"HarperCollins; HarperAudio; Harper, an imprint of HarperCollinsPublishers",2020,"New York, NY",eAudiobook;eBook;Book,"Book::Belle Cooledge: FICTION Nemerever, M. - On Shelf,Book::Elk Grove: FICTION Nemerever, M. - Checked Out"
https://catalog.saclibrary.org/GroupedWork/d1d2e7fb-688d-7c07-2baf-74abc9051c85-eng,"Life is elsewhere","Kundera, Milan",9780060997021,,"HarperPerennial; HarperCollins; HarperAudio","2000 - 2023","New York",eBook;Book;eAudiobook,"Book::Central: FICTION Kundera, M. - On Shelf,Book::Elk Grove: FICTION Kundera, M. - On Shelf"
https://catalog.saclibrary.org/GroupedWork/3082abff-557b-b4a2-f2f4-eab930ea6222-eng,"I am Radar","Larsen, Reif",9781594206160,,"Recorded Books, Inc.; The Penguin Press; Penguin Publishing Group",2015,"New York",eBook;Book;eAudiobook,"Book::Central: FICTION Larsen, R. - On Shelf"
https://catalog.saclibrary.org/GroupedWork/31a48341-a59b-4eca-bebc-1a7929759b10-eng,"Signs and wonders: stories","Ohlin, Alix",9780307743794,,"Recorded Books, Inc.; Knopf Doubleday Publishing Group; Vintage Books",2012,"New York",eBook;Book;eAudiobook,"Book::Central: FICTION Ohlin, A. - On Shelf"
https://catalog.saclibrary.org/GroupedWork/4384461d-2e1e-3f76-5e26-5cb631ba4649-eng,"The white rose","Korelitz, Jean Hanff, 1961-",9781401352318,,"Miramax Books; Hachette Audio; Grand Central Publishing","2004 - 2015","New York, N.Y",eBook;Book;eAudiobook,"Book::Rancho Cordova: FICTION Korelitz, J. - On Shelf"
https://catalog.saclibrary.org/GroupedWork/6b3ee141-7e2c-ece1-b1f2-b75ac78a1425-eng,"The fat artist: and other stories","Hale, Benjamin",9781476776200,,"Simon & Schuster; Tantor Media, Inc",2016,"New York",eAudiobook;Book,"Book::Central: FICTION Hale, B. - On Shelf"
https://catalog.saclibrary.org/GroupedWork/ebd06307-c94d-8636-c8d8-887d74d23c42-eng,"The uncollected stories of Allan Gurganus","Gurganus, Allan, 1947-",9780871403780,,"HighBridge; Liveright Publishing Corporation, a division of W.W. Norton & Company; Highbridge Company",2021,"New York, NY",eAudiobook;Book,"Book::Central: FICTION Gurganus, A. - On Shelf"
https://catalog.saclibrary.org/GroupedWork/1f74e5fd-0245-f116-e199-ee2a3a332a18-eng,Receptor,"Glynn, Alan, 1960-",9781250061805,,"Picador; Macmillan Audio",2019,"New York",eBook;Book;eAudiobook,"Book::Central: FICTION Glynn, A. - On Shelf,Book::Del Paso Heights: FICTION Glynn, A. - On Shelf,Book::Franklin: FICTION Glynn, A. - On Shelf"
https://catalog.saclibrary.org/GroupedWork/d03c3f7e-0619-b3dc-39e0-3671997f245b-eng,"The dream daughter","Chamberlain, Diane, 1950-",9781250087300,,"St. Martin's Press; St. Martin's Publishing Group; Macmillan Audio; Thorndike Press Large Print",2018,"Waterville, Maine; New York","eAudiobook;Large Print;Book;eBook","Book::Carmichael: FICTION Chamberlain, D. - On Shelf,Book::Central: FICTION Chamberlain, D. - On Shelf,Book::South Natomas: FICTION Chamberlain, D. - On Shelf"
https://catalog.saclibrary.org/GroupedWork/1e59e9ba-1386-c1c8-8c66-b237bff38fa5-eng,Benefit,"Phillips, Siobhan, 1978-",9781942658993,,"Blackstone Publishing; Bellevue Literary Press",2022,"New York",Book;eAudiobook,"Book::Carmichael: FICTION Phillips, S. - On Shelf,Book::Central: FICTION Phillips, S. - On Shelf,Book::South Natomas: FICTION Phillips, S. - On Shelf"
https://catalog.saclibrary.org/GroupedWork/059c6727-88e0-6d87-7096-51f81724a6a3-eng,"Dear dickhead: a novel","Despentes, Virginie, 1969-",9780374611613,,"Highbridge Company; Farrar, Straus and Giroux","2024 - 2025","New York",eBook;Book;eAudiobook,"Book::Carmichael: FICTION Despentes, V. - On Shelf,Book::Central: FICTION Despentes, V. - On Shelf,Book::Colonial Heights: FICTION Despentes, V. - On Shelf"
https://catalog.saclibrary.org/GroupedWork/4a96c3e1-0c87-9e80-99f0-9804633baa13-eng,"Wandering souls: a novel","Pin, Cecile",9781250863461,,"Henry Holt and Company; Henry Holt and Co.; Macmillan Audio",2023,"New York",eAudiobook;Book;eBook,"Book::Carmichael: FICTION Pin, C. - On Shelf,Book::Fair Oaks: FICTION Pin, C. - On Shelf,Book::Franklin: FICTION Pin, C. - On Shelf"
https://catalog.saclibrary.org/GroupedWork/49d1f4c1-0004-7b45-5017-880706432af5-eng,"We are all good people here","White, Susan Rebecca",9781451608915,,"Simon & Schuster Audio; Atria Books",2019,"New York",Book;eAudiobook,"Book::Central: FICTION White, S. - Checked Out,Book::Pocket-Greenhaven: FICTION White, S. - On Shelf,Book::Folsom Adult: FICTION White, S. - On Shelf"
https://catalog.saclibrary.org/GroupedWork/0a1bebb7-a6cc-995d-7c5c-92f76226cf39-eng,"The Elephanta suite","Theroux, Paul",9780618943326,,"Houghton Mifflin; Houghton Mifflin Harcourt; W F Howes; Mariner Books","2007 - 2020",Boston,eBook;Book;eAudiobook,"Book::Carmichael: FICTION Theroux, P. - On Shelf,Book::Central: FICTION Theroux, P. - On Shelf,Book::Folsom Adult: FICTION Theroux, P. - On Shelf"
https://catalog.saclibrary.org/GroupedWork/c18488e1-951a-0e94-adcd-28c4dd8de170-eng,"House of Trelawney","Rothschild, Hannah, 1962-",9780525654919,,"HighBridge; Alfred A. Knopf; Highbridge Company",2020,"New York",eAudiobook;Book,"Book::Central: FICTION Rothschild, H. - On Shelf,Book::Belle Cooledge: FICTION Rothschild, H. - On Shelf,Book::Elk Grove: FICTION Rothschild, H. - On Shelf"
https://catalog.saclibrary.org/GroupedWork/12249779-9b29-41bd-e2db-eda6f8427399-eng,"Border songs","Lynch, Jim, 1961-",9780307271174,,"Recorded Books, Inc.; Alfred A. Knopf; Knopf Doubleday Publishing Group; Vintage Contemporaries","2009 - 2010","New York",eBook;Book;eAudiobook,"Book::Central: FICTION Lynch, J. - On Shelf"
https://catalog.saclibrary.org/GroupedWork/52deb791-b69c-f318-638e-42988fb4fe17-eng,"Some hell: a novel","Nathan, Patrick",9781555977986,,"Graywolf Press; Blackstone Publishing",2018,"Minneapolis, Minnesota",eAudiobook;Book,"Book::Central: FICTION Nathan, P. - On Shelf,Book::North Natomas: FICTION Nathan, P. - On Shelf"
https://catalog.saclibrary.org/GroupedWork/fd7ec539-c398-e482-b702-a128bd395cbf-eng,Lowboy,"Wray, John, 1971-",9780374194161,,"Farrar, Straus and Giroux; Blackstone Publishing",2009,"New York",eBook;Book;eAudiobook,"Book::Central: FICTION Wray, J. - On Shelf,Book::Belle Cooledge: FICTION Wray, J. - On Shelf,Book::Folsom Adult: FICTION Wray, J. - On Shelf"
https://catalog.saclibrary.org/GroupedWork/f6acaf1e-2c25-db83-7947-7c678b3cf418-eng,"Accordion crimes: a novel","Proulx, Annie",9780684831541,,"Simon & Schuster Audio; Scribner","1996 - 2011","New York",eBook;Book;eAudiobook,"Book::Central: FICTION Proulx, A. - On Shelf,Book::Belle Cooledge: FICTION Proulx, A. - Checked Out,Book::Stonyford Branch Library Adult Collection: Fic - On Shelf"
https://catalog.saclibrary.org/GroupedWork/878d355e-2ff5-4361-ae8a-ed3d5f866091-eng,"The northern reach","Winslow, W. S",9781250776488,,"Flatiron Books; Macmillan Audio",2021,"New York",eAudiobook;Book,"Book::Carmichael: FICTION Winslow, W. - On Shelf,Book::Central: FICTION Winslow, W. - On Shelf,Book::Belle Cooledge: FICTION Winslow, W. - On Shelf"
https://catalog.saclibrary.org/GroupedWork/6a4a7334-2059-0485-18c7-797af2280b85-eng,"Mao II","DeLillo, Don",9780670839049,,"Viking; Simon & Schuster Audio; Penguin Publishing Group","1991 - 2016","New York",eBook;Book;eAudiobook,"Book::Arcade: FICTION DeLillo, D. - On Hold Shelf"
https://catalog.saclibrary.org/GroupedWork/423f6bc0-ce4d-f529-0798-3fcddf221517-eng,"Goodnight stranger","Gault, Miciah Bay",9780778308706,,"Harlequin; Harlequin Audio; Park Row Books",2019,"Toronto, Ontario, Canada",eBook;Book;eAudiobook,"Book::Central: FICTION Gault, M. - On Shelf"
https://catalog.saclibrary.org/GroupedWork/28f978a6-2a8b-e1f5-34a2-1e728f909451-eng,"Leaving the sea: stories","Marcus, Ben, 1967-",9780307379382,,"Recorded Books, Inc.; Alfred A. Knopf",2014,"New York",Book;eAudiobook,"Book::Central: FICTION Marcus, B. - On Shelf"
https://catalog.saclibrary.org/GroupedWork/7ec931bf-2a02-2fdb-dc4d-1aab78d50eee-eng,"From a far and lovely country","McCall Smith, Alexander, 1948-",9780593316993,,"Thorndike Press, a part of Gale, a Cengage company; Pantheon Books",2023,"New York; [Waterville, Maine]","Large Print;Book","Book::Arcade: MYSTERY McCall Smith, A. - On Shelf,Book::Arden-Dimick: MYSTERY McCall Smith, A. - Checked Out,Book::Carmichael: MYSTERY McCall Smith, A. - On Shelf"
https://catalog.saclibrary.org/GroupedWork/6d6345f5-9dbe-dd5d-9a5e-b19d738ef776-eng,"Silent hearts: a novel","Florio, Gwen, 1955-",9781501181924,,"Simon & Schuster Audio; Atria Books",2018,"New York",Book;eAudiobook,"Book::Central: FICTION Florio, G. - On Shelf,Book::Elk Grove: FICTION Florio, G. - On Shelf,Book::Valley Hi-North Laguna: FICTION Florio, G. - On Shelf"
https://catalog.saclibrary.org/GroupedWork/acc89973-f221-5f0b-753e-86304bc89a4c-eng,"My Michael","Oz, Amos",9780156031608,,"Harcourt; Houghton Mifflin Harcourt; Blackstone Publishing","2005 - 2017","Orlando, FL",eBook;Book;eAudiobook,"Book::Central: FICTION Oz, A. - On Shelf"
https://catalog.saclibrary.org/GroupedWork/184a4963-e1ce-e007-070b-00432b689530-eng,"The uncoupling","Wolitzer, Meg",9781594487880,,"Blackstone Publishing; Riverhead Books; Penguin Publishing Group",2011,"New York",eAudiobook;eBook;Book,"Book::Carmichael: FICTION Wolitzer, M. - Checked Out,Book::McKinley: FICTION Wolitzer, M. - On Shelf,Book::Folsom Adult: FICTION Wolitzer, M. - On Shelf"
https://catalog.saclibrary.org/GroupedWork/297872bf-2045-2ddf-947c-87caf79f1879-eng,Lion,"Walger, Sonya",9781681379036,,"Highbridge Company; New York Review Books; HighBridge Company",2025,"New York",eAudiobook;Book;eBook,"Book::Carmichael: FICTION Walger, S. - Checked Out,Book::Central: FICTION Walger, S. - On Shelf,Book::McKinley: FICTION Walger, S. - On Shelf"
https://catalog.saclibrary.org/GroupedWork/a6e6eebf-7020-f681-d72f-8ee1b77ac195-eng,"Breathing lessons","Tyler, Anne",9780345485571,,"Recorded Books, Inc.; Knopf Doubleday Publishing Group; Berkley Books","1989 - 2021","New York",eAudiobook;eBook;Book,
https://catalog.saclibrary.org/GroupedWork/9bec95af-0ed3-a5d7-24b3-9725ac0889c1-eng,Peacekeeping,"Berlinski, Mischa, 1973-",9780374230449,,"Macmillan Audio; Sarah Crichton Books; Farrar, Straus and Giroux",2016,"New York",eAudiobook;eBook;Book,"Book::Central: FICTION Berlinski, M. - On Shelf"
https://catalog.saclibrary.org/GroupedWork/99d55943-b83f-ec5c-7fc3-24dcf1c141fb-eng,"The fall guy: a novel","Lasdun, James",9780393292329,,"Highbridge Company; W. W. Norton & Company",2016,"New York",eBook;Book;eAudiobook,"Book::Central: FICTION Lasdun, J. - On Shelf,Book::Franklin: FICTION Lasdun, J. - On Shelf"
https://catalog.saclibrary.org/GroupedWork/f4d0bdb5-731f-298e-d848-68738f9aaf9a-eng,"The awkward black man: stories","Mosley, Walter",9780802149565,,"Tantor Media, Inc.; Grove Press; Tantor Media, Inc; Grove Atlantic",2020,"New York",eAudiobook;eBook;Book,"Book::Carmichael: FICTION Mosley, W. - On Shelf,Book::Central: FICTION Mosley, W. - On Shelf,Book::North Natomas: FICTION Mosley, W. - On Shelf"
https://catalog.saclibrary.org/GroupedWork/c7877cd1-e05b-af91-83e9-087e3a98aed4-eng,"Loved and missed","Boyt, Susie, 1969-",9781681377810,,"Tantor Media, Inc.; New York Review Books","2023 - 2024","New York",eBook;Book;eAudiobook,"Book::Central: FICTION Boyt, S. - In Transit,Book::McClatchy: FICTION Boyt, S. - OFF CAMPUS,Book::North Natomas: FICTION Boyt, S. - Checked Out"
https://catalog.saclibrary.org/GroupedWork/eabbdca3-0190-7f3f-97e9-5df33069810f-eng,"Big lies in a small town","Chamberlain, Diane, 1950-",9781250087331,,"St. Martin's Press; St. Martin's Publishing Group; Macmillan Audio",2020,"New York",eAudiobook;Book;eBook,"Book::Arcade: FICTION Chamberlain, D. - On Shelf,Book::Carmichael: FICTION Chamberlain, D. - On Shelf,Book::Central: FICTION Chamberlain, D. - On Shelf"
https://catalog.saclibrary.org/GroupedWork/1faf35c4-fdd7-0f1a-174b-7878891cf227-eng,"Boy swallows universe","Dalton, Trent",9780062898104,,"HarperCollins; HarperAudio; Harper, an imprint of HarperCollinsPublishers",2019,"New York, NY",eAudiobook;eBook;Book,"Book::Central: FICTION Dalton, T. - On Shelf,Book::North Natomas: FICTION Dalton, T. - Checked Out,Book::Pocket-Greenhaven: FICTION Dalton, T. - On Shelf"
https://catalog.saclibrary.org/GroupedWork/95643e52-bed4-8014-fec0-df521330bbfa-eng,"Silken gazelles: a novel","Alharthi, Jokha",9781646222070,,"Catapult; Tantor Media, Inc",2024,"New York, NY",eBook;Book;eAudiobook,"Book::Central: FICTION Alharthi, J. - On Shelf,Book::Franklin: FICTION Alharthi, J. - On Shelf,Book::South Natomas: FICTION Alharthi, J. - On Shelf"
https://catalog.saclibrary.org/GroupedWork/bdfb0e5e-ee01-6662-90d2-e330e95bd5bb-eng,"You are not a stranger here: stories","Haslett, Adam",9780385720724,,"Recorded Books, Inc.; Anchor Books","2003 - 2014","New York",Book;eAudiobook,"Book::Central: FICTION Haslett, A. - Checked Out,Book::Del Paso Heights: FICTION Haslett, A. - On Shelf,Book::Elk Grove: FICTION Haslett, A. - On Shelf"
https://catalog.saclibrary.org/GroupedWork/17664073-e73a-c1e4-62df-382ad3499aa0-eng,"Across a hundred mountains: a novel","Grande, Reyna",9780743269582,,"Simon & Schuster Audio; Atria Books; Washington Square Press","2006 - 2021","New York, NY",eBook;Book;eAudiobook,
https://catalog.saclibrary.org/GroupedWork/f1a7fd8d-8e83-b799-ef93-6a1ffdeb0850-eng,"The mountain: stories","Yoon, Paul",9781501154089,,"Highbridge Company; Simon & Schuster",2017,"New York",Book;eAudiobook,"Book::Central: FICTION Yoon, P. - On Shelf,Book::Belle Cooledge: FICTION Yoon, P. - On Shelf,Book::Pocket-Greenhaven: FICTION Yoon, P. - On Shelf"
https://catalog.saclibrary.org/GroupedWork/81a06680-d0a4-c4d2-5507-2defd15302f5-eng,"A state of freedom","Mukherjee, Neel",9780393292909,,"Highbridge Company; W. W. Norton & Company; HighBridge",2018,"New York",eAudiobook;Book,"Book::Carmichael: FICTION Mukherjee, N. - On Shelf,Book::Central: FICTION Mukherjee, N. - On Shelf,Book::North Natomas: FICTION Mukherjee, N. - On Shelf"
https://catalog.saclibrary.org/GroupedWork/25aae13f-3db8-ff1b-4f52-48d677255755-eng,"Little nothing","Silver, Marisa",9780399167928,,"Blue Rider Press; Dreamscape Media; Thorndike Press, a part of Gale, Cengage Learning; Penguin Publishing Group",2016,"New York; Farmington Hills, Mich","eAudiobook;Large Print;Book;eBook","Book::Central: FICTION Silver, M. - On Shelf,Book::Valley Hi-North Laguna: FICTION Silver, M. - On Shelf,Large Print::Franklin: LARGE PRINT FICTION Silver, M. - On Shelf"
https://catalog.saclibrary.org/GroupedWork/40418ac8-2e76-221a-c33a-04cce5f19ebb-eng,"The wandering season: a novel","Runyan, Aimie K",9781400237289,,"Harper Muse",2025,"[Nashville, Tennessee]",eAudiobook;eBook;Book,"Book::Central: FICTION Runyan, A. - On Shelf,Book::Colonial Heights: FICTION Runyan, A. - On Shelf,Book::Belle Cooledge: FICTION Runyan, A. - Checked Out"
https://catalog.saclibrary.org/GroupedWork/796f38be-b920-087c-9f4c-9b0e48f96a38-eng,"Say her name","Goldman, Francisco",9780802119810,,"Tantor Media, Inc.; Grove Press; Grove Atlantic",2011,"New York",eBook;Book;eAudiobook,
https://catalog.saclibrary.org/GroupedWork/f36d4a98-4141-4f59-a256-789dae28ffea-eng,"A tree or a person or a wall: stories","Bell, Matt, 1980-",9781616955236,,"Recorded Books, Inc.; Soho",2016,"New York, NY",Book;eAudiobook,"Book::Arcade: FICTION Bell, M. - On Shelf,Book::Central: FICTION Bell, M. - Checked Out"
https://catalog.saclibrary.org/GroupedWork/081e9d64-0762-22f7-ce44-ed8f49307cd4-eng,"The truth","Palin, Michael",9781250028242,,"Tantor Media, Inc.; Thomas Dunne Books/St. Martin's Press; St. Martin's Publishing Group",2013,"New York",eBook;Book;eAudiobook,"Book::Central: FICTION Palin, M. - On Shelf,Book::Belle Cooledge: FICTION Palin, M. - On Shelf"
https://catalog.saclibrary.org/GroupedWork/c1ff04c2-cd3a-9d11-9cb0-e0a4a94b3fa5-eng,"Where the line bleeds: a novel","Ward, Jesmyn",9781501164330,,"Recorded Books, Inc.; Scribner","2010 - 2018","New York",eAudiobook;Book;eBook,"Book::Carmichael: FICTION Ward, J. - Checked Out,Book::Central: FICTION Ward, J. - On Shelf"
https://catalog.saclibrary.org/GroupedWork/061810d2-cda7-96d5-b208-c0854d438c31-eng,"A good school: a novel","Yates, Richard, 1926-1992",9780312420390,,"Picador; Picador USA/H. Holt and Co; Macmillan Audio","2001 - 2014","New York",eBook;Book;eAudiobook,"Book::Central: FICTION Yates, R. - On Shelf,Book::South Natomas: FICTION Yates, R. - On Shelf,Book::Valley Hi-North Laguna: FICTION Yates, R. - On Shelf"
https://catalog.saclibrary.org/GroupedWork/9ef8c13e-f558-285b-9829-e9d95520aa3f-eng,"Night at the Fiestas: stories","Quade, Kirstin Valdez",9780393242980,,"Recorded Books, Inc.; W.W. Norton & Company",2015,"New York",Book;eAudiobook,"Book::Carmichael: FICTION Quade, K. - On Shelf,Book::Central: FICTION Quade, K. - On Shelf"
https://catalog.saclibrary.org/GroupedWork/a9a61d3c-d92e-7344-dae2-a3a2d2c3cfba-eng,"I refuse: a novel","Petterson, Per, 1952-",9781555976996,,"Recorded Books, Inc.; Graywolf",2015,"[Minneapolis, Minnesota]",Book;eAudiobook,"Book::Rancho Cordova: FICTION Petterson, P. - On Shelf,Book::Valley Hi-North Laguna: FICTION Petterson, P. - On Shelf"
https://catalog.saclibrary.org/GroupedWork/4e0b1da8-c61d-e53b-8564-50f638ecf0be-eng,"The miracle on Monhegan Island: a novel","Kelly, Elizabeth, 1952-",9781631491795,,"Liveright Publishing Corporation; Blackstone Publishing",2016,"New York, NY",eAudiobook;Book,"Book::Carmichael: FICTION Kelly, E. - On Shelf,Book::Central: FICTION Kelly, E. - On Shelf,Book::Galt: FICTION Kelly, E. - On Shelf"
https://catalog.saclibrary.org/GroupedWork/5a4b6957-7c71-78c7-b1dd-ce2efcd9ede0-eng,"Dr. No: a novel","Everett, Percival",9781644452080,,"Tantor Media, Inc.; Tantor Media, Inc; Graywolf Press",2022,"Minneapolis, Minnesota",eAudiobook;Book;eBook,"Book::Central: FICTION Everett, P. - On Shelf,Book::Belle Cooledge: FICTION Everett, P. - Checked Out,Book::Elk Grove: FICTION Everett, P. - On Shelf"
https://catalog.saclibrary.org/GroupedWork/cae390c4-509a-1103-d561-2eb5869d80e4-eng,"Silence is my mother tongue: a novel","Addonia, Sulaiman",9781644450338,,"Dreamscape Media; Graywolf Press",2020,"Minneapolis, Minnesota",Book;eAudiobook,"Book::Arcade: FICTION Addonia, S. - On Shelf,Book::Central: FICTION Addonia, S. - On Shelf,Book::South Natomas: FICTION Addonia, S. - On Shelf"
https://catalog.saclibrary.org/GroupedWork/85440210-72ef-af14-349d-3b15899f9bfd-eng,"Old flame","Prentiss, Molly",9781501121586,,"Scout Press; Simon & Schuster Audio",2023,"New York",Book;eAudiobook,"Book::Central: FICTION Prentiss, M. - On Shelf,Book::Fair Oaks: FICTION Prentiss, M. - On Shelf,Book::Isleton: FICTION Prentiss, M. - On Shelf"
https://catalog.saclibrary.org/GroupedWork/9b0eed97-6e55-6387-e921-77e27a6c3d8b-eng,"Lessons at the school by the sea","Colgan, Jenny",9780063275546,,"Avon, an imprint of HarperCollinsPublishers; HarperCollins; HarperAudio","2022 - 2023","New York, NY",eAudiobook;eBook;Book,"Book::Carmichael: FICTION Colgan, J. - On Shelf,Book::Central: FICTION Colgan, J. - On Shelf,Book::Colonial Heights: FICTION Colgan, J. - On Shelf"
https://catalog.saclibrary.org/GroupedWork/dac0fe8f-1180-b783-4f29-35dedb7eb869-eng,"The recent east: a novel","Grattan, Thomas, 1974-",9780374247935,,"MCD / Farrar, Straus and Giroux; Macmillan Audio",2021,"New York",eAudiobook;Book,"Book::Central: FICTION Grattan, T. - On Shelf,Book::Franklin: FICTION Grattan, T. - On Shelf,Book::McKinley: FICTION Grattan, T. - On Shelf"
https://catalog.saclibrary.org/GroupedWork/9ccf3891-e321-10bb-ffe8-0037d7631172-eng,"The secrets of midwives","Hepworth, Sally",9781250051912,,"St. Martin's Press; St. Martin's Publishing Group; Macmillan Audio",2015,"New York; [New York]","eAudiobook;Audiobook - CD;Book;eBook","Book::Rio Linda: FICTION Hepworth, S. - On Shelf,Book::Folsom Adult: FICTION Hepworth, S. - On Shelf,Book::Woodland Public Library: FICTION Hepworth, S. - On Shelf"
https://catalog.saclibrary.org/GroupedWork/28a151d6-668d-9d12-334e-b785b43d2246-eng,"This was not the plan: a novel","Alger, Cristina",9781501103759,,"Simon & Schuster Audio; Touchstone",2016,"New York",Book;eAudiobook,"Book::Central: FICTION Alger, C. - On Shelf,Book::Franklin: FICTION Alger, C. - On Shelf,Book::McKinley: FICTION Alger, C. - On Shelf"
https://catalog.saclibrary.org/GroupedWork/39f23ba3-a6bd-5a26-ef88-5d2397311832-eng,"The unmade world","Yarbrough, Steve, 1956-",9781609531430,,"Recorded Books, Inc.; Unbridled Books",2018,"Lakewood, CO",eBook;Book;eAudiobook,"Book::Central: FICTION Yarbrough, S. - On Shelf"
https://catalog.saclibrary.org/GroupedWork/4cc9e9ba-8661-f62c-40ed-e35c95ba5e71-eng,"Exquisite mariposa: a novel","Duncan, Fiona Alison",9781593765781,,"Catapult; Soft Skull; Blackstone Publishing","2019 - 2020","New York",eBook;Book;eAudiobook,"Book::Central: FICTION Duncan, F. - On Shelf"
https://catalog.saclibrary.org/GroupedWork/e6364155-e3c2-7584-aaba-1ddc1cbfea4b-eng,"The world doesn't require you: stories","Scott, Rion Amilcar",9781631495380,,"HighBridge; Liveright Publishing Corporation, a division of W.W. Norton & Company; Highbridge Company",2019,"New York",eAudiobook;Book,"Book::Central: FICTION Scott, R. - On Shelf,Book::Rancho Cordova: FICTION Scott, R. - On Shelf,Book::Southgate: FICTION Scott, R. - On Shelf"
https://catalog.saclibrary.org/GroupedWork/bce22d02-bc77-e0dd-c176-bc2fdd58a087-eng,"Chorus: a novel","Kauffman, Rebecca",9781640095182,,"Counterpoint; Recorded Books, Inc.; Catapult",2022,"Berkeley, California",eAudiobook;Book;eBook,"Book::Arcade: FICTION Kauffman, R. - On Shelf,Book::Carmichael: FICTION Kauffman, R. - On Shelf,Book::Central: FICTION Kauffman, R. - On Shelf"
https://catalog.saclibrary.org/GroupedWork/73e03369-2e6d-260a-75f7-148db5e0333c-eng,"Eternal life: a novel","Horn, Dara, 1977-",9780393608533,,"Recorded Books, Inc.; W. W. Norton & Company; W.W. Norton & Company",2018,"New York",eBook;Book;eAudiobook,"Book::Arcade: FICTION Horn, D. - On Shelf,Book::Central: FICTION Horn, D. - On Shelf,Book::Fair Oaks: FICTION Horn, D. - On Shelf"
https://catalog.saclibrary.org/GroupedWork/0f576314-ee8e-f648-7d25-090cc20e896d-eng,"Cult classic","Crosley, Sloane",9780374603397,,"Farrar, Straus and Giroux; MCD / Farrar, Straus and Giroux; Macmillan Audio",2022,"New York",eAudiobook;Book;eBook,"Book::Arcade: FICTION Crosley, S. - On Shelf,Book::Carmichael: FICTION Crosley, S. - On Shelf,Book::Central: FICTION Crosley, S. - On Shelf"
https://catalog.saclibrary.org/GroupedWork/16213b95-dd49-39a2-6f9b-005eb39090c0-eng,"The imperfectionists: a novel","Rachman, Tom",9780385343664,,"Recorded Books, Inc.; Random House Publishing Group; Dial Press",2010,"New York",eBook;Book;eAudiobook,
https://catalog.saclibrary.org/GroupedWork/f9b60941-1c25-c035-35ae-e6ca7b098cef-eng,"Payback ain't enough","Clark, Wahida",9781936399116,,"Blackstone Publishing / Urban Audiobooks; Cash Money Content; Blackstone Publishing",2012,"New York",eAudiobook;Book;eBook,"Book::Arcade: URBAN FICTION Clark, W. - On Shelf,Book::Central: URBAN FICTION Clark, W. - OFF CAMPUS,Book::Rancho Cordova: URBAN FICTION Clark, W. - Checked Out"
https://catalog.saclibrary.org/GroupedWork/67cefbe4-6d3e-c410-3165-61dede0c5e06-eng,"Jane Two: a novel","Flanery, Sean Patrick",9781455539437,,"Hachette Nashville; Hachette Audio; Center Street, a division of Hachette Book Group",2016,"New York",eBook;Book;eAudiobook,"Book::Central: FICTION Flanery, S. - On Shelf"
https://catalog.saclibrary.org/GroupedWork/f2cc63ad-f8e3-b730-d59b-8122ef6d90d6-eng,"The double life of Benson Yu: a novel","Chong, Kevin",9781668005491,,"Simon & Schuster Audio; Atria Books",2023,"New York",eBook;Book;eAudiobook,"Book::Central: FICTION Chong, K. - On Shelf,Book::South Natomas: FICTION Chong, K. - On Shelf,Book::North Natomas: FICTION Chong, K. - Checked Out"
https://catalog.saclibrary.org/GroupedWork/e4f99f35-402d-ece2-ccb5-e658216b3fd5-eng,"Double feature: a novel","King, Owen",9781451676891,,"Recorded Books, Inc.; Simon & Schuster Audio; Scribner",2013,"New York",eAudiobook;Book,"Book::Carmichael: FICTION King, O. - On Shelf,Book::Central: FICTION King, O. - On Shelf"
https://catalog.saclibrary.org/GroupedWork/bc8d5949-d650-2f98-4f97-1ef9557a481c-eng,"I'm a fan","Patel, Sheena",9781644452455,,"Recorded Books, Inc.; Graywolf Press",2023,"Minneapolis, Minnesota",eAudiobook;Book;eBook,"Book::Arcade: FICTION Patel, S. - In Transit,Book::Central: FICTION Patel, S. - On Shelf,Book::Galt: FICTION Patel, S. - On Shelf"
https://catalog.saclibrary.org/GroupedWork/738927c0-2347-4641-7095-475fb29e31e6-eng,"My best friend's exorcism","Hendrix, Grady",9781594749766,,"Quirk Books; Blackstone Publishing",2016,Philadelphia,eAudiobook;eBook;Book,"Book::Carmichael: FICTION Hendrix, G. - Checked Out,Book::McKinley: FICTION Hendrix, G. - Checked Out,Book::Sutter County Main Branch: FICTION Hendrix, G. - On Shelf"
https://catalog.saclibrary.org/GroupedWork/40d81bc7-9053-907e-83ae-d76d5e86e112-eng,"Imagine me gone: a novel","Haslett, Adam",9780316261357,,"Blackstone Audio, Inc; Hachette Audio; Little, Brown and Company",2016,"[Ashland, Oregon]; New York","Audiobook - CD;eBook;Book;eAudiobook","Book::Arcade: FICTION Haslett, A. - On Shelf,Book::Central: FICTION Haslett, A. - On Shelf,Book::Fair Oaks: FICTION Haslett, A. - On Shelf"
https://catalog.saclibrary.org/GroupedWork/0c9f34d1-2f7e-aad1-f9c0-7dbfdd26235a-eng,"The Mountaintop School for Dogs and other second chances","Cooney, Ellen",9780544236158,,"Houghton Mifflin Harcourt; Dreamscape Media; HarperAudio; Mariner Books","2014 - 2024",Boston,eAudiobook;eBook;Book,"Book::Carmichael: FICTION Cooney, E. - On Shelf,Book::Central: FICTION Cooney, E. - On Shelf,Book::Southgate: FICTION Cooney, E. - On Shelf"
https://catalog.saclibrary.org/GroupedWork/98d6a58f-9658-4f7f-19c4-665d985a9cca-eng,"The other story","Rosnay, Tatiana de, 1961-",9781250045133,,"St. Martin's Press; Macmillan Audio",2014,"New York",Book;eAudiobook,"Book::Arcade: FICTION Rosnay, T. - On Shelf,Book::Central: FICTION Rosnay, T. - On Shelf,Book::Belle Cooledge: FICTION Rosnay, T. - On Shelf"
https://catalog.saclibrary.org/GroupedWork/1a2fdfa6-2145-31d4-2e3c-bafe96e5f5fc-eng,"Paris is a party, Paris is a ghost","Kim, David Hoon, 1976-",9780374229726,,"Recorded Books, Inc.; Farrar, Straus and Giroux",2021,"New York",eAudiobook;eBook;Book,"Book::Arcade: FICTION Kim, D. - On Shelf,Book::Carmichael: FICTION Kim, D. - On Shelf,Book::Central: FICTION Kim, D. - On Shelf"
https://catalog.saclibrary.org/GroupedWork/b61332a4-872c-0c06-d6df-a579db9a2ca9-eng,"An island: a novel","Jennings, Karen, 1982-",9780593446522,,"W. F. Howes Ltd; Hogarth; Books on Tape",2022,London,eAudiobook;Book,"Book::Carmichael: FICTION Jennings, K. - On Shelf,Book::Central: FICTION Jennings, K. - On Shelf,Book::Pocket-Greenhaven: FICTION Jennings, K. - On Shelf"
https://catalog.saclibrary.org/GroupedWork/18ad1b62-0eb1-2c11-f828-43ab83d19268-eng,"Zeno's conscience","Svevo, Italo, 1861-1928",9780375413308,,"Alfred A. Knopf; Naxos Audiobooks","2001 - 2019","New York",Book;eAudiobook,"Book::Belle Cooledge: FICTION Svevo, I. - On Shelf"
https://catalog.saclibrary.org/GroupedWork/acd57a18-27de-f57b-cc98-4255ea55dbde-eng,"The lonesome bodybuilder: stories","Motoya, Yukiko, 1979-",9781593766788,,"Catapult; Soft Skull; Blackstone Publishing","2018 - 2019","New York",eAudiobook;Book;eBook,"Book::Central: FICTION Motoya, Y. - On Shelf,Book::South Natomas: FICTION Motoya, Y. - On Shelf,Book::Orangevale: FICTION Motoya, Y. - On Shelf"
https://catalog.saclibrary.org/GroupedWork/fba52ab3-abc4-cf83-fe3c-50a03377b4c5-eng,"The brightest sun","Benson, Adrienne",9780778331278,,"Park Row; Harlequin Audio; Park Row Books; HarlequinAudio",2018,"Toronto, Ontario",eAudiobook;Book;eBook,"Book::Central: FICTION Benson, A. - On Shelf,Book::Rancho Cordova: FICTION Benson, A. - On Shelf,Book::Southgate: FICTION Benson, A. - On Shelf"
https://catalog.saclibrary.org/GroupedWork/4342475f-1642-9ca3-d9fe-fabfd235adaa-eng,"Stay and fight","ffitch, Madeline, 1981-",9780374268121,,"Farrar, Straus and Giroux; Macmillan Audio",2019,"New York",eAudiobook;Book;eBook,"Book::Arcade: FICTION ffitch, M. - On Shelf,Book::Central: FICTION ffitch, M. - On Shelf,Book::North Natomas: FICTION ffitch, M. - On Shelf"
https://catalog.saclibrary.org/GroupedWork/997164bf-4592-9cc7-fc87-594bc6f2deb3-eng,"In the house upon the dirt between the lake and the woods","Bell, Matt, 1980-",9781616952532,,"Soho Press; Blackstone Publishing",2013,"New York",eBook;Book;eAudiobook,"Book::Central: FICTION Bell, M. - On Shelf"
https://catalog.saclibrary.org/GroupedWork/2ecfc8df-14c3-a368-0023-2286360a08ff-eng,"Apologize, apologize!","Kelly, Elizabeth, 1952-",9780446406147,,"HighBridge, a division of Recorded Books; Twelve; Grand Central Publishing",2009,"New York",eBook;Book;eAudiobook,"Book::Arcade: FICTION Kelly, E. - On Shelf,Book::Central: FICTION Kelly, E. - On Shelf"
https://catalog.saclibrary.org/GroupedWork/50198b1b-11fe-e210-1b37-69543d44ec10-eng,Adelaide,"Wheeler, Genevieve",9781250280848,,"St. Martin's Press; St. Martin's Publishing Group; Macmillan Audio",2023,"New York",eAudiobook;Book;eBook,"Book::Carmichael: FICTION Wheeler, G. - On Shelf,Book::Central: FICTION Wheeler, G. - On Hold Shelf,Book::South Natomas: FICTION Wheeler, G. - On Shelf"
https://catalog.saclibrary.org/GroupedWork/2debf6e8-d45f-3dd9-d8dd-f11c9f8a6693-eng,"Stranger, father, beloved","Larsen, Taylor",9781501124778,,"Simon & Schuster Audio; Gallery Books",2016,"New York",Book;eAudiobook,"Book::Central: FICTION Larsen, T. - On Shelf,Book::Sylvan Oaks: FICTION Larsen, T. - On Shelf"
https://catalog.saclibrary.org/GroupedWork/1f8fbe57-1e35-ee83-48e8-e2855da4e975-eng,"Pacific: a novel","Drury, Tom",9780802119995,,"Publishers Group West; Grove Press; Blackstone Publishing; Grove Atlantic",2013,"New York; [Berkeley, Calif.]",eBook;Book;eAudiobook,"Book::Central: FICTION Drury, T. - On Shelf"
https://catalog.saclibrary.org/GroupedWork/d084a7ec-b7cc-3a1d-35b9-eaa6f374c630-eng,"The state we're in: Maine stories","Beattie, Ann",9781501107818,,"Simon & Schuster Audio; Scribner",2015,"New York",eAudiobook;Book,"Book::Arcade: FICTION Beattie, A. - On Shelf,Book::Central: FICTION Beattie, A. - On Shelf"
https://catalog.saclibrary.org/GroupedWork/766aff59-d749-e633-f587-1af9f4373212-eng,"The book of lost saints","Older, Daniel José",9781250185815,,"Recorded Books, Inc.; Imprint",2019,"New York",Book;eAudiobook,"Book::Central: FICTION Older, D. - On Shelf,Book::Belle Cooledge: FICTION Older, D. - On Shelf,Book::McKinley: FICTION Older, D. - On Shelf"
https://catalog.saclibrary.org/GroupedWork/08416bf6-bea3-1294-5216-047dcfc13f11-eng,"The women of Pearl Island","Crosby, Polly",9780778311140,,"Harlequin Audio; Park Row Books; HarlequinAudio",2021,"Toronto, Ontario, Canada",eAudiobook;eBook;Book,"Book::Carmichael: FICTION Crosby, P. - In Transit,Book::South Natomas: FICTION Crosby, P. - On Shelf,Book::Southgate: FICTION Crosby, P. - On Shelf"
https://catalog.saclibrary.org/GroupedWork/5f812cfe-5e81-29f2-5c27-49092457cf88-eng,"Mr. Fox","Oyeyemi, Helen",9781594488078,,"Blackstone Publishing; Riverhead Books; Penguin Publishing Group","2011 - 2012","New York",eAudiobook;Book;eBook,"Book::Belle Cooledge: FICTION Oyeyemi, H. - Checked Out,Book::South Natomas: FICTION Oyeyemi, H. - On Shelf"
https://catalog.saclibrary.org/GroupedWork/969e32f0-6c8d-6a8b-1507-dc4d098f067e-eng,"The uninnocent: stories","Morrow, Bradford",9781605982656,,"Pegasus Books; Blackstone Publishing","2011 - 2013","New York",eBook;Book;eAudiobook,"Book::Central: FICTION Morrow, B. - On Shelf"
https://catalog.saclibrary.org/GroupedWork/0b42084d-f38d-912b-b77f-d45469cca34c-eng,"The accomplished guest: stories","Beattie, Ann",9781501111389,,"Simon & Schuster Audio; Scribner",2017,"New York",eAudiobook;Book,"Book::Central: FICTION Beattie, A. - On Shelf,Book::North Natomas: FICTION Beattie, A. - On Shelf,Book::Rio Linda: FICTION Beattie, A. - On Shelf"
https://catalog.saclibrary.org/GroupedWork/b7782794-f37c-e12b-1f85-6f64c4a3774f-eng,"Pretty ugly: a novel","Butler, Kirker",9781250049728,,"Tantor Media, Inc.; Thomas Dunne Books, St. Martin's Press",2015,"New York",Book;eAudiobook,"Book::Central: FICTION Butler, K. - On Shelf,Book::Sylvan Oaks: FICTION Butler, K. - Checked Out"
https://catalog.saclibrary.org/GroupedWork/7157d9a4-3884-5f73-b85a-81df0d369b2d-eng,"The exhibitionist","Mendelson, Charlotte, 1972-",9781250286932,,"St. Martin's Press; Macmillan Audio",2023,"New York",eAudiobook;Book,"Book::Central: FICTION Mendelson, C. - On Shelf,Book::South Natomas: FICTION Mendelson, C. - On Shelf,Book::Rancho Cordova: FICTION Mendelson, C. - On Shelf"
https://catalog.saclibrary.org/GroupedWork/209b87e9-9c9b-7f0f-bb1c-a179bdf64e8c-eng,"The leftovers","Perrotta, Tom, 1961-",9780312358341,,"Center Point Pub; St. Martin's Press; St. Martin's Publishing Group; Macmillan Audio",2011,"New York; Thorndike, Me","eAudiobook;Large Print;Book;eBook","Large Print::Sylvan Oaks: LARGE PRINT FICTION Perrotta, T. - On Shelf,Large Print::Sutter County Main Branch: LARGE PRINT FICTION Perrotta, T. - On Shelf"
https://catalog.saclibrary.org/GroupedWork/0eb5f4f9-8ff7-9ca9-0d5e-7f7b9d36a371-eng,"The shadow king: a novel","Mengiste, Maaza",9780393083569,,"Recorded Books, Inc.; W. W. Norton & Company; W.W. Norton & Company",2019,"New York",eAudiobook;Book;eBook,"Book::Arcade: FICTION Mengiste, M. - On Shelf,Book::Central: FICTION Mengiste, M. - On Shelf,Book::South Natomas: FICTION Mengiste, M. - Checked Out"
https://catalog.saclibrary.org/GroupedWork/05168f2e-c8b6-831d-e10d-9afc9cebc9a3-eng,"Palace of the drowned","Mangan, Christine (Christine Rose)",9781250788429,,"Macmillan Audio; Flatiron Books",2021,"New York",eAudiobook;Book,"Book::Arcade: FICTION Mangan, C. - On Shelf,Book::Carmichael: FICTION Mangan, C. - On Shelf,Book::Central: FICTION Mangan, C. - On Shelf"
https://catalog.saclibrary.org/GroupedWork/995a2060-c2d7-2e3e-1364-d8bb36c3f7ad-eng,"The details: a novel","Genberg, Ia",9780063309715,,"HarperCollins; HarperAudio; HarperVia, an imprint of HarperCollinsPublishers",2023,"New York, NY",eBook;Book;eAudiobook,"Book::Arcade: FICTION Genberg, I. - On Shelf,Book::Central: FICTION Genberg, I. - Checked Out,Book::Colonial Heights: FICTION Genberg, I. - On Shelf"
https://catalog.saclibrary.org/GroupedWork/e0f3314a-4642-01a9-c8b4-5ac4da3cdac7-eng,"The cider house rules: a novel","Irving, John, 1942-",9780345417947,,"HarperCollins; Ballantine Books; HarperAudio; Morrow; Modern Library","1985 - 2012","New York",eAudiobook;eBook;Book,
https://catalog.saclibrary.org/GroupedWork/35a5b699-4416-9f57-5605-31208871db60-eng,"Ways to hide in winter: a novel","St. Vincent, Sarah",9781612197203,,"Melville House; Blackstone Publishing","2018 - 2019",Brooklyn,eAudiobook;eBook;Book,"Book::Central: FICTION St. Vincent, S. - On Shelf,Book::Fair Oaks: FICTION St. Vincent, S. - On Shelf,Book::North Natomas: FICTION St. Vincent, S. - On Shelf"
https://catalog.saclibrary.org/GroupedWork/1562cf3a-c61e-ca04-a94d-45ff9e47b759-eng,"This is home: a novel","Duffy, Lisa, 1970-",9781501189258,,"Simon & Schuster Audio; Atria Paperback",2019,"New York",eAudiobook;Book,"Book::Central: FICTION Duffy, L. - On Shelf,Book::Pocket-Greenhaven: FICTION Duffy, L. - On Shelf"
https://catalog.saclibrary.org/GroupedWork/bd8b7298-88ad-350f-3fd8-cea9f081ffa8-eng,"Adrianne Geffel: a fiction","Hajdu, David",9780393634228,,"HighBridge; W.W. Norton & Company; Highbridge Company",2020,"New York, NY",eAudiobook;Book,"Book::Central: FICTION Hajdu, D. - On Shelf,Book::Woodland Public Library: FICTION Hajdu, D. - On Shelf"
https://catalog.saclibrary.org/GroupedWork/e71e640d-4438-656c-911a-22b40f5536cc-eng,"A job you mostly won't know how to do: a novel","Fromm, Pete, 1958-",9781640091771,,"Counterpoint; Catapult; Blackstone Publishing",2019,"Berkeley, California",eBook;Book;eAudiobook,"Book::Carmichael: FICTION Fromm, P. - On Shelf,Book::Central: FICTION Fromm, P. - On Shelf"
https://catalog.saclibrary.org/GroupedWork/ea6f1380-28c1-0666-9fb4-1d95ae661635-eng,"Help wanted: a novel","Waldman, Adelle",9781324020448,,"W. W. Norton & Company; W.W. Norton & Company; Spotify Audiobooks",2024,"New York, NY",eBook;Book;eAudiobook,"Book::Carmichael: FICTION Waldman, A. - On Shelf,Book::Fair Oaks: FICTION Waldman, A. - On Shelf,Book::Franklin: FICTION Waldman, A. - On Shelf"
https://catalog.saclibrary.org/GroupedWork/44b98161-8f57-bbfa-df69-42650dae6dbd-eng,"July's people","Gordimer, Nadine",9780140061406,,"Blackstone Publishing; Penguin Books; Penguin Publishing Group","1982 - 2015","New York",eBook;Book;eAudiobook,"Book::Central: FICTION Gordimer, N. - Checked Out,Book::Franklin: FICTION Gordimer, N. - On Shelf"
https://catalog.saclibrary.org/GroupedWork/32fe18c7-d335-8ea7-3886-ea32d7629d9e-eng,"If I survive you","Escoffery, Jonathan",9780374605988,,"Farrar, Straus and Giroux; Macmillan Audio; MCD",2022,"New York",eAudiobook;Book;eBook,"Book::Carmichael: FICTION Escoffery, J. - On Shelf,Book::South Natomas: FICTION Escoffery, J. - On Shelf,Book::North Natomas: FICTION Escoffery, J. - On Shelf"
https://catalog.saclibrary.org/GroupedWork/d3ea8abe-6828-024f-8b28-f5b4260640fc-eng,"By nightfall","Cunningham, Michael, 1952-",9780374299088,,"Farrar, Straus and Giroux; Macmillan Audio",2010,"New York",eAudiobook;eBook;Book,"Book::Carmichael: FICTION Cunningham, M. - On Shelf,Book::Central: FICTION Cunningham, M. - On Shelf,Book::Arbuckle Branch Library Adult Collection: Fic - On Shelf"
https://catalog.saclibrary.org/GroupedWork/c3c9b49d-427b-75a3-c70e-caec488ae427-eng,"Prayer for the living: stories","Okri, Ben",9781617758638,,"Recorded Books, Inc.; W. F. Howes Ltd; Akashic Books","2020 - 2021","[Place of publication not identified]",eBook;Book;eAudiobook,"Book::Central: FICTION Okri, B. - On Shelf,Book::Elk Grove: FICTION Okri, B. - On Shelf,Book::Fair Oaks: FICTION Okri, B. - On Shelf"
https://catalog.saclibrary.org/GroupedWork/cd97851c-765e-c5d9-b0aa-5fb989dc53d4-eng,Doomed,"Palahniuk, Chuck",9780385533034,,"Recorded Books, Inc.; Knopf Doubleday Publishing Group; Blackstone Publishing; Doubleday","2013 - 2021","New York",eAudiobook;eBook;Book,"Book::Central: FICTION Palahniuk, C. - On Shelf,Book::Belle Cooledge: FICTION Palahniuk, C. - On Shelf,Book::South Natomas: FICTION Palahniuk, C. - On Shelf"
https://catalog.saclibrary.org/GroupedWork/42e9d1f3-1502-9867-b2c5-62b033083ce5-eng,"Sweet expectations","Taylor, Mary Ellen",9780425259702,,"Tantor Media, Inc.; Tantor Media, Inc; Penguin Publishing Group; Berkley Books","2013 - 2014","New York",eAudiobook;Book;eBook,"Book::Central: FICTION Taylor, M. - On Shelf,Book::Rancho Cordova: FICTION Taylor, M. - On Shelf"
https://catalog.saclibrary.org/GroupedWork/06fb4f80-9c88-1a24-f803-6abafa7216b4-eng,"My good son: a novel","Huang, Yang (Linda)",9781608012015,,"Tantor Media, Inc.; University of New Orleans Press",2021,"New Orleans, Louisiana",Book;eAudiobook,"Book::Carmichael: FICTION Huang, Y. - On Shelf,Book::Central: FICTION Huang, Y. - On Shelf,Book::South Natomas: FICTION Huang, Y. - On Shelf"
https://catalog.saclibrary.org/GroupedWork/d88ba772-c34d-31d8-9a46-e9da8818dea8-eng,"Long live the post horn!: a novel","Hjorth, Vigdis",9781788733137,,"Tantor Media, Inc.; Verso; Verso Books","2020 - 2023",London,eBook;Book;eAudiobook,"Book::Central: FICTION Hjorth, V. - On Shelf,Book::McKinley: FICTION Hjorth, V. - On Shelf"
https://catalog.saclibrary.org/GroupedWork/1a1aaa33-e89e-6cdb-2611-57a6c0a0d103-eng,"Even if everything ends","Liljestrand, Jens",9781668005019,,"Simon & Schuster Audio; Scout Press",2023,"New York",Book;eAudiobook,"Book::Arcade: FICTION Liljestrand, J. - On Shelf,Book::Central: FICTION Liljestrand, J. - On Shelf,Book::Fair Oaks: FICTION Liljestrand, J. - On Shelf"
https://catalog.saclibrary.org/GroupedWork/f56d7ef7-b89e-a6b5-2c9d-d3a762253127-eng,"Summer secrets: a novel","Green, Jane, 1968-",9781250047342,,"St. Martin's Press; St. Martin's Publishing Group; Macmillan Audio",2015,"New York",eAudiobook;Book;eBook,"Book::Central: FICTION Green, J. - On Shelf,Book::Galt: FICTION Green, J. - On Shelf,Book::North Natomas: FICTION Green, J. - On Shelf"
https://catalog.saclibrary.org/GroupedWork/9dc75321-f365-a656-5f7f-0b57884d96bb-eng,"A very nice girl: a novel","Crimp, Imogen, 1989-",9781250792778,,"Henry Holt and Company; Henry Holt and Co.; Macmillan Audio",2022,"New York",eBook;Book;eAudiobook,"Book::Arcade: FICTION Crimp, I. - Checked Out,Book::Carmichael: FICTION Crimp, I. - On Shelf,Book::Central: FICTION Crimp, I. - On Shelf"
https://catalog.saclibrary.org/GroupedWork/49060152-b725-c07d-0dc8-9d8840b4827e-eng,"Blizzard: a novel","Vingtras, Marie, 1972-",9781419765902,,"Recorded Books, Inc.; The Overlook Press",2024,"New York, NY",eBook;Book;eAudiobook,"Book::Carmichael: FICTION Vingtras, M. - On Shelf,Book::Central: FICTION Vingtras, M. - On Shelf,Book::Fair Oaks: FICTION Vingtras, M. - Checked Out"
https://catalog.saclibrary.org/GroupedWork/b3a927e5-2cfa-8145-91ce-5a805b380da3-eng,"Notes from a black woman's diary: selected works of Kathleen Collins","Collins, Kathleen, 1942-1988",9780062800954,,"Ecco, an imprint of HarperCollinsPublishers; HarperCollins; HarperAudio; Ecco",2019,"New York, NY",eAudiobook;Book;eBook,"Book::Central: 813.54 C712 2019 - On Shelf,Book::South Natomas: 813.54 C712 2019 - On Shelf"
https://catalog.saclibrary.org/GroupedWork/e66b6ad5-6694-80ac-54a2-42b86faac7da-eng,"The pact: a love story","Picoult, Jodi, 1966-",9780061765230,,"Recorded Books, Inc.; HarperCollins; Harper Perennial","2005 - 2009","New York",eAudiobook;Book;eBook,
https://catalog.saclibrary.org/GroupedWork/4cd29897-d805-e944-2de4-ef745c23a95e-eng,"Ashes of fiery weather","Donohoe, Kathleen",9780544464056,,"Recorded Books, Inc.; Houghton Mifflin Harcourt; Mariner Books","2016 - 2018",Boston,eBook;Book;eAudiobook,"Book::Central: FICTION Donohoe, K. - On Shelf,Book::Pocket-Greenhaven: FICTION Donohoe, K. - On Shelf"
https://catalog.saclibrary.org/GroupedWork/9fa89965-f991-68fd-1ce1-21f36dc091f1-eng,"The Chinese Siamese cat","Tan, Amy",9780027888355,,"Macmillan; Maxwell Macmillan International; Phoenix Books, Inc.; Maxwell Macmillan Canada","1994 - 2006","New York; Toronto","eAudiobook;Picture Book",
https://catalog.saclibrary.org/GroupedWork/54e4a7b8-2e83-abd5-6611-e077b3cbef75-eng,"Brotherly love: a novel","Dexter, Pete, 1943-",9780812987348,,"Random House Trade Paperbacks; HarperAudio; Random House Publishing Group","2007 - 2014","New York",eBook;Book,"Book::Central: FICTION Dexter, P. - On Shelf"
https://catalog.saclibrary.org/GroupedWork/f8cdd9ff-70d3-5947-3288-5a01c1dfd6e8-eng,"Nobody's pilgrims","Troncoso, Sergio, 1961-",9781947627413,,"Cinco Puntos Press; Recorded Books, Inc.","2021 - 2023","El Paso, Texas",Book;eAudiobook,"Book::Central: FICTION Troncoso, S. - On Shelf"
https://catalog.saclibrary.org/GroupedWork/f1cfc7af-313a-73bc-3101-7050c53499e2-eng,"The last book party: a novel","Dukess, Karen",9781250225474,,"Henry Holt and Company; Henry Holt and Co.; Macmillan Audio",2019,"New York",eAudiobook;Book;eBook,"Book::Arcade: FICTION Dukess, K. - On Hold Shelf,Book::Central: FICTION Dukess, K. - On Shelf,Book::Colonial Heights: FICTION Dukess, K. - On Shelf"
https://catalog.saclibrary.org/GroupedWork/5c2bb0b4-2f40-0553-a141-ee86d691bf07-eng,"The bone clocks: a novel","Mitchell, David (David Stephen)",9781400065677,,"Recorded Books, Inc.; Recorded Books; Random House; Random House Publishing Group",2014,"New York; [Prince Frederick, MD]","eAudiobook;Audiobook - CD;eBook;Book","Book::Central: FICTION Mitchell, D. - On Hold Shelf,Book::Folsom Adult: SCIENCE FICTION Mitchell, D. - On Shelf,Book::Sutter County Main Branch: FICTION Mitchell, D. - On Shelf"
https://catalog.saclibrary.org/GroupedWork/9dcd28c5-45cb-5591-45fc-9c0609d1e1af-eng,"A life apart","Mukherjee, Neel",9780393352108,,"Tantor Media, Inc; W.W. Norton & Company","2016 - 2024","New York",Book;eAudiobook,"Book::Arcade: FICTION Mukherjee, N. - On Shelf,Book::Carmichael: FICTION Mukherjee, N. - On Shelf,Book::Central: FICTION Mukherjee, N. - On Shelf"
https://catalog.saclibrary.org/GroupedWork/da0f036b-a513-6771-651c-66a098e55572-eng,"Mary Jane: a novel","Blau, Jessica Anya",9780063052291,,"Custom House; HarperCollins; HarperAudio",2021,"New York, NY",eAudiobook;eBook;Book,"Book::North Natomas: FICTION Blau, J. - On Shelf,Book::Rancho Cordova: FICTION Blau, J. - On Shelf,Book::Rio Linda: FICTION Blau, J. - On Shelf"
https://catalog.saclibrary.org/GroupedWork/810ec3fb-6042-b66d-a7ef-21ee733175c3-eng,"Will and testament: a novel","Hjorth, Vigdis",9781788733106,,"Verso; Verso Books; Blackstone Publishing","2019 - 2020",London,eBook;Book;eAudiobook,"Book::Central: FICTION Hjorth, V. - Checked Out,Book::Belle Cooledge: FICTION Hjorth, V. - Checked Out,Book::Fair Oaks: FICTION Hjorth, V. - On Shelf"
https://catalog.saclibrary.org/GroupedWork/8c18f86d-db8d-2fe0-3edc-fd38f5e6f75c-eng,"Little foxes took up matches","Kazbek, Katya",9781953534026,,"Recorded Books, Inc.; Tin House",2022,"Portland, Oregon",eAudiobook;Book,"Book::Central: FICTION Kazbek, K. - On Shelf,Book::Fair Oaks: FICTION Kazbek, K. - On Shelf,Book::North Natomas: FICTION Kazbek, K. - On Shelf"
https://catalog.saclibrary.org/GroupedWork/607604de-5cc9-f95d-232a-8dcccdf8321f-eng,"Our wives under the sea","Armfield, Julia",9781250229892,,"Dreamscape Media; Flatiron Books",2022,"New York",eAudiobook;eBook;Book,"Book::Central: FICTION Armfield, J. - On Shelf,Book::Colonial Heights: FICTION Armfield, J. - On Hold Shelf,Book::McKinley: FICTION Armfield, J. - On Shelf"
https://catalog.saclibrary.org/GroupedWork/000e61f3-71eb-d9b3-73e1-355a02d1f5ed-eng,"Afternoon of a faun: a novel","Lasdun, James",9781324001942,,"Highbridge Company; W.W. Norton & Company",2019,"New York",Book;eAudiobook,"Book::Central: FICTION Lasdun, J. - On Shelf,Book::Fair Oaks: FICTION Lasdun, J. - On Shelf"
https://catalog.saclibrary.org/GroupedWork/7c63ced5-2249-4ff6-aafb-9e46e53f0d9e-eng,"Before I let you go","Rimmer, Kelly",9781525820847,,"Graydon House; Harlequin Audio; HarlequinAudio; W. F. Howes Ltd.; Graydon House Books",2018,"Toronto, Ontario, Canada",eAudiobook;eBook;Book,"Book::Belle Cooledge: FICTION Rimmer, K. - Checked Out,Book::Colusa Main Branch Adult Collection: Fic - On Shelf"
https://catalog.saclibrary.org/GroupedWork/49ef369c-53b4-3c5f-1ecd-f97934481f42-eng,"After Sappho: a novel","Schwartz, Selby Wynn, 1975-",9781324092315,,"Highbridge Company; HighBridge; Liveright; Liveright Publishing Corporation, a division of W.W. Norton & Company",2023,"New York, NY",eAudiobook;Book;eBook,"Book::Carmichael: FICTION Schwartz, S. - On Shelf,Book::Central: FICTION Schwartz, S. - On Shelf,Book::Elk Grove: FICTION Schwartz, S. - On Shelf"
https://catalog.saclibrary.org/GroupedWork/2266b87b-e01e-c22c-24c7-2b550aecb3a4-eng,"The unpassing","Lin, Chia-Chia, 1981-",9780374279363,,"Farrar, Straus and Giroux; Macmillan Audio","2019 - 2024","New York",eAudiobook;eBook;Book,"Book::Carmichael: FICTION Lin, C. - On Shelf,Book::Central: FICTION Lin, C. - On Shelf,Book::Fair Oaks: FICTION Lin, C. - On Shelf"
https://catalog.saclibrary.org/GroupedWork/558b5374-8b2c-0859-dadd-5063fc8c6bf5-eng,"Wolf Hall: a novel","Mantel, Hilary, 1952-2022",9780312429980,,"Henry Holt and Co.; Henry Holt and Co; Macmillan Audio","2009 - 2020","New York",eAudiobook;eBook;Book,"Book::Central: FICTION Mantel, H. - On Shelf,Book::Belle Cooledge: FICTION Mantel, H. - Checked Out,Book::McKinley: FICTION Mantel, H. - Checked Out"
https://catalog.saclibrary.org/GroupedWork/7fb465ca-1908-e8b2-6de5-26450326b6ae-eng,"Skylight confessions: a novel","Hoffman, Alice",9780316017879,,"Hachette Audio; Little, Brown and Company; Little, Brown and Co",2007,"New York",eBook;Book;eAudiobook,"Book::Central: FICTION Hoffman, A. - On Shelf"
https://catalog.saclibrary.org/GroupedWork/15904468-a533-2740-bb64-218ff516c5ac-eng,"The story of beautiful girl","Simon, Rachel, 1959-",9780446574464,,"Hachette Audio; Grand Central Pub; Grand Central Publishing",2011,"New York",eAudiobook;eBook;Book,"Book::Central: FICTION Simon, R. - On Shelf,Book::South Natomas: FICTION Simon, R. - OFF CAMPUS,Book::Sutter County Main Branch: FICTION Simon, R. - On Shelf"
https://catalog.saclibrary.org/GroupedWork/65a65c38-eeb8-16cc-65a8-bddac2f38a6f-eng,"Last orders","Swift, Graham, 1949-",9780679766629,,"A.A. Knopf; Highbridge Company; Knopf Doubleday Publishing Group; HighBridge Company","1996 - 2012","New York",eAudiobook;Book;eBook,"Book::Central: FICTION Swift, G. - On Shelf,Book::North Natomas: FICTION Swift, G. - On Shelf"
https://catalog.saclibrary.org/GroupedWork/b087cc38-423d-cd6b-b7de-70efc50db4b0-eng,Harvest,"Crace, Jim",9780385520775,,"Recorded Books, Inc.; Knopf Doubleday Publishing Group; Nan A. Talese/Doubleday",2013,"New York",eBook;Book;eAudiobook,"Book::Central: FICTION Crace, J. - On Shelf,Book::Folsom Adult: FICTION Crace, J. - On Shelf"
https://catalog.saclibrary.org/GroupedWork/f3703236-7c9f-e7a8-3178-29d1f68ad655-eng,"Dykette: a novel","Davis, Jenny Fran",9781250843135,,"Henry Holt and Company; Henry Holt and Co.; Macmillan Audio",2023,"New York",eAudiobook;Book;eBook,"Book::Carmichael: FICTION Davis, J. - On Shelf,Book::Central: FICTION Davis, J. - On Shelf,Book::South Natomas: FICTION Davis, J. - On Shelf"
https://catalog.saclibrary.org/GroupedWork/5251c9ca-ec2b-493d-45de-ccfb59218188-eng,"The boy with a bird in his chest: a novel","Lund, Emme, 1985-",9781982171933,,"Simon & Schuster Audio; Atria Books",2022,"New York",Book;eAudiobook,"Book::Carmichael: FICTION Lund, E. - On Shelf,Book::Central: FICTION Lund, E. - On Shelf,Book::Franklin: FICTION Lund, E. - On Shelf"
https://catalog.saclibrary.org/GroupedWork/4718fe6d-3405-fee8-280c-a5f3d337417e-eng,"Man of the year","Walker, Caroline Louise",9781982100452,,"Simon & Schuster Audio; Gallery Books",2019,"New York",eAudiobook;Book;eBook,"Book::Carmichael: FICTION Walker, C. - On Shelf,Book::Central: FICTION Walker, C. - On Shelf,Book::Valley Hi-North Laguna: FICTION Walker, C. - On Shelf"
https://catalog.saclibrary.org/GroupedWork/432dff7c-1cca-0c38-a941-5d831cc2470a-eng,"The door on Half-Bald Hill","Sorensen, Helena",9781951872038,,"Oasis Audio; Rabbit Room Press",2020,"Nashville, TN",Book;eAudiobook,"Book::Central: FICTION Sorensen, H. - On Shelf"
https://catalog.saclibrary.org/GroupedWork/3c2a80b7-225e-5c16-d353-657f542ca5bc-eng,"Mr. Toppit: a novel","Elton, Charles",9781590513903,,"Blackstone Publishing; Other Press","2010 - 2011","New York",eBook;Book;eAudiobook,"Book::Central: FICTION Elton, C. - On Shelf"
https://catalog.saclibrary.org/GroupedWork/ca9d5039-4706-db4d-ea8f-155a3bf9c124-eng,"Night of miracles: a novel","Berg, Elizabeth",9780525509509,,"Recorded Books, Inc.; Random House Large Print; Random House; Random House Publishing Group",2018,"New York","eAudiobook;Large Print;Book;eBook","Book::Carmichael: FICTION Berg, E. - On Shelf,Book::Central: FICTION Berg, E. - On Shelf,Book::Belle Cooledge: FICTION Berg, E. - On Shelf"
https://catalog.saclibrary.org/GroupedWork/92c43d24-4fed-f414-db25-a761cc3a3b05-eng,"If you see me, don't say hi","Patel, Neel",9781250183194,,"Flatiron Books; Macmillan Audio",2018,"New York",Book;eAudiobook,"Book::Central: FICTION Patel, N. - On Shelf,Book::Fair Oaks: FICTION Patel, N. - On Shelf,Book::Southgate: FICTION Patel, N. - On Shelf"
https://catalog.saclibrary.org/GroupedWork/04282a01-dfbd-ba4c-35ec-ff5787056c97-eng,"The new order: stories","Bender, Karen E",9781640090996,,"Counterpoint; Catapult; Highbridge Company",2018,"Berkeley, California",eBook;Book;eAudiobook,"Book::Central: FICTION Bender, K. - On Shelf,Book::South Natomas: FICTION Bender, K. - On Shelf,Book::Rio Linda: FICTION Bender, K. - On Shelf"
https://catalog.saclibrary.org/GroupedWork/e0976df1-4cf4-1e02-69c4-928ce6b08130-eng,"The water museum: stories","Urrea, Luis Alberto",9780316334372,,"Hachette Audio; Little, Brown and Company; Little, Brown",2015,"New York",eBook;Book;eAudiobook,"Book::Central: FICTION Urrea, L. - On Shelf,Book::Franklin: FICTION Urrea, L. - On Shelf"
https://catalog.saclibrary.org/GroupedWork/331d9001-f5f5-f720-f21d-9bec14893281-eng,"Sing them home","Kallos, Stephanie",9780871139634,,"Atlantic Monthly Press; Grove Press; Distributed by Publishers Group West; Blackstone Publishing; Grove Atlantic",2009,"New York; [Berkeley, Calif.]",eBook;Book;eAudiobook,"Book::Central: FICTION Kallos, S. - On Shelf"
https://catalog.saclibrary.org/GroupedWork/e2a6d80c-5b0a-687d-1c5c-cf04f7d58032-eng,"The empire of dirt: a novel","Manfredi, Francesca, 1988-",9780393881776,,"Tantor Media, Inc.; W.W. Norton & Company",2022,"New York, NY",Book;eAudiobook,"Book::Carmichael: FICTION Manfredi, F. - On Shelf,Book::Central: FICTION Manfredi, F. - On Shelf,Book::Rancho Cordova: FICTION Manfredi, F. - On Shelf"
https://catalog.saclibrary.org/GroupedWork/fbe22726-b15e-b949-f207-fcc773739f14-eng,"The great man theory: a novel","Wayne, Teddy",9781635578720,,"Dreamscape Media; Bloomsbury Publishing",2022,"New York",eBook;Book;eAudiobook,"Book::Carmichael: FICTION Wayne, T. - On Shelf,Book::Central: FICTION Wayne, T. - On Shelf,Book::Franklin: FICTION Wayne, T. - On Shelf"
https://catalog.saclibrary.org/GroupedWork/41b228cb-8e84-1fa6-60b1-b98f31116451-eng,Likes,"Bynum, Sarah Shun-lien",9780374191948,,"Farrar, Straus and Giroux; Macmillan Audio","2020 - 2024","New York",eAudiobook;eBook;Book,"Book::Arcade: FICTION Bynum, S. - On Shelf,Book::Central: FICTION Bynum, S. - On Shelf,Book::Elk Grove: FICTION Bynum, S. - On Shelf"
https://catalog.saclibrary.org/GroupedWork/4a5e9a01-3424-4524-8130-5e1e84cf045e-eng,"The library of lost and found","Patrick, Phaedra",9780778369356,,"Harlequin Audio; Park Row Books; HarlequinAudio",2019,"Toronto, Ontario, Canada",eAudiobook;eBook;Book,"Book::Central: FICTION Patrick, P. - On Shelf,Book::Fair Oaks: FICTION Patrick, P. - Checked Out,Book::Franklin: FICTION Patrick, P. - On Shelf"
https://catalog.saclibrary.org/GroupedWork/1e0ab3db-a159-2eb0-36a8-e64c8bba8096-eng,"A particular kind of black man","Folarin, Tope, 1981-",9781501171819,,"Simon & Schuster Audio; Simon & Schuster",2019,"New York",Book;eAudiobook,"Book::Arcade: FICTION Folarin, T. - On Shelf,Book::Central: FICTION Folarin, T. - On Shelf,Book::Valley Hi-North Laguna: FICTION Folarin, T. - On Shelf"
https://catalog.saclibrary.org/GroupedWork/f079e572-0e55-6540-f6d4-8bc52a23fa07-eng,"Ghost lover: stories","Taddeo, Lisa",9781982122188,,"Simon & Schuster Audio; Avid Reader Press; Avid Reader Press / Simon & Schuster",2022,"New York",eAudiobook;Book;eBook,"Book::Central: FICTION Taddeo, L. - On Shelf,Book::Elk Grove: FICTION Taddeo, L. - On Shelf,Book::North Natomas: FICTION Taddeo, L. - On Shelf"
https://catalog.saclibrary.org/GroupedWork/a7c9f71c-6cb9-1d01-8759-d45767169917-eng,"The assassination of Margaret Thatcher: stories","Mantel, Hilary, 1952-",9781627792103,,"Henry Holt and Company; Henry Holt and Co.; Macmillan Audio",2014,"New York",eAudiobook;Book;eBook,"Book::Central: FICTION Mantel, H. - On Shelf,Book::South Natomas: FICTION Mantel, H. - On Shelf,Book::Rio Linda: FICTION Mantel, H. - On Shelf"
https://catalog.saclibrary.org/GroupedWork/61150d83-293e-8e8e-9a76-54261a06113c-eng,"Sunday's on the phone to Monday","Reilly, Christine, 1988-",9781501116872,,"Dreamscape Media; Touchstone",2016,"New York",eAudiobook;Book,"Book::Central: FICTION Reilly, C. - On Shelf"
https://catalog.saclibrary.org/GroupedWork/6e7480cb-3bdc-fffc-bb59-9b4a0c296823-eng,Wingshooters,"Revoyr, Nina, 1969-",9781936070718,,"Recorded Books, Inc.; Akashic Books",2011,"New York",eBook;Book;eAudiobook,"Book::Central: FICTION Revoyr, N. - On Shelf"
https://catalog.saclibrary.org/GroupedWork/205f0b39-4fd3-8417-b038-805594bb067c-eng,"Juliet the maniac: a novel","Escoria, Juliet",9781612197593,,"Highbridge Company; Melville House; HighBridge",2019,Brooklyn,eAudiobook;eBook;Book,"Book::Central: FICTION Escoria, J. - On Shelf"
https://catalog.saclibrary.org/GroupedWork/13821a82-352a-3a33-0ab3-f13e2344feeb-eng,"The bookshop of yesterdays","Meyerson, Amy",9780778319849,,"Harlequin Audio; Park Row Books; HarlequinAudio",2018,"Toronto, Ontario",eAudiobook;eBook;Book,"Book::Arcade: FICTION Meyerson, A. - On Shelf,Book::Carmichael: FICTION Meyerson, A. - On Shelf,Book::Central: FICTION Meyerson, A. - On Shelf"
https://catalog.saclibrary.org/GroupedWork/540db1e1-cfd1-fb8f-d973-3fa2847a9179-eng,"Fire in the canyon: a novel","Gumbiner, Daniel",9781662602429,,"Tantor Media, Inc.; Astra Publishing House; Astra House",2023,"New York",eBook;Book;eAudiobook,"Book::Central: FICTION Gumbiner, D. - On Shelf,Book::Belle Cooledge: FICTION Gumbiner, D. - On Shelf,Book::Elk Grove: FICTION Gumbiner, D. - On Shelf"
https://catalog.saclibrary.org/GroupedWork/680a3302-151c-fdee-9cd7-85e88fc377e1-eng,"Humboldt's gift","Bellow, Saul",9780670386550,,"Viking Press; Blackstone Publishing","1975 - 2008","New York",eAudiobook;Book,
https://catalog.saclibrary.org/GroupedWork/dc811e5e-317c-4143-7c20-792e8125d7b3-eng,"The Guineveres","Domet, Sarah",9781250086617,,"Flatiron Books; Macmillan Audio",2016,"New York",eAudiobook;Book,"Book::Carmichael: FICTION Domet, S. - On Shelf,Book::Central: FICTION Domet, S. - On Shelf,Book::Franklin: FICTION Domet, S. - On Shelf"
https://catalog.saclibrary.org/GroupedWork/734fb80b-6e7d-b7b2-a25c-fb0515c8065a-eng,"Love marriage: a novel","Ali, Monica, 1967-",9781982181475,,"Scribner; Simon & Schuster Audio",2022,"New York",Book;eAudiobook,"Book::Arcade: FICTION Ali, M. - On Shelf,Book::Carmichael: FICTION Ali, M. - On Shelf,Book::Central: FICTION Ali, M. - On Shelf"
https://catalog.saclibrary.org/GroupedWork/ec3fd41f-3748-21bc-dc9c-45e813324d74-eng,"Tracks: a novel","Erdrich, Louise",9780060972455,,"Perennial; Henry Holt; HarperAudio","1988 - 2024","New York; [New York]",Book;eAudiobook,"Book::South Natomas: FICTION Erdrich, L. - On Shelf"
https://catalog.saclibrary.org/GroupedWork/965d7162-067f-60c7-f640-c329763d3e96-eng,"Welcome to Lagos","Onuzo, Chibundu",9781936787807,,"Catapult; Highbridge Company",2018,"New York",eBook;Book;eAudiobook,"Book::Central: FICTION Onuzo, C. - On Shelf,Book::Fair Oaks: FICTION Onuzo, C. - On Shelf,Book::Galt: FICTION Onuzo, C. - On Shelf"
https://catalog.saclibrary.org/GroupedWork/c5714c92-5892-1ab5-2e6d-773a691b3076-eng,"Bright burning things: a novel","Harding, Lisa",9780063097148,,"HarperCollins; HarperAudio; HarperVia, an imprint of HarperCollinsPublishers",2021,"New York, NY",eAudiobook;eBook;Book,"Book::Arcade: FICTION Harding, L. - On Shelf,Book::Carmichael: FICTION Harding, L. - On Shelf,Book::Central: FICTION Harding, L. - On Shelf"
https://catalog.saclibrary.org/GroupedWork/a30ddda7-1a10-1b28-44b1-f94b8122a0c8-eng,"The caregiver: a novel","Park, Samuel",9781501178771,,"Simon & Schuster Audio; Simon & Schuster",2018,"New York",eAudiobook;Book,"Book::Central: FICTION Park, S. - On Shelf,Book::South Natomas: FICTION Park, S. - Checked Out,Book::North Natomas: FICTION Park, S. - On Shelf"
https://catalog.saclibrary.org/GroupedWork/63f54428-b948-b7b2-6f3e-8c3cd7dc22a9-eng,"The tale of Halcyon Crane: a novel","Webb, Wendy (Wendy K.)",9780805091403,,"Henry Holt and Co; Blackstone Publishing",2010,"New York",eAudiobook;Book,"Book::Central: FICTION Webb, W. - On Shelf"
https://catalog.saclibrary.org/GroupedWork/ac840d1c-db21-50b6-dd48-a484c946efe2-eng,"Vernon Subutex: 1 : a novel","Despentes, Virginie, 1969-",9780374283247,,"Macmillan Audio; FSG Originals/Farrar, Straus and Giroux",2019,"New York",Book;eAudiobook,"Book::Arcade: FICTION Despentes, V. - On Shelf,Book::South Natomas: FICTION Despentes, V. - On Shelf,Book::Sylvan Oaks: FICTION Despentes, V. - On Shelf"
https://catalog.saclibrary.org/GroupedWork/1ec98cf2-dae9-5350-7f4a-dfb5d5368f96-eng,"Brokeback Mountain","Proulx, Annie",9780743275309,,"Simon & Schuster Audio; Scribner","2005 - 2010","New York",eAudiobook;Book;eBook,"Book::Central: WESTERN Proulx, A. - On Shelf,Book::Fair Oaks: WESTERN Proulx, A. - On Shelf,Book::North Natomas: WESTERN Proulx, A. - On Shelf"
https://catalog.saclibrary.org/GroupedWork/d622a301-0c5a-6baf-3c47-b6139a19a680-eng,"Baby, you're gonna be mine: stories","Wilson, Kevin, 1978-",9780062450524,,"Ecco, an imprint of HarperCollinsPublishers; HarperCollins; HarperAudio",2018,"New York, NY",eBook;Book;eAudiobook,"Book::Central: FICTION Wilson, K. - On Shelf,Book::Franklin: FICTION Wilson, K. - On Shelf,Book::Rancho Cordova: FICTION Wilson, K. - On Shelf"
https://catalog.saclibrary.org/GroupedWork/64c79b24-375b-524c-e212-400a94abc49e-eng,"What we fed to the manticore","Kolluri, Talia Lakshmi, 1979-",9781953534415,,"Recorded Books, Inc.; Zando; Tin House",2022,"Portland, Oregon",eAudiobook;Book;eBook,"Book::Belle Cooledge: FICTION Kolluri, T. - Checked Out,Book::South Natomas: FICTION Kolluri, T. - On Shelf,Book::Pocket-Greenhaven: FICTION Kolluri, T. - On Shelf"
https://catalog.saclibrary.org/GroupedWork/971d04c2-c5ab-4e75-5534-0f30c53ec7f9-eng,"Right after the weather","Anshaw, Carol, 1946-",9781476747798,,"Simon & Schuster Audio; Atria Books",2019,"New York",eBook;Book;eAudiobook,"Book::Central: FICTION Anshaw, C. - On Shelf,Book::McKinley: FICTION Anshaw, C. - On Shelf"
https://catalog.saclibrary.org/GroupedWork/72af955a-f513-4cb0-47c1-5f0b151aec4a-eng,"Exit zero: stories","Bertino, Marie-Helene",9780374616472,,"FSG Originals, Farrar, Straus and Giroux; Farrar, Straus and Giroux; Dreamscape Media",2025,"New York",eBook;Book;eAudiobook,"Book::Carmichael: FICTION Bertino, M. - On Shelf,Book::Central: FICTION Bertino, M. - On Shelf,Book::Colonial Heights: FICTION Bertino, M. - On Shelf"
https://catalog.saclibrary.org/GroupedWork/37f3e9cf-5f03-6974-7579-1e9f82ba25a8-eng,"Me and the devil: a novel","Tosches, Nick",9780316120975,,"Hachette Audio; Dreamscape Media; Little, Brown",2012,"New York",Book;eAudiobook,"Book::Central: FICTION Tosches, N. - On Shelf,Book::North Natomas: FICTION Tosches, N. - On Shelf"
https://catalog.saclibrary.org/GroupedWork/d98498e1-5dd3-ed45-5ff1-d74a72d69fd7-eng,"The gold bug variations","Powers, Richard, 1957-",9780060975005,,"Recorded Books, Inc.; HarperPerennial; William Morrow Paperbacks","1992 - 2021","New York",eBook;Book;eAudiobook,"Book::Central: FICTION Powers, R. - On Shelf"
https://catalog.saclibrary.org/GroupedWork/f67c79e0-5926-b81e-ae08-41e6a2a75c58-eng,"Moonglow: a novel","Chabon, Michael",9780062225559,,"HarperCollins; HarperAudio; Harper, an imprint of HarperCollinsPublishers; Harper Audio",2016,"[New York]; New York, NY","eAudiobook;Audiobook - CD;eBook;Book","Book::Carmichael: FICTION Chabon, M. - On Shelf,Book::Central: FICTION Chabon, M. - On Shelf,Book::Elk Grove: FICTION Chabon, M. - On Shelf"
https://catalog.saclibrary.org/GroupedWork/fffb7002-6208-c705-302f-b46638afb081-eng,"The Underground River","Conway, Martha",9781501160257,,"Tantor Media, Inc.; Touchstone",2017,"New York",Book;eAudiobook,"Book::Central: FICTION Conway, M. - On Shelf,Book::Franklin: FICTION Conway, M. - On Shelf"
https://catalog.saclibrary.org/GroupedWork/3f317967-d829-1bf6-8791-50a9a09af4b7-eng,"How to be an American housewife","Dilloway, Margaret",9780399156373,,"Tantor Media, Inc.; Tantor Media, Inc; Penguin Publishing Group; G.P. Putnam's Sons",2010,"New York",eAudiobook;Book;eBook,
https://catalog.saclibrary.org/GroupedWork/0383de66-077d-6557-eb12-eacecf4d21df-eng,"East, west: stories","Rushdie, Salman",9780679757894,,"Recorded Books, Inc.; Knopf Doubleday Publishing Group; Vintage Books","1996 - 2017","New York",eBook;Book;eAudiobook,
https://catalog.saclibrary.org/GroupedWork/3479578c-6cf2-056b-b3b2-bb351ee1e68e-eng,"The Gunners: a novel","Kauffman, Rebecca",9781619029897,,"Counterpoint; Catapult; Blackstone Publishing",2018,"Berkeley, California",eAudiobook;Book;eBook,"Book::Central: FICTION Kauffman, R. - On Shelf,Book::Folsom Adult: FICTION Kauffman, R. - On Shelf"
https://catalog.saclibrary.org/GroupedWork/f5a42078-e251-f807-4835-1b374a47373a-eng,"Shelter in place","Maksik, Alexander, 1972-",9781609453640,,"Europa Editions; Europa; Blackstone Publishing","2016 - 2017","New York, N.Y",eAudiobook;eBook;Book,"Book::Central: FICTION Maksik, A. - On Shelf"
https://catalog.saclibrary.org/GroupedWork/1c84202b-1b5b-058b-0d06-e19f69fe9167-eng,"After the party: a novel","Jewell, Lisa",9781451609103,,"Atria Paperback; Dreamscape Media","2011 - 2018","New York",Book;eAudiobook,"Book::Arcade: FICTION Jewell, L. - In Transit,Book::Central: FICTION Jewell, L. - On Shelf,Book::Southgate: FICTION Jewell, L. - On Shelf"
https://catalog.saclibrary.org/GroupedWork/6f8e0ac0-8188-e680-a498-786af7ea7ab2-eng,"The lost girls: a novel","Young, Heather, MFA",9780062456601,,"HarperCollins; HarperAudio; William Morrow, an imprint of HarperCollinsPublishers",2016,"New York, NY",eAudiobook;eBook;Book,"Book::Carmichael: FICTION Young, H. - Checked Out,Book::Colusa Main Branch Adult Collection: Fic - On Shelf"
https://catalog.saclibrary.org/GroupedWork/d34b1dcc-eb09-14d6-30ef-5bbde900556d-eng,"Lord of misrule: a novel","Gordon, Jaimy, 1944-",9780929701837,,"Recorded Books, Inc.; Knopf Doubleday Publishing Group; McPherson & Co","2010 - 2011","Kingston, N.Y",eBook;Book;eAudiobook,"Book::Central: FICTION Gordon, J. - On Shelf,Book::Stonyford Branch Library Adult Collection: Fic - On Shelf"
https://catalog.saclibrary.org/GroupedWork/3611d490-6944-4940-d492-0bc30b22b3b2-eng,"Golden boy: a novel","Tarttelin, Abigail, 1987-",9781476705811,,"Recorded Books, Inc.; Simon & Schuster Audio; Atria Books",2013,"New York",eAudiobook;Book,"Book::Central: FICTION Tarttelin, A. - On Shelf"
https://catalog.saclibrary.org/GroupedWork/be23c003-1d36-eb4c-3ce7-ae57577b0ef9-eng,"Eggshells: a novel","Lally, Caitriona",9781612195971,,"Melville House; Blackstone Publishing",2017,Brooklyn,eAudiobook;eBook;Book,"Book::Carmichael: FICTION Lally, C. - On Shelf,Book::Central: FICTION Lally, C. - On Shelf"
https://catalog.saclibrary.org/GroupedWork/77388fb8-f8c5-14ea-a83b-a8ea375c97e9-eng,"Jonathan Abernathy you are kind: a novel","McGhee, Molly, 1994-",9781662602115,,"Astra Publishing House; Astra House; Spotify Audiobooks",2023,"New York",eAudiobook;Book;eBook,"Book::Arcade: FICTION McGhee, M. - Checked Out,Book::Carmichael: FICTION McGhee, M. - On Shelf,Book::Central: FICTION McGhee, M. - On Shelf"
https://catalog.saclibrary.org/GroupedWork/ecf5966e-2fed-5f1c-9a61-f5b21b692a5a-eng,"Sleepwalk: a novel","Chaon, Dan",9781250175212,,"Henry Holt and Company; Macmillan Audio",2022,"New York",eAudiobook;Book,"Book::Arcade: FICTION Chaon, D. - On Shelf,Book::Carmichael: FICTION Chaon, D. - On Shelf,Book::Central: FICTION Chaon, D. - On Shelf"
https://catalog.saclibrary.org/GroupedWork/14f556fa-c15c-5f64-0b3b-22718f631924-eng,"Invisible monsters remix","Palahniuk, Chuck",9780393083521,,"Recorded Books, Inc.; W. W. Norton; Blackstone Publishing","2012 - 2021","New York",eAudiobook;Book,"Book::Central: FICTION Palahniuk, C. - Checked Out,Book::McClatchy: FICTION Palahniuk, C. - On Shelf,Book::South Natomas: FICTION Palahniuk, C. - Checked Out"
https://catalog.saclibrary.org/GroupedWork/8993d9a6-4ce1-69cd-2029-873cb3afec2d-eng,"A well-tempered heart: a novel","Sendker, Jan-Philipp",9781590516409,,"Blackstone Publishing; Other Press","2013 - 2014","New York",eAudiobook;eBook;Book,
https://catalog.saclibrary.org/GroupedWork/cdd27021-ceaa-2c80-ea12-eac69d55500d-eng,"Companion piece","Smith, Ali, 1962-",9780593316375,,"Recorded Books, Inc.; Pantheon Books",2022,"New York",eAudiobook;Book,"Book::Arcade: FICTION Smith, A. - On Shelf,Book::Central: FICTION Smith, A. - On Shelf,Book::Belle Cooledge: FICTION Smith, A. - On Shelf"
https://catalog.saclibrary.org/GroupedWork/4ab80291-9329-0f05-e583-8ac3282cfd5a-eng,"Winter kept us warm: a novel","Raeff, Anne, 1959-",9781619028173,,"Counterpoint Press; Catapult; Blackstone Publishing",2018,"Berkeley, California",eAudiobook;Book;eBook,"Book::Central: FICTION Raeff, A. - On Shelf"
https://catalog.saclibrary.org/GroupedWork/d571532f-3770-294a-4038-e94ec7c56664-eng,"The heart remembers","Sendker, Jan-Philipp",9781590518410,,"Blackstone Publishing; Other Press",2021,"New York",eAudiobook;Book;eBook,"Book::Belle Cooledge: FICTION Sendker, J. - On Shelf,Book::Franklin: FICTION Sendker, J. - On Hold Shelf,Book::North Natomas: FICTION Sendker, J. - On Shelf"
https://catalog.saclibrary.org/GroupedWork/779f7aa3-2ff2-311e-9aca-0a03f6ce1692-eng,Summer,"Smith, Ali, 1962-",9781101870792,,"Recorded Books, Inc.; Pantheon Books",2020,"New York",eAudiobook;Book,"Book::Central: FICTION Smith, A. - On Shelf,Book::Elk Grove: FICTION Smith, A. - On Shelf,Book::Fair Oaks: FICTION Smith, A. - On Shelf"
https://catalog.saclibrary.org/GroupedWork/0122d2d5-f198-feec-f84a-6ae73feb79d3-eng,"The hope chest: a novel","Shipman, Viola",9781250105073,,"Thomas Dunne Books, St. Martin's Press; Macmillan Audio",2017,"New York",Book;eAudiobook,"Book::Central: FICTION Shipman, V. - On Shelf,Book::Galt: FICTION Shipman, V. - On Shelf,Book::Woodland Public Library: FICTION Shipman, V. - On Shelf"
https://catalog.saclibrary.org/GroupedWork/75b369ab-3826-d459-dc0c-979099c2475d-eng,"Black candle women: a novel","Brown, Diane Marie",9781525899911,,"Graydon House; Harlequin Audio; HarlequinAudio; Graydon House Books",2023,"Toronto, Ontario, Canada",eAudiobook;eBook;Book,"Book::Arcade: FICTION Brown, D. - On Shelf,Book::Central: FICTION Brown, D. - On Shelf,Book::McClatchy: FICTION Brown, D. - On Shelf"
https://catalog.saclibrary.org/GroupedWork/9f0f99ef-79ac-be6a-dbc1-56b118cdabb9-eng,"Cheer up, Mr. Widdicombe","James, Evan",9781501199615,,"Simon & Schuster Audio; Atria Books",2019,"New York",eAudiobook;Book,"Book::Carmichael: FICTION James, E. - On Shelf,Book::Central: FICTION James, E. - On Shelf,Book::Fair Oaks: FICTION James, E. - On Shelf"
https://catalog.saclibrary.org/GroupedWork/58e93905-64d8-295e-0023-9bf1574df1ac-eng,"The singles game","Weisberger, Lauren, 1977-",9781476778211,,"Simon & Schuster Audio; Scribner; Simon & Schuster",2016,"New York; New York, NY","eAudiobook;Audiobook - CD;Book;eBook","Book::Carmichael: FICTION Weisberger, L. - On Shelf,Book::Central: FICTION Weisberger, L. - On Shelf,Book::Belle Cooledge: FICTION Weisberger, L. - On Shelf"
https://catalog.saclibrary.org/GroupedWork/826d9537-2229-d7a1-ebaf-7e9e57b1cc4d-eng,"Of women and salt","Garcia, Gabriela, 1984-",9781250776686,,"Thorndike Press, a part of Gale, a Cengage Company; Macmillan Audio; Flatiron Books",2021,"New York; Waterville, ME","eAudiobook;Large Print;Book;eBook","Book::Carmichael: FICTION Garcia, G. - On Shelf,Book::Central: FICTION Garcia, G. - On Shelf,Book::Courtland: FICTION Garcia, G. - On Shelf"
https://catalog.saclibrary.org/GroupedWork/c816541f-2e11-97d0-e38e-7c9d92c1f708-eng,"That part was true","McKinlay, Deborah",9781455573653,,"Hachette Audio; Grand Central Publishing",2014,"New York",eBook;Book;eAudiobook,"Book::Sylvan Oaks: FICTION McKinlay, D. - On Shelf,Book::Woodland Public Library: FICTION Mckinlay, D. - On Shelf"
https://catalog.saclibrary.org/GroupedWork/ca7d4e35-3f2a-7aba-8e05-6cb91926efa0-eng,"A reason to see you again: a novel","Attenberg, Jami",9780063039841,,"Ecco, an imprint of HarperCollinsPublishers; HarperCollins; HarperAudio",2024,"New York, NY",eAudiobook;eBook;Book,"Book::Arcade: FICTION Attenberg, J. - On Shelf,Book::Central: FICTION Attenberg, J. - On Shelf,Book::Elk Grove: FICTION Attenberg, J. - On Shelf"
https://catalog.saclibrary.org/GroupedWork/d64d4967-9c44-62d2-0240-8032c860690c-eng,"Excellent women","Pym, Barbara",9780525101161,,"Dutton; Blackstone Publishing; Penguin Publishing Group","1978 - 2016","New York",eAudiobook;Book;eBook,
https://catalog.saclibrary.org/GroupedWork/4ee806b5-9158-9ceb-71c1-ca126deef656-eng,"Whose names are unknown: a novel","Babb, Sanora",9780806137124,,"Recorded Books, Inc.; University of Oklahoma Press","2013 - 2014",Norman,eAudiobook;Book,"Book::Fair Oaks: FICTION Babb, S. - On Shelf,Book::South Natomas: FICTION Babb, S. - Checked Out,Book::Sylvan Oaks: FICTION Babb, S. - OFF CAMPUS"
https://catalog.saclibrary.org/GroupedWork/8a3003ed-2fdc-a3f2-467e-afea1b2923d7-eng,"Hanna who fell from the sky","Meades, Christopher",9780778328735,,"Harlequin Audio; Park Row Books",2017,"Don Mills, Ontario, Canada",eBook;Book;eAudiobook,"Book::Central: FICTION Meades, C. - On Shelf,Book::Folsom Adult: FICTION Meades, C. - On Shelf"
https://catalog.saclibrary.org/GroupedWork/a9b53286-1b18-df67-a946-f3e0db3c0a2b-eng,"Touch: a novel","Zentner, Alexi",9780393079876,,"Dreamscape Media, LLC; W.W. Norton & Co; Dreamscape Media",2011,"New York; Maumee, OH","Audiobook - CD;Book;eAudiobook","Book::Central: FICTION Zentner, A. - On Shelf"
https://catalog.saclibrary.org/GroupedWork/7bf8de67-2b6d-92dc-2237-16741d82378c-eng,"House of shades: a novel","Dillsworth, Lianne",9780358627920,,"HarperCollins; HarperAudio; Harper, an imprint of HarperCollinsPublishers",2024,"New York, NY",eBook;Book;eAudiobook,"Book::Carmichael: FICTION Dillsworth, L. - On Shelf,Book::Central: FICTION Dillsworth, L. - On Shelf,Book::South Natomas: FICTION Dillsworth, L. - On Shelf"
https://catalog.saclibrary.org/GroupedWork/c2f5dedb-7b34-e61f-feb8-5ba642fc9ba3-eng,"Bark: stories","Moore, Lorrie",9780307594136,,"Alfred A. Knopf; Knopf Doubleday Publishing Group; Blackstone Audio, Inc; Blackstone Publishing",2014,"[Ashland, Oregon]; New York","eAudiobook;Audiobook - CD;eBook;Book","Book::Arcade: FICTION Moore, L. - On Shelf,Book::Carmichael: FICTION Moore, L. - On Shelf,Book::Central: FICTION Moore, L. - On Shelf"
https://catalog.saclibrary.org/GroupedWork/80430a1a-a6e5-980c-9217-36f32a6cddc1-eng,"A cowardly woman no more: a novel","Cooney, Ellen",9781566896719,,"Coffee House Press; Highbridge Company",2023,Minneapolis,Book;eAudiobook,"Book::Carmichael: FICTION Cooney, E. - Checked Out,Book::Central: FICTION Cooney, E. - On Shelf"
https://catalog.saclibrary.org/GroupedWork/12de03c1-d9e7-b812-8b4d-5b0c6f383796-eng,Mothtown,"Hardaker, Caroline, 1986-",9781915202734,,"Watkins Media; Angry Robot; Dreamscape Media",2023,"London, UK",eBook;Book;eAudiobook,"Book::Central: FICTION Hardaker, C. - On Shelf,Book::Belle Cooledge: FICTION Hardaker, C. - On Shelf,Book::North Natomas: FICTION Hardaker, C. - On Shelf"
https://catalog.saclibrary.org/GroupedWork/d2d7f48b-cbf0-99fe-1504-1a0c71f23401-eng,"The bomb-itty of errors","Qaiyum, Jeffrey",9780573698446,,"Samuel French",2010,"New York",Book,
https://catalog.saclibrary.org/GroupedWork/c8e68b4d-0747-aacc-40cc-5ad09867b78a-eng,"Somewhere out there: a novel","Hatvany, Amy, 1972-",9781476704432,,"Simon & Schuster Audio; Washington Square Press",2016,"New York",eAudiobook;Book,"Book::North Natomas: FICTION Hatvany, A. - On Shelf"
https://catalog.saclibrary.org/GroupedWork/230c28b8-81ad-a647-b72a-fbef6319ec18-eng,"Going Dutch: a novel","Gregor, James",9781982103194,,"Simon & Schuster Audio; Simon & Schuster",2019,"New York",Book;eAudiobook,"Book::Carmichael: FICTION Gregor, J. - On Shelf,Book::Central: FICTION Gregor, J. - On Shelf,Book::Pocket-Greenhaven: FICTION Gregor, J. - On Shelf"
https://catalog.saclibrary.org/GroupedWork/6eeb9604-0c19-5b04-7225-2619c626342e-eng,"The index of self-destructive acts: a novel","Beha, Christopher",9781947793828,,"Zando; Tin House Books; Blackstone Publishing",2020,"Portland, Oregon",eBook;Book;eAudiobook,"Book::Central: FICTION Beha, C. - On Shelf,Book::Fair Oaks: FICTION Beha, C. - On Shelf,Book::Rancho Cordova: FICTION Beha, C. - On Shelf"
https://catalog.saclibrary.org/GroupedWork/6be31574-9926-0be1-d421-bb9e5e699cd5-eng,"The end of getting lost: a novel","Kirman, Robin",9781982159856,,"Simon & Schuster Audio; Simon & Schuster",2022,"New York",eAudiobook;Book,"Book::Carmichael: FICTION Kirman, R. - On Shelf,Book::Central: FICTION Kirman, R. - On Shelf,Book::Pocket-Greenhaven: FICTION Kirman, R. - On Shelf"
https://catalog.saclibrary.org/GroupedWork/2d097671-98bd-4feb-8be1-494ac978aa9c-eng,"Forgotten country","Chung, Catherine",9781594488085,,"Blackstone Publishing; Riverhead Books; Penguin Publishing Group",2012,"New York",eBook;Book;eAudiobook,"Book::Central: FICTION Chung, C. - On Shelf"
https://catalog.saclibrary.org/GroupedWork/368474e0-456a-7c38-53d5-9c986dff9921-eng,"Being dead","Crace, Jim",9780312275426,,"Recorded Books, Inc.; Farrar, Straus and Giroux; Picador USA","2000 - 2019","New York",eBook;Book;eAudiobook,
https://catalog.saclibrary.org/GroupedWork/50d06a61-17c2-eee8-5c2e-7a8bb288f216-eng,"Digging stars: a novel","Tshuma, Novuyo Rosa",9781324035176,,"Highbridge Company; W. W. Norton & Company; W.W. Norton & Company",2023,"New York, NY",eBook;Book;eAudiobook,"Book::Central: FICTION Tshuma, N. - On Shelf,Book::Franklin: FICTION Tshuma, N. - On Shelf,Book::South Natomas: FICTION Tshuma, N. - On Shelf"
https://catalog.saclibrary.org/GroupedWork/fccbe803-793c-5e1d-0b48-d46a676d4092-eng,"Eileen: a novel","Moshfegh, Ottessa",9781594206627,,"Recorded Books, Inc.; Penguin Publishing Group; Penguin Press",2015,"New York",eAudiobook;eBook;Book,"Book::Central: FICTION Moshfegh, O. - Checked Out,Book::South Natomas: FICTION Moshfegh, O. - Checked Out"
https://catalog.saclibrary.org/GroupedWork/d2e71179-00c4-cd4a-b5e6-4e4bfd650a8b-eng,"She of the mountains","Shraya, Vivek, 1981-",9781551525600,,"Bespeak Audio Editions; Arsenal Pulp Press","2014 - 2019",Vancouver,eBook;Book;eAudiobook,"Book::Central: FICTION Shraya, V. - On Shelf,Book::North Natomas: FICTION Shraya, V. - On Shelf"
https://catalog.saclibrary.org/GroupedWork/5afef888-f4fc-c24b-184a-a30febf2219f-eng,"Telex from Cuba: a novel","Kushner, Rachel",9781416561033,,"Simon & Schuster Audio; Scribner","2008 - 2019","New York",eAudiobook;Book,"Book::Carmichael: FICTION Kushner, R. - On Shelf,Book::Central: FICTION Kushner, R. - On Shelf"
https://catalog.saclibrary.org/GroupedWork/cade3641-914e-eb89-766b-50dacf0d0f01-eng,"Happy hour","Granados, Marlowe, 1991-",9781839764011,,"Verso Books; Bespeak Audio Editions",2021,London,eBook;Book;eAudiobook,"Book::North Natomas: FICTION Granados, M. - On Shelf,Book::Sylvan Oaks: FICTION Granados, M. - Checked Out,Book::Valley Hi-North Laguna: FICTION Granados, M. - Checked Out"
https://catalog.saclibrary.org/GroupedWork/82439044-0750-8ba5-c4cb-b00bef3aced0-eng,"Still lives: a novel","Hummel, Maria",9781619021112,,"Counterpoint; Catapult; Highbridge Company; HighBridge",2018,"Berkeley, California",eAudiobook;eBook;Book,"Book::South Natomas: FICTION Hummel, M. - On Shelf,Book::Woodland Public Library: FICTION Hummel, M. - On Shelf"
https://catalog.saclibrary.org/GroupedWork/e5ec3ff0-517a-124f-7628-27b00dba6326-eng,"Calling Ukraine","Lichtman, Johannes",9781982156817,,"Marysue Rucci Books; Simon & Schuster Audio",2023,"New York",Book;eAudiobook,"Book::Carmichael: FICTION Lichtman, J. - On Shelf,Book::Central: FICTION Lichtman, J. - On Shelf,Book::South Natomas: FICTION Lichtman, J. - On Shelf"
https://catalog.saclibrary.org/GroupedWork/1ed1c17d-028d-082f-32a1-97c6dbc6fcf2-eng,"High crime area: tales of darkness and dread","Oates, Joyce Carol, 1938-",9780802122650,,"Highbridge Company; Grove Atlantic; Mysterious Press, an imprint of Grove/Atlantic, Inc",2014,"New York",eBook;Book;eAudiobook,"Book::Central: FICTION Oates, J. - On Shelf,Book::Woodland Public Library: FICTION Oates, J. - On Shelf"
https://catalog.saclibrary.org/GroupedWork/ac690ed1-4150-b1ac-ec00-182ef4f43718-eng,"Kiss Carlo: a novel","Trigiani, Adriana",9780062319227,,"HarperCollins; HarperAudio",2017,"New York",eAudiobook;eBook;Book,"Book::Arcade: FICTION Trigiani, A. - On Shelf,Book::Carmichael: FICTION Trigiani, A. - On Shelf,Book::Central: FICTION Trigiani, A. - On Shelf"
https://catalog.saclibrary.org/GroupedWork/38165e0d-655b-9aef-a5df-335b6bfdc4de-eng,"Loss of Innocence","Patterson, Richard North",9781623650926,,"Quercus; Blackstone Publishing","2013 - 2014",London,eAudiobook;Book,"Book::Central: FICTION Patterson, R. - On Shelf,Book::Fair Oaks: FICTION Patterson, R. - On Shelf,Book::Sutter County Main Branch: FICTION Patterson, R. - On Shelf"
https://catalog.saclibrary.org/GroupedWork/45877baa-c44f-94a9-ba5c-0ceca65c7cfe-eng,"Winter counts: a novel","Weiden, David Heska Wanbli, 1963-",9780062968944,,"HarperAudio; Ecco, an imprint of HarperCollinsPublishers; HarperCollins",2020,"New York, NY",eAudiobook;eBook;Book,"Book::Arcade: FICTION Weiden, D. - On Shelf,Book::Carmichael: FICTION Weiden, D. - On Shelf,Book::Elk Grove: FICTION Weiden, D. - On Shelf"
https://catalog.saclibrary.org/GroupedWork/83c5f4d0-d407-d76a-12cd-1e8bbef666fb-eng,"Yerba Buena","LaCour, Nina",9781250810465,,"Macmillan Audio; Flatiron Books",2022,"New York",eAudiobook;Book;eBook,"Book::Carmichael: FICTION LaCour, N. - On Shelf,Book::Central: FICTION LaCour, N. - On Shelf,Book::Belle Cooledge: FICTION LaCour, N. - Checked Out"
https://catalog.saclibrary.org/GroupedWork/124b814f-12a4-3e38-6509-83dfd61b7184-eng,"Speaking of summer: a novel","Buckhanon, Kalisha, 1977-",9781640091917,,"Counterpoint; Recorded Books, Inc.; Catapult",2019,"Berkeley, California",eBook;Book;eAudiobook,"Book::Carmichael: FICTION Buckhanon, K. - On Shelf,Book::Central: FICTION Buckhanon, K. - On Shelf,Book::South Natomas: FICTION Buckhanon, K. - On Shelf"
https://catalog.saclibrary.org/GroupedWork/6455ffd3-522b-903b-ed81-f2b8b08d4738-eng,"Brown Dog: novellas","Harrison, Jim, 1937-",9780802120113,,"Grove Press; Blackstone Publishing","2013 - 2014","New York",eAudiobook;Book,"Book::Central: FICTION Harrison, J. - On Shelf"
https://catalog.saclibrary.org/GroupedWork/855c1c43-0e6f-18d2-0e1c-513c76c64bc4-eng,"From a low and quiet sea","Ryan, Donal, 1977-",9781781620304,,"Blackstone Publishing; Penguin Books; Penguin Publishing Group; Doubleday","2018 - 2019","London; New York, New York",eAudiobook;eBook;Book,"Book::Central: FICTION Ryan, D. - On Shelf,Book::Galt: FICTION Ryan, D. - On Shelf"
https://catalog.saclibrary.org/GroupedWork/abf821b7-0f47-02f8-4b18-4ac9450276ec-eng,Gain,"Powers, Richard, 1957-",9780312429096,,"Picador; Recorded Books, Inc.; Farrar, Straus and Giroux","2009 - 2020","New York",eBook;Book;eAudiobook,"Book::Central: FICTION Powers, R. - On Shelf"
https://catalog.saclibrary.org/GroupedWork/918c535b-470b-6da0-847e-0f0b030ef0e4-eng,"Late in the day: a novel","Hadley, Tessa",9780062476692,,"HarperCollins; HarperAudio; Harper, an imprint of HarperCollinsPublishers",2019,"New York, NY",eAudiobook;eBook;Book,"Book::Belle Cooledge: FICTION Hadley, T. - On Shelf,Book::Valley Hi-North Laguna: FICTION Hadley, T. - On Shelf"
https://catalog.saclibrary.org/GroupedWork/91d5fe59-3a02-47c7-8c3a-3912ab48494e-eng,"The beautiful things that heaven bears","Mengestu, Dinaw, 1978-",9781594489402,,"Recorded Books, Inc.; Riverhead Books; Penguin Publishing Group","2007 - 2008","New York",eAudiobook;Book;eBook,"Book::Belle Cooledge: FICTION Mengestu, D. - On Shelf"
https://catalog.saclibrary.org/GroupedWork/15297dee-a255-d982-9626-8da5096071a0-eng,"After we were stolen: a novel","Beyfuss, Brooke",9781728248691,,"Sourcebooks Inc; Dreamscape Media; Sourcebooks; Sourcebooks Landmark",2022,"Naperville, Illinois",eAudiobook;eBook;Book,"Book::Central: FICTION Beyfuss, B. - On Shelf,Book::Southgate: FICTION Beyfuss, B. - On Shelf"
https://catalog.saclibrary.org/GroupedWork/9ff20f67-b943-159c-9bea-8caf0ec74b07-eng,"Crazy blood","Parker, T. Jefferson",9781250064097,,"St. Martin's Press; St. Martin's Publishing Group; Macmillan Audio",2016,"New York",eAudiobook;Book;eBook,"Book::Arcade: MYSTERY Parker, T. - On Shelf,Book::Central: MYSTERY Parker, T. - On Shelf,Book::Belle Cooledge: MYSTERY Parker, T. - On Shelf"
https://catalog.saclibrary.org/GroupedWork/ed684809-2d20-a502-644b-39e47d737940-eng,"Crossing to safety","Stegner, Wallace, 1909-1993",9780375759314,,"Recorded Books, Inc.; Random House; Random House Publishing Group; Modern Library","1987 - 2019","New York",eAudiobook;eBook;Book,"Book::Carmichael: FICTION Stegner, W. - OFF CAMPUS,Book::Central: FICTION Stegner, W. - On Shelf,Book::South Natomas: FICTION Stegner, W. - LINK+ PAGED"
https://catalog.saclibrary.org/GroupedWork/66f383cf-718f-0632-f8df-b23567ce640b-eng,"The weekend","Schlink, Bernhard",9780307378156,,"Recorded Books, Inc.; Pantheon Books",2010,"New York",Book;eAudiobook,"Book::Central: FICTION Schlink, B. - On Shelf"
https://catalog.saclibrary.org/GroupedWork/15bd4809-279b-7c4c-5628-5ddd2fca4df6-eng,"The hotel neversink","Price, Adam O'Fallon",9781947793347,,"Tantor Media, Inc.; Tin House Books; Tantor Media, Inc","2019 - 2020","Portland, Oregon",eAudiobook;Book,"Book::Central: FICTION Price, A. - On Shelf,Book::Fair Oaks: FICTION Price, A. - On Shelf,Book::Franklin: FICTION Price, A. - On Shelf"
https://catalog.saclibrary.org/GroupedWork/0ca80946-5565-523a-a348-03477be6bce9-eng,"The gravity of birds","Guzeman, Tracy",9781451689761,,"Simon & Schuster Audio; Simon & Schuster",2013,"New York",Book;eAudiobook,"Book::Courtland: FICTION Guzeman, T. - On Shelf"
https://catalog.saclibrary.org/GroupedWork/26cda8d3-35eb-9643-bd73-a53e11deaad5-eng,"Middle men: stories","Gavin, Jim, 1976-",9781451649314,,"Recorded Books, Inc.; Simon & Schuster","2013 - 2014","New York",Book;eAudiobook,"Book::Central: FICTION Gavin, J. - On Shelf"
https://catalog.saclibrary.org/GroupedWork/d92282eb-5b3c-d9cf-4128-03a694db9d28-eng,"The sport of kings","Morgan, C. E., 1976-",9780374281083,,"Farrar, Straus and Giroux; Macmillan Audio",2016,"New York; New York, NY","eAudiobook;Audiobook - CD;Book","Book::Carmichael: FICTION Morgan, C. - On Shelf,Book::Central: FICTION Morgan, C. - On Shelf,Book::Sutter County Main Branch: FICTION Morgan, C. - On Shelf"
https://catalog.saclibrary.org/GroupedWork/a07f10d5-cb67-ad5e-694f-b279ea976fe9-eng,"What burns: stories","Peck, Dale",9781641290821,,"Highbridge Company; Soho Press; HighBridge",2019,"New York, NY",eAudiobook;Book;eBook,"Book::Fair Oaks: FICTION Peck, D. - On Shelf"
https://catalog.saclibrary.org/GroupedWork/f96f73b9-6f32-c038-41b4-aa5f7572bcfa-eng,"Things to do when you're goth in the country & other stories","Woods, Chavisa",9781609807450,,"Tantor Media, Inc.; Seven Stories Press","2017 - 2018","New York",eBook;Book;eAudiobook,"Book::Central: FICTION Woods, C. - On Shelf,Book::Elk Grove: FICTION Woods, C. - On Shelf"
https://catalog.saclibrary.org/GroupedWork/68e76e8c-e921-eb3e-019a-5278dc58f098-eng,"Man gone down","Thomas, Michael, 1967 Aug. 21-",9780802170293,,"Recorded Books, Inc.; Black Cat; Grove Atlantic","2007 - 2008","New York",eBook;Book;eAudiobook,"Book::Carmichael: FICTION Thomas, M. - On Shelf"
https://catalog.saclibrary.org/GroupedWork/b046022e-0663-10e8-a57f-662d836e2809-eng,"Telling the bees","Hesketh, Peggy",9780399159053,,"Tantor Media, Inc.; G. P. Putnam's Sons",2013,"New York",Book;eAudiobook,"Book::Central: FICTION Hesketh, P. - On Shelf"
https://catalog.saclibrary.org/GroupedWork/3c814f3f-5905-4bb6-678c-197cbf5e811d-eng,"Cowboy for hire","James, Victoria (Romance fiction writer)",9781640638211,,"Amara; Dreamscape Media",2020,"Parker, CO",Book;eAudiobook,"Book::Carmichael: FICTION James, V. - On Shelf,Book::Central: FICTION James, V. - On Shelf,Book::North Natomas: FICTION James, V. - On Shelf"
https://catalog.saclibrary.org/GroupedWork/ca8fe435-c533-bcb1-1b17-8fc21292cc32-eng,"The ditch: a novel","Koch, Herman, 1953-",9780525572381,,"Highbridge Company; Hogarth; Random House Publishing Group",2019,London,eBook;Book;eAudiobook,"Book::Arcade: FICTION Koch, H. - On Shelf,Book::Central: FICTION Koch, H. - On Shelf,Book::Belle Cooledge: FICTION Koch, H. - On Shelf"
https://catalog.saclibrary.org/GroupedWork/f8e5156f-54f2-a0ff-1fd3-e6f98699da40-eng,"Haven Point","Hume, Virginia",9781250266521,,"St. Martin's Press; Macmillan Audio",2021,"New York",eAudiobook;Book,"Book::Carmichael: FICTION Hume, V. - On Shelf,Book::Central: FICTION Hume, V. - On Shelf,Book::Belle Cooledge: FICTION Hume, V. - On Shelf"
https://catalog.saclibrary.org/GroupedWork/b383dd8d-e12b-6183-20fe-3338caf0fa73-eng,"The clay girl: [a novel]","Tucker, Heather, 1954-",9781770413030,,"Recorded Books, Inc.; ECW Press; ECW, a MisFit Book",2016,"Toronto, Ontario",eBook;Book;eAudiobook,"Book::Central: FICTION Tucker, H. - On Shelf"
https://catalog.saclibrary.org/GroupedWork/1f867cd2-e0e9-c9c7-6097-258d28b72bed-eng,"Rooms: a novel","Oliver, Lauren, 1982-",9780062223203,,"HarperCollins; HarperAudio; Ecco",2014,"New York",eAudiobook;eBook;Book,"Book::Carmichael: FICTION Oliver, L. - On Shelf,Book::Central: FICTION Oliver, L. - On Shelf,Book::Elk Grove: FICTION Oliver, L. - On Shelf"
https://catalog.saclibrary.org/GroupedWork/acde843b-c9c8-6dc0-cc84-61e0e2871204-eng,"The seven or eight deaths of Stella Fortuna: a novel","Grames, Juliet",9780062862822,,"Ecco, an imprint of HarperCollinsPublishers; HarperCollins; HarperAudio",2019,"New York, NY",eAudiobook;eBook;Book,"Book::Arcade: FICTION Grames, J. - On Shelf,Book::Carmichael: FICTION Grames, J. - On Shelf,Book::Central: FICTION Grames, J. - On Shelf"
https://catalog.saclibrary.org/GroupedWork/753cfc04-67f5-9b2e-150a-7a390c9eed2e-eng,"The waters: a novel","Campbell, Bonnie Jo, 1962-",9780393248432,,"Recorded Books, Inc.; W. W. Norton & Company; W.W. Norton & Company",2024,"New York, N.Y",eAudiobook;Book;eBook,"Book::Carmichael: FICTION Campbell, B. - On Shelf,Book::Central: FICTION Campbell, B. - On Shelf,Book::Belle Cooledge: FICTION Campbell, B. - On Shelf"
https://catalog.saclibrary.org/GroupedWork/9e403928-e0f4-8ab3-4c9a-20c003ebdcb0-eng,"The Wren, the Wren","Enright, Anne, 1962-",9781324005681,,"Recorded Books, Inc.; W. W. Norton & Co",2023,"New York",eAudiobook;Book,"Book::Carmichael: FICTION Enright, A. - On Shelf,Book::Central: FICTION Enright, A. - On Shelf,Book::Belle Cooledge: FICTION Enright, A. - On Shelf"
https://catalog.saclibrary.org/GroupedWork/7eed2c41-5b10-7716-0d57-df22107e2951-eng,"The goodbye process: stories","Jones, Mary",9781958506639,,"Zibby Books; Zibby Publishing",2024,"New York, NY",eBook;Book;eAudiobook,"Book::Carmichael: FICTION Jones, M. - On Shelf,Book::Central: FICTION Jones, M. - On Shelf,Book::Belle Cooledge: FICTION Jones, M. - On Shelf"
https://catalog.saclibrary.org/GroupedWork/49a0db11-a45f-a4be-87cf-b99dc4e55af5-eng,"Nightshift: a novel","Ladner, Kiare",9780063138247,,"HarperCollins; HarperAudio; Mariner Books",2022,Boston,eBook;Book;eAudiobook,"Book::Carmichael: FICTION Ladner, K. - On Shelf,Book::Central: FICTION Ladner, K. - On Shelf,Book::North Natomas: FICTION Ladner, K. - On Shelf"
https://catalog.saclibrary.org/GroupedWork/ffefae08-4fe2-51b6-8400-df816eb8bce8-eng,"The tree doctor: a novel","Mockett, Marie Mutsuki",9781644452776,,"Dreamscape Media; Graywolf Press",2024,"Minneapolis, Minnesota",eAudiobook;Book,"Book::Carmichael: FICTION Mockett, M. - On Shelf,Book::Central: FICTION Mockett, M. - On Shelf,Book::Belle Cooledge: FICTION Mockett, M. - On Shelf"
https://catalog.saclibrary.org/GroupedWork/2f10b651-4918-dc87-e646-77a726ab0228-eng,Housekeeping,"Robinson, Marilynne",9780374172084,,"Picador; Farrar, Straus and Giroux; Audio Renaissance; Macmillan Audio","2004 - 2020","New York","eAudiobook;Audiobook - CD;Book;eBook","Book::Arcade: FICTION Robinson, M. - Checked Out,Book::Belle Cooledge: FICTION Robinson, M. - On Shelf,Book::Pocket-Greenhaven: FICTION Robinson, M. - On Shelf"
https://catalog.saclibrary.org/GroupedWork/e77725c9-b008-9b83-bf50-a00a063a53d3-eng,"Baby proof","Giffin, Emily",9780312348649,,"St. Martin's Press; St. Martin's Publishing Group; Macmillan Audio","2006 - 2010","New York",eAudiobook;Book;eBook,
https://catalog.saclibrary.org/GroupedWork/5266a3e4-d802-5f52-bc75-a99925068c3a-eng,"Taipei: a novel","Lin, Tao, 1983-",9780307950178,,"Tantor Media, Inc.; Knopf Doubleday Publishing Group; Vintage Contemporaries",2013,"New York",eBook;Book;eAudiobook,"Book::Southgate: FICTION Lin, T. - On Shelf"
https://catalog.saclibrary.org/GroupedWork/1ec70d2a-55c8-4ecd-e580-f32292473707-eng,"Bowlaway: a novel","McCracken, Elizabeth",9780062862853,,"HarperAudio; Ecco, an imprint of HarperCollinsPublishers; Harper Audio; HarperCollins",2019,"New York, NY; [New York, NY]","eAudiobook;Audiobook - CD;eBook;Book","Book::Arcade: FICTION McCracken, E. - On Shelf,Book::Carmichael: FICTION McCracken, E. - On Shelf,Book::Central: FICTION McCracken, E. - On Shelf"
https://catalog.saclibrary.org/GroupedWork/9200626f-b00b-3329-54d9-79c8e9d695b8-eng,"Searching for Caleb","Tyler, Anne",9780449911747,,"Recorded Books, Inc.; Knopf Doubleday Publishing Group; Knopf; Fawcett Books","1976 - 2020","New York",eBook;Book;eAudiobook,"Book::Elk Grove: FICTION Tyler, A. - On Shelf,Book::Southgate: FICTION Tyler, A. - On Shelf"
https://catalog.saclibrary.org/GroupedWork/f408b5a2-959f-8e42-9156-386d16aa8f95-eng,"O beautiful: a novel","Yun, Jung",9781250274328,,"St. Martin's Press; Macmillan Audio",2021,"New York",eAudiobook;Book,"Book::Central: FICTION Yun, J. - On Shelf,Book::Pocket-Greenhaven: FICTION Yun, J. - On Shelf,Book::Southgate: FICTION Yun, J. - On Shelf"
https://catalog.saclibrary.org/GroupedWork/fc328a92-5164-e04b-bc5e-439d0f81cff1-eng,Happiness,"Ferguson, Will",9781841952758,,"Distributed in North America by Publishing Group West; Recorded Books, Inc.; Canongate","2002 - 2009","Edinburgh; [Emeryville, Calif.]",Book;eAudiobook,"Book::Central: FICTION Ferguson - On Shelf"
https://catalog.saclibrary.org/GroupedWork/ef67b3d5-2ea1-e948-6036-95d2a81fd496-eng,"Theft: a love story","Carey, Peter, 1943-",9780307263711,,"Recorded Books, Inc.; Alfred A. Knopf; Knopf Doubleday Publishing Group","2006 - 2015","New York",eBook;Book;eAudiobook,"Book::Central: FICTION Carey, P. - On Shelf"
https://catalog.saclibrary.org/GroupedWork/cf8f3280-a9d2-809a-81ab-cc1bab6ddbb5-eng,"George and Lizzie: a novel","Pearl, Nancy",9781501162893,,"Touchstone; Simon & Schuster Audio",2017,"New York",eAudiobook;Book,"Book::Carmichael: FICTION Pearl, N. - On Shelf,Book::Central: FICTION Pearl, N. - On Shelf"
https://catalog.saclibrary.org/GroupedWork/5b5e6084-ecef-eb4c-72c0-a2f07fd64743-eng,"Dangling man","Bellow, Saul",9780143039877,,"Blackstone Publishing; Penguin Books","2006 - 2012","New York",Book;eAudiobook,"Book::Central: FICTION Bellow, S. - On Shelf"
https://catalog.saclibrary.org/GroupedWork/a8b2481b-8595-f186-6f27-01b04ba1c740-eng,"What you can see from here","Leky, Mariana, 1973-",9780374288822,,"Vibrance Press; Farrar, Straus and Giroux",2021,"New York",Book;eAudiobook,"Book::Central: FICTION Leky, M. - On Shelf,Book::Martin Luther King, Jr.: FICTION Leky, M. - On Shelf,Book::McClatchy: FICTION Leky, M. - On Shelf"
https://catalog.saclibrary.org/GroupedWork/4185fb87-e5f6-1259-d73d-55fcde9395db-eng,"The Pink Hotel","Jacobs, Liska, 1983-",9780374603151,,"MCD / Farrar, Straus and Giroux; Macmillan Audio",2022,"New York",eAudiobook;Book,"Book::Central: FICTION Jacobs, L. - On Shelf,Book::Franklin: FICTION Jacobs, L. - On Shelf,Book::South Natomas: FICTION Jacobs, L. - On Shelf"
https://catalog.saclibrary.org/GroupedWork/3ee53ac2-7ed3-52ab-13eb-61a458c4e859-eng,"When she woke: a novel","Jordan, Hillary, 1963-",9781565126299,,"Algonquin Books of Chapel Hill; Highbridge Company; Little, Brown and Company; HighBridge; Algonquin Books","2011 - 2012","Chapel Hill, N.C",eAudiobook;eBook;Book,"Book::Carmichael: FICTION Jordan, H. - In Transit,Book::Central: FICTION Jordan, H. - On Hold Shelf"
https://catalog.saclibrary.org/GroupedWork/2ed49111-cc39-95ce-1e1a-0542a008dba0-eng,"The shore: a novel","Runde, Katie, 1982-",9781982180171,,"Scribner; Simon & Schuster Audio",2022,"New York",eAudiobook;Book,"Book::Arcade: FICTION Runde, K. - On Shelf,Book::Central: FICTION Runde, K. - On Shelf,Book::Belle Cooledge: FICTION Runde, K. - On Shelf"
https://catalog.saclibrary.org/GroupedWork/32b5ce60-1f0f-ef8e-cf2d-93bf275d400f-eng,"The corrections","Franzen, Jonathan",9781250824028,,"Simon & Schuster Audio; Farrar, Straus and Giroux; Picador/Farrar, Straus and Giroux","2001 - 2021","New York",eAudiobook;Book;eBook,"Book::Arcade: FICTION Franzen, J. - Checked Out,Book::Central: FICTION Franzen, J. - On Hold Shelf,Book::McClatchy: FICTION Franzen, J. - Checked Out"
https://catalog.saclibrary.org/GroupedWork/6fb65924-a2ae-42f0-ae8b-cf27e4f85e2c-eng,"Arturo's island: a novel","Morante, Elsa, 1912-1985",9781631493294,,"Highbridge Company; Liveright; Liveright Publishing Corporation, a division of W.W. Norton & Company",2019,"New York",eBook;Book;eAudiobook,"Book::Carmichael: FICTION Morante, E. - On Shelf,Book::Central: FICTION Morante, E. - On Shelf,Book::Franklin: FICTION Morante, E. - On Shelf"
https://catalog.saclibrary.org/GroupedWork/70194754-b38c-1ab0-55ae-a28d440095f6-eng,"The possibilities","Hemmings, Kaui Hart",9781476725796,,"Simon & Schuster Audio; Simon & Schuster",2014,"New York",Book;eAudiobook,"Book::Central: FICTION Hemmings, K. - On Shelf,Book::Southgate: FICTION Hemmings, K. - On Shelf,Book::Folsom Adult: FICTION Hemmings, K. - On Shelf"
https://catalog.saclibrary.org/GroupedWork/122b7f88-b1a2-2772-c4c0-cb640bc8b85c-eng,"Stay up with Hugo Best: a novel","Somers, Erin",9781982102357,,"Simon & Schuster Audio; Scribner",2019,"New York",eAudiobook;Book,"Book::Central: FICTION Somers, E. - On Shelf,Book::Fair Oaks: FICTION Somers, E. - On Shelf,Book::Folsom Adult: FICTION Somers, E. - On Shelf"
https://catalog.saclibrary.org/GroupedWork/32dd4cf7-13a0-ecab-ab4e-be40799c6322-eng,"Last bus to wisdom","Doig, Ivan",9781594632020,,"Recorded Books, Inc.; Riverhead Books; Penguin Publishing Group",2015,"New York",eAudiobook;eBook;Book,"Book::Colonial Heights: FICTION Doig, I. - Checked Out,Book::Pocket-Greenhaven: FICTION Doig, I. - Checked Out,Book::Woodland Public Library: FICTION Doig, I. - In Transit"
https://catalog.saclibrary.org/GroupedWork/c80f4c13-20cf-36a1-4116-8b47eb531cde-eng,"Night theater: a novel","Paralkar, Vikram",9781948226547,,"Catapult; Highbridge Company; HighBridge",2020,"New York",eAudiobook;eBook;Book,"Book::Central: FICTION Paralkar, V. - On Shelf,Book::Rancho Cordova: FICTION Paralkar, V. - On Shelf,Book::Rio Linda: FICTION Paralkar, V. - On Shelf"
https://catalog.saclibrary.org/GroupedWork/d3d77124-9755-2cec-96b7-3f8674511318-eng,"The fall of Lisa Bellow: a novel","Perabo, Susan, 1969-",9781476761466,,"Simon & Schuster Audio; Simon & Schuster",2017,"New York",eAudiobook;Book,"Book::Central: FICTION Perabo, S. - On Shelf"
https://catalog.saclibrary.org/GroupedWork/dba0d65a-85b2-7faa-46c6-837aafb60d8b-eng,"At Briarwood School for Girls: a novel","Knight, Michael, 1969-",9780802128423,,"Recorded Books, Inc.; Atlantic Monthly Press; Grove Atlantic",2019,"New York",eBook;Book;eAudiobook,"Book::Central: FICTION Knight, M. - On Shelf"
https://catalog.saclibrary.org/GroupedWork/f957a6d0-68a4-7f6d-452b-43e44f91b74b-eng,"This thing between us","Moreno, Gus, 1985-",9780374539238,,"Farrar, Straus and Giroux; Macmillan Audio; MCD x FSG Originals / Farrar, Straus and Giroux",2021,"New York",eAudiobook;Book;eBook,"Book::Carmichael: FICTION Moreno, G. - On Hold Shelf,Book::Rancho Cordova: FICTION Moreno, G. - Checked Out"
https://catalog.saclibrary.org/GroupedWork/1a5abc35-bf5b-88fc-68a2-c50e994d52ce-eng,"City of a thousand gates: a novel","Sacks, Rebecca",9780063011472,,"HarperAudio; Harper, an imprint of HarperCollinsPublishers",2021,"New York, NY",Book;eAudiobook,"Book::Carmichael: FICTION Sacks, R. - On Shelf,Book::Central: FICTION Sacks, R. - On Shelf,Book::Elk Grove: FICTION Sacks, R. - On Shelf"
https://catalog.saclibrary.org/GroupedWork/3c2416bd-3e41-1f66-daa0-7957589481a5-eng,"The white woman on the green bicycle","Roffey, Monique",9780143119517,,"Blackstone Publishing; Penguin Books; Penguin Publishing Group",2011,"New York, N.Y",eAudiobook;Book;eBook,"Book::Central: FICTION Roffey, M. - On Shelf"
https://catalog.saclibrary.org/GroupedWork/1514e450-3e87-3f1b-cb95-822105824889-eng,Quarterlife,"Rege, Devika",9781324095491,,"Highbridge Company; Liveright Pub",2024,,Book;eAudiobook,"Book::Central: FICTION Rege, D. - On Shelf,Book::Fair Oaks: FICTION Rege, D. - On Shelf,Book::McKinley: FICTION Rege, D. - On Shelf"
https://catalog.saclibrary.org/GroupedWork/8d5ce7c7-af5c-0c58-1d03-610aec27a320-eng,"Deer season","Flanagan, Erin",9781496226815,,"Tantor Media, Inc.; University of Nebraska Press","2021 - 2022",Lincoln,Book;eAudiobook,"Book::Central: FICTION Flanagan, E. - On Shelf,Book::North Sacramento-Hagginwood: FICTION Flanagan, E. - On Shelf,Book::Rancho Cordova: FICTION Flanagan, E. - On Shelf"
https://catalog.saclibrary.org/GroupedWork/e6ea38a5-787a-72eb-91b5-5ec870ad14c0-eng,"In the shadow of the banyan","Ratner, Vaddey",9781451657715,,"Recorded Books, Inc.; Simon & Schuster Audio; Simon & Schuster",2012,"New York",eAudiobook;Book;eBook,"Book::Central: FICTION Ratner, V. - On Shelf,Book::McKinley: FICTION Ratner, V. - On Shelf,Book::South Natomas: FICTION Ratner, V. - On Shelf"
https://catalog.saclibrary.org/GroupedWork/a40ee32e-147a-5c4e-06b2-a2bfff7444b1-eng,"Embassy wife","Crouch, Katie",9780374280345,,"Dreamscape Media; Farrar, Straus and Giroux",2021,"New York",eAudiobook;Book,"Book::Central: FICTION Crouch, K. - On Shelf,Book::Fair Oaks: FICTION Crouch, K. - On Shelf,Book::Franklin: FICTION Crouch, K. - On Shelf"
https://catalog.saclibrary.org/GroupedWork/18ba22dc-f6d9-165c-04dc-729e973e8093-eng,"Dog gone, back soon","Trout, Nick",9781401310899,,"Tantor Media, Inc.; Hyperion; Tantor Media, Inc; Grand Central Publishing",2014,"New York",eAudiobook;eBook;Book,"Book::Central: FICTION Trout, N. - On Shelf"
https://catalog.saclibrary.org/GroupedWork/eae732ab-f884-4bab-2cb5-38cddfdcd358-eng,"Three souls","Chang, Janie",9780062293190,,"William Morrow Paperbacks; HarperCollins; HarperAudio; HarperCollins Canada","2013 - 2014",Toronto,eAudiobook;eBook;Book,"Book::Central: FICTION Chang, J. - On Shelf,Book::Fair Oaks: FICTION Chang, J. - On Shelf"
https://catalog.saclibrary.org/GroupedWork/13df9be5-4aaa-e059-8fe2-3874ffcc786e-eng,"The thirteenth tale","Setterfield, Diane",9780752875743,,"Simon & Schuster Audio; Atria Books; Orion",2006,"New York; London","eAudiobook;Audiobook - CD;Book;eBook","Book::Arcade: FICTION Setterfield, D. - Checked Out,Book::Central: FICTION Setterfield, D. - Checked Out,Book::Belle Cooledge: FICTION Setterfield, D. - Checked Out"
https://catalog.saclibrary.org/GroupedWork/ebd9deb4-4002-81ec-5bd6-7824d1426f17-eng,"The peacock feast","Gornick, Lisa, 1956-",9780374230548,,"Sarah Crichton Books, Farrar, Straus and Giroux; Macmillan Audio; Farrar, Straus and Giroux",2019,"New York",eBook;Book;eAudiobook,"Book::Arcade: FICTION Gornick, L. - On Shelf,Book::Central: FICTION Gornick, L. - On Shelf,Book::South Natomas: FICTION Gornick, L. - On Shelf"
https://catalog.saclibrary.org/GroupedWork/b574dcf0-6aeb-b656-5543-377ae88ed2ef-eng,"Generosity: an enhancement","Powers, Richard, 1957-",9780374161149,,"Farrar, Straus and Giroux; Macmillan Audio",2009,"New York",Book;eAudiobook,"Book::Sylvan Oaks: FICTION Powers, R. - On Shelf"
https://catalog.saclibrary.org/GroupedWork/6fa4c851-a835-dea7-6404-ab2145ed097e-eng,"The kinship of secrets: a novel","Kim, Eugenia (Eugenia SunHee)",9781328987822,,"Highbridge Company; Houghton Mifflin Harcourt; HarperCollins; Bloomsbury Publishing",2018,Boston,eBook;Book;eAudiobook,"Book::Central: FICTION Kim, E. - On Shelf,Book::Elk Grove: FICTION Kim, E. - Checked Out,Book::Fair Oaks: FICTION Kim, E. - On Shelf"
https://catalog.saclibrary.org/GroupedWork/d18ad36b-30b9-f786-10c6-db64b88d79f5-eng,"The hundred secret senses","Tan, Amy",9780143119081,,"Chivers Press; Phoenix Books, Inc.; Thorndike Press; Penguin Publishing Group; G.P. Putnam's Sons","1995 - 2006","New York; Thorndike, Me., USA; Bath, Avon, England","eAudiobook;Large Print;Book;eBook","Book::Central: FICTION Tan, A. - Checked Out,Book::Elk Grove: FICTION Tan, A. - On Shelf,Book::South Natomas: FICTION Tan, A. - On Shelf"
https://catalog.saclibrary.org/GroupedWork/d7665ab7-5fd5-1a26-3059-3384c54d37c7-eng,"The nightwatchman's occurrence book: and other comic inventions","Naipaul, V. S. (Vidiadhar Surajprasad), 1932-",9780375708336,,"Vintage International; Blackstone Publishing","2002 - 2019","New York",eAudiobook;Book,"Book::Central: FICTION Naipaul, V. - Checked Out"
https://catalog.saclibrary.org/GroupedWork/dc421f25-1a6d-ad0d-275d-7be1f9d950ea-eng,"Mr. Tall: a novella and stories","Earley, Tony, 1961-",9780316246125,,"Hachette Audio; Little, Brown and Company",2014,"New York, NY",eBook;Book;eAudiobook,"Book::Central: FICTION Earley, T. - On Shelf"
https://catalog.saclibrary.org/GroupedWork/777609bd-6be5-3ee4-c3ee-829da321190f-eng,Weight,"Winterson, Jeanette, 1959-",9781841957180,,"Canongate; Distributed by Publishers Group West; Canongate Books","2005 - 2023","New York; [Emeryville, Calif.]",eBook;Book;eAudiobook,"Book::Central: FICTION Winterson - On Shelf"
https://catalog.saclibrary.org/GroupedWork/2608e003-982e-3345-909b-00391dceed34-eng,"Rat run","Ramsay, Caro",9780727886194,,"W. F. Howes Ltd; Severn House","2016 - 2017","Sutton, Surrey, England",Book;eAudiobook,"Book::Arcade: MYSTERY Ramsay, C. - On Shelf,Book::Fair Oaks: MYSTERY Ramsay, C. - On Shelf,Book::Valley Hi-North Laguna: MYSTERY Ramsay, C. - On Shelf"
https://catalog.saclibrary.org/GroupedWork/8f259bc4-f4ad-ca46-455d-b0836f2f4e94-eng,"Avenue of mysteries","Irving, John, 1942-",9781451664164,,"Simon & Schuster Audio; Thorndike Press; Simon & Schuster",2015,"Waterville, Maine; New York; [New York]","eAudiobook;Audiobook - CD;Large Print;Book;eBook","Book::Elk Grove: FICTION Irving, J. - On Shelf,Book::North Natomas: FICTION Irving, J. - On Shelf,Book::Pocket-Greenhaven: FICTION Irving, J. - On Shelf"
https://catalog.saclibrary.org/GroupedWork/502242d9-5d26-402b-9a64-881c75fa70af-eng,"The twelve dogs of Christmas: a novel","Wiggs, Susan",9780063253513,,"HarperCollins; HarperAudio; William Morrow, an imprint of HarperCollinsPublishers",2023,"New York, NY",eAudiobook;eBook;Book,"Book::Carmichael: FICTION Wiggs, S. - Checked Out,Book::Central: FICTION Wiggs, S. - On Shelf,Book::Franklin: FICTION Wiggs, S. - On Shelf"
https://catalog.saclibrary.org/GroupedWork/10c7de83-d020-3619-e4d4-f5ed1565f1c0-eng,"Good neighbors: a novel","Langan, Sarah",9781982144371,,"Simon & Schuster Audio; Atria Books",2021,"New York",eAudiobook;Book;eBook,"Book::Central: FICTION Langan, S. - On Shelf,Book::Elk Grove: FICTION Langan, S. - On Shelf,Book::Fair Oaks: FICTION Langan, S. - On Shelf"
https://catalog.saclibrary.org/GroupedWork/2d7dbf8c-8d36-8921-286c-533ddb8aa13a-eng,"The charm bracelet","Shipman, Viola",9781250071323,,"Thomas Dunne Books/St. Martin's Press; St. Martin's Publishing Group; Macmillan Audio",2016,"New York",eAudiobook;Book;eBook,"Book::Arcade: FICTION Shipman, V. - On Shelf,Book::Carmichael: FICTION Shipman, V. - On Shelf,Book::Central: FICTION Shipman, V. - On Shelf"
https://catalog.saclibrary.org/GroupedWork/af7b3d63-5e6f-3427-ad22-d02d1cc47414-eng,"Our homesick songs: a novel","Hooper, Emma",9781501124488,,"Simon & Schuster Audio; Simon & Schuster",2018,"New York",Book;eAudiobook,"Book::Central: FICTION Hooper, E. - On Shelf,Book::North Natomas: FICTION Hooper, E. - On Shelf,Book::North Sacramento-Hagginwood: FICTION Hooper, E. - On Shelf"
https://catalog.saclibrary.org/GroupedWork/c370f5ab-0e0c-8cbe-dc19-e0c4ad6c8710-eng,"Everything inside: stories","Danticat, Edwidge, 1969-",9780525521273,,"Recorded Books, Inc.; Alfred A. Knopf; Knopf Doubleday Publishing Group",2019,"New York",eAudiobook;Book;eBook,"Book::Carmichael: FICTION Danticat, E. - On Shelf,Book::Central: FICTION Danticat, E. - On Shelf,Book::Fair Oaks: FICTION Danticat, E. - On Shelf"
https://catalog.saclibrary.org/GroupedWork/2c76ef37-8a71-e57a-2a70-d7197a6ad563-eng,"The history of love","Krauss, Nicole",9780393060348,,"Recorded Books, Inc.; W. W. Norton; W. W. Norton & Company; Recorded Books","2005 - 2006","New York; Prince Frederick, Md","Audiobook - CD;Book;eAudiobook;eBook","Book::Central: FICTION Krauss, N. - On Shelf,Book::Belle Cooledge: FICTION Krauss, N. - On Shelf,Book::McClatchy: FICTION Krauss, N. - On Shelf"
https://catalog.saclibrary.org/GroupedWork/11dcfa7d-7a0c-ae0d-637b-2c0c9dc60173-eng,"It's fine by me","Petterson, Per, 1952-",9781555976262,,"Dreamscape Media; Graywolf Press",2012,"Minneapolis, Minn",Book;eAudiobook,"Book::Central: FICTION Petterson, P. - On Shelf"
https://catalog.saclibrary.org/GroupedWork/a60afaa1-e02c-0942-43c1-3f38a13a544d-eng,"The lover's dictionary","Levithan, David",9781250002358,,"Picador USA; HarperCollins Publishers","2011 - 2012","New York",eAudiobook;Book,"Book::Central: FICTION Levithan, D. - On Shelf,Book::Orangevale: FICTION Levithan, D. - On Shelf"
https://catalog.saclibrary.org/GroupedWork/01d5afb3-306f-59ab-9d60-010e442f7181-eng,"The ones we keep","Huff, Bobbie Jean",9781728239057,,"Sourcebooks Inc; Sourcebooks; Sourcebooks Landmark; Blackstone Publishing",2022,"Naperville, Illinois",eBook;Book;eAudiobook,"Book::Carmichael: FICTION Huff, B. - On Shelf,Book::Central: FICTION Huff, B. - On Shelf,Book::South Natomas: FICTION Huff, B. - On Shelf"
https://catalog.saclibrary.org/GroupedWork/279e7f9c-fe16-539c-c504-0bd9fdd6f205-eng,"The lost girls of camp forevermore","Fu, Kim",9780544098268,,"Houghton Mifflin Harcourt; Blackstone Publishing",2018,Boston,eAudiobook;eBook;Book,"Book::Arcade: FICTION Fu, K. - Checked Out,Book::Carmichael: FICTION Fu, K. - On Shelf,Book::Central: FICTION Fu, K. - On Shelf"
https://catalog.saclibrary.org/GroupedWork/e168a467-5bc0-2a17-221a-8e98ff79b262-eng,"Lola in the mirror","Dalton, Trent",9780063414747,,"HarperCollins; Harper Perennial; HarperAudio",2024,"New York",eBook;Book;eAudiobook,"Book::Central: FICTION Dalton, T. - On Shelf,Book::Belle Cooledge: FICTION Dalton, T. - On Shelf,Book::South Natomas: FICTION Dalton, T. - On Shelf"
https://catalog.saclibrary.org/GroupedWork/069d7765-6f7c-ad90-99cc-15d22e747a0b-eng,"Sing to it","Hempel, Amy",9781982109110,,"Simon & Schuster Audio; Scribner",2019,"New York",eAudiobook;Book,"Book::Franklin: FICTION Hempel, A. - On Shelf,Book::Rio Linda: FICTION Hempel, A. - On Shelf"
https://catalog.saclibrary.org/GroupedWork/1a0e7804-73f9-c460-5bac-7ea0d1462538-eng,"Human blues: a novel","Albert, Elisa, 1978-",9781982167868,,"Simon & Schuster Audio; Avid Reader Press, an imprint of Simon & Schuster, Inc; Avid Reader Press / Simon & Schuster",2022,"New York",eBook;Book;eAudiobook,"Book::Arden-Dimick: FICTION Albert, E. - Checked Out,Book::Central: FICTION Albert, E. - On Shelf,Book::North Natomas: FICTION Albert, E. - On Shelf"
https://catalog.saclibrary.org/GroupedWork/09eac9a5-5bb1-01f2-f215-5b27516b4da2-eng,"Actress: a novel","Enright, Anne, 1962-",9781324005629,,"Recorded Books, Inc.; W.W. Norton & Company",2020,"New York, NY",eAudiobook;Book,"Book::Carmichael: FICTION Enright, A. - On Shelf,Book::Central: FICTION Enright, A. - On Shelf,Book::Belle Cooledge: FICTION Enright, A. - On Shelf"
https://catalog.saclibrary.org/GroupedWork/76131ff1-de44-fead-d5f7-0ccf507b29aa-eng,"Honestly, we meant well","Ginder, Grant",9781250143150,,"Macmillan Audio; Flatiron Books","2019 - 2024","New York",eAudiobook;eBook;Book,"Book::Central: FICTION Ginder, G. - On Shelf,Book::North Natomas: FICTION Ginder, G. - On Shelf,Book::Southgate: FICTION Ginder, G. - On Shelf"
https://catalog.saclibrary.org/GroupedWork/6006cdfb-9ef1-af7f-5518-446f44e905d1-eng,"How the light gets in: a novel","Maynard, Joyce, 1953-",9780062398307,,"HarperCollins; HarperAudio; William Morrow, an imprint of HarperCollinsPublishers",2024,"New York, NY",eAudiobook;eBook;Book,"Book::Central: FICTION Maynard, J. - On Shelf,Book::Belle Cooledge: FICTION Maynard, J. - On Shelf,Book::Elk Grove: FICTION Maynard, J. - On Shelf"
https://catalog.saclibrary.org/GroupedWork/c0ab1225-2e79-6c5a-4c42-34efbbac912e-eng,"A shot in the dark","Truss, Lynne",9781635570557,,"W. F. Howes Ltd; Bloomsbury; Bloomsbury Publishing",2018,"New York",eBook;Book;eAudiobook,"Book::Carmichael: MYSTERY Truss, L. - On Shelf,Book::Central: MYSTERY Truss, L. - On Shelf,Book::Belle Cooledge: MYSTERY Truss, L. - On Shelf"
https://catalog.saclibrary.org/GroupedWork/ac4eba34-803c-d648-6789-fccbf52cdba9-eng,"The last house on the street","Chamberlain, Diane, 1950-",9781250267962,,"St. Martin's Press; St. Martin's Publishing Group; Macmillan Audio",2022,"New York",eAudiobook;Book;eBook,"Book::Arcade: FICTION Chamberlain, D. - On Shelf,Book::Carmichael: FICTION Chamberlain, D. - On Shelf,Book::Central: FICTION Chamberlain, D. - On Shelf"
https://catalog.saclibrary.org/GroupedWork/d097e55f-3782-00f8-825a-e391521f9db0-eng,"Our best intentions: a novel","Jain, Vibhuti",9780063278783,,"HarperCollins; HarperAudio; William Morrow, an imprint of HarperCollinsPublishers",2023,"New York, NY",eAudiobook;eBook;Book,"Book::Central: FICTION Jain, V. - On Shelf,Book::Belle Cooledge: FICTION Jain, V. - On Shelf,Book::South Natomas: FICTION Jain, V. - On Shelf"
https://catalog.saclibrary.org/GroupedWork/f6acd270-1510-b8d1-ea18-3ee8fe8b7b1d-eng,"The one that got away: a novel","Rixon, Charlotte",9781250285669,,"St. Martin's Press; Macmillan Audio",2023,"New York",eAudiobook;Book,"Book::Central: FICTION Rixon, C. - On Shelf,Book::Elk Grove: FICTION Rixon, C. - On Shelf,Book::Franklin: FICTION Rixon, C. - On Shelf"
https://catalog.saclibrary.org/GroupedWork/1e33b8e9-d75d-7f19-4abc-aaa919eb3e0a-eng,"The human zoo: a novel","Murray, Sabina",9780802157508,,"Grove Press; Highbridge Company; Grove Atlantic",2021,"New York",eBook;Book;eAudiobook,"Book::Central: FICTION Murray, S. - On Shelf,Book::Belle Cooledge: FICTION Murray, S. - On Shelf,Book::South Natomas: FICTION Murray, S. - On Shelf"
https://catalog.saclibrary.org/GroupedWork/1e9735b3-8ef1-947b-dc84-a092f5c58ea9-eng,"Promise me","Evans, Richard Paul",9781439150030,,"Simon & Schuster Audio; Thorndike Press; Simon & Schuster",2010,"New York; Detroit","Large Print;Book;eAudiobook","Book::Arcade: FICTION Evans, R. - On Shelf,Book::Carmichael: FICTION Evans, R. - On Shelf,Book::Central: FICTION Evans, R. - On Shelf"
https://catalog.saclibrary.org/GroupedWork/19ab4d76-0dea-b060-50a0-600464d7b1eb-eng,"The sunken cathedral: a novel","Walbert, Kate, 1961-",9781476799360,,"Scribner; Simon & Schuster Audio",2015,"New York",Book;eAudiobook,"Book::Central: FICTION Walbert, K. - On Shelf,Book::Southgate: FICTION Walbert, K. - On Shelf"
https://catalog.saclibrary.org/GroupedWork/095abbd6-ed99-d0e3-820f-3d679cba463e-eng,Kittentits,"Wilson, Holly (Writer)",9781638931089,,"Zando; Gillian Flynn Books, a Zando imprint; Books on Tape",2024,"New York",eAudiobook;Book;eBook,"Book::Arcade: FICTION Wilson, H. - On Shelf,Book::Central: FICTION Wilson, H. - On Shelf,Book::Franklin: FICTION Wilson, H. - On Shelf"
https://catalog.saclibrary.org/GroupedWork/70abadf0-a166-9902-d941-242da390ec14-eng,"The wild hunt","Seckel, Emma, 1995-",9781953534224,,"Highbridge Company; HighBridge; Tin House",2022,"Portland, Oregon",eAudiobook;Book,"Book::Central: FICTION Seckel, E. - On Shelf,Book::Rancho Cordova: FICTION Seckel, E. - On Shelf,Book::Rio Linda: FICTION Seckel, E. - On Shelf"
https://catalog.saclibrary.org/GroupedWork/4aa246be-83f8-347a-ed54-4b0e5db46519-eng,Homestead,"Moustakis, Melinda, 1982-",9781250845559,,"Macmillan Audio; Flatiron Books",2023,"New York",eAudiobook;Book;eBook,"Book::Arcade: FICTION Moustakis, M. - On Shelf,Book::Carmichael: FICTION Moustakis, M. - On Shelf,Book::Central: FICTION Moustakis, M. - On Shelf"
https://catalog.saclibrary.org/GroupedWork/99ee2f25-ceda-e8c7-b5a8-4daefda6c3e2-eng,"Fifty in reverse: a novel","Flanagan, Bill, 1955-",9781982152673,,"Tiller Press; Simon & Schuster Audio",2020,"New York",Book;eAudiobook,"Book::Central: FICTION Flanagan, B. - On Shelf,Book::Southgate: FICTION Flanagan, B. - On Shelf"
https://catalog.saclibrary.org/GroupedWork/ec2c198c-a113-439d-c5e8-011d2c4105b3-eng,"Forty rooms","Grushin, Olga, 1971-",9781101982334,,"Blackstone Publishing; Penguin Publishing Group; G.P. Putnam's Sons",2016,"New York",eAudiobook;eBook;Book,"Book::Central: FICTION Grushin, O. - On Shelf,Book::McKinley: FICTION Grushin, O. - On Shelf,Book::North Natomas: FICTION Grushin, O. - On Shelf"
https://catalog.saclibrary.org/GroupedWork/20decba9-b911-9e39-4886-fefad2b22eb1-eng,"The optimist's guide to letting go","Reichert, Amy E., 1974-",9781501154942,,"Tantor Media, Inc.; Gallery Books",2018,"New York",eBook;Book;eAudiobook,"Book::Carmichael: FICTION Reichert, A. - On Shelf,Book::Central: FICTION Reichert, A. - On Shelf"
https://catalog.saclibrary.org/GroupedWork/ea7a89ec-0a94-3329-698c-bc6de7009430-eng,"The weekend","Wood, Charlotte, 1965-",9780593086438,,"W. F. Howes Ltd.; Riverhead Books; Penguin Publishing Group; Books on Tape","2019 - 2020","New York",eAudiobook;Book;eBook,"Book::Central: FICTION Wood, C. - On Shelf,Book::McClatchy: FICTION Wood, C. - On Shelf,Book::McKinley: FICTION Wood, C. - Checked Out"
https://catalog.saclibrary.org/GroupedWork/2a2c7196-38bd-a4bb-5e77-8f9e469bf29d-eng,"Savage theories","Oloixarac, Pola",9781616957353,,"Recorded Books, Inc.; Soho Press",2017,"New York, NY",eBook;Book;eAudiobook,"Book::Central: FICTION Oloixarac, P. - On Shelf,Book::South Natomas: FICTION Oloixarac, P. - On Shelf"
https://catalog.saclibrary.org/GroupedWork/12b6c7b9-2c9f-51cc-140e-867ef7730a50-eng,"Dear Ann: a novel","Mason, Bobbie Ann",9780062986658,,"Harper Large Print, an imprint of HarperCollinsPublishers; HarperCollins; HarperAudio; Harper, an imprint of HarperCollinsPublishers; Harper",2020,"New York, NY","eAudiobook;Large Print;eBook;Book","Book::Carmichael: FICTION Mason, B. - On Shelf,Book::Central: FICTION Mason, B. - On Shelf,Book::Fair Oaks: FICTION Mason, B. - On Shelf"
https://catalog.saclibrary.org/GroupedWork/85b620b1-1620-8fdc-e29d-6d9dbb55df12-eng,"A perfect day to be alone","Aoyama, Nanae, 1983-",9781635425390,,"Tantor Media, Inc; Other Press",2025,"New York",eBook;Book;eAudiobook,"Book::Central: FICTION Aoyama, N. - On Shelf,Book::Colonial Heights: FICTION Aoyama, N. - On Shelf"
https://catalog.saclibrary.org/GroupedWork/702de0ac-3d0e-f917-6923-f87e3b02c2e8-eng,"The immortal King Rao: a novel","Vara, Vauhini, 1982-",9780393541755,,"Recorded Books, Inc.; W. W. Norton & Company; W.W. Norton & Company",2022,"New York, NY",eAudiobook;Book;eBook,"Book::Arcade: FICTION Vara, V. - On Shelf,Book::Carmichael: FICTION Vara, V. - On Shelf,Book::Central: FICTION Vara, V. - On Shelf"
https://catalog.saclibrary.org/GroupedWork/b4f6520a-1876-5d80-53ff-cb83f9e2ea4f-eng,"Terrestrial history: a novel","Reed, Joe Mungo",9781324079378,,"W. W. Norton & Company; Tantor Media, Inc; W.W. Norton & Company",2025,"New York, NY",eAudiobook;Book;eBook,"Book::Carmichael: FICTION Reed, J. - On Shelf,Book::Central: FICTION Reed, J. - On Shelf,Book::Colonial Heights: FICTION Reed, J. - On Shelf"
https://catalog.saclibrary.org/GroupedWork/79884bf1-ea64-2e2b-7a7d-b5787bc29cac-eng,"The eternal audience of one","Ngamije, Rémy",9781982164423,,"Scout Press; Simon & Schuster Audio",2021,"New York",Book;eAudiobook,"Book::Central: FICTION Ngamije, R. - On Shelf,Book::Woodland Public Library: FICTION Ngamije, R. - On Shelf"
https://catalog.saclibrary.org/GroupedWork/085cacc0-bee3-e97d-a125-5538c7408d7d-eng,"The evening star: a novel","McMurtry, Larry",9780671685195,,"Recorded Books, Inc.; Simon & Schuster Audio; Simon & Schuster","1992 - 2016","New York",eBook;Book;eAudiobook,"Book::Central: FICTION McMurtry - Checked Out,Book::Colusa Main Branch Adult Collection: Fic - On Shelf"
https://catalog.saclibrary.org/GroupedWork/8ca35195-87c7-b993-feaf-e2676da72122-eng,"Famous in a small town","Shipman, Viola",9781525805073,,"Graydon House; Harlequin Audio; HarlequinAudio; Graydon House Books",2023,"Toronto, Ontario, Canada",eAudiobook;eBook;Book,"Book::Arcade: FICTION Shipman, V. - On Shelf,Book::Arden-Dimick: FICTION Shipman, V. - Checked Out,Book::Central: FICTION Shipman, V. - On Shelf"
https://catalog.saclibrary.org/GroupedWork/9ed454ee-43de-d783-beac-2d6bb9724805-eng,"Beren and Lúthien","Tolkien, J. R. R. (John Ronald Reuel), 1892-1973",9781328791825,,"Houghton Mifflin Harcourt; HarperCollins; HarperCollins Publishers","2017 - 2020",Boston,eBook;Book;eAudiobook,"Book::Fair Oaks: FICTION Tolkien, J. - On Shelf,Book::South Natomas: FICTION Tolkien, J. - On Shelf,Book::North Natomas: FICTION Tolkien, J. - On Shelf"
https://catalog.saclibrary.org/GroupedWork/153cb10e-9966-7184-8bc6-13141c601cf6-eng,"The burning world: a novel","Marion, Isaac, 1981-",9781476799711,,"Simon & Schuster Audio; Emily Bestler Books/Atria; Atria/Emily Bestler Books",2017,"New York",eAudiobook;Book;eBook,"Book::Central: FICTION Marion, I. - On Shelf,Book::Southgate: FICTION Marion, I. - On Shelf"
https://catalog.saclibrary.org/GroupedWork/3fcf27db-00c2-cc38-4005-7ecfd43487ad-eng,"The sisters Chase","Healy, Sarah, 1977-",9780544960077,,"Blackstone Audio; Houghton Mifflin Harcourt; Blackstone Publishing; Mariner Books",2017,"[Ashland, Oregon]; Boston","eAudiobook;Audiobook - CD;eBook;Book","Book::Carmichael: FICTION Healy, S. - On Shelf,Book::Central: FICTION Healy, S. - On Shelf,Book::North Natomas: FICTION Healy, S. - On Shelf"
https://catalog.saclibrary.org/GroupedWork/b418e2ec-f1fb-1e26-f512-37054070a89f-eng,"The bone fire","Dragomán, György, 1973-",9780544527201,,"Mariner Books, Houghton Mifflin Harcourt; HarperCollins; HarperAudio",2021,Boston,eAudiobook;Book,
https://catalog.saclibrary.org/GroupedWork/a62229ca-88c5-70fd-3072-5718ba906d86-eng,"The burning girl","Messud, Claire, 1966-",9780393635027,,"Thorndike Press, a part of Gale, a Cengage Company; Recorded Books, Inc.; W. W. Norton & Company",2017,"Waterville, Maine; New York","Large Print;Book;eAudiobook","Book::Arcade: FICTION Messud, C. - On Shelf,Book::Central: FICTION Messud, C. - On Shelf,Book::Belle Cooledge: FICTION Messud, C. - On Shelf"
https://catalog.saclibrary.org/GroupedWork/3e78f6cc-eaeb-8256-cfc5-c7dcd1fd3608-eng,"Bowl of cherries: a novel","Kaufman, Millard",9781932416831,,"McSweeney's Books; Blackstone Publishing; Grove Atlantic","2007 - 2008","San Francisco",eBook;Book;eAudiobook,"Book::South Natomas: FICTION Kaufman, M. - OFF CAMPUS,Book::Southgate: FICTION Kaufman, M. - On Shelf"
https://catalog.saclibrary.org/GroupedWork/2c42dbd0-86c8-1321-d71f-6e974ae9065a-eng,"I hear your voice","Kim, Young-ha, 1968-",9780544324473,,"Mariner Books, Houghton Mifflin Harcourt; Highbridge Company; Mariner Books",2017,Boston,eBook;Book;eAudiobook,"Book::Central: FICTION Kim, Y. - On Shelf,Book::South Natomas: FICTION Kim, Y. - On Shelf,Book::Pocket-Greenhaven: FICTION Kim, Y. - On Shelf"
https://catalog.saclibrary.org/GroupedWork/861eadc3-ab02-3eff-96da-69e877f73bea-eng,"The Bird sisters: a novel","Rasmussen, Rebecca",9780307717962,,"Crown Publishers; Tantor Media, Inc.; Crown","2011 - 2012","New York",eBook;Book;eAudiobook,
https://catalog.saclibrary.org/GroupedWork/729e2d29-b461-591e-c560-7a258d3169d7-eng,"A shining","Fosse, Jon, 1959-",9781945492778,,"Transit Books","2023 - 2024","Berkeley, CA",eBook;Book;eAudiobook,"Book::Central: FICTION Fosse, J. - On Shelf,Book::South Natomas: FICTION Fosse, J. - On Shelf,Book::North Natomas: FICTION Fosse, J. - On Shelf"
https://catalog.saclibrary.org/GroupedWork/7a2638be-d662-f364-950f-61a9d07272de-eng,"Secrets of happiness: a novel","Silber, Joan",9781640094451,,"Counterpoint; Recorded Books, Inc.; Catapult",2021,"Berkeley, California",eAudiobook;Book;eBook,"Book::Central: FICTION Silber, J. - On Shelf,Book::Fair Oaks: FICTION Silber, J. - On Shelf,Book::North Natomas: FICTION Silber, J. - On Shelf"
https://catalog.saclibrary.org/GroupedWork/1c89b3de-b8e8-49f7-79eb-633ffc4117d0-eng,"Everything I don't remember","Khemiri, Jonas Hassen, 1978-",9781471155086,,"Simon & Schuster Audio; Atria Books",2016,"New York",eAudiobook;Book;eBook,"Book::Franklin: FICTION Khemiri, J. - On Shelf"
https://catalog.saclibrary.org/GroupedWork/bf0e30db-5c60-8f77-68a2-808da475c872-eng,"The anatomy of desire: a novel","Dorn, L. R",9780063041929,,"William Morrow; HarperCollins; HarperAudio; William Morrow, an imprint of HarperCollinsPublishers",2021,"[New York]",eAudiobook;eBook;Book,"Book::Arcade: FICTION Dorn, L. - On Shelf,Book::Carmichael: FICTION Dorn, L. - On Shelf,Book::Central: FICTION Dorn, L. - On Shelf"
https://catalog.saclibrary.org/GroupedWork/db7d554b-5717-8c86-a599-09e010a42906-eng,"The shades: a novel","Citkowitz, Evgenia, 1962-",9780393254129,,"W.W. Norton & Company; Highbridge Company",2018,"New York",Book;eAudiobook,"Book::Arcade: FICTION Citkowitz, E. - On Shelf,Book::Central: FICTION Citkowitz, E. - On Shelf"
https://catalog.saclibrary.org/GroupedWork/8a39fb6c-8cb4-db89-6c14-a3e38370616a-eng,"Heads of the colored people: stories","Thompson-Spires, Nafissa",9781501167997,,"Highbridge Company; S&S/37 Ink; HighBridge; 37 INK, Atria",2018,"New York",eAudiobook;Book;eBook,"Book::Central: FICTION Thompson-Spires, N. - On Shelf,Book::South Natomas: FICTION Thompson-Spires, N. - On Shelf"
https://catalog.saclibrary.org/GroupedWork/5cb9849c-02cc-24c0-0763-84adeecdb0a4-eng,"Learning to speak southern","Cook, Lindsey Rogers",9781728205403,,"Tantor Media, Inc.; Sourcebooks Inc; Tantor Media, Inc; Sourcebooks; Sourcebooks Landmark",2021,"Naperville, Illinois",eAudiobook;eBook;Book,"Book::Central: FICTION Cook, L. - On Shelf,Book::Elk Grove: FICTION Cook, L. - On Shelf,Book::Franklin: FICTION Cook, L. - On Shelf"
https://catalog.saclibrary.org/GroupedWork/121a6c03-3157-eb95-39fa-e64f1fde4548-eng,Boomer1,"Torday, Daniel",9781250191793,,"Macmillan Audio; St. Martin's Press; St. Martin's Publishing Group",2018,"New York",eAudiobook;eBook;Book,"Book::Carmichael: FICTION Torday, D. - On Shelf,Book::Sylvan Oaks: FICTION Torday, D. - On Shelf"
https://catalog.saclibrary.org/GroupedWork/6218d8e5-3803-156f-01cd-870df70281ae-eng,"Dancing with the tiger","Wright, Lili, 1963-",9780399175176,,"Published by G.P. Putnam's Sons, an imprint of Penguin Random House; Dreamscape Media; Penguin Publishing Group",2016,"New York",eAudiobook;Book;eBook,"Book::Arcade: FICTION Wright, L. - On Shelf,Book::Central: FICTION Wright, L. - On Shelf,Book::Belle Cooledge: FICTION Wright, L. - On Shelf"
https://catalog.saclibrary.org/GroupedWork/d5d83bb2-a4b9-2ea1-dd9d-de166d00d8e1-eng,"Terrace story: a novel","Leichter, Hilary",9780063265813,,"Ecco, an imprint of HarperCollinsPublishers; HarperCollins; HarperAudio",2023,"New York, NY",eAudiobook;eBook;Book,"Book::Central: FICTION Leichter, H. - On Shelf,Book::Fair Oaks: FICTION Leichter, H. - On Shelf,Book::Galt: FICTION Leichter, H. - On Shelf"
https://catalog.saclibrary.org/GroupedWork/b35b7869-2ab3-32c1-a31e-da7fdf98b8ac-eng,"Collected stories","Bellow, Saul",9780143107255,,"Viking; Blackstone Publishing; Penguin Books","2001 - 2020","New York; New York, New York",Book;eAudiobook,"Book::Central: FICTION Bellow, S. - On Shelf,Book::North Natomas: FICTION Bellow, S. - On Shelf"
https://catalog.saclibrary.org/GroupedWork/53e9654f-f4d0-731d-0248-44051857325a-eng,"The glass lake","Binchy, Maeve",9780385341769,,"Recorded Books, Inc.; Delta Trade Paperbacks; Delacorte Press; Random House Publishing Group","1995 - 2015","New York",eAudiobook;eBook;Book,
https://catalog.saclibrary.org/GroupedWork/a0ed0246-d5ab-fbbf-c680-5772c4e8643b-eng,"The thing in the snow: a novel","Adams, Sean (Novelist)",9780063257757,,"HarperCollins; HarperAudio; William Morrow, an imprint of HarperCollinsPublishers",2023,"New York, NY",eAudiobook;eBook;Book,"Book::Central: FICTION Adams, S. - On Shelf,Book::Fair Oaks: FICTION Adams, S. - On Shelf,Book::North Natomas: FICTION Adams, S. - On Shelf"
https://catalog.saclibrary.org/GroupedWork/8e4e1342-48b0-ebb1-89d0-b8bf3d2c2dbd-eng,"The color of Bee Larkham's murder","Harris, Sarah J., 1971-",9781501187902,,"Touchstone; Simon & Schuster Audio",2018,"New York",eAudiobook;Book,"Book::Central: FICTION Harris, S. - On Shelf,Book::Belle Cooledge: FICTION Harris, S. - On Shelf,Book::Fair Oaks: FICTION Harris, S. - On Shelf"
https://catalog.saclibrary.org/GroupedWork/2d920d18-ec32-f4ab-b5c7-c8728b80cb04-eng,"The lost girls of Willowbrook","Wiseman, Ellen Marie",9781496715883,,"Recorded Books, Inc.; W. F. Howes Ltd; Kensington Publishing Corp; Kensington Books",2022,"New York, NY",eAudiobook;eBook;Book,"Book::Central: FICTION Wiseman, E. - On Shelf,Book::North Natomas: FICTION Wiseman, E. - On Shelf,Book::Orangevale: FICTION Wiseman, E. - On Shelf"
https://catalog.saclibrary.org/GroupedWork/074a4850-26e6-8d14-1909-33a2a88eba53-eng,"Redemption Mountain: a novel","FitzGerald, Gerry, 1949-",9780805094893,,"Henry Holt and Co; Henry Holt and Co.; Blackstone Publishing",2013,"New York",eBook;Book;eAudiobook,"Book::Central: FICTION FitzGerald, G. - On Shelf,Book::Franklin: FICTION FitzGerald, G. - On Shelf,Book::North Sacramento-Hagginwood: FICTION FitzGerald, G. - On Shelf"
https://catalog.saclibrary.org/GroupedWork/d1d4e9f6-2586-de9f-9027-72a42186c552-eng,"The animals: a novel","Kiefer, Christian, 1971-",9780871408839,,"Recorded Books, Inc.; Liveright Publishing Corporation, a Division of W. W. Norton & Company",2015,"New York",eAudiobook;Book,"Book::Carmichael: FICTION Kiefer, C. - On Shelf,Book::Central: FICTION Kiefer, C. - On Shelf"
https://catalog.saclibrary.org/GroupedWork/bc94c48e-da1f-2c4a-3793-dfa6f57cac87-eng,"Other names for love","Soomro, Taymour",9780374604646,,"Farrar, Straus and Giroux; Macmillan Audio",2022,"New York",eAudiobook;Book,"Book::Arcade: FICTION Soomro, T. - On Shelf,Book::Central: FICTION Soomro, T. - On Shelf,Book::Belle Cooledge: FICTION Soomro, T. - On Shelf"
https://catalog.saclibrary.org/GroupedWork/c1c2beb3-a407-f646-4d51-7ee9544cbb3e-eng,"Last Christmas in Paris: a novel of World War I","Gaynor, Hazel",9780062562685,,"HarperCollins; William Morrow, an imprint of HaperCollinPublishers; HarperAudio",2017,"New York, NY",eAudiobook;eBook;Book,"Book::Sylvan Oaks: FICTION Gaynor, H. - On Shelf,Book::Valley Hi-North Laguna: FICTION Gaynor, H. - Checked Out,Book::Woodland Public Library: FICTION Gaynor, H. - On Shelf"
https://catalog.saclibrary.org/GroupedWork/6ed14f4b-23c8-0d75-c980-97a0db175cc3-eng,"The moon sisters: a novel","Walsh, Therese",9780307461605,,"Crown Publishers; Crown/Archetype; Blackstone Publishing","2014 - 2019","New York",eBook;Book;eAudiobook,"Book::Central: FICTION Walsh, T. - On Shelf,Book::Franklin: FICTION Walsh, T. - On Shelf"
https://catalog.saclibrary.org/GroupedWork/27945a88-f6a3-0600-ca90-b8d1c75a0a33-eng,"The child in time","McEwan, Ian",9780385497527,,"Recorded Books, Inc.; Anchor Books; RosettaBooks","1999 - 2016","New York",eBook;Book;eAudiobook,"Book::Central: FICTION McEwan, I. - Checked Out,Book::Fair Oaks: FICTION McEwan, I. - On Shelf,Book::Rancho Cordova: FICTION McEwan, I. - On Shelf"
https://catalog.saclibrary.org/GroupedWork/3988fdbc-aa85-2032-1a47-6fd6eee8a8ee-eng,"The Union Street Bakery","Taylor, Mary Ellen",9780425259696,,"Tantor Media, Inc.; Tantor Media, Inc; Penguin Publishing Group; Berkley Books","2013 - 2014","New York",eAudiobook;Book;eBook,"Book::Rancho Cordova: FICTION Taylor, M. - On Shelf"
https://catalog.saclibrary.org/GroupedWork/7d9bfcbc-eb4b-f8cf-f9b7-5af3016cd39c-eng,"Sisters of heart and snow","Dilloway, Margaret",9780399170805,,"Recorded Books, Inc.; G. P. Putnams Sons",2015,"New York",Book;eAudiobook,"Book::Central: FICTION Dilloway, M. - On Shelf,Book::Fair Oaks: FICTION Dilloway, M. - On Shelf,Book::South Natomas: FICTION Dilloway, M. - On Shelf"
https://catalog.saclibrary.org/GroupedWork/e8d24038-a26a-5910-dc98-bbc00dd4a33f-eng,"The dream builders: a novel","Mukherjee, Oindrila",9781953534637,,"Tin House; Blackstone Publishing",2023,"Portland, Oregon",eAudiobook;Book,"Book::Central: FICTION Mukherjee, O. - On Shelf,Book::Franklin: FICTION Mukherjee, O. - On Shelf,Book::Pocket-Greenhaven: FICTION Mukherjee, O. - On Shelf"
https://catalog.saclibrary.org/GroupedWork/75fa140d-99bf-2d9a-5ad2-e2cf7d23c9ba-eng,"Odysseus abroad","Chaudhuri, Amit, 1962-",9781101874516,,"Alfred A. Knopf; Dreamscape Media",2015,"New York",Book;eAudiobook,"Book::Central: FICTION Chaudhuri, A. - On Shelf"
https://catalog.saclibrary.org/GroupedWork/8d9f94e7-0d33-bb99-2fd6-6e504fc463e5-eng,"Gone to the wolves","Wray, John, 1971-",9780374603335,,"Farrar, Straus and Giroux; Dreamscape Media",2023,"New York",eAudiobook;Book,"Book::Central: FICTION Wray, J. - On Shelf,Book::South Natomas: FICTION Wray, J. - On Shelf,Book::Orangevale: FICTION Wray, J. - On Shelf"
https://catalog.saclibrary.org/GroupedWork/fdce455a-eacd-cc4a-0fc0-dc2ac9998240-eng,"The Hole We're In","Zevin, Gabrielle",9780802161307,,"Grove Press; Highbridge Company; Black Cat; HighBridge; Grove Atlantic","2010 - 2023","Berkeley, CA",eAudiobook;eBook;Book,
https://catalog.saclibrary.org/GroupedWork/9e3ae3cb-4119-caf6-e7f2-7ecab95a8fa1-eng,"Celestial bodies: a novel","Alharthi, Jokha",9781948226943,,"Catapult; Tantor Media, Inc.; W. F. Howes Ltd; Tantor Media, Inc",2019,"New York",eAudiobook;eBook;Book,"Book::Arcade: FICTION Harithi, J. - On Shelf,Book::Central: FICTION Harithi, J. - On Shelf,Book::Rancho Cordova: FICTION Harithi, J. - Checked Out"
https://catalog.saclibrary.org/GroupedWork/fdd7d489-2d0b-b66f-1b6a-ced662daae4d-eng,"Light from a distant star: a novel","Morris, Mary McGarry",9780307451866,,"Crown; Blackstone Publishing","2011 - 2012","New York",Book;eAudiobook,"Book::Central: FICTION Morris, M. - On Shelf,Book::Folsom Adult: FICTION Morris, M. - On Shelf"
https://catalog.saclibrary.org/GroupedWork/16c66ea2-40b5-e581-e067-e5e3aace3188-eng,"Improvement: a novel","Silber, Joan",9781619029606,,"Counterpoint; Catapult; Blackstone Publishing","2017 - 2018","Berkeley, California",eAudiobook;Book;eBook,"Book::Del Paso Heights: FICTION Silber, J. - Checked Out"
https://catalog.saclibrary.org/GroupedWork/6f5bb470-3781-86ad-a9d8-aca2f3caa772-eng,"Instructions for a funeral: stories","Means, David, 1961-",9780374279813,,"Farrar, Straus and Giroux; Macmillan Audio",2019,"New York",eAudiobook;Book,"Book::Central: FICTION Means, D. - On Shelf,Book::Rancho Cordova: FICTION Means, D. - On Shelf,Book::Rio Linda: FICTION Means, D. - On Shelf"
https://catalog.saclibrary.org/GroupedWork/bd0fa5fa-7c5b-f70d-64bf-beb986e6389a-eng,"The enchanted hacienda","Cervantes, J. C. (Jennifer C.)",9780778334057,,"HarlequinAudio; Harlequin Audio; Park Row Books",2023,"Toronto, Ontario, Canada",eAudiobook;eBook;Book,"Book::Central: FICTION Cervantes, J. - On Shelf,Book::Fair Oaks: FICTION Cervantes, J. - On Shelf,Book::Franklin: FICTION Cervantes, J. - On Shelf"
https://catalog.saclibrary.org/GroupedWork/9e1c17e2-e2e9-85bb-bc67-fa752e14306c-eng,"Mulberry moon","Anderson, Catherine (Adeline Catherine)",9780451488022,,"Recorded Books, Inc.; Jove; Penguin Publishing Group",2017,"New York",eBook;Book;eAudiobook,
https://catalog.saclibrary.org/GroupedWork/95dd7f4f-673a-b3c6-8142-1b8c82fe8d47-eng,"Lace weaver","Chater, Lauren",9781925596359,,"W. F. Howes Ltd; Simon & Schuster","2018 - 2019",London,Book;eAudiobook,"Book::Central: FICTION Chater, L. - On Shelf"
https://catalog.saclibrary.org/GroupedWork/43a6e748-5280-3f13-6210-2b0c1b92976d-eng,"The love scribe","Meyerson, Amy",9780778387084,,"Harlequin Audio; Park Row Books; HarlequinAudio",2023,"Toronto, Ontario, Canada",eAudiobook;eBook;Book,"Book::Central: FICTION Meyerson, A. - On Shelf,Book::Colonial Heights: FICTION Meyerson, A. - On Shelf,Book::Elk Grove: FICTION Meyerson, A. - Checked Out"
https://catalog.saclibrary.org/GroupedWork/60b08013-2699-de2e-c97d-429485eec943-eng,"Bound: a novel","Nelson, Antonya",9781596915756,,"Tantor Media, Inc.; Tantor Media, Inc; Bloomsbury; Bloomsbury Publishing",2010,"New York",eAudiobook;Book;eBook,"Book::Central: FICTION Nelson, A. - On Shelf"
https://catalog.saclibrary.org/GroupedWork/011a04f6-98e3-3298-9a87-373eabcf81f4-eng,"The listener: a novel","Nayman, Shira, 1960-",9780743292825,,"Recorded Books, Inc.; Scribner",2010,"New York",Book;eAudiobook,"Book::South Natomas: FICTION Nayman, S. - On Shelf"
https://catalog.saclibrary.org/GroupedWork/d969843e-35e8-c39a-2ffa-c47711b97653-eng,"Always the first to die","Jacobs, R. J",9781728254074,,"Sourcebooks Inc; Dreamscape Media; Sourcebooks; Sourcebooks Landmark",2022,"Naperville, Illinois",eAudiobook;eBook;Book,"Book::Carmichael: FICTION Jacobs, R. - On Shelf,Book::Central: FICTION Jacobs, R. - On Shelf,Book::North Natomas: FICTION Jacobs, R. - On Shelf"
https://catalog.saclibrary.org/GroupedWork/11b3cc53-ad51-1c66-b8c3-a44c7f43d08e-eng,"We need to talk about Kevin: a novel","Shriver, Lionel",9780061124297,,"Catapult; HarperCollins; Harper Perennial; HarperAudio","2006 - 2011","New York",eAudiobook;eBook;Book,
https://catalog.saclibrary.org/GroupedWork/cce16a0a-f111-e102-b8cb-09774294189c-eng,"Night train: a novel","Amis, Martin",9780609601280,,"Tantor Media, Inc.; Knopf Doubleday Publishing Group; Harmony Books; Phoenix Books, Inc.","1997 - 2024","New York",eBook;Book;eAudiobook,
https://catalog.saclibrary.org/GroupedWork/532bab15-4ec2-27d9-c9f5-068102ff38aa-eng,Sweetgirl,"Mulhauser, Travis, 1976-",9780062400826,,"HarperCollins; HarperAudio; Ecco; Ecco, an imprint of HarperCollins Publishers",2016,"New York, NY",eBook;Book;eAudiobook,"Book::Valley Hi-North Laguna: FICTION Mulhauser, T. - On Shelf"
https://catalog.saclibrary.org/GroupedWork/578c0d10-0247-9e7e-2496-b5f2e61a8be9-eng,"The melting season","Attenberg, Jami",9781594488962,,"Blackstone Publishing; Riverhead Books","2010 - 2019","New York",eAudiobook;Book,"Book::Sylvan Oaks: FICTION Attenberg, J. - On Shelf"
https://catalog.saclibrary.org/GroupedWork/ee2a5466-4039-c9b1-c771-6f2eb5906cbd-eng,"The doll funeral: a novel","Hamer, Kate",9781612196657,,"Highbridge Company; Melville House; HighBridge",2017,Brooklyn,eAudiobook;Book;eBook,"Book::Arcade: FICTION Hamer, K. - On Shelf,Book::Central: FICTION Hamer, K. - On Shelf,Book::Elk Grove: FICTION Hamer, K. - On Shelf"
https://catalog.saclibrary.org/GroupedWork/7ce4ab7a-a962-e968-3861-5db92b8090dd-eng,"As close to us as breathing: a novel","Poliner, Elizabeth",9780316384148,,"Lee Boudreaux Books; Hachette Audio; Little, Brown and Company",2016,"New York",eAudiobook;eBook;Book,"Book::South Natomas: FICTION Poliner, E. - On Shelf,Book::Sylvan Oaks: FICTION Poliner, E. - Checked Out,Book::Woodland Public Library: FICTION Poliner, E. - On Shelf"
https://catalog.saclibrary.org/GroupedWork/cbe3ad70-ba4c-7314-e3ce-a31ce587ea6b-eng,"The waiter","Faldbakken, Matias, 1973-",9781501197529,,"Simon & Schuster Audio; Scout Press",2018,"New York",eAudiobook;Book,"Book::Arcade: FICTION Faldbakken, M. - On Shelf,Book::Central: FICTION Faldbakken, M. - On Shelf,Book::Folsom Adult: FICTION Faldbakken, M. - On Shelf"
https://catalog.saclibrary.org/GroupedWork/510e8585-e7c8-88f5-1c04-90644afdbd79-eng,"Hayley Aldridge is still here: a novel","Sloan, Elissa R",9780063225527,,"HarperCollins; HarperAudio; William Morrow, an imprint of HarperCollinsPublishers",2023,"New York, NY",eAudiobook;eBook;Book,"Book::Arcade: FICTION Sloan, E. - On Shelf,Book::Central: FICTION Sloan, E. - On Shelf,Book::South Natomas: FICTION Sloan, E. - On Shelf"
https://catalog.saclibrary.org/GroupedWork/3ce664f2-bdb3-945f-0ce4-944026cf6e8e-eng,"The last dream","Almodóvar, Pedro",9780063349766,,"HarperCollins; HarperAudio; HarperVia, an imprint of HarperCollins Publishers",2024,"New York, NY",eBook;Book;eAudiobook,"Book::Central: FICTION Almodovar, P. - On Shelf,Book::Pocket-Greenhaven: FICTION Almodovar, P. - On Shelf,Book::Sylvan Oaks: FICTION Almodovar, P. - On Shelf"
https://catalog.saclibrary.org/GroupedWork/cdc209c7-5111-4ba0-e99c-94941da24155-eng,"The Matisse stories","Byatt, A. S. (Antonia Susan), 1936-2023",9780679762232,,"Recorded Books, Inc.; Random House; Blackstone Publishing","1993 - 2018","New York",Book;eAudiobook,"Book::Central: FICTION Byatt, A. - On Shelf,Book::Courtland: FICTION Byatt, A. - On Shelf,Book::Sylvan Oaks: FICTION Byatt, A. - On Shelf"
https://catalog.saclibrary.org/GroupedWork/73e33850-77f4-afd2-5051-036a8c71b9b9-eng,"Flat water Tuesday","Irwin, Ron",9781250030030,,"Thomas Dunne Books; Macmillan Audio",2013,"New York","Audiobook - CD;Book;eAudiobook","Book::Central: FICTION Irwin, R. - On Shelf,Book::South Natomas: FICTION Irwin, R. - On Shelf"
https://catalog.saclibrary.org/GroupedWork/f580c65c-d869-c30a-3465-9853602a98b3-eng,"The hired man","Forna, Aminatta",9780802121912,,"Recorded Books, Inc.; Atlantic Monthly Press; Grove Atlantic",2013,"New York",eBook;Book;eAudiobook,"Book::Central: FICTION Forna, A. - On Shelf,Book::South Natomas: FICTION Forna, A. - On Shelf,Book::Pocket-Greenhaven: FICTION Forna, A. - On Shelf"
https://catalog.saclibrary.org/GroupedWork/75d2d2be-61e4-d76f-3212-abf5a32271e9-eng,"Sweet sorrow","Nicholls, David, 1966-",9780358274278,,"Mariner Books, Houghton Mifflin Harcourt; HarperCollins; HarperAudio",2020,Boston,eAudiobook;eBook;Book,"Book::Carmichael: FICTION Nicholls, D. - On Shelf,Book::Central: FICTION Nicholls, D. - On Shelf,Book::Belle Cooledge: FICTION Nicholls, D. - On Shelf"
https://catalog.saclibrary.org/GroupedWork/1e3250c8-ad1f-66a2-d9a7-a54c2272c974-eng,"The city son","Upadhyay, Samrat",9781616953812,,"Soho; Soho Press; Blackstone Publishing",2014,"New York, NY",eBook;Book;eAudiobook,"Book::Central: FICTION Upadhyay, S. - On Shelf"
https://catalog.saclibrary.org/GroupedWork/56d8a1d3-b4cc-998f-5a90-9bc0ad20b9bc-eng,"Eden in winter","Patterson, Richard North",9781623651473,,"Quercus; Blackstone Publishing",2014,"New York",eAudiobook;Book,"Book::Central: FICTION Patterson, R. - On Shelf,Book::South Natomas: FICTION Patterson, R. - On Shelf,Book::Rio Linda: FICTION Patterson, R. - On Shelf"
https://catalog.saclibrary.org/GroupedWork/59cd55ad-8ed3-005f-0cba-f62518b40477-eng,"Medicine walk","Wagamese, Richard",9781571311153,,"Recorded Books, Inc.; Milkweed Editions",2015,Minneapolis,eBook;Book;eAudiobook,"Book::Central: FICTION Wagamese, R. - On Shelf"
https://catalog.saclibrary.org/GroupedWork/c8bc83bc-22a4-1a68-308f-5213d4ad349c-eng,"The fortune seller: a novel","Kapelke-Dale, Rachel",9781250286130,,"St. Martin's Press; Macmillan Audio",2024,"New York",eAudiobook;Book,"Book::Arcade: FICTION Kapelke-Dale, R. - On Shelf,Book::Carmichael: FICTION Kapelke-Dale, R. - On Shelf,Book::Central: FICTION Kapelke-Dale, R. - On Shelf"
https://catalog.saclibrary.org/GroupedWork/09c0931e-499c-4015-ed6f-52b2020ffaa8-eng,"A grown-up kind of pretty","Jackson, Joshilyn",9780446582353,,"Hachette Audio; Grand Central Pub; Grand Central Publishing",2012,"New York",eAudiobook;eBook;Book,"Book::Central: FICTION Jackson, J. - On Shelf,Book::Belle Cooledge: FICTION Jackson, J. - On Shelf,Book::Courtland: FICTION Jackson, J. - On Shelf"
https://catalog.saclibrary.org/GroupedWork/547343c8-6860-82fd-71f0-389b46b3c217-eng,"Mika in real life: a novel","Jean, Emiko",9780063215689,,"HarperCollins; HarperAudio; William Morrow, an imprint of HarperCollinsPublishers",2022,"New York, NY",eAudiobook;eBook;Book,"Book::Central: FICTION Jean, E. - On Shelf,Book::Elk Grove: FICTION Jean, E. - On Shelf,Book::Fair Oaks: FICTION Jean, E. - On Shelf"
https://catalog.saclibrary.org/GroupedWork/96eff975-0edc-67ac-7c71-104d53089b37-eng,"Corpus Christi: stories","Johnston, Bret Anthony, 1971-",9781400062119,,"Recorded Books, Inc.; Random House; Random House Publishing Group","2004 - 2007","New York",eBook;Book;eAudiobook,"Book::Valley Hi-North Laguna: FICTION Johnston - On Shelf"
https://catalog.saclibrary.org/GroupedWork/2397c879-aa55-5b90-2d45-eff6affd6894-eng,"The world cannot give","Burton, Tara Isabella",9781982170066,,"Simon & Schuster Audio; Simon & Schuster",2022,"New York",Book;eAudiobook,"Book::Central: FICTION Burton, T. - On Shelf,Book::Fair Oaks: FICTION Burton, T. - On Shelf,Book::Franklin: FICTION Burton, T. - On Shelf"
https://catalog.saclibrary.org/GroupedWork/b5fb3eff-e851-cfac-96b6-43c9c8e548b6-eng,"Little scratch: a novel","Watson, Rebecca, 1995-",9780385545761,,"W. F. Howes Ltd; Books on Tape; Doubleday","2020 - 2021","New York",eAudiobook;Book,"Book::Central: FICTION Watson, R. - On Shelf,Book::Fair Oaks: FICTION Watson, R. - On Shelf,Book::Rio Linda: FICTION Watson, R. - On Shelf"
https://catalog.saclibrary.org/GroupedWork/f8cf1757-0306-51ba-dc0e-e9e3e0912123-eng,"Airman Mortensen","Blake, Michael, 1945-",9780962738777,,"Recorded Books, Inc.; Seven Wolves Publishing","1991 - 2019","Los Angeles, CA",Book;eAudiobook,"Book::Central: FICTION Blake, M. - On Shelf"
https://catalog.saclibrary.org/GroupedWork/ee774374-8b91-3903-9c09-210d2f610913-eng,"The book of everlasting things","Malhotra, Aanchal",9781250802026,,"Macmillan Audio; Flatiron Books",2022,"New York",eAudiobook;eBook;Book,"Book::Arcade: FICTION Malhotra, A. - On Shelf,Book::Carmichael: FICTION Malhotra, A. - Checked Out,Book::Central: FICTION Malhotra, A. - On Shelf"
https://catalog.saclibrary.org/GroupedWork/bc7e8e3e-da25-0ac6-1071-ba1299aebc4c-eng,"Beautiful world, where are you","Rooney, Sally",9780374602604,,"Farrar, Straus and Giroux; Macmillan Audio",2021,"New York; New York, NY","eAudiobook;Audiobook - CD;Book;eBook","Book::Carmichael: FICTION Rooney, S. - Checked Out,Book::Central: FICTION Rooney, S. - On Shelf,Book::Colonial Heights: FICTION Rooney, S. - On Shelf"
https://catalog.saclibrary.org/GroupedWork/b1f3c865-a935-2d06-73f3-c108089c3336-eng,"Cross channel","Barnes, Julian",9780679446910,,"Recorded Books, Inc.; Knopf","1996 - 2020","New York",Book;eAudiobook,"Book::Central: FICTION Barnes, J. - On Shelf"
https://catalog.saclibrary.org/GroupedWork/a451229e-406b-8eaf-8d86-f785e8457e2c-eng,"The obsoletes: a novel","Mills, Simeon",9781501198335,,"Skybound Books/Atria; Simon & Schuster Audio",2019,"New York",eAudiobook;Book,"Book::Valley Hi-North Laguna Teen Area: TEEN FICTION Mills, S. - On Shelf,Book::Sacramento Public Library Storage: TEEN FICTION Mills, S. - On Shelf"
https://catalog.saclibrary.org/GroupedWork/999eaa3c-f251-4398-fdce-ca1164e66d88-eng,"The rain heron","Arnott, Robbie, 1989-",9780374539306,,"FSG Originals, Farrar, Straus and Giroux; Macmillan Audio; W. F. Howes Ltd.","2020 - 2021","New York",eAudiobook;Book,"Book::Central: FICTION Arnott, R. - On Shelf,Book::Fair Oaks: FICTION Arnott, R. - On Shelf,Book::South Natomas: FICTION Arnott, R. - On Shelf"
https://catalog.saclibrary.org/GroupedWork/c4ebe6d0-117d-d6d6-c981-db5a5ea04d9b-eng,"Sold on a Monday","McMorris, Kristina",9781492663997,,"Thorndike Press, a part of Gale, a Cengage Company; Recorded Books, Inc.; Sourcebooks Inc; Recorded Books; Sourcebooks; Sourcebooks Landmark",2018,"Prince Frederick, Md; Naperville, Illinois; Farmington Hills, Mich","eAudiobook;Audiobook - CD;eBook;Large Print;Book","Book::Galt: FICTION McMorris, K. - Checked Out,Book::South Natomas: FICTION McMorris, K. - On Shelf,Book::Southgate: FICTION McMorris, K. - On Shelf"
https://catalog.saclibrary.org/GroupedWork/e1d89712-98f2-8369-79dd-47360d731435-eng,"All the living","Morgan, C. E., 1976-",9780374103620,,"Recorded Books, Inc.; Farrar, Straus and Giroux","2009 - 2015","New York",eBook;Book;eAudiobook,"Book::Central: FICTION Morgan, C. - On Shelf"
https://catalog.saclibrary.org/GroupedWork/c1e08669-1030-850c-705d-f748f9ed7095-eng,"Choice: a novel","Mukherjee, Neel",9781324075011,,"HighBridge; Highbridge Company; W.W. Norton & Company",2024,"New York, N.Y",eAudiobook;Book,"Book::Arcade: FICTION Mukherjee, N. - On Shelf,Book::Central: FICTION Mukherjee, N. - On Shelf,Book::North Natomas: FICTION Mukherjee, N. - Checked Out"
https://catalog.saclibrary.org/GroupedWork/9781ae50-6a53-646b-0ed8-41b01f0d262f-eng,"Ghosts of the missing","Donohoe, Kathleen",9780544557178,,"Recorded Books, Inc.; Mariner Books, Houghton Mifflin Harcourt; HarperCollins; Mariner Books",2020,Boston,eBook;Book;eAudiobook,"Book::Central: MYSTERY Donohoe, K. - On Shelf,Book::Valley Hi-North Laguna: MYSTERY Donohoe, K. - On Shelf"
https://catalog.saclibrary.org/GroupedWork/42bf4b35-ccbd-088d-95d9-4f15158eafef-eng,"A map of the world","Hamilton, Jane, 1957 July 13-",9780385473101,,"Recorded Books, Inc.; Anchor Books; Knopf Doubleday Publishing Group; Doubleday","1994 - 2015","New York",eBook;Book;eAudiobook,
https://catalog.saclibrary.org/GroupedWork/480dee1d-ba6b-b632-f077-d67c70ca599c-eng,"French windows","Laurain, Antoine",9781805333517,,"Tantor Media, Inc.; Pushkin Press","2024 - 2025",London,eBook;Book;eAudiobook,"Book::Central: MYSTERY Laurain, A. - On Shelf,Book::Colonial Heights: MYSTERY Laurain, A. - On Shelf,Book::Elk Grove: MYSTERY Laurain, A. - Checked Out"
https://catalog.saclibrary.org/GroupedWork/d22d7006-42fd-f18c-2c57-0413ce18b50e-eng,"Eighteen acres: a novel","Wallace, Nicolle",9781439194829,,"HarperCollins; HarperAudio; Atria Books",2010,"New York",eAudiobook;Book,"Book::Central: FICTION Wallace, N. - On Shelf"
https://catalog.saclibrary.org/GroupedWork/da872d25-5dab-2b8b-34fc-2d32924e58e5-eng,"The Interestings","Wolitzer, Meg",9781594488399,,"Dreamscape Media; Riverhead Books; Penguin Publishing Group",2013,"New York",eAudiobook;eBook;Book,"Book::Fair Oaks: FICTION Wolitzer, M. - Checked Out,Book::South Natomas: FICTION Wolitzer, M. - On Shelf,Book::North Sacramento-Hagginwood: FICTION Wolitzer, M. - On Shelf"
https://catalog.saclibrary.org/GroupedWork/69d1d8ee-fea0-4109-5d31-3b7142c0fd26-eng,"Parts per million: a novel","Stoops, Julia",9781942436355,,"Forest Avenue Press; Blackstone Publishing",2018,"Portland, Oregon",Book;eAudiobook,"Book::Central: FICTION Stoops, J. - On Shelf,Book::Pocket-Greenhaven: FICTION Stoops, J. - On Shelf"
https://catalog.saclibrary.org/GroupedWork/99784d6d-8c3c-0964-c7c0-f45a9b20658d-eng,"The accidental tourist","Tyler, Anne",9780394546896,,"Recorded Books, Inc.; Distributed by Random House; Knopf Doubleday Publishing Group; Knopf; Brilliance Audio","1985 - 2021","New York; Grand Haven, MI","eAudiobook;Audiobook - CD;Book;eBook",
https://catalog.saclibrary.org/GroupedWork/8cdf782a-4695-b0d5-3444-61294c6626ff-eng,"Angle of repose","Stegner, Wallace, 1909-1993",9780141185477,,"Blackstone Audio; Vintage Books, a division of Random House LLC; Blackstone Publishing; Penguin Books; Penguin Publishing Group","1992 - 2014","New York; [Ashland, OR]","eAudiobook;Audiobook - CD;Book;eBook","Book::Colonial Heights: FICTION Stegner, W. - On Shelf,Book::Belle Cooledge: FICTION Stegner, W. - On Shelf,Book::Fair Oaks: FICTION Stegner, W. - On Shelf"
https://catalog.saclibrary.org/GroupedWork/84b17b90-47d4-0790-2b6b-9f6c94583892-eng,"After me comes the flood: a novel","Perry, Sarah, 1979-",9780062666406,,"Custom House; HarperCollins; HarperAudio",2020,"New York, NY",eAudiobook;eBook;Book,"Book::Carmichael: FICTION Perry, S. - On Shelf,Book::North Sacramento-Hagginwood: FICTION Perry, S. - On Shelf,Book::Valley Hi-North Laguna: FICTION Perry, S. - On Shelf"
https://catalog.saclibrary.org/GroupedWork/1b79bd2e-8320-81d4-7022-89565bd0dfa0-eng,"Spring forward: a Mystic Creek novel","Anderson, Catherine",9780399586347,,"Recorded Books, Inc.; Jove; Penguin Publishing Group",2018,"New York",eBook;Book;eAudiobook,
https://catalog.saclibrary.org/GroupedWork/f86d60f0-acad-bb0f-e8c6-3e45fca14c13-eng,"Stone Arabia: a novel","Spiotta, Dana, 1966-",9781451617979,,"Scribner; Blackstone Publishing","2011 - 2012","New York",eAudiobook;Book,"Book::Central: FICTION Spiotta, D. - On Shelf"
https://catalog.saclibrary.org/GroupedWork/0f1bc43a-8d92-53a6-dc33-2fa76bbeaff1-eng,"The portable Veblen","McKenzie, Elizabeth, 1958-",9781594206856,,"Recorded Books, Inc.; Penguin Publishing Group; Penguin Press",2016,"New York",eBook;Book;eAudiobook,"Book::Carmichael: FICTION McKenzie, E. - On Shelf,Book::Central: FICTION McKenzie, E. - On Shelf,Book::Franklin: FICTION McKenzie, E. - On Shelf"
https://catalog.saclibrary.org/GroupedWork/5f78fda8-8eab-50cf-1a06-76ecc93f71dd-eng,"The floating girls: a novel","Patrick, Lo",9781728248752,,"Sourcebooks Inc; Sourcebooks; Sourcebooks Landmark; Blackstone Publishing","2022 - 2023","Naperville, Illinois",eAudiobook;eBook;Book,"Book::Carmichael: FICTION Patrick, L. - On Shelf,Book::Central: FICTION Patrick, L. - On Shelf,Book::South Natomas: FICTION Patrick, L. - On Shelf"
https://catalog.saclibrary.org/GroupedWork/b136eb5d-5be0-78f3-c3a6-0eab9eab0cb6-eng,"Pride and prejudice","Austen, Jane, 1775-1817",9780141040349,,"Signet Classic; Richard Bentley; Recorded Books; Penguin; Lebooks Editora; The Modern Library; Duke Classics; Blackstone Publishing; Thorndike Press; Books on Tape; Barnes & Noble Classics; Ruskin House; Xist Publishing; Blackstone Audio, Inc.; Penguin Publishing Group; Sweet Cherry Publishing; Grolier; Baker Publishing Group; Puffin Books, an imprint of Penguin Random House; Project Gutenberg; HarperCollins; George Allen; Pocket Books; Dover; Sweet Cherry Publishing Limited; Penguin Classics, an imprint of Penguin Books; Books, Inc; Penguin Audio Books; Wordsworth Editions Limited; Tantor Media, Inc; Courage Books; Random House Publishing Group; L.A. Theatre Works; Large Print Classics; Watts; Findaway Voices","1833 - 2025","New York, N.Y., USA; Waterville, Maine; New York; Los Angeles, Calif; Philadelphia, PA; Prince Frederick, Md; Columbia, SC; New York, NY; London; Ware, Hertfordshire; Leicester","eAudiobook;Audiobook - CD;eBook;Large Print;Book","Book::Arcade: FICTION Austen, J. - Checked Out,Book::Rancho Cordova: FICTION Austen, J. - Checked Out,Book::Central: FICTION Austen, J. - Checked Out"
https://catalog.saclibrary.org/GroupedWork/5fba7f03-5250-687e-b642-fa18556c13fc-eng,"The accidental bestseller","Wax, Wendy",9780425227671,,"Tantor Media, Inc.; Penguin Publishing Group; Berkley Books","2009 - 2012","New York",eBook;Book;eAudiobook,
