Link,Title,Author,ISBN,UPC,Publisher,"Publish Date","Place of Publication",Format,"Location & Call Number"
https://catalog.saclibrary.org/GroupedWork/5534b8d0-811b-3a37-1c1f-93c9b0e6b9a6-eng,Drama,"Telgemeier, Raina",9780545326995,,"Graphix; Scholastic Inc.","2012 - 2014","New York","eComic;Graphic Novel/Manga","Graphic Novel/Manga::Central Kids Place - Lower Level: CHILDREN GRAPHIC NOVEL Telgemeier, R. - Checked Out,Graphic Novel/Manga::Belle Cooledge Children's Area: CHILDREN GRAPHIC NOVEL Telgemeier, R. - In Transit,Graphic Novel/Manga::Franklin Children's: CHILDREN GRAPHIC NOVEL Telgemeier, R. - Checked Out"
https://catalog.saclibrary.org/GroupedWork/d6d7acd9-bf37-4491-c621-328a2405717c-eng,"Drama at Mouseford","Stilton, Thea",9780545645324,,"Scholastic Inc.; Scholastic","2014 - 2018","New York, NY",eBook;Book,"Book::Carmichael Children's Area: MOVING UP Stilton, T. - Checked Out,Book::Central Kids Place - Lower Level: MOVING UP Stilton, T. - On Shelf,Book::Franklin Children's: MOVING UP Stilton, T. - On Hold Shelf"
https://catalog.saclibrary.org/GroupedWork/97b88c98-b943-c4d7-7755-074d627f0519-eng,"The drama llama","Morrisroe, Rachel",9781728283142,,"Sourcebooks Inc; Sourcebooks Jabberwocky; Sourcebooks",2024,"Naperville, Illinois","Picture Book;eBook","Picture Book::Arden-Dimick Children's Area: PICTURE BOOK Morrisroe, R. - Checked Out,Picture Book::Belle Cooledge Children's Area: PICTURE BOOK Morrisroe, R. - Checked Out,Picture Book::Courtland Children's Area: PICTURE BOOK Morrisroe, R. - On Shelf"
https://catalog.saclibrary.org/GroupedWork/20cff391-2d0c-1876-598f-3ecc920ef2ad-eng,"Drama and destiny","Kann, Claire",9780063069442,,"HarperCollins; Harper, an imprint of HarperCollinsPublishers",2024,"New York, NY",eBook;Book;eAudiobook,"Book::Central Kids Place - Lower Level: CHILDREN FICTION Kann, C. - On Shelf,Book::Colonial Heights Children's Area: CHILDREN FICTION Kann, C. - On Shelf,Book::Belle Cooledge Children's Area: CHILDREN FICTION Kann, C. - Checked Out"
https://catalog.saclibrary.org/GroupedWork/529f5544-5991-335b-c6e9-5ecd025075a7-eng,"The drama with doomsdays","Reintgen, Scott",9781665903608,,Aladdin,2023,"New York",eBook;Book,"Book::Arcade Children's Area: CHILDREN FICTION Reintgen, S. - On Shelf,Book::Central Kids Place - Lower Level: CHILDREN FICTION Reintgen, S. - On Shelf,Book::Belle Cooledge Children's Area: CHILDREN FICTION Reintgen, S. - On Shelf"
https://catalog.saclibrary.org/GroupedWork/8b0ebfe0-de50-9f13-0a17-7edb14aa0cb0-eng,"Drama queen","Peschke, M. (Marci)",9781404866164,,"Picture Window Books",2011,"Mankato, Minn",Book,"Book::Pocket-Greenhaven Kids' Place: MOVING UP Peschke, M. - On Shelf,Book::Southgate Children's Area: MOVING UP Peschke, M. - Checked Out"
https://catalog.saclibrary.org/GroupedWork/c557f899-a0cb-596b-786e-92b77c41444f-eng,"A dramatic disappearance","Deutsch, Stacia",9780807537923,,"Albert Whitman & Company; Oasis Audio","2022 - 2023","Chicago, Illinois",eAudiobook;Book;eBook,"Book::Carmichael Children's Area: CHILDREN FICTION Deutsch, S. - On Shelf,Book::Elk Grove Kids' Place: CHILDREN FICTION Deutsch, S. - On Shelf,Book::Orangevale: CHILDREN FICTION Deutsch, S. - On Shelf"
https://catalog.saclibrary.org/GroupedWork/cabf4228-06d6-8b0e-f2ca-f1223fe89d52-eng,"Unnecessary drama","Kenwood, Nina",9781250894441,,"W. F. Howes Ltd; Macmillan Audio; Flatiron Books","2022 - 2023","New York",eAudiobook;Book;eBook,"Book::Central Teen Area - 3rd Floor: TEEN FICTION Kenwood, N. - On Shelf,Book::Franklin Teen: TEEN FICTION Kenwood, N. - On Shelf,Book::North Natomas: TEEN FICTION Kenwood, N. - On Shelf"
https://catalog.saclibrary.org/GroupedWork/67199809-7438-5f98-4956-f93c3b6f4685-eng,"TBH, too much drama","Greenwald, Lisa",9780062689962,,"HarperCollins; Katherine Tegen Books, an imprint of HarperCollinsPublishers",2019,"New York, NY",eBook;Book,"Book::Galt Children's Area: CHILDREN FICTION Greenwald, L. - On Shelf,Book::Folsom Children's Area: CHILDREN PAPERBACK FICTION G - Checked Out"
https://catalog.saclibrary.org/GroupedWork/6d065bd3-fa84-c57c-4a3b-bdba25d764c6-eng,"Designer drama","Berk, Sheryl",9781492613534,,"Sourcebooks Inc; Sourcebooks Jabberwocky; Sourcebooks",2016,"Naperville, Illinois",eBook;Book,"Book::Central Kids Place - Lower Level: CHILDREN FICTION Berk, S. - On Shelf"
https://catalog.saclibrary.org/GroupedWork/01c6c3d7-7991-53e0-18fd-5cb860e2e08f-eng,"Izzy Wong's drama disaster","Chan, Marty",9781459842366,,"Orca Book Publishers",2026,"Victoria, British Columbia",eBook;Book,"Book::Arcade Children's Area: CHILDREN FICTION Chan, M. - Checked Out,Book::Galt Children's Area: CHILDREN FICTION Chan, M. - On Shelf,Book::Rio Linda Children's Area: CHILDREN FICTION Chan, M. - On Shelf"
https://catalog.saclibrary.org/GroupedWork/a2565116-9bab-b147-815e-3581eccbe59c-eng,"Dara Palmer's major drama","Shevah, Emma",9781492631385,,"Recorded Books, Inc.; Sourcebooks Inc; Sourcebooks Jabberwocky; Sourcebooks",2016,"Naperville, IL",eAudiobook;eBook;Book,"Book::Courtland Children's Area: CHILDREN FICTION Shevah, E. - On Shelf,Book::North Natomas Children's Area: CHILDREN FICTION Shevah, E. - On Shelf,Book::Sylvan Oaks Children's Area: CHILDREN FICTION Shevah, E. - On Shelf"
https://catalog.saclibrary.org/GroupedWork/ce0c51b6-0a76-eae1-28b7-b721f28fd256-eng,"Tales from a not-so-dorky drama queen","Russell, Rachel Renée",9781442487697,,"Simon & Schuster Audio; Aladdin",2015,"New York","eAudiobook;Audiobook - CD;Book","Book::Colonial Heights Children's Area: CHILDREN FICTION Russell, R. - Checked Out,Book::Belle Cooledge Children's Area: CHILDREN FICTION Russell, R. - Checked Out,Book::Franklin Children's: CHILDREN FICTION Russell, R. - Checked Out"
https://catalog.saclibrary.org/GroupedWork/7b3e3ac1-dfe8-bedb-f2c2-9ec8eb2deb92-eng,"Llama Llama holiday drama","Dewdney, Anna",9781984835581,,"Viking; Penguin Young Readers Group","2010 - 2018","New York; New York, New York","Picture Book;Board Book;eBook","Picture Book::Franklin Children's: PICTURE BOOK Dewdney, A. - Checked Out,Picture Book::South Natomas Children's Area: PICTURE BOOK Dewdney, A. - On Shelf,Picture Book::Rio Linda Children's Area: PICTURE BOOK Dewdney, A. - Checked Out"
https://catalog.saclibrary.org/GroupedWork/6bc77b8a-7d30-2f0f-230c-98ff73e4c6c0-eng,"Lola Levine, drama queen","Brown, Monica, 1969-",9780316258432,,"Little, Brown Books for Young Readers; Little, Brown and Company",2016,"New York",eBook;Book,"Book::Elk Grove Kids' Place: MOVING UP Brown, M. - On Shelf,Book::Franklin Children's: MOVING UP Brown, M. - On Shelf,Book::South Natomas Children's Area: MOVING UP Brown, M. - On Shelf"
https://catalog.saclibrary.org/GroupedWork/4a4a34b9-db5c-3775-7232-244df18d22bb-eng,"Junior high drama: The runaround rumor","Simonson, Louise",9781496574138,,"Capstone; Stone Arch Books, a Capstone imprint",2019,"North Mankato, Minnesota","Graphic Novel/Manga;eComic","Graphic Novel/Manga::Carmichael Children's Area: CHILDREN GRAPHIC NOVEL Junior High Drama - On Shelf,Graphic Novel/Manga::Fair Oaks Children's Area: CHILDREN GRAPHIC NOVEL Junior High Drama - Checked Out,Graphic Novel/Manga::Franklin Children's: CHILDREN GRAPHIC NOVEL Junior High Drama - On Shelf"
https://catalog.saclibrary.org/GroupedWork/dfeb3847-2c25-2aef-20c2-e01a99015e33-eng,"School day drama","Fosberry, Jennifer",9781665931892,,"Simon Spotlight",2023,"New York","Easy Reader","Easy Reader::Carmichael Children's Area: EASY READER 1 Fosberry, J. - Checked Out,Easy Reader::Central Kids Place - Lower Level: EASY READER 1 Fosberry, J. - On Shelf,Easy Reader::Belle Cooledge Children's Area: EASY READER 1 Fosberry, J. - Checked Out"
https://catalog.saclibrary.org/GroupedWork/63b57d3e-fc4d-e46c-886b-52ac9bf1b31d-eng,"Venus Washington and the lasagna drama","Oso, Maisha",9781665969468,,"Atheneum Books for Young Readers",2026,"New York",eBook;Book,"Book::Central Kids Place - Lower Level: MOVING UP Oso, M. - On Shelf,Book::Elk Grove Kids' Place: MOVING UP Oso, M. - Checked Out,Book::Franklin Children's: MOVING UP Oso, M. - On Shelf"
https://catalog.saclibrary.org/GroupedWork/2f9eb751-bbf3-8851-690f-9c6b27ebfb70-eng,"Junior high drama: The school musical meltdown","Gunderson, Jessica",9781496574145,,"Capstone; Stone Arch Books, a Capstone imprint",2019,"North Mankato, Minnesota","Graphic Novel/Manga;eComic","Graphic Novel/Manga::Carmichael Children's Area: CHILDREN GRAPHIC NOVEL Junior High Drama - On Shelf,Graphic Novel/Manga::Isleton Children's Area: CHILDREN GRAPHIC NOVEL Junior High Drama - On Shelf,Graphic Novel/Manga::Colusa Main Branch Juvenile Collection: J Graphic - On Shelf"
https://catalog.saclibrary.org/GroupedWork/36ce19dd-c91f-4c16-7222-bf2fb8dca1bb-eng,"The romantic tragedies of a drama king","Trevaldwyn, Harry",9781250381309,,"St. Martin's Publishing Group; Macmillan Audio; Wednesday Books",2025,"New York",eAudiobook;Book;eBook,"Book::Central Teen Area - 3rd Floor: TEEN FICTION Trevaldwyn, H. - On Shelf,Book::South Natomas Teen Area: TEEN FICTION Trevaldwyn, H. - On Shelf,Book::North Natomas: TEEN FICTION Trevaldwyn, H. - On Shelf"
https://catalog.saclibrary.org/GroupedWork/595721f7-a829-6bea-c8b2-a0dbd1231cfb-eng,"Hockey girl loves drama boy","Hicks, Faith Erin",9781250838728,,"First Second",2023,"New York","Graphic Novel/Manga;eComic","Graphic Novel/Manga::Central Teen Area - 3rd Floor: TEEN GRAPHIC NOVEL Hicks, F. - On Shelf,Graphic Novel/Manga::Sylvan Oaks Teen Area: TEEN GRAPHIC NOVEL Hicks, F. - On Shelf,Graphic Novel/Manga::Sacramento Public Library Storage: TEEN GRAPHIC NOVEL Hicks, F. - Checked Out"
https://catalog.saclibrary.org/GroupedWork/39acc741-ecba-da70-0efb-5bd7ad810717-eng,"Junior High drama: a graphic novel","Simonson, Louise",9781496547125,,"Capstone; Stone Arch Books",2019,"North Mankato, Minnesota","eComic;Graphic Novel/Manga",
https://catalog.saclibrary.org/GroupedWork/524e12e1-ad40-bf4c-caab-a25a12dc00cb-eng,"Drama queen","McFarlane, Susannah",9781610675413,,"Kane Miller, a division of EDC Publishing",2016,"Tulsa, OK",Book,
https://catalog.saclibrary.org/GroupedWork/a69ad166-4387-9b8f-47f7-d199f6a4496d-eng,"The dramatic life of Azaleah Lane","Smith, Nikki Shannon, 1971-",9781515844655,,"Picture Window Books, an imprint of Capstone; Capstone",2020,"North Mankato, Minnesota",eBook;Book,
https://catalog.saclibrary.org/GroupedWork/fdbd4e36-023a-48aa-fc84-9a5c9d16642d-eng,"The ultimate drama pot collection: 100 monologues for young performers","Watkinson, Joanne",9781913630645,,"Consortium Book Sales & Dist; Salamander Street Ltd.; Salamander Street Limited",2020,"[England?]; [Place of publication not identified]",eBook;Book,"Book::Central Teen Area - 3rd Floor: TEEN 808.8245 W336 2020 - On Shelf,Book::Courtland Teen Area: TEEN 808.8245 W336 2020 - On Shelf,Book::Galt Teen Area: TEEN 808.8245 W336 2020 - On Shelf"
https://catalog.saclibrary.org/GroupedWork/a711c578-f9cc-cae2-58a5-be36425698c4-eng,"Starring Jules (in drama-rama): Volume 2","Ain, Beth Levine",9780545443548,,"Scholastic Press",2013,"New York, N.Y",Book,"Book::Arcade Children's Area: CHILDREN FICTION Ain, B. v.2 - On Shelf,Book::Franklin Children's: CHILDREN FICTION Ain, B. v.2 - On Shelf"
https://catalog.saclibrary.org/GroupedWork/4b0a6544-1265-a362-70b5-d5e114ca2483-eng,"Dungeons and drama","Boyce, Kristy",9780593647011,,"Delacorte Press; Random House Children's Books; Books on Tape",2024,"New York",eAudiobook;Book;eBook,"Book::Central Teen Area - 3rd Floor: TEEN FICTION Boyce, K. - Checked Out,Book::North Natomas: TEEN FICTION Boyce, K. - Checked Out,Book::Colusa Main Branch Teen Collection: YA Fic - On Shelf"
https://catalog.saclibrary.org/GroupedWork/68daef09-dbb7-86f2-7875-fe416b40405e-eng,"Llama Llama loose tooth drama","Dewdney, Anna",9780593206034,,"Viking; Books on Tape; Penguin Young Readers Group",2020,"[New York]","eAudiobook;Picture Book;eBook","Picture Book::Carmichael Children's Area: PICTURE BOOK Dewdney, A. - Checked Out,Picture Book::Franklin Children's: PICTURE BOOK Dewdney, A. - Checked Out,Picture Book::Valley Hi-North Laguna Children's Area: PICTURE BOOK Dewdney, A. - Checked Out"
https://catalog.saclibrary.org/GroupedWork/35a0a245-4ca7-28e1-e26e-025f581b2a8e-eng,"Major mama drama","Mullarkey, Lisa",9781602705807,,"Magic Wagon; ABDO Publishing Company",2009,"Edina, Minn",eBook;Book,
https://catalog.saclibrary.org/GroupedWork/915e61a2-b19c-2aff-3449-78f8f45a29d5-eng,"Romeo and Juliet","Shakespeare, William, 1564-1616",9780198319375,,"Saland Publishing; Project Gutenberg; Naxos AudioBooks; Barron's Educational Series, Inc.; Lerner Publishing Group; John Wiley & Sons; Dreamscape Media; Thomas Nelson & Sons; Blackstone Publishing; Penguin Books; Sourcebooks MediaFusion; Union Square & Co.; Saddleback Educational Publishing; Start Publishing LLC; Distributed by Recorded Books]; Spark Pub; Random House Children's Books; Oxford University Press; SmartPass, Ltd. [producer]; Naxos Audiobooks; The University Society; L.A. Theatre Works; Modern Library","1901 - 2018","New York; [Prince Frederick, Md; New York, NY; Naperville, Ill; [Germany?]; Hoboken, N.J; Oxford [England]; [Brighton, England]; Oxford; Walton-on-Thames","eAudiobook;Audiobook - CD;eBook;Book","Book::Carmichael: 822.33 U3B328 2009 - On Shelf,Book::Central: 822.33 U3B328 2009 - On Shelf,Book::Colonial Heights: 822.33 U3B328 2009 - On Shelf"
https://catalog.saclibrary.org/GroupedWork/3048b1fe-b761-b13a-9261-5b1cb51c06b7-eng,"Julius Caesar","Shakespeare, William, 1564-1616",9781588368836,,"Project Gutenberg; Barron's Educational Series, Inc.; Steck-Vaughn; Penguin Books; Sourcebooks MediaFusion; Dover Publications; Distributed by Recorded Books]; Oxford University Press; SmartPass, Ltd. [producer]; L.A. Theatre Works; Modern Library; John Wiley; Methuen","1955 - 2012","New York; Los Angeles, Calif; [Prince Frederick, Md; Hoboken, NJ; Austin, TX; Naperville, Ill; London; NY; [Brighton, England]; Oxford","eAudiobook;Audiobook - CD;eBook;Book","Book::Carmichael: 822.33 T1B328 2011 - On Shelf,Book::Central: 822.33 T1B328 2011 - On Shelf,Book::Colonial Heights: 822.33 T1B328 2011 - On Shelf"
https://catalog.saclibrary.org/GroupedWork/2690bfd9-f8dd-8939-abf8-18f37f2d64b2-eng,"Fantastic beasts: the crimes of Grindelwald : the original screenplay","Rowling, J. K",9780751578287,,"Arthur A. Levine Books, an imprint of Scholastic Inc; Pottermore Publishing",2018,"New York, NY",eBook;Book,"Book::Arcade Children's Area: CHILDREN 812.6 R884 2018 - On Shelf,Book::Carmichael Children's Area: CHILDREN 812.6 R884 2018 - On Shelf,Book::Colonial Heights Children's Area: CHILDREN 812.6 R884 2018 - On Shelf"
https://catalog.saclibrary.org/GroupedWork/c2763f2d-3725-fa01-c079-4fc1ab25991c-eng,Hamlet,"Shakespeare, William, 1564-1616",9780300101058,,"L. A. Theatre Works; eBooksLib; Recorded Books; Audio Holdings, LLC; SmartPass; Barron's; Sourcebooks; Blackstone Publishing; Dover Publications; Saddleback Educational Publishing; BBC Audiobooks America; Cambridge University Press; Oxford University Press; Naxos Audiobooks; L.A. Theatre Works; Yale University Press; Modern Library","1986 - 2012","Los Angeles, CA; New York; New Haven; Prince Frederick, MD; Cambridge, [England]; Naperville, Ill; [Brighton, England]; North Kingstown, RI; Oxford; Woodbury, N.Y","eAudiobook;Audiobook - CD;eBook;Book","Book::Carmichael: 822.33 S7B328 2008 - On Shelf,Book::Sylvan Oaks: 822.33 S7B328 2008 - Checked Out"
https://catalog.saclibrary.org/GroupedWork/24f26cba-e8ab-e7f4-ca7c-25e40e558abb-eng,"Fantastic beasts and where to find them: the original screenplay","Rowling, J. K",9780751574951,,"Arthur A. Levine Books, an imprint of Scholastic Inc; Pottermore Publishing",2016,"New York, NY",eBook;Book,"Book::Arcade Children's Area: CHILDREN 812.6 R884 2016 - On Shelf,Book::Carmichael Children's Area: CHILDREN 812.6 R884 2016 - On Shelf,Book::Colonial Heights Children's Area: CHILDREN 812.6 R884 2016 - On Shelf"
https://catalog.saclibrary.org/GroupedWork/07ce1f7d-91cc-3225-d280-d854fb3758f7-eng,Othello,"Shakespeare, William, 1564-1616",9781402206450,,"Dover Publications; Project Gutenberg; Bantam Books; Distributed by Recorded Books]; Cambridge University Press; SmartPass, Ltd. [producer]; Oxford University Press; Naxos Audiobooks; Random House Publishing Group; Penguin Publishing Group; Modern Library; Sourcebooks MediaFusion","1886 - 2012","New York; [Prince Frederick, Md; Naperville, Ill; Cambridge [Cambridgeshire]; [Brighton, England]; Oxford; Toronto","Audiobook - CD;eBook;Book;eAudiobook","Book::Carmichael: 822.33 T7B328 2009 - On Shelf,Book::Carmichael: 822.33 T7G475 1996 - On Shelf,Book::Central: 822.32 O87f - On Shelf"
https://catalog.saclibrary.org/GroupedWork/2f580e67-308c-e93c-4e52-03a7f7597c28-eng,"A midsummer-night's dream","Shakespeare, William, 1564-1616",9780199535866,,"Avenel Books; Interactive Media; Lerner Publishing Group; Barron's; Distributed by Outlet Book Co; SeaWolf Press; Global Publishers; Blackstone Publishing; Simon & Schuster Paperbacks; Penguin Books; Dover Publications; Saddleback Educational Publishing; Oxford University Press; L.A. Theatre Works; Random House Publishing Group; Penguin Publishing Group","1941 - 2023","New York; Orinda, California; New York, N.Y; [Venice, California]; Oxford; Woodbury, N.Y",eAudiobook;eBook;Book,"Book::Arcade: 822.33 P7M936 2016 - Checked Out,Book::Carmichael: 822.33 P7M936 2016 - On Shelf,Book::Central: 822.33 P7M936 2016 - Checked Out"
https://catalog.saclibrary.org/GroupedWork/5d282c3c-f316-507f-a908-c6bd3faeebaa-eng,"Harry Potter and the cursed child: Parts one and two","Thorne, Jack",9781338099133,,"Arthur A. Levine Books, an imprint of Scholastic Inc",2016,"New York, NY",Book,"Book::Carmichael Children's Area: CHILDREN 822.92 R884 2016 - Checked Out,Book::Colonial Heights Children's Area: CHILDREN 822.92 R884 2016 - On Shelf,Book::McClatchy Children's Area: CHILDREN 822.92 R884 2016 - Checked Out"
https://catalog.saclibrary.org/GroupedWork/79dfb96f-0de0-5e5f-8bd9-c1edf0db2a66-eng,"The taming of the shrew","Shakespeare, William, 1564-1616",9780671722890,,"Interactive Media; Wilder Publications, Inc.; Project Gutenberg; Caedmon; Duke Classics; Blackstone Publishing; Simon & Schuster Paperbacks; Penguin Books; Eternal Echoes; Union Square & Co.; Dover Publications; Saddleback Educational Publishing; Start Publishing LLC; Author's Republic; Oxford University Press; Shakespeare Stories; Washington Square Press; HarperCollins Publishers; Modern Library; Yale University Press; Neeland Media LLC","1954 - 2023","New York; New York, N.Y; New Haven; Oxford",eBook;Book;eAudiobook,"Book::Carmichael: 822.33 Q3B328 2009 - On Shelf,Book::Central: 822.33 Q3B328 2009 - On Shelf,Book::McKinley: 822.33 Q3B328 2009 - Checked Out"
https://catalog.saclibrary.org/GroupedWork/1d9c17bc-e572-2c9f-9583-c92455abc7c5-eng,"Much ado about nothing","Shakespeare, William, 1564-1616",9780198321477,,"The Folio Society; Dover Publications; Project Gutenberg; Lerner Publishing Group; Oxford University Press; Random House Publishing Group; Penguin Books; Modern Library; Simon and Schuster Paperbacks; Union Square & Co.","1976 - 2018","New York; London; Oxford",eBook;Book,"Book::Carmichael: 822.33 Q1B328 2009 - On Shelf,Book::Central: 822.33 Q1B328 2009 - On Shelf,Book::Belle Cooledge: 822.33 Q1B328 2009 - On Shelf"
https://catalog.saclibrary.org/GroupedWork/62ccdbff-9979-81c9-9260-139f06dda75c-eng,"The merchant of Venice","Shakespeare, William, 1564-1616",9780553212990,,"Interactive Media; Wilder Publications, Inc.; GENERAL PRESS; Happy Hour Books; Folio Society; Charnwood; Penguin Books; Simon & Schuster Paperbacks; Otbebookpublishing; Dover Publications; Bantam Books; Ft. Raphael Publishing Company; Saddleback Educational Publishing; Start Publishing LLC; Cambridge University Press; Oxford University Press; Naxos Audiobooks; Shakespeare Stories; Dancing Unicorn Books; Washington Square Press; Modern Library; Neeland Media LLC; G&D Media","1888 - 2024","New York; [S.I.]; New York, N.Y., U.S.A; London; Leicester; Cambridge; Oxford; Toronto",eBook;Book;eAudiobook,"Book::Arcade: 822.33 P3B328 2010 - On Shelf,Book::Carmichael: 822.33 P3B328 2010 - On Shelf,Book::Central: 822.33 P3B328 2010 - On Shelf"
https://catalog.saclibrary.org/GroupedWork/9c686a5e-4f86-b49b-68fe-aa27b0afd982-eng,Macbeth,"Shakespeare, William, (Uiliam), (Vilʹi͡am), 1564-1616",9781910395738,,"L. A. Theatre Works; Project Gutenberg; Avery Hill Publishing; John Wiley & Sons; Thomson Learning; Blackstone Publishing; Penguin Books; Sourcebooks MediaFusion; Union Square & Co.; Dover Publications; Circle Press Publications; L.A. Theatre Works; Modern Library; Yale University Press","1970 - 2023","Los Angeles, CA; New York; New Haven; London; Naperville, Ill; Guildford (Surrey); Hoboken, N.J",eAudiobook;eBook;Book,"Book::Arcade: 822.33 T5B328 2009 - On Shelf,Book::Carmichael: 822.33 T5B328 2009 - On Shelf,Book::Central: 822.33 T5B328 2009 - On Shelf"
https://catalog.saclibrary.org/GroupedWork/ee9decb9-604d-8142-f588-d1db4c971ae7-eng,"The tempest","Shakespeare, William, 1564-1616",9781501130014,,"Interactive Media; Wilder Publications, Inc.; GENERAL PRESS; Sheba Blake Publishing; Lumbreras Classics Books; SparkNotes; Folio Society; Blackstone Publishing; Simon & Schuster Paperbacks; Otbebookpublishing; Left of Brain Books; Lerner Publishing Group|Lerner Publishing Group; Dover Publications; Mint Editions; Read Books Ltd.; Saddleback Educational Publishing; Start Publishing LLC; Author's Republic; Oxford University Press; HarperCollins Publishers; Modern Library; Neeland Media LLC","1971 - 2024","New York; Oxford [Oxfordshire]; London; Oxford",eBook;Book;eAudiobook,"Book::Carmichael: 822.33 Q5M936 2015 - On Shelf,Book::Central: 822.33 Q5M936 2015 - On Shelf,Book::Colonial Heights: 822.33 Q5M936 2015 - On Shelf"
https://catalog.saclibrary.org/GroupedWork/3e3fe390-a6ed-bcb9-0600-ceaa1b257d7e-eng,"Cyrano de Bergerac","Rostand, Edmond, 1868-1918",9781593083878,,"Dover Publications; [s.n.]; Start Publishing LLC; Penguin; Independently Published; Dreamscape Media; Berkley/First Pub; L.A. Theatre Works; Barnes & Noble Classics; Classics Illustrated Comics","1921 - 2024","New York; [s.l.]; New York, N.Y; London; [Venice, California]; TR",eAudiobook;eBook;Book,"Book::Carmichael: 842.8 R839 2006 - Checked Out,Book::Central: 842.8 R839 2006 - On Shelf,Book::Valley Hi-North Laguna: 842.8 R839 2006 - On Shelf"
https://catalog.saclibrary.org/GroupedWork/424ad4d7-3115-37a5-5e12-90dbe7d86ad5-eng,"As you like it","Shakespeare, William, 1564-1616",9781982109400,,"Dover Publications; Saddleback Educational Publishing; GENERAL PRESS; Oxford University Press; Duke Classics; H. H. Furnes; L.A. Theatre Works; Simon & Schuster Paperbacks; Washington Square Press; Penguin Books; Modern Library","1890 - 2019","New York; Oxford; [Venice, California]",eAudiobook;eBook;Book,"Book::Carmichael: 822.33 O3B328 2010 - On Shelf,Book::Central: 822.33 O3B328 2010 - On Shelf,Book::Colonial Heights: 822.33 O3B328 2010 - Checked Out"
https://catalog.saclibrary.org/GroupedWork/67f548f6-c3f3-aad3-5ed0-5e323ad7a94a-eng,"Antony and Cleopatra","Shakespeare, William, 1564-1616",9780198320579,,"Project Gutenberg; Oxford University Press; Modern Language Association of America; Vintage Books; Duke Classics; Blackstone Publishing; Random House Publishing Group; Washington Square Press; Penguin Books; Sweet Cherry Publishing","1967 - 2020","New York; New York, N.Y; [New York, N.Y.]; Leicester, United Kingdom; Oxford",eBook;Book;eAudiobook,"Book::Carmichael: 822.33 S1B825 1999 - Checked Out,Book::Elk Grove: 822.33 S1B825 1999 - On Shelf,Book::Folsom Adult: 822.33 Antony - On Shelf"
https://catalog.saclibrary.org/GroupedWork/30629a3b-f0d1-97b0-32a6-ec549d4ea499-eng,"King Lear","Shakespeare, William, 1564-1616",9780486280585,,"Project Gutenberg; Naxos AudioBooks; Recorded Books; Barron's; SmartPass; D. C. Heath and Co; Dreamscape Media; David Magee; Blackstone Publishing; Sourcebooks MediaFusion; Dover Publications; Circle Press Publications; Saddleback Educational Publishing; Cambridge University Press; Naxos Audiobooks; The University Society; Penguin Publishing Group","1901 - 2018","San Francisco; New York; Guildford [Eng.]; Prince Frederick, MD; New York, NY; Naperville, Ill; [Brighton, England]; Cambridge [England]; Woodbury, N.Y; Boston","eAudiobook;Audiobook - CD;eBook;Book","Book::Rio Linda: 822.33 T3B162 1996 - On Shelf,Book::Sacramento Room: OVERSIZE 090 M191 1930s BAC - Library Use Only,Book::Sacramento Room: SPE f 090 C578 1973s BAC - Library Use Only"
https://catalog.saclibrary.org/GroupedWork/416639f2-e04e-312a-6508-8fdf0b7d1b09-eng,"Good masters! Sweet Ladies!: voices from a medieval village","Schlitz, Laura Amy",9780763615789,,"Recorded Books, Inc.; Candlewick Press","2007 - 2015","Cambridge, Mass",eAudiobook;eBook;Book,"Book::Arcade Children's Area: CHILDREN 812.6 S344 2007 - Checked Out,Book::Carmichael Children's Area: CHILDREN 812.6 S344 2007 - On Shelf,Book::Belle Cooledge Children's Area: CHILDREN 812.6 S344 2007 - On Shelf"
https://catalog.saclibrary.org/GroupedWork/2085f597-23a4-1014-9c41-6c9afcac2e6b-eng,"Fantastic beasts: the secrets of Dumbledore : the complete screenplay","Rowling, J. K",9781338853681,,"Scholastic Inc",2022,"New York, NY",Book,"Book::Carmichael Children's Area: CHILDREN 791.437 R884 2022 - On Shelf,Book::Central Kids Place - Lower Level: CHILDREN 791.437 R884 2022 - On Shelf,Book::Fair Oaks Children's Area: CHILDREN 791.437 R884 2022 - On Shelf"
https://catalog.saclibrary.org/GroupedWork/598e7e41-de7c-5ec6-97ae-495fb5a45b89-eng,"William Shakespeare's much ado about mean girls","Doescher, Ian",9781683691174,,"Quirk Books; Books on Tape",2019,Philadelphia,eAudiobook;Book;eBook,"Book::Franklin Teen: TEEN FICTION Doescher, I. - On Shelf,Book::Valley Hi-North Laguna Teen Area: TEEN FICTION Doescher, I. - On Shelf"
https://catalog.saclibrary.org/GroupedWork/4aa4e220-29f3-ca77-4df9-ae85047e20ba-eng,"Runaway train: saved by Belle of the Mines and Mountains","Coleman, Wim",9781939656728,,"Red Chair Press|Lerner Publishing Group; Red Chair Press",2015,"South Egremont, MA",eBook;Book,"Book::Rancho Children's Area: CHILDREN 812.6 C692 2015 - On Shelf"
https://catalog.saclibrary.org/GroupedWork/1c64e325-9d98-7bdf-a55a-78589d2989d8-eng,"Racketty-packetty house","Burnett, Frances Hodgson, 1849-1924",9780397316427,,"Wilder Publications, Inc.; Project Gutenberg; Start Publishing LLC; Alexander Street Press; Lippincott; Blackstone Publishing; Neeland Media LLC","1975 - 2022","Alexandria, VA; Philadelphia",eBook;Book;eAudiobook,
https://catalog.saclibrary.org/GroupedWork/0485721f-e3cc-19b6-585c-b77b330fe98c-eng,"Henry V","Shakespeare, William, 1564-1616",9781411401037,,"Broadview Press; Interactive Media; SparkNotes; Blackstone Publishing; Dover Publications; Read Books Ltd.; Ft. Raphael Publishing Company; BBC Audiobooks America; Audio Partners; Distributed by Recorded Books]; SmartPass, Ltd. [producer]; Naxos Audiobooks; Bantam; Neeland Media LLC","1988 - 2024","New York; Auburn, CA; [Prince Frederick, Md; Peterborough, Ontario; Hampton, NH; [Brighton, England]; Toronto","eAudiobook;Audiobook - CD;eBook;Book","Book::Carmichael: 822.33 W3C953 2004 - On Shelf,Book::Elk Grove: 822.33 W3C953 2004 - On Shelf,Book::Sylvan Oaks: 822.33 W3C953 2004 - On Shelf"
https://catalog.saclibrary.org/GroupedWork/5bd54ba5-0ec4-02f8-9860-0b8467581d8f-eng,"Richard II","Shakespeare, William, 1564-1616",9780812969306,,"Lerner Publishing Group|Lerner Publishing Group; Saland Publishing; Interactive Media; Project Gutenberg; Blackstone Publishing; Modern Library","2005 - 2015","New York",eAudiobook;eBook;Book,
https://catalog.saclibrary.org/GroupedWork/63496b63-a789-096d-8dfd-d8e201a781bb-eng,"Steam!: taming the river monster","Coleman, Wim",9781939656759,,"Red Chair Press|Lerner Publishing Group; Red Chair Press",2015,"South Egremont, MA",eBook;Book,"Book::Arcade Children's Area: CHILDREN 812.54 C692s 2015 - On Shelf,Book::Elk Grove Kids' Place: CHILDREN 812.54 C692s 2015 - On Shelf,Book::North Natomas Children's Area: CHILDREN 812.54 C692s 2015 - On Shelf"
https://catalog.saclibrary.org/GroupedWork/ccdbb4f5-812c-4358-b4dc-0bbfcb857a8e-eng,"The ghost backstage","Butler, Dori Hillestad",9780448462479,,"Grosset & Dunlap, an imprint of Penguin Group (USA) LLC; Penguin Young Readers Group",2014,"New York, New York, USA",eBook;Book,"Book::Southgate Children's Area: MOVING UP Butler, D. - On Shelf,Book::Sutter Branch: CHILDREN FICTION Butler, D. [PAPERBACK] - On Shelf,Book::Sutter County Main Branch Children's Area: MOVING UP Butler, D. - Checked Out"
https://catalog.saclibrary.org/GroupedWork/088e5ec4-9e4c-e30a-741b-fe0cca005c91-eng,"Junior high drama: The middle school mean queens","Simonson, Louise",9781496574121,,"Capstone; Stone Arch Books, a Capstone imprint",2019,"North Mankato, Minnesota","Graphic Novel/Manga;eComic",
https://catalog.saclibrary.org/GroupedWork/289dfb5e-10bc-05f0-0607-958fda4b3abe-eng,"Alice in Wonderland","Carroll, Lewis, 1832-1898",9781448743223,,"The Floating Press; Oasis Audio; Random House Children's Books; Dreamscape Media; Phoenix Books, Inc.; Duke Classics; Random House; Blackstone Publishing; A.C. McClurg; Edicions Perelló; Racehorse for Young Readers","1915 - 2024","New York; Chicago; New York, NY",eAudiobook;eBook;Book,"Book::Carmichael Children's Area: MOVING UP Carroll, L. - In Transit,Book::South Natomas Children's Area: MOVING UP Carroll, L. - On Hold Shelf,Book::North Natomas Children's Area: MOVING UP Carroll, L. - In Transit"
https://catalog.saclibrary.org/GroupedWork/5891e799-8480-86f5-6e14-41e7d4c94f1c-eng,"Limelight: curtain up on poetry comics!","LaTulippe, Renée M",9781623541422,,Charlesbridge,2025,"Watertown, Massachusetts","Graphic Novel/Manga;eComic","Graphic Novel/Manga::Central Kids Place - Lower Level: CHILDREN GRAPHIC 792 L365 2025 - On Shelf,Graphic Novel/Manga::Courtland Children's Area: CHILDREN GRAPHIC 792 L365 2025 - On Shelf,Graphic Novel/Manga::North Natomas Children's Area: CHILDREN GRAPHIC 792 L365 2025 - Checked Out"
https://catalog.saclibrary.org/GroupedWork/3ff45eb9-7a5c-0b89-d968-9ab47132acfe-eng,"Miss Tracy is spacey!","Gutman, Dan",9780062429360,,"HarperCollins; Harper, An Imprint of HarperCollinsPublishers",2017,"New York, NY",eBook;Book,"Book::Central Kids Place - Lower Level: MOVING UP Gutman, D. - On Shelf,Book::Belle Cooledge Children's Area: MOVING UP Gutman, D. - On Shelf,Book::Elk Grove Kids' Place: MOVING UP Gutman, D. - Checked Out"
https://catalog.saclibrary.org/GroupedWork/2b52864f-fd24-4f66-a198-8a6696d223b3-eng,"The truly terrible mistake","Perry, Chrissie",9781481490856,,Aladdin,2018,"New York",Book,"Book::Carmichael Children's Area: CHILDREN FICTION Perry, C. - On Shelf,Book::South Natomas Children's Area: CHILDREN FICTION Perry, C. - On Shelf,Book::Rancho Children's Area: CHILDREN FICTION Perry, C. - On Shelf"
https://catalog.saclibrary.org/GroupedWork/fb4c29fd-faa6-c62b-b525-22c87548b67a-eng,"Just Grace, star on stage","Harper, Charise Mericle",9780544225336,,"Houghton Mifflin Harcourt; Houghton Mifflin Books for Children; HarperCollins",2012,Boston,eBook;Book,"Book::Arcade Children's Area: MOVING UP Harper, C. - On Shelf,Book::Carmichael Children's Area: MOVING UP Harper, C. - On Shelf,Book::Elk Grove Kids' Place: MOVING UP Harper, C. - On Shelf"
https://catalog.saclibrary.org/GroupedWork/508a9f8d-631a-266e-4a19-ceb26a400d14-eng,Upstaged,"Anderson, Jeff, 1966-",9781454931157,,"Tantor Media, Inc.; Sterling Children's Books","2018 - 2022","New York",Book;eAudiobook,"Book::Carmichael Children's Area: CHILDREN FICTION Anderson, J. - On Shelf,Book::Elk Grove Kids' Place: CHILDREN FICTION Anderson, J. - On Shelf,Book::South Natomas Children's Area: CHILDREN FICTION Anderson, J. - On Shelf"
https://catalog.saclibrary.org/GroupedWork/726b227e-adaf-026c-b2d0-9e135babfe56-eng,"A mouseford musical","Stilton, Thea",9780545789059,,"Scholastic Inc.; Scholastic Inc",2018,"New York, NY",eBook;Book,"Book::Arden-Dimick Children's Area: MOVING UP Stilton, T. - Checked Out,Book::Central Kids Place - Lower Level: MOVING UP Stilton, T. - On Shelf,Book::Belle Cooledge Children's Area: MOVING UP Stilton, T. - Checked Out"
https://catalog.saclibrary.org/GroupedWork/0bdcd47d-6cde-c3cb-173b-0824c6ef5ea2-eng,"Eva in the spotlight","Elliott, Rebecca",9781338298758,,"Scholastic Inc.; Scholastic Inc",2020,"New York",eBook;Book,"Book::Carmichael Children's Area: MOVING UP Elliott, R. - On Shelf,Book::McKinley Children's Area: MOVING UP Elliott, R. - Checked Out,Book::Rio Linda Children's Area: MOVING UP Elliott, R. - Checked Out"
https://catalog.saclibrary.org/GroupedWork/b3ee50fb-c449-1e25-91f5-ce4658c3420a-eng,"Bookmarks are people too!: Henry Winkler & Lin Oliver ; illustrated by Scott Garrett","Winkler, Henry, 1945-",9780448479972,,"Grosset & Dunlap, an imprint of Penguin Group (USA) LLC",2014,"New York, New York",Book,"Book::Arcade Children's Area: MOVING UP Winkler, H. - Checked Out,Book::Fair Oaks Children's Area: MOVING UP Winkler, H. - Checked Out,Book::Franklin Children's: MOVING UP Winkler, H. - On Shelf"
https://catalog.saclibrary.org/GroupedWork/90613946-22df-347d-806d-3ba08db5d361-eng,"Tales from Shakespeare","Lamb, Charles, 1775-1834",9781853261404,,"Dutton; Children's Classics; Samaira Book Publishers; Project Gutenberg; Dent; GENERAL PRESS; Blackstone Publishing; Otbebookpublishing; Left of Brain Books; Puffin; Wordsworth; Andrews UK; Neeland Media LLC; Findaway Voices","1906 - 2024","New York; Ware; London",eAudiobook;eBook;Book,"Book::Carmichael Children's Area: CHILDREN 822.33 HL218 1999 - Checked Out"
https://catalog.saclibrary.org/GroupedWork/4ec6f9f5-7b13-00ae-0e79-6770e4077a25-eng,"Two dogs in a trench coat enter stage left","Falatko, Julie",9781338358995,,"Scholastic Inc.; Scholastic Press","2019 - 2020","New York",eBook;Book;eAudiobook,"Book::Carmichael Children's Area: MOVING UP Falatko, J. - On Shelf,Book::Belle Cooledge Children's Area: MOVING UP Falatko, J. - On Shelf,Book::Elk Grove Kids' Place: MOVING UP Falatko, J. - Checked Out"
https://catalog.saclibrary.org/GroupedWork/6ca91d80-5d91-4187-ae22-99a9f1eb35b7-eng,"The Dark Cove Theatre Society","Riley, Sierra Marilyn",9781834020082,,"Annick Press; Books on Tape",2025,Toronto,eAudiobook;Book;eBook,"Book::Central Teen Area - 3rd Floor: TEEN FICTION Riley, S. - In Transit,Book::McKinley Children's Area: TEEN FICTION Riley, S. - Checked Out,Book::North Natomas: TEEN FICTION Riley, S. - On Shelf"
https://catalog.saclibrary.org/GroupedWork/0c65dce8-a758-a7fe-fe6c-75dfe83a3be8-eng,Unscripted,"Kronzer, Nicole",9781419740848,,"Abrams; Dreamscape Media; Amulet Books",2020,"New York",eAudiobook;eBook;Book,"Book::Belle Cooledge Teen Area: TEEN FICTION Kronzer, N. - On Shelf,Book::Franklin Teen: TEEN FICTION Kronzer, N. - On Shelf,Book::South Natomas Teen Area: TEEN FICTION Kronzer, N. - On Shelf"
https://catalog.saclibrary.org/GroupedWork/73fc46c4-6e26-114a-18fb-e0d60b941b3c-eng,"Pinky and Rex and the school play","Howe, James, 1946-",9781442048034,,"Recorded Books, Inc.; Aladdin Paperbacks","2006 - 2016","New York","Easy Reader;eAudiobook","Easy Reader::Central Kids Place - Lower Level: EASY READER 3 Howe, J. - On Shelf,Easy Reader::Fair Oaks Children's Area: EASY READER 3 Howe, J. - On Shelf,Easy Reader::Franklin Children's: EASY READER 3 Howe, J. - Checked Out"
https://catalog.saclibrary.org/GroupedWork/c1f820f5-96cc-e1d2-e082-f5b25b6c6a47-eng,"Bombs & blackberries: a World War Two play","Donaldson, Julia",9781444938791,,"Hodder Children's Books",2018,London,"Picture Book","Picture Book::Arcade Children's Area: PICTURE BOOK Donaldson, J. - On Shelf,Picture Book::Elk Grove Kids' Place: PICTURE BOOK Donaldson, J. - On Shelf,Picture Book::Franklin Children's: PICTURE BOOK Donaldson, J. - On Shelf"
https://catalog.saclibrary.org/GroupedWork/4646effc-172f-6b62-9d5f-777d15bf2848-eng,"Shakespeare's first folio: all the plays : a children's edition","Shakespeare, William, 1564-1616",9781536236439,,"Candlewick Press",2024,"Somerville, Massachusetts",Book,"Book::Carmichael Children's Area: CHILDREN 822.33 S527 2024 - On Shelf,Book::Central Kids Place - Lower Level: CHILDREN 822.33 S527 2024 - On Shelf,Book::Fair Oaks Children's Area: CHILDREN 822.33 S527 2024 - On Shelf"
https://catalog.saclibrary.org/GroupedWork/00d91fbc-77f0-ef6c-f5bf-b352bff1c652-eng,"Stage fright","Cabot, Meg",9780545040457,,"Scholastic Inc.; Scholastic","2009 - 2017","New York",eAudiobook;eBook;Book,
https://catalog.saclibrary.org/GroupedWork/3208a8fb-5972-3823-0726-a6a15266c6c7-eng,"Second Banana","Thornburgh, Blair",9781419742347,,"Abrams; Abrams Books for Young Readers",2020,"New York","Picture Book;eBook","Picture Book::Colonial Heights Children's Area: PICTURE BOOK Thornburgh, B. - Checked Out,Picture Book::Belle Cooledge Children's Area: PICTURE BOOK Thornburgh, B. - Checked Out,Picture Book::Isleton Children's Area: PICTURE BOOK Thornburgh, B. - On Shelf"
https://catalog.saclibrary.org/GroupedWork/8e2821d8-d006-6d6e-9e04-1f22c23d631c-eng,"Much ado about nothing","Appignanesi, Richard",9780810943230,,"Amulet Books",2009,"New York","Graphic Novel/Manga","Graphic Novel/Manga::Arcade Teen Area: TEEN MANGA Much Ado - On Shelf,Graphic Novel/Manga::Sacramento Public Library Storage: TEEN MANGA Much Ado - Checked Out"
https://catalog.saclibrary.org/GroupedWork/df0dc54e-ea31-20cb-7efa-3e9a46324837-eng,"Romeo and Juliet","Chan, Crystal S",9781947808034,,"UDON Entertainment","2018 - 2021","Richmond Hill","Graphic Novel/Manga","Graphic Novel/Manga::Central Teen Area - 3rd Floor: TEEN MANGA Romeo And - On Shelf,Graphic Novel/Manga::Sacramento Public Library Storage: TEEN MANGA Romeo And - On Shelf"
https://catalog.saclibrary.org/GroupedWork/2f78b2f8-a86d-0b98-61c6-553be2f78b2f-eng,"Riot act: Act I","Lariviere, Sarah",9780593479957,,"Alfred A. Knopf",2024,"New York",Book,"Book::Central Teen Area - 3rd Floor: TEEN FICTION Lariviere, S. - On Shelf,Book::North Natomas: TEEN FICTION Lariviere, S. - On Shelf,Book::North Sacramento-Hagginwood Teen Area: TEEN FICTION Lariviere, S. - On Shelf"
https://catalog.saclibrary.org/GroupedWork/c9e16e09-1d1d-5ad4-a72a-ea4989bf1106-eng,"Foolish hearts","Mills, Emma, 1989-",9781627799379,,"Henry Holt and Co. (BYR); Henry Holt and Company; Dreamscape Media","2017 - 2020","New York",eAudiobook;Book;eBook,"Book::South Natomas Teen Area: TEEN FICTION Mills, E. - On Shelf,Book::Rancho Cordova: TEEN FICTION Mills, E. - On Shelf,Book::Sacramento Public Library Storage: TEEN FICTION Mills, E. - On Shelf"
https://catalog.saclibrary.org/GroupedWork/adf92cb1-9367-2eb8-4f59-d598d7b4ca39-eng,"On with the show","Auerbach, Annie",9781451787917,,HarperFestival,2013,"New York","Picture Book","Picture Book::Central Kids Place - Lower Level: PICTURE BOOK Scotton, R. - On Shelf"
https://catalog.saclibrary.org/GroupedWork/6ed5e3d5-c4fb-0bc7-a3f4-0b1a4bc42e2d-eng,"Sabotage stage left","Lyall, Casey",9781454929680,,"Sterling Children's Books",2018,"New York",Book,"Book::South Natomas Children's Area: CHILDREN FICTION Lyall, C. - On Shelf,Book::Rancho Children's Area: CHILDREN FICTION Lyall, C. - On Shelf,Book::Southgate Children's Area: CHILDREN FICTION Lyall, C. - On Shelf"
https://catalog.saclibrary.org/GroupedWork/361bb157-2101-8ba7-4180-586bb90fefe2-eng,"This is Sadie","O'Leary, Sara",9780735263246,,"Tundra Books","2015 - 2018","Toronto, Ontario","Picture Book;Book","Picture Book::South Natomas Children's Area: PICTURE BOOK O'Leary, S. - On Shelf,Picture Book::Rancho Children's Area: PICTURE BOOK O'Leary, S. - On Shelf,Picture Book::Southgate Children's Area: PICTURE BOOK O'Leary, S. - On Shelf"
https://catalog.saclibrary.org/GroupedWork/7ae16391-ea2b-7474-039f-a5f4b5f69981-eng,"The skin of our teeth: a play","Wilder, Thornton, 1897-1975",9780060088934,,"Perennial; HarperCollins; HarperCollins Publishers","2003 - 2020","New York",eBook;Book,
https://catalog.saclibrary.org/GroupedWork/2bd27522-4d5e-b51b-1763-205954b5cbec-eng,"You belong here","Miller, Sara Phoebe",9781250822314,,"First Second",2025,"New York","Graphic Novel/Manga;eComic","Graphic Novel/Manga::Carmichael Teen Area: TEEN GRAPHIC NOVEL Miller, S. - On Shelf,Graphic Novel/Manga::Central Teen Area - 3rd Floor: TEEN GRAPHIC NOVEL Miller, S. - On Shelf,Graphic Novel/Manga::Del Paso Heights Teen Area: TEEN GRAPHIC NOVEL Miller, S. - On Shelf"
https://catalog.saclibrary.org/GroupedWork/10f574f8-f541-e2fa-899c-f39ebef6af4c-eng,"A Curtain call for you: 2","Satou, Shiho",9781647295646,,"Kodansha USA Publishing",2026,"New York, NY","Graphic Novel/Manga","Graphic Novel/Manga::Arden-Dimick Teen Area: TEEN MANGA Curtain Call v.2 - Checked Out,Graphic Novel/Manga::Central Teen Area - 3rd Floor: TEEN MANGA Curtain Call v.2 - Checked Out,Graphic Novel/Manga::Colonial Heights: TEEN MANGA Curtain Call v.2 - Checked Out"
https://catalog.saclibrary.org/GroupedWork/24d6b52f-05de-a6d5-fc01-89ccefd7356e-eng,"The hobbit, or, There and back again","Tolkien, J. R. R. (John Ronald Reuel), 1892-1973",9780395873465,025024891281,"Houghton Mifflin; BBC Audio; Recorded Books, Inc.; William Morrow; Houghton Mifflin Harcourt; Recorded Books; HMH Books; HarperCollins; Ballantine Books; HighBridge; Houghton Mifflin Co; Mariner Books","1966 - 2025","New York; St. Paul, MN; Prince Frederick, Md; Prince Frederick, MD; Boston","eAudiobook;Audiobook - CD;eBook;Book","Book::Carmichael: FICTION Tolkien, J. - Checked Out,Book::Central: FICTION Tolkien, J. - On Hold Shelf,Book::Colonial Heights: FICTION Tolkien, J. - Checked Out"
https://catalog.saclibrary.org/GroupedWork/9e7bb308-ba80-6e2f-2d32-3d9c49780a96-eng,"A book","Gerstein, Mordicai",9781596432512,,"Roaring Brook",2009,"New York","Picture Book","Picture Book::Carmichael Children's Area: PICTURE BOOK Gerstein, M. - On Shelf,Picture Book::Central Kids Place - Lower Level: PICTURE BOOK Gerstein, M. - On Shelf"
https://catalog.saclibrary.org/GroupedWork/b962c7dd-a232-28a8-83d2-cccc32c8228c-eng,"Airi Sano, Prankmaster General: Public enemy number one","Tokushige, Zoe",9780593465813,,"Philomel Books; Books on Tape",2023,"New York, NY",eAudiobook;Book,"Book::Central Kids Place - Lower Level: CHILDREN FICTION Tokushige, Z. - On Shelf,Book::North Natomas Children's Area: CHILDREN FICTION Tokushige, Z. - On Shelf,Book::Pocket-Greenhaven Kids' Place: CHILDREN FICTION Tokushige, Z. - On Shelf"
https://catalog.saclibrary.org/GroupedWork/c1ab2a2f-02dd-eea9-9bf9-74bf5e4bfaa8-eng,"Not quite Snow White","Franklin, Ashley",9780062798602,,"[Library Ideas, LLC]; HarperCollins; Harper, an imprint of HarperCollinsPublishers","2019 - 2020","New York, NY; [Fairfax, Virginia]","Picture Book;eBook;Read-Along",
https://catalog.saclibrary.org/GroupedWork/a792ce05-b74b-e365-7bda-62227b42a0d5-eng,"Superstitions of ""The Scottish Play""","Keene, Carolyn",9781665962834,,"Oasis Audio; Aladdin",2025,"New York",eAudiobook;Book;eBook,"Book::Carmichael Children's Area: CHILDREN FICTION Keene, C. - Checked Out,Book::Central Kids Place - Lower Level: CHILDREN FICTION Keene, C. - Checked Out,Book::Colonial Heights Children's Area: CHILDREN FICTION Keene, C. - Checked Out"
https://catalog.saclibrary.org/GroupedWork/e0cc050d-98d5-ad6b-5520-df43e69dd2d9-eng,"A curtain call for you: 1","Satou, Shiho",9781647294984,,"Kodansha USA Publishing",2025,"New York, NY","Graphic Novel/Manga","Graphic Novel/Manga::Central Teen Area - 3rd Floor: TEEN MANGA Curtain Call v.1 - In Transit,Graphic Novel/Manga::Colonial Heights: TEEN MANGA Curtain Call v.1 - Checked Out,Graphic Novel/Manga::Elk Grove Teen Area: TEEN MANGA Curtain Call v.1 - Checked Out"
https://catalog.saclibrary.org/GroupedWork/0f60fd81-3387-de82-ea1e-cdae7abda11e-eng,"The Gentlemen's alliance [cross]: Vol. 3","Tanemura, Arina",9781421511856,,"Viz Media, LLC",2007,"San Francisco, Calif","Graphic Novel/Manga","Graphic Novel/Manga::Central Teen Area - 3rd Floor: TEEN MANGA Gentlemen's Alliance v.3 - On Shelf,Graphic Novel/Manga::South Natomas Teen Area: TEEN MANGA Gentlemen's Alliance v.3 - On Shelf,Graphic Novel/Manga::Sutter County Main Branch Teen Area: TEEN MANGA Gentlemen's v.3 - Checked Out"
https://catalog.saclibrary.org/GroupedWork/83c05029-17e3-d119-e069-11abd440cb77-eng,Babbitt,"Lewis, Sinclair, 1885-1951",9780451530615,,"Signet Classics; Dover Publications; Project Gutenberg; Duke Classics; Blackstone Publishing; L.A. Theatre Works; Modern Library; Barnes & Noble Classics; Naxos AudioBooks UK Ltd; Harcourt, Brace and World; Findaway Voices","1950 - 2025","New York; Los Angeles, Calif",eAudiobook;eBook;Book,"Book::Central: FICTION Lewis, S. - On Shelf,Book::Woodland Public Library: READING LIST FICTION Lewis - On Shelf"
https://catalog.saclibrary.org/GroupedWork/3c7c9fd2-3a9c-2083-8ce5-56fd652ddc54-eng,"Junior high drama: The first-date dilemma","Mason, Jane B",9781496574114,,"Stone Arch Books, a Capstone imprint",2019,"North Mankato, Minnesota","Graphic Novel/Manga",
https://catalog.saclibrary.org/GroupedWork/7a9b4215-497c-a0e1-642d-ff2cb0a98942-eng,"Bloom into you: 8","Nio, Nakatani",9781642757460,,"Seven Seas Entertainment",2020,"[Los Angeles, CA]","Graphic Novel/Manga","Graphic Novel/Manga::Arcade Teen Area: TEEN MANGA Bloom Into v.8 - On Shelf,Graphic Novel/Manga::Elk Grove Teen Area: TEEN MANGA Bloom Into v.8 - On Shelf,Graphic Novel/Manga::Sacramento Public Library Storage: TEEN MANGA Bloom Into v.8 - On Shelf"
https://catalog.saclibrary.org/GroupedWork/d52140e5-5d9e-6b26-9e22-93ed9e02129f-eng,"Annie and Snowball and the shining star: the sixth book of their adventures","Rylant, Cynthia",9781416939467,,Aladdin,2009,"New York","Easy Reader",
https://catalog.saclibrary.org/GroupedWork/2e906c8f-d06b-00f8-e77a-268ae0d0fc32-eng,Macbeth,"Chan, Crystal S",9781947808072,,"UDON Entertainment","2018 - 2021","Richmond Hill; Richmond Hill, Ontario, Canada","Graphic Novel/Manga","Graphic Novel/Manga::Central Teen Area - 3rd Floor: TEEN MANGA Macbeth - On Shelf,Graphic Novel/Manga::Sacramento Public Library Storage: TEEN MANGA Macbeth - On Shelf,Graphic Novel/Manga::Colonial Heights: TEEN MANGA Macbeth - On Shelf"
https://catalog.saclibrary.org/GroupedWork/8fc5832e-17e3-6a06-7bb3-2e8ed58d2ece-eng,"On the color case","Brooke, Bonnie",9781403736178,,"Dalmatian Pr",2007,"Franklin, Tenn",Book,
https://catalog.saclibrary.org/GroupedWork/86d62cf9-d917-bf3f-b33b-215c900ca41f-eng,"Oresama teacher: Vol. 28","Tsubaki, Izumi",9781974720071,,"VIZ Media",2021,"San Francisco, CA","Graphic Novel/Manga","Graphic Novel/Manga::Central Teen Area - 3rd Floor: TEEN MANGA Oresama Teacher v.28 - On Shelf,Graphic Novel/Manga::Colonial Heights: TEEN MANGA Oresama Teacher v.28 - On Shelf,Graphic Novel/Manga::Franklin Teen: TEEN MANGA Oresama Teacher v.28 - On Shelf"
https://catalog.saclibrary.org/GroupedWork/785e3889-b902-0298-b0ac-4425bc41dd3e-eng,"The scarlet letter","Hawthorne, Nathaniel, 1804-1864",9780451531353,,"Grolier Enterprises Corp; Signet Classics; James R. Osgood and Company; Interactive Media; Project Gutenberg; Penguin; Lerner Publishing Group; Reader's Digest Association; Barnes & Noble Books; Duke Classics; Random House; Books on Tape; Wisehouse Publishing; Barnes & Noble Classics; Kennebec Large Print; Sound Room Pub; Blackstone Audio; Recorded Books, LLC; In Audio; Dover Publications; Dodd, Mead; L.A. Theatre Works; Barnes & Noble","1878 - 2024","New York; Detroit; Prince Frederick, MD; [Sweden]; Pleasantville, N.Y; Los Angeles, Calif; Newport Beach, CA; New York, N.Y; London; Falls Church, Va; Danbury, Conn; [Ashland, OR]; Boston","eAudiobook;Audiobook - CD;eBook;Large Print;Book","Book::Arcade: FICTION Hawthorne, N. - On Shelf,Book::Carmichael: FICTION Hawthorne, N. - On Shelf,Book::Belle Cooledge: FICTION Hawthorne, N. - Checked Out"
https://catalog.saclibrary.org/GroupedWork/527cd77d-8792-e417-ca1f-379c0a36a501-eng,"The Tempest: a Shakespeare story","Matthews, Andrew, 1948-",9781626866881,,"Parfait Press",2001,"San Diego, California",Book,
https://catalog.saclibrary.org/GroupedWork/bb4c3724-0025-4642-a81d-55c9a5153443-eng,Dracula,"Stoker, Bram, 1847-1912",9781593080044,,"L. A. Theatre Works; Bedrick/Blackie; Interactive Media; Dreamscape Media; The Modern Library; Vintage Books; Duke Classics; Blackstone Publishing; Icon Audio Arts; Barnes & Noble Classics; Books in Motion; Start Publishing LLC; Oxford University Press; Penguin Publishing Group; Barnes & Noble; Random House, Modern Library; Project Gutenberg; Naxos AudioBooks; Little, Brown and Company; Independently Published; Penguin Books; Penguin Classics; L.A. Theatre Works; Start Classics; Modern Library; DK Pub; Findaway Voices","1897 - 2025","London; Los Angeles, CA; Redhill, Surrey; New York; Oxford; New York, NY","eAudiobook;Audiobook - CD;eBook;Book","Book::Central: FICTION Stoker, B. - Checked Out,Book::Belle Cooledge: FICTION Stoker, B. - Checked Out,Book::Fair Oaks: FICTION Stoker, B. - Checked Out"
https://catalog.saclibrary.org/GroupedWork/b9fa45c3-5ce5-880e-cbbd-4a3a0a2943e8-eng,"Flowers for Algernon","Keyes, Daniel",9780151001637,,"Recorded Books, Inc.; Harcourt Brace","1966 - 2012","New York",eAudiobook;Book,"Book::Carmichael: FICTION Keyes, D. - Checked Out,Book::Colusa Main Branch Teen Collection: YA Fic - On Shelf,Book::Folsom Adult: FICTION Keyes, D. - Checked Out"
https://catalog.saclibrary.org/GroupedWork/9fa89965-f991-68fd-1ce1-21f36dc091f1-eng,"The Chinese Siamese cat","Tan, Amy",9780027888355,,"Macmillan; Maxwell Macmillan International; Phoenix Books, Inc.; Maxwell Macmillan Canada","1994 - 2006","New York; Toronto","eAudiobook;Picture Book",
https://catalog.saclibrary.org/GroupedWork/beefc669-889e-b29e-89dc-af9ea7a02d27-eng,"Childsplay: a collection of scenes and monologues for children",,9780879101886,,"Limelight Editions",1995,"New York",Book,
https://catalog.saclibrary.org/GroupedWork/279e7f9c-fe16-539c-c504-0bd9fdd6f205-eng,"The lost girls of camp forevermore","Fu, Kim",9780544098268,,"Houghton Mifflin Harcourt; Blackstone Publishing",2018,Boston,eAudiobook;eBook;Book,"Book::Arcade: FICTION Fu, K. - Checked Out,Book::Carmichael: FICTION Fu, K. - On Shelf,Book::Central: FICTION Fu, K. - On Shelf"
https://catalog.saclibrary.org/GroupedWork/b136eb5d-5be0-78f3-c3a6-0eab9eab0cb6-eng,"Pride and prejudice","Austen, Jane, 1775-1817",9780141040349,,"Signet Classic; Richard Bentley; Recorded Books; Penguin; Lebooks Editora; The Modern Library; Duke Classics; Blackstone Publishing; Thorndike Press; Books on Tape; Barnes & Noble Classics; Ruskin House; Xist Publishing; Blackstone Audio, Inc.; Penguin Publishing Group; Sweet Cherry Publishing; Grolier; Baker Publishing Group; Puffin Books, an imprint of Penguin Random House; Project Gutenberg; HarperCollins; George Allen; Pocket Books; Dover; Sweet Cherry Publishing Limited; Penguin Classics, an imprint of Penguin Books; Books, Inc; Penguin Audio Books; Wordsworth Editions Limited; Tantor Media, Inc; Courage Books; Random House Publishing Group; L.A. Theatre Works; Large Print Classics; Watts; Findaway Voices","1833 - 2025","New York, N.Y., USA; Waterville, Maine; New York; Los Angeles, Calif; Philadelphia, PA; Prince Frederick, Md; Columbia, SC; New York, NY; London; Ware, Hertfordshire; Leicester","eAudiobook;Audiobook - CD;eBook;Large Print;Book","Book::Arcade: FICTION Austen, J. - Checked Out,Book::Rancho Cordova: FICTION Austen, J. - Checked Out,Book::Central: FICTION Austen, J. - Checked Out"
https://catalog.saclibrary.org/GroupedWork/46547a09-b991-c702-45a6-0f8fe20e6498-eng,"It's not Jack and the beanstalk","Funk, Josh",9781542045650,,"Two Lions, an imprint of Amazon Children's Publishing",2017,"New York, NY","Picture Book","Picture Book::Central Kids Place - Lower Level: PICTURE BOOK Funk, J. - On Hold Shelf,Picture Book::Rancho Children's Area: PICTURE BOOK Funk, J. - Checked Out,Picture Book::Folsom Storytime Room: PICTURE BOOK TALES JA - On Shelf"
https://catalog.saclibrary.org/GroupedWork/a4ea5207-fbea-e276-fd44-66ac43cf84c1-eng,"The ping-pong queen of Chinatown","Yang, Andrew (Young adult novelist)",9780063340411,,"HarperCollins; Quill Tree Books; Quill Tree Books, an imprint of HarperCollinsPublishers",2024,"New York, NY",eAudiobook;eBook;Book,"Book::Central Teen Area - 3rd Floor: TEEN FICTION Yang, A. - On Shelf,Book::Belle Cooledge Teen Area: TEEN FICTION Yang, A. - On Shelf,Book::Elk Grove Teen Area: TEEN FICTION Yang, A. - On Shelf"
https://catalog.saclibrary.org/GroupedWork/045cf744-d285-222e-a4a6-8a9d75d3ce5f-eng,"Ana of California: [a novel]","Teran, Andi",9780143126492,,"Dreamscape Media; Penguin Books; Penguin Publishing Group",2015,"New York, New York",eBook;Book;eAudiobook,"Book::Central: FICTION Teran, A. - On Shelf,Book::Orangevale: FICTION Teran, A. - On Shelf"
https://catalog.saclibrary.org/GroupedWork/7a22ebb3-b3a3-978f-ee9b-f39a49bffd11-eng,"When you get the chance","Lord, Emma",9781250783349,,"Macmillan Audio; Wednesday Books",2022,"New York",eAudiobook;Book,"Book::Arcade Teen Area: TEEN FICTION Lord, E. - On Shelf,Book::Central Teen Area - 3rd Floor: TEEN FICTION Lord, E. - On Shelf,Book::Elk Grove Teen Area: TEEN FICTION Lord, E. - On Shelf"
https://catalog.saclibrary.org/GroupedWork/3f50610e-f7a1-0865-5c0d-bdd0767acf3f-eng,"No one is alone","Vincent, Rachel",9781547609192,,"Bloomsbury YA; Dreamscape Media; Bloomsbury",2022,"New York",eBook;Book;eAudiobook,
https://catalog.saclibrary.org/GroupedWork/6d17c05b-b85b-0bd7-a8c4-e7e01ec0e528-eng,Kodi,"Cullum, Jared",9781684068753,,"IDW Publishing; Top Shelf Productions; Idea and Design Work, LLC",2020,"San Diego, CA","eComic;Graphic Novel/Manga","Graphic Novel/Manga::Arcade Children's Area: CHILDREN GRAPHIC NOVEL Cullum, J. - Checked Out,Graphic Novel/Manga::Central Kids Place - Lower Level: CHILDREN GRAPHIC NOVEL Cullum, J. - On Shelf,Graphic Novel/Manga::Southgate Children's Area: CHILDREN GRAPHIC NOVEL Cullum, J. - On Shelf"
https://catalog.saclibrary.org/GroupedWork/35169b4a-2bac-3b50-73af-40d544431bf2-eng,"We are all constellations","Beashel, Amy",9780861540655,,"Tantor Media, Inc.; Rock the Boat",2022,"London, England",Book;eAudiobook,"Book::Carmichael Teen Area: TEEN FICTION Beashel, A. - On Shelf,Book::Belle Cooledge Teen Area: TEEN FICTION Beashel, A. - Checked Out,Book::North Natomas: TEEN FICTION Beashel, A. - On Shelf"
https://catalog.saclibrary.org/GroupedWork/f521bff2-7577-5d86-dabc-197c77153a79-eng,"A wild swan: and other tales","Cunningham, Michael, 1952-",9780374290252,,"Farrar, Straus and Giroux; Macmillan Audio",2015,"New York",eAudiobook;Book,"Book::Central: FICTION Cunningham, M. - On Shelf"
https://catalog.saclibrary.org/GroupedWork/f8c23999-048b-5e2f-cdae-70f86157e496-eng,"Outback rescue","Odgers, Darrel",9781610676564,,"Kane Miller, a Division of EDC Publishing",2017,"Tusla, OK",Book,
https://catalog.saclibrary.org/GroupedWork/57f04d99-9e40-2219-22e1-8ccb4cfc33c0-eng,"The picture of Dorian Gray","Wilde, Oscar, 1854-1900",9780375751516,,"Baronet Books; Project Gutenberg; Recorded Books; Penguin; CRW; Duke Classics; Fingerprint! Publishing; Blackstone Publishing; Barnes & Noble Classics; Penguin Classics; Dover Publications; Ward, Lock and Company; Ward, Lock and Co; Naxos Audiobooks; Simpkin, Marshall Hamilton, Kent and Co., Ltd; L.A. Theatre Works; Modern Library; Barnes & Noble; Findaway Voices","1890 - 2025","New York; Los Angeles, Calif; Prince Frederick, MD; [New York]; London; [Delhi, India]","eAudiobook;Audiobook - CD;Online Content;eBook;Book","Book::Central: FICTION Wilde, O. - Checked Out,Book::Barber Branch: FICTION Wilde, O. [CLASSICS] - Checked Out"
https://catalog.saclibrary.org/GroupedWork/ecdc25cb-2d4f-3c47-33c5-3aa593615de7-eng,"Becoming a queen","Clay, Dan, 1984-",9781250843098,,"Macmillan Audio; Roaring Brook Press",2023,"New York",eAudiobook;Book,"Book::Central Teen Area - 3rd Floor: TEEN FICTION Clay, D. - On Shelf,Book::Del Paso Heights Teen Area: TEEN FICTION Clay, D. - On Shelf,Book::Franklin Teen: TEEN FICTION Clay, D. - On Shelf"
https://catalog.saclibrary.org/GroupedWork/74b94abe-6c25-557b-ecbf-613817671c65-eng,"Rubi Ramos's recipe for success","Parra, Jessica",9781250862525,,"St. Martin's Publishing Group; Dreamscape Media; Wednesday Books",2023,"New York",eAudiobook;Book;eBook,"Book::Central Teen Area - 3rd Floor: TEEN FICTION Parra, J. - On Shelf,Book::Folsom Teen Room: TEEN FICTION Parra, J. - Checked Out,Book::Sacramento Public Library Storage: TEEN FICTION Parra, J. - On Shelf"
https://catalog.saclibrary.org/GroupedWork/76ba33fa-e042-ffaa-7e39-997b0c0ca3cd-eng,"Loveboat, Taipei","Wen, Abigail Hing",9780062957276,,"HarperCollins; HarperTeen, an imprint of HarperCollinsPublishers",2020,"New York, NY",eBook;Book;eAudiobook,"Book::Arcade Teen Area: TEEN FICTION Wen, A. - On Shelf,Book::Fair Oaks Teen Area: TEEN FICTION Wen, A. - On Shelf,Book::Franklin Teen: TEEN FICTION Wen, A. - On Shelf"
https://catalog.saclibrary.org/GroupedWork/b787c0f2-7b76-bdf9-22d9-fb2d1f9a3491-eng,"The quince project: a novel","Parra, Jessica",9781250862778,,"Dreamscape Media; Wednesday Books",2024,"New York",eAudiobook;Book,"Book::Central Teen Area - 3rd Floor: TEEN FICTION Parra, J. - On Shelf,Book::Colonial Heights: TEEN FICTION Parra, J. - On Shelf,Book::Del Paso Heights Teen Area: TEEN FICTION Parra, J. - On Shelf"
https://catalog.saclibrary.org/GroupedWork/9f0c65fe-345f-283b-bd96-1d1d077edd5b-eng,"Her name in the sky","Quindlen, Kelly",9781250414472,,"Tantor Media, Inc.; Kelly Quindlen; Tantor Media, Inc; Roaring Brook Press","2014 - 2026","New York",eAudiobook;eBook;Book,"Book::Central Teen Area - 3rd Floor: TEEN FICTION Quindlen, K. - On Shelf,Book::Elk Grove Teen Area: TEEN FICTION Quindlen, K. - On Shelf,Book::Fair Oaks Teen Area: TEEN FICTION Quindlen, K. - Checked Out"
https://catalog.saclibrary.org/GroupedWork/4aa49bb2-a52f-aaa2-f83c-684800758fda-eng,"This is why they hate us","Aceves, Aaron H",9781534485655,,"Simon & Schuster BFYR; Dreamscape Media; Simon & Schuster Books for Young Readers",2022,"New York",eAudiobook;Book;eBook,"Book::Carmichael Teen Area: TEEN FICTION Aceves, A. - Checked Out,Book::McClatchy Teen Area: TEEN FICTION Aceves, A. - Checked Out,Book::North Natomas: TEEN FICTION Aceves, A. - On Shelf"
https://catalog.saclibrary.org/GroupedWork/9a1dcb03-3f61-5561-c485-980b98a88eef-eng,"When elephants fly","Fischer, Nancy Richardson",9781335012364,,"Harlequin Books; Harlequin Audio; Harlequin",2018,"Toronto, ON",eBook;Book;eAudiobook,"Book::Southgate Teen Area: TEEN FICTION Fischer, N. - On Shelf,Book::Sacramento Public Library Storage: TEEN FICTION Fischer, N. - On Shelf,Book::Woodland Public Library Teen Area: TEEN FICTION Fischer, N. - On Shelf"
https://catalog.saclibrary.org/GroupedWork/187d53af-00ee-d1ce-c81a-e82e22c254ef-eng,"When we had summer","Castle, Jennifer",9781368081405,,"Disney Hyperion; Disney Hyperion Digital; Disney Book Group; Hyperion",2023,"Los Angeles",eAudiobook;eBook;Book,"Book::Carmichael Teen Area: TEEN FICTION Castle, J. - Checked Out,Book::Central Teen Area - 3rd Floor: TEEN FICTION Castle, J. - On Shelf,Book::Franklin Teen: TEEN FICTION Castle, J. - On Shelf"
https://catalog.saclibrary.org/GroupedWork/4c9e623e-bdaa-65e1-f73e-a5e1495f83fd-eng,Summerland,"Chabon, Michael",9780786808779,,"HarperCollins; HarperAudio; Hyperion Books for Children","2002 - 2016","New York",eAudiobook;eBook;Book,
https://catalog.saclibrary.org/GroupedWork/ad51afb0-3055-29f0-4e9c-473314475cf2-eng,"The moonlight blade","Barbosa, Tessa",9781649373366,,"Tantor Media, Inc.; Entangled Publishing, LLC; Tantor Media, Inc; Entangled Teen, an imprint of Entangled Publishing LLC",2023,"Shrewsbury, PA",eAudiobook;Book;eBook,"Book::Belle Cooledge Teen Area: TEEN FICTION Barbosa, T. - On Shelf,Book::Sacramento Public Library Storage: TEEN FICTION Barbosa, T. - On Shelf"
https://catalog.saclibrary.org/GroupedWork/53ccbd19-4eae-e3f0-41c0-0460ff6a986c-eng,"If I promise you wings","Small, A. K",9781643750286,,"Recorded Books, Inc.; Algonquin",2024,"New York, NY",eAudiobook;Book,"Book::Central Teen Area - 3rd Floor: TEEN FICTION Small, A. - On Shelf,Book::McKinley Children's Area: TEEN FICTION Small, A. - On Shelf,Book::South Natomas Teen Area: TEEN FICTION Small, A. - On Shelf"
https://catalog.saclibrary.org/GroupedWork/85c76afc-3fa9-ba81-a3ad-16ce3dc80159-eng,"The confession club: a novel","Berg, Elizabeth",9781984855176,,"Recorded Books, Inc.; Random House Large Print; Random House; Random House Publishing Group",2019,"New York; [New York]","eAudiobook;Large Print;Book;eBook","Book::Arcade: FICTION Berg, E. - On Shelf,Book::Carmichael: FICTION Berg, E. - Checked Out,Book::Central: FICTION Berg, E. - On Shelf"
https://catalog.saclibrary.org/GroupedWork/5d4c7727-f2ce-52ba-15c8-6631eb288074-eng,Damsel,"Arnold, Elana K",9780062742322,,"HarperCollins; Balzer + Bray, an imprint of HarperCollins Publishers",2018,"New York, NY",eAudiobook;eBook;Book,"Book::Central Teen Area - 3rd Floor: TEEN FICTION Arnold, E. - On Shelf,Book::Pocket-Greenhaven Teen Area: TEEN FICTION Arnold, E. - On Shelf,Book::Sylvan Oaks Teen Area: TEEN FICTION Arnold, E. - On Shelf"
https://catalog.saclibrary.org/GroupedWork/84498a85-1336-a114-f410-33d8562d2edb-eng,"The life before her eyes","Kasischke, Laura, 1961-",9780156027120,,"Harcourt; Blackstone Publishing","2002 - 2006","New York",Book;eAudiobook,"Book::Central: FICTION Kasischke - On Shelf"
https://catalog.saclibrary.org/GroupedWork/c802e025-6c2d-094c-d2a6-6ff39f251e61-eng,"In the key of Nira Ghani","Deen, Natasha",9780762465477,,"Hachette Audio; RP Teens; Running Press",2019,Philadelphia,eAudiobook;eBook;Book,"Book::North Natomas: TEEN FICTION Deen, N. - On Shelf,Book::Pocket-Greenhaven Teen Area: TEEN FICTION Deen, N. - On Shelf,Book::Sacramento Public Library Storage: TEEN FICTION Deen, N. - On Shelf"
https://catalog.saclibrary.org/GroupedWork/52ca74bb-a7e5-8ff9-2ac0-34e3ec21e4b8-eng,"When we become ours: a YA adoptee anthology","Gibney, Shannon",9780063144408,,"HarperCollins; HarperTeen, an imprint of HarperCollinsPublishers",2023,"New York, NY",eAudiobook;eBook;Book,"Book::Central Teen Area - 3rd Floor: TEEN FICTION When - On Shelf,Book::Southgate Teen Area: TEEN FICTION When - On Shelf,Book::Sylvan Oaks Teen Area: TEEN FICTION When - On Shelf"
https://catalog.saclibrary.org/GroupedWork/c7b3e40a-034e-1285-63f6-f22564f142cc-eng,"Boys of the beast","Zepeda, Monica",9781643790954,,"Recorded Books, Inc.; Tu Books, an imprint of Lee & Low Books Inc; Lee & Low Books","2022 - 2023","New York",eAudiobook;Book;eBook,"Book::Franklin Teen: TEEN FICTION Zepeda, M. - On Shelf,Book::South Natomas Teen Area: TEEN FICTION Zepeda, M. - On Shelf,Book::North Natomas: TEEN FICTION Zepeda, M. - On Shelf"
https://catalog.saclibrary.org/GroupedWork/572f732c-bf93-d50b-3600-2c236fc2337c-eng,"Sad girls","Leav, Lang",9781449487768,,"Tantor Media, Inc.; Andrews McMeel; Andrews McMeel Publishing; Andrews McMeel Publishing, LLC",2017,"Kansas City, Missouri",eBook;Book;eAudiobook,"Book::Central: FICTION Leav, L. - On Shelf,Book::Colonial Heights: FICTION Leav, L. - On Shelf,Book::Barber Branch: TEEN FICTION Leav, L. - On Shelf"
https://catalog.saclibrary.org/GroupedWork/b5cadb45-9153-bdf3-1a50-6ef14da31141-eng,"Across the river and into the trees","Hemingway, Ernest, 1899-1961",9780684825533,,"Simon & Schuster Audio; Scribner; Simon & Schuster","1950 - 2006","New York",eBook;Book;eAudiobook,"Book::Arcade: FICTION Hemingway, E. - On Shelf,Book::Central: FICTION Hemingway, E. - On Shelf,Book::Fair Oaks: FICTION Hemingway, E. - On Shelf"
https://catalog.saclibrary.org/GroupedWork/4efa3154-0a53-bb56-53fe-02663cd20255-eng,"The voting booth","Colbert, Brandy",9781368053297,,"Disney Hyperion; Disney Hyperion Digital; Hyperion; Dreamscape Media",2020,"Los Angeles",eAudiobook;eBook;Book,"Book::Elk Grove Teen Area: TEEN FICTION Colbert, B. - Checked Out,Book::McKinley Children's Area: TEEN FICTION Colbert, B. - On Shelf,Book::North Sacramento-Hagginwood Teen Area: TEEN FICTION Colbert, B. - On Shelf"
https://catalog.saclibrary.org/GroupedWork/093c5c35-baf7-4f1e-b365-6bd2cb2d3072-eng,"The Hollow land","Gardam, Jane",9781609452469,,"Recorded Books, Inc.; Europa Editions","2014 - 2020","New York, N.Y",eBook;Book;eAudiobook,"Book::Southgate: FICTION Gardam, J. - On Shelf"
https://catalog.saclibrary.org/GroupedWork/8aa0c1f2-712e-151f-a77e-696e77e143bb-eng,"How Maya got fierce","Charaipotra, Sona",9781250762139,,"Macmillan Audio; Feiwel & Friends; Fewel and Friends",2022,"New York",eAudiobook;eBook;Book,"Book::Belle Cooledge Teen Area: TEEN FICTION Charaipotra, S. - On Shelf,Book::Elk Grove Teen Area: TEEN FICTION Charaipotra, S. - On Shelf,Book::Fair Oaks Teen Area: TEEN FICTION Charaipotra, S. - On Shelf"
https://catalog.saclibrary.org/GroupedWork/6beaaccb-bd4f-b2ec-4513-b9c465dc2010-eng,"Bad girls never say die","Mathieu, Jennifer",9781250232588,,"Recorded Books, Inc.; Roaring Brook Press",2021,"New York",eAudiobook;Book,"Book::Carmichael Teen Area: TEEN FICTION Mathieu, J. - On Shelf,Book::Central Teen Area - 3rd Floor: TEEN FICTION Mathieu, J. - On Shelf,Book::Elk Grove Teen Area: TEEN FICTION Mathieu, J. - On Shelf"
https://catalog.saclibrary.org/GroupedWork/0db28bcc-62cf-d570-aef6-58175c802c3c-eng,"A theory of love: a novel","Thornton, Margaret Bradham",9780062742704,,"Ecco, an imprint of HarperCollinsPublishers; HarperCollins; HarperAudio",2018,"New York, NY",eAudiobook;eBook;Book,"Book::Central: FICTION Thornton, M. - On Shelf"
https://catalog.saclibrary.org/GroupedWork/6183cb39-8411-983a-ff2a-04c119db278d-eng,"Shatter the sky","Wells, Rebecca Kim",9781534437906,,"Recorded Books, Inc.; Simon & Schuster BFYR",2019,"New York",eAudiobook;Book,"Book::Rancho Cordova: TEEN FICTION Wells, R. - On Shelf,Book::Sacramento Public Library Storage: TEEN FICTION Wells, R. - On Shelf"
https://catalog.saclibrary.org/GroupedWork/fe9cbd78-d47b-845f-84df-7caab017ca9e-eng,"Asking for it","O'Neill, Louise, 1985-",9781681445373,,"Tantor Media, Inc.; W. F. Howes Ltd; Quercus; Tantor Media, Inc","2016 - 2017","New York",eAudiobook;Book;eBook,"Book::Rancho Cordova: TEEN FICTION O'Neill, L. - On Shelf,Book::Folsom Teen Room: TEEN FICTION O'Neill, L. - Checked Out,Book::Sacramento Public Library Storage: TEEN FICTION O'Neill, L. - On Shelf"
https://catalog.saclibrary.org/GroupedWork/4fe40326-db09-0104-1df0-891de3c5de41-eng,"Say you'll remember me","McGarry, Katie",9780373212378,,"Harlequin Audio; HarlequinTeen; HarlequinAudio; Harlequin",2018,"Don Mills, Ontario",eAudiobook;eBook;Book,"Book::North Natomas: TEEN FICTION McGarry, K. - On Shelf"
https://catalog.saclibrary.org/GroupedWork/f251419d-50e4-8f4c-898e-82880d8852e3-eng,"A passage to India","Forster, E. M. (Edward Morgan), 1879-1970",9780156711425,,"Harcourt, Brace, Jovanovich; Interactive Media; Harcourt Brace Jovanovich; Dreamscape Media; Books on Tape; Distributed by Random House; Audio Editions; Start Publishing LLC; Knopf; Author's Republic; SoundCraft Audiobooks; Canongate Books; RosettaBooks","1984 - 2024","New York; Newport Beach, CA; San Diego; Auburn, CA","Audiobook - CD;eBook;Book;eAudiobook","Book::Galt: FICTION Forster, E. - On Shelf,Book::South Natomas: FICTION Forster, E. - Checked Out,Book::Barber Branch: TEEN FICTION Forster, E. [CLASSICS] - On Shelf"
https://catalog.saclibrary.org/GroupedWork/901d9283-6fcb-0407-8d39-317ca2fed7d7-eng,"If it makes you happy","Kann, Claire",9781250192677,,"Swoon Reads; OrangeSky Audio; Spotify Audiobooks","2019 - 2021","New York",eAudiobook;Book,"Book::Central Teen Area - 3rd Floor: TEEN FICTION Kann, C. - On Shelf,Book::Fair Oaks Teen Area: TEEN FICTION Kann, C. - On Shelf,Book::Valley Hi-North Laguna Teen Area: TEEN FICTION Kann, C. - On Shelf"
https://catalog.saclibrary.org/GroupedWork/63d91f7f-46bb-fca0-9483-1da297d6be69-eng,"You're welcome, universe","Gardner, Whitney",9780399551420,,"Random House Children's Books; Tantor Media, Inc; Alfred A Knopf","2017 - 2025","New York",eAudiobook;Book;eBook,"Book::Carmichael Teen Area: TEEN FICTION Gardner, W. - On Shelf,Book::Galt Teen Area: TEEN FICTION Gardner, W. - On Shelf,Book::South Natomas Teen Area: TEEN FICTION Gardner, W. - On Shelf"
https://catalog.saclibrary.org/GroupedWork/145893ea-029f-9c07-51b2-1d86366e68ce-eng,"Prom babies","Magoon, Kekla",9781250806253,,"Henry Holt and Company; Spotify Audiobooks",2024,"New York",eAudiobook;Book,"Book::Carmichael Teen Area: TEEN FICTION Magoon, K. - On Shelf,Book::Central Teen Area - 3rd Floor: TEEN FICTION Magoon, K. - On Shelf,Book::Colonial Heights: TEEN FICTION Magoon, K. - On Shelf"
https://catalog.saclibrary.org/GroupedWork/dd942c37-0c09-abcd-3f46-78fef87e3218-eng,Birthday,"Russo, Meredith",9781250129833,,"Macmillan Audio; Flatiron Books",2019,"New York",eAudiobook;Book;eBook,"Book::Arcade Teen Area: TEEN FICTION Russo, M. - On Shelf,Book::Belle Cooledge Teen Area: TEEN FICTION Russo, M. - On Shelf,Book::Valley Hi-North Laguna Teen Area: TEEN FICTION Russo, M. - On Shelf"
https://catalog.saclibrary.org/GroupedWork/37dfe9a7-5fa1-6f5c-e1c9-66d9698e6160-eng,"The benefits of being an octopus","Braden, Ann",9781510737488,,"Tantor Media, Inc.; Sky Pony; Tantor Media, Inc; Sky Pony Press","2018 - 2019","New York",eAudiobook;eBook;Book,"Book::Carmichael Children's Area: CHILDREN FICTION Braden, A. - Checked Out,Book::Courtland Children's Area: CHILDREN FICTION Braden, A. - On Shelf,Book::South Natomas Children's Area: CHILDREN FICTION Braden, A. - On Shelf"
https://catalog.saclibrary.org/GroupedWork/2717d1f1-522c-3cc4-0bed-e295d63ca322-eng,"The sacrifice of darkness","Gay, Roxane",9781646680368,,"BOOM! Studios; Archaia; Boom Entertainment",2020,"Los Angeles, CA","eComic;Graphic Novel/Manga","Graphic Novel/Manga::Central: GRAPHIC NOVEL Gay, R. - On Shelf,Graphic Novel/Manga::Fair Oaks: GRAPHIC NOVEL Gay, R. - Checked Out,Graphic Novel/Manga::North Natomas: GRAPHIC NOVEL Gay, R. - On Shelf"
https://catalog.saclibrary.org/GroupedWork/d0767c11-8c74-6e9e-bb98-7919fbda9451-eng,"What I carry","Longo, Jennifer",9780553537710,,"Tantor Media, Inc.; Random House Children's Books; Tantor Media, Inc; Random House",2020,"New York",eAudiobook;Book;eBook,"Book::Belle Cooledge Teen Area: TEEN FICTION Longo, J. - On Shelf,Book::North Natomas: TEEN FICTION Longo, J. - On Shelf,Book::Valley Hi-North Laguna Teen Area: TEEN FICTION Longo, J. - On Shelf"
https://catalog.saclibrary.org/GroupedWork/1748264c-b5ba-5a53-3747-66b97a122e61-eng,"The small crimes of Tiffany Templeton","Fifield, Richard, 1975-",9781984835895,,"Razorbill; Blackstone Publishing",2020,"New York",Book;eAudiobook,"Book::South Natomas Teen Area: TEEN FICTION Fifield, R. - On Shelf,Book::North Natomas: TEEN FICTION Fifield, R. - On Shelf"
https://catalog.saclibrary.org/GroupedWork/522f9120-fac0-0bb7-3af6-b7bb502721b4-eng,"What's not to love","Wibberley, Emily",9781984835864,,"Viking; Dreamscape Media; Penguin Young Readers Group",2021,"New York",eAudiobook;Book;eBook,"Book::Southgate Teen Area: TEEN FICTION Wibberley, E. - On Shelf,Book::Sacramento Public Library Storage: TEEN FICTION Wibberley, E. - On Shelf"
https://catalog.saclibrary.org/GroupedWork/ce373353-4d18-1c8c-99fb-7aea20d08de7-eng,Lost,"Fountain, Ele",9781782692553,,"W. F. Howes Ltd; Pushkin Children's",2020,London,eAudiobook;Book,"Book::Elk Grove Kids' Place: CHILDREN FICTION Fountain, E. - On Shelf,Book::Franklin Children's: CHILDREN FICTION Fountain, E. - On Shelf,Book::Pocket-Greenhaven Kids' Place: CHILDREN FICTION Fountain, E. - On Shelf"
https://catalog.saclibrary.org/GroupedWork/780b617f-17ad-a3f8-3845-0939ffcc83ec-eng,"So close: a novel","McLaughlin, Emma",9781940716763,,"SparkPress, a BookSparks imprint, a division of SparkPoint Studio, LLC; Dreamscape Media; SparkPress",2016,"Tempe, Arizona",eAudiobook;eBook;Book,"Book::Central: FICTION McLaughlin, E. - On Shelf"
https://catalog.saclibrary.org/GroupedWork/51f79d86-3ce1-3810-d488-6eb70c1b5667-eng,"Begin again","Lord, Emma",9781250783363,,"St. Martin's Publishing Group; Macmillan Audio; Wednesday Books",2023,"New York; New York, NY","eAudiobook;Audiobook - CD;Book;eBook","Book::Carmichael Teen Area: TEEN FICTION Lord, E. - On Shelf,Book::Central Teen Area - 3rd Floor: TEEN FICTION Lord, E. - On Shelf,Book::Courtland Teen Area: TEEN FICTION Lord, E. - On Shelf"
https://catalog.saclibrary.org/GroupedWork/be240864-70cd-3990-e8ad-db89805917a2-eng,"How to disappear completely","Standish, Ali",9780062893284,,"HarperCollins; Harper, an imprint of HarperCollinsPublishers",2020,"New York, NY",eAudiobook;eBook;Book,
https://catalog.saclibrary.org/GroupedWork/00f5b2fa-218c-2506-c79e-4ec019f7307b-eng,"The flipside of perfect","Reinhardt, Liz",9781335470447,,"Tantor Media, Inc.; Tantor Media, Inc; Inkyard Press",2021,"Toronto, Ontario, Canada",eAudiobook;eBook;Book,"Book::Galt Teen Area: TEEN FICTION Reinhardt, L. - On Shelf,Book::Sacramento Public Library Storage: TEEN FICTION Reinhardt, L. - On Shelf"
https://catalog.saclibrary.org/GroupedWork/da66ba1e-f237-9313-d1bd-932fb15ee6e0-eng,Swing,"Alexander, Kwame",9780310761914,,"Clarion Books; HarperCollins; Blink","2018 - 2026","Grand Rapids, Michigan",eAudiobook;eBook;Book,"Book::Central Teen Area - 3rd Floor: TEEN FICTION Alexander, K. - On Shelf,Book::Elk Grove Teen Area: TEEN FICTION Alexander, K. - On Shelf,Book::Colusa Main Branch Teen Collection: YA Fic - On Shelf"
https://catalog.saclibrary.org/GroupedWork/512687fc-098b-1c27-8c82-02981a736cff-eng,"It's kind of a funny story","Vizzini, Ned, 1981-2013",9780786851973,,"Tantor Media, Inc.; Disney Hyperion; Disney Hyperion Digital; Tantor Media, Inc; Miramax Books/Hyperion Books For Children","2006 - 2012","New York",eAudiobook;eBook;Book,"Book::Arcade Teen Area: TEEN FICTION Vizzini, N. - On Hold Shelf,Book::Colusa Main Branch Teen Collection: YA Fic - In Transit,Book::Sacramento Public Library Storage: TEEN FICTION Vizzini, N. - On Shelf"
https://catalog.saclibrary.org/GroupedWork/946b44bc-bd36-0af4-b0b1-71a30e6d15d1-eng,"Everything must go","Davis, Jenny Fran",9781250119766,,"St. Martin's Publishing Group; Macmillan Audio; Wednesday Books",2017,"New York",eBook;Book;eAudiobook,"Book::Elk Grove Teen Area: TEEN FICTION Davis, J. - On Shelf,Book::North Sacramento-Hagginwood Teen Area: TEEN FICTION Davis, J. - On Shelf,Book::Folsom Teen Room: TEEN FICTION Davis, J. - On Shelf"
https://catalog.saclibrary.org/GroupedWork/7afa19cf-6fe7-ba3f-6e69-b6faef2b7852-eng,"Better place","Murray, Duane",9781649360045,,"IDW Publishing; Top Shelf Productions; Idea and Design Work, LLC",2021,"San Diego, CA","Graphic Novel/Manga;eComic","Graphic Novel/Manga::Carmichael Children's Area: CHILDREN GRAPHIC NOVEL Better Place - On Shelf,Graphic Novel/Manga::Central Kids Place - Lower Level: CHILDREN GRAPHIC NOVEL Better Place - On Shelf,Graphic Novel/Manga::Elk Grove Kids' Place: CHILDREN GRAPHIC NOVEL Better Place - Checked Out"
https://catalog.saclibrary.org/GroupedWork/c0a96e48-3c60-0814-66e1-141075827475-eng,"Frozen beauty","Hillyer, Lexa",9780062330406,,"HarperCollins; HarperTeen, an imprint of HarperCollinsPublishers",2020,"New York, NY",eAudiobook;eBook;Book,"Book::Belle Cooledge Teen Area: TEEN FICTION Hillyer, L. - On Shelf,Book::Franklin Teen: TEEN FICTION Hillyer, L. - On Shelf,Book::South Natomas Teen Area: TEEN FICTION Hillyer, L. - On Shelf"
https://catalog.saclibrary.org/GroupedWork/b21e3c1a-db12-cd9c-b651-de1f9820e5fb-eng,"Jasmine Zumideh needs a win","Boyer, Susan Azim",9781250833686,,"Macmillan Audio; Wednesday Books",2022,"New York",eAudiobook;Book,"Book::Carmichael Teen Area: TEEN FICTION Boyer, S. - On Shelf,Book::Central Teen Area - 3rd Floor: TEEN FICTION Boyer, S. - On Shelf,Book::Elk Grove Teen Area: TEEN FICTION Boyer, S. - On Shelf"
https://catalog.saclibrary.org/GroupedWork/b8bc4cee-2090-728c-7b14-e34c1046435e-eng,"Clementine: Book two","Walden, Tillie, 1996-",9781534325197,,"Skybound Comet; Image Comics","2022 - 2023","Portland, OR","Graphic Novel/Manga;eComic","Graphic Novel/Manga::Carmichael Teen Area: TEEN GRAPHIC NOVEL Clementine v.2 - On Shelf,Graphic Novel/Manga::Central Teen Area - 3rd Floor: TEEN GRAPHIC NOVEL Clementine v.2 - On Shelf,Graphic Novel/Manga::Elk Grove Teen Area: TEEN GRAPHIC NOVEL Clementine v.2 - On Shelf"
https://catalog.saclibrary.org/GroupedWork/6a658d2a-e550-51e0-b61d-c53221d53df7-eng,"Justin Morgan had a horse","Henry, Marguerite, 1902-1997",9781481425629,,"Recorded Books, Inc.; Blackstone Publishing; Simon & Schuster Books for Young Readers","1991 - 2010","New York",eAudiobook;Book,"Book::Carmichael Children's Area: CHILDREN FICTION Henry, M. - On Shelf,Book::Belle Cooledge Children's Area: CHILDREN FICTION Henry, M. - On Shelf,Book::Elk Grove Kids' Place: CHILDREN FICTION Henry, M. - Checked Out"
https://catalog.saclibrary.org/GroupedWork/0a82bf97-dc77-80f7-4c79-27869284369b-eng,"Like water","Podos, Rebecca",9780062373373,,"Balzer + Bray, an imprint of HarperCollins Publishers; HarperCollins",2017,"New York, NY",eBook;Book;eAudiobook,"Book::Rio Linda Teen Area: TEEN FICTION Podos, R. - On Shelf"
https://catalog.saclibrary.org/GroupedWork/3d43170b-ed58-7933-91ff-6086813926e3-eng,"What if it's us","Albertalli, Becky",9780062795236,,"HarperCollins; Harper Audio; Balzer + Bray, HarperTeen, imprints of HarperCollinsPublishers",2018,"New York; New York, NY","eAudiobook;Audiobook - CD;eBook;Book","Book::Central Teen Area - 3rd Floor: TEEN FICTION Albertalli, B. - On Shelf,Book::Elk Grove Teen Area: TEEN FICTION Albertalli, B. - On Shelf,Book::Rio Linda Teen Area: TEEN FICTION Albertalli, B. - Checked Out"
https://catalog.saclibrary.org/GroupedWork/fd78f67d-18e5-6c65-b6db-080bd5a2e75f-eng,"House arrest","Holt, K. A",9781452134772,,"Tantor Media, Inc.; Chronicle Books LLC; Tantor Media, Inc; Chronicle Books","2015 - 2019","San Francisco",eAudiobook;eBook;Book,"Book::Belle Cooledge Children's Area: CHILDREN FICTION Holt, K. - Checked Out,Book::McClatchy Children's Area: CHILDREN FICTION Holt, K. - On Shelf,Book::Rancho Children's Area: CHILDREN FICTION Holt, K. - On Shelf"
https://catalog.saclibrary.org/GroupedWork/e2a1ff91-d938-2dad-ca90-595f7469c671-eng,"The upside of falling","Light, Alex",9780062918055,,"HarperCollins; Harper Teen, an imprint of HarperCollinsPublishers",2020,"New York, NY",eAudiobook;eBook;Book,"Book::Central Teen Area - 3rd Floor: TEEN FICTION Light, A. - On Shelf,Book::Galt Teen Area: TEEN FICTION Light, A. - OFF CAMPUS,Book::Barber Branch: TEEN FICTION Light, A. - On Shelf"
https://catalog.saclibrary.org/GroupedWork/cdaf97d7-548c-002d-ad1c-b82a6d8e73be-eng,"That's not a feeling","Josefson, Dan",9781616951887,,"Soho Press; Blackstone Publishing","2012 - 2013","New York",Book;eAudiobook,"Book::Central: FICTION Josefson, D. - On Shelf"
https://catalog.saclibrary.org/GroupedWork/7ef3207e-e243-fe24-6d06-662dbdb10a14-eng,"This book betrays my brother","Molope, Kagiso Lesego, 1976-",9781988449296,,"Mawenzi House; ECW Press; Bespeak Audio Editions; Mawenzi House Publishers","2018 - 2020",Toronto,eAudiobook;Book;eBook,"Book::Arcade Teen Area: TEEN FICTION Molope, K. - On Shelf"
https://catalog.saclibrary.org/GroupedWork/8cc36915-87e7-e18e-346d-100e4523153c-eng,"Neanderthal opens the door to the universe","Norton, Preston, 1985-",9781484790625,,"Recorded Books, Inc.; Hyperion; Little, Brown Books for Young Readers","2018 - 2019","Los Angeles",eAudiobook;eBook;Book,"Book::Belle Cooledge Teen Area: TEEN FICTION Norton, P. - On Shelf,Book::Grimes Branch Library Teen Area: YA Fic - On Shelf,Book::Sacramento Public Library Storage: TEEN FICTION Norton, P. - On Shelf"
https://catalog.saclibrary.org/GroupedWork/2e836e2a-484e-7446-c7e1-b28d406a0ff3-eng,Soon,"Murphy, Lois",9781789092356,,"Blackstone Publishing; Titan Books","2019 - 2020","London, England",Book;eAudiobook,"Book::Central: FICTION Murphy, L. - On Shelf,Book::Rio Linda: FICTION Murphy, L. - On Shelf"
https://catalog.saclibrary.org/GroupedWork/052f36cf-fd88-1b72-44a4-5f1962d5e55e-eng,"Sister golden hair: a novel","Steinke, Darcey",9781935639947,,"Tin House Books; Dreamscape Media",2014,Portland,eAudiobook;Book,"Book::South Natomas: FICTION Steinke, D. - On Shelf"
https://catalog.saclibrary.org/GroupedWork/d2c51727-4bb5-6221-50af-e7d7d7c859ce-eng,"What we wish for","Maysonet, Melody",9798212638289,,"Blackstone Publishing","2024 - 2025","Ashland, OR",eAudiobook;eBook;Book,"Book::Central Teen Area - 3rd Floor: TEEN FICTION Maysonet, M. - On Shelf,Book::Colonial Heights: TEEN FICTION Maysonet, M. - On Shelf,Book::Franklin Teen: TEEN FICTION Maysonet, M. - On Shelf"
https://catalog.saclibrary.org/GroupedWork/6d860efe-a119-5d03-1155-fe302a75d694-eng,"Stepping off","Sonnenblick, Jordan",9781339023175,,"Scholastic Inc.; Scholastic Press",2024,"New York",eAudiobook;Book,"Book::Central Teen Area - 3rd Floor: TEEN FICTION Sonnenblick, J. - On Shelf,Book::Franklin Teen: TEEN FICTION Sonnenblick, J. - On Shelf,Book::North Natomas: TEEN FICTION Sonnenblick, J. - On Shelf"
https://catalog.saclibrary.org/GroupedWork/04cd191f-08cb-5d05-3503-26a05680d776-eng,"Dandelion wine: a novel","Bradbury, Ray, 1920-",9780380977260,,"Tantor Media, Inc.; William Morrow; HarperCollins; Blackstone Publishing; Blackstone Publishing / Colonial Radio Theater","2001 - 2013","New York",eAudiobook;eBook;Book,"Book::Arcade: FICTION Bradbury, R. - Checked Out,Book::Carmichael: FICTION Bradbury, R. - Checked Out,Book::Central: FICTION Bradbury, R. - Checked Out"
https://catalog.saclibrary.org/GroupedWork/5a2a0ccb-d815-cdc7-1bf2-65fddc2c5146-eng,"House of yesterday","Zargarpur, Deeba",9780374388706,,"Recorded Books, Inc.; Farrar Straus Giroux",2022,"New York",eAudiobook;Book,"Book::Arcade Teen Area: TEEN FICTION Zargarpur, D. - On Shelf,Book::Carmichael Teen Area: TEEN FICTION Zargarpur, D. - On Shelf,Book::North Natomas: TEEN FICTION Zargarpur, D. - On Shelf"
https://catalog.saclibrary.org/GroupedWork/702fcdbe-6893-3f62-d66f-67267827657f-eng,"Hurricane summer","Bromfield, Asha",9781250622235,,"Macmillan Audio; Wednesday Books",2021,"New York",Book;eAudiobook,"Book::North Natomas: TEEN FICTION Bromfield, A. - On Shelf,Book::Sacramento Public Library Storage: TEEN FICTION Bromfield, A. - On Shelf"
https://catalog.saclibrary.org/GroupedWork/20083704-dcbd-513f-6195-447f76a56e7c-eng,"Big girl small","DeWoskin, Rachel",9780374112578,,"Farrar, Straus and Giroux; Blackstone Publishing",2011,"New York",eBook;Book;eAudiobook,"Book::Central: FICTION DeWoskin, R. - On Shelf,Book::Southgate: FICTION DeWoskin, R. - On Shelf"
https://catalog.saclibrary.org/GroupedWork/0f21c827-b043-cd5c-4bf5-4deb771e174e-eng,Sinless,"Tarkoff, Sarah",9780062456380,,"Harper Voyager; HarperCollins; HarperAudio",2018,"New York",eBook;Book;eAudiobook,"Book::Central: SCIENCE FICTION Tarkoff, S. - On Shelf,Book::Walnut Grove: SCIENCE FICTION Tarkoff, S. - On Shelf"
https://catalog.saclibrary.org/GroupedWork/55ebce56-54db-0c38-51a3-08139bf7faa9-eng,"The sticky note manifesto of Aisha Agarwal","Vohra, Ambika",9780063347168,,"HarperCollins; Quill Tree Books; Quill Tree Books, an imprint of HarperCollinsPublishers",2024,"New York, NY",eAudiobook;eBook;Book,"Book::Central Teen Area - 3rd Floor: TEEN FICTION Vohra, A. - On Shelf,Book::Courtland Teen Area: TEEN FICTION Vohra, A. - On Shelf,Book::Del Paso Heights Teen Area: TEEN FICTION Vohra, A. - On Shelf"
https://catalog.saclibrary.org/GroupedWork/5cd482db-aa2c-5a70-de93-d252b54fbd0a-eng,"When we were them","Namey, Laura Taylor",9781534471276,,"Atheneum; Simon & Schuster Audio",2021,"New York",Book;eAudiobook,"Book::Arcade Teen Area: TEEN FICTION Namey, L. - On Shelf,Book::Elk Grove Teen Area: TEEN FICTION Namey, L. - On Shelf,Book::Orangevale: TEEN FICTION Namey, L. - On Shelf"
https://catalog.saclibrary.org/GroupedWork/36a15a27-2376-80db-aa25-fcd209d3dfe1-eng,"Me & Mr. Cigar","Haynes, Gibby",9781616958121,,"Recorded Books, Inc.; Soho Press; Soho Teen",2020,"New York, NY",eBook;Book;eAudiobook,"Book::Orangevale: TEEN FICTION Haynes, G. - Checked Out,Book::Sacramento Public Library Storage: TEEN FICTION Haynes, G. - On Shelf"
https://catalog.saclibrary.org/GroupedWork/1e8ed832-d026-dbd6-46a9-f11e787abcdb-eng,"Brief chronicle of another stupid heartbreak","Alsaid, Adi",9781335012555,,"Recorded Books, Inc.; Inkyard Press",2019,"Toronto, Ontario, Canada",eAudiobook;eBook;Book,"Book::Fair Oaks Teen Area: TEEN FICTION Alsaid, A. - On Shelf,Book::Franklin Teen: TEEN FICTION Alsaid, A. - On Shelf,Book::Valley Hi-North Laguna Teen Area: TEEN FICTION Alsaid, A. - On Shelf"
https://catalog.saclibrary.org/GroupedWork/cc7e22fc-5e56-8a13-9302-8e791c402008-eng,"Wherever I go","Copp, Mary Wagley",9781534419193,,"Atheneum Books for Young Readers; Dreamscape Media","2019 - 2020","New York","Picture Book;eAudiobook","Picture Book::Carmichael Children's Area: PICTURE BOOK Copp, M. - Checked Out,Picture Book::South Natomas Children's Area: PICTURE BOOK Copp, M. - On Shelf,Picture Book::North Natomas Children's Area: PICTURE BOOK Copp, M. - On Shelf"
https://catalog.saclibrary.org/GroupedWork/56af01a6-7204-0693-5b40-aacdc479acbb-eng,"The art of dumpster diving","Moses, Jennifer Anne",9781684424627,,"Turner Publishing Company; Blackstone Publishing","2019 - 2020",Nashville,eBook;Book;eAudiobook,"Book::Rio Linda Teen Area: TEEN FICTION Moses, J. - On Shelf"
https://catalog.saclibrary.org/GroupedWork/e7c93dfe-2ab3-f3df-a315-ac873ce1288c-eng,"Rabbit & Juliet","Stafford, Rebecca (Rebecca Hazelton Stafford)",9780063351363,,"HarperCollins; Quill Tree Books; Quill Tree Books, an imprint of HarperCollinsPublishers",2024,"New York, NY",eAudiobook;eBook;Book,"Book::Arcade Teen Area: TEEN FICTION Stafford, R. - On Shelf,Book::Franklin Teen: TEEN FICTION Stafford, R. - On Shelf,Book::South Natomas Teen Area: TEEN FICTION Stafford, R. - On Shelf"
https://catalog.saclibrary.org/GroupedWork/eb2f8d1e-0611-b5c4-8cf1-c86602221abb-eng,"Each of us a desert","Oshiro, Mark",9781250169211,,"Tor Teen; Macmillan Audio; Tor Publishing Group",2020,"New York",eAudiobook;Book;eBook,
https://catalog.saclibrary.org/GroupedWork/89e503e4-14cf-4724-b64f-a1354c101692-eng,"Slow burn","Wallach, Tommy",9781481468411,,"Simon & Schuster Audio; Simon & Schuster BFYR",2018,"New York",Book;eAudiobook,"Book::Carmichael Teen Area: TEEN FICTION Wallach, T. - On Shelf"
https://catalog.saclibrary.org/GroupedWork/89f511a7-a4e5-da95-298f-2619b7f294f1-eng,"The weight of the stars","Ancrum, K. (Kayla), 1991-",9781250101631,,"Tantor Media, Inc.; Tantor Media, Inc; Imprint","2019 - 2021","New York",eAudiobook;eBook;Book,"Book::Central Teen Area - 3rd Floor: TEEN FICTION Ancrum, K. - On Shelf,Book::Valley Hi-North Laguna Teen Area: TEEN FICTION Ancrum, K. - On Shelf,Book::Sacramento Public Library Storage: TEEN FICTION Ancrum, K. - On Shelf"
https://catalog.saclibrary.org/GroupedWork/e70eb62b-4663-7b5f-c7d0-cdf455cb33b2-eng,"Out of character","Miller, Jenna",9780063243323,,"HarperCollins; Quill Tree Books; Quill Tree Books, an imprint of HarperCollinsPublishers",2023,"New York, NY",eAudiobook;eBook;Book,"Book::Central Teen Area - 3rd Floor: TEEN FICTION Miller, J. - On Shelf,Book::Orangevale: TEEN FICTION Miller, J. - On Shelf,Book::Sacramento Public Library Storage: TEEN FICTION Miller, J. - On Shelf"
https://catalog.saclibrary.org/GroupedWork/eb28b50a-d6f3-853c-b061-7bea843bbe47-eng,"Weightless: a novel","Bannan, Sarah, 1978-",9781250050922,,"St. Martin's Publishing Group; St. Martin's Griffin; Macmillan Audio",2015,"New York",eBook;Book;eAudiobook,"Book::Central: FICTION Bannan, S. - On Shelf,Book::Stonyford Branch Library Teen Collection: YA Fic - On Shelf"
https://catalog.saclibrary.org/GroupedWork/f9857c15-1e00-0662-ceba-003b33bb2d20-eng,"What beauty there is: a novel","Anderson, Cory",9781250268099,,"Macmillan Audio; Roaring Brook Press",2021,"New York",eAudiobook;Book,"Book::North Natomas: TEEN FICTION Anderson, C. - On Shelf,Book::Rancho Cordova: TEEN FICTION Anderson, C. - On Shelf,Book::Valley Hi-North Laguna Teen Area: TEEN FICTION Anderson, C. - On Shelf"
https://catalog.saclibrary.org/GroupedWork/2ffdc9e3-70de-2e15-11c0-41bc8c0426ac-eng,"Across five Aprils","Hunt, Irene",9780425102411,,"Recorded Books, Inc.; Audio Bookshelf,LLC; Blackstone Publishing; Penguin Publishing Group; Berkley Books","1986 - 2016","New York",eAudiobook;Book;eBook,"Book::Belle Cooledge Children's Area: CHILDREN FICTION Hunt, I. - On Shelf,Book::Fair Oaks Children's Area: CHILDREN FICTION Hunt, I. - Checked Out,Book::Rancho Children's Area: CHILDREN FICTION Hunt, I. - On Shelf"
https://catalog.saclibrary.org/GroupedWork/094cbce2-5e5a-6ad3-d07f-a0bffe6ecde5-eng,"What I want you to see","Linka, Catherine",9781368027557,,"Freeform Books; Little, Brown Books for Young Readers; Blackstone Publishing",2020,"Los Angeles",eAudiobook;Book;eBook,
https://catalog.saclibrary.org/GroupedWork/ee9561d2-0ae5-4ab5-9669-c8b9c4a93e08-eng,"Ordinary girls","Thornburgh, Blair",9780062447814,,"HarperCollins; HarperTeen, an imprint of HarperCollinsPublishers",2019,"New York, NY",eAudiobook;Book,"Book::Rancho Cordova: TEEN FICTION Thornburgh, B. - On Shelf,Book::Sylvan Oaks Teen Area: TEEN FICTION Thornburgh, B. - On Shelf,Book::Valley Hi-North Laguna Teen Area: TEEN FICTION Thornburgh, B. - On Shelf"
https://catalog.saclibrary.org/GroupedWork/9e6c4503-c043-6e85-71ab-a8bdf82f5274-eng,"Ginny Moon","Ludwig, Benjamin, 1974-",9780778330165,,"Harlequin Audio; Park Row Books; Large Print Press, a part of Gale, Cengage Learning; HarlequinAudio",2017,"Don Mills, Ontario; Farmington Hills, Mich","eAudiobook;Audiobook - CD;Large Print;Book","Book::Central: FICTION Ludwig, B. - On Shelf,Book::Colusa Main Branch Adult Collection: Fic - On Shelf,Book::Princeton Branch Library Adult Collection: Fic - On Shelf"
https://catalog.saclibrary.org/GroupedWork/15129b33-3a2b-c60f-d0d1-707d916948cb-eng,"Snowflake, AZ","Sedgwick, Marcus",9781324004417,,"Recorded Books, Inc.; Norton Young Readers, an imprint of W.W. Norton & Company",2019,"New York, NY",eAudiobook;Book,"Book::North Natomas: TEEN FICTION Sedgwick, M. - Checked Out,Book::Sacramento Public Library Storage: TEEN FICTION Sedgwick, M. - On Shelf"
https://catalog.saclibrary.org/GroupedWork/fe685e6c-9a58-fe82-5704-e2b31e07bb78-eng,"Finding my voice","Lee, Marie Myung-Ok, 1964-",9781641291972,,"Recorded Books, Inc.; Soho Press; Soho Teen",2020,"New York, NY",eAudiobook;Book;eBook,"Book::South Natomas Teen Area: TEEN FICTION Lee, M. - On Shelf,Book::North Natomas: TEEN FICTION Lee, M. - On Shelf,Book::Sylvan Oaks Teen Area: TEEN FICTION Lee, M. - On Shelf"
https://catalog.saclibrary.org/GroupedWork/80c8bd90-0c8e-c9e7-c745-36daabf4bb6b-eng,"Return to Paradise","Elkeles, Simone",9780738718682,,"North Star Editions; Flux; Dreamscape Media; Llewellyn Worldwide, LTD.","2010 - 2014","Woodbury, Minn",eBook;Book;eAudiobook,"Book::Carmichael Teen Area: TEEN FICTION Elkeles, S. - On Shelf,Book::McKinley Children's Area: TEEN FICTION Elkeles, S. - On Shelf"
https://catalog.saclibrary.org/GroupedWork/dd342756-c72f-a0c5-853a-71f0fafc68b1-eng,"She drives me crazy","Quindlen, Kelly",9781250209153,,"Tantor Media, Inc.; Tantor Media, Inc; Roaring Brook Press",2021,"New York",eAudiobook;Book;eBook,"Book::Elk Grove Teen Area: TEEN FICTION Quindlen, K. - On Shelf,Book::Folsom Teen Room: TEEN FICTION Quindlen, K. - On Shelf,Book::Sacramento Public Library Storage: TEEN FICTION Quindlen, K. - On Shelf"
https://catalog.saclibrary.org/GroupedWork/3c7904a1-32a2-6840-63f8-81a070fd3fb0-eng,"The house","Roca, Paco (Comic book artist)",9781683962632,,"Fantagraphics Books",2019,"Seattle, WA","Graphic Novel/Manga;eComic","Graphic Novel/Manga::Central: GRAPHIC NOVEL Roca, P. - On Shelf,Graphic Novel/Manga::Rio Linda: GRAPHIC NOVEL Roca, P. - On Shelf,Graphic Novel/Manga::Valley Hi-North Laguna: GRAPHIC NOVEL Roca, P. - On Shelf"
https://catalog.saclibrary.org/GroupedWork/24516f15-cd8a-88e8-ddaf-2a3e0afbfe39-eng,"Finding Felicity","Kade, Stacey",9781481464253,,"Simon & Schuster BFYR; Dreamscape Media",2018,"New York",Book;eAudiobook,"Book::Franklin Teen: TEEN FICTION Kade, S. - On Shelf,Book::Rio Linda Teen Area: TEEN FICTION Kade, S. - On Shelf"
https://catalog.saclibrary.org/GroupedWork/82c45c80-7707-2cca-8f62-27474602cb6d-eng,"Hurt you","Lee, Marie Myung-Ok, 1964-",9798200758098,,"Blackstone Publishing",2023,"Ashland, OR",eAudiobook;eBook;Book,"Book::Central Teen Area - 3rd Floor: TEEN FICTION Lee, M. - On Shelf,Book::Belle Cooledge Teen Area: TEEN FICTION Lee, M. - On Shelf,Book::Elk Grove Teen Area: TEEN FICTION Lee, M. - On Shelf"
https://catalog.saclibrary.org/GroupedWork/b0d2f63a-7bb1-dbd7-d0e2-4126d3e2a9f3-eng,"Strongheart: the world's first movie star dog","McCully, Emily Arnold",9780805094480,,"Henry Holt and Co. (BYR); Henry Holt and Company",2014,"New York","Picture Book;eBook","Picture Book::Carmichael Children's Area: PICTURE BOOK McCully, E. - On Shelf,Picture Book::Elk Grove Kids' Place: PICTURE BOOK McCully, E. - On Shelf,Picture Book::Franklin Children's: PICTURE BOOK McCully, E. - On Shelf"
https://catalog.saclibrary.org/GroupedWork/e4f42a8f-c9ee-f9b8-bc4f-c199eab3db6a-eng,"Girls of July","Flinn, Alex",9780062447838,,"HarperCollins; HarperTeen, an imprint of HarperCollinsPublishers",2019,"New York, NY",eAudiobook;eBook;Book,"Book::Central Teen Area - 3rd Floor: TEEN FICTION Flinn, A. - On Shelf,Book::South Natomas Teen Area: TEEN FICTION Flinn, A. - On Shelf,Book::Sacramento Public Library Storage: TEEN FICTION Flinn, A. - In Transit"
https://catalog.saclibrary.org/GroupedWork/0d97de57-d8d1-da4e-a7d8-bc7404effe2f-eng,"Stay with my heart","Bhuiyan, Tashie",9781335010032,,"Harlequin Audio; HarlequinAudio; Inkyard Press",2024,"Toronto, Ontario, Canada",eAudiobook;eBook;Book,"Book::Central Teen Area - 3rd Floor: TEEN FICTION Bhuiyan, T. - On Shelf,Book::Southgate Teen Area: TEEN FICTION Bhuiyan, T. - On Shelf,Book::Valley Hi-North Laguna Teen Area: TEEN FICTION Bhuiyan, T. - On Shelf"
https://catalog.saclibrary.org/GroupedWork/55628ffb-5dac-4eb3-6cc7-ba1d309f1612-eng,"My life next door","Fitzpatrick, Huntley",9780142426043,,"Tantor Media, Inc.; Tantor Media, Inc; Dial Books; Penguin Young Readers Group","2012 - 2013","New York",eAudiobook;eBook;Book,"Book::South Natomas Teen Area: TEEN FICTION Fitzpatrick, H. - On Shelf,Book::Colusa Main Branch Teen Collection: YA Fic - On Shelf"
https://catalog.saclibrary.org/GroupedWork/ba82840c-bc64-7a10-1b0a-e00b142c9968-eng,Sunburn,"Watson, Andi",9781534326514,,"Image Comics",2022,"Portland, OR","Graphic Novel/Manga;eComic","Graphic Novel/Manga::Carmichael Teen Area: TEEN GRAPHIC NOVEL Watson, A. - On Shelf,Graphic Novel/Manga::Central Teen Area - 3rd Floor: TEEN GRAPHIC NOVEL Watson, A. - On Shelf,Graphic Novel/Manga::Colonial Heights: TEEN GRAPHIC NOVEL Watson, A. - On Shelf"
https://catalog.saclibrary.org/GroupedWork/9929ad4a-559a-9efb-6d26-b35fb486f7b2-eng,"This is our place","Martins, Vitor, 1991-",9781338818642,,"Scholastic Inc.; PUSH",2022,"New York, NY",eAudiobook;eBook;Book,"Book::Carmichael Teen Area: TEEN FICTION Martins, V. - On Shelf,Book::North Natomas: TEEN FICTION Martins, V. - On Shelf,Book::North Sacramento-Hagginwood Teen Area: TEEN FICTION Martins, V. - On Shelf"
https://catalog.saclibrary.org/GroupedWork/8e2b1240-9c46-a085-780e-0f8175895add-eng,"Supper Club","Morrow, Jackie",9781534324213,,"Image Comics, Inc; Image Comics",2022,"Portland, OR","Graphic Novel/Manga;eComic","Graphic Novel/Manga::Central Teen Area - 3rd Floor: TEEN GRAPHIC NOVEL Supper Club - On Shelf,Graphic Novel/Manga::Franklin Teen: TEEN GRAPHIC NOVEL Supper Club - On Shelf,Graphic Novel/Manga::McClatchy Teen Area: TEEN GRAPHIC NOVEL Supper Club - On Shelf"
https://catalog.saclibrary.org/GroupedWork/87accfba-4f49-8505-5f21-a36746bf8438-eng,"The Night I Spent With Aubrey Fisher","Tantillo, Christopher M",9798986762210,,"Christopher M. Tantillo; Findaway Voices",2023,"[United States]",eBook;Book;eAudiobook,"Book::Carmichael Teen Area: TEEN FICTION Tantillo, C. - On Shelf,Book::Elk Grove Teen Area: TEEN FICTION Tantillo, C. - On Shelf,Book::Franklin Teen: TEEN FICTION Tantillo, C. - On Shelf"
https://catalog.saclibrary.org/GroupedWork/8f3b4b8f-ca70-8c2f-eeca-1555b3fbd5e5-eng,"Kind of a big deal","Hale, Shannon",9781250206237,,"Macmillan Audio; Roaring Brook Press",2020,"New York",eAudiobook;Book;eBook,"Book::Arcade Teen Area: TEEN FICTION Hale, S. - On Shelf,Book::McClatchy Teen Area: TEEN FICTION Hale, S. - On Shelf,Book::Rancho Cordova: TEEN FICTION Hale, S. - Checked Out"
https://catalog.saclibrary.org/GroupedWork/25585319-8974-83e0-4676-58e34d559db0-eng,"Sea spell","Donnelly, Jennifer",9781484713037,,"Tantor Media, Inc.; Disney Book Group; Disney-Hyperion; Tantor Media, Inc","2016 - 2018","Los Angeles",eAudiobook;eBook;Book,"Book::Central Teen Area - 3rd Floor: TEEN FICTION Donnelly, J. - On Shelf,Book::Franklin Teen: TEEN FICTION Donnelly, J. - On Shelf,Book::North Natomas: TEEN FICTION Donnelly, J. - On Shelf"
https://catalog.saclibrary.org/GroupedWork/27861bcb-68ff-ef15-d571-03d8e6230201-eng,"Typee: a peep at Polynesian life","Melville, Herman, 1819-1891",9780140434880,,"Wiley and Putnam; Dreamscape Media; Penguin Books","1846 - 2018","New York",eBook;Book;eAudiobook,
https://catalog.saclibrary.org/GroupedWork/d2db02cb-fa0f-70d2-9699-d065ffb12794-eng,"All my kisses for you","Murphy, Monica",9781649377128,,"Tantor Media, Inc.; Tantor Media, Inc; Amara, an imprint of Entangled Publishing, LLC",2024,"Shrewsbury, PA",eAudiobook;Book,
https://catalog.saclibrary.org/GroupedWork/9da71e58-ccde-a554-86f1-33c95d20d475-eng,"Camp spirit","Lenoir, Axelle",9781603094658,,"IDW Publishing; Top Shelf Productions",2020,"Marietta, GA","Graphic Novel/Manga;eComic","Graphic Novel/Manga::Central Teen Area - 3rd Floor: TEEN GRAPHIC NOVEL Lenoir, A. - On Shelf,Graphic Novel/Manga::Sacramento Public Library Storage: TEEN GRAPHIC NOVEL Lenoir, A. - On Shelf"
https://catalog.saclibrary.org/GroupedWork/870b596f-168f-c827-b13e-70a944ef8f77-eng,"Izzy + Tristan","Dunlap, Shannon",9780316415385,,"Hachette Audio; Little, Brown Books for Young Readers; Poppy, Little, Brown and Company",2019,"New York",eAudiobook;eBook;Book,"Book::Belle Cooledge Teen Area: TEEN FICTION Dunlap, S. - On Shelf,Book::Sacramento Public Library Storage: TEEN FICTION Dunlap, S. - On Shelf"
https://catalog.saclibrary.org/GroupedWork/f5d11cc7-fe47-4455-5942-a5bc789c0921-eng,"The lesbiana's guide to Catholic school","Reyes, Sonora",9780063060258,,"Balzer + Bray, an imprint of HarperCollinsPublishers; HarperCollins",2022,"New York, NY",eBook;Book;eAudiobook,"Book::Central Teen Area - 3rd Floor: TEEN FICTION Reyes, S. - On Shelf,Book::Franklin Teen: TEEN FICTION Reyes, S. - On Shelf,Book::North Natomas: TEEN FICTION Reyes, S. - Checked Out"
https://catalog.saclibrary.org/GroupedWork/a9d3dcc5-7228-d68a-cab1-c2cc40ac6416-eng,Running,"Sylvester, Natalia",9780358124351,,"Recorded Books, Inc.; Clarion Books, Houghton Mifflin Harcourt; HarperCollins",2020,"New York",eAudiobook;Book;eBook,"Book::Rancho Cordova: TEEN FICTION Sylvester, N. - On Shelf,Book::Sylvan Oaks Teen Area: TEEN FICTION Sylvester, N. - On Shelf,Book::Sacramento Public Library Storage: TEEN FICTION Sylvester, N. - On Shelf"
https://catalog.saclibrary.org/GroupedWork/fa94a988-45fa-277e-4986-d2c8a8fdb903-eng,"The Luis Ortega survival club","Reyes, Sonora",9780063060302,,"HarperCollins; Balzer + Bray, an imprint of HarperCollins Publishers",2023,"New York, NY",eAudiobook;eBook;Book,"Book::Central Teen Area - 3rd Floor: TEEN FICTION Reyes, S. - On Shelf,Book::Belle Cooledge Teen Area: TEEN FICTION Reyes, S. - On Shelf,Book::Elk Grove Teen Area: TEEN FICTION Reyes, S. - On Shelf"
https://catalog.saclibrary.org/GroupedWork/52373db1-cfe9-e4b6-3bc4-865c73afbb3f-eng,"Love & other theories","Bass, Alexis",9780062275325,,"HarperCollins; HarperTeen/HarperCollinsPublishers","2014 - 2015","New York",eBook;Book;eAudiobook,
https://catalog.saclibrary.org/GroupedWork/32bdcf5b-d424-e90d-04c6-9afe7c490262-eng,"The silence between us","Gervais, Alison",9780310766162,,Blink,2019,"Grand Rapids, Michigan",eAudiobook;eBook;Book,"Book::Central Teen Area - 3rd Floor: TEEN FICTION Gervais, A. - On Shelf,Book::Elk Grove Teen Area: TEEN FICTION Gervais, A. - On Shelf,Book::Franklin Teen: TEEN FICTION Gervais, A. - On Shelf"
https://catalog.saclibrary.org/GroupedWork/a4f4b9ca-6ca2-017c-d01c-53ed30f83c8c-eng,"Where the road leads us","Reul, Robin",9781492635253,,"Recorded Books, Inc.; Sourcebooks Inc; Sourcebooks; Sourcebooks Fire",2021,"Naperville, Illinois",eAudiobook;eBook;Book,"Book::Valley Hi-North Laguna Teen Area: TEEN FICTION Reul, R. - On Shelf,Book::Sacramento Public Library Storage: TEEN FICTION Reul, R. - On Shelf"
https://catalog.saclibrary.org/GroupedWork/2b02cca4-907b-f37a-805f-7dc6365aa45c-eng,Hush,"Farrow, Dylan, 1985-",9781250235909,,"St. Martin's Publishing Group; Macmillan Audio; Wednesday Books",2020,"New York",eAudiobook;Book;eBook,
https://catalog.saclibrary.org/GroupedWork/3a621c2c-05a4-46ba-cfeb-be119f4b7c16-eng,Release,"Ness, Patrick, 1971-",9780062403193,,"Quill Tree Books; HarperCollins; HarperTeen, an imprint of HarperCollinsPublishers",2017,"New York, NY",eAudiobook;eBook;Book,"Book::North Natomas: TEEN FICTION Ness, P. - On Shelf,Book::Sacramento Public Library Storage: TEEN FICTION Ness, P. - On Shelf"
https://catalog.saclibrary.org/GroupedWork/b1d8c953-9309-c0db-2a51-0593da85025b-eng,"Every last word","Stone, Tamara Ireland",9781484723647,,"Ideal Audiobooks on Dreamscape Media, LLC; Ideal Audiobooks; Ideal Audiobooks, LLC; Hyperion; Little, Brown Books for Young Readers",2015,"Holland, Ohio; Los Angeles","eAudiobook;Audiobook - CD;Book;eBook","Book::South Natomas Teen Area: TEEN FICTION Stone, T. - On Shelf,Book::North Natomas: TEEN FICTION Stone, T. - On Shelf,Book::North Sacramento-Hagginwood Teen Area: TEEN FICTION Stone, T. - On Shelf"
https://catalog.saclibrary.org/GroupedWork/8edca09e-7b5a-d8da-0d01-721985758f1e-eng,"Long way home","McGarry, Katie",9780373212170,,"Harlequin Audio; HarlequinAudio; Harlequin Teen; Harlequin",2017,"Don Mills, Ontario, Canada",eAudiobook;eBook;Book,
https://catalog.saclibrary.org/GroupedWork/7a0afca6-490d-278f-d779-56d8417eff52-eng,"Rain is not my Indian name","Smith, Cynthia Leitich",9780380733002,,"Heartdrum; HarperCollins; Heartdrum, an imprint of HarperCollinsPublishers","2001 - 2022","New York; New York, NY",eAudiobook;eBook;Book,"Book::Carmichael Teen Area: TEEN FICTION Smith, C. - On Shelf,Book::Belle Cooledge Teen Area: TEEN FICTION Smith, C. - On Shelf,Book::Rio Linda Teen Area: TEEN FICTION Smith, C. - On Shelf"
https://catalog.saclibrary.org/GroupedWork/08892350-d8e7-c48e-47d8-d96bea58a5e0-eng,"How to be Remy Cameron: a novel","Winters, Julian",9781945053801,,"Chicago Review Press; Interlude Press","2019 - 2021","New York",eBook;Book;eAudiobook,"Book::Rancho Cordova: TEEN FICTION Winters, J. - On Shelf,Book::Sacramento Public Library Storage: TEEN FICTION Winters, J. - On Shelf,Book::Woodland Public Library Teen Area: TEEN FICTION Winters, J. - On Shelf"
https://catalog.saclibrary.org/GroupedWork/c3a31961-9d10-8600-7b40-875c7a148875-eng,Smoke,"Hopkins, Ellen",9781416983293,,"Recorded Books, Inc.; Margaret K. McElderry Books; Simon & Schuster Audio","2013 - 2014","New York",eAudiobook;Book,
https://catalog.saclibrary.org/GroupedWork/06362c12-5c7f-64c6-b1f3-284b5722bf2d-eng,"Define ""normal"": a novel","Peters, Julie Anne",9780316734899,,"Hachette Audio; Little, Brown Books for Young Readers; Little, Brown","2003 - 2014",Boston,eAudiobook;eBook;Book,
https://catalog.saclibrary.org/GroupedWork/20e09271-0511-62fc-c907-ec695a32f801-eng,"Sick kids in love","Moskowitz, Hannah",9781640637320,,"Tantor Media, Inc.; Entangled Publishing, LLC; Tantor Media, Inc; Entangled Teen, an imprint of Entangled Publishing LLC",2019,"Fort Collins, CO",eAudiobook;Book;eBook,"Book::Sylvan Oaks Teen Area: TEEN FICTION Moskowitz, H. - On Shelf,Book::Folsom Teen Room: TEEN FICTION Moskowitz, H. - On Shelf,Book::Sacramento Public Library Storage: TEEN FICTION Moskowitz, H. - On Shelf"
https://catalog.saclibrary.org/GroupedWork/c62ca343-2055-75c4-0de1-5035774107f5-eng,"The best week that never happened","Woodburn, Dallas, 1987-",9781951710118,,"Month9Books; Blackstone Publishing",2020,"Raleigh, NC",eAudiobook;Book,"Book::Franklin Teen: TEEN FICTION Woodburn, D. - On Shelf,Book::Sylvan Oaks Teen Area: TEEN FICTION Woodburn, D. - On Shelf"
https://catalog.saclibrary.org/GroupedWork/ff6531f7-d05c-587c-8743-a9fc5fce73e0-eng,"She's too pretty to burn","Heard, Wendy",9781250246752,,"Henry Holt and Co. (BYR); Henry Holt and Company; Dreamscape Media",2021,"New York",eAudiobook;Book;eBook,"Book::Carmichael Teen Area: TEEN FICTION Heard, W. - On Shelf,Book::Central Teen Area - 3rd Floor: TEEN FICTION Heard, W. - On Shelf,Book::South Natomas Teen Area: TEEN FICTION Heard, W. - On Shelf"
https://catalog.saclibrary.org/GroupedWork/6eaeccd8-fa20-d26b-5c74-5f12fb01e45d-eng,"We were beautiful","Hepler, Heather",9780310766438,,Blink,2019,"Grand Rapids, Michigan",eAudiobook;eBook;Book,"Book::Elk Grove Teen Area: TEEN FICTION Hepler, H. - On Shelf,Book::Sacramento Public Library Storage: TEEN FICTION Hepler, H. - On Shelf"
https://catalog.saclibrary.org/GroupedWork/1f41dc86-9000-dfd3-a4fe-02f5006eaf00-eng,Rivers,"Gaffney, David, 1961-",9781603094900,,"IDW Publishing; Top Shelf Productions",2021,"San Diego, CA","Graphic Novel/Manga;eComic","Graphic Novel/Manga::Carmichael: GRAPHIC NOVEL Gaffney, D. - On Shelf,Graphic Novel/Manga::Central: GRAPHIC NOVEL Gaffney, D. - On Shelf,Graphic Novel/Manga::North Natomas: GRAPHIC NOVEL Gaffney, D. - On Shelf"
https://catalog.saclibrary.org/GroupedWork/084205ed-b7ba-978a-a273-eaae6c065972-eng,"She's the worst","Spieller, Lauren",9781534436589,,"Blackstone Publishing; Simon & Schuster Books for Young Readers","2019 - 2020","New York",Book;eAudiobook,"Book::North Natomas: TEEN FICTION Spieller, L. - On Shelf"
https://catalog.saclibrary.org/GroupedWork/fbc4f2a3-64b8-ee09-dabc-bcbf3b062d2a-eng,"The children of Jocasta","Haynes, Natalie",9781609454807,,"Europa Editions; HarperCollins; HarperAudio","2018 - 2024","New York, N.Y",eAudiobook;eBook;Book,"Book::Carmichael: FICTION Haynes, N. - On Shelf,Book::Central: FICTION Haynes, N. - In Transit"
https://catalog.saclibrary.org/GroupedWork/5b835862-7e84-e4a6-fd3f-5fbd5a8d611a-eng,"Time of our lives","Wibberley, Emily",9781984835833,,"Viking; Dreamscape Media",2020,"New York",eAudiobook;Book,"Book::Southgate Teen Area: TEEN FICTION Wibberley, E. - On Shelf"
https://catalog.saclibrary.org/GroupedWork/c72cb7d4-62a7-2cf1-9bb0-a1a95141dd86-eng,"Veil: a Hush novel","Farrow, Dylan, 1985-",9781250235930,,"St. Martin's Publishing Group; Macmillan Audio; Wednesday Books",2022,"New York",eAudiobook;eBook;Book,"Book::Belle Cooledge Teen Area: TEEN FICTION Farrow, D. - On Shelf,Book::South Natomas Teen Area: TEEN FICTION Farrow, D. - On Shelf,Book::North Natomas: TEEN FICTION Farrow, D. - On Shelf"
https://catalog.saclibrary.org/GroupedWork/03db1114-2d20-7701-4338-24ab62d33552-eng,"You have a match","Lord, Emma",9781250237309,,"Thorndike Press, a part of Gale, a Cengage Company; St. Martin's Publishing Group; Macmillan Audio; Wednesday Books",2021,"New York; Waterville, ME","eAudiobook;Large Print;Book;eBook","Book::Carmichael Teen Area: TEEN FICTION Lord, E. - On Shelf,Book::Franklin Teen: TEEN FICTION Lord, E. - Checked Out,Book::North Natomas: TEEN FICTION Lord, E. - On Shelf"
https://catalog.saclibrary.org/GroupedWork/fffcc776-8050-b973-ce2b-4fea5020047f-eng,"Just one year","Forman, Gayle",9780142422960,,"Dutton Books, an imprint of Penguin Group (USA) Inc; Dreamscape Media; Penguin Young Readers Group",2013,"New York",eAudiobook;eBook;Book,"Book::Rancho Cordova: TEEN FICTION Forman, G. - On Shelf,Book::Colusa Main Branch Teen Collection: YA Fic - On Shelf,Book::Sacramento Public Library Storage: TEEN FICTION Forman, G. - On Shelf"
https://catalog.saclibrary.org/GroupedWork/231d8bdd-a517-3f1f-6891-802e989a041e-eng,"Music from another world","Talley, Robin",9781335146779,,"Harlequin Audio; HarlequinAudio; Inkyard Press",2020,"Toronto, Ontario, Canada",eAudiobook;eBook;Book,
https://catalog.saclibrary.org/GroupedWork/7502aa92-2e72-9e58-9172-d4700b59c55a-eng,"My week with him","Goffney, Joya",9780063254749,,"HarperCollins; HarperTeen, an imprint of HarperCollinsPublishers",2023,"New York, NY",eAudiobook;eBook;Book,"Book::Carmichael Teen Area: TEEN FICTION Goffney, J. - On Shelf,Book::Central Teen Area - 3rd Floor: TEEN FICTION Goffney, J. - On Shelf,Book::Elk Grove Teen Area: TEEN FICTION Goffney, J. - On Shelf"
https://catalog.saclibrary.org/GroupedWork/20c9dfc0-9140-8335-9707-83a7d8cdac04-eng,"Daniel, deconstructed","Ramos, James",9781335010025,,"Tantor Media, Inc; Inkyard Press",2024,"Toronto, Ontario, Canada",eAudiobook;eBook;Book,"Book::Arcade Teen Area: TEEN FICTION Ramos, J. - On Shelf,Book::Central Teen Area - 3rd Floor: TEEN FICTION Ramos, J. - On Shelf,Book::Colonial Heights: TEEN FICTION Ramos, J. - On Shelf"
https://catalog.saclibrary.org/GroupedWork/1cdb1220-0059-9614-7f23-83baa0a81e90-eng,"Local girl swept away","Wittlinger, Ellen",9781440589003,,"Dreamscape Media; Merit Press; Simon & Schuster Books for Young Readers",2016,"Blue Ash, Ohio",eAudiobook;Book;eBook,"Book::Rancho Cordova: TEEN FICTION Wittlinger, E. - Checked Out,Book::Sacramento Public Library Storage: TEEN FICTION Wittlinger, E. - On Shelf"
https://catalog.saclibrary.org/GroupedWork/fcd1ba95-d305-b16c-dd3d-d02a2e584cc6-eng,"Perfect fifths: a novel","McCafferty, Megan",9780307346520,,"Crown Publishers; Macmillan Audio","2009 - 2022","New York",Book;eAudiobook,"Book::Central: FICTION McCafferty, M. - On Shelf"
https://catalog.saclibrary.org/GroupedWork/4ee0c71c-3cd4-ef6c-48a4-c854cb107019-eng,"The beauty of the moment","Bhathena, Tanaz",9780374308445,,"Recorded Books, Inc.; Farrar, Straus and Giroux",2019,"New York",eAudiobook;Book,"Book::Central Teen Area - 3rd Floor: TEEN FICTION Bhathena, T. - On Shelf,Book::South Natomas Teen Area: TEEN FICTION Bhathena, T. - On Shelf"
https://catalog.saclibrary.org/GroupedWork/64fe9964-8dc6-3b23-5bce-f1732833b0e9-eng,"Over the end line","Martino, Alfred C",9780152061210,,"Harcourt; Listen & Live Audio, Inc.; Alfred C. Martino; Listen & Live Audio","2009 - 2024","Boston [Mass.]",eAudiobook;eBook;Book,"Book::Franklin Teen: TEEN FICTION Martino, A. - On Shelf"
https://catalog.saclibrary.org/GroupedWork/3db54559-4f77-83e6-d6d1-6dc348563543-eng,"What the moon said","Rosengren, Gayle",9780399163524,,"Dreamscape Media; G.P. Putnam's Sons, an imprint of Penguin Group (USA)","2014 - 2015","New York, NY",eAudiobook;Book,"Book::Colonial Heights Children's Area: CHILDREN FICTION Rosengren, G. - On Shelf,Book::Pocket-Greenhaven Kids' Place: CHILDREN FICTION Rosengren, G. - On Shelf,Book::Sacramento Public Library Storage: CHILDREN FICTION Rosengren, G. - On Shelf"
https://catalog.saclibrary.org/GroupedWork/1e52ee69-a443-d8bf-d870-25ab78eac0a6-eng,"Hedda Gabler","Ibsen, Henrik, 1828-1906",9780882950440,,"Harlan Davidson; Start Publishing LLC; Independently Published; Dreamscape Media; Naxos Audiobooks; L.A. Theatre Works; Blackstone Publishing","1985 - 2024","Arlington, Heights, Ill",eBook;Book;eAudiobook,"Book::Central: 839.82 I14he 1985 - On Shelf"
https://catalog.saclibrary.org/GroupedWork/e956c20b-963c-d89b-3af2-26730c9c864a-eng,"This lullaby: a novel","Dessen, Sarah",9780142501559,,"Viking; Recorded Books, Inc.; Penguin Young Readers Group","2002 - 2009","New York",eAudiobook;eBook;Book,
https://catalog.saclibrary.org/GroupedWork/e5f4500b-315b-a646-8964-7a22d8a52ba4-eng,"American road trip","Flores-Scott, Patrick",9781627797412,,"Recorded Books, Inc.; Christy Ottaviano Books, Henry Holt and Company","2018 - 2019","New York",Book;eAudiobook,"Book::Franklin Teen: TEEN FICTION Flores-Scott, P. - On Shelf,Book::Sacramento Public Library Storage: TEEN FICTION Flores-Scott, P. - On Shelf"
https://catalog.saclibrary.org/GroupedWork/cf0c59f8-bada-26c5-2a61-825c9d290a44-eng,"We are lost and found","Dunbar, Helene, 1965-",9781492681045,,"Recorded Books, Inc.; Sourcebooks Inc; Sourcebooks; Sourcebooks Fire",2019,"Naperville, Illinois",eAudiobook;eBook;Book,"Book::Carmichael Teen Area: TEEN FICTION Dunbar, H. - On Shelf,Book::Southgate Teen Area: TEEN FICTION Dunbar, H. - On Shelf,Book::Sylvan Oaks Teen Area: TEEN FICTION Dunbar, H. - On Shelf"
https://catalog.saclibrary.org/GroupedWork/8b8e4a70-8946-4894-0e3c-db83e5c2691d-eng,"When summer ends","Pennington, Jessica",9781250187338,,"Tor Teen, a Tom Doherty Associates Book; Macmillan Audio; Tor Publishing Group",2019,"New York",eAudiobook;eBook;Book,"Book::Del Paso Heights Teen Area: TEEN FICTION Pennington, J. - On Shelf,Book::Sylvan Oaks Teen Area: TEEN FICTION Pennington, J. - Checked Out,Book::Valley Hi-North Laguna Teen Area: TEEN FICTION Pennington, J. - On Shelf"
https://catalog.saclibrary.org/GroupedWork/997ffa81-a2d0-a5de-3a77-9e4c40ac4ecc-eng,Furia,"Méndez, Yamile Saied",9781616209919,,"Thorndike Press, a part of Gale, a Cengage Company; Hachette Audio; Little, Brown Books for Young Readers; Algonquin","2020 - 2021","Waterville, Maine; Chapel Hill, North Carolina","Large Print;eBook;Book;eAudiobook","Book::Central Teen Area - 3rd Floor: TEEN FICTION Mendez, Y. - On Shelf,Book::Elk Grove Teen Area: TEEN FICTION Mendez, Y. - On Shelf,Book::Sacramento Public Library Storage: TEEN FICTION Mendez, Y. - On Shelf"
https://catalog.saclibrary.org/GroupedWork/9d1702d1-11e1-949d-5aa3-b26a9b053d00-eng,"As easy as falling off the face of the earth","Perkins, Lynne Rae",9780061870910,,"Recorded Books, Inc.; Greenwillow Books; HarperCollins",2010,"New York",eAudiobook;eBook;Book,
https://catalog.saclibrary.org/GroupedWork/92942463-9641-727f-9b5f-f3e97f47969a-eng,Slingshot,"Helnwein, Mercedes, 1979-",9781250253002,,"Macmillan Audio; Wednesday Books; St. Martin's Publishing Group",2021,"New York",eAudiobook;eBook;Book,"Book::Galt Teen Area: TEEN FICTION Helnwein, M. - On Shelf,Book::Sacramento Public Library Storage: TEEN FICTION Helnwein, M. - On Shelf"
https://catalog.saclibrary.org/GroupedWork/5a030bfd-3969-dcd6-7923-f252dfd07ffc-eng,"Stay gold","McSmith, Tobly",9780062943170,,"HarperTeen; HarperCollins; HarperTeen, an imprint of HarperCollinsPublishers",2020,"New York, NY",eAudiobook;eBook;Book,"Book::Central Teen Area - 3rd Floor: TEEN FICTION McSmith, T. - On Shelf,Book::North Natomas: TEEN FICTION McSmith, T. - On Shelf,Book::Pocket-Greenhaven Teen Area: TEEN FICTION McSmith, T. - Checked Out"
https://catalog.saclibrary.org/GroupedWork/749e132a-d124-c46c-34fe-4e7744456dab-eng,"Words composed of sea and sky","George, Erica",9780762468201,,"Tantor Media, Inc.; Running Press; Tantor Media, Inc",2021,Philadelphia,eAudiobook;Book,"Book::Elk Grove Teen Area: TEEN FICTION George, E. - On Shelf,Book::North Natomas: TEEN FICTION George, E. - On Shelf,Book::Sacramento Public Library Storage: TEEN FICTION George, E. - On Shelf"
https://catalog.saclibrary.org/GroupedWork/03a51470-14bd-badf-1438-f50f5dd50314-eng,"The last of the firedrakes","Oomerbhoy, Farah",9781940014708,,"Wise Ink Creative Publishing; Farah Oomerbhoy; Findaway Voices","2015 - 2019","Minneapolis, MN",eBook;Book;eAudiobook,
https://catalog.saclibrary.org/GroupedWork/64052d73-2bab-ec95-0fbe-0d66ee957f75-eng,"Anna K away","Lee, Jenny, 1971-",9781250236463,,"Macmillan Audio; Flatiron Books",2021,"New York",eAudiobook;Book,
https://catalog.saclibrary.org/GroupedWork/071923e8-e47a-2feb-ae67-d1fbea147737-eng,"Late to the party","Quindlen, Kelly",9781250209139,,"Roaring Book Press; Macmillan Audio; Roaring Brook Press",2020,"New York",eAudiobook;Book;eBook,"Book::Colonial Heights: TEEN FICTION Quindlen, K. - On Shelf,Book::North Natomas: TEEN FICTION Quindlen, K. - On Shelf,Book::Sacramento Public Library Storage: TEEN FICTION Quindlen, K. - On Shelf"
https://catalog.saclibrary.org/GroupedWork/d7333222-bb46-4f39-e049-46cafc69ec37-eng,Gradchanted,"Matson, Morgan",9781368097420,,"Disney Hyperion; Disney Hyperion Digital; Disney, Hyperion",2025,"Los Angeles",eAudiobook;eBook;Book,"Book::Central Teen Area - 3rd Floor: TEEN FICTION Matson, M. - On Shelf,Book::Belle Cooledge Teen Area: TEEN FICTION Matson, M. - On Shelf,Book::Franklin Teen: TEEN FICTION Matson, M. - On Shelf"
https://catalog.saclibrary.org/GroupedWork/b7f8b83e-2df6-8773-ca8b-f7044ac3446e-eng,"Just a hat","Khubiar, S",9798200864973,,"Blackstone Publishing","2023 - 2024","Ashland, OR",eAudiobook;eBook;Book,"Book::Arcade Teen Area: TEEN FICTION Khubiar, S. - Checked Out,Book::Carmichael Teen Area: TEEN FICTION Khubiar, S. - On Shelf,Book::Central Teen Area - 3rd Floor: TEEN FICTION Khubiar, S. - On Shelf"
https://catalog.saclibrary.org/GroupedWork/9cda20e2-8c39-7501-40be-41d7a89e167c-eng,"The Carnival at Bray: a novel","Foley, Jessie Ann",9780989515597,,"Elephant Rock Books; Recorded Books, Inc.; HarperCollins; Quill Tree Books; Elephant Rock Productions, Inc.","2014 - 2024","Ashford, Connecticut",eAudiobook;Book;eBook,"Book::Belle Cooledge Teen Area: TEEN FICTION Foley, J. - On Shelf,Book::North Natomas: TEEN FICTION Foley, J. - On Shelf"
https://catalog.saclibrary.org/GroupedWork/5c84d8f7-503c-3e00-dac0-574bf0f05743-eng,"Learning to breathe","Mather, Janice Lynn",9781534406025,,"Dreamscape Media; Simon & Schuster Books for Young Readers",2018,"New York",eAudiobook;Book,
https://catalog.saclibrary.org/GroupedWork/8cdfe2dd-064b-f829-3a06-a56315a28403-eng,"Some faraway place","Shippen, Lauren",9781250297570,,"Tor Teen; Macmillan Audio; Tor Publishing Group",2021,"New York",eAudiobook;Book;eBook,"Book::Central Teen Area - 3rd Floor: TEEN FICTION Shippen, L. - On Shelf,Book::North Natomas: TEEN FICTION Shippen, L. - On Shelf,Book::Rancho Cordova: TEEN FICTION Shippen, L. - On Shelf"
https://catalog.saclibrary.org/GroupedWork/75175117-47b5-dbc7-8be5-6b690b108b71-eng,Inappropriation,"Freiman, Lexi",9780062699732,,"Ecco, an imprint of HarperCollinsPublishers; HarperCollins; HarperAudio",2018,"New York, NY",eBook;Book;eAudiobook,"Book::Central: FICTION Freiman, L. - On Shelf,Book::North Natomas: FICTION Freiman, L. - On Shelf,Book::Valley Hi-North Laguna: FICTION Freiman, L. - On Shelf"
https://catalog.saclibrary.org/GroupedWork/926b4b01-b738-3baa-e948-e857f0f527aa-eng,"The love song of Ivy K. Harlowe","Moskowitz, Hannah",9781649370495,,"Tantor Media, Inc.; Entangled Publishing, LLC",2021,"Parker, CO",Book;eAudiobook,"Book::Elk Grove Teen Area: TEEN FICTION Moskowitz, H. - On Shelf,Book::Fair Oaks Teen Area: TEEN FICTION Moskowitz, H. - On Shelf,Book::Rancho Cordova: TEEN FICTION Moskowitz, H. - On Shelf"
https://catalog.saclibrary.org/GroupedWork/449df489-df74-682c-cdbf-20277fd43144-eng,"The one true me and you: a novel","England, Remi K",9781250814869,,"Recorded Books, Inc.; Wednesday Books",2022,"New York",eAudiobook;Book,"Book::Carmichael Teen Area: TEEN FICTION England, R. - Checked Out,Book::North Natomas: TEEN FICTION England, R. - On Shelf,Book::Sacramento Public Library Storage: TEEN FICTION England, R. - On Shelf"
https://catalog.saclibrary.org/GroupedWork/0fd30fd6-4d06-a6ef-1ef2-b849752b8412-eng,"Riverdale: the ties that bind","Ostow, Micol",9781645769576,,"Archie; Archie Comic Publications, Inc; Archie Comic Publications",2021,"[Pelham, New York]","eComic;Graphic Novel/Manga","Graphic Novel/Manga::Arcade Teen Area: TEEN GRAPHIC NOVEL Riverdale - On Shelf,Graphic Novel/Manga::Carmichael Teen Area: TEEN GRAPHIC NOVEL Riverdale - On Shelf,Graphic Novel/Manga::Elk Grove Teen Area: TEEN GRAPHIC NOVEL Riverdale - On Shelf"
https://catalog.saclibrary.org/GroupedWork/7f5cc456-8ee7-1f29-3b38-2d707c6611b0-eng,"Like a love story","Nazemian, Abdi",9780062839367,,"Balzer + Bray, an imprint of HarperCollinsPublishers; HarperCollins",2019,"New York, NY",eAudiobook;eBook;Book,
https://catalog.saclibrary.org/GroupedWork/6c4af6d5-20bb-4c4a-cc24-7c467c970dfc-eng,"Briarcliff prep: sophomore year","Peppins, Brianna",9781368081009,,"Disney Hyperion; Hyperion",2024,"Los Angeles",eAudiobook;eBook;Book,"Book::Arcade Teen Area: TEEN FICTION Peppins, B. - On Shelf,Book::Carmichael Teen Area: TEEN FICTION Peppins, B. - On Shelf,Book::Central Teen Area - 3rd Floor: TEEN FICTION Peppins, B. - On Shelf"
https://catalog.saclibrary.org/GroupedWork/aed805ce-2fd6-43e8-a79a-fa50e063ee25-eng,"Three things about Emmy Crawford","Bitz, Allison L",9780063266759,,"Harper, an imprint of HarperCollins Publishers; HarperCollins",2024,"New York",eAudiobook;eBook;Book,"Book::Central Teen Area - 3rd Floor: TEEN FICTION Bitz, A. - On Shelf,Book::Elk Grove Teen Area: TEEN FICTION Bitz, A. - On Shelf,Book::Southgate Teen Area: TEEN FICTION Bitz, A. - On Shelf"
https://catalog.saclibrary.org/GroupedWork/e9324f1a-1aea-eb21-0e20-6473708b4fb7-eng,"Bones of a saint","Farley, Grant, 1951-",9781641291170,,"Recorded Books, Inc.; Soho Press; Soho Teen",2021,"New York, NY",eAudiobook;Book;eBook,"Book::Franklin Teen: TEEN FICTION Farley, G. - On Shelf,Book::North Natomas: TEEN FICTION Farley, G. - On Shelf,Book::Sacramento Public Library Storage: TEEN FICTION Farley, G. - On Shelf"
https://catalog.saclibrary.org/GroupedWork/733dee69-b108-7e27-57c8-982a34aaaf16-eng,"Red Hood","Arnold, Elana K",9780062742353,,"HarperCollins Publishers Inc; Clarion Books; HarperCollins",2020,"New York",eAudiobook;eBook;Book,"Book::Arcade Teen Area: TEEN FICTION Arnold, E. - On Shelf,Book::Folsom Teen Room: TEEN FICTION Arnold, E. - On Shelf,Book::Sacramento Public Library Storage: TEEN FICTION Arnold, E. - On Shelf"
https://catalog.saclibrary.org/GroupedWork/df11c86e-ea0e-114c-8015-74a1ff974b60-eng,"The girl in the headlines","Jayne, Hannah",9781728225210,,"Tantor Media, Inc.; Sourcebooks Inc; Sourcebooks; Sourcebooks Fire","2021 - 2022","Naperville, Illinois",eBook;Book;eAudiobook,"Book::Central Teen Area - 3rd Floor: TEEN FICTION Jayne, H. - Checked Out,Book::Southgate Teen Area: TEEN FICTION Jayne, H. - On Shelf,Book::Sacramento Public Library Storage: TEEN FICTION Jayne, H. - On Shelf"
https://catalog.saclibrary.org/GroupedWork/46e9adb1-9168-c862-6ea9-cfd211037d89-eng,"The house of tomorrow","Bognanni, Peter",9780425238882,,"Tantor Media, Inc.; Amy Einhorn Books/G.P. Putnam's Sons; Tantor Media, Inc",2010,"New York",eAudiobook;Book,"Book::Central: FICTION Bognanni, P. - On Shelf"
https://catalog.saclibrary.org/GroupedWork/3afc1927-d225-a87a-c341-92f4b054f40d-eng,"Christmas stories","Dickens, Charles, 1812-1870",9780192545176,,"Oxford University Press; Naxos Audiobooks; Andrii Ponomarenko; HarperCollins Publishers","1956 - 2023","New York; Oxford",eBook;Book;eAudiobook,"Book::Central: FICTION Dickens, C. - On Shelf"
https://catalog.saclibrary.org/GroupedWork/9cf1f06e-5631-85fc-2c91-2551c280a4e4-eng,"Little men","Alcott, Louisa May, 1832-1888",9780141366081,,"Interactive Media; Project Gutenberg; eBooksLib; Start Publishing LLC; Tantor Media, Inc; Dreamscape Media; Sheba Blake Publishing; Duke Classics; Aladdin; Puffin Books","2010 - 2024","New York; [London]",eAudiobook;eBook;Book,"Book::Arcade Children's Area: CHILDREN FICTION Alcott, L. - On Hold Shelf,Book::Colusa Main Branch Juvenile Collection: J Fic - On Shelf,Book::Sacramento Public Library Storage: CHILDREN FICTION Alcott, L. - Checked Out"
https://catalog.saclibrary.org/GroupedWork/a8ea1deb-bceb-c25c-5856-4dd0fa082fbe-eng,"Janie writes a play: Jane Yolen's first great story","Stemple, Heidi E. Y",9781623543273,,"Recorded Books, Inc.; Charlesbridge",2025,"Watertown, MA",eAudiobook;eBook;Book,"Book::Carmichael Children's Area: CHILDREN BIOGRAPHY Yolen, J. 2025 - On Shelf,Book::Central Kids Place - Lower Level: CHILDREN BIOGRAPHY Yolen, J. 2025 - On Shelf,Book::Franklin Children's: CHILDREN BIOGRAPHY Yolen, J. 2025 - On Shelf"
https://catalog.saclibrary.org/GroupedWork/f852a502-7f8b-2b81-7b21-f6d5b2a3e2a1-eng,"The complicated calculus (and cows) of Carl Paulsen","Peter, Gary Eldon",9781646032532,,"Scribd Audio; Fitzroy Books","2022 - 2023","Raleigh, NC",Book;eAudiobook,"Book::North Natomas: TEEN FICTION Peter, G. - On Shelf,Book::Woodland Public Library Teen Area: TEEN FICTION Peter, G. - On Shelf"
https://catalog.saclibrary.org/GroupedWork/5f651e14-db36-4e38-ca42-be97b6490845-eng,Paris,"Watson, Andi",9781534321205,,"Image Comics","1905 - 2022","Portland, OR","Graphic Novel/Manga;eComic","Graphic Novel/Manga::Carmichael: GRAPHIC NOVEL Watson, A. - On Shelf,Graphic Novel/Manga::Central: GRAPHIC NOVEL Watson, A. - On Shelf,Graphic Novel/Manga::Franklin: GRAPHIC NOVEL Watson, A. - On Shelf"
https://catalog.saclibrary.org/GroupedWork/56ad6939-b688-e892-efda-5cae9100bb93-eng,"Earth girl","Edwards, Janet, 1958-",9781616147655,,"Start Publishing Llc; Dreamscape Media; Pyr; Pyr, an imprint of Prometheus Books","2013 - 2021","Amherst, NY",eAudiobook;eBook;Book,
https://catalog.saclibrary.org/GroupedWork/3fd09f5f-fb03-0abb-f865-4cef69882548-eng,"After you vanished","Neeves, E. A. (Emily Angela), 1987-",9781368092708,,"Disney Hyperion; Disney Book Group; Hyperion",2023,"New York",eAudiobook;eBook;Book,"Book::Arcade Teen Area: TEEN FICTION Neeves, E. - On Shelf,Book::Carmichael Teen Area: TEEN FICTION Neeves, E. - On Shelf,Book::Central Teen Area - 3rd Floor: TEEN FICTION Neeves, E. - Checked Out"
https://catalog.saclibrary.org/GroupedWork/b5e4632a-24c5-9911-2f89-8a28e083bc10-eng,"The God Game","Tobey, Danny",9781250306142,,"St. Martin's Press; St. Martin's Publishing Group; Macmillan Audio",2020,"New York",eAudiobook;eBook;Book,"Book::Central: FICTION Tobey, D. - On Shelf,Book::Fair Oaks: FICTION Tobey, D. - On Shelf,Book::North Natomas: FICTION Tobey, D. - On Shelf"
https://catalog.saclibrary.org/GroupedWork/a86c0a3c-6f26-3467-454e-be111805bbaa-eng,"The gatekeepers","Lancaster, Jen, 1967-",9780373212613,,"Harlequin Audio; HarlequinAudio; Harlequin Teen; Harlequin",2017,"Don Mills, Ontario",eAudiobook;eBook;Book,"Book::Walnut Grove Teen Area: TEEN FICTION Lancaster, J. - On Shelf,Book::Woodland Public Library Teen Area: TEEN FICTION Lancaster, J. - On Shelf"
https://catalog.saclibrary.org/GroupedWork/f85df345-d23d-39e1-782e-a77a052efd6f-eng,"The sidekicks","Kostakis, Will",9780373212620,,"Blackstone Publishing; Harlequin Teen; Harlequin","2017 - 2018","Don Mills, Ontario, Canada",eAudiobook;eBook;Book,"Book::Valley Hi-North Laguna Teen Area: TEEN FICTION Kostakis, W. - On Shelf,Book::Woodland Public Library Teen Area: TEEN FICTION Kostakis, W. - On Shelf"
https://catalog.saclibrary.org/GroupedWork/1538835d-4ac1-3983-e6d8-0b2fa9f1b502-eng,"Where I end & you begin","Norton, Preston, 1985-",9781484798355,,"Recorded Books, Inc.; Hyperion; Little, Brown Books for Young Readers",2019,"Los Angeles",eAudiobook;eBook;Book,"Book::Belle Cooledge Teen Area: TEEN FICTION Norton, P. - On Shelf,Book::Rancho Cordova: TEEN FICTION Norton, P. - On Shelf,Book::Southgate Teen Area: TEEN FICTION Norton, P. - On Shelf"
https://catalog.saclibrary.org/GroupedWork/aae1a85f-397f-5d2f-5c60-b185701a854f-eng,"Look no further","Robinson, Rioghnach",9781419757402,,"Abrams; ABRAMS; Tantor Media, Inc; Amulet Books","2023 - 2024","New York",eAudiobook;eBook;Book,"Book::Central Teen Area - 3rd Floor: TEEN FICTION Robinson, R. - On Shelf,Book::Fair Oaks Teen Area: TEEN FICTION Robinson, R. - On Shelf,Book::Franklin Teen: TEEN FICTION Robinson, R. - On Shelf"
https://catalog.saclibrary.org/GroupedWork/2a6142a6-920e-0723-30be-b2404d77a77d-eng,"Teen killers club: novel","Sparks, Lily",9781643852294,,"CROOKED LANE BOOKS; Dreamscape Media, LLC; Crooked Lane Books; Dreamscape Media",2020,"New York; Holland, OH","eAudiobook;Audiobook - CD;eBook;Book","Book::Central Teen Area - 3rd Floor: TEEN FICTION Sparks, L. - On Shelf,Book::Franklin Teen: TEEN FICTION Sparks, L. - On Shelf,Book::North Natomas: TEEN FICTION Sparks, L. - On Shelf"
https://catalog.saclibrary.org/GroupedWork/b5368d58-00da-f36c-af50-a4b67cdf7be3-eng,"Native son","Wright, Richard, 1908-1960",9780061148507,,"Recorded Books, Inc.; HarperPerennial; Perennial; HarperCollins; HarperAudio; Caedmon; Harper Perennial Modern Classics","1998 - 2009","New York","eAudiobook;Audiobook - CD;eBook;Book","Book::Rio Linda: FICTION Wright, R. - On Shelf,Book::Arcade: FICTION Wright, R. - On Shelf,Book::Carmichael: FICTION Wright, R. - On Shelf"
https://catalog.saclibrary.org/GroupedWork/67819fc0-c2c3-bd4d-3e53-12b77f479847-eng,"New kid","Craft, Jerry",9780062691194,,"Quill Tree Books; HarperCollins; Harper, an imprint of HarperCollinsPublishers; HarperCollins Publishers",2019,"New York, NY","eComic;eAudiobook;Graphic Novel/Manga","Graphic Novel/Manga::Carmichael Children's Area: CHILDREN GRAPHIC NOVEL Craft, J. - On Shelf,Graphic Novel/Manga::Central Kids Place - Lower Level: CHILDREN GRAPHIC NOVEL Craft, J. - Checked Out,Graphic Novel/Manga::Colonial Heights Children's Area: CHILDREN GRAPHIC NOVEL Craft, J. - Checked Out"
https://catalog.saclibrary.org/GroupedWork/ba5ec9c1-80e8-284d-4baa-bb038d37ea14-eng,"Winter's bone: a novel","Woodrell, Daniel",9780316131612,,"Hachette Audio; Little, Brown and Company; Back Bay Books",2010,"New York",eAudiobook;eBook;Book,"Book::Valley Hi-North Laguna Teen Area: TEEN FICTION Woodrell, D. - On Shelf"
https://catalog.saclibrary.org/GroupedWork/a7416fa6-60ea-889e-acb2-3d959e2e275c-eng,"Midnight at the Electric","Anderson, Jodi Lynn",9780062393548,,"HarperTeen, an imprint of HarperCollins Publishers; HarperCollins",2017,"New York",eAudiobook;eBook;Book,"Book::Fair Oaks Teen Area: TEEN FICTION Anderson, J. - On Shelf,Book::North Natomas: TEEN FICTION Anderson, J. - On Shelf,Book::Southgate Teen Area: TEEN FICTION Anderson, J. - On Shelf"
https://catalog.saclibrary.org/GroupedWork/6e15dab2-bedf-0e1d-05f2-49ef8e7ed7f8-eng,"Pretend she's here","Rice, Luanne",9781338298505,,"Scholastic Inc.; Scholastic Press",2019,"New York",eAudiobook;eBook;Book,"Book::South Natomas Teen Area: TEEN FICTION Rice, L. - On Shelf,Book::Orangevale: TEEN FICTION Rice, L. - On Hold Shelf,Book::Sacramento Public Library Storage: TEEN FICTION Rice, L. - On Shelf"
https://catalog.saclibrary.org/GroupedWork/efe472de-0e2e-29c2-30f5-17994319259d-eng,"Better together","Riccio, Christine, 1990-",9781250760067,,"Wednesday Books, an imprint of St. Martin's Publishing Group; Macmillan Audio",2021,"New York, NY",eAudiobook;Book,"Book::Isleton Teen Area: TEEN FICTION Riccio, C. - On Shelf,Book::Folsom Teen Room: TEEN FICTION Riccio, C. - On Shelf,Book::Sacramento Public Library Storage: TEEN FICTION Riccio, C. - On Shelf"
https://catalog.saclibrary.org/GroupedWork/6c6206ec-2db8-a307-dbde-e5b8e9d4b6f5-eng,"Excuse me while I ugly cry","Goffney, Joya",9780063024793,,"HarperTeen, an imprint of HarperCollins Publishers; HarperCollins",2021,"New York, NY",eAudiobook;eBook;Book,
https://catalog.saclibrary.org/GroupedWork/542b4f28-d7a6-6791-f0eb-f7831f206ee2-eng,"Tell me again how a crush should feel: [a novel]","Farizan, Sara",9781616205492,,"Highbridge Company; Little, Brown Books for Young Readers; Algonquin Young Readers",2014,"Chapel Hill, North Carolina",eBook;Book;eAudiobook,
https://catalog.saclibrary.org/GroupedWork/0702f031-8854-a8ed-d7af-1d980add0d89-eng,"The last love song","Holford, Kalie",9798212638012,,"Blackstone Publishing",2024,"Ashland, Oregon",eAudiobook;eBook;Book,"Book::Franklin Teen: TEEN FICTION Holford, K. - On Shelf,Book::Valley Hi-North Laguna Teen Area: TEEN FICTION Holford, K. - On Shelf,Book::Sacramento Public Library Storage: TEEN FICTION Holford, K. - On Shelf"
https://catalog.saclibrary.org/GroupedWork/0a9677fb-f794-24ba-9a72-425327b8caba-eng,"Girls in the moon","McNally, Janet (Janet M.)",9780062436245,,"HarperCollins; HarperTeen, an imprint of HarperCollinsPublishers",2016,"New York, NY",eBook;Book;eAudiobook,"Book::Franklin Teen: TEEN FICTION McNally, J. - On Shelf"
https://catalog.saclibrary.org/GroupedWork/e5f0e510-af51-aac9-7499-fb49ff90b9d7-eng,"Sloppy firsts: a novel","McCafferty, Megan",9780609807903,,"Crown Publishers; Crown/Archetype; Macmillan Audio","2001 - 2021","New York",eAudiobook;Book;eBook,
https://catalog.saclibrary.org/GroupedWork/8e972081-2068-8c69-e369-769af8b95f4e-eng,"You should see me in a crown","Johnson, Leah (Young adult author)",9781338503265,,"Scholastic Inc.; Scholastic Press",2020,"New York",eAudiobook;eBook;Book,"Book::Elk Grove Teen Area: TEEN FICTION Johnson, L. - On Shelf,Book::Franklin Teen: TEEN FICTION Johnson, L. - On Shelf,Book::Galt Teen Area: TEEN FICTION Johnson, L. - On Shelf"
https://catalog.saclibrary.org/GroupedWork/a9c349a4-d234-fc13-cad9-b7541e0cf4f2-eng,"Ethan Frome","Wharton, Edith, 1862-1937",9780140390582,,"Signet Classic; Interactive Media; Project Gutenberg; Penguin; Dreamscape Media; Phoenix Books, Inc.; C. Scribners; Duke Classics; Dover Publications; Start Publishing LLC; SoundCraft Audiobooks; Oxford University Press; Penguin Publishing Group; DigiCat","1911 - 2025","New York; New York, N.Y; Oxford",eBook;Book;eAudiobook,"Book::Arcade: FICTION Wharton, E. - On Shelf,Book::Carmichael: FICTION Wharton, E. - On Shelf,Book::Central: FICTION Wharton, E. - On Shelf"
https://catalog.saclibrary.org/GroupedWork/baf5580c-7925-c1ab-2907-8966af916d34-eng,"Game changer","Shusterman, Neal",9780061998676,,"Quill Tree Books; HarperCollins; Quill Tree Books, an imprint of HarperCollinsPublishers",2021,"New York, NY",eAudiobook;eBook;Book,"Book::Belle Cooledge Teen Area: TEEN FICTION Shusterman, N. - On Shelf,Book::Franklin Teen: TEEN FICTION Shusterman, N. - Checked Out,Book::South Natomas Teen Area: TEEN FICTION Shusterman, N. - On Shelf"
https://catalog.saclibrary.org/GroupedWork/8458532c-8d71-e418-6555-752774ff99fe-eng,"The code for love and heartbreak","Cantor, Jillian",9781335090591,,"Recorded Books, Inc.; Inkyard Press",2020,"[Toronto, Ontario, Canada]",eAudiobook;eBook;Book,
https://catalog.saclibrary.org/GroupedWork/41d8835e-8d43-317a-01e3-5ba11e1284a5-eng,"The infinite noise","Shippen, Lauren",9781250297518,,"Tor Teen; Macmillan Audio",2019,"New York",eAudiobook;Book,"Book::Belle Cooledge Teen Area: TEEN FICTION Shippen, L. - On Shelf,Book::Valley Hi-North Laguna Teen Area: TEEN FICTION Shippen, L. - On Shelf,Book::Colusa Main Branch Teen Collection: YA Fic - On Shelf"
https://catalog.saclibrary.org/GroupedWork/3842379f-c78e-bf29-6896-3d124638bfd9-eng,"The seventh sun","Forbes, Lani",9781982546090,,"Blackstone Publishing","2020 - 2021","Ashland, OR",eAudiobook;eBook;Book,"Book::Belle Cooledge Teen Area: TEEN FICTION Forbes, L. - On Shelf,Book::North Natomas: TEEN FICTION Forbes, L. - On Shelf,Book::Southgate Teen Area: TEEN FICTION Forbes, L. - On Shelf"
https://catalog.saclibrary.org/GroupedWork/d77aa8ac-e4f9-09f0-4476-d577b6f63ec6-eng,"The bend of luck","Hoey, Peter",9781603095099,,"IDW Publishing; Top Shelf Productions",2022,"San Diego, CA","Graphic Novel/Manga;eComic","Graphic Novel/Manga::Rio Linda: GRAPHIC NOVEL Hoey, P. - On Shelf,Graphic Novel/Manga::Sylvan Oaks: GRAPHIC NOVEL Hoey, P. - On Shelf,Graphic Novel/Manga::Woodland Public Library: GRAPHIC NOVEL Hoey, P. - On Shelf"
https://catalog.saclibrary.org/GroupedWork/bc751c26-9804-77f6-4037-c79723ccb5e2-eng,"You don't live here","Schneider, Robyn",9780062568113,,"Katherine Tegen Books; HarperCollins; Katherine Tegen Books, an imprint of HarperCollinsPublishers",2020,"New York, NY",eAudiobook;eBook;Book,
https://catalog.saclibrary.org/GroupedWork/b5e3f1b7-23b7-9da0-5ffd-f243f3617f95-eng,"Killing Mr. Griffin","Duncan, Lois, 1934-2016",9780316425360,,"Recorded Books, Inc.; Hachette Audio; Little, Brown Books for Young Readers; Little, Brown and Co","1997 - 2010","New York",eAudiobook;eBook;Book,"Book::Central Teen Area - 3rd Floor: TEEN FICTION Duncan, L. - On Shelf,Book::Sacramento Public Library Storage: TEEN FICTION Duncan, L. - On Shelf"
https://catalog.saclibrary.org/GroupedWork/864765e9-ee40-c8cf-fc9c-198801b61a31-eng,"Meet me at midnight","Pennington, Jessica",9781250187666,,"Recorded Books, Inc.; Tor Teen; Tor Publishing Group",2020,"New York",eAudiobook;Book;eBook,"Book::Rancho Cordova: TEEN FICTION Pennington, J. - Checked Out,Book::Rio Linda Teen Area: TEEN FICTION Pennington, J. - On Shelf"
https://catalog.saclibrary.org/GroupedWork/b1735a5f-ec80-19e3-dfd7-23ceadc2aa73-eng,"Sugar and spice: an L.A. candy novel","Conrad, Lauren",9780061767623,,"HarperCollins; Harper",2010,"New York",eBook;Book;eAudiobook,
https://catalog.saclibrary.org/GroupedWork/39314113-4eaa-0d53-cd38-67a99b5039e6-eng,Illusions,"Pike, Aprilynne",9780061668098,,"Recorded Books, Inc.; HarperTeen; HarperCollins",2011,"New York",eAudiobook;eBook;Book,
https://catalog.saclibrary.org/GroupedWork/6c8df35b-4341-72ec-9c90-89898424075c-eng,"The escape of light","Venturini, Fred",9781684423934,,"Dreamscape Media; Turner Publishing Company",2019,"Nashville, Tennessee",eBook;Book;eAudiobook,"Book::North Natomas: TEEN FICTION Venturini, F. - On Shelf,Book::Rancho Cordova: TEEN FICTION Venturini, F. - On Shelf,Book::Sacramento Public Library Storage: TEEN FICTION Venturini, F. - On Shelf"
https://catalog.saclibrary.org/GroupedWork/d61a9df7-4c0e-fe1f-1b82-9877e8b42af2-eng,"I am here now","Bottner, Barbara",9781250207692,,"Recorded Books, Inc.; Imprint",2020,"New York",eAudiobook;eBook;Book,
https://catalog.saclibrary.org/GroupedWork/3b5c921a-0668-f6a4-377f-97cb9c00cdf6-eng,"Remember me","Laure, Estelle",9781250261939,,"Recorded Books, Inc.; St. Martin's Publishing Group; Wednesday Books",2022,"New York",eAudiobook;eBook;Book,"Book::Belle Cooledge Teen Area: TEEN FICTION Laure, E. - On Shelf,Book::Franklin Teen: TEEN FICTION Laure, E. - On Shelf,Book::South Natomas Teen Area: TEEN FICTION Laure, E. - On Shelf"
https://catalog.saclibrary.org/GroupedWork/0ae21ecd-4d79-e082-481f-0b077f117e50-eng,"The love and lies of Rukhsana Ali","Khan, Sabina, 1968-",9781338227017,,"Scholastic Inc.; Scholastic Press",2019,"New York",eBook;Book;eAudiobook,"Book::Arcade Teen Area: TEEN FICTION Khan, S. - On Shelf,Book::Fair Oaks Teen Area: TEEN FICTION Khan, S. - On Shelf,Book::South Natomas Teen Area: TEEN FICTION Khan, S. - On Shelf"
https://catalog.saclibrary.org/GroupedWork/e2ce725d-526a-9510-7046-9bb97d216afa-eng,"Permanent record","Choi, Mary H. K",9781534445970,,"Simon & Schuster BFYR; Simon & Schuster Audio; Simon & Schuster Books for Young Readers",2019,"New York; [New York, N.Y.]","Audiobook - CD;Book;eAudiobook;eBook","Book::Carmichael Teen Area: TEEN FICTION Choi, M. - On Shelf,Book::North Natomas: TEEN FICTION Choi, M. - On Shelf,Book::Sacramento Public Library Storage: TEEN FICTION Choi, M. - On Shelf"
https://catalog.saclibrary.org/GroupedWork/cc1fe7ec-9bdd-f494-830f-56c754b74e8b-eng,"The killer: affairs of the state",Matz,9781684158584,,"BOOM! Studios; Archaia",2022,"Los Angeles, CA","Graphic Novel/Manga;eComic","Graphic Novel/Manga::Central: GRAPHIC NOVEL Matz - On Shelf,Graphic Novel/Manga::Elk Grove: GRAPHIC NOVEL Matz - On Shelf,Graphic Novel/Manga::Fair Oaks: GRAPHIC NOVEL Matz - Checked Out"
https://catalog.saclibrary.org/GroupedWork/5c3f478b-83d4-fc03-7b19-71c94252feaf-eng,"Your robot dog will die","Greenwood, Arin",9781616958398,,"Recorded Books, Inc.; Soho Press; Soho Teen",2018,"New York, NH",eBook;Book;eAudiobook,"Book::Central Teen Area - 3rd Floor: TEEN FICTION Greenwood, A. - On Shelf,Book::Franklin Teen: TEEN FICTION Greenwood, A. - Checked Out,Book::Pocket-Greenhaven Teen Area: TEEN FICTION Greenwood, A. - On Shelf"
https://catalog.saclibrary.org/GroupedWork/aad2d3a8-a196-ea60-1329-95994af0b078-eng,"Geek girl","Smale, Holly",9780062333575,,"Harper, an imprint of HarperCollins Publishers; W. F. Howes Ltd; HarperTeen; HarperCollins","2014 - 2024","New York, NY",eAudiobook;eBook;Book,"Book::Arcade Teen Area: TEEN FICTION Smale, H. - On Shelf,Book::Southgate Teen Area: TEEN FICTION Smale, H. - On Shelf,Book::Central Teen Area - 3rd Floor: TEEN FICTION Smale, H. - On Shelf"
https://catalog.saclibrary.org/GroupedWork/cade2b0b-d6f6-7e1d-af67-5d410d031bf1-eng,"Forest of the Pygmies","Allende, Isabel",9780063062948,,"Katherine Tegen Books; HarperCollins; Katherine Tegen Books, an imprint of HarperCollinsPublishers; Penguin Young Readers Group","2014 - 2026","New York, NY",eAudiobook;eBook;Book,"Book::Elk Grove Teen Area: TEEN FICTION Allende, I. - On Shelf,Book::North Natomas: TEEN FICTION Allende, I. - On Shelf,Book::Rio Linda Teen Area: TEEN FICTION Allende, I. - On Shelf"
https://catalog.saclibrary.org/GroupedWork/4e60d7c7-9c0f-8d78-84ac-e8cb3d882f00-eng,"Briarcliff Prep","Peppins, Brianna",9781368078375,,"Disney Hyperion; Disney Hyperion Digital; Disney Book Group; Hyperion",2022,"Los Angeles",eAudiobook;eBook;Book,"Book::Elk Grove Teen Area: TEEN FICTION Peppins, B. - On Shelf,Book::Franklin Teen: TEEN FICTION Peppins, B. - On Shelf,Book::McKinley Children's Area: TEEN FICTION Peppins, B. - On Shelf"
https://catalog.saclibrary.org/GroupedWork/68d81d71-be11-08b5-43d5-ca4fb5006dc5-eng,"Find a stranger, say goodbye","Lowry, Lois",9780395264591,,"Houghton Mifflin; Tantor Media, Inc.; HarperCollins; Tantor Media, Inc","1978 - 2020",Boston,eAudiobook;eBook;Book,
https://catalog.saclibrary.org/GroupedWork/3da60558-464b-a246-564c-143b2f062cf5-eng,Middlemarch,"Eliot, George, 1819-1880",9780141196893,,"Penguin Classics; Dover Publications; Naxos AudioBooks; Naxos Audiobooks; HarperCollins Canada; Random House Publishing Group; Penguin Books; Penguin Publishing Group; Wordsworth Classics; Modern Library; Oregan Publishing","1994 - 2019","New York; Ware; London",eAudiobook;eBook;Book,"Book::Arcade: FICTION Eliot, G. - Checked Out,Book::Carmichael: FICTION Eliot, G. - Checked Out"
https://catalog.saclibrary.org/GroupedWork/4d1a9436-8e75-0a73-2b0a-764286b2fc3a-eng,"The Black Coats","Oakes, Colleen",9780062679628,,"HarperTeen; HarperCollins; Harper Teen, an imprint of HarperCollinsPublishers",2019,"New York, NY",eAudiobook;eBook;Book,
https://catalog.saclibrary.org/GroupedWork/d9840892-5af9-3167-3709-241ab18eaa58-eng,"Come again","Powell, Nate",9781603094283,,"IDW Publishing; Top Shelf Productions",2018,"Marietta, GA","Graphic Novel/Manga;eComic","Graphic Novel/Manga::Carmichael: GRAPHIC NOVEL Powell, N. - On Shelf"
https://catalog.saclibrary.org/GroupedWork/5a1be1ca-b550-9f0b-7c57-5b314e6bd1d2-eng,"The old man and the sea","Hemingway, Ernest, 1899-1961",9780684801223,,"Simon & Schuster Audio; Scribner; Book-of-the-month Club; Scribner Paperback Fiction; Findaway Voices","1952 - 2024","New York; New York, NY","eAudiobook;Audiobook - CD;Book;eBook","Book::Fair Oaks: FICTION Hemingway, E. - Checked Out,Book::Rancho Cordova: FICTION Hemingway, E. - Checked Out,Book::Folsom Adult: FICTION Hemingway, E. - On Hold Shelf"
https://catalog.saclibrary.org/GroupedWork/1a93df67-9e8b-0764-76cd-b50e75c6320e-eng,"Anna K: a love story","Lee, Jenny, 1971-",9781250236432,,"Macmillan Audio; Flatiron Books",2020,"New York; New York, NY","eAudiobook;Audiobook - CD;Book;eBook","Book::Carmichael Teen Area: TEEN FICTION Lee, J. - On Shelf,Book::Colusa Main Branch Teen Collection: YA Fic - On Shelf,Book::Sacramento Public Library Storage: TEEN FICTION Lee, J. - Checked Out"
https://catalog.saclibrary.org/GroupedWork/c6e1164b-48ca-de19-7a4d-92a6e794bc9f-eng,"Not my problem","Smyth, Ciara (Young adult author)",9780062957146,,"HarperCollins; HarperTeen, an imprint of HarperCollinsPublishers",2021,"New York, NY",eAudiobook;eBook;Book,"Book::Carmichael Teen Area: TEEN FICTION Smyth, C. - Checked Out,Book::Central Teen Area - 3rd Floor: TEEN FICTION Smyth, C. - On Shelf,Book::North Natomas: TEEN FICTION Smyth, C. - Display"
https://catalog.saclibrary.org/GroupedWork/3d5feb27-4dbd-3568-594c-1e60370daf43-eng,"Once upon a quinceanera","Gomez-Hira, Monica",9780062996831,,"HarperTeen; HarperCollins; HarperTeen, an imprint of HarperCollinsPublishers",2021,"New York, NY",eAudiobook;eBook;Book,
https://catalog.saclibrary.org/GroupedWork/045b5cca-e6a8-4de6-e15a-5a2277656897-eng,"Symptoms of a heartbreak","Charaipotra, Sona",9781250199102,,"Macmillan Audio; Imprint","2019 - 2022","New York",eAudiobook;Book,
https://catalog.saclibrary.org/GroupedWork/545b4663-adab-4b84-dba3-ca91171fbce4-eng,"Sweet little lies: an L.A. Candy novel","Conrad, Lauren",9780061767609,,"HarperCollins; Harper",2010,"New York",eAudiobook;eBook;Book,
https://catalog.saclibrary.org/GroupedWork/10d39b08-faf9-f834-e633-122b2bca5174-eng,Ulysses,"Joyce, James, 1882-1941",9780199535675,,"Dover Publications, Inc; Naxos AudioBooks; Start Publishing LLC; Oxford University Press; Naxos Audiobooks; Duke Classics; Blackstone Publishing; Random House Publishing Group; Modern Library; [CreateSpace Independent Publishing]","1992 - 2018","New York; [United States]; Mineola, New York; Oxford",eAudiobook;eBook;Book,"Book::Arcade: FICTION Joyce, J. - On Shelf,Book::Carmichael: FICTION Joyce, J. - Checked Out,Book::Elk Grove: FICTION Joyce, J. - On Hold Shelf"
https://catalog.saclibrary.org/GroupedWork/0803576e-6262-5838-2962-646ca3a5f8ad-eng,"Symptoms of being human","Garvin, Jeff",9780062382863,,"Balzer + Bray; HarperCollins; Balzer + Bray, an imprint of HarperCollins Publishers",2016,"New York, NY",eAudiobook;eBook;Book,
https://catalog.saclibrary.org/GroupedWork/e0d11089-78fb-6db7-aacf-e3f1b577dfb4-eng,Fallout,"Hopkins, Ellen",9781416950103,,"Simon & Schuster Audio; Margaret K. McElderry Books","2010 - 2016","New York; New York, NY","eAudiobook;Audiobook - CD;Book;eBook",
https://catalog.saclibrary.org/GroupedWork/4bab659e-b750-753a-cf98-8d6005d3e00a-eng,"Aisle nine","Cho, Ian X",9780063206809,,"Harper, an imprint of HarperCollins Publishers; HarperCollins",2024,"New York, NY",eAudiobook;eBook;Book,"Book::Carmichael Teen Area: TEEN FICTION Cho, I. - On Shelf,Book::Central Teen Area - 3rd Floor: TEEN FICTION Cho, I. - On Shelf,Book::North Natomas: TEEN FICTION Cho, I. - On Shelf"
https://catalog.saclibrary.org/GroupedWork/6da8283a-1fa1-bfc7-e87c-4d12e68e374f-eng,"Epically earnest","Horan, Molly",9780358566137,,"Clarion Books; Clarion Books, an imprint of HarperCollinsPublishers; HarperCollins",2022,"New York",eAudiobook;eBook;Book,"Book::Arcade Teen Area: TEEN FICTION Horan, M. - On Shelf,Book::Del Paso Heights Teen Area: TEEN FICTION Horan, M. - On Shelf,Book::Elk Grove Teen Area: TEEN FICTION Horan, M. - On Shelf"
https://catalog.saclibrary.org/GroupedWork/0af62de5-9955-31ab-dd4f-7eb783468730-eng,"No place like here","June, Christina",9780310766926,,Blink,2019,"Grand Rapids, Michigan",eAudiobook;eBook;Book,
https://catalog.saclibrary.org/GroupedWork/580e3cec-0ed9-46de-44c0-39de35976881-eng,"The dead queens club","Capin, Hannah",9781335542236,,"Ink Yard Press; Harlequin Audio; Inkyard Press",2019,Toronto,eBook;Book;eAudiobook,"Book::Central Teen Area - 3rd Floor: TEEN FICTION Capin, H. - On Shelf,Book::Sacramento Public Library Storage: TEEN FICTION Capin, H. - On Shelf"
https://catalog.saclibrary.org/GroupedWork/c424c265-6997-2747-eeb2-d7cb460cd4c1-eng,Unpregnant,"Hendriks, Jenni",9780062876249,,"HarperCollins; HarperTeen, an imprint of HarperCollinsPublishers",2019,"New York, NY",eAudiobook;eBook;Book,"Book::Arcade Teen Area: TEEN FICTION Hendriks, J. - On Shelf,Book::Central Teen Area - 3rd Floor: TEEN FICTION Hendriks, J. - On Shelf,Book::South Natomas Teen Area: TEEN FICTION Hendriks, J. - Checked Out"
https://catalog.saclibrary.org/GroupedWork/d9119ef6-c4a6-ff46-79ee-c2557b928bde-eng,"Last things","West, Jacqueline, 1979-",9780062875068,,"Greenwillow Books; HarperCollins; Greenwillow Books, an imprint of HarperCollinsPublishers",2019,"New York, NY",eAudiobook;eBook;Book,
https://catalog.saclibrary.org/GroupedWork/b7217916-0f4b-e6d1-85aa-7dda30cb9d5f-eng,"Destroy all monsters","Miller, Sam J",9780062456748,,"HarperTeen; HarperCollins; HarperTeen, an imprint of HarperCollinsPublishers",2019,"New York, NY",eAudiobook;Book;eBook,"Book::Rancho Cordova: TEEN FICTION Miller, S. - On Shelf"
https://catalog.saclibrary.org/GroupedWork/11afafb1-759e-c620-2c2c-7515b65ece0d-eng,"Where we go from here","Rocha, Lucas",9781338556247,,"Scholastic Inc.; Push",2020,"New York",eBook;eAudiobook;Book,"Book::Central Teen Area - 3rd Floor: TEEN FICTION Rocha, L. - On Shelf,Book::Sacramento Public Library Storage: TEEN FICTION Rocha, L. - On Shelf,Book::Woodland Public Library Teen Area: TEEN FICTION Rocha, L. - On Shelf"
https://catalog.saclibrary.org/GroupedWork/13317c39-5e65-7d27-9b0a-f9a83ea5f239-eng,"Luka and the fire of life: a novel","Rushdie, Salman",9780679463368,,"Recorded Books, Inc.; Random House; Random House Publishing Group",2010,"New York [N.Y.]",eAudiobook;Book;eBook,"Book::North Natomas: FICTION Rushdie, S. - On Shelf,Book::Rancho Cordova: FICTION Rushdie, S. - On Shelf,Book::Woodland Public Library: FICTION Rushdie - On Shelf"
https://catalog.saclibrary.org/GroupedWork/b8028f23-4fd9-723b-1f24-2062ee995082-eng,"Ride with me","Keating, Lucy",9780358468318,,"Clarion Books, an imprint of HarperCollinsPublishers; HarperCollins",2022,"New York, NY",eAudiobook;eBook;Book,"Book::Galt Teen Area: TEEN FICTION Keating, L. - On Shelf,Book::North Natomas: TEEN FICTION Keating, L. - On Shelf,Book::Sacramento Public Library Storage: TEEN FICTION Keating, L. - On Shelf"
https://catalog.saclibrary.org/GroupedWork/e5dbf344-5194-ce6a-787e-c8e33370c979-eng,"The Black Flamingo","Atta, Dean",9780062990297,,"Balzer + Bray; Balzer + Bray, an imprint of HarperCollinsPublishers; Quill Tree Books; HarperCollins",2020,"New York, NY",eAudiobook;eBook;Book,"Book::Central Teen Area - 3rd Floor: TEEN FICTION Atta, D. - On Shelf,Book::Elk Grove Teen Area: TEEN FICTION Atta, D. - Display,Book::Franklin Teen: TEEN FICTION Atta, D. - On Shelf"
https://catalog.saclibrary.org/GroupedWork/ee613c40-6d9a-a7ff-4470-b33b8d7b5ee3-eng,"Anna Karenina","Tolstoy, Leo, graf, 1828-1910",9780393966428,,"Tantor Media, Inc.; Highbridge Company; Recorded Books; Norton; Barnes & Noble Books; Bobbs-Merrill; Duke Classics; Random House; Blackstone Publishing; Dover Publications; Heritage Press; Blackstone Audio, Inc.; Start Publishing LLC; Oxford University Press; HighBridge; Thomas Y. Crowell & Company; Random House Publishing Group; Penguin Publishing Group; Modern Library; BEESQUARE; Barnes & Noble; Grolier","1899 - 2025","New York; [St. Paul, MN]; Prince Frederick, MD; Mineola, N.Y; Indianapolis","eAudiobook;Audiobook - CD;eBook;Book","Book::Fair Oaks: FICTION Tolstoy, L. - Checked Out,Book::South Natomas: FICTION Tolstoy, L. - On Shelf,Book::North Natomas: FICTION Tolstoy, L. - On Hold Shelf"
https://catalog.saclibrary.org/GroupedWork/1b7eec62-355f-d28d-cf0e-6a20a964e173-eng,"Goodbye from nowhere","Zarr, Sara",9780062434685,,"Clarion Books; HarperCollins; Balzer + Bray, an imprint of HarperCollins Publishers",2020,"New York, NY",eAudiobook;eBook;Book,"Book::North Natomas: TEEN FICTION Zarr, S. - Checked Out,Book::Sacramento Public Library Storage: TEEN FICTION Zarr, S. - On Shelf"
https://catalog.saclibrary.org/GroupedWork/180bf89b-6049-c7c0-5f00-4c1bccc6e954-eng,"The three rooms in Valerie's head","Gaffney, David",9781603094153,,"IDW Publishing; Top Shelf Productions","2017 - 2018","Marietta, GA","Graphic Novel/Manga;eComic","Graphic Novel/Manga::Central: GRAPHIC NOVEL Gaffney, D. - On Shelf,Graphic Novel/Manga::Rancho Cordova: GRAPHIC NOVEL Gaffney, D. - On Shelf,Graphic Novel/Manga::Southgate: GRAPHIC NOVEL Gaffney, D. - On Shelf"
https://catalog.saclibrary.org/GroupedWork/40b96bad-d67e-315b-ac38-0da6e4e66313-eng,"Wessex tales","Hardy, Thomas, 1840-1928",9780199538522,,"Macmillan and Company; Interactive Media; Xist Publishing; Oxford University Press; Naxos Audiobooks","1920 - 2024","New York; London; Oxford",eBook;Book;eAudiobook,"Book::Carmichael: FICTION Hardy, T. - On Shelf"
https://catalog.saclibrary.org/GroupedWork/92420266-dde1-7765-e972-7287ab29de74-eng,"If I can give you that","Bulla, Michael Gray",9780063091702,,"HarperCollins; Quill Tree Books; Quill Tree Books, an imprint of HarperCollinsPublishers",2023,"New York, NY",eAudiobook;eBook;Book,"Book::Carmichael Teen Area: TEEN FICTION Bulla, M. - On Shelf,Book::Central Teen Area - 3rd Floor: TEEN FICTION Bulla, M. - On Shelf,Book::Belle Cooledge Teen Area: TEEN FICTION Bulla, M. - On Shelf"
https://catalog.saclibrary.org/GroupedWork/2cffb16f-8df5-a432-2219-9ea20528ef61-eng,"Bored gay werewolf","Santorella, Tony",9781838957018,,"W. F. Howes Ltd; Atlantic Books",2023,London,eBook;Book;eAudiobook,"Book::Central: FICTION Santorella, T. - On Shelf,Book::Franklin: FICTION Santorella, T. - On Shelf,Book::North Sacramento-Hagginwood: FICTION Santorella, T. - On Shelf"
https://catalog.saclibrary.org/GroupedWork/07db31eb-a65d-22fa-5145-0fa5a689c5d5-eng,"Even if we break","Nijkamp, Marieke",9781728231969,,"Recorded Books, Inc.; Sourcebooks Inc; Sourcebooks; Sourcebooks Fire","2020 - 2021","Naperville, Illinois; Naperville, IL",eAudiobook;eBook;Book,
https://catalog.saclibrary.org/GroupedWork/2f25b416-3ac7-27f8-87b6-de2cf4cc091a-eng,"The roof over our heads","Kronzer, Nicole",9781419754562,,"Abrams; Amulet Books; Blackstone Publishing",2023,"New York",eAudiobook;eBook;Book,"Book::Carmichael Teen Area: TEEN FICTION Kronzer, N. - On Shelf,Book::Central Teen Area - 3rd Floor: TEEN FICTION Kronzer, N. - On Shelf,Book::Belle Cooledge Teen Area: TEEN FICTION Kronzer, N. - On Shelf"
https://catalog.saclibrary.org/GroupedWork/19a77da8-b211-4c8e-949e-f97e11bf1d83-eng,"Everything within and in between","Barthelmess, Nikki",9780062976901,,"HarperTeen; HarperCollins; HarperTeen, an imprint of HarperCollinsPublishers",2021,"New York, NY",eAudiobook;eBook;Book,
https://catalog.saclibrary.org/GroupedWork/c702d6c4-1ffa-879a-c5bb-420418d78bb7-eng,"Here's to us","Albertalli, Becky",9780063071636,,"Balzer + Bray, Quill Tree Books, imprints of HarperCollinsPublishers; Quill Tree Books; HarperCollins; HarperCollins Publishers",2021,"New York, NY; [New York, NY]","eAudiobook;Audiobook - CD;eBook;Book","Book::Carmichael Teen Area: TEEN FICTION Albertalli, B. - On Shelf,Book::Central Teen Area - 3rd Floor: TEEN FICTION Albertalli, B. - Checked Out,Book::Belle Cooledge Teen Area: TEEN FICTION Albertalli, B. - Checked Out"
https://catalog.saclibrary.org/GroupedWork/337a7471-dcb9-8932-3670-961e6e48e510-eng,"The edge of over there","Smucker, Shawn",9780800728502,,"Oasis Audio; Revell, a division of Baker Publishing Group; Baker Publishing Group",2018,"Grand Rapids, Michigan",eBook;Book;eAudiobook,"Book::Rancho Cordova: TEEN FICTION Smucker, S. - On Shelf"
https://catalog.saclibrary.org/GroupedWork/bb201d00-b8d6-22af-929b-353c4774a2da-eng,"Return to sender","Draper, Lauren",9780063340367,,"HarperCollins; HarperTeen, an imprint of HarperCollinsPublishers",2024,"New York, NY",eAudiobook;eBook;Book,"Book::Carmichael Teen Area: TEEN FICTION Draper, L. - On Shelf,Book::Central Teen Area - 3rd Floor: TEEN FICTION Draper, L. - On Shelf,Book::Colonial Heights: TEEN FICTION Draper, L. - On Shelf"
https://catalog.saclibrary.org/GroupedWork/e9fc5c12-f3bc-2845-122a-77b4ccdb2f5b-eng,"Some mistakes were made","Dwyer, Kristin",9780063088535,,"HarperCollins; HarperTeen, an imprint of HarperCollinsPublishers",2022,"New York, NY",eAudiobook;eBook;Book,"Book::Central Teen Area - 3rd Floor: TEEN FICTION Dwyer, K. - On Shelf,Book::Belle Cooledge Teen Area: TEEN FICTION Dwyer, K. - On Shelf,Book::Fair Oaks Teen Area: TEEN FICTION Dwyer, K. - On Shelf"
https://catalog.saclibrary.org/GroupedWork/2c230496-379c-d384-250b-4155a1339a68-eng,Fawkes,"Brandes, Nadine, 1986-",9780785217145,,"Thomas Nelson",2018,"Nashville, Tennessee",eAudiobook;eBook;Book,"Book::Central Teen Area - 3rd Floor: TEEN FICTION Brandes, N. - On Shelf,Book::Sacramento Public Library Storage: TEEN FICTION Brandes, N. - On Shelf"
https://catalog.saclibrary.org/GroupedWork/4f9bf9eb-4ce0-ac64-2a08-2e50c0571448-eng,"And she was","Verdi, Jessica",9781338150537,,"Tantor Media, Inc.; Scholastic Inc.; Point; Tantor Media, Inc","2018 - 2020","New York, NY",eAudiobook;eBook;Book,
https://catalog.saclibrary.org/GroupedWork/dd0756f0-a19f-96bb-69fb-49b927a8f9c6-eng,"Dark rise","Pacat, C. S",9780062946140,,"HarperCollins; Quill Tree Books; Quill Tree Books, an imprint of HarperCollinsPublishers",2021,"New York, NY",eAudiobook;eBook;Book,"Book::Courtland Teen Area: TEEN FICTION Pacat, C. - On Shelf,Book::Del Paso Heights Teen Area: TEEN FICTION Pacat, C. - On Shelf,Book::Orangevale: TEEN FICTION Pacat, C. - On Shelf"
https://catalog.saclibrary.org/GroupedWork/a6cd9063-a9f7-6424-cd80-ffa65759f77f-eng,"The rise of the Dawnstar","Oomerbhoy, Farah",9781634899345,,"Wise Ink Creative Publishing; Farah Oomerbhoy; Findaway Voices","2017 - 2019","Minneapolis, MN",eBook;Book;eAudiobook,
https://catalog.saclibrary.org/GroupedWork/ccfcbc31-d13a-963c-c392-45fdd38a4d53-eng,"The Grimm Legacy","Shulman, Polly",9780399250965,,"Dreamscape Media; G.P. Putnam's Sons; Penguin Young Readers Group","2010 - 2013","New York",eAudiobook;eBook;Book,
https://catalog.saclibrary.org/GroupedWork/75e39551-ba03-d91b-d8d8-b78087121341-eng,"When mockingbirds sing","Coffey, Billy",9781401688219,,"Thomas Nelson","2013 - 2014",Nashville,eBook;Book;eAudiobook,"Book::Central: FICTION Coffey, B. - On Shelf,Book::Sutter Branch: FICTION Coffey, B. - On Shelf"
https://catalog.saclibrary.org/GroupedWork/8db251b2-1096-e0e1-6655-140e75c92c23-eng,"Good wives","Alcott, Louisa May, 1832-1888",9781534462496,,"Hesperus Press; Alison Larkin Presents; Blackstone Publishing; HarperCollins Publishers; Aladdin","2006 - 2020","New York; London",eAudiobook;eBook;Book,"Book::Courtland Children's Area: CHILDREN FICTION Alcott, L. - On Shelf,Book::North Natomas Children's Area: CHILDREN FICTION Alcott, L. - On Hold Shelf,Book::Colusa Main Branch Juvenile Collection: J Fic - On Shelf"
https://catalog.saclibrary.org/GroupedWork/60b2b255-1863-9643-b980-9cafd72996e3-eng,"The idiot","Dostoyevsky, Fyodor, 1821-1881",9781593083472,,"Grolier Enterprises Corp; Dutton; Everyman's Library; Vizetelly & Co; Dent; Oxford University Press; Duke Classics; L.A. Theatre Works; Vizetelly and Company; Barnes & Noble","1887 - 2008","New York; London; Danbury, Conn",eAudiobook;eBook;Book,"Book::Central: FICTION Dostoyevsky, F. - Checked Out,Book::Pocket-Greenhaven: FICTION Dostoyevsky, F. - In Transit"
https://catalog.saclibrary.org/GroupedWork/d9aa461a-7298-9a07-7467-3472e566608e-eng,"Jo's boys","Alcott, Louisa May, 1832-1888",9781843915133,,"Interactive Media; Wilder Publications, Inc.; Project Gutenberg; eBooksLib; Hesperus Press; Phoemixx Classics Ebooks; HarperCollins Canada; Blackstone Publishing; Open Road Media; Recorded Books, Inc.; Mint Editions; Xist Publishing; Start Publishing LLC; HarperCollins Publishers; Aladdin; Neeland Media LLC","2000 - 2021","New York; London",eBook;Book;eAudiobook,"Book::Carmichael Children's Area: CHILDREN FICTION Alcott, L. - Checked Out,Book::Colonial Heights Children's Area: CHILDREN FICTION Alcott, L. - On Shelf,Book::South Natomas Children's Area: CHILDREN FICTION Alcott, L. - On Shelf"
https://catalog.saclibrary.org/GroupedWork/f2bc3ce3-757c-c450-cde1-00c3e04fa8ba-eng,"The moonstone","Collins, Wilkie, 1824-1889",9780679417224,,"Tantor Media, Inc.; Open Road Media Mystery & Thriller; Penguin Group Usa; Project Gutenberg; A. L. Burt Company; Infinity Spectrum Books; Dreamscape Media; Duke Classics; Blackstone Publishing; Barnes & Noble Classics; Classics Illustrated Comics; Recorded Books, Inc.; Dover Publications; Blackstone Audio, Inc.; Start Publishing LLC; Knopf; Naxos Audiobooks; Barnes & Noble","1868 - 2024","New York; New  York; TR",eAudiobook;eBook;Book,"Book::Carmichael: FICTION Collins, W. - On Shelf,Book::Central: FICTION Collins, W. - On Shelf,Book::Franklin: FICTION Collins, W. - Checked Out"
https://catalog.saclibrary.org/GroupedWork/886d943c-d5cd-7647-5fe8-10e787d7ea77-eng,"The forgotten memories of Vera Glass","Priemaza, Anna",9781419752599,,"Abrams; ABRAMS; Tantor Media, Inc; Amulet Books","2021 - 2024","New York",eAudiobook;eBook;Book,"Book::Central Teen Area - 3rd Floor: TEEN FICTION Priemaza, A. - On Shelf,Book::Sacramento Public Library Storage: TEEN FICTION Priemaza, A. - On Shelf,Book::Woodland Public Library Teen Area: TEEN FICTION Priemaza, A. - On Shelf"
https://catalog.saclibrary.org/GroupedWork/21e1eee7-f667-0051-3788-8a0df7649932-eng,"What girls are made of","Arnold, Elana K",9781512410242,,"Lerner Publishing Group|Lerner Publishing Group; Highbridge Company; Carolrhoda Lab; Lerner Publishing Group; HighBridge",2017,Minneapolis,eAudiobook;eBook;Book,"Book::Elk Grove Teen Area: TEEN FICTION Arnold, E. - On Shelf,Book::North Natomas: TEEN FICTION Arnold, E. - On Shelf,Book::North Sacramento-Hagginwood Teen Area: TEEN FICTION Arnold, E. - On Shelf"
https://catalog.saclibrary.org/GroupedWork/2472b673-40ec-95d6-6b63-5d9fb6a7de70-eng,"City of the beasts","Allende, Isabel",9780063062900,,"Katherine Tegen Books; HarperCollins; Katherine Tegen Books, an imprint of HarperCollinsPublishers; Penguin Young Readers Group","2014 - 2026","New York, NY",eAudiobook;eBook;Book,"Book::Elk Grove Teen Area: TEEN FICTION Allende, I. - On Shelf,Book::Galt Teen Area: TEEN FICTION Allende, I. - On Shelf,Book::Pocket-Greenhaven Teen Area: TEEN FICTION Allende, I. - On Shelf"
https://catalog.saclibrary.org/GroupedWork/bc83b722-7f33-981c-cb1e-55ea53fd7104-eng,"Every word you never said","Greene, Jordon",9781735437354,,"F/K Teen, an imprint of Franklin/Kerr Press; F/K Teen; Findaway Voices",2022,"Kannapolis, North Carolina",eAudiobook;Book,
https://catalog.saclibrary.org/GroupedWork/5d46e83b-38e2-e166-686b-64d3e56e8b4a-eng,Doctors,"Shaw, Dash",9781606998038,,"Fantagraphics Books",2014,"Seattle, Washington","Graphic Novel/Manga;eComic","Graphic Novel/Manga::Rancho Cordova: GRAPHIC NOVEL Shaw, D. - On Shelf"
https://catalog.saclibrary.org/GroupedWork/f26c59bd-c802-7a74-c71f-31ab61c11039-eng,"Confessions of an alleged good girl","Goffney, Joya",9780063024847,,"Harperteen; HarperCollins",2022,"New York",eAudiobook;eBook;Book,"Book::Carmichael Teen Area: TEEN FICTION Goffney, J. - On Shelf,Book::Central Teen Area - 3rd Floor: TEEN FICTION Goffney, J. - On Shelf,Book::Franklin Teen: TEEN FICTION Goffney, J. - On Shelf"
https://catalog.saclibrary.org/GroupedWork/c73dc689-ec2f-7eac-a431-ac425cea5ef9-eng,"Messer Marco Polo","Byrne, Donn, 1889-1928",9780837604374,,"R. Bentley; The Century Co; Blackstone Publishing; libreka classics","1921 - 2019","New York; Cambridge, Mass",eBook;Book;eAudiobook,"Book::Central: FICTION Byrne - On Shelf"
https://catalog.saclibrary.org/GroupedWork/66176b82-6d75-68f1-26d7-4a29b1b64411-eng,"The reckoning","Armstrong, Kelley",9780061662836,,"Recorded Books, Inc.; HarperCollins; Harper",2010,"New York",eAudiobook;eBook;Book,
https://catalog.saclibrary.org/GroupedWork/11626b7c-2846-121b-bb60-8e6ec38c749f-eng,"The sea is salt and so am I","Hartt, Cassandra, 1992-",9781250619242,,"Recorded Books, Inc.; Roaring Brook Press",2021,"New York",eAudiobook;eBook;Book,
https://catalog.saclibrary.org/GroupedWork/cc89b442-9c31-bb95-336e-daebe7d1254d-eng,"Finding Orion","Anderson, John David, 1975-",9780062643896,,"Walden Pond Press, an imprint of HarperCollins Publishers; HarperCollins; Walden Pond Press",2019,"New York",eAudiobook;eBook;Book,
https://catalog.saclibrary.org/GroupedWork/d923f2e5-a11e-809b-f0f6-7217e0cd3066-eng,Burn,"Ness, Patrick, 1971-",9780062869494,,"HarperCollins; Quill Tree Books; Harper Audio; Harper Teen, an imprint of HarperCollinsPublishers",2020,"New York; New York, NY","eAudiobook;Audiobook - CD;eBook;Book","Book::Carmichael Teen Area: TEEN FICTION Ness, P. - On Shelf,Book::Franklin Teen: TEEN FICTION Ness, P. - On Shelf,Book::South Natomas Teen Area: TEEN FICTION Ness, P. - On Shelf"
https://catalog.saclibrary.org/GroupedWork/0c1e2c50-4735-4037-d11a-d93734514571-eng,"The stepping off place","Rosenblum, Cameron Kelly",9780062932075,,"Quill Tree Books; HarperCollins",2020,"New York, NY",eAudiobook;eBook;Book,"Book::Del Paso Heights Teen Area: TEEN FICTION Rosenblum, C. - On Shelf"
https://catalog.saclibrary.org/GroupedWork/b79574fa-f285-dd03-4055-8e632f3a37ae-eng,"With the fire on high","Acevedo, Elizabeth",9780062662835,,"Quill Tree Books; HarperCollins; HarperTeen, an imprint of HarperCollinsPublishers",2019,"New York, NY",eAudiobook;eBook;Book,"Book::Elk Grove Teen Area: TEEN FICTION Acevedo, E. - On Shelf,Book::Arbuckle Branch Library Teen Collection: YA Fic - On Shelf,Book::Sacramento Public Library Storage: TEEN FICTION Acevedo, E. - On Shelf"
https://catalog.saclibrary.org/GroupedWork/e6053fce-d393-0cf8-31e4-a20a91fe7517-eng,"Ghost tree","Curnow, Bobby",9781684055999,,"IDW Publishing",2019,"San Diego, CA","Graphic Novel/Manga;eComic","Graphic Novel/Manga::Central: GRAPHIC NOVEL Curnow, B. - On Shelf,Graphic Novel/Manga::Courtland: GRAPHIC NOVEL Curnow, B. - On Shelf,Graphic Novel/Manga::Rancho Cordova: GRAPHIC NOVEL Curnow, B. - On Shelf"
https://catalog.saclibrary.org/GroupedWork/4c0585f6-9f0a-5d44-2b90-f2422bf779fb-eng,"The road to bittersweet","Everhart, Donna",9781496709493,,"Tantor Media, Inc; Kensington Books","2017 - 2018","New York, NY",eBook;Book;eAudiobook,"Book::Elk Grove: FICTION Everhart, D. - Checked Out,Book::North Natomas: FICTION Everhart, D. - Checked Out"
https://catalog.saclibrary.org/GroupedWork/541cef38-6fe0-9c16-ad11-b0f9eb87ed14-eng,"What the other three don't know: a novel","Hyde, Spencer",9781629727325,,"Shadow Mountain; Shadow Mountain Publishing; Blackstone Publishing",2020,"Salt Lake City",eAudiobook;eBook;Book,"Book::Arcade Teen Area: TEEN FICTION Hyde, S. - On Shelf,Book::Franklin Teen: TEEN FICTION Hyde, S. - On Shelf,Book::Rancho Cordova: TEEN FICTION Hyde, S. - On Shelf"
https://catalog.saclibrary.org/GroupedWork/d0d8f288-74d6-344e-8f4c-31666b4d1ea4-eng,Arrowsmith,"Lewis, Sinclair, 1885-1951",9780451516718,,"Recorded Books, Inc.; Deadtree Publishing; New American Library; Penguin Group; Harcourt, Brace & Co","1952 - 2013","New York",eBook;Book;eAudiobook,
https://catalog.saclibrary.org/GroupedWork/fbc647b8-f604-0b7b-08f6-2465ba1e5d0e-eng,"Charming as a verb","Philippe, Ben",9780062824141,,"Balzer + Bray; Clarion Books; Balzer + Bray, an imprint of HarperCollinsPublishers; HarperCollins",2020,"New York",eAudiobook;eBook;Book,"Book::Arcade Teen Area: TEEN FICTION Philippe, B. - On Shelf,Book::Elk Grove Teen Area: TEEN FICTION Philippe, B. - On Shelf,Book::Franklin Teen: TEEN FICTION Philippe, B. - On Shelf"
https://catalog.saclibrary.org/GroupedWork/8931bc65-a05e-53eb-8803-240b40f92d53-eng,"Loveboat reunion","Wen, Abigail Hing",9780062957306,,"HarperCollins; HarperTeen, an imprint of HarperCollinsPublishers",2022,"New York, NY",eBook;Book;eAudiobook,"Book::Carmichael Teen Area: TEEN FICTION Wen, A. - On Shelf,Book::Rancho Cordova: TEEN FICTION Wen, A. - On Shelf,Book::Folsom Teen Room: TEEN FICTION Wen, A. - On Shelf"
https://catalog.saclibrary.org/GroupedWork/069a5798-1da8-1074-023a-da6f064807af-eng,"Agnes Grey","Brontë, Anne, 1820-1849",9780812967135,,"Tantor Media, Inc.; Arcturus Publishing; Interactive Media; Project Gutenberg; HarperCollins Canada; Duke Classics; Sheba Blake Publishing Corp.; Otbebookpublishing; Open Road Media; Jovian Press; Recorded Books, Inc.; Dover Publications; Mint Editions; Xist Publishing; Read Books Ltd.; Pandora's Box; Naxos Audiobooks; Start Classics; Modern Library; Neeland Media LLC; Sweet Cherry Publishing; Findaway Voices","2003 - 2025","London; New York",eBook;Book;eAudiobook,"Book::Rancho Cordova: FICTION Bronte, A. - Checked Out"
https://catalog.saclibrary.org/GroupedWork/8584907c-2a08-6d16-2f0e-06b5628477aa-eng,"Around the world in 80 days","Verne, Jules, 1828-1905",9781955529686,,"State University of New York Press; Independently Published; SeaWolf Press; Reader's Digest Association; Dreamscape Media; Sheba Blake Publishing; Duke Classics; Books on Tape; Oasis Audio; Listening Library; Saddleback Educational Publishing; Start Publishing LLC; HarperCollins Publishers; EdCon Publishing; Baronet Books/Playmore, Inc","1905 - 2024","New York; Pleasantville, N.Y","eAudiobook;Audiobook - CD;eBook;Book",
https://catalog.saclibrary.org/GroupedWork/74089a62-2c92-77d4-34d8-b783b2798b58-eng,"Final draft","Redgate, Riley",9781419728723,,"Recorded Books, Inc.; Abrams; ABRAMS; Amulet Books","2018 - 2026","New York",eAudiobook;eBook;Book,
https://catalog.saclibrary.org/GroupedWork/44f23d69-650a-0305-2ae2-bc440f547694-eng,"Only on the weekends","Atta, Dean",9780063157989,,"Balzar + Bray, an imprint of HarperCollinsPublishers; HarperCollins; Quill Tree Books",2022,"New York, NY",eAudiobook;eBook;Book,"Book::Franklin Teen: TEEN FICTION Atta, D. - On Shelf,Book::Valley Hi-North Laguna Teen Area: TEEN FICTION Atta, D. - On Shelf,Book::Sacramento Public Library Storage: TEEN FICTION Atta, D. - On Shelf"
https://catalog.saclibrary.org/GroupedWork/a290c134-0b3d-6add-d912-05c6c9738040-eng,"The Tenant of Wildfell Hall","Brontë, Anne, 1820-1849",9780241198957,,"Arcturus Publishing Ltd; Interactive Media; Wilder Publications, Inc.; Project Gutenberg; GENERAL PRESS; HarperCollins Canada; Duke Classics; Blackstone Publishing; Otbebookpublishing; Open Road Media; Penguin Classics; Dover Publications; Andrews UK; Read Books Ltd.; Start Publishing LLC; Author's Republic; SoundCraft Audiobooks; Naxos Audiobooks; Harper and Brothers; HarperCollins Publishers; Canongate Books; Neeland Media LLC; Sweet Cherry Publishing","1900 - 2024","New York; London",eAudiobook;eBook;Book,"Book::Central: FICTION Bronte, A. - Checked Out,Book::Fair Oaks: FICTION Bronte, A. - On Shelf,Book::Woodland Public Library: FICTION Bronte, A. - Checked Out"
https://catalog.saclibrary.org/GroupedWork/2ddd6588-5473-9bab-d8ed-cc3c643f1673-eng,"The field guide to the North American teenager","Philippe, Ben",9780062824110,,"Balzer + Bray; HarperCollins; Balzer + Bray, an imprint of HarperCollins Publishers",2019,"New York, NY",eAudiobook;eBook;Book,"Book::Southgate Teen Area: TEEN FICTION Philippe, B. - On Shelf,Book::Folsom Teen Room: TEEN FICTION Philippe, B. - On Shelf,Book::Sacramento Public Library Storage: TEEN FICTION Philippe, B. - On Shelf"
https://catalog.saclibrary.org/GroupedWork/36f8bd05-52b6-4656-c55d-4534c604e2a6-eng,"A journey to the centre of the earth","Verne, Jules, 1828-1905",9780812970098,,"Charles Scribner's Sons; Interactive Media; Author's Republic; Amereon House; Oxford University Press; Naxos Audiobooks; HarperCollins Canada; HarperCollins Publishers; Modern Library; Puffin; SC Active Business Development SRL","1905 - 2024","New York; New York, N.Y; Mattituck, NY; London, England; Oxford",eBook;Book;eAudiobook,"Book::Central: SCIENCE FICTION Verne, J. - On Shelf,Book::Belle Cooledge: SCIENCE FICTION Verne, J. - On Shelf,Book::Courtland: SCIENCE FICTION Verne, J. - On Shelf"
https://catalog.saclibrary.org/GroupedWork/22d19dc9-2f5b-1a1a-f334-19be2ed91ccc-eng,"Quantum Weirdness of the Almost-Kiss","Parks, Amy Noelle",9781419739729,,"Abrams; Dreamscape Media; Amulet Books, an imprint of ABRAMS; Amulet Books","2020 - 2021","New York",eAudiobook;eBook;Book,"Book::Southgate Teen Area: TEEN FICTION Parks, A. - On Shelf,Book::Folsom Teen Room: TEEN FICTION Parks, A. - On Shelf,Book::Sacramento Public Library Storage: TEEN FICTION Parks, A. - On Shelf"
https://catalog.saclibrary.org/GroupedWork/6aef77f0-25c1-269d-93c2-2d9a04d40084-eng,"Around the world in eighty days","Verne, Jules, 1828-1905",9781665934220,,"Lauscher Audiobooks; Interactive Media; Dreamscape Media; HarperCollins Canada; Sheba Blake Publishing Corp.; Blackstone Publishing; Tor Publishing Group; IndyPublish.com; Charles Scribner's Sons; Xist Publishing; Oxford University Press; HarperCollins Publishers; Canongate Books; Aladdin; G&D Media; New York; Phoenix Books, Inc.; Penguin Books; Puffin; Max Bollinger; Palazzo; Dover Publications; Dodd, Mead; Saddleback Educational Publishing; Blackstone Audiobooks","1906 - 2024","New York; [United States]; Boston, Mass; London; Ashland, OR; Oxford; Bath [England]","eAudiobook;Audiobook - CD;eBook;Book","Book::Central Kids Place - Lower Level: CHILDREN FICTION Verne, J. - On Shelf,Book::Colonial Heights Children's Area: CHILDREN FICTION Verne, J. - Checked Out,Book::North Natomas Children's Area: CHILDREN FICTION Verne, J. - On Shelf"
https://catalog.saclibrary.org/GroupedWork/8390be92-51ea-c728-4bbf-29fa04e190e7-eng,"Essex County","Lemire, Jeff",9781603090384,,"IDW Publishing; Top Shelf Productions",2009,Atlanta,"Graphic Novel/Manga;eComic","Graphic Novel/Manga::Arcade: GRAPHIC NOVEL Lemire, J. - On Shelf,Graphic Novel/Manga::Central: GRAPHIC NOVEL Lemire, J. - On Shelf,Graphic Novel/Manga::Rancho Cordova: GRAPHIC NOVEL Lemire, J. - On Shelf"
https://catalog.saclibrary.org/GroupedWork/c07ad85d-96ee-e2b7-20bb-346d37326f27-eng,"The magnificent Esme Wells: a novel","Sharp, Adrienne",9780062684837,,"HarperCollins; HarperAudio; Harper, an imprint of HarperCollinsPublishers; Harper",2018,"New York, N.Y",eAudiobook;eBook;Book,"Book::Central: FICTION Sharp, A. - On Shelf"
https://catalog.saclibrary.org/GroupedWork/05d35c36-2eb4-2733-7110-88f893c027c9-eng,"Out of blue comes green","Corey, M. E. (Matthew E.)",9781645679325,,"Dreamscape Media; Page Street YA",2024,"Salem, MA",eAudiobook;Book,"Book::Central Teen Area - 3rd Floor: TEEN FICTION Corey, M. - On Shelf,Book::Elk Grove Teen Area: TEEN FICTION Corey, M. - On Shelf,Book::Franklin Teen: TEEN FICTION Corey, M. - On Shelf"
https://catalog.saclibrary.org/GroupedWork/8044f47f-61fe-4c2f-416b-f6c40949a807-eng,"All your twisted secrets","Urban, Diana",9780062908216,,"HarperTeen; HarperCollins; Harper Audio",2020,"New York; [New York, NY]","eAudiobook;Audiobook - CD;eBook;Book",
https://catalog.saclibrary.org/GroupedWork/7ff6506a-d06b-fae9-d786-5d511b57753f-eng,"The time machine","Wells, H. G. (Herbert George), 1866-1946",9780141439976,,"Bendon, Inc.; Lauscher Audiobooks; Interactive Media; Project Gutenberg; Rockport Publishers; Independently Published; Dreamscape Media; Odéon Livre; Duke Classics; Alison Larkin Presents; Penguin Books; Left of Brain Books; Arts & Science Academic Publishing; Jason Nollan; Tor Publishing Group; Dover Publications; Saddleback Educational Publishing; Start Publishing LLC; Musaicum Books; EdCon Publishing; Natal Publishing, LLC; Gollancz; Findaway Voices","2005 - 2025","New York, N.Y; London; London, England",eBook;Book;eAudiobook,"Book::Courtland: SCIENCE FICTION Wells, H. - On Shelf,Book::Fair Oaks: SCIENCE FICTION Wells, H. - In Transit,Book::Franklin: SCIENCE FICTION Wells, H. - In Transit"
https://catalog.saclibrary.org/GroupedWork/86318d88-65e0-23b5-c3ce-88cdf3c60841-eng,"Red lightning","Bucci, Marco",9781684970384,,"Ablaze Publishing",2022,"Portland, OR","Graphic Novel/Manga;eComic","Graphic Novel/Manga::Central: GRAPHIC NOVEL Red Lightning - On Shelf,Graphic Novel/Manga::Belle Cooledge: GRAPHIC NOVEL Red Lightning - Checked Out,Graphic Novel/Manga::Courtland: GRAPHIC NOVEL Red Lightning - On Shelf"
https://catalog.saclibrary.org/GroupedWork/acd456da-229d-b90e-4638-0d043dfbd98c-eng,"The black arrow: a tale of the two Roses","Stevenson, Robert Louis, 1850-1894",9780141441399,,"Charles Scribner's Sons; Penguin; C. Scribner's Sons; Blackstone Publishing; Otbebookpublishing","1933 - 2015","New York; London",eBook;Book;eAudiobook,"Book::Central: FICTION Stevenson, R. - On Shelf,Book::Franklin: FICTION Stevenson, R. - On Shelf,Book::South Natomas: FICTION Stevenson, R. - On Shelf"
https://catalog.saclibrary.org/GroupedWork/225c4f42-48ca-1937-9f8c-dd8896ba9488-eng,"Lola at last","Peterson, J. C. (Author)",9780063060180,,"HarperCollins; HarperTeen, an imprint of HarperCollinsPublishers",2023,"New York, NY",eAudiobook;eBook;Book,"Book::Arcade Teen Area: TEEN FICTION Peterson, J. - On Shelf,Book::Carmichael Teen Area: TEEN FICTION Peterson, J. - On Shelf,Book::Central Teen Area - 3rd Floor: TEEN FICTION Peterson, J. - On Shelf"
https://catalog.saclibrary.org/GroupedWork/0057a2e1-ab29-a7bf-f8c1-3f113b579c1e-eng,"Golden arm","Deuker, Carl",9780358667940,,"Recorded Books, Inc.; Houghton Mifflin Harcourt; HarperCollins",2020,Boston,eAudiobook;eBook;Book,"Book::Central Teen Area - 3rd Floor: TEEN FICTION Deuker, C. - On Shelf,Book::Franklin Teen: TEEN FICTION Deuker, C. - On Shelf,Book::Folsom Teen Room: TEEN FICTION Deuker, C. - On Shelf"
https://catalog.saclibrary.org/GroupedWork/af71f3e9-ca84-7590-aaa7-eca4dd443f13-eng,"Under the lilacs","Alcott, Louisa May, 1832-1888",9781665926263,,"Gramercy Books; Wilder Publications, Inc.; Andrews UK; Read Books Ltd.; Start Publishing LLC; Aladdin Books; Pandora's Box; Little, Brown; Dancing Unicorn Books; Roberts Brothers; Start Classics","1878 - 2023","New York; Avenel, N.J; Boston",eBook;Book;eAudiobook,"Book::Arcade Children's Area: CHILDREN FICTION Alcott, L. - On Shelf,Book::Colonial Heights Children's Area: CHILDREN FICTION Alcott, L. - On Shelf,Book::Southgate Children's Area: CHILDREN FICTION Alcott, L. - On Shelf"
https://catalog.saclibrary.org/GroupedWork/c64d11ef-925d-8597-c953-5c7c7a747d5e-eng,"Save Steve","Hendriks, Jenni",9780062876270,,"HarperCollins; HarperTeen, an imprint of HarperCollinsPublishers",2020,"New York, NY",eAudiobook;eBook;Book,"Book::North Natomas: TEEN FICTION Hendriks, J. - On Shelf,Book::Sacramento Public Library Storage: TEEN FICTION Hendriks, J. - On Shelf"
https://catalog.saclibrary.org/GroupedWork/d0bb44b7-9680-dca0-e8ff-0875664bebb8-eng,"Milo and Marcos at the end of the world","Snipes, Kevin Christopher",9780063062566,,"HarperCollins; HarperTeen, an imprint of HarperCollinsPublishers",2022,"New York, NY",eAudiobook;eBook;Book,"Book::Carmichael Teen Area: TEEN FICTION Snipes, K. - On Shelf,Book::Elk Grove Teen Area: TEEN FICTION Snipes, K. - On Shelf,Book::South Natomas Teen Area: TEEN FICTION Snipes, K. - On Shelf"
https://catalog.saclibrary.org/GroupedWork/6c76fab8-6984-d649-0f2e-eb56dac439fa-eng,"All the fighting parts","Sawyerr, Hannah V",9781419762611,,"Recorded Books, Inc.; Abrams; Amulet Books",2023,"New York",eAudiobook;eBook;Book,"Book::Central Teen Area - 3rd Floor: TEEN FICTION Sawyerr, H. - On Shelf,Book::Franklin Teen: TEEN FICTION Sawyerr, H. - On Shelf,Book::South Natomas Teen Area: TEEN FICTION Sawyerr, H. - On Shelf"
https://catalog.saclibrary.org/GroupedWork/4b5b9d9a-e982-9d2b-c6ac-f6132f689477-eng,"Not the girls you're looking for","Safi, Aminah Mae",9781250151810,,"Feiwel & Friends; Macmillan Audio",2018,"New York",eAudiobook;eBook;Book,
https://catalog.saclibrary.org/GroupedWork/672f24a6-ea5d-ba03-03ae-8c4efc9095f9-eng,"Act cool","McSmith, Tobly",9780063038561,,"Quill Tree Books, of HarperCollins Publishers; HarperCollins; Quill Tree Books",2021,"New York",eAudiobook;eBook;Book,"Book::Franklin Teen: TEEN FICTION McSmith, T. - On Shelf,Book::South Natomas Teen Area: TEEN FICTION McSmith, T. - On Shelf,Book::North Natomas: TEEN FICTION McSmith, T. - On Shelf"
https://catalog.saclibrary.org/GroupedWork/4ba385e4-4f49-88d8-31f3-884a9d92e130-eng,"The Count of Monte Cristo","Dumas, Alexandre, 1802-1870",9781593083335,,"Dodd, Mead; Penguin; Barnes & Nobles Classics; Naxos Audiobooks; Fall River Press; Duke Classics; HarperCollins Canada; Blackstone Publishing; Penguin Books; Modern Library; ABDO Publishing Company","1900 - 2016","New York; London; London, England",eAudiobook;eBook;Book,"Book::Central: FICTION Dumas, A. - Checked Out,Book::Elk Grove: FICTION Dumas, A. - Checked Out,Book::South Natomas: FICTION Dumas, A. - Checked Out"
https://catalog.saclibrary.org/GroupedWork/33f56696-8ff4-91b4-7f92-8e601f94a019-eng,"The night when no one had sex","Miller, Kalena",9780807556276,,"Albert Whitman & Company; Blackstone Publishing","2021 - 2023","Chicago, Illinois",eAudiobook;eBook;Book,"Book::Sylvan Oaks Teen Area: TEEN FICTION Miller, K. - On Shelf,Book::Sacramento Public Library Storage: TEEN FICTION Miller, K. - On Shelf"
https://catalog.saclibrary.org/GroupedWork/37e14a3b-2e01-c665-bbec-8d3d8992db7e-eng,"Little wrecks","Miller, Meredith",9780062474254,,"HarperCollins; Harper, an imprint of HarperCollinsPublishers",2017,"New York, NY",eBook;Book;eAudiobook,"Book::Rancho Cordova: TEEN FICTION Miller, M. - On Shelf"
https://catalog.saclibrary.org/GroupedWork/4dfefe4e-a024-877b-9e80-8eee24acfcb4-eng,Persuasion,"Austen, Jane, 1775-1817",9780141197692,,"John Grant; HarperCollins; Duke Classics; Open Road Media Romance; Charnwood; Penguin Classics, an imprint of Penguin Books; Blackstone Publishing; Penguin Books; Barnes & Noble Classics; Oxford University Press; NAXOS AudioBooks; Modern Library; Findaway Voices","1905 - 2025","New York; New York, N.Y; Harmondsworth, Middlesex, England; [Germany]; London; Edinburgh; Leicester; Oxford","eAudiobook;Audiobook - CD;eBook;Book","Book::Belle Cooledge: FICTION Austen, J. - Checked Out,Book::Pocket-Greenhaven: FICTION Austen, J. - Checked Out,Book::Valley Hi-North Laguna: FICTION Austen, J. - Checked Out"
https://catalog.saclibrary.org/GroupedWork/c092ae97-b914-48fb-219b-177d0faf2c86-eng,"Mighty Millie Novak","Holden, Elizabeth, 1981-",9781635831030,,"North Star Editions; Tantor Media, Inc; Flux","2024 - 2025","Mendota Heights, MN",eAudiobook;eBook;Book,"Book::Arcade Teen Area: TEEN FICTION Holden, E. - On Shelf,Book::Franklin Teen: TEEN FICTION Holden, E. - On Shelf,Book::McKinley Children's Area: TEEN FICTION Holden, E. - On Shelf"
https://catalog.saclibrary.org/GroupedWork/9175f8f7-8163-df9c-8008-06c7b612b64f-eng,"Rip Van Winkle","Irving, Washington, 1783-1859",9780688074593,,"Dreamscape Media; C. Scribner's Sons; Joseph Knight Company; David McKay Company; Morrow; Findaway Voices","1894 - 2024","New York; Philadelphia; Boston",eBook;Book;eAudiobook,
https://catalog.saclibrary.org/GroupedWork/c4250cac-2bda-dd3e-8c76-1ffa34d04690-eng,"Blood, metal, bone","Cummings, Lindsay",9780008292799,,"HQ; HarperCollins Publishers","2021 - 2022",London,eAudiobook;eBook;Book,"Book::Elk Grove Teen Area: TEEN FICTION Cummings, L. - On Shelf,Book::Rio Linda Teen Area: TEEN FICTION Cummings, L. - On Shelf,Book::Sacramento Public Library Storage: TEEN FICTION Cummings, L. - On Shelf"
https://catalog.saclibrary.org/GroupedWork/b2fa43d3-ef69-7d65-088b-a2ff86fb979a-eng,"War horse","Morpurgo, Michael",9780545403351,,"Scholastic Inc.; Scholastic; HarperCollins Publishers; Egmont Books UK Limited; Scholastic Audio","2010 - 2020","New York; New York, NY; London","eAudiobook;Audiobook - CD;Picture Book;eBook;Book","Book::Carmichael Children's Area: CHILDREN FICTION Morpurgo, M. - Checked Out,Book::Colusa Main Branch Juvenile Collection: J Fic - On Shelf,Picture Book::Central Kids Place - Lower Level: PICTURE BOOK Morpurgo, M. - On Shelf"
https://catalog.saclibrary.org/GroupedWork/9ba2f9d1-e66f-0a25-0ae0-33b46e868765-eng,"We contain multitudes","Henstra, Sarah",9780316524650,,"Hachette Audio; Little, Brown Books for Young Readers; Little, Brown and Company",2019,"New York",eAudiobook;eBook;Book,"Book::Franklin Teen: TEEN FICTION Henstra, S. - On Shelf,Book::Sacramento Public Library Storage: TEEN FICTION Henstra, S. - On Shelf,Book::Sutter County Main Branch Teen Area: TEEN FICTION Henstra, S. - On Shelf"
https://catalog.saclibrary.org/GroupedWork/bff81350-4131-d62e-de39-05e45e73d5f4-eng,Aftershocks,"Reichardt, Marisa",9781419739170,,"Recorded Books, Inc.; Abrams; ABRAMS; Amulet Books",2020,"New York",eAudiobook;eBook;Book,
https://catalog.saclibrary.org/GroupedWork/1f3cb9e6-be9d-cae8-7954-90cee829deb8-eng,"Kissing lessons","Jordan, Sophie",9781328977076,,"Recorded Books, Inc.; Houghton Mifflin Harcourt; HarperCollins",2020,Boston,eAudiobook;eBook;Book,"Book::Del Paso Heights Teen Area: TEEN FICTION Jordan, S. - On Shelf,Book::Elk Grove Teen Area: TEEN FICTION Jordan, S. - On Shelf,Book::South Natomas Teen Area: TEEN FICTION Jordan, S. - On Shelf"
https://catalog.saclibrary.org/GroupedWork/28e4ba79-b1da-6671-8d60-dd519cfe5373-eng,"The quiet you carry","Barthelmess, Nikki",9781635830286,,"North Star Editions; Flux; Scribd Audio","2019 - 2021","Mendota Heights, Minnesota",eBook;Book;eAudiobook,"Book::North Natomas: TEEN FICTION Barthelmess, N. - On Shelf,Book::Southgate Teen Area: TEEN FICTION Barthelmess, N. - On Shelf,Book::Sacramento Public Library Storage: TEEN FICTION Barthelmess, N. - On Shelf"
https://catalog.saclibrary.org/GroupedWork/cba732b0-0853-91da-61c9-36b8669e5514-eng,Kim,"Kipling, Rudyard, 1865-1936",9780895773432,,"Tantor Media, Inc.; Naxos AudioBooks; Reader's Digest Association; Dreamscape Media; Murine Publications LLC; Blackstone Publishing; Doubleday; Tor Publishing Group; Recorded Books, Inc.; AudioGO; Dover Publications; Heritage Press; Start Publishing LLC; Tantor Media, Inc; Naxos Audiobooks; Random House Publishing Group; Doubleday, Page and Company; Canongate Books; EdCon Publishing","1912 - 2024","New York; Pleasantville, N.Y; Garden City, New York",eAudiobook;eBook;Book,
https://catalog.saclibrary.org/GroupedWork/ca560297-22d2-5921-bbf7-7d81f1a5c654-eng,"The art of saving the world","Duyvis, Corinne",9781419736872,,"Abrams; Tantor Media, Inc; Amulet Books","2020 - 2024","New York",eAudiobook;eBook;Book,"Book::North Natomas: TEEN FICTION Duyvis, C. - On Shelf,Book::Sacramento Public Library Storage: TEEN FICTION Duyvis, C. - On Shelf,Book::Woodland Public Library Teen Area: TEEN FICTION Duyvis, C. - On Shelf"
https://catalog.saclibrary.org/GroupedWork/384a1202-72b1-ac23-f835-b10dd588a5d6-eng,"Love songs & other lies","Pennington, Jessica",9780765392275,,"Tor Teen; Macmillan Audio; Tor Publishing Group",2018,"New York",eAudiobook;eBook;Book,
https://catalog.saclibrary.org/GroupedWork/3c86cdf3-47ec-ad16-0223-a7acdc58edcc-eng,"Ship it","Lundin, Britta",9781368003131,,"Tantor Media, Inc.; Freeform; Disney Book Group; Freeform Books; Tantor Media, Inc",2018,"Los Angeles",eAudiobook;eBook;Book,"Book::Franklin Teen: TEEN FICTION Lundin, B. - On Shelf,Book::Sacramento Public Library Storage: TEEN FICTION Lundin, B. - On Shelf"
https://catalog.saclibrary.org/GroupedWork/5de7238e-c479-e076-8aae-d75944aa0f76-eng,"Secrets of the Casa Rosada","Temblador, Alex",9781558858701,,"Pinata Books, Arte Publico Press; Blackstone Publishing; Arte Público Press","2018 - 2019","Houston, Texas",eBook;Book;eAudiobook,"Book::Arcade Teen Area: TEEN FICTION Temblador, A. - On Shelf,Book::Galt Teen Area: TEEN FICTION Temblador, A. - On Shelf,Book::Rancho Cordova: TEEN FICTION Temblador, A. - On Shelf"
https://catalog.saclibrary.org/GroupedWork/0ae53e0a-6b54-c194-7d23-6852b26395ef-eng,"Calling my name","Tamani, Liara",9780062656865,,"Greenwillow Books; HarperCollins; Greenwillow Books, an imprint of HarperCollinsPublishers",2017,"New York",eAudiobook;eBook;Book,"Book::Elk Grove Teen Area: TEEN FICTION Tamani, L. - Checked Out"
https://catalog.saclibrary.org/GroupedWork/2ccfae54-cc54-b95d-da83-55d87557d6c5-eng,"Dispatches from parts unknown","Bliss, Bryan",9780062962270,,"Greenwillow Books; HarperCollins; Greenwillow Books, an imprint of HarperCollinsPublishers",2024,"New York",eAudiobook;eBook;Book,"Book::Arcade Teen Area: TEEN FICTION Bliss, B. - On Shelf,Book::Central Teen Area - 3rd Floor: TEEN FICTION Bliss, B. - On Shelf,Book::Elk Grove Teen Area: TEEN FICTION Bliss, B. - Checked Out"
https://catalog.saclibrary.org/GroupedWork/cf4eec5a-22c1-8b36-5959-4336c8b0f898-eng,"The empress of salt and fortune","Vo, Nghi",9781250750303,,"Tantor Media, Inc.; Tom Doherty Associates; Tantor Media, Inc; Tor Publishing Group",2020,"New York",eAudiobook;eBook;Book,"Book::Carmichael: SCIENCE FICTION Vo, N. - On Hold Shelf,Book::Central: SCIENCE FICTION Vo, N. - Checked Out,Book::Belle Cooledge: SCIENCE FICTION Vo, N. - In Transit"
https://catalog.saclibrary.org/GroupedWork/10c24467-0ea8-0a0a-3280-1367e34eec42-eng,"Lulu and Milagro's search for clarity","Velez, Angela (Author of young adult fiction)",9780063071780,,"HarperCollins; Balzer & Bray, an imprint of HarperCollinsPublishers",2022,"New York, NY",eAudiobook;eBook;Book,"Book::South Natomas Teen Area: TEEN FICTION Velez, A. - On Shelf,Book::Rancho Cordova: TEEN FICTION Velez, A. - On Shelf,Book::Sylvan Oaks Teen Area: TEEN FICTION Velez, A. - On Shelf"
https://catalog.saclibrary.org/GroupedWork/9ff1eabd-2e9b-3a7c-7a23-fb90be9892b2-eng,Sold,"McCormick, Patricia, 1956-",9780786851713,,"Tantor Media, Inc.; Disney Book Group; Hyperion; Little, Brown Books for Young Readers; Tantor Media, Inc","2006 - 2015","New York",eAudiobook;eBook;Book,"Book::Central Teen Area - 3rd Floor: TEEN FICTION McCormick, P. - On Hold Shelf,Book::McClatchy Teen Area: TEEN FICTION McCormick, P. - Checked Out,Book::Sacramento Public Library Teen: ON ORDER - On Order"
https://catalog.saclibrary.org/GroupedWork/adce58e7-d220-a233-6b10-fbd7ddd51504-eng,"Silas Marner","Eliot, George, 1819-1880",9780679420309,,"Signet Classic; Interactive Media; Independently Published; Dreamscape Media; Happy Hour Books; Blackstone Publishing; Longmans, Green and Co; Dover Publications; Distributed by Random House; One Audiobooks; Start Publishing LLC; Knopf; Canongate Books; EdCon Publishing; Longmans, Green, and Co; G&D Media","1899 - 2025","London; New York",eAudiobook;eBook;Book,"Book::Carmichael: FICTION Eliot, G. - Checked Out,Book::Colonial Heights: FICTION Eliot, G. - On Shelf,Book::Fair Oaks: FICTION Eliot, G. - On Shelf"
https://catalog.saclibrary.org/GroupedWork/dcadb82d-b142-8f25-3972-2bb20fb3da67-eng,Demian,"Hesse, Hermann, 1877-1962",9789369059812,,"Dover Publications; Samaira Book Publishers; ALPHA EDITION; Big Happy Family LLC; GENERAL PRESS; Dreamscape Media; BN Publishing; Henry Holt and Co.; Ediciones Leyenda; Blackstone Publishing; Neeland Media LLC","1999 - 2025","[S.l.]; Mexico",eAudiobook;eBook;Book,
https://catalog.saclibrary.org/GroupedWork/d97dc122-9b36-f9ae-551b-aa0f0a7b9757-eng,Daddy-Long-Legs,"Webster, Jean, 1876-1916",9781449873417,,"Recorded Books, Inc.; Thruswood; Project Gutenberg; Musaicum Books; Tantor Media, Inc; Dreamscape Media; Grosset & Dunlap","1912 - 2022","New York; [s.l.]",eAudiobook;eBook;Book,
https://catalog.saclibrary.org/GroupedWork/6fb39e2c-6651-784c-0fd6-0240c3ac5aef-eng,"Twenty thousand leagues under the sea","Verne, Jules, 1828-1905",9780861366583,,"Lauscher Audiobooks; Ward, Lock, and Company, Limited; Reader's Digest Association; Blackstone Publishing; Scribner's Sons; Falcon Press LLC; The Well-Trained Mind Press; SC Active Business Development SRL; Ward, Lock & Co., Limited; Dover Publications; Mint Editions; Xist Publishing; Dodd, Mead; [CreateSpace Independent Publishing Platform]; Ward, Lock & Co., Ltd; Aladdin; Neeland Media LLC; EdCon Publishing; Findaway Voices","1869 - 2025","London; New York; Pleasantville, N.Y; [United States]; London, Melbourne",eAudiobook;eBook;Book,"Book::Carmichael Children's Area: CHILDREN FICTION Verne, J. - Checked Out,Book::Central Kids Place - Lower Level: CHILDREN FICTION Verne, J. - Checked Out,Book::Orangevale: CHILDREN FICTION Verne, J. - Checked Out"
https://catalog.saclibrary.org/GroupedWork/3fec06bb-6bb2-1790-4ac4-0cf8340ba282-eng,"The atlas of us","Dwyer, Kristin",9780063088580,,"HarperCollins; HarperTeen, an imprint of HarperCollinsPublishers",2024,"New York, NY",eAudiobook;eBook;Book,"Book::Central Teen Area - 3rd Floor: TEEN FICTION Dwyer, K. - On Shelf,Book::North Natomas: TEEN FICTION Dwyer, K. - On Shelf,Book::Pocket-Greenhaven Teen Area: TEEN FICTION Dwyer, K. - On Shelf"
https://catalog.saclibrary.org/GroupedWork/6eb2edc2-82cd-47cb-9315-0dd03292759c-eng,"If you, then me","Woon, Yvonne",9780063008649,,"HarperCollins; Katherine Tegen Books, an imprint of HarperCollinsPublishers",2021,"New York, NY",eAudiobook;eBook;Book,"Book::Belle Cooledge Teen Area: TEEN FICTION Woon, Y. - On Shelf,Book::Franklin Teen: TEEN FICTION Woon, Y. - On Shelf,Book::Southgate Teen Area: TEEN FICTION Woon, Y. - On Shelf"
https://catalog.saclibrary.org/GroupedWork/11568301-bb46-357f-742e-e55f984cb8a7-eng,"Hearts, strings, and other breakable things","Firkins, Jacqueline",9781328635198,,"Recorded Books, Inc.; Houghton Mifflin Harcourt; HarperCollins","2019 - 2020",Boston,eAudiobook;eBook;Book,
https://catalog.saclibrary.org/GroupedWork/dd372d45-4847-526d-1089-d5cd3c2ca019-eng,"Pay it forward: a novel","Hyde, Catherine Ryan",9780743412025,,"Simon & Schuster Audio; A Paula Wiseman Book/Beach Lane Books; Pocket Books; Simon & Schuster","1999 - 2014","New York",eBook;Book,
https://catalog.saclibrary.org/GroupedWork/e6ba23c2-9fe3-8301-98ce-386ac9161448-eng,"You know I'm no good","Foley, Jessie Ann",9780062957085,,"Harpercollins Childrens Books; Quill Tree Books; HarperCollins",2020,"New York",eAudiobook;eBook;Book,"Book::Elk Grove Teen Area: TEEN FICTION Foley, J. - On Shelf,Book::South Natomas Teen Area: TEEN FICTION Foley, J. - On Shelf,Book::North Natomas: TEEN FICTION Foley, J. - On Shelf"
https://catalog.saclibrary.org/GroupedWork/75ca1319-6b5e-61ca-8351-c87578ca71d9-eng,"Meet the sky","Hoyle, McCall",9780310765707,,Blink,2018,"Grand Rapids, Mich",eBook;Book;eAudiobook,"Book::South Natomas Teen Area: TEEN FICTION Hoyle, M. - On Shelf,Book::North Natomas: TEEN FICTION Hoyle, M. - On Shelf,Book::Sacramento Public Library Storage: TEEN FICTION Hoyle, M. - On Shelf"
https://catalog.saclibrary.org/GroupedWork/72557cdc-a464-b581-a1c8-df603bc3cb89-eng,"Little white lies","Barnes, Jennifer Lynn",9781368014137,,"Freeform Books; Little, Brown Books for Young Readers; Dreamscape Media",2018,"Los Angeles",eAudiobook;Book;eBook,"Book::Fair Oaks Teen Area: TEEN FICTION Barnes, J. - Checked Out,Book::Valley Hi-North Laguna Teen Area: TEEN FICTION Barnes, J. - In Transit,Book::Colusa Main Branch Teen Collection: YA Fic - On Shelf"
https://catalog.saclibrary.org/GroupedWork/00bc5b00-4b9d-fdfe-991a-6c10a810020a-eng,"Freaky in Fresno","Crompton, Laurie Boyle",9780310767473,,Blink,2020,"Grand Rapids, Michigan",eBook;Book;eAudiobook,"Book::North Natomas: TEEN FICTION Crompton, L. - On Shelf,Book::Sacramento Public Library Storage: TEEN FICTION Crompton, L. - On Shelf"
https://catalog.saclibrary.org/GroupedWork/ae10b668-06ba-49db-cdd0-a2dbb0b29d9b-eng,"Men of iron","Pyle, Howard, 1853-1911",9781982432997,,"Mint Editions; Project Gutenberg; Duke Classics; Harper & Brothers; Blackstone Publishing; Neeland Media LLC; The Well-Trained Mind Press; Tor Publishing Group","1892 - 2023","New York",eBook;Book;eAudiobook,"Book::Sacramento Room: SPE fic Pyle CHI - Library Use Only"
https://catalog.saclibrary.org/GroupedWork/c2d35956-3be8-1e2d-bfc2-f54cb6488180-eng,"Now entering Addamsville","Zappia, Francesca",9780062935274,,"Greenwillow Books; HarperCollins; Greenwillow Books, an imprint of HarperCollins Publishers",2019,"New York, NY",eAudiobook;eBook;Book,"Book::Elk Grove Teen Area: TEEN FICTION Zappia, F. - On Shelf,Book::Sacramento Public Library Storage: TEEN FICTION Zappia, F. - On Shelf"
https://catalog.saclibrary.org/GroupedWork/c4cc98a1-3353-d0fe-dbad-8dbbdb83741a-eng,"We can be heroes","McCauley, Kyrie",9780062885050,,"Katherine Tegen Books; HarperCollins",2021,"New York, NY",eAudiobook;eBook;Book,"Book::Carmichael Teen Area: TEEN FICTION McCauley, K. - On Shelf,Book::North Natomas: TEEN FICTION McCauley, K. - On Shelf,Book::Sacramento Public Library Storage: TEEN FICTION McCauley, K. - On Shelf"
https://catalog.saclibrary.org/GroupedWork/ed66d10c-a5fc-b83f-fa7c-3d3b39c41d2e-eng,Flyboy,"LeBlanc, Kasey",9780063284357,,"Clarion Books; Balzer + Bray, an imprint of HarperCollinsPublishers; HarperCollins",2024,"New York, NY",eAudiobook;eBook;Book,"Book::Central Teen Area - 3rd Floor: TEEN FICTION LeBlanc, K. - On Shelf,Book::Colonial Heights: TEEN FICTION LeBlanc, K. - On Shelf,Book::Fair Oaks Teen Area: TEEN FICTION LeBlanc, K. - On Shelf"
https://catalog.saclibrary.org/GroupedWork/1ab2b811-e860-e2f1-404c-ee00781c339c-eng,"Georgia rules","Steveson, Nanci Turner",9780062374578,,"HarperCollins; Dreamscape Media; Harper, an imprint of HarperCollinsPublishers","2017 - 2019","New York, NY",eBook;Book;eAudiobook,"Book::Rancho Children's Area: CHILDREN FICTION Steveson, N. - On Shelf,Book::Sacramento Public Library Storage: CHILDREN FICTION Steveson, N. - On Shelf"
https://catalog.saclibrary.org/GroupedWork/656bcc21-4051-7b1f-2c3b-2442f5d41136-eng,"The ambassadors","James, Henry, 1843-1916",9780141441320,,"Tantor Media, Inc.; Interactive Media; Project Gutenberg; Penguin; Wordsworth Editions Ltd; Phoemixx Classics Ebooks; HarperCollins Canada; Duke Classics; A. M. Kelley; Otbebookpublishing; Dover Publications; Xist Publishing; Tantor Media, Inc; Naxos Audiobooks; Glagoslav Publications Ltd; Random House Publishing Group; Neeland Media LLC","1903 - 2024","New York; New York, N.Y; London, England",eAudiobook;eBook;Book,"Book::Central: FICTION James, H. - Checked Out"
https://catalog.saclibrary.org/GroupedWork/0695a9eb-9261-517e-65d6-81dcb25f8b99-eng,"The legend of Sleepy Hollow","Irving, Washington, 1783-1859",9780688052768,,"Bendon, Inc.; G. P. Putnam; Project Gutenberg; Independently Published; Books of Wonder; Dreamscape Media; Climbing Vine Press; Duke Classics; Blackstone Publishing; The Radio Reading Room; Start Publishing LLC; Author's Republic; The Bobs-Merrill Company; Findaway Voices","1864 - 2024","New York; Indianapolis",eAudiobook;eBook;Book,"Book::Pocket-Greenhaven Kids' Place: CHILDREN FICTION Irving, W. - On Shelf,Book::Woodland Public Library Children's Area: CHILDREN FICTION Irving - On Shelf"
https://catalog.saclibrary.org/GroupedWork/e235efa6-c23d-d671-0432-97878c991551-eng,Pennywise,"Abdo, Kenny, 1986-",9781532127496,,"ABDO; ABDO Publishing Company; Fly!, an imprint of Abdo Zoom","2019 - 2020","Minneapolis, Minnesota",eBook;Book,"Book::Carmichael Children's Area: CHILDREN 791.4372 A135p 2020 - On Shelf,Book::Central Kids Place - Lower Level: CHILDREN 791.4372 A135p 2020 - On Shelf,Book::Pocket-Greenhaven Kids' Place: CHILDREN 791.4372 A135p 2020 - On Shelf"
https://catalog.saclibrary.org/GroupedWork/29af1513-17df-70da-185a-ec140a0b5ac8-eng,"The Gentlemen's alliance [cross]: Vol. 1","Tanemura, Arina",9781421511832,,"Viz Media, LLC",2007,"San Francisco, Calif","Graphic Novel/Manga",
https://catalog.saclibrary.org/GroupedWork/9a9fe735-da97-8b0a-6162-cbafb899b1f7-eng,"How to live without you","Everett, Sarah",9780358256229,,"Clarion Books, an imprint of HarperCollinsPublishers; HarperCollins",2022,"New York, NY",eAudiobook;eBook;Book,"Book::Central Teen Area - 3rd Floor: TEEN FICTION Everett, S. - On Shelf,Book::Elk Grove Teen Area: TEEN FICTION Everett, S. - On Shelf,Book::North Natomas: TEEN FICTION Everett, S. - On Shelf"
https://catalog.saclibrary.org/GroupedWork/76ae53ad-008b-3b5c-f4e6-0c39fcd95340-eng,"Daniel Deronda","Eliot, George, 1819-1880",9780140434279,,"Interactive Media; Phoemixx Classics Ebooks; HarperCollins Canada; Blackstone Publishing; Penguin Books; Otbebookpublishing; Open Road Media; Zodiac Press; Recorded Books, Inc.; Dover Publications; Mint Editions; Author's Republic; Pandora's Box; Naxos Audiobooks; Neeland Media LLC","1971 - 2023","New York; London",eAudiobook;eBook;Book,"Book::Carmichael: FICTION Eliot, G. - On Shelf,Book::Central: FICTION Eliot, G. - On Shelf,Book::Elk Grove: FICTION Eliot, G. - On Shelf"
https://catalog.saclibrary.org/GroupedWork/e90f6da1-4b67-8578-6be5-fd9f3521c9d2-eng,"Nicholas Nickleby","Dickens, Charles, 1812-1870",9780140435122,,"Author's Republic; Dreamscape Media; Naxos Audiobooks; Phoenix Books, Inc.; Blackstone Publishing; Penguin Books; Canongate Books; Start Classics; Tor Publishing Group; Findaway Voices","1989 - 2025","New York; London",eAudiobook;eBook;Book,"Book::Carmichael: FICTION Dickens, C. - Checked Out"
https://catalog.saclibrary.org/GroupedWork/c2782519-2100-ed2c-5c02-8de2343990ec-eng,Forward,"Maas, Lisa",9781551527222,,"Arsenal Pulp Press",2018,"Vancouver, BC, Canada","Graphic Novel/Manga;eComic","Graphic Novel/Manga::McClatchy: GRAPHIC NOVEL Maas, L. - On Shelf,Graphic Novel/Manga::North Natomas: GRAPHIC NOVEL Maas, L. - Display,Graphic Novel/Manga::Orangevale: GRAPHIC NOVEL Maas, L. - On Shelf"
https://catalog.saclibrary.org/GroupedWork/3492e7c4-33dd-10ec-1759-c9b470dd4359-eng,"Blow out","Higgins, M. G",9781467703024,,"Lerner Publishing Group|Lerner Publishing Group; Lerner Publishing Group; Darby Creek","2013 - 2017",Minneapolis,eBook;Book;eAudiobook,"Book::Franklin Teen: TEEN FICTION Higgins, M. - On Shelf"
https://catalog.saclibrary.org/GroupedWork/d3607119-256f-5f86-e9e0-1d42384cbf44-eng,"Howards End","Forster, E. M. (Edward Morgan), 1879-1970",9780141182131,,"Interactive Media; Project Gutenberg; Infinity Spectrum Books; G.K. Hall; Dreamscape Media; Holmes & Meier; Vintage Books; Blackstone Publishing; Penguin Books; Xist Publishing; SoundCraft Audiobooks; Start Classics; Modern Library; Barnes & Noble; DigiCat","1973 - 2024","New York; Boston","eAudiobook;Large Print;eBook;Book","Book::Carmichael: FICTION Forster, E. - On Shelf,Book::Central: FICTION Forster, E. - On Shelf,Book::Belle Cooledge: FICTION Forster, E. - On Shelf"
https://catalog.saclibrary.org/GroupedWork/6f69a337-5e2d-7180-54d5-330ae23269be-eng,"Sixteen scandals","Jordan, Sophie",9780358206217,,"Recorded Books, Inc.; Houghton Mifflin Harcourt; HarperCollins",2021,Boston,eAudiobook;eBook;Book,"Book::Elk Grove Teen Area: TEEN FICTION Jordan, S. - On Shelf,Book::Franklin Teen: TEEN FICTION Jordan, S. - On Shelf,Book::North Natomas: TEEN FICTION Jordan, S. - Checked Out"
https://catalog.saclibrary.org/GroupedWork/c15259b4-8103-db5f-e289-4a4959ddc9ea-eng,"Understood Betsy","Fisher, Dorothy Canfield, 1879-1958",9780805060737,,"Dover Publications; Project Gutenberg; Start Publishing LLC; Author's Republic; Blackstone Publishing; Holt; Neeland Media LLC","1999 - 2023","New York",eBook;Book;eAudiobook,
https://catalog.saclibrary.org/GroupedWork/758951c2-a03b-1f17-c7c4-99442bc90b34-eng,"King Solomon's mines","Haggard, H. Rider (Henry Rider), 1856-1925",9780141439525,,"Dutton; Tantor Media, Inc.; Interactive Media; Wilder Publications, Inc.; Penguin; Dent; Reader's Digest Association; Dreamscape Media; Blackstone Publishing; Tor Publishing Group; Recorded Books, Inc.; The Colonial Radio Theater On The Air; Books in Motion; Start Publishing LLC; Author's Republic; Naxos Audiobooks; Longmans, Green, & Co","1916 - 2025","Pleasantville, N.Y; New York; London",eAudiobook;eBook;Book,"Book::Central: FICTION Haggard, H. - On Shelf,Book::Colonial Heights: FICTION Haggard, H. - On Hold Shelf,Book::Elk Grove: FICTION Haggard, H. - Checked Out"
https://catalog.saclibrary.org/GroupedWork/1338c37f-75f0-a388-25f1-09c749f5162b-eng,"Michael Myers","Abdo, Kenny, 1986-",9781532127489,,"ABDO Publishing Company; Fly!, an imprint of Abdo Zoom","2019 - 2020","Minneapolis, Minnesota",eBook;Book,"Book::Carmichael Children's Area: CHILDREN 791.4372 A135m 2020 - In Transit,Book::Del Paso Heights Children's Area: CHILDREN 791.4372 A135m 2020 - On Shelf,Book::Fair Oaks Children's Area: CHILDREN 791.4372 A135m 2020 - On Shelf"
https://catalog.saclibrary.org/GroupedWork/64a1293c-241f-c194-b029-4f209902c901-eng,"Challenger deep","Shusterman, Neal",9780061134111,,"HarperCollins; Quill Tree Books; Thorndike Press","2015 - 2020","New York; Waterville, ME","eAudiobook;Large Print;eBook;Book",
https://catalog.saclibrary.org/GroupedWork/f4870e4f-5d52-e928-9f61-5545521b92ec-eng,"The June boys: a novel","Stevens, Court",9780785221906,,"Thomas Nelson",2020,"Nashville, Tennessee",eBook;eAudiobook;Book,"Book::Elk Grove Teen Area: TEEN FICTION Stevens, C. - On Shelf,Book::Rancho Cordova: TEEN FICTION Stevens, C. - On Shelf,Book::Folsom Teen Room: TEEN FICTION Stevens, C. - On Shelf"
https://catalog.saclibrary.org/GroupedWork/8337aea3-449f-669f-02b2-77a032363a13-eng,"O pioneers!","Cather, Willa, 1873-1947",9780679743620,,"Interactive Media; Book-of-the-Month Club; Recorded Books; Reader's Digest Association; Dreamscape Media; Vintage Books; Duke Classics; Blackstone Publishing; Penguin Books; Thorndike Press; Open Book Audio; Houghton Mifflin; Dover Publications; Xist Publishing; Start Publishing LLC; SoundCraft Audiobooks; Tantor Media, Inc; Random House Publishing Group; Houghton Mifflin company; Penguin Publishing Group; DigiCat","1913 - 2024","New York; Pleasantville, N.Y; Prince Frederick, MD; New York, N.Y., U.S.A; Boston; Thorndike, Me","eAudiobook;Audiobook - CD;eBook;Large Print;Book","Book::Fair Oaks: FICTION Cather, W. - On Shelf,Book::North Natomas: FICTION Cather, W. - On Shelf,Book::Rancho Cordova: FICTION Cather, W. - On Hold Shelf"
https://catalog.saclibrary.org/GroupedWork/5dd5ed63-8d73-f707-126d-80f87283e7e2-eng,"Lorna Doone: a romance of Exmoor","Blackmore, R. D. (Richard Doddridge), 1825-1900",9780192817679,,"Mint Editions; Project Gutenberg; Phoemixx Classics Ebooks; Oxford University Press; Blackstone Publishing; Neeland Media LLC","1914 - 2021","New York; London; Oxford [England]",eBook;Book;eAudiobook,"Book::Central: FICTION Blackmore, R. - On Shelf"
https://catalog.saclibrary.org/GroupedWork/bc634c62-34f2-f9d6-6bdb-0d42346be9f9-eng,"The man in the iron mask","Dumas, Alexandre, 1802-1870",9780140439243,,"Outrigger Publications, LLC; Interactive Media; Lerner Publishing Group; Sheba Blake Publishing; HarperCollins Canada; Duke Classics; Blackstone Publishing; Otbebookpublishing; Falcon Press LLC; Open Road Media; Tor Publishing Group; Oasis Audio; Andrews UK; Xist Publishing; Start Publishing LLC; P. F. Collier and Son; Oxford University Press; Naxos Audiobooks; Penguin Publishing Group; HarperCollins Publishers; EdCon Publishing; Wilder Publications, Inc.; Phoenix Books, Inc.; Penguin Books; SC Active Business Development SRL; libreka classics; Cherish; Dodd, Mead; Saddleback Educational Publishing; Start Classics; Neeland Media LLC; Dodd, Mead & company; ABDO Publishing Company","1910 - 2025","[United States?]; New York; Oxford",eBook;Book;eAudiobook,
https://catalog.saclibrary.org/GroupedWork/8c9d252b-26ad-7ee4-9b62-92dfd88c0fbc-eng,"The Chandler legacies","Nazemian, Abdi",9780063039322,,"Balzer + Bray, an imprint of HarperCollinsPublishers; HarperCollins",2022,"New York",eAudiobook;eBook;Book,"Book::Colonial Heights: TEEN FICTION Nazemian, A. - On Shelf,Book::South Natomas Teen Area: TEEN FICTION Nazemian, A. - On Shelf,Book::Valley Hi-North Laguna Teen Area: TEEN FICTION Nazemian, A. - On Shelf"
https://catalog.saclibrary.org/GroupedWork/7f16e71a-47ea-835f-5ca7-9a249799c381-eng,"Unstoppable Moses","Smith, Tyler James",9781250138545,,"Flatiron Books; Macmillan Audio",2018,"New York",eAudiobook;eBook;Book,"Book::Franklin Teen: TEEN FICTION Smith, T. - On Shelf"
https://catalog.saclibrary.org/GroupedWork/7146a99a-74c2-c05e-d045-4de094fb47ff-eng,"My Antonia","Cather, Willa, 1873-1947",9780679447276,,"A.A. Knopf; Houghton Mifflin; Signet Classic; Interactive Media; Start Publishing LLC; Dreamscape Media; Duke Classics; Penguin Books; Thorndike Press; Penguin Publishing Group; G&D Media","1954 - 2024","New York; New York, N.Y., U.S.A; Boston; Thorndike, Me","Large Print;eBook;Book;eAudiobook","Book::Central: FICTION Cather, W. - On Shelf,Book::Elk Grove: FICTION Cather, W. - Checked Out,Book::Galt: FICTION Cather, W. - On Shelf"
https://catalog.saclibrary.org/GroupedWork/241ad734-01c3-e71b-4003-3c0017af7a2c-eng,"Moby Dick","Melville, Herman, 1819-1891",9781403715777,,"Naxos AudioBooks; Independently Published; Canterbury Classics; Modern Pub; Reader's Digest Association; Dreamscape Media; Barnes & Noble Books; HarperCollins Canada; Blackstone Publishing; Books on Tape; Blackstone Audio; Macmillan; Start Publishing LLC; Author's Republic; Dalmatian Press; Random House Publishing Group; Neeland Media LLC; EdCon Publishing; Sweet Cherry Publishing; ABDO Publishing Company; Grolier; Findaway Voices","1962 - 2025","Franklin, Tenn; New York; Pleasantville, N.Y; San Diego; [Ashland, Or.]","eAudiobook;Audiobook - CD;eBook;Book","Book::Elk Grove: FICTION Melville, H. - On Hold Shelf"
https://catalog.saclibrary.org/GroupedWork/8eaea026-c7f9-d2fa-20ef-f04b23711d44-eng,Macbeth,"Powell, Martin, 1959-",9781434234476,,"Stone Arch Books",2012,"Mankato, Minn",Book,
https://catalog.saclibrary.org/GroupedWork/d869268c-1641-4e1d-a874-af3275ea1ec7-eng,"The golden bowl","James, Henry, 1843-1916",9780199538584,,"Interactive Media; Silvia Licciardello Millepied Res Stupenda; HarperCollins Canada; Penguin Books; Tor Publishing Group; Dover Publications; Xist Publishing; Read Books Ltd.; Oxford University Press; Naxos Audiobooks; Glagoslav Publications Ltd; Neeland Media LLC; Findaway Voices","1878 - 2025","New York; Oxford",eBook;Book;eAudiobook,"Book::Valley Hi-North Laguna: FICTION James, H. - On Shelf,Book::Central: FICTION James - On Shelf"
https://catalog.saclibrary.org/GroupedWork/7db15ea4-d071-df2e-e431-f3b4cc7397f0-eng,"Tom Sawyer abroad","Twain, Mark, 1835-1910",9780195101485,,"Wilder Publications, Inc.; Project Gutenberg; Dreamscape Media; Sheba Blake Publishing; HarperCollins Canada; Duke Classics; Blackstone Publishing; Otbebookpublishing; libreka classics; Read Books Ltd.; Start Publishing LLC; Oxford University Press; Dancing Unicorn Books; Start Classics","1996 - 2021","New York",eAudiobook;eBook;Book,"Book::Central: FICTION Twain, M. - On Shelf"
https://catalog.saclibrary.org/GroupedWork/2ad6a708-4d47-b085-34d6-c432a534ffd0-eng,"Gulliver's travels","Swift, Jonathan, 1667-1745",9780141196640,,"Signet Classic; Signet Classics; Interactive Media; Mission Audio; Penguin; Dreamscape Media; Blackstone Publishing; Masterwork Books; Tor Publishing Group; The Macmillan Company; Oxford University Press; HarperCollins Publishers; Canongate Books; Tantor Audio; EdCon Publishing; G&D Media; Project Gutenberg; G.K. Hall; Phoenix Books, Inc.; Doubleday; Dover Publications; Warbler Classics; Start Classics; Neeland Media LLC; Sterling Pub. Co","1917 - 2024","New York; New York, N.Y; London; [Old Saybrook, Conn.]; Oxford; Waterville, Me; [Chicago, IL]; Garden City, N.Y","Audiobook - CD;eBook;Large Print;eAudiobook;Book","Book::Arcade: FICTION Swift, J. - Checked Out,Book::Carmichael: FICTION Swift, J. - On Shelf,Book::Belle Cooledge: FICTION Swift, J. - Display"
https://catalog.saclibrary.org/GroupedWork/202b6cd4-c60a-ecde-c568-b26eadc57965-eng,"The ghost of you","Bulla, Michael Gray",9780063091757,,"HarperCollins; Quill Tree Books; Quill Tree Books, an imprint of HarperCollins Publishers",2024,"New York, NY",eAudiobook;eBook;Book,"Book::Carmichael Teen Area: TEEN FICTION Bulla, M. - On Shelf,Book::Central Teen Area - 3rd Floor: TEEN FICTION Bulla, M. - On Shelf,Book::Elk Grove Teen Area: TEEN FICTION Bulla, M. - On Shelf"
https://catalog.saclibrary.org/GroupedWork/f87184cb-3bbb-8225-176d-38a9fb305f2d-eng,"Thirty to sixty days","Wood, Alikay",9781419752308,,"Tantor Media, Inc.; Abrams; Tantor Media, Inc; Amulet Books","2023 - 2024","New York",eAudiobook;eBook;Book,"Book::Carmichael Teen Area: TEEN FICTION Wood, A. - On Shelf,Book::Sacramento Public Library Storage: TEEN FICTION Wood, A. - On Shelf"
https://catalog.saclibrary.org/GroupedWork/50346d12-a1a4-e46b-9bb8-57b7c8f4233f-eng,"The road to Oz","Baum, L. Frank (Lyman Frank), 1856-1919",9780486252087,,"Interactive Media; Project Gutenberg; Start Publishing LLC; Author's Republic; Reilly and Lee Co; Phoemixx Classics Ebooks; Books of Wonder; Dreamscape Media; Pandora's Box; HarperCollins Canada; Dancing Unicorn Books; Neeland Media LLC","1909 - 2025","New York; [s.l.]",eBook;Book;eAudiobook,"Book::Carmichael Children's Area: CHILDREN FICTION Baum, L. - On Shelf,Book::Fair Oaks Children's Area: CHILDREN FICTION Baum, L. - On Shelf,Book::Orangevale: CHILDREN FICTION Baum, L. - On Shelf"
https://catalog.saclibrary.org/GroupedWork/c1b57fe3-9cf4-ff41-3d96-f6239a4c6a45-eng,"The Vinyl Underground","Rufus, Rob",9781635830507,,"North Star Editions; Flux; Dreamscape Media","2019 - 2020","Mendota Heights, Minnesota",eAudiobook;eBook;Book,"Book::Elk Grove Teen Area: TEEN FICTION Rufus, R. - On Shelf,Book::Sylvan Oaks Teen Area: TEEN FICTION Rufus, R. - On Shelf,Book::Sacramento Public Library Storage: TEEN FICTION Rufus, R. - On Shelf"
https://catalog.saclibrary.org/GroupedWork/9d13c568-9bc6-cd16-8f1e-22c9dc6a6f63-eng,"The upper world","Fadugba, Femi",9780063078598,,"HarperCollins; Harperteen, an imprint of HarperCollins Publishers",2021,"New York, NY",eAudiobook;eBook;Book,"Book::Central Teen Area - 3rd Floor: TEEN FICTION Fadugba, F. - On Shelf,Book::Elk Grove Teen Area: TEEN FICTION Fadugba, F. - On Shelf,Book::North Natomas: TEEN FICTION Fadugba, F. - On Shelf"
https://catalog.saclibrary.org/GroupedWork/af7320a3-1375-bcbd-eba4-7d5cb8654843-eng,"Not so pure and simple","Giles, Lamar, 1979-",9780062349200,,"Quill Tree Books; HarperCollins; HarperTeen, an imprint of HarperCollinsPublishers",2020,"New York, NY",eAudiobook;eBook;Book,"Book::Elk Grove Teen Area: TEEN FICTION Giles, L. - On Shelf,Book::North Natomas: TEEN FICTION Giles, L. - On Shelf,Book::Sacramento Public Library Storage: TEEN FICTION Giles, L. - On Shelf"
https://catalog.saclibrary.org/GroupedWork/41602892-edca-8f01-1477-5c5b099ff6d0-eng,"The song of the lark","Cather, Willa, 1873-1947",9780141181042,,"Houghton Mifflin; Interactive Media; Wilder Publications, Inc.; Ft. Raphael Publishing Company; Naxos AudioBooks; Start Publishing LLC; SoundCraft Audiobooks; Tantor Media, Inc; Dreamscape Media; Vintage Books; Duke Classics; Penguin Books","1963 - 2024","New York; Boston",eAudiobook;eBook;Book,"Book::Arcade: FICTION Cather, W. - On Shelf,Book::Southgate: FICTION Cather, W. - On Shelf"
https://catalog.saclibrary.org/GroupedWork/c7ba290d-04a7-7e3e-0c6b-9dc4ee6f976f-eng,"A farewell to arms","Hemingway, Ernest, 1899-1961",9780684801469,,"Rare Treasure Editions; Simon & Schuster Audio; Scribner Classics; Book-of-the-Month Club; Independently Published; Scribner; Dreamscape Media; Wisehouse; Maple Spring Publishing; Macmillan; Warbler Classics; Dover Publications; Ft. Raphael Publishing Company; Andrii Ponomarenko; Librofilio; Scribner Paperback Fiction; Findaway Voices","1929 - 2025","New York; New York, N.Y","eAudiobook;Audiobook - CD;eBook;Book","Book::McClatchy: FICTION Hemingway, E. - Checked Out,Book::Barber Branch: FICTION Hemingway, E. [CLASSICS] - Checked Out,Book::Sutter County Main Branch Teen Area: TEEN FICTION Hemingway, E. [CLASSICS] - Checked Out"
https://catalog.saclibrary.org/GroupedWork/641bd7f1-31d9-ab3c-b842-dc7d62997a31-eng,Heidi,"Spyri, Johanna, 1827-1901",9780147514028,,"Tantor Media, Inc.; Puffin Books, an imprint of Penguin Group (USA); Sterling Publishing Co; Baronet Books; Children's Classics; Project Gutenberg; Unicorn Pub. House; North-South; Dreamscape Media; World Pub; Duke Classics; Blackstone Publishing; J.B. Lippincott Co; Falcon Press LLC; Otbebookpublishing; Union Square Kids; One Audiobooks; Author's Republic; Random House/Listening Library; J. Messner; Naxos Audiobooks; Distributed by Random House Value Publishing; EdCon Publishing; Grossey & Dunlap","1915 - 2024","New York; Parsippany, N.J; London; New York, New York; Philadelphia","Audiobook - CD;eBook;Book;eAudiobook","Book::Arcade Children's Area: CHILDREN FICTION Spyri, J. - Checked Out,Book::Central Kids Place - Lower Level: CHILDREN FICTION Spyri, J. - On Shelf,Book::Colonial Heights Children's Area: CHILDREN FICTION Spyri, J. - Checked Out"
https://catalog.saclibrary.org/GroupedWork/b5604476-faf1-fc05-2163-14d834f9b3eb-eng,"The prince and the pauper","Twain, Mark, 1835-1910",9780486411101,,"Interactive Media; Project Gutenberg; Lerner Publishing Group; G.K. Hall; Dreamscape Media; Tantor Media; HarperCollins Canada; Duke Classics; Blackstone Publishing; The Well-Trained Mind Press; Recorded Books, Inc.; Dover Publications; Oasis Audio; Saddleback Educational Publishing; Naxos Audiobooks; Hesperus Minor; Diversion Publishing; EdCon Publishing; Saddleback Educational, Inc.; DigiCat; G&D Media","1994 - 2025","[Old Saybrook, CT]; London; Mineola, N.Y; Thorndike, Me","eAudiobook;Audiobook - CD;eBook;Large Print;Book",
https://catalog.saclibrary.org/GroupedWork/18231654-9d7e-7cb1-15aa-e6b59c3910d4-eng,"King Lear","Appignanesi, Richard",9780810942226,,"Amulet Books",2009,"New York","Graphic Novel/Manga",
https://catalog.saclibrary.org/GroupedWork/c4dc497c-8620-bc74-d2ed-895dae01d840-eng,"Fever, 1793","Anderson, Laurie Halse",9780689838583,,"Tantor Media, Inc.; Atheneum Books for Young Readers; Tantor Media, Inc; Simon & Schuster Books for Young Readers; Penguin Random House Audio Publishing Group","2000 - 2018","New York",eAudiobook;Book;eBook,"Book::Central Kids Place - Lower Level: CHILDREN FICTION Anderson, L. - Checked Out,Book::Grimes Branch Library Teen Area: YA Fic - Checked Out"
https://catalog.saclibrary.org/GroupedWork/2a427972-817b-fc1c-80fa-fc8b7f1363ed-eng,Pinocchio,"Collodi, Carlo, 1826-1890",9781454912200,,"Sterling Children's Books; Interactive Media; Xist Publishing; Author's Republic; Purple Bear Books; Blackstone Publishing; Canongate Books; Tor Publishing Group","2002 - 2025","New York",eAudiobook;eBook;Book,
https://catalog.saclibrary.org/GroupedWork/1635f6b2-fca5-d38a-328b-54c98f31ed9c-eng,"My Ántonia","Cather, Willa, 1873-1947",9780679741879,,"Signet Classics; Big Cheese Books; HarperCollins; Quality Paperback Book Club; Clydesdale; Vintage Books; Blackstone Publishing; Brilliance Audio; Barnes & Noble Classics; Aeonian Press; Houghton Mifflin; Dover Publications; Read Books Ltd.; Ft. Raphael Publishing Company; Naxos Audiobooks; Mariner Books Classics; Random House Publishing Group; HarperCollins Publishers; Barnes & Noble","1988 - 2022","New York; Mattituck, N.Y; Grand Haven, MI; New York, New York; Boston","eAudiobook;Audiobook - CD;eBook;Book","Book::Colonial Heights: FICTION Cather, W. - On Shelf,Book::Franklin: FICTION Cather, W. - On Shelf,Book::South Natomas: FICTION Cather, W. - On Shelf"
https://catalog.saclibrary.org/GroupedWork/3986b6d8-d25e-31bd-73f9-6bf2c4177560-eng,"Just breathe","McGovern, Cammie",9780062463357,,"HarperCollins; HarperTeen, an imprint of HarperCollinsPublishers",2020,"New York, NY",eAudiobook;eBook;Book,
https://catalog.saclibrary.org/GroupedWork/f9e3d92a-cf2e-975f-3e93-3b468eb4335f-eng,"A midsummer nights' dream: the graphic novel : original text version","McDonald, John",9781907127441,,"Classical Comics",2011,"Towcester, U.K","Graphic Novel/Manga",
https://catalog.saclibrary.org/GroupedWork/de50c6ec-9af3-d3a3-ba5b-63055e0b7743-eng,"Far from the madding crowd","Hardy, Thomas, 1840-1928",9780451523600,,"Signet Classic; Interactive Media; Naxos AudioBooks; Penguin; Harper & Brothers Publishers; GENERAL PRESS; Dreamscape Media; Vintage Books; HarperCollins Canada; Blackstone Publishing; Heritage Press; Xist Publishing; Start Publishing LLC; Author's Republic; Dancing Unicorn Books; HarperCollins Publishers; Start Classics","1902 - 2024","London; New York; New York, New York; Norwalk, Conn",eBook;Book;eAudiobook,"Book::Carmichael: FICTION Hardy, T. - Checked Out,Book::Central: FICTION Hardy, T. - Checked Out,Book::Colonial Heights: FICTION Hardy, T. - On Shelf"
https://catalog.saclibrary.org/GroupedWork/43dc425b-5b52-6a46-8da7-763700e49938-eng,"Blonde ambition: an A-list novel","Dean, Zoey",9780316734745,,"Little, Brown Books for Young Readers; Little, Brown","2004 - 2007","New York",eBook;Book,
https://catalog.saclibrary.org/GroupedWork/8d3fbd26-a72c-d382-73fd-99c2ae96af63-eng,"The king in yellow","Chambers, Robert W. (Robert William), 1865-1933",9781464213717,,"Interactive Media; Wilder Publications, Inc.; Project Gutenberg; Wordsworth Editions Ltd; Phoemixx Classics Ebooks; [Common Classics]; HarperCollins Canada; Global Publishers; Duke Classics; Blackstone Publishing; Open Road Media; Otbebookpublishing; Wildside Press LLC; Poisoned Pen Press; Mint Editions; Read Books Ltd.; Andrews UK; Sourcebooks Inc; Author's Republic; WordFire Press; Blackstone Publishing / Skyboat Media; Neeland Media LLC; Findaway Voices","2011 - 2025","Naperville, Illinois; [Las Vegas]","eAudiobook;Large Print;eBook;Book","Book::Arcade: FICTION Chambers, R. - On Hold Shelf,Book::Central: FICTION Chambers, R. - Checked Out,Book::North Natomas: FICTION Chambers, R. - Checked Out"
https://catalog.saclibrary.org/GroupedWork/8b122f61-72c0-bd5f-85f1-9a96dec04fa1-eng,"Take the key and lock her up","Carter, Ally",9780545654951,,"Scholastic Inc.; Scholastic Press","2016 - 2017","New York",eAudiobook;eBook;Book,"Book::Elk Grove Teen Area: TEEN FICTION Carter, A. - On Shelf,Book::Sacramento Public Library Storage: TEEN FICTION Carter, A. - On Shelf"
https://catalog.saclibrary.org/GroupedWork/34112ee4-a264-1011-607e-da731f9fc9ad-eng,"The war of the worlds","Wells, H. G. (Herbert George), 1866-1946",9781936594054,,"Interactive Media; New York Review Books; Penguin; Dreamscape Media; Sheba Blake Publishing; Global Publishers; Duke Classics; Blackstone Publishing; Tor Publishing Group; Tribeca Books; Oasis Audio; Start Publishing LLC; Harper & Brothers; EdCon Publishing; Project Gutenberg; Harper & Brothers Publishers; Recorded Books, Inc.; Dover Publications; Saddleback Educational Publishing; Author's Republic; L.A. Theatre Works; Random House Publishing Group; Vintage Classics; Modern Library; Findaway Voices","1898 - 2024","[United States?]; New York; London",eAudiobook;eBook;Book,"Book::Central: SCIENCE FICTION Wells, H. - On Shelf,Book::Franklin: SCIENCE FICTION Wells, H. - In Transit,Book::McKinley: SCIENCE FICTION Wells, H. - Checked Out"
https://catalog.saclibrary.org/GroupedWork/c22ddce6-915a-ff32-d9f1-d3c7daecd65f-eng,"Their eyes were watching God","Hurston, Zora Neale",9780061120060,,"HarperCollins; Perennial Classics; Harper Perennial Modern Classics; SHJBOOX","1999 - 2022","New York",eAudiobook;eBook;Book,"Book::North Natomas: FICTION Hurston, Z. - Checked Out,Book::Valley Hi-North Laguna: FICTION Hurston, Z. - On Hold Shelf,Book::Folsom Adult: FICTION Hurston, Z. - On Hold Shelf"
https://catalog.saclibrary.org/GroupedWork/10e19c91-4d3f-4bcb-dc7e-84218501e1a8-eng,"Robinson Crusoe","Defoe, Daniel, 1661?-1731",9780451530776,,"BBC Audio; Atheneum Books for Young Readers; Signet Classic; Signet Classics; HarperCollins Publishers UK; Modern Pub; Dreamscape Media; Global Publishers; Blackstone Publishing; Thorndike Press; Tor Publishing Group; Distributed by Random House; Xist Publishing; Start Publishing LLC; Knopf; Restless Books; Canongate Books; EdCon Publishing; G&D Media; Treasureword; Harper Collins Publishers; Penguin Classics, an imprint of Penguin Books; HarperPress, an imprint of Harper Collins Publishers; Dover Publications; Tantor Media, Inc; Arcturus Digital Limited; Start Classics; Modern Library; Neeland Media LLC","1993 - 2023","New York; New York, N.Y; New York, NY; London; Hammersmith, London; Waterville, Me","eAudiobook;Large Print;eBook;Book","Book::Arcade: FICTION Defoe, D. - On Shelf,Book::Carmichael: FICTION Defoe, D. - On Shelf,Book::Belle Cooledge: FICTION Defoe, D. - On Shelf"
https://catalog.saclibrary.org/GroupedWork/ca66d701-6b83-08e6-5528-172a41d38c3d-eng,"The last of the Mohicans","Cooper, James Fenimore, 1789-1851",9781442481305,,"Atheneum Books for Young Readers; Dreamscape Media; Blackstone Publishing; Barnes & Noble Classics; John W. Lovell Company; Tor Publishing Group; Lightyear Press; Oasis Audio; Start Publishing LLC; Naxos Audiobooks; Penguin Publishing Group; EdCon Publishing; Barnes & Noble; Sweet Cherry Publishing; Tantor Media, Inc.; Baronet Books; John Lovell Company; Brilliance Audio; Penguin Books; Easton Press; Jason Nollan; Recorded Books, Inc.; Bantam Books; Saddleback Educational Publishing; Modern Library; ABDO Publishing Company","1826 - 2024","New York; New York, N.Y; Norwalk, Conn; Grand Haven; New York, New York; Laurel, N.Y","Audiobook - CD;eBook;Book;eAudiobook","Book::Belle Cooledge: FICTION Cooper, J. - Checked Out,Book::South Natomas: FICTION Cooper, J. - On Shelf,Book::North Natomas: FICTION Cooper, J. - Checked Out"
https://catalog.saclibrary.org/GroupedWork/9550e28a-a8c9-3976-9abf-50d81012bd5a-eng,"20,000 leagues under the sea","Verne, Jules, 1828-1905",9780553212525,,"Racehorse; Signet Classics; Bantam Classic; Dreamscape Media; Sheba Blake Publishing; Phoenix Books, Inc.; Duke Classics; Blackstone Publishing; Books on Tape; Racehorse for Young Readers; Scott, Foresman; Tor Publishing Group; Recorded Books, Inc.; Listening Library; Saddleback Educational Publishing; Start Publishing LLC; Random House/Listening Library; DK Publishing; HarperCollins Publishers; Canongate Books; ABDO Publishing Company; Sterling Pub. Co; Findaway Voices","1955 - 2025","New York; Chicago; New York, NY","eAudiobook;Audiobook - CD;eBook;Book","Book::Carmichael: FICTION Verne, J. - On Shelf,Book::Central: FICTION Verne, J. - On Shelf,Book::Colonial Heights: FICTION Verne, J. - On Shelf"
https://catalog.saclibrary.org/GroupedWork/2b4eb320-35dd-5e1b-9f70-d62904597f17-eng,"White Fang","London, Jack, 1876-1916",9781613820780,,"Bendon, Inc.; Lauscher Audiobooks; Interactive Media; Lerner Publishing Group; Classic Pub. Corp; Dreamscape Media; Sheba Blake Publishing; Duke Classics; Left of Brain Books; Simon & Brown; Puffin; Tor Publishing Group; The Macmillan Company; Macmillan; Dover Publications; The Regent Press; Oasis Audio; Start Publishing LLC; Tantor Audio; EdCon Publishing; Starry Forest Books; ABDO Publishing Company","1906 - 2024","New York; [Old Saybrook, CT]; Dorking, Surrey, UK : Templar; London; San Rafael, Calif; [LaVergne, Tennessee]; New York; London","Audiobook - CD;eBook;Book;eAudiobook","Book::Elk Grove Kids' Place: CHILDREN FICTION London, J. - Checked Out,Book::Isleton Children's Area: CHILDREN FICTION London, J. - In Transit,Book::Barber Branch: CHILDREN FICTION London, J. - Checked Out"
https://catalog.saclibrary.org/GroupedWork/32c179e4-432b-c01c-de8b-8dfbf03455d1-eng,"Rose in bloom","Alcott, Louisa May, 1832-1888",9781665926294,,"Interactive Media; Wilder Publications, Inc.; Project Gutenberg; Little, Brown Books for Young Readers; Little, Brown; Blackstone Publishing; Open Road Media; libreka classics; Recorded Books, Inc.; Dover Publications; Mint Editions; Read Books Ltd.; Start Publishing LLC; Pandora's Box; Aladdin; Neeland Media LLC","1927 - 2023","New York; Boston, MA",eBook;Book;eAudiobook,"Book::Arcade Children's Area: CHILDREN FICTION Alcott, L. - On Shelf,Book::Carmichael Children's Area: CHILDREN FICTION Alcott, L. - On Shelf,Book::Folsom Children's Area: CHILDREN FICTION Alcott, L. - On Shelf"
https://catalog.saclibrary.org/GroupedWork/f98e0aba-69e7-89b8-55a7-c64edd7f3486-eng,"Jack and Jill","Alcott, Louisa May, 1832-1888",9781665926225,,"Interactive Media; Wilder Publications, Inc.; Project Gutenberg; Aladdin Books; Nelson Doubleday; Little, Brown; Duke Classics; Ventigo Media Spółka; Open Road Media; libreka classics; Read Books Ltd.; Start Publishing LLC; Pandora's Box; Dancing Unicorn Books; Start Classics","1928 - 2025","Garden City, NY; New York; Boston",eBook;Book;eAudiobook,"Book::Arcade Children's Area: CHILDREN FICTION Alcott, L. - On Shelf,Book::Pocket-Greenhaven Kids' Place: CHILDREN FICTION Alcott, L. - On Shelf,Book::Southgate Children's Area: CHILDREN FICTION Alcott, L. - On Shelf"
https://catalog.saclibrary.org/GroupedWork/37ee5f66-9ede-569e-f337-169f57ac9874-eng,"Uncle Tom's cabin","Stowe, Harriet Beecher, 1811-1896",9781593081812,,"Re-Image Publishing; Lebooks Editora; Phoemixx Classics Ebooks; Dreamscape Media; Sheba Blake Publishing; Duke Classics; John Cassell; Blackstone Publishing; Brilliance Audio; Barnes & Noble Classics; Left of Brain Books; A.A. Knopf; Dover Publications; Pages Planet Publishing; Dodd, Mead; Start Publishing LLC; Random House Publishing Group; EdCon Publishing","1852 - 2024","New York; Grand Haven, Mich; London","eAudiobook;Audiobook - CD;eBook;Book","Book::Arcade: FICTION Stowe, H. - On Shelf"
https://catalog.saclibrary.org/GroupedWork/3030e960-366a-c623-06b8-0b4fda477496-eng,"A tale of two cities","Dickens, Charles, 1812-1870",9781593083328,,"International Collectors Library; Reader's Digest Association; Dreamscape Media; CRW; Sheba Blake Publishing; Vintage Books; HarperCollins Canada; Duke Classics; Blackstone Publishing; Books on Tape; Barnes & Noble Classics; The Well-Trained Mind Press; Tor Publishing Group; A.A. Knopf; Distributed by Crown; Distributed by Random House; Books in Motion; Blackstone AudioBooks; Librofilio; Canongate Books; EdCon Publishing; Sweet Cherry Publishing; Naxos AudioBooks; K.B. Books Publishing Company; Thomas Nelson; Penguin Books; Left of Brain Books; Jovian Press; Penguin Classics; Allyn and Bacon; Dover Publications; Heritage Press; Ft. Raphael Publishing Company; Saddleback Educational Publishing; Tantor Media, Inc; Greenwich House; Start Classics; Neeland Media LLC; ABDO Publishing Company; Findaway Voices","1938 - 2024","New York; Newport Beach, CA; Pleasantville, NY; New York, N.Y; London; Ashland, OR; Mineola, N.Y; London, England; Garden City, N.Y; Boston","eAudiobook;Audiobook - CD;eBook;Book","Book::Belle Cooledge: FICTION Dickens, C. - Checked Out,Book::Fair Oaks: FICTION Dickens, C. - Checked Out,Book::North Natomas: FICTION Dickens, C. - On Shelf"
https://catalog.saclibrary.org/GroupedWork/dd0313cb-016f-e236-02e3-304ec92ea9e0-eng,Jane,"McKenna, Aline Brosh",9781608869817,,"BOOM! Studios; Archaia",2017,"Los Angeles, CA","Graphic Novel/Manga;eComic","Graphic Novel/Manga::Central: GRAPHIC NOVEL McKenna, A. - On Shelf,Graphic Novel/Manga::Franklin: GRAPHIC NOVEL McKenna, A. - On Shelf,Graphic Novel/Manga::Southgate: GRAPHIC NOVEL McKenna, A. - On Shelf"
https://catalog.saclibrary.org/GroupedWork/7fc21be1-cc7c-d3be-2b35-4d0fef4d54d4-eng,"The Professor","Brontë, Charlotte, 1816-1855",9781788883696,,"Arcturus Publishing Ltd; Interactive Media; Project Gutenberg; Hesperus Press; G.K. Hall; HarperCollins Canada; Blackstone Publishing; Open Road Media; Otbebookpublishing; libreka classics; Chivers Press; Recorded Books, Inc.; Dover Publications; Mint Editions; Xist Publishing; Read Books Ltd.; Naxos Audiobooks; HarperCollins Publishers; Start Classics; Neeland Media LLC; Sweet Cherry Publishing","2001 - 2024","London; Bath, England; Thorndike, Me","Large Print;eBook;Book;eAudiobook",
https://catalog.saclibrary.org/GroupedWork/77ed2c74-0b89-1f77-6601-2c9a75ecc847-eng,"Captains courageous","Kipling, Rudyard, 1865-1936",9780199554836,,"Signet Classic; Baronet Books; Interactive Media; Sheba Blake Publishing; Blackstone Publishing; Otbebookpublishing; Penguin Books; Open Road Media; SC Active Business Development SRL; Tor Publishing Group; Recorded Books, Inc.; Dover Publications; Saddleback Educational Publishing; Oxford University Press; Start Classics; Neeland Media LLC; EdCon Publishing","1964 - 2020","New York; New York, N.Y; Oxford",eAudiobook;eBook;Book,"Book::Carmichael: FICTION Kipling, R. - On Shelf,Book::Central: FICTION Kipling, R. - Checked Out,Book::Galt: FICTION Kipling, R. - On Shelf"
https://catalog.saclibrary.org/GroupedWork/c1c219c2-dc8d-389d-16c5-3c4bb644be45-eng,"The strange case of Dr. Jekyll and Mr. Hyde","Stevenson, Robert Louis",9781403709790,,"Classic Ghost Stories Podcast; SpellBinders; Baronet Books; Rockport Publishers; HarperCollins; GENERAL PRESS; Independently Published; Dreamscape Media; Dalmatian Press, LLC; HarperCollins Canada; Edicions Perelló; Library of Classics; Longmans, Green and Co; Heritage Press; Andrews UK; Author's Republic; Dalmatian Press; Dancing Unicorn Books; HarperCollins Publishers; Canongate Books; ABDO Publishing Company; Scott-Thaw Company; Findaway Voices","1886 - 2025","Franklin, Tennessee; New York; New York, N.Y; London; Franklin, TN; Garden City, N.Y",eBook;Book;eAudiobook,"Book::Sacramento Room: 090 H548 1952s BAC - Library Use Only"
https://catalog.saclibrary.org/GroupedWork/f8c6086e-0638-b054-9c49-af81b48d4cff-eng,"The portrait of a lady","James, Henry, 1843-1916",9780451530523,,"Signet Classics; Book-of-the-Month Club; Penguin; Independently Published; Dreamscape Media; New American Library; Phoenix Books, Inc.; HarperCollins Canada; Duke Classics; Blackstone Publishing; Viking; Pages Planet Publishing; Bantam Books; Start Publishing LLC; Knopf; Oxford University Press; Houghton, Mifflin and Company; Canongate Books; Penguin Publishing Group; Modern Library; Sweet Cherry Publishing","1882 - 2024","New York; London; Oxford; Toronto; Boston",eAudiobook;eBook;Book,"Book::Arcade: FICTION James, H. - On Shelf,Book::Central: FICTION James, H. - On Shelf,Book::Colonial Heights: FICTION James, H. - On Shelf"
https://catalog.saclibrary.org/GroupedWork/01150de4-e428-db85-5588-06d1d86c46dd-eng,"Uncle Remus: His Songs and His Sayings","Harris, Joel Chandler, 1848-1908",9781596448582,,"Interactive Media; Project Gutenberg; Mission Audio; Phoemixx Classics Ebooks; Grosset and Dunlap; Left of Brain Books","1921 - 2024","New York",eBook;Book;eAudiobook,"Book::Sacramento Room: FICTION Harris, J. CHI VAU - Library Use Only"
https://catalog.saclibrary.org/GroupedWork/2c01c1e9-cbd2-fd44-d93f-0ec66ddccb55-eng,Othello,"Shakespeare, William, 1564-1616",9781947808133,,"UDON Entertainment",2021,"Richmond Hill","Graphic Novel/Manga",
https://catalog.saclibrary.org/GroupedWork/d0faa8b1-2d10-7343-3167-fa12aaedb1da-eng,"The life and adventures of Santa Claus","Baum, L. Frank (Lyman Frank), 1856-1919",9780805038224,,"Interactive Media; Project Gutenberg; Hesperus Press; The Bowen-Merrill Company; Dreamscape Media; Running Press; Blackstone Publishing; Bowen-Merrill Company; Open Road Media; H. Holt; Recorded Books, Inc.; Oasis Audio; Mint Editions; Andrews UK; Start Publishing LLC; Author's Republic; Greenwich House; Dancing Unicorn Books; Neeland Media LLC; Distributed by Crown Publishers; Findaway Voices","1902 - 2025","New York; [s.l.]; Indianapolis",eBook;Book;eAudiobook,
https://catalog.saclibrary.org/GroupedWork/9bc3604e-a54e-f147-4688-61eae6411a39-eng,"A room with a view","Forster, E. M. (Edward Morgan), 1879-1970",9780141183299,,"Interactive Media; Vocabbett Press; Dreamscape Media; Sheba Blake Publishing; Vintage Books; HarperCollins Canada; Open Road Media Romance; Duke Classics; Blackstone Publishing; Sheba Blake Publishing Corp.; Falcon Press LLC; AudioGO; Xist Publishing; ReadaClassic.com; Canongate Books; BEESQUARE; Barnes and Nobel; Tantor Media, Inc.; Project Gutenberg; eBooksLib; The Faceless Syndicate; Penguin Books; Jovian Press; Jason Nollan; Spotify Audiobooks; Recorded Books, Inc.; Dover Publications; Warbler Classics; Z & L Barnes Publishing; L.A. Theatre Works; Edward Arnold; Start Classics; Findaway Voices","1908 - 2025","New York; London; San Bernadino, CA",eAudiobook;eBook;Book,"Book::Central: FICTION Forster, E. - On Shelf,Book::Pocket-Greenhaven: FICTION Forster, E. - On Shelf,Book::Sylvan Oaks: FICTION Forster, E. - Checked Out"
https://catalog.saclibrary.org/GroupedWork/65958a78-99d3-fc96-08b3-dfaa837dc29b-eng,"The art of losing","Mason, Lizzy",9781616959876,,"Recorded Books, Inc.; Soho Press; Soho Teen",2019,"New York, NY",eBook;Book;eAudiobook,
https://catalog.saclibrary.org/GroupedWork/f08c0df0-491b-cbd2-06fb-f52f180bd71d-eng,"Ten tales from Shakespeare","Lamb, Charles, 1775-1834",9780486428437,,"Dover Publications","2003 - 2012","Mineola, N.Y",eBook;Book,
https://catalog.saclibrary.org/GroupedWork/22d958ed-0321-5e14-73bd-5d3e985eda14-eng,"The night parade","Tanquary, Kathryn",9781492623243,,"Sourcebooks Inc; Sourcebooks Jabberwocky",2016,"Naperville, Illinois",eBook;Book,
https://catalog.saclibrary.org/GroupedWork/1a5a6a03-dc29-b6a4-7f26-64256dc8e886-eng,"The three musketeers","Dumas, Alexandre, 1802-1870",9780679603320,,"The Heritage Press; Penguin; Dreamscape Media; Sheba Blake Publishing; Happy Hour Books; Barnes & Noble Books; Blackstone Publishing; Penguin Books; Left of Brain Books; Tor Publishing Group; Borders Classics; Dover Publications; Alfred A. Knopf; Oasis Audio; Ft. Raphael Publishing Company; Dodd, Mead; Penguin Publishing Group; Start Classics; Modern Library; Flowerpot Press; ABDO Publishing Company; Brilliance Corp","1941 - 2024","New York; Harmondsworth, Middlesex, England; New York, NY; Grand Haven, MI; Ann Arbor, MI","eAudiobook;Audiobook - CD;eBook;Book","Book::Central: FICTION Dumas, A. - Checked Out,Book::Elk Grove: FICTION Dumas, A. - On Shelf,Book::North Natomas: FICTION Dumas, A. - Checked Out"
https://catalog.saclibrary.org/GroupedWork/84298577-3437-afe1-11b4-0ac341d045c0-eng,"The hunchback of Notre Dame","Hugo, Victor, 1802-1885",9781949846157,,"Lauscher Audiobooks; Signet Classic; Recorded Books; Dreamscape Media; Barnes & Noble Books; Blackstone Publishing; Masterwork Books; Tor Publishing Group; Borders Classics; Oasis Audio; The Co-operative Publication Society; Xist Publishing; Naxos Audiobooks; HarperCollins Publishers; Canongate Books; EdCon Publishing; Tantor Media, Inc.; Clydesdale; Thomas Nelson; Phoenix Books, Inc.; Grosset & Dunlap; iBoo Press; SC Active Business Development SRL; Recorded Books, Inc.; Dover Publications; Mint Editions; Ft. Raphael Publishing Company; Saddleback Educational Publishing; Author's Republic; Ann Arbor Media Group; Random House Publishing Group; Modern Library; Neeland Media LLC","1900 - 2025","New York; Prince Frederick, MD; [S.l.]; Ann Arbor; Chicago, IL; Mineola, N.Y","eAudiobook;Audiobook - CD;eBook;Book","Book::Central: FICTION Hugo, V. - Checked Out"
https://catalog.saclibrary.org/GroupedWork/7df8ebb4-7ad2-61d8-83cd-15f4896d352b-eng,"Jude the obscure","Hardy, Thomas, 1840-1928",9780140435382,,"Interactive Media; Wilder Publications, Inc.; GENERAL PRESS; HarperCollins Canada; Blackstone Publishing; Otbebookpublishing; Open Road Media; Barnes & Noble Classics; Recorded Books, Inc.; Dover Publications; Distributed by Random House; Mint Editions; Pages Planet Publishing; Andrews UK; Xist Publishing; Ft. Raphael Publishing Company; Start Publishing LLC; Knopf; Author's Republic; Naxos Audiobooks; Harper and Brothers; Neeland Media LLC","1895 - 2025","New York",eBook;Book;eAudiobook,"Book::Central: FICTION Hardy, T. - On Shelf,Book::Colonial Heights: FICTION Hardy, T. - Checked Out,Book::Pocket-Greenhaven: FICTION Hardy, T. - On Shelf"
https://catalog.saclibrary.org/GroupedWork/4722a190-6d6a-1180-1385-1eff53c2a885-eng,"The gift of the Magi","Henry, O., 1862-1910",9781416935865,,"Project Gutenberg; Start Publishing LLC; Dreamscape Media; Candlewick Press; Spirit Seeker Books; Dancing Unicorn Books; Otbebookpublishing; Falcon Press LLC; Troia; Simon & Schuster Books for Young Readers; Findaway Voices; The Audio Agency Ltd","2006 - 2024","New York; Cambridge, Mass",eBook;Book;eAudiobook,
https://catalog.saclibrary.org/GroupedWork/42550bfa-043f-2f83-5a7e-568e40a0beec-eng,"No Name","Tingle, Tim",9781939053060,,"Book Publishing Company; 7th Generation",2014,"Summertown, Tennessee",eBook;Book,"Book::Rancho Cordova: TEEN FICTION Tingle, T. - On Shelf"
https://catalog.saclibrary.org/GroupedWork/5d1aafb2-af4b-ce69-1c0e-8a1ed5287ce3-eng,"The red badge of courage","Crane, Stephen, 1871-1900",9780895771551,,"Golden Springs Publishing; Wilder Publications, Inc.; Project Gutenberg; Dreamscape Media; Vintage Books Library of America; Phoenix Books, Inc.; Blackstone Audio Books; HarperCollins Canada; Reader's Digest; Blackstone Publishing; Books on Tape; Left of Brain Books; Tor Publishing Group; Sound Room Pub; Cherish; Warbler Classics; Dover Publications; Start Publishing LLC; BN Publishing; Penugin Books; EdCon Publishing; ABDO Publishing Company","1980 - 2024","New York; Pleasantville, N.Y; Santa Ana, CA; Barnes & Noble Books, 1992; [S.l.]; [Ashland, Or.]; United States; Falls Church, Va","eAudiobook;Audiobook - CD;eBook;Book","Book::Rio Linda: FICTION Crane, S. - Checked Out,Book::Folsom Adult: FICTION Crane, S. - On Shelf,Book::Rancho Cordova: FICTION Crane, S. - Checked Out"
https://catalog.saclibrary.org/GroupedWork/4b1091e7-4c9b-da33-176c-423e4be77c68-eng,Grit,"French, Gillian",9780062642554,,"HarperTeen, an imprint of HarperCollins Publishers; HarperCollins",2017,"New York, NY",eBook;Book;eAudiobook,
https://catalog.saclibrary.org/GroupedWork/f6654858-ebaa-d894-fd94-9249cdbf7998-eng,"The phantom of the Opera","Leroux, Gaston, 1868-1927",9780553213768,,"Interactive Media; Quill & Flame Publishing House; Harper & Row; Dreamscape Media; Bantam Dell; HarperCollins Canada; Grosset and Dunlap; Pages Planet Publishing; Start Publishing LLC; Revived Reads; Barnes & Noble; CDED; Wilder Publications, Inc.; Project Gutenberg; Unicorn Pub. House; Phoenix Books, Inc.; Grosset & Dunlap; Sound Room Publishers, Inc.; Left of Brain Books; Dorset Press; Mint Editions; Sourcebooks Inc; Big Finish Productions; Modern Library; ABDO Publishing Company","1911 - 2025","New York; Parsippany, NJ",eAudiobook;eBook;Book,
https://catalog.saclibrary.org/GroupedWork/47ba1b09-db2f-2a68-5f3d-a71cb4475676-eng,"Making friends with monsters","Rostirolla, Sandra L",9780999189184,,"Pinkus Books; Findaway Voices",2023,"[Place of publication not identified]",eBook;Book;eAudiobook,
https://catalog.saclibrary.org/GroupedWork/fcd63903-1aa6-88e2-94b6-80ec125a83a0-eng,"The first men in the moon","Wells, H. G. (Herbert George), 1866-1946",9780898657852,,"Lauscher Audiobooks; Interactive Media; Wilder Publications, Inc.; Project Gutenberg; Naxos AudioBooks; Duke Classics; Open Road Media; Otbebookpublishing; Falcon Press LLC; George Newnes; Donning Co; Dover Publications; George Newnes, Ltd; Xist Publishing; Read Books Ltd.; Start Publishing LLC; Author's Republic; Glagoslav Publications Ltd; Dancing Unicorn Books; Start Classics; Neeland Media LLC","1901 - 2024","London; Norfolk",eBook;Book;eAudiobook,"Book::Central: SCIENCE FICTION Wells, H. - On Shelf"
https://catalog.saclibrary.org/GroupedWork/ca8f16bc-3921-86f1-a686-c30c871b0fa7-eng,"David Copperfield","Dickens, Charles, 1812-1870",9780141343822,,"P.F. Collier; Dreamscape Media; Duke Classics; Blackstone Publishing; Open Road Media; Tor Publishing Group; Knopf; Naxos Audiobooks; Canongate Books; Penguin Publishing Group; EdCon Publishing; Sweet Cherry Publishing; Tantor Media, Inc.; Baronet Books; Barron's; Penguin Books; Vij Books India Private Limited; Left of Brain Books; Puffin; Cherish; Dover Publications; Author's Republic; Start Classics; Neeland Media LLC; ABDO Publishing Company","1911 - 2024","New York; New York, N.Y; [S.l.]; London; Hauppauge, NY",eAudiobook;eBook;Book,"Book::Central: FICTION Dickens, C. - On Hold Shelf,Book::South Natomas: FICTION Dickens, C. - On Shelf,Book::North Natomas: FICTION Dickens, C. - On Shelf"
https://catalog.saclibrary.org/GroupedWork/d48c2620-481e-ba33-93d7-d630a0ec25c2-eng,"A Christmas carol","Dickens, Charles, 1812-1870",9781435149106,,"Weathervane Books; Tom Doherty Associates; Interactive Media; Green Integer; DK; Dreamscape Media; Sheba Blake Publishing; Little Simon; Global Publishers; Duke Classics; Scholastic; Blackstone Publishing; Books on Tape; Listening Library; Ragamuffin Productions; Start Publishing LLC; Candlewick Press; Stewart, Tabori & Chang; Librofilio; EdCon Publishing; North-South Books; Creative Education; Treasureword; DavidNiallWilson; Puffin Books, an imprint of Penguin Group (USA); Williams Collins, an imprint of HarperCollinsPublishers; Hodder & Stoughton Limited; HarperCollins; The Faceless Syndicate; Penguin Books; Edicions Perelló; Jovian Press; Tyndale House Publishers; Dover Publications; Warbler Classics; Bantam Books; InAudio; Fall River Press; Start Classics; Puffin Books, 2019","1911 - 2024","New York; Mankato, MN; [Holland, OH]; New York, NY; London; Mankato, Minn; New York, New York; Cambridge, Mass","eAudiobook;Audiobook - CD;Picture Book;eBook;Book","Book::Carmichael: FICTION Dickens, C. - On Shelf,Book::Belle Cooledge: FICTION Dickens, C. - On Shelf,Book::Fair Oaks: FICTION Dickens, C. - On Shelf"
https://catalog.saclibrary.org/GroupedWork/9a403ea8-c818-c3cf-164c-1c27d33b8c74-eng,"The accidental salvation of Gracie Lee","Boerner, Talya Tate",9781940869636,,"Southern Yellow Pine Publishing; Tantor Media, Inc","2016 - 2017","Tallahassee, FL",Book;eAudiobook,
https://catalog.saclibrary.org/GroupedWork/74adaca0-dc8b-b19d-a608-ac2559185a92-eng,"The call of the wild","London, Jack, 1876-1916",9781423646778,,"The Review of Reviews Company; Interactive Media; Sterling; Bendon, Inc; Open Road Media Teen & Tween; Mission Audio; Recorded Books; Lerner Publishing Group; Dreamscape Media; HarperCollins Canada; Duke Classics; Gibbs Smith; Blackstone Publishing; Books on Tape; Tor Publishing Group; F. Watts; Books in Motion; Start Publishing LLC; Distributed by Greenbrier International; Random House/Listening Library; Oxford University Press; Dalmatian Press; EdCon Publishing; Sweet Cherry Publishing; Penguin Random House Children's UK; Post Productions; Aladdin Classics; Independently Published; One Voice Recordings; Baronet Books/Playmore; Phoenix Books, Inc.; OXFORD CHILDRENS; Puffin; Jason Nollan; Spotify Audiobooks; Max Bollinger; Dover Publications; Heritage Press; Author's Republic; Native Publishing House; Warbler Press; ABDO Publishing Company; Findaway Voices","1903 - 2024","New York; Prince Frederick, MD; New York, N.Y; [S.l.]; Westport, Ct; Ashland, Ohio; Layton, Utah; London; Franklin, TN; Chesapeake, VA; Oxford","eAudiobook;Audiobook - CD;eBook;Large Print;Book","Book::Carmichael Children's Area: CHILDREN FICTION London, J. - On Shelf,Book::Central Kids Place - Lower Level: CHILDREN FICTION London, J. - On Shelf,Book::Galt Children's Area: CHILDREN FICTION London, J. - On Hold Shelf"
https://catalog.saclibrary.org/GroupedWork/7a4a28b3-81f6-9469-3240-283ae982562d-eng,"Girls on film: an A-list novel","Dean, Zoey",9780316734752,,"Little Brown; Little, Brown Books for Young Readers","2004 - 2008","New York",eBook;Book,
https://catalog.saclibrary.org/GroupedWork/da806715-4eb5-0980-7a50-d6780d5a28c5-eng,"Great Expectations","Dickens, Charles, 1812-1870",9780141040363,,"Signet Classics; Interactive Media; Book-of-the-Month Club; Recorded Books; Penguin; Lebooks Editora; Reader's Digest Association; Dreamscape Media; Running Press; HarperCollins Canada; Duke Classics; Blackstone Publishing; Books on Tape; Tor Publishing Group; Distributed by Random House; Knopf; The Franklin Library; Canongate Books; Librofilio; Sweet Cherry Publishing; G&D Media; Baronet Books; Nelson Doubleday; Tantor Media; Brilliance Audio; Penguin Classics; Barnes and Noble; Dover Publications; Ft. Raphael Publishing Company; Dodd, Mead; Tantor Media, Inc; Start Classics; ABDO Publishing Company","1947 - 2024","New York; Pleasantville, N.Y; Philadelphia, PA; Prince Frederick, MD; Santa Ana, CA; Franklin Center, PA; Garden City, N. Y; London; [Old Saybrook, Conn.]; Grand Haven, MI","eAudiobook;Audiobook - CD;eBook;Book","Book::Carmichael: FICTION Dickens, C. - Checked Out,Book::Belle Cooledge: FICTION Dickens, C. - Checked Out,Book::Fair Oaks: FICTION Dickens, C. - On Hold Shelf"
https://catalog.saclibrary.org/GroupedWork/0abe40e7-dc60-bdd8-a33a-f95198d7a3e1-eng,"Things I'd rather do than die","Deriso, Christine Hurley, 1961-",9781635830224,,"North Star Editions; Flux; Scribd Audio","2018 - 2021","Mendota Heights, Minnesota",eBook;Book;eAudiobook,
https://catalog.saclibrary.org/GroupedWork/fb136e8f-940e-beb9-4cf9-97ce07c97b24-eng,"Wuthering Heights","Brontë, Emily, 1818-1848",9780061962257,,"Arcturus Publishing Ltd; Signet Classics; Penguin; Reader's Digest Association; Dreamscape Media; Sheba Blake Publishing; Global Publishers; Duke Classics; Blackstone Publishing; Arts & Science Academic Publishing; Tor Publishing Group; Start Publishing LLC; Knopf; Oxford University Press; Harper & Brothers; Librofilio; Canongate Books; BEESQUARE; Barnes & Noble; Sweet Cherry Publishing; G&D Media; Grolier Enterprises Corp; HarperTeen; Dreamscape Media, LLC; HarperLargePrint Classics; Naxos AudioBooks; Left of Brain Books; Jason Nollan; Penguin Classics; Books, Inc; Ft. Raphael Publishing Company; Audio Partners; Author's Republic; SoundCraft Audiobooks; Courage Books; Könemann; Findaway Voices","1848 - 2025","New York; Pleasantville, N.Y; Holland, OH; Philadelphia, PA; Auburn, CA; New York, NY; London; Köln; Danbury, Conn; Oxford","eAudiobook;Audiobook - CD;eBook;Large Print;Book","Book::Elk Grove: FICTION Bronte, E. - On Hold Shelf,Book::Pocket-Greenhaven: FICTION Bronte, E. - On Hold Shelf,Book::Rancho Cordova: FICTION Bronte, E. - In Transit"
https://catalog.saclibrary.org/GroupedWork/99e2c421-9de3-6f97-af8e-d7c9867a993a-eng,"Homesick, my own story","Fritz, Jean",9780399209338,,"Putnam; Blackstone Publishing","1982 - 2014","New York",Book;eAudiobook,
https://catalog.saclibrary.org/GroupedWork/2c26b978-aa13-72c7-68b7-b2e8766a8032-eng,"The sky is mine","Beashel, Amy",9781786078643,,"Tantor Media, Inc.; Minneapolis, Minnesota, USA",2020,London,Book;eAudiobook,
https://catalog.saclibrary.org/GroupedWork/59121721-3d4c-57d5-9003-b9a36509591d-eng,Pollyanna,"Porter, Eleanor H. (Eleanor Hodgman), 1868-1920",9780758799869,,"BBC Audio; Baronet Books; Project Gutenberg; Dreamscape Media; Barnes & Noble Books; Duke Classics; Blackstone Publishing; Oasis Audio; Mint Editions; Erika; Andrews UK; Author's Republic; Naxos Audiobooks; Start Classics; Puffin Books","1992 - 2024","New York; New York, NY; London",eAudiobook;eBook;Book,
https://catalog.saclibrary.org/GroupedWork/92e43af4-b684-c1b7-db5c-042a0bb57e6c-eng,"Ties that bind, ties that break: a novel","Namioka, Lensey",9780385326667,,"Delacorte Press; Blackstone Publishing","1999 - 2013","New York",Book;eAudiobook,
https://catalog.saclibrary.org/GroupedWork/401e6394-ac81-48b8-d8ef-c6e5da0b3c63-eng,"Where I want to be","Griffin, Adele",9780399237836,,"Recorded Books, Inc.; G.P. Putnam's Sons",2005,"New York",Book;eAudiobook,
https://catalog.saclibrary.org/GroupedWork/2cc5b9ca-32b4-a1d1-f8bf-704140694d82-eng,"Cuba 15: a novel","Osa, Nancy",9780385730211,,"Delacorte Press; Tantor Media, Inc","2003 - 2024","New York",Book;eAudiobook,
https://catalog.saclibrary.org/GroupedWork/7eb3277d-1a21-4930-2e6e-aca56dc23f78-eng,"The cupcake queen","Hepler, Heather",9780525421573,,"Vibrance Press; Dutton Children's Books","2009 - 2022","New York",Book;eAudiobook,
https://catalog.saclibrary.org/GroupedWork/cca5af54-2d1b-e8fe-f93e-789dcbfdfe59-eng,"The jungle book","Kipling, Rudyard, 1865-1936",9780766612129,,"Longmeadow Press; Open Road Media Teen & Tween; Modern Publishing; Dreamscape Media; Duke Classics; Mauro Liistro Editore; Global Publishers; Blackstone Publishing; Otbebookpublishing; The Well-Trained Mind Press; dilithium Press; Tor Publishing Group; Macmillan; Start Publishing LLC; HarperCollins Publishers; EdCon Publishing; Barnes & Noble; Arcade Pub; Dreamscape Media, LLC; HarperCollins; Grosset & Dunlap; Novelaris Verlag; Puffin; Doubleday; Aurora Metro Books; Ft. Raphael Publishing Company; Saddleback Educational Publishing; Author's Republic; Native Publishing House; Sterling Pub. Co","1914 - 2024","New York; Holland, OH; New York, N.Y; London; Stamford, Conn; Garden City, N.Y","eAudiobook;Audiobook - CD;eBook;Book","Book::Central Kids Place - Lower Level: CHILDREN FICTION Kipling, R. - On Shelf,Book::Sacramento Room: SPE 828.9 K57j 1914 SPE - Library Use Only"
https://catalog.saclibrary.org/GroupedWork/661bb2ab-cd61-4939-6125-ad1ce72bf7cb-eng,"Together at midnight","Castle, Jennifer",9780062250513,,"HarperCollins; HarperTeen, an imprint of HarperCollinsPublishers",2018,"New York, NY",eBook;Book;eAudiobook,
https://catalog.saclibrary.org/GroupedWork/829e1c99-4cd9-d97c-748f-5c9ef37b7af8-eng,Hidden,"Halahmy, Miriam",9780823436941,,"Holiday House; Dreamscape Media",2016,"New York",Book;eAudiobook,
https://catalog.saclibrary.org/GroupedWork/f7768f25-28a5-b666-8949-0429186e1001-eng,Abigail,"Szabó, Magda, 1917-2007",9781681374086,,"Tantor Media, Inc.; New York Review Books",2020,"New York",Book;eAudiobook,
https://catalog.saclibrary.org/GroupedWork/aa056e42-033d-f97b-aa19-d1dd23272ee8-eng,"The ice garden","Jones, Guy (Children's story writer)",9781338285338,,"Chicken House, Scholastic Inc; Scholastic Inc.",2019,"New York",eBook;Book;eAudiobook,
https://catalog.saclibrary.org/GroupedWork/13bab686-8b12-1549-039d-f5b8b90e7d73-eng,Kidnapped,"Stevenson, Robert Louis, 1850-1894",9780679436386,,"Interactive Media; Penguin; GENERAL PRESS; HarperCollins Canada; Blackstone Publishing; Random House; Otbebookpublishing; Open Road Media; Falcon Press LLC; Tor Publishing Group; Lerner Publishing Group|Lerner Publishing Group; Andrews UK; Xist Publishing; Start Publishing LLC; Knopf; Naxos Audiobooks; Harper and Brothers; HarperCollins Publishers; EdCon Publishing; Tantor Media, Inc.; Baronet Books; Wilder Publications, Inc.; Independently Published; Phoemixx Classics Ebooks; New American Library; Brilliance Audio; Wildside Press LLC; SC Active Business Development SRL; libreka classics; Recorded Books, Inc.; Dover Publications; Warbler Classics; Mint Editions; Saddleback Educational Publishing; Author's Republic; Neeland Media LLC; ABDO Publishing Company; Findaway Voices","1900 - 2025","London; New York; Grand Haven, MI","Audiobook - CD;eBook;Book;eAudiobook",
https://catalog.saclibrary.org/GroupedWork/c817ef08-dbbc-bd74-ca26-dd5f664a535c-eng,"Treasure Island","Stevenson, Robert Louis, 1850-1894",9780451530974,,"Longmeadow Press; Bendon, Inc.; Lauscher Audiobooks; Atheneum Books for Young Readers; Interactive Media; Sterling; Reader's Digest Association; Dreamscape Media; Sheba Blake Publishing; Global Publishers; Barnes & Noble Classics; The Well-Trained Mind Press; Tor Publishing Group; Bendon Publishing International, Inc; Charles Scribner's Sons; Distributed by Random House; Start Publishing LLC; Knopf; Random House/Listening Library; Oxford University Press; Harper and Brothers; Dalmatian Press; HarperCollins Publishers; Librofilio; Canongate Books; EdCon Publishing; Baronet Books/Playmore, Inc; Starry Forest Books; Treasureword; Scribner; Grosset & Dunlap; Penguin Books; Left of Brain Books; Easton Press; Puffin; Findaway Voices","1915 - 2024","New York; Pleasantville, N.Y; Ashland, Ohio; Norwalk, Conn; London; Franklin, TN; Oxford; [Stamford, CT]","Audiobook - CD;eBook;Book;eAudiobook","Book::Rancho Children's Area: CHILDREN FICTION Stevenson, R. - On Shelf,Book::Sacramento Public Library Children: ON ORDER - On Order,Book::Folsom Children's Area: CHILDREN PAPERBACK FICTION S - On Shelf"
https://catalog.saclibrary.org/GroupedWork/d190170d-a3f1-0e54-5e0e-803d514fc19d-eng,"The sun also rises","Hemingway, Ernest, 1899-1961",9780684800714,,"Simon & Schuster Audio; Wilder Publications, Inc.; Book-of-the-Month Club; Lebooks Editora; Lerner Publishing Group; Independently Published; Scribner; Book-Of-The-Month Club; Dreamscape Media; Global Publishers; Duke Classics; Blackstone Publishing; Otbebookpublishing; Jason Nollan; Charles Scribner's Sons; Author's Republic; Librofilio; Scribner Paperback Fiction; Simon & Schuster; Plutonium Press; Findaway Voices","1926 - 2025","[Ashland, Oregon]; New York; New York, N.Y","eAudiobook;Audiobook - CD;eBook;Book","Book::Belle Cooledge: FICTION Hemingway, E. - Checked Out,Book::Rio Linda: FICTION Hemingway, E. - Checked Out,Book::Folsom Adult: FICTION Hemingway, E. - Checked Out"
https://catalog.saclibrary.org/GroupedWork/85ae93a7-f00d-2537-7cdc-1c002e82809a-eng,"Fourth comings: a novel","McCafferty, Megan",9780307346506,,"Crown Publishers; Macmillan Audio","2007 - 2021","New York",Book;eAudiobook,
https://catalog.saclibrary.org/GroupedWork/e19a09d6-6fe1-72d8-2eab-6ba24efcf562-eng,"The sittin' up","Moses, Shelia P",9780399257230,,"G.P. Putnam's Sons, an imprint of Penguin Group (USA) Inc; Dreamscape Media",2014,"New York",Book;eAudiobook,
https://catalog.saclibrary.org/GroupedWork/9cb89319-6658-a195-c371-3b4867c11f38-eng,"Any empire","Powell, Nate",9781603090773,,"IDW Publishing; Top Shelf Productions",2011,"Marietta, Ga","Graphic Novel/Manga;eComic","Graphic Novel/Manga::Sylvan Oaks: GRAPHIC NOVEL Powell, N. - Checked Out"
https://catalog.saclibrary.org/GroupedWork/ee5f1d08-ba4e-36ee-4877-e1147ad32565-eng,"Hide with me: a novel","Banerjee, Sorboni",9780451478351,,"Razorbill; Dreamscape Media","2018 - 2019","[New York]",Book;eAudiobook,
https://catalog.saclibrary.org/GroupedWork/5f12e74d-4855-c4bd-7999-5831c6f5d343-eng,"Words in the dust","Reedy, Trent",9780545261258,,"Arthur A. Levine Books; Scholastic Inc.; Frances Lincoln Children's Books","2011 - 2017","New York",eAudiobook;eBook;Book,
https://catalog.saclibrary.org/GroupedWork/49a1f644-7fd6-a83b-b91c-8e0318d36add-eng,Villette,"Brontë, Charlotte, 1816-1855",9780241198964,,"Arcturus Publishing Ltd; Interactive Media; Lebooks Editora; GENERAL PRESS; HarperCollins Canada; Blackstone Publishing; Otbebookpublishing; Distributed by Random House; Xist Publishing; A. Knopf; Start Publishing LLC; Naxos Audiobooks; Dancing Unicorn Books; Canongate Books; Sweet Cherry Publishing; Wilder Publications, Inc.; Naxos AudioBooks; HarperCollins; Penguin Classics; Recorded Books, Inc.; Dover Publications; Mint Editions; Read Books Ltd.; Blackstone Audiobooks; Arcturus Digital Limited; Neeland Media LLC; Findaway Voices","1992 - 2025","New York; London; Ashland, Or","eAudiobook;Audiobook - CD;eBook;Book","Book::Central: FICTION Bronte, C. - OFF CAMPUS,Book::Elk Grove: FICTION Bronte, C. - Checked Out,Book::Folsom Adult: FICTION Bronte, C. - On Hold Shelf"
https://catalog.saclibrary.org/GroupedWork/c4d36912-b93d-af8d-c41d-299e089c5374-eng,"Flip the script","Lee, Lyla",9780062936936,,"HarperCollins; Katherine Tegen Books, an imprint of HarperCollinsPublishers",2022,"New York, NY",eAudiobook;eBook;Book,"Book::Central Teen Area - 3rd Floor: TEEN FICTION Lee, L. - On Shelf,Book::Franklin Teen: TEEN FICTION Lee, L. - On Shelf,Book::South Natomas Teen Area: TEEN FICTION Lee, L. - On Shelf"
https://catalog.saclibrary.org/GroupedWork/e04aeae2-60a0-e982-b13e-d729e343dd80-eng,"Charmed thirds: a novel","McCafferty, Megan",9781400080427,,"Crown Publishers; Macmillan Audio","2006 - 2021","New York",Book;eAudiobook,
https://catalog.saclibrary.org/GroupedWork/528b3be6-320d-feda-769c-f087b8a2c994-eng,"Summer of '69","Strasser, Todd",9780763695262,,"Recorded Books, Inc.; Candlewick Press","2019 - 2020","Somerville, Massachusetts",eBook;Book;eAudiobook,
https://catalog.saclibrary.org/GroupedWork/b1fe0614-dd83-351e-a095-feee21690a48-eng,"Invisible Emmie","Libenson, Terri",9780062484949,,"BALZER + BRAY, an imprint of HarperCollinsPublishers; HarperCollins",2017,"New York, NY","eComic;Graphic Novel/Manga","Graphic Novel/Manga::Belle Cooledge Children's Area: CHILDREN GRAPHIC NOVEL Emmie & Friends - Checked Out,Graphic Novel/Manga::North Natomas Children's Area: CHILDREN GRAPHIC NOVEL Emmie & Friends - On Shelf,Graphic Novel/Manga::Pocket-Greenhaven Kids' Place: CHILDREN GRAPHIC NOVEL Emmie & Friends - On Hold Shelf"
https://catalog.saclibrary.org/GroupedWork/a83e84d0-5b19-4863-0095-543ab22ad528-eng,Seoulmates,"Lee, Susan, (Novelist)",9781335915788,,"Harlequin Audio; HarlequinAudio; Inkyard Press; Harper Audio",2022,"Toronto, Ontario, Canada; New York, NY","eAudiobook;Audiobook - CD;eBook;Book","Book::Central Teen Area - 3rd Floor: TEEN FICTION Lee, S. - On Shelf,Book::Elk Grove Teen Area: TEEN FICTION Lee, S. - On Shelf,Book::Franklin Teen: TEEN FICTION Lee, S. - On Shelf"
https://catalog.saclibrary.org/GroupedWork/bd60818d-69b4-b770-1e2c-8dc3c6e55367-eng,Shirley,"Brontë, Charlotte, 1816-1855",9780141439860,,"Interactive Media; Wilder Publications, Inc.; Penguin; HarperCollins Canada; Otbebookpublishing; Open Road Media; eBookIt.com; Mint Editions; Read Books Ltd.; Start Publishing LLC; Naxos Audiobooks; Dancing Unicorn Books; HarperCollins Publishers; Neeland Media LLC; Sweet Cherry Publishing","2006 - 2024",London,eBook;Book;eAudiobook,"Book::Elk Grove: FICTION Bronte, C. - Checked Out,Book::Sylvan Oaks: FICTION Bronte, C. - Checked Out"
https://catalog.saclibrary.org/GroupedWork/a08eb5c4-7f53-733f-be41-b0431d47b618-eng,"No boy summer: a novel","Spalding, Amy",9781419757525,,"Recorded Books, Inc.; Abrams; ABRAMS; Amulet Books",2023,"New York",eAudiobook;eBook;Book,"Book::Central Teen Area - 3rd Floor: TEEN FICTION Spalding, A. - On Shelf,Book::Franklin Teen: TEEN FICTION Spalding, A. - On Shelf,Book::South Natomas Teen Area: TEEN FICTION Spalding, A. - Checked Out"
https://catalog.saclibrary.org/GroupedWork/d318ff19-4d6f-f70b-5ee9-b9a68429d508-eng,"Tales from a not-so-secret crush catastrophe","Russell, Rachel Renée",9780605990395,9781508237655,"Simon & Schuster Audio; Aladdin",2017,"New York; [New York]","eAudiobook;Audiobook - CD;Book","Book::Central Kids Place - Lower Level: CHILDREN FICTION Russell, R. - Checked Out,Book::North Natomas Children's Area: CHILDREN FICTION Russell, R. - Checked Out,Book::Wanderer Bookmobile: CHILDREN FICTION Russell, R. - On Shelf"
https://catalog.saclibrary.org/GroupedWork/8fab4893-44d6-d518-f7ea-41b3a88e5d56-eng,"I believe in a thing called love","Goo, Maurene",9780374304041,,"Farrar, Straus and Giroux (BYR); Tantor Media, Inc; Farrar Straus Giroux","2017 - 2020","New York",eAudiobook;Book;eBook,"Book::Belle Cooledge Teen Area: TEEN FICTION Goo, M. - On Shelf,Book::Galt Teen Area: TEEN FICTION Goo, M. - On Shelf,Book::South Natomas Teen Area: TEEN FICTION Goo, M. - On Shelf"
https://catalog.saclibrary.org/GroupedWork/58fb7df0-8e97-08ab-5e24-be4007e6d042-eng,"Mrs. Dalloway","Woolf, Virginia, 1882-1941",9780151009985,,"Dreamscape Media; Global Publishers; Murine Publications LLC; Blackstone Publishing; Penguin Books; Spotify Audiobooks; Harcourt; Distributed by Random House; Start Publishing LLC; Knopf; Author's Republic; Librofilio; Neeland Media LLC","1981 - 2025","New York; San Diego; [New York]",eBook;Book;eAudiobook,"Book::Central: FICTION Woolf, V. - Checked Out,Book::McKinley: FICTION Woolf, V. - Checked Out,Book::Rancho Cordova: FICTION Woolf, V. - Checked Out"
https://catalog.saclibrary.org/GroupedWork/c53e721b-5eee-c1ea-7515-4f7e4d67ead7-eng,"Positively Izzy","Libenson, Terri",9780062484970,,HarperCollins,2018,"New York","Graphic Novel/Manga;eComic","Graphic Novel/Manga::Central Kids Place - Lower Level: CHILDREN GRAPHIC NOVEL Emmie & Friends - In Transit,Graphic Novel/Manga::McClatchy Children's Area: CHILDREN GRAPHIC NOVEL Emmie & Friends - Checked Out,Graphic Novel/Manga::North Natomas Children's Area: CHILDREN GRAPHIC NOVEL Emmie & Friends - On Shelf"
https://catalog.saclibrary.org/GroupedWork/00d1c824-f8f5-01bb-f563-b7a35ce2207f-eng,"Llama, llama red pajama","Dewdney, Anna",9780451474575,,"Viking; Books on Tape; Viking Books for Young Readers; Penguin Young Readers Group","2005 - 2018","New York; [S.l.]; New York, New York","eAudiobook;Picture Book;Read-Along;Board Book;eBook","Picture Book::Central Kids Place - Lower Level: PICTURE BOOK Dewdney, A. - Checked Out,Picture Book::Elk Grove Kids' Place: PICTURE BOOK Dewdney, A. - Checked Out,Picture Book::Fair Oaks Children's Area: PICTURE BOOK Dewdney, A. - Checked Out"
https://catalog.saclibrary.org/GroupedWork/2452df37-53bf-9b04-4b37-f51af8c15c78-eng,"This is not the Jess show","Carey, Anna",9781683691976,,"Quirk Books; Blackstone Publishing","2020 - 2021",Philadelphia,eAudiobook;eBook;Book,"Book::North Natomas: TEEN FICTION Carey, A. - On Shelf,Book::Sylvan Oaks Teen Area: TEEN FICTION Carey, A. - On Shelf,Book::Valley Hi-North Laguna Teen Area: TEEN FICTION Carey, A. - On Shelf"
https://catalog.saclibrary.org/GroupedWork/9c117a9b-abb7-5b74-ec61-f30072e6fbda-eng,"You're going to love this book!","John, Jory",9780374388539,,"Farrar, Straus and Giroux (BYR); Farrar Straus Giroux",2024,"New York","Picture Book;eBook","Picture Book::Carmichael Children's Area: PICTURE BOOK John, J. - In Transit,Picture Book::Central Kids Place - Lower Level: PICTURE BOOK John, J. - On Shelf,Picture Book::Franklin Children's: PICTURE BOOK John, J. - On Shelf"
https://catalog.saclibrary.org/GroupedWork/fbf544cc-1b1b-228f-8288-f1bfaddefbbd-eng,"The chaos of stars","White, Kiersten",9780062135872,,"Tantor Media, Inc.; HarperTeen; HarperCollins; Tantor Media, Inc","2013 - 2020","New York, NY",eAudiobook;eBook;Book,"Book::Arcade Teen Area: TEEN FICTION White, K. - On Shelf,Book::Franklin Teen: TEEN FICTION White, K. - On Shelf,Book::Rancho Cordova: TEEN FICTION White, K. - On Shelf"
https://catalog.saclibrary.org/GroupedWork/70d9a3b1-0376-4b41-9e06-520c4c90f1f2-eng,"Wish upon a K-star","Cho, Kat",9781368103015,,"Disney Hyperion; Disney Hyperion Digital; Hyperion",2025,"Los Angeles",eAudiobook;eBook;Book,"Book::Carmichael Teen Area: TEEN FICTION Cho, K. - On Shelf,Book::Central Teen Area - 3rd Floor: TEEN FICTION Cho, K. - On Hold Shelf,Book::Franklin Teen: TEEN FICTION Cho, K. - On Shelf"
https://catalog.saclibrary.org/GroupedWork/bf19fd7a-dc4d-c513-e28a-22179d64cc74-eng,"Season's eatings","Harrison, Lisi",9781454944584,,"Union Square Kids; Union Square & Co.",2024,"New York",eBook;Book,"Book::Carmichael Children's Area: CHILDREN FICTION Harrison, L. - On Shelf,Book::Central Kids Place - Lower Level: CHILDREN FICTION Harrison, L. - On Shelf,Book::Franklin Children's: CHILDREN FICTION Harrison, L. - Checked Out"
https://catalog.saclibrary.org/GroupedWork/b90c30ef-4d3e-4992-ed7e-8226fb967c33-eng,"The Backstagers and the theater of the ancients","Mientus, Andy",9781419733659,,"Abrams; ABRAMS; Dreamscape Media; Amulet Books","2019 - 2020","New York",eAudiobook;eBook;Book,"Book::Arcade Children's Area: CHILDREN FICTION Mientus, A. - On Shelf,Book::Belle Cooledge Children's Area: CHILDREN FICTION Mientus, A. - On Shelf,Book::Orangevale: CHILDREN FICTION Mientus, A. - On Shelf"
https://catalog.saclibrary.org/GroupedWork/a49b15bf-bcc0-dd78-8d8a-efc8442f8c0e-eng,Showstopper,"Anderson, Lily, 1988-",9781250370396,,"Henry Holt Books for Young Readers; Henry Holt and Co. (BYR); Books on Tape",2025,"New York",eAudiobook;Book;eBook,"Book::Central Teen Area - 3rd Floor: TEEN FICTION Anderson, L. - On Shelf,Book::Colonial Heights: TEEN FICTION Anderson, L. - Checked Out,Book::Elk Grove Teen Area: TEEN FICTION Anderson, L. - On Shelf"
https://catalog.saclibrary.org/GroupedWork/1c244033-1f45-5a68-5c48-5547415bb6dd-eng,"Nothing happened","Booth, Molly",9781484753026,,"Hyperion; Little, Brown Books for Young Readers",2018,"Los Angeles",eBook;Book,"Book::North Natomas: TEEN FICTION Booth, M. - On Shelf,Book::Sacramento Public Library Storage: TEEN FICTION Booth, M. - Checked Out"
https://catalog.saclibrary.org/GroupedWork/57e15fbc-bad7-980b-63b3-e99cb9945194-eng,"Battle of the best friends","Dadey, Debbie",9781442449794,,"Tantor Media, Inc.; Tantor Media, Inc; Aladdin","2012 - 2024","New York",eAudiobook;Book;eBook,
https://catalog.saclibrary.org/GroupedWork/668c8f20-980f-b226-30b7-ead63a42e024-eng,"Becoming Brianna","Libenson, Terri",9780062894540,,"Balzer + Bray, an imprint of HarperCollinsPublishers; HarperCollins",2020,"New York, NY","Graphic Novel/Manga;eComic","Graphic Novel/Manga::Central Kids Place - Lower Level: CHILDREN GRAPHIC NOVEL Emmie & Friends - On Hold Shelf,Graphic Novel/Manga::Colonial Heights Children's Area: CHILDREN GRAPHIC NOVEL Emmie & Friends - On Shelf,Graphic Novel/Manga::Courtland Children's Area: CHILDREN GRAPHIC NOVEL Emmie & Friends - On Shelf"
https://catalog.saclibrary.org/GroupedWork/6cf92a1e-862d-40dd-27c8-83a161601b31-eng,Exile,"Messenger, Shannon",9781442445963,,Aladdin,2013,"New York",eBook;Book,"Book::Courtland Children's Area: CHILDREN FICTION Messenger, S. - Checked Out,Book::Del Paso Heights Children's Area: CHILDREN FICTION Messenger, S. - Checked Out,Book::Fair Oaks Children's Area: CHILDREN FICTION Messenger, S. - Checked Out"
https://catalog.saclibrary.org/GroupedWork/adccf81f-050a-7e31-ea8d-c7d0ffd8e366-eng,"Yours from the tower","Nicholls, Sally, 1983-",9781536223194,,"Recorded Books, Inc.; Candlewick Press; Walker Books",2024,"Somerville, Massachusetts",eAudiobook;Book;eBook,"Book::Carmichael Teen Area: TEEN FICTION Nicholls, S. - On Shelf,Book::Central Teen Area - 3rd Floor: TEEN FICTION Nicholls, S. - On Shelf,Book::Belle Cooledge Teen Area: TEEN FICTION Nicholls, S. - On Shelf"
https://catalog.saclibrary.org/GroupedWork/71f92e8e-5fc2-7546-7acc-d64b6206cedb-eng,"Tiny pretty things","Charaipotra, Sona",9780063056558,,"HarperTeen, an imprint of HarperCollins Publishers; HarperTeen; HarperCollins",2015,"New York, NY",eAudiobook;eBook;Book,"Book::Elk Grove Teen Area: TEEN FICTION Charaipotra, S. - On Shelf,Book::Southgate Teen Area: TEEN FICTION Charaipotra, S. - On Shelf,Book::Sacramento Public Library Storage: TEEN FICTION Charaipotra, S. - On Shelf"
https://catalog.saclibrary.org/GroupedWork/fc0af2b9-7831-8988-d07c-686d6b93d424-eng,"Bob books: Set 2, Advancing beginners","Maslen, Bobby Lynn",9781544429472,,"Scholastic, Inc; Bob Books Publications, LLC; Scholastic Inc","2006 - 2024","New York, NY","Easy Reader;eBook","Easy Reader::Arcade Children's Area: EASY READER 2 Maslen, B. - Checked Out,Easy Reader::Carmichael Children's Area: EASY READER 2 Maslen, B. - Checked Out,Easy Reader::Central Kids Place - Lower Level: EASY READER 2 Maslen, B. - Checked Out"
https://catalog.saclibrary.org/GroupedWork/d392312f-9b5b-4a06-5604-15b4e3e2ae8f-eng,"Heidi Heckelbeck and the wild ride","Coven, Wanda",9781665911283,,"Little Simon",2021,"New York",Book,"Book::Central Kids Place - Lower Level: MOVING UP Coven, W. - On Shelf,Book::Belle Cooledge Children's Area: MOVING UP Coven, W. - Checked Out,Book::Fair Oaks Children's Area: MOVING UP Coven, W. - On Shelf"
https://catalog.saclibrary.org/GroupedWork/5f841629-7825-4908-5023-7070ba5011ef-eng,"Balancing act","Chase, Paula",9781250809391,,"St. Martin's Publishing Group; Macmillan Audio; Wednesday Books",2025,"New York",eAudiobook;Book;eBook,"Book::Central Teen Area - 3rd Floor: TEEN FICTION Chase, P. - On Shelf,Book::Elk Grove Teen Area: TEEN FICTION Chase, P. - On Shelf,Book::Fair Oaks Teen Area: TEEN FICTION Chase, P. - On Shelf"
https://catalog.saclibrary.org/GroupedWork/4275661d-990d-9520-0bd7-057d6f11342a-eng,"Crush stuff: a girl stuff novel","Harrison, Lisi",9781984815019,,"Books on Tape; G.P. Putnam's Sons; Penguin Young Readers Group",2021,"New York",eAudiobook;Book;eBook,"Book::Central Kids Place - Lower Level: CHILDREN FICTION Harrison, L. - Checked Out,Book::Valley Hi-North Laguna Children's Area: CHILDREN FICTION Harrison, L. - Checked Out"
https://catalog.saclibrary.org/GroupedWork/34a80a5b-3bfa-39d6-d39a-317824606f44-eng,Tight,"Maldonado, Torrey",9781524740573,,"Nancy Paulsen Books; Books on Tape",2018,"New York, NY",eAudiobook;Book,"Book::Arden-Dimick Children's Area: CHILDREN FICTION Maldonado, T. - Checked Out,Book::Carmichael Children's Area: CHILDREN FICTION Maldonado, T. - On Shelf,Book::Central Kids Place - Lower Level: CHILDREN FICTION Maldonado, T. - On Shelf"
https://catalog.saclibrary.org/GroupedWork/3859ca84-78ed-1330-e286-ab1cd96356c2-eng,"Nothing fits a dinosaur","Fenske, Jonathan",9781665900669,,"Simon Spotlight",2021,"New York","Easy Reader;eBook","Easy Reader::Carmichael Children's Area: EASY READER 1 Fenske, J. - Checked Out,Easy Reader::Central Kids Place - Lower Level: EASY READER 1 Fenske, J. - On Shelf,Easy Reader::Courtland Children's Area: EASY READER 1 Fenske, J. - On Shelf"
https://catalog.saclibrary.org/GroupedWork/8812750f-cf92-43b4-a8e2-d8ed15b22478-eng,"What is this feeling?","Weber, Robby",9781335009951,,"Harper, an imprint of HarperCollins Publishers; Harlequin Audio; HarlequinAudio; Harlequin",2024,"New York, NY",eAudiobook;eBook;Book,"Book::Colonial Heights: TEEN FICTION Weber, R. - Checked Out,Book::McKinley Children's Area: TEEN FICTION Weber, R. - On Shelf,Book::Pocket-Greenhaven Teen Area: TEEN FICTION Weber, R. - On Shelf"
https://catalog.saclibrary.org/GroupedWork/8b60b3f7-661a-4b1e-f22e-487090fb1a03-eng,Biggie,"Sullivan, Derek E",9780807507278,,"Vibrance Press; Albert Whitman & Company","2015 - 2019","Chicago, Illinois",eBook;Book;eAudiobook,
https://catalog.saclibrary.org/GroupedWork/96cbe0fc-cf14-aeb2-a099-e83eaa7ac840-eng,"Macca the alpaca","Cosgrove, Matt",9781338642148,,"Scholastic Inc.; Scholastic Press",2020,"New York","Picture Book;eBook","Picture Book::Carmichael Children's Area: PICTURE BOOK Cosgrove, M. - On Shelf,Picture Book::South Natomas Children's Area: PICTURE BOOK Cosgrove, M. - On Shelf,Picture Book::Arbuckle Branch Library Children's Collection: E - On Shelf"
https://catalog.saclibrary.org/GroupedWork/cf01f306-3240-1f9c-3491-89774ca8130d-eng,Mine,"Dawson, Delilah S",9780593373224,,"Delacorte Press; Random House Children's Books; Books on Tape",2021,"New York",eAudiobook;Book;eBook,"Book::Pocket-Greenhaven Kids' Place: CHILDREN FICTION Dawson, D. - On Shelf,Book::Barber Branch: CHILDREN FICTION Dawson, D. - On Shelf,Book::Sacramento Public Library Storage: CHILDREN FICTION Dawson, D. - On Shelf"
https://catalog.saclibrary.org/GroupedWork/819c7470-ec7c-d4f6-f170-61a078b1d79f-eng,"How the king of Elfhame learned to hate stories","Black, Holly",9780316540889,,"Hachette Audio; Little, Brown Books for Young Readers; Little, Brown and Company",2020,"New York; New York, NY","eAudiobook;Audiobook - CD;Book;eBook","Book::Carmichael Teen Area: TEEN FICTION Black, H. - Checked Out,Book::Central Teen Area - 3rd Floor: TEEN FICTION Black, H. - On Shelf,Book::Elk Grove Teen Area: TEEN FICTION Black, H. - Checked Out"
https://catalog.saclibrary.org/GroupedWork/19155eb0-7e0b-7490-6931-594231bc7b4f-eng,Great,"Benincasa, Sara",9780062222695,,"HarperTeen; HarperCollins",2014,"New York",eBook;Book,
https://catalog.saclibrary.org/GroupedWork/09d26e3a-522b-b3fc-126a-8cac61977b1a-eng,"Ride or die","Musikavanhu, Gail-Agnes",9781641294201,,"Recorded Books, Inc.; Soho Press; Soho Teen",2023,"New York, NY",eAudiobook;Book;eBook,"Book::Central Teen Area - 3rd Floor: TEEN FICTION Musikavanhu, G. - On Shelf,Book::Franklin Teen: TEEN FICTION Musikavanhu, G. - On Shelf,Book::South Natomas Teen Area: TEEN FICTION Musikavanhu, G. - On Shelf"
https://catalog.saclibrary.org/GroupedWork/abeac3a6-ec67-1db1-abde-b56be6642ed8-eng,"Sasaki and Miyano: 06","Harusono, Sho",9781975341923,,"Yen Press",2022,"New York, NY","Graphic Novel/Manga","Graphic Novel/Manga::Arcade Teen Area: TEEN MANGA Sasaki And v.6 - On Shelf,Graphic Novel/Manga::Carmichael Teen Area: TEEN MANGA Sasaki And v.6 - In Transit,Graphic Novel/Manga::North Natomas: TEEN MANGA Sasaki And v.6 - On Shelf"
https://catalog.saclibrary.org/GroupedWork/1d999d0a-9823-9582-7463-143a9e6d5014-eng,Loveless,"Oseman, Alice",9780008244125,,"Scholastic Audiobooks; Scholastic Inc.; Scholastic Press","2021 - 2022","New York; Jefferson City, MO","eAudiobook;Audiobook - CD;eBook;Book","Book::Belle Cooledge Teen Area: TEEN FICTION Oseman, A. - On Shelf,Book::Franklin Teen: TEEN FICTION Oseman, A. - Checked Out,Book::Arbuckle Branch Library Teen Collection: YA Fic - On Shelf"
https://catalog.saclibrary.org/GroupedWork/7c3e8668-5b2d-98a6-c122-1665e31066a5-eng,"Tales from a not-so-best friend forever","Russell, Rachel Renée",9781534427204,9781508254140,"Simon & Schuster Audio; Aladdin",2019,"New York; [New York]","eAudiobook;Audiobook - CD;Book","Book::Franklin Children's: CHILDREN FICTION Russell, R. - Checked Out,Book::Rio Linda Children's Area: CHILDREN FICTION Russell, R. - On Shelf,Book::Sylvan Oaks Children's Area: CHILDREN FICTION Russell, R. - Checked Out"
https://catalog.saclibrary.org/GroupedWork/47047e6f-6627-4bf8-4448-8c9a2350eabc-eng,"Kings of the court","Hughes, Alison, 1966-",9781459812192,,"Orca Book Publishers",2017,"Victoria, British Columbia",eBook;Book,"Book::Arcade Children's Area: CHILDREN FICTION Hughes, A. - On Shelf,Book::Pocket-Greenhaven Kids' Place: CHILDREN FICTION Hughes, A. - On Shelf"
https://catalog.saclibrary.org/GroupedWork/15969b88-e362-2202-13b4-0cd990645119-eng,"Dating and dragons","Boyce, Kristy",9780593899205,,"Delacorte Romance; Random House Children's Books; Books on Tape",2024,"New York",eAudiobook;eBook;Book,"Book::Rio Linda Teen Area: TEEN FICTION Boyce, K. - On Shelf,Book::Sylvan Oaks Teen Area: TEEN FICTION Boyce, K. - On Shelf,Book::Colusa Main Branch Teen Collection: YA Fic - On Shelf"
https://catalog.saclibrary.org/GroupedWork/b51dae91-da5b-9fa8-afeb-b8e2b84cb779-eng,"New school, new me!","Klein, J. M",9781538381960,,"Enslow Publishing, LLC; West 55 Books, an imprint of Enslow Publishing",2019,"New York",eBook;Book,"Book::Arcade Children's Area: MOVING UP Klein, J. - On Shelf,Book::Carmichael Children's Area: MOVING UP Klein, J. - On Shelf,Book::Elk Grove Kids' Place: MOVING UP Klein, J. - On Shelf"
https://catalog.saclibrary.org/GroupedWork/0d951938-8db8-ca16-fc5e-cb1e960532f9-eng,"Time's up, Tim!","Tarakson, Stella",9781782266440,,"Sweet Cherry Publishing","2020 - 2024",Leicester,Book;eAudiobook,"Book::Fair Oaks Children's Area: MOVING UP Tarakson, S. - On Shelf,Book::Isleton Children's Area: MOVING UP Tarakson, S. - On Shelf,Book::Pocket-Greenhaven Kids' Place: MOVING UP Tarakson, S. - On Shelf"
https://catalog.saclibrary.org/GroupedWork/8d49dc88-a8f7-98ff-91e8-cefc0075d0cf-eng,"Simon vs. the Homo Sapiens agenda","Albertalli, Becky",9780062839701,,"Balzer + Bray, an imprint of HarperCollinsPublishers; HarperCollins",2015,"New York, NY",eAudiobook;eBook;Book,"Book::Galt Teen Area: TEEN FICTION Albertalli, B. - On Shelf,Book::McClatchy Teen Area: TEEN FICTION Albertalli, B. - On Shelf,Book::North Natomas: TEEN FICTION Albertalli, B. - On Shelf"
https://catalog.saclibrary.org/GroupedWork/7a17cc40-a68a-e0f7-160e-60e3b8f41bdc-eng,"A tale of two pretties: a clique novel","Harrison, Lisi",9780606151245,,"Little Brown; Little, Brown Books for Young Readers",2011,"New York",eBook;Book,"Book::Carmichael Teen Area: TEEN FICTION Harrison, , L. - On Shelf,Book::Barber Branch: TEEN FICTION Harrison, L. - On Shelf,Book::Sacramento Public Library Storage: TEEN FICTION Harrison, , L. - On Shelf"
https://catalog.saclibrary.org/GroupedWork/ddd05e6a-70bd-a120-718f-09bb4c669cce-eng,"Setting the stage","Champion, Lindsay",9781645953289,,"Pixel+Ink; Holiday House; Dreamscape Media",2025,"New York, New York",eAudiobook;Book;eBook,"Book::Central Kids Place - Lower Level: CHILDREN FICTION Champion, L. - On Shelf,Book::Elk Grove Kids' Place: CHILDREN FICTION Champion, L. - Checked Out,Book::Rancho Children's Area: CHILDREN FICTION Champion, L. - On Shelf"
https://catalog.saclibrary.org/GroupedWork/a48bb397-6d8c-9bb4-3c39-43d0141801ea-eng,"Loki : a bad god's guide to ruling the world","Stowell, Louie",9781536226317,,"Tantor Media, Inc; Walker Books",2024,"Somerville, Massachusetts",Book;eAudiobook,"Book::Arcade Children's Area: CHILDREN FICTION Stowell, L. - On Shelf,Book::Central Kids Place - Lower Level: CHILDREN FICTION Stowell, L. - On Shelf,Book::Belle Cooledge Children's Area: CHILDREN FICTION Stowell, L. - On Shelf"
https://catalog.saclibrary.org/GroupedWork/9651c6d6-8a57-fd71-f439-a32fa660496d-eng,"The show must go on","Wells, Tina, 1980-",9780593379271,,"Books on Tape; Random House",2022,"New York",eAudiobook;Book,"Book::Central Kids Place - Lower Level: CHILDREN FICTION Wells, T. - On Shelf,Book::Fair Oaks Children's Area: CHILDREN FICTION Wells, T. - On Shelf,Book::Valley Hi-North Laguna Children's Area: CHILDREN FICTION Wells, T. - Checked Out"
https://catalog.saclibrary.org/GroupedWork/6326b970-4476-0cef-c8cb-17c8fad4c468-eng,"Seven minutes in candyland","Wasson, Brian",9780063264656,,"HarperCollins; Quill Tree Books; Quill Tree Books, an imprint of HarperCollinsPublishers",2023,"New York, NY",eAudiobook;eBook;Book,"Book::Arcade Teen Area: TEEN FICTION Wasson, B. - On Shelf,Book::Central Teen Area - 3rd Floor: TEEN FICTION Wasson, B. - On Shelf,Book::Elk Grove Teen Area: TEEN FICTION Wasson, B. - On Shelf"
https://catalog.saclibrary.org/GroupedWork/dc7fe74a-6c62-2945-9dfe-dc222721bf9c-eng,"Henry Hubble's book of troubles","Myer, Andy",9780375991646,,"Delacorte Press; Random House Children's Books",2015,"New York",eBook;Book,"Book::Colonial Heights Children's Area: CHILDREN FICTION Myer, A. - On Shelf"
https://catalog.saclibrary.org/GroupedWork/b7c08b87-8434-beef-948a-41603c04262e-eng,"Fake dates and mooncakes","Lee, Sher",9780593569955,,"Random House Children's Books; Underlined; Books on Tape",2023,"New York",eAudiobook;Book;eBook,"Book::Central Teen Area - 3rd Floor: TEEN FICTION Lee, S. - On Shelf,Book::Courtland Teen Area: TEEN FICTION Lee, S. - On Shelf,Book::Franklin Teen: TEEN FICTION Lee, S. - On Shelf"
https://catalog.saclibrary.org/GroupedWork/c39c78a2-17f5-b5d2-64f9-ade64e6bde8c-eng,"I'm not here to make friends","Yang, Andrew (Young adult novelist)",9780063223271,,"Quill Tree Books; HarperCollins; Quill Tree Books, an imprint of HarperCollinsPublishers",2023,"New York, NY",eAudiobook;eBook;Book,"Book::Central Teen Area - 3rd Floor: TEEN FICTION Yang, A. - On Shelf,Book::North Natomas: TEEN FICTION Yang, A. - Checked Out,Book::Folsom Teen Room: TEEN FICTION Yang, A. - Checked Out"
https://catalog.saclibrary.org/GroupedWork/72157f1d-d4a3-99bc-5834-8ecf10210676-eng,"The showdown","Burkhart, Jessica",9781665912921,,"Aladdin; Simon & Schuster Audio",2023,"New York",eAudiobook;Book,"Book::Arcade Children's Area: CHILDREN FICTION Burkhart, J. - On Shelf,Book::Carmichael Children's Area: CHILDREN FICTION Burkhart, J. - On Shelf,Book::Central Kids Place - Lower Level: CHILDREN FICTION Burkhart, J. - On Shelf"
https://catalog.saclibrary.org/GroupedWork/7cf71bca-0502-9d2e-0a8d-867f03051479-eng,"How to pack for the end of the world","Falkoff, Michelle",9780062680266,,"HarperCollins; HarperTeen, an imprint of HarperCollinsPublishers",2020,"New York, NY",eAudiobook;eBook;Book,"Book::North Natomas: TEEN FICTION Falkoff, M. - On Shelf,Book::Folsom Teen Room: TEEN FICTION Falkoff, M. - On Shelf,Book::Sacramento Public Library Storage: TEEN FICTION Falkoff, M. - On Shelf"
https://catalog.saclibrary.org/GroupedWork/97caf994-f315-216b-6010-2d269caa80a6-eng,"Last one to die","Murphy, Cynthia (YA author)",9780593705544,,"Books on Tape; Delacorte Press",2024,"New York",eAudiobook;Book,"Book::Elk Grove Teen Area: TEEN FICTION Murphy, C. - Checked Out,Book::Galt Teen Area: TEEN FICTION Murphy, C. - On Shelf,Book::North Natomas: TEEN FICTION Murphy, C. - On Shelf"
https://catalog.saclibrary.org/GroupedWork/b96235c3-9d7a-af9c-04d8-c9b26e532c16-eng,"Summer in the city: a Mango Delight story","Hyman, Fracaswell",9781454933946,,"Sterling Children's Books; Union Square & Co.",2020,"New York",eBook;Book,"Book::Elk Grove Kids' Place: CHILDREN FICTION Hyman, F. - On Shelf,Book::Franklin Children's: CHILDREN FICTION Hyman, F. - On Shelf,Book::Rancho Children's Area: CHILDREN FICTION Hyman, F. - On Shelf"
https://catalog.saclibrary.org/GroupedWork/d95b1fdf-25e2-ce73-3912-d2f4aa6cf3d3-eng,Jawbreaker,"Wyman, Christina",9780374389697,,"Farrar, Straus and Giroux (BYR); Farrar Straus Giroux",2023,"New York",eBook;Book,"Book::Arcade Children's Area: CHILDREN FICTION Wyman, C. - On Shelf,Book::Central Kids Place - Lower Level: CHILDREN FICTION Wyman, C. - Checked Out,Book::Franklin Children's: CHILDREN FICTION Wyman, C. - On Shelf"
https://catalog.saclibrary.org/GroupedWork/bdc2692a-e2fc-5e26-ae73-432d1908a76c-eng,"The squad","Soontornvat, Christina",9781338741315,,"Graphix, an imprint of Scholastic, Inc; Scholastic Inc.",2024,"New York","Graphic Novel/Manga;eComic","Graphic Novel/Manga::Carmichael Children's Area: CHILDREN GRAPHIC NOVEL Soontornvat, C. - On Shelf,Graphic Novel/Manga::Central Kids Place - Lower Level: CHILDREN GRAPHIC NOVEL Soontornvat, C. - OFF CAMPUS,Graphic Novel/Manga::Colonial Heights Children's Area: CHILDREN GRAPHIC NOVEL Soontornvat, C. - Checked Out"
https://catalog.saclibrary.org/GroupedWork/f0c829bd-8a72-b544-7807-9d4ebe03b9bb-eng,"A guide to falling off the map","Arnot, Zanni L",9781546138440,,"Scholastic Inc.; Scholastic Press",2025,"New York",eAudiobook;Book;eBook,"Book::Central Teen Area - 3rd Floor: TEEN FICTION Arnot, Z. - On Shelf,Book::Colonial Heights: TEEN FICTION Arnot, Z. - On Shelf,Book::McKinley Children's Area: TEEN FICTION Arnot, Z. - On Shelf"
https://catalog.saclibrary.org/GroupedWork/f1cd7e69-237b-b53d-6e35-4c440f9c0aad-eng,"Making waves","Heart, Lee",9798347103591,,"Simon Spotlight; Simon & Schuster Audio",2026,"New York",eAudiobook;Book;eBook,"Book::Colonial Heights Children's Area: CHILDREN FICTION Heart, L. - On Shelf,Book::Isleton Children's Area: CHILDREN FICTION Heart, L. - On Shelf,Book::McKinley Children's Area: CHILDREN FICTION Heart, L. - On Shelf"
https://catalog.saclibrary.org/GroupedWork/4a6fdb30-968f-03f6-33f4-32ec51f9e893-eng,"Sabotage at Willow Woods","Keene, Carolyn",9781442493926,,"Oasis Audio; Aladdin","2014 - 2015","New York",eAudiobook;Book;eBook,"Book::Belle Cooledge Children's Area: CHILDREN FICTION Keene, C. - Checked Out,Book::McKinley Children's Area: CHILDREN FICTION Keene, C. - Checked Out,Book::Folsom Children's Area: CHILDREN PAPERBACK SERIES N - On Shelf"
https://catalog.saclibrary.org/GroupedWork/3687e8ac-d22d-810e-cd8f-3bdfac4518e6-eng,"Cat Kid comic club","Pilkey, Dav, 1966-",9781338712780,,"Graphix, an imprint of Scholastic; Scholastic Inc.",2020,"New York, NY","eComic;Graphic Novel/Manga","Graphic Novel/Manga::Arden-Dimick Children's Area: CHILDREN GRAPHIC NOVEL Cat Kid v.1 - Checked Out,Graphic Novel/Manga::Central Kids Place - Lower Level: ON ORDER - On Order,Graphic Novel/Manga::Belle Cooledge Children's Area: CHILDREN GRAPHIC NOVEL Cat Kid v.1 - Checked Out"
https://catalog.saclibrary.org/GroupedWork/b0ac1191-3071-32f2-7ccb-703a5bd0c3e8-eng,"Every exquisite thing","Steven, Laura",9781250346797,,"St. Martin's Publishing Group; Macmillan Audio; Wednesday Books",2026,"New York",eAudiobook;Book;eBook,"Book::Carmichael Teen Area: TEEN FICTION Steven, L. - Checked Out,Book::Central Teen Area - 3rd Floor: TEEN FICTION Steven, L. - On Shelf,Book::Colonial Heights: TEEN FICTION Steven, L. - On Shelf"
https://catalog.saclibrary.org/GroupedWork/eb2bf755-07cf-9b31-3e4e-b79f03aa8a8f-eng,Biscuit,"Capucilli, Alyssa Satin, 1957-",9780062029768,,"HarperCollins; HarperCollins Publishers; Harper","1996 - 2017","New York","Easy Reader;eBook","Easy Reader::Carmichael Children's Area: EASY READER 1 Capucilli, A. - Checked Out,Easy Reader::Central Kids Place - Lower Level: EASY READER 1 Capucilli, A. - Checked Out,Easy Reader::South Natomas Children's Area: EASY READER 1 Capucilli, A. - On Shelf"
https://catalog.saclibrary.org/GroupedWork/ceb33683-f388-4ea5-4ff2-605ae3112e35-eng,"Love stories","Eulberg, Elizabeth",9781546176732,,"Scholastic Inc.; Scholastic Inc",2025,"New York, NY",eAudiobook;Book;eBook,"Book::Central Teen Area - 3rd Floor: TEEN FICTION Eulberg, E. - On Shelf,Book::Fair Oaks Teen Area: TEEN FICTION Eulberg, E. - On Shelf,Book::Franklin Teen: TEEN FICTION Eulberg, E. - Checked Out"
https://catalog.saclibrary.org/GroupedWork/655c56f5-0ca2-7d2c-50b1-0df8447095a6-eng,"The perks of being a wallflower","Chbosky, Stephen",9781451696196,,"MTV Books/Gallery Books; Simon & Schuster Audio; Recorded Books,LLC; Recorded Books; MTV Books; Gallery Books","2010 - 2019","New York; Prince Frederick, MD","eAudiobook;Audiobook - CD;eBook;Book","Book::Arcade Teen Area: TEEN FICTION Chbosky, S. - Checked Out,Book::Belle Cooledge Teen Area: TEEN FICTION Chbosky, S. - Checked Out,Book::North Sacramento-Hagginwood Teen Area: TEEN FICTION Chbosky, S. - Checked Out"
https://catalog.saclibrary.org/GroupedWork/acb0e5c6-310d-cb1c-ae96-95c256d88f21-eng,"The three billy goats gruff","Galdone, Paul",9780395288122,,"Houghton Miflin Harcourt; HMH Books; Houghton Mifflin/Clarion Books","1973 - 2011","New York; Boston","Picture Book;eBook","Picture Book::Carmichael Children's Area: PICTURE BOOK Galdone, P. - On Shelf,Picture Book::Central Kids Place - Lower Level: PICTURE BOOK Galdone, P. - On Shelf,Picture Book::Elk Grove Kids' Place: PICTURE BOOK Galdone, P. - On Shelf"
https://catalog.saclibrary.org/GroupedWork/c15f0bae-f01a-d639-6107-9edf265687b8-eng,Broken,"Fang, X",9781774882009,,"Tundra Book Group; Tundra",2025,"Toronto, Ontario","eAudiobook;Picture Book;Read-Along;eBook","Picture Book::Central Kids Place - Lower Level: PICTURE BOOK Fang, X. - Checked Out,Picture Book::North Sacramento-Hagginwood Children's Area: PICTURE BOOK Fang, X. - Checked Out,Picture Book::Orangevale: PICTURE BOOK Fang, X. - On Hold Shelf"
https://catalog.saclibrary.org/GroupedWork/57bbd5ec-d2e9-3d32-539a-bce4daf5f3c1-eng,"Losers bracket","Crutcher, Chris",9780062220066,,"Greenwillow Books; HarperCollins",2018,"New York",eAudiobook;eBook;Book,"Book::Franklin Teen: TEEN FICTION Crutcher, C. - On Shelf,Book::South Natomas Teen Area: TEEN FICTION Crutcher, C. - On Shelf,Book::Sacramento Public Library Storage: TEEN FICTION Crutcher, C. - On Shelf"
https://catalog.saclibrary.org/GroupedWork/85cd2d6c-fe19-00b0-494d-bf6b294247d0-eng,"Real, not perfect","Coleman, Stephanie (Novelist)",9781589977044,,"Tyndale house publishers; Focus on the Family",2021,"Carol Stream, Illinois",eBook;Book,"Book::Arcade Teen Area: TEEN FICTION Coleman, S. - On Shelf,Book::Carmichael Teen Area: TEEN FICTION Coleman, S. - On Shelf,Book::Franklin Teen: TEEN FICTION Coleman, S. - On Shelf"
https://catalog.saclibrary.org/GroupedWork/0b3fe885-0d7e-0abd-4617-9d6c349ee58b-eng,Forsooth,"Matejek-Morris, Jimmy, 1985-",9781728457598,,"Lerner Publishing Group; Carolrhoda Books",2023,Minneapolis,eBook;Book,"Book::Del Paso Heights Children's Area: CHILDREN FICTION Matejek-Morris, J. - On Shelf,Book::McClatchy Children's Area: CHILDREN FICTION Matejek-Morris, J. - On Shelf,Book::North Natomas Children's Area: CHILDREN FICTION Matejek-Morris, J. - On Shelf"
https://catalog.saclibrary.org/GroupedWork/3a71ed5b-f67f-3fad-f0ef-72a59ea2dd73-eng,"Maybe this time","West, Kasie",9781338210088,,"Scholastic Inc.; Scholastic Press",2019,"New York",eAudiobook;eBook;Book,"Book::Central Teen Area - 3rd Floor: TEEN FICTION West, K. - On Shelf,Book::Colonial Heights: TEEN FICTION West, K. - On Shelf,Book::North Natomas: TEEN FICTION West, K. - On Shelf"
https://catalog.saclibrary.org/GroupedWork/c87a55d1-4174-f915-4ff2-c0318af7c837-eng,"How to succeed in witchcraft","Brophy, Aislinn",9780593354520,,"Books on Tape; G.P. Putnam's Sons; Penguin Young Readers Group",2022,"New York",eAudiobook;Book;eBook,"Book::North Natomas: TEEN FICTION Brophy, A. - On Shelf,Book::Sylvan Oaks Teen Area: TEEN FICTION Brophy, A. - On Shelf,Book::Sacramento Public Library Storage: TEEN FICTION Brophy, A. - On Shelf"
https://catalog.saclibrary.org/GroupedWork/39579277-d897-62be-b924-974a33c06042-eng,"Of her own design","Willis, Birdie",9781952303579,,"Maverick; Mad Cave Studios",2024,"Miami, FL","Graphic Novel/Manga;eComic","Graphic Novel/Manga::Carmichael Teen Area: TEEN GRAPHIC NOVEL Willis, B. - On Shelf,Graphic Novel/Manga::Central Teen Area - 3rd Floor: TEEN GRAPHIC NOVEL Willis, B. - On Shelf,Graphic Novel/Manga::Belle Cooledge Teen Area: TEEN GRAPHIC NOVEL Willis, B. - On Shelf"
https://catalog.saclibrary.org/GroupedWork/09e969e3-b69a-cbeb-d34a-3f0ee1075442-eng,"Metropolis Grove","Brockington, Drew",9781779500533,,"DC Comics",2021,"Burbank, CA","Graphic Novel/Manga;eComic","Graphic Novel/Manga::Central Kids Place - Lower Level: CHILDREN GRAPHIC NOVEL Metropolis Grove - On Shelf,Graphic Novel/Manga::Elk Grove Kids' Place: CHILDREN GRAPHIC NOVEL Metropolis Grove - On Shelf,Graphic Novel/Manga::McClatchy Children's Area: CHILDREN GRAPHIC NOVEL Metropolis Grove - On Shelf"
https://catalog.saclibrary.org/GroupedWork/8aed1e3e-9db2-da28-561c-5256a3fe375e-eng,"Grand slam","Green, Tim, 1963-",9781534406711,,"Simon & Schuster Audio; Aladdin",2021,"New York",eAudiobook;Book,"Book::Elk Grove Kids' Place: CHILDREN FICTION Green, T. - On Shelf,Book::Galt Children's Area: CHILDREN FICTION Green, T. - On Shelf,Book::Orangevale: CHILDREN FICTION Green, T. - On Shelf"
https://catalog.saclibrary.org/GroupedWork/b74d57a4-4944-4301-c856-b585754fb4d9-eng,"We all fall down","Szabo, Rose",9780374314323,,"Farrar, Straus and Giroux (BYR); Macmillan Audio; Farrar Straus Giroux",2022,"New York",eAudiobook;Book;eBook,"Book::Arcade Teen Area: TEEN FICTION Szabo, R. - On Shelf,Book::Franklin Teen: TEEN FICTION Szabo, R. - On Shelf,Book::South Natomas Teen Area: TEEN FICTION Szabo, R. - On Shelf"
https://catalog.saclibrary.org/GroupedWork/57123083-ee50-d909-437e-5a97db53165c-eng,"Lexie's little lie","Shevah, Emma",9781492682943,,"Recorded Books, Inc.; Sourcebooks Inc; Sourcebooks Jabberwocky; Sourcebooks",2019,"Naperville, Illinois",eBook;Book;eAudiobook,"Book::Carmichael Children's Area: CHILDREN FICTION Shevah, E. - On Shelf,Book::Belle Cooledge Children's Area: CHILDREN FICTION Shevah, E. - On Shelf,Book::North Natomas Children's Area: CHILDREN FICTION Shevah, E. - Checked Out"
https://catalog.saclibrary.org/GroupedWork/6449ac32-9351-0635-c153-cc19da82da51-eng,"It's really cold outside!","Ziefert, Harriet",9781636550787,,"Red Comet Press; Red Comet Press, LLC",2023,"Brooklyn, NY","Easy Reader;eBook","Easy Reader::Carmichael Children's Area: EASY READER 2 Ziefert, H. - On Shelf,Easy Reader::Colonial Heights Children's Area: EASY READER 2 Ziefert, H. - Checked Out,Easy Reader::Elk Grove Kids' Place: EASY READER 2 Ziefert, H. - Checked Out"
https://catalog.saclibrary.org/GroupedWork/267d01df-cedd-cfd8-71e8-bc2d6fc1b606-eng,"Sweetness & lightning: Vol. 1","Amagakure, Gido",9781632363695,,"Kodansha Comics, an imprint of Kodansha USA Publishing; Kodansha USA",2016,"New York","Graphic Novel/Manga;eComic","Graphic Novel/Manga::Central Teen Area - 3rd Floor: TEEN MANGA Sweetness & v.1 - In Transit,Graphic Novel/Manga::North Natomas: TEEN MANGA Sweetness & v.1 - On Shelf"
https://catalog.saclibrary.org/GroupedWork/b2fd393d-f429-b81d-d816-bdb2d90fbe40-eng,"The gaps","Hall, Leanne, 1977-",9781922330482,,"Text Publishing; OrangeSky Audio","2021 - 2023","Melbourne, Victoria",Book;eAudiobook,"Book::Franklin Teen: TEEN FICTION Hall, L. - Checked Out,Book::Galt Teen Area: TEEN FICTION Hall, L. - On Shelf,Book::South Natomas Teen Area: TEEN FICTION Hall, L. - On Shelf"
https://catalog.saclibrary.org/GroupedWork/9948cf29-dcdb-67db-2556-bab9f2cb61c7-eng,"Rosewood: a midsummer meet cute","DasGupta, Sayantani",9781338797725,,"Scholastic Inc.; Scholastic Press",2023,"New York",eBook;Book;eAudiobook,"Book::Central Teen Area - 3rd Floor: TEEN FICTION DasGupta, S. - On Shelf,Book::Elk Grove Teen Area: TEEN FICTION DasGupta, S. - On Shelf,Book::Rio Linda Teen Area: TEEN FICTION DasGupta, S. - On Shelf"
https://catalog.saclibrary.org/GroupedWork/9cf5b64c-db00-4d04-15af-954ed3b201f0-eng,"Totally crushed","Tracy, Kristen, 1972-",9780553510539,,"Delacorte Press; Random House Children's Books",2017,"New York",eBook;Book,"Book::Elk Grove Kids' Place: CHILDREN FICTION Tracy, K. - On Shelf,Book::Rancho Children's Area: CHILDREN FICTION Tracy, K. - On Shelf,Book::Southgate Children's Area: CHILDREN FICTION Tracy, K. - On Shelf"
https://catalog.saclibrary.org/GroupedWork/6968b38e-abde-9fed-6345-282ae757d426-eng,"Waste of space","Damico, Gina",9780544633162,,"Houghton Mifflin Harcourt; HarperCollins",2017,Boston,eBook;Book,
https://catalog.saclibrary.org/GroupedWork/de37349f-f4de-2e02-6f49-c857f8d6271c-eng,"When Sophie gets angry--really, really angry","Bang, Molly",9781338088441,,"Scholastic Inc.; Blue Sky Press","1999 - 2017","New York","Picture Book;eBook;eAudiobook","Picture Book::Carmichael Children's Area: PICTURE BOOK Bang, M. - On Shelf,Picture Book::Isleton Children's Area: PICTURE BOOK Bang, M. - Checked Out,Picture Book::Rancho Children's Area: PICTURE BOOK Bang, M. - Checked Out"
https://catalog.saclibrary.org/GroupedWork/0a436724-66e2-d480-1250-bf5904b1e801-eng,"Ride on","Hicks, Faith Erin",9781250772817,,"First Second",2022,"New York","Graphic Novel/Manga;eComic","Graphic Novel/Manga::Carmichael Children's Area: CHILDREN GRAPHIC NOVEL Ride On - Checked Out,Graphic Novel/Manga::Central Kids Place - Lower Level: CHILDREN GRAPHIC NOVEL Ride On - Checked Out,Graphic Novel/Manga::Courtland Children's Area: CHILDREN GRAPHIC NOVEL Ride On - Checked Out"
https://catalog.saclibrary.org/GroupedWork/b1a3f9d4-126d-fff7-263e-0194944fc763-eng,"I really want to make lemonade!: a Really Bird story","Ziefert, Harriet",9781636550527,,"Red Comet Press; Red Comet Press, LLC",2023,"Brooklyn, NY","Easy Reader;eBook","Easy Reader::Carmichael Children's Area: EASY READER 2 Ziefert, H. - Checked Out,Easy Reader::Central Kids Place - Lower Level: EASY READER 2 Ziefert, H. - Checked Out,Easy Reader::Del Paso Heights Children's Area: EASY READER 2 Ziefert, H. - Checked Out"
https://catalog.saclibrary.org/GroupedWork/4ca6e77e-bc20-64ff-9562-862ee591f460-eng,"Big Nate: nailed it!","Peirce, Lincoln",9781524879235,,"Andrews McMeel Publishing",2023,"Kansas City, Missouri","Graphic Novel/Manga","Graphic Novel/Manga::Arcade Children's Area: CHILDREN GRAPHIC NOVEL Big Nate - Checked Out,Graphic Novel/Manga::Central Kids Place - Lower Level: CHILDREN GRAPHIC NOVEL Big Nate - Checked Out,Graphic Novel/Manga::Elk Grove Kids' Place: CHILDREN GRAPHIC NOVEL Big Nate - On Shelf"
https://catalog.saclibrary.org/GroupedWork/f95b0036-20dc-25db-b8ea-f9792033f49a-eng,"Cruel summer","Eulberg, Elizabeth",9781546176756,,"Scholastic Inc.; Scholastic Inc",2026,"New York, NY",eAudiobook;Book;eBook,"Book::Central Teen Area - 3rd Floor: TEEN FICTION Eulberg, E. - On Shelf,Book::Fair Oaks Teen Area: TEEN FICTION Eulberg, E. - On Shelf,Book::McKinley Children's Area: TEEN FICTION Eulberg, E. - On Shelf"
https://catalog.saclibrary.org/GroupedWork/f3a84f56-9933-b5fa-5c0c-0ba64ada6fe6-eng,"Darkness falls","Tiernan, Cate",9780316035934,,"Poppy/Little, Brown; Hachette Audio; Little, Brown Books for Young Readers",2012,"New York",eAudiobook;eBook;Book,
https://catalog.saclibrary.org/GroupedWork/315b90a4-85e2-9359-a94b-e78f4fe15427-eng,"Heels, heartache & headlines","Simone, Ni-Ni",9780758288561,,"Dafina Books, Kensington Publishing Corp; Kensington Books",2017,"New York, NY",eBook;Book,"Book::Sylvan Oaks Teen Area: TEEN FICTION Simone, N. - On Shelf"
https://catalog.saclibrary.org/GroupedWork/38c349cb-88bf-b97d-4430-f2bdf977e4b0-eng,"Rise of the ancients","Weinberger, Justin",9781338881929,,"Scholastic Inc.; Scholastic Press",2024,"New York",eAudiobook;Book;eBook,"Book::Carmichael Children's Area: CHILDREN FICTION Weinberger, J. - On Shelf,Book::Central Kids Place - Lower Level: CHILDREN FICTION Weinberger, J. - On Shelf,Book::Fair Oaks Children's Area: CHILDREN FICTION Weinberger, J. - On Shelf"
https://catalog.saclibrary.org/GroupedWork/9e829c5e-fda8-8623-3dd6-3f8fa3dfdde2-eng,"Really Bird, really scared!","Ziefert, Harriet",9781636551043,,"Red Comet Press; Red Comet Press, LLC","2023 - 2024","Brooklyn, NY","Easy Reader;eBook","Easy Reader::Carmichael Children's Area: EASY READER 2 Ziefert, H. - Checked Out,Easy Reader::Central Kids Place - Lower Level: EASY READER 2 Ziefert, H. - On Shelf,Easy Reader::Belle Cooledge Children's Area: EASY READER 2 Ziefert, H. - Checked Out"
https://catalog.saclibrary.org/GroupedWork/f01fe67f-f21c-2f87-52f7-a0498f666b3c-eng,Pet-a-palooza,"Carr, Jan (M. J.)",9781682635360,,"Peachtree; Books on Tape",2024,Atlanta,eAudiobook;Book;eBook,"Book::Central Kids Place - Lower Level: MOVING UP Carr, J. - On Shelf,Book::Franklin Children's: MOVING UP Carr, J. - Checked Out,Book::North Natomas Children's Area: MOVING UP Carr, J. - On Shelf"
https://catalog.saclibrary.org/GroupedWork/35f8f592-0689-7375-ced1-8ad4bfa388cd-eng,"I really want a bigger piece!","Ziefert, Harriet",9781636550190,,"Red Comet Press",2022,"[Brooklyn, New York]","Easy Reader;eBook","Easy Reader::Carmichael Children's Area: EASY READER 2 Ziefert, H. - On Shelf,Easy Reader::Central Kids Place - Lower Level: EASY READER 2 Ziefert, H. - On Shelf,Easy Reader::Elk Grove Kids' Place: EASY READER 2 Ziefert, H. - Checked Out"
https://catalog.saclibrary.org/GroupedWork/3acc085d-aa51-4e6d-ccd8-77cb11e0d778-eng,"Sammy Keyes and the killer cruise","Van Draanen, Wendelin",9780375870545,,"Alfred A. Knopf; Random House Children's Books; Live Oak Media","2013 - 2018","New York",eAudiobook;Book;eBook,"Book::Central Kids Place - Lower Level: CHILDREN FICTION Van Draanen, W. - On Shelf,Book::Sacramento Public Library Storage: CHILDREN FICTION Van Draanen, W. - On Shelf"
https://catalog.saclibrary.org/GroupedWork/71f48f4a-5807-3650-d871-d77d6c00ad7e-eng,"Ophelia after all","Marie, Racquel",9781250797308,,"Recorded Books, Inc.; Feiwel and Friends; Feiwel & Friends",2022,"New York",eAudiobook;Book;eBook,"Book::Central Teen Area - 3rd Floor: TEEN FICTION Marie, R. - On Shelf,Book::Franklin Teen: TEEN FICTION Marie, R. - On Shelf,Book::Sacramento Public Library Storage: TEEN FICTION Marie, R. - On Shelf"
https://catalog.saclibrary.org/GroupedWork/cd086114-fbb7-bb1a-704c-4287c61192c3-eng,"Things we couldn't say","Coles, Jay",9781338734188,,"Scholastic Inc.; Scholastic Press",2021,"New York City",eAudiobook;eBook;Book,"Book::Carmichael Teen Area: TEEN FICTION Coles, J. - On Shelf,Book::Fair Oaks Teen Area: TEEN FICTION Coles, J. - On Shelf,Book::Sacramento Public Library Storage: TEEN FICTION Coles, J. - On Shelf"
https://catalog.saclibrary.org/GroupedWork/328fc0dc-b1c4-b805-1ad7-a194d61cfba9-eng,"The strange wonders of roots","Griffith, Evan",9780063287969,,"HarperCollins; Quill Tree Books; Quill Tree Books, an imprint of HarperCollinsPublishers",2024,"New York, NY",eAudiobook;eBook;Book,"Book::Carmichael Children's Area: CHILDREN FICTION Griffith, E. - On Shelf,Book::Franklin Children's: CHILDREN FICTION Griffith, E. - On Shelf,Book::McKinley Children's Area: CHILDREN FICTION Griffith, E. - On Shelf"
https://catalog.saclibrary.org/GroupedWork/e9cb5079-596c-ab2a-4a3c-a0cb6ff8d793-eng,"The darkest star","Armentrout, Jennifer L",9781250175731,,"Tor Teen; Macmillan Audio; Tor Publishing Group",2018,"New York",eAudiobook;Book;eBook,"Book::Belle Cooledge Teen Area: TEEN FICTION Armentrout, J. - On Shelf,Book::Pocket-Greenhaven Teen Area: TEEN FICTION Armentrout, J. - On Shelf,Book::Colusa Main Branch Teen Collection: YA Fic - On Shelf"
https://catalog.saclibrary.org/GroupedWork/cf129159-3be3-0e33-0bf4-ae26e1ee6074-eng,"The marble queen","Kopp, Anna",9781506728131,,"Dark Horse Books; Dark Horse Comics, LLC.; Dark Horse Comics","2023 - 2024","Milwaukie, OR","Graphic Novel/Manga;eComic","Graphic Novel/Manga::Central Teen Area - 3rd Floor: TEEN GRAPHIC NOVEL Kopp, A. - On Shelf,Graphic Novel/Manga::Elk Grove Teen Area: TEEN GRAPHIC NOVEL Kopp, A. - On Shelf,Graphic Novel/Manga::Pocket-Greenhaven Teen Area: TEEN GRAPHIC NOVEL Kopp, A. - On Shelf"
https://catalog.saclibrary.org/GroupedWork/09698a05-24c2-ee5f-2857-0b95edd39066-eng,Snitch,"Van Diepen, Allison",9781442481657,,"Simon & Schuster Books for Young Readers; Simon Pulse",2013,"New York",eBook;Book,"Book::Belle Cooledge Teen Area: TEEN FICTION Van Diepen, A. - On Shelf,Book::Rio Linda Teen Area: TEEN FICTION Van Diepen, A. - On Shelf"
https://catalog.saclibrary.org/GroupedWork/877fe4b3-2d8b-3be9-c03b-6ebe3c5a69af-eng,"By the book: a novel of prose and cons","Sellet, Amanda",9780358156611,,"Recorded Books, Inc.; Houghton Mifflin Harcourt; HarperCollins",2020,Boston,eAudiobook;eBook;Book,"Book::Elk Grove Teen Area: TEEN FICTION Sellet, A. - On Shelf,Book::Pocket-Greenhaven Teen Area: TEEN FICTION Sellet, A. - On Shelf,Book::Southgate Teen Area: TEEN FICTION Sellet, A. - On Shelf"
https://catalog.saclibrary.org/GroupedWork/14eed698-3624-ac79-f1f3-55137525fc09-eng,"Gnat vs. Spyder","Towers, Andrea",9781524876586,,"Andrews McMeel; Andrews McMeel Publishing",2023,"Kansas City",eBook;Book;eAudiobook,"Book::Galt Children's Area: CHILDREN FICTION Towers, A. - On Shelf,Book::McKinley Children's Area: CHILDREN FICTION Towers, A. - On Shelf,Book::Rio Linda Children's Area: CHILDREN FICTION Towers, A. - On Shelf"
https://catalog.saclibrary.org/GroupedWork/f5ba94cb-e03c-00de-a4d5-e1f9bf7ebd1e-eng,"Miss Liberty","Haley, Erin Moonyeen",9780063360013,,"HarperCollins; Storytide, an imprint of HarperCollinsPublishers",2025,"New York, NY",eAudiobook;Book;eBook,"Book::Central Kids Place - Lower Level: CHILDREN FICTION Haley, E. - On Shelf,Book::Isleton Children's Area: CHILDREN FICTION Haley, E. - On Shelf,Book::Orangevale: CHILDREN FICTION Haley, E. - On Shelf"
https://catalog.saclibrary.org/GroupedWork/00e4955e-c6bc-da28-822d-b5e9a46ef6fb-eng,"Catch you later, traitor: a novel","Avi, 1937-",9781616203597,,"Recorded Books, Inc.; Little, Brown Books for Young Readers; Workman Publishing Company; Algonquin Young Readers",2015,"Chapel Hill, North Carolina",eAudiobook;eBook;Book,"Book::Orangevale: CHILDREN FICTION Avi - On Shelf"
https://catalog.saclibrary.org/GroupedWork/65166fc5-00e9-b623-0b4f-c8ccbf61e362-eng,"Sugar shack","Knisley, Lucy",9780593125502,,"Random House Children's Books; RH Graphic",2025,"New York","eComic;Graphic Novel/Manga","Graphic Novel/Manga::Carmichael Children's Area: CHILDREN GRAPHIC NOVEL Knisley, L. - Checked Out,Graphic Novel/Manga::Central Kids Place - Lower Level: CHILDREN GRAPHIC NOVEL Knisley, L. - On Shelf,Graphic Novel/Manga::Colonial Heights Children's Area: CHILDREN GRAPHIC NOVEL Knisley, L. - On Shelf"
https://catalog.saclibrary.org/GroupedWork/8a23ea7a-e06c-fd2c-db04-947516c6d14f-eng,"I really want to be first!","Ziefert, Harriet",9781636550183,,"Red Comet Press",2022,"[New York]","Easy Reader;eBook","Easy Reader::Carmichael Children's Area: EASY READER 2 Ziefert, H. - On Shelf,Easy Reader::Elk Grove Kids' Place: EASY READER 2 Ziefert, H. - Checked Out,Easy Reader::Folsom Children's Area: EASY READER 2 ZI - On Shelf"
https://catalog.saclibrary.org/GroupedWork/a9a4c7e1-282f-cf7e-9759-f8d640dd34cc-eng,"Facts of life: stories","Soto, Gary",9780547577340,,"HarperCollins; Graphia","2008 - 2012",Boston,eBook;Book,"Book::Arcade Children's Area: CHILDREN FICTION Soto, G. - On Shelf,Book::Carmichael Children's Area: CHILDREN FICTION Soto, G. - On Shelf,Book::Central Kids Place - Lower Level: CHILDREN FICTION Soto, G. - On Shelf"
https://catalog.saclibrary.org/GroupedWork/7bdda884-015a-88d8-a291-071aa57336db-eng,"Death in the spotlight","Stevens, Robin, 1988-",9781665919371,,"Simon & Schuster Books for Young Readers",2023,"New York",eBook;Book,"Book::Central Kids Place - Lower Level: CHILDREN FICTION Stevens, R. - On Shelf,Book::Franklin Children's: CHILDREN FICTION Stevens, R. - On Shelf,Book::Orangevale: CHILDREN FICTION Stevens, R. - On Shelf"
https://catalog.saclibrary.org/GroupedWork/535ab39c-eba9-5a5f-cdfc-2cb6e16babfc-eng,"Dead in the water","Weinberger, Justin",9781338881738,,"Scholastic Inc.; Scholastic Press",2024,"New York",eAudiobook;Book,"Book::Central Kids Place - Lower Level: CHILDREN FICTION Weinberger, J. - On Shelf,Book::Courtland Children's Area: CHILDREN FICTION Weinberger, J. - On Shelf,Book::South Natomas Children's Area: CHILDREN FICTION Weinberger, J. - On Shelf"
https://catalog.saclibrary.org/GroupedWork/9fccd3a7-5641-de94-c391-e2c238761f23-eng,"Wish upon a starfish","Dadey, Debbie",9781481402644,,"Aladdin; Spotlight, a division of ABDO","2015 - 2019","New York; Minneapolis, Minnesota",eBook;Book,"Book::Elk Grove Kids' Place: MOVING UP Dadey, D. - Checked Out,Book::Fair Oaks Children's Area: MOVING UP Dadey, D. - On Shelf,Book::McKinley Children's Area: MOVING UP Dadey, D. - Checked Out"
https://catalog.saclibrary.org/GroupedWork/b5ead392-a49f-51d8-8614-fc61512cad36-eng,"The Pack","Harrison, Lisi",9780593180709,,"Books on Tape; Delacorte Press",2021,"New York",eAudiobook;Book,"Book::Arcade Children's Area: CHILDREN FICTION Harrison, L. - Checked Out,Book::North Natomas Children's Area: CHILDREN FICTION Harrison, L. - On Shelf"
https://catalog.saclibrary.org/GroupedWork/41540497-3f94-9205-1e82-bb8b169a00af-eng,"Sunny days inside and other stories","Adderson, Caroline, 1963-",9781773065724,,"Groundwood Books Ltd; Groundwood Books",2021,Toronto,eAudiobook;eBook;Book,"Book::Arcade Children's Area: CHILDREN FICTION Adderson, C. - On Shelf,Book::Carmichael Children's Area: CHILDREN FICTION Adderson, C. - On Shelf,Book::South Natomas Children's Area: CHILDREN FICTION Adderson, C. - On Shelf"
https://catalog.saclibrary.org/GroupedWork/451407c3-d39e-989a-19e2-2f64fc4f3ab9-eng,"Lucy, uncensored","Hammond, Mel",9780593814055,,"Alfred A. Knopf; Random House Children's Books; Books on Tape",2024,"New York",eAudiobook;Book;eBook,"Book::Arcade Teen Area: TEEN FICTION Hammond, M. - On Shelf,Book::Courtland Teen Area: TEEN FICTION Hammond, M. - On Shelf,Book::Fair Oaks Teen Area: TEEN FICTION Hammond, M. - On Shelf"
https://catalog.saclibrary.org/GroupedWork/2bb1fea2-404c-2d52-b568-9d8b8a004f97-eng,"Different for boys","Ness, Patrick",9781536228892,,"Candlewick Press; Walker Books",2023,"Somerville, Massachusetts",eBook;Book,"Book::Central Teen Area - 3rd Floor: TEEN FICTION Ness, P. - On Shelf,Book::Franklin Teen: TEEN FICTION Ness, P. - On Shelf,Book::Galt Teen Area: TEEN FICTION Ness, P. - On Shelf"
https://catalog.saclibrary.org/GroupedWork/2634b44a-473a-9d71-7cbb-0f0e1619deb5-eng,Descent,"Smith, Roland, 1951-",9780544859760,,"Clarion Books; Houghton Mifflin Harcourt; HarperCollins",2020,Boston,eAudiobook;eBook;Book,"Book::Central Teen Area - 3rd Floor: TEEN FICTION Smith, R. - On Shelf,Book::Sacramento Public Library Storage: TEEN FICTION Smith, R. - Checked Out"
https://catalog.saclibrary.org/GroupedWork/2c3ca6bd-ecf0-4c68-1aeb-8c8c637483ec-eng,"The battle for Skandia","Flanagan, John (John Anthony)",9780142413401,,"Recorded Books, LLC; Philomel Books; Books on Tape; Penguin Young Readers Group","2008 - 2019","New York",eAudiobook;eBook;Book,"Book::Central Teen Area - 3rd Floor: TEEN FICTION Flanagan, J. - On Shelf,Book::Barber Branch: TEEN FICTION Flanagan, J. - On Shelf,Book::Sacramento Public Library Storage: TEEN FICTION Flanagan, J. - Checked Out"
https://catalog.saclibrary.org/GroupedWork/f0ee1b0b-6a40-b202-0d2f-04f0e301ee5f-eng,"The suffering","Chupeco, Rin",9781492629849,,"Sourcebooks; Blackstone Publishing; Sourcebooks Fire","2015 - 2017","Naperville, Illinois",eAudiobook;Book;eBook,
https://catalog.saclibrary.org/GroupedWork/c0d729c9-2746-e30a-472d-6a638f98f58f-eng,Wildlife,"Wood, Fiona (Fiona Anna)",9780316242097,,"Hachette Audio; Little, Brown Books for Young Readers; Poppy, Little, Brown and Company",2014,"New York",eBook;Book;eAudiobook,
https://catalog.saclibrary.org/GroupedWork/0d68fda2-5f45-28cc-02bf-3486b344c2d7-eng,K-Jane,"Kang, Lydia",9780063354623,,"HarperCollins; Quill Tree Books, an imprint of HarperCollins Publishers",2025,"New York",eAudiobook;Book;eBook,"Book::Central Teen Area - 3rd Floor: TEEN FICTION Kang, L. - On Shelf,Book::McKinley Children's Area: TEEN FICTION Kang, L. - Checked Out,Book::Orangevale: TEEN FICTION Kang, L. - On Shelf"
https://catalog.saclibrary.org/GroupedWork/7b974133-e7d2-bad0-e7de-a1141df83196-eng,Operatic,"Maclear, Kyo, 1970-",9781554989720,,"Groundwood Books, House of Anansi Press; Groundwood Books Ltd",2019,Toronto,"eComic;Graphic Novel/Manga","Graphic Novel/Manga::Central Kids Place - Lower Level: CHILDREN GRAPHIC NOVEL MacLear, K. - On Shelf,Graphic Novel/Manga::Franklin Children's: CHILDREN GRAPHIC NOVEL MacLear, K. - On Shelf,Graphic Novel/Manga::North Natomas Children's Area: CHILDREN GRAPHIC NOVEL MacLear, K. - On Shelf"
https://catalog.saclibrary.org/GroupedWork/208d56e9-86ab-589b-09ac-f81ea3f5340e-eng,"Six angry girls","Kisner, Adrienne",9781250253422,,"Feiwel and Friends; Macmillan Audio; Feiwel & Friends",2020,"New York",eAudiobook;Book;eBook,"Book::Galt Teen Area: TEEN FICTION Kisner, A. - On Shelf,Book::North Natomas: TEEN FICTION Kisner, A. - On Shelf,Book::Rancho Cordova: TEEN FICTION Kisner, A. - On Shelf"
https://catalog.saclibrary.org/GroupedWork/2b74588c-5b6e-490f-0086-4502d9d41642-eng,"The silver moon of summer","Howland, Leila",9780062318756,,"HarperCollins; Harper, an imprint of HarperCollinsPublishers","2017 - 2026","New York, NY",eAudiobook;eBook;Book,"Book::Carmichael Children's Area: CHILDREN FICTION Howland, L. - On Shelf,Book::North Natomas Children's Area: CHILDREN FICTION Howland, L. - Checked Out,Book::Sacramento Public Library Storage: CHILDREN FICTION Howland, L. - In Transit"
https://catalog.saclibrary.org/GroupedWork/d16d5ccc-1f47-f021-f224-2eeb8c95a49a-eng,Majesty,"McGee, Katharine",9781984830210,,"Random House Children's Books; Random House; Books on Tape",2020,"New York",eAudiobook;Book;eBook,"Book::Belle Cooledge Teen Area: TEEN FICTION McGee, K. - On Shelf,Book::Fair Oaks Teen Area: TEEN FICTION McGee, K. - On Shelf,Book::Franklin Teen: TEEN FICTION McGee, K. - On Shelf"
https://catalog.saclibrary.org/GroupedWork/24d4eee9-839a-b1b0-2418-56c3dc89b248-eng,"Really Bird, really lucky!","Ziefert, Harriet",9781636551203,,"Red Comet Press",2024,"Brooklyn, NY","Easy Reader;eBook","Easy Reader::Carmichael Children's Area: EASY READER 2 Ziefert, H. - Checked Out,Easy Reader::Colonial Heights Children's Area: EASY READER 2 Ziefert, H. - Checked Out,Easy Reader::Elk Grove Kids' Place: EASY READER 2 Ziefert, H. - Checked Out"
https://catalog.saclibrary.org/GroupedWork/a47a8292-16c7-3ceb-a237-21c2a195c5a4-eng,"Drum roll, please","Bigelow, Lisa Jenn",9780062791146,,"Harper, an imprint of HarperCollins Publishers; HarperCollins",2018,"New York, NY",eBook;Book,"Book::Carmichael Children's Area: CHILDREN FICTION Bigelow, L. - Checked Out,Book::Franklin Children's: CHILDREN FICTION Bigelow, L. - On Shelf,Book::South Natomas Children's Area: CHILDREN FICTION Bigelow, L. - On Shelf"
https://catalog.saclibrary.org/GroupedWork/ed109729-331c-9539-ce8a-b74ec6ed397c-eng,"Classroom of the elite: Year 2. Vol. 4","Kinugasa, Syougo",9781638588177,,Airship,2023,"Santa Barbara",Book,"Book::Elk Grove Teen Area: TEEN FICTION Kinugasa, S. - On Shelf,Book::North Natomas: TEEN FICTION Kinugasa, S. - On Shelf,Book::Rancho Cordova: TEEN FICTION Kinugasa, S. - On Shelf"
https://catalog.saclibrary.org/GroupedWork/713d24fa-c69e-88cb-b4a1-70f5d50eed20-eng,"Shiny broken pieces","Charaipotra, Sona",9780062342423,,"HarperCollins; HarperTeen, an imprint of HarperCollinsPublishers",2016,"New York, NY",eAudiobook;eBook;Book,"Book::Arcade Teen Area: TEEN FICTION Charaipotra, S. - Checked Out,Book::Franklin Teen: TEEN FICTION Charaipotra, S. - On Shelf,Book::Folsom Teen Room: TEEN FICTION Charaipotra, S. - On Shelf"
https://catalog.saclibrary.org/GroupedWork/d9d4be9e-ec00-5bfa-fc7c-caf505e27053-eng,"Medusa the mean","Holub, Joan",9780545450614,,Aladdin,2012,"New York",eBook;Book,"Book::Arcade Children's Area: CHILDREN FICTION Holub, J. - Checked Out,Book::Franklin Children's: CHILDREN FICTION Holub, J. - Checked Out,Book::Orangevale: CHILDREN FICTION Holub, J. - On Shelf"
https://catalog.saclibrary.org/GroupedWork/da8166c9-6d17-2c43-26d5-54d5e50fda3f-eng,"Jasmine Toguchi, peace-maker","Florence, Debbi Michiko",9780374389345,,"Farrar Straus Giroux; Spotify Audiobooks",2023,"New York",Book;eAudiobook,"Book::Carmichael Children's Area: MOVING UP Florence, D. - On Shelf,Book::Central Kids Place - Lower Level: MOVING UP Florence, D. - On Shelf,Book::Courtland Children's Area: MOVING UP Florence, D. - On Shelf"
https://catalog.saclibrary.org/GroupedWork/d3bcee70-079b-46a5-c4c3-e84a7f888839-eng,"Famous in love","Serle, Rebecca",9780316366328,,"Hachette Audio; Little, Brown Books for Young Readers; Little, Brown and Company",2014,"New York",eAudiobook;eBook;Book,"Book::Central Teen Area - 3rd Floor: TEEN FICTION Serle, R. - On Shelf,Book::Courtland Teen Area: TEEN FICTION Serle, R. - On Shelf,Book::Franklin Teen: TEEN FICTION Serle, R. - On Shelf"
https://catalog.saclibrary.org/GroupedWork/bdc0eaff-3d93-bea3-f6b4-705f8d6fa549-eng,"Giant days","Pratt, Non",9781419734885,,"Abrams; ABRAMS; Amulet Books",2018,"New York",eBook;Book,"Book::Franklin Teen: TEEN FICTION Pratt, N. - On Shelf,Book::Sacramento Public Library Storage: TEEN FICTION Pratt, N. - On Shelf"
https://catalog.saclibrary.org/GroupedWork/34ee1e2f-2d6b-7be1-b5bc-a13597627bb5-eng,"Sir Gawain and the Green Knight","Morpurgo, Michael",9780763625191,,"Candlewick Press","2004 - 2015","Cambridge, Mass",eBook;Book,"Book::Carmichael Children's Area: CHILDREN 398.2 M871s 2004 - Checked Out,Book::Belle Cooledge Children's Area: CHILDREN 398.2 M871s 2004 - Checked Out,Book::Southgate Children's Area: CHILDREN 398.2 M871s 2004 - Checked Out"
https://catalog.saclibrary.org/GroupedWork/ba0fa532-0fa1-97cb-86d8-6e2f23f73779-eng,"Pippa Park crush at first sight","Yun, Erin",9781944020804,,"Tantor Media, Inc.; Tantor Media, Inc; Fabled Films Press",2022,"New York",eAudiobook;Book;eBook,"Book::Central Kids Place - Lower Level: CHILDREN FICTION Yun, E. - On Shelf,Book::Colonial Heights Children's Area: CHILDREN FICTION Yun, E. - On Shelf,Book::Courtland Children's Area: CHILDREN FICTION Yun, E. - On Shelf"
https://catalog.saclibrary.org/GroupedWork/fa23b603-5d42-85a6-8f3f-491c522b7288-eng,"Recipe for disaster","Lucido, Aimee",9780358386919,,"Versify; HarperCollins; Versify, Houghton Mifflin Harcourt",2021,Boston,eBook;Book;eAudiobook,"Book::Fair Oaks Children's Area: CHILDREN FICTION Lucido, A. - On Shelf,Book::Franklin Children's: CHILDREN FICTION Lucido, A. - On Shelf,Book::Rancho Children's Area: CHILDREN FICTION Lucido, A. - Checked Out"
https://catalog.saclibrary.org/GroupedWork/2cfaaddc-13f2-f2e9-012b-81e9f17a1ea7-eng,"Really Bird, really good beach party!","Ziefert, Harriet",9781636551364,,"Red Comet Press",2025,"Brooklyn, NY","Easy Reader;eBook","Easy Reader::Carmichael Children's Area: EASY READER 2 Ziefert, H. - Checked Out,Easy Reader::Central Kids Place - Lower Level: EASY READER 2 Ziefert, H. - On Shelf,Easy Reader::Elk Grove Kids' Place: EASY READER 2 Ziefert, H. - Checked Out"
https://catalog.saclibrary.org/GroupedWork/6c316b47-7cb2-0359-b84f-02b0fe7bf40a-eng,"I really want to fly to the moon!","Ziefert, Harriet",9781636550343,,"Red Comet Press",2022,"Brooklyn, NY","Easy Reader;eBook","Easy Reader::Central Kids Place - Lower Level: EASY READER 2 Ziefert, H. - On Shelf,Easy Reader::Colonial Heights Children's Area: EASY READER 2 Ziefert, H. - Checked Out,Easy Reader::Belle Cooledge Children's Area: EASY READER 2 Ziefert, H. - Checked Out"
https://catalog.saclibrary.org/GroupedWork/1d828e5c-ca76-3f59-384f-d0bc0c8c9e23-eng,"The playmakers","Morris, Chad",9781639933839,,"Shadow Mountain Publishing",2025,"[Salt Lake City]",eAudiobook;eBook;Book,"Book::Carmichael Children's Area: CHILDREN FICTION Morris, C. - On Shelf,Book::Central Kids Place - Lower Level: CHILDREN FICTION Morris, C. - On Shelf,Book::Del Paso Heights Children's Area: CHILDREN FICTION Morris, C. - On Shelf"
https://catalog.saclibrary.org/GroupedWork/821d4014-fee7-ab30-522e-f0b23805b47f-eng,"This time will be different","Sugiura, Misa",9780062473448,,"HarperCollins; HarperTeen, an imprint of HarperCollinsPublishers",2019,"New York, NY",eAudiobook;eBook;Book,"Book::Central Teen Area - 3rd Floor: TEEN FICTION Sugiura, M. - On Shelf,Book::Belle Cooledge Teen Area: TEEN FICTION Sugiura, M. - On Shelf,Book::Sacramento Public Library Storage: TEEN FICTION Sugiura, M. - On Shelf"
https://catalog.saclibrary.org/GroupedWork/b5415a02-6733-4074-4c30-d5b7700ff726-eng,"False starts: a Nansi graphic novel","Brundtland, Carl",9781525310058,,"Kids Can Press",2026,"Toronto, ON","Graphic Novel/Manga","Graphic Novel/Manga::Central Kids Place - Lower Level: CHILDREN GRAPHIC NOVEL Nansi v.2 - On Shelf,Graphic Novel/Manga::Franklin Children's: CHILDREN GRAPHIC NOVEL Nansi v.2 - In Transit,Graphic Novel/Manga::North Natomas Children's Area: CHILDREN GRAPHIC NOVEL Nansi v.2 - In Transit"
https://catalog.saclibrary.org/GroupedWork/0d32a222-cf38-33a2-dca8-2d824062b566-eng,"Three drops of blood","McNeil, Gretchen",9781368072151,,"Disney Hyperion; Disney Hyperion Digital; Disney Book Group; Hyperion",2023,"Los Angeles",eAudiobook;eBook;Book,"Book::Arcade Teen Area: TEEN FICTION McNeil, G. - On Shelf,Book::Central Teen Area - 3rd Floor: TEEN FICTION McNeil, G. - On Shelf,Book::Franklin Teen: TEEN FICTION McNeil, G. - On Shelf"
https://catalog.saclibrary.org/GroupedWork/0742bdf9-a733-2807-7d6f-91fabd264fff-eng,"Heart of the city collection: 2, Lost and found","Steenz (Christina Stewart)",9781524879303,,"Andrews McMeel Publishing",2023,"Kansas City","Graphic Novel/Manga","Graphic Novel/Manga::Carmichael Children's Area: CHILDREN GRAPHIC NOVEL Heart v.2 - Checked Out,Graphic Novel/Manga::Central Kids Place - Lower Level: CHILDREN GRAPHIC NOVEL Heart v.2 - On Shelf,Graphic Novel/Manga::North Natomas Children's Area: CHILDREN GRAPHIC NOVEL Heart v.2 - Checked Out"
https://catalog.saclibrary.org/GroupedWork/74e7e762-c389-0a9b-3ae8-97fe21d59ccf-eng,"The towering sky","McGee, Katharine",9780062418654,,"HarperCollins; Harper, an imprint of HarperCollinsPublishers",2018,"New York, NY",eAudiobook;eBook;Book,"Book::Belle Cooledge Teen Area: TEEN FICTION McGee, K. - On Shelf,Book::Rio Linda Teen Area: TEEN FICTION McGee, K. - On Shelf,Book::Sacramento Public Library Storage: TEEN FICTION McGee, K. - On Shelf"
https://catalog.saclibrary.org/GroupedWork/6b11167b-cbe5-c6f7-c324-21dfa7426e74-eng,"Boy like me","Green, Simon James",9781339045870,,"Scholastic Inc.; Scholastic Press",2024,"New York",eAudiobook;Book,"Book::Central Teen Area - 3rd Floor: TEEN FICTION Green, S. - On Shelf,Book::Colonial Heights: TEEN FICTION Green, S. - On Shelf,Book::Franklin Teen: TEEN FICTION Green, S. - On Shelf"
https://catalog.saclibrary.org/GroupedWork/6a05db66-19e7-5fd1-3c96-d6a097c24afe-eng,Upstaged,"Easter, Robin",9780316429429,,"Little, Brown Books for Young Readers; Little, Brown and Company",2024,"New York","Graphic Novel/Manga;eComic","Graphic Novel/Manga::Carmichael Children's Area: CHILDREN GRAPHIC NOVEL Easter, R. - Checked Out,Graphic Novel/Manga::Central Kids Place - Lower Level: CHILDREN GRAPHIC NOVEL Easter, R. - Checked Out,Graphic Novel/Manga::Southgate Children's Area: CHILDREN GRAPHIC NOVEL Easter, R. - On Shelf"
https://catalog.saclibrary.org/GroupedWork/f8d7f8b4-d44c-7df8-7aaf-e826f517deab-eng,"Two-headed chicken: beak to the future","Angleberger, Tom",9781536223224,,"Walker Books US",2023,"Somerville, Massachusetts","Graphic Novel/Manga","Graphic Novel/Manga::Central Kids Place - Lower Level: CHILDREN GRAPHIC NOVEL Two-Headed Chicken v.2 - On Shelf,Graphic Novel/Manga::Belle Cooledge Children's Area: CHILDREN GRAPHIC NOVEL Two-Headed Chicken v.2 - Checked Out,Graphic Novel/Manga::Del Paso Heights Children's Area: CHILDREN GRAPHIC NOVEL Two-Headed Chicken v.2 - Checked Out"
https://catalog.saclibrary.org/GroupedWork/0b15bbb5-c14f-9457-07f6-83b582acc3ef-eng,"No pants!","Grant, Jacob, 1984-",9780593117668,,"Viking; Penguin Young Readers Group",2021,"New York","Picture Book;eBook","Picture Book::Central Kids Place - Lower Level: PICTURE BOOK Grant, J. - Checked Out,Picture Book::Colonial Heights Children's Area: PICTURE BOOK Grant, J. - Checked Out,Picture Book::Fair Oaks Children's Area: PICTURE BOOK Grant, J. - Checked Out"
https://catalog.saclibrary.org/GroupedWork/01a35ea5-aac8-bec2-323d-121ef3c1a92c-eng,"In-between days","Wakefield, Vikki",9781442486560,,"Simon & Schuster BFYR",2016,"New York",Book,"Book::Rio Linda Teen Area: TEEN FICTION Wakefield, V. - On Shelf,Book::Sacramento Public Library Storage: TEEN FICTION Wakefield, V. - On Shelf"
https://catalog.saclibrary.org/GroupedWork/8b46d7b4-e55a-1105-60f6-f1256e23546e-eng,"The Borrowers afield","Norton, Mary",9780439323413,,"Harcourt; Clarion Books; Harcourt, Brace; HarperCollins","1955 - 1998","New York; San Diego",eBook;Book,"Book::Central Kids Place - Lower Level: CHILDREN FICTION Norton, M. - On Shelf,Book::Belle Cooledge Children's Area: CHILDREN FICTION Norton, M. - Checked Out,Book::North Natomas Children's Area: CHILDREN FICTION Norton, M. - On Shelf"
https://catalog.saclibrary.org/GroupedWork/2af023d8-f3f5-a25d-313f-4803cf0b6e86-eng,"Love on paper","Parker, Danielle",9780593565315,,"Joy Revolution; Random House Children's Books; Books on Tape",2025,"New York",eAudiobook;Book;eBook,"Book::Central Teen Area - 3rd Floor: TEEN FICTION Parker, D. - On Shelf,Book::Belle Cooledge Teen Area: TEEN FICTION Parker, D. - Checked Out,Book::Franklin Teen: TEEN FICTION Parker, D. - On Shelf"
https://catalog.saclibrary.org/GroupedWork/8d93dc33-de5e-3bc7-20a7-9bb2b981c511-eng,"Reasons we break","Deo, Jesmeen Kaur",9781368113748,,"Disney Hyperion Digital; Hyperion",2025,"Los Angeles",eAudiobook;Book;eBook,"Book::Central Teen Area - 3rd Floor: TEEN FICTION Deo, J. - On Shelf,Book::Fair Oaks Teen Area: TEEN FICTION Deo, J. - On Shelf,Book::Franklin Teen: TEEN FICTION Deo, J. - Checked Out"
https://catalog.saclibrary.org/GroupedWork/cc5c7561-4d13-3108-8ca7-8bff19de2adb-eng,Bright,"Jung, Jessica, 1989-",9781534462540,,"Simon & Schuster Audio; Simon & Schuster BFYR; Simon & Schuster Books for Young Readers","2021 - 2022","New York; New York, NY","eAudiobook;Audiobook - CD;Book;eBook","Book::North Natomas: TEEN FICTION Jung, J. - On Shelf,Book::Southgate Teen Area: TEEN FICTION Jung, J. - On Shelf,Book::Sylvan Oaks Teen Area: TEEN FICTION Jung, J. - On Shelf"
https://catalog.saclibrary.org/GroupedWork/cd13bfaa-af58-63eb-3990-acced34a0922-eng,Breathless,"Niven, Jennifer",9781524701963,,"Alfred A. Knopf; Random House Children's Books; Books on Tape",2020,"New York",eAudiobook;Book;eBook,"Book::Central Teen Area - 3rd Floor: TEEN FICTION Niven, J. - On Shelf,Book::Rancho Cordova: TEEN FICTION Niven, J. - On Shelf,Book::Sylvan Oaks Teen Area: TEEN FICTION Niven, J. - On Shelf"
https://catalog.saclibrary.org/GroupedWork/142ec6ea-2ecc-65c8-806b-70e587fdce64-eng,"The last summer of the Garrett girls","Spotswood, Jessica",9781492622192,,"Sourcebooks Inc; Sourcebooks; Sourcebooks Fire",2018,"Naperville, Illinois",eBook;Book,"Book::Courtland Teen Area: TEEN FICTION Spotswood, J. - On Shelf,Book::Pocket-Greenhaven Teen Area: TEEN FICTION Spotswood, J. - On Shelf,Book::Rancho Cordova: TEEN FICTION Spotswood, J. - On Shelf"
https://catalog.saclibrary.org/GroupedWork/cd8ca4e0-3713-e048-6c04-a3d57dbe296d-eng,"The way I say it","Tandon, Nancy",9781623541330,,"Charlesbridge; Spotify Audiobooks",2022,"Watertown, MA",eBook;Book;eAudiobook,"Book::Central Kids Place - Lower Level: CHILDREN FICTION Tandon, N. - On Shelf,Book::Elk Grove Kids' Place: CHILDREN FICTION Tandon, N. - On Shelf,Book::Pocket-Greenhaven Kids' Place: CHILDREN FICTION Tandon, N. - On Shelf"
https://catalog.saclibrary.org/GroupedWork/4eb8ef46-297b-75e6-614d-91cda4e45694-eng,"The me you see","Williamson, Jill",9781589977068,,"Focus on the Family, a Focus on the Family Resource published by Tyndale House Publishers; Focus on the Family",2021,"Carol Stream, Illinois",eBook;Book,"Book::Orangevale: TEEN FICTION Williamson, J. - On Shelf,Book::Southgate Teen Area: TEEN FICTION Williamson, J. - On Shelf,Book::Sacramento Public Library Storage: TEEN FICTION Williamson, J. - Checked Out"
https://catalog.saclibrary.org/GroupedWork/0faeec24-ff43-db91-a6fe-5da5b18ef62e-eng,"Pretzel and the puppies","Rey, Margret",9780358468264,,"Houghton Mifflin Harcourt",2022,Boston,"Picture Book","Picture Book::Carmichael Children's Area: PICTURE BOOK Rey, M. - Checked Out,Picture Book::Central Kids Place - Lower Level: PICTURE BOOK Rey, M. - On Shelf,Picture Book::Orangevale: PICTURE BOOK Rey, M. - On Shelf"
https://catalog.saclibrary.org/GroupedWork/3e179946-d10e-43ac-46e7-a14723d1a156-eng,"Broken throne: a Red Queen collection","Aveyard, Victoria",9780062423023,,"HarperTeen, an imprint of HarperCollins Publishiers; HarperCollins",2019,"New York",Book;eAudiobook,"Book::Carmichael Teen Area: TEEN FICTION Aveyard, V. - On Hold Shelf,Book::Central Teen Area - 3rd Floor: TEEN FICTION Aveyard, V. - On Shelf,Book::Del Paso Heights Teen Area: TEEN FICTION Aveyard, V. - On Shelf"
https://catalog.saclibrary.org/GroupedWork/a128c92f-d8e6-d63a-f9cf-759cac26181a-eng,"True love and other impossible odds","Li, Christina",9780063246041,,"HarperCollins; Quill Tree Books; Quill Tree Books, an imprint of HarperCollinsPublishers",2024,"New York, NY",eAudiobook;eBook;Book,"Book::Central Teen Area - 3rd Floor: TEEN FICTION Li, C. - On Shelf,Book::Franklin Teen: TEEN FICTION Li, C. - On Shelf,Book::Orangevale: TEEN FICTION Li, C. - On Shelf"
https://catalog.saclibrary.org/GroupedWork/88f364fc-7809-3c6c-ef73-d4999a84da2d-eng,"Divas don't cry","Simone, Ni-Ni",9780758288585,,"Dafina; Kensington Books",2018,"New York",eBook;Book,"Book::North Natomas: TEEN FICTION Simone, N. - On Shelf"
https://catalog.saclibrary.org/GroupedWork/3856e80f-a5cd-8b40-9c58-35dfbce7b849-eng,"Escape from the great earthquake","Messner, Kate",9780545909839,,"Scholastic Inc.; Scholastic Inc",2017,"New York",eBook;Book,"Book::Arcade Children's Area: CHILDREN FICTION Messner, K. - On Shelf,Book::Carmichael Children's Area: CHILDREN FICTION Messner, K. - On Shelf,Book::Courtland Children's Area: CHILDREN FICTION Messner, K. - On Shelf"
https://catalog.saclibrary.org/GroupedWork/e4651b12-a553-7f0e-ea13-c489b6e48c76-eng,"Shine on, Luz Véliz!","Balcárcel, Rebecca",9781797209678,,"Chronicle Books LLC; Chronicle Books",2022,"San Francisco",eBook;Book,"Book::Carmichael Children's Area: CHILDREN FICTION Balcarcel, R. - On Shelf,Book::Central Kids Place - Lower Level: CHILDREN FICTION Balcarcel, R. - On Shelf,Book::Belle Cooledge Children's Area: CHILDREN FICTION Balcarcel, R. - On Shelf"
https://catalog.saclibrary.org/GroupedWork/630cffae-aa37-f32e-884c-a60fd45ed252-eng,"The world ends in April","McAnulty, Stacy",9781524767617,,"Random House Children's Books; Random House; Books on Tape",2019,"New York",eAudiobook;Book;eBook,"Book::Carmichael Children's Area: CHILDREN FICTION McAnulty, S. - Checked Out,Book::Central Kids Place - Lower Level: CHILDREN FICTION McAnulty, S. - Checked Out,Book::Colonial Heights Children's Area: CHILDREN FICTION McAnulty, S. - Checked Out"
https://catalog.saclibrary.org/GroupedWork/cc1c4fc3-1ba7-7e47-66e5-dd367890d2af-eng,"Mountain upside down","Ryan, Sara",9780593699515,,"Dutton's Children's Books; Books on Tape; Penguin Young Readers Group",2025,"New York, New York",eAudiobook;Book;eBook,"Book::Central Kids Place - Lower Level: CHILDREN FICTION Ryan, S. - On Shelf,Book::Franklin Children's: CHILDREN FICTION Ryan, S. - Checked Out,Book::Pocket-Greenhaven Kids' Place: CHILDREN FICTION Ryan, S. - On Shelf"
https://catalog.saclibrary.org/GroupedWork/f27ae3b9-bc72-6e8d-2c9b-87b71561b62d-eng,Girl/friend,"Wells, Tina, 1980-",9781513209470,,"Turner Publishing Company; West Margin Press","2021 - 2022",[Berkeley],eBook;Book,"Book::Carmichael Children's Area: CHILDREN FICTION Wells, T. - On Shelf,Book::Isleton Children's Area: CHILDREN FICTION Wells, T. - On Shelf,Book::Orangevale: CHILDREN FICTION Wells, T. - On Shelf"
https://catalog.saclibrary.org/GroupedWork/3ca56140-0fe4-acf8-aad6-3ba307e3dabc-eng,"Eleanor Amplified and the trouble with mind control","Sheehan, John, 1981-",9780762498833,,"RP Kids",2021,Philadelphia,Book,"Book::Franklin Children's: CHILDREN FICTION Sheehan, J. - On Shelf,Book::Galt Children's Area: CHILDREN FICTION Sheehan, J. - On Shelf,Book::South Natomas Children's Area: CHILDREN FICTION Sheehan, J. - On Shelf"
https://catalog.saclibrary.org/GroupedWork/c64da5f6-f834-feb3-0666-aeda02ad1dba-eng,"Phoebe and her unicorn: 14, Unicorn playlist","Simpson, Dana, 1977-",9781524868574,,"Andrews McMeel Publishing",2021,"Kansas City, Missouri","Graphic Novel/Manga","Graphic Novel/Manga::Carmichael Children's Area: CHILDREN GRAPHIC NOVEL Phoebe v.14 - Checked Out,Graphic Novel/Manga::Central Kids Place - Lower Level: CHILDREN GRAPHIC NOVEL Phoebe v.14 - Checked Out,Graphic Novel/Manga::Elk Grove Kids' Place: CHILDREN GRAPHIC NOVEL Phoebe v.14 - Checked Out"
https://catalog.saclibrary.org/GroupedWork/ee4eb951-2657-0c6e-1ed7-40d2df2be742-eng,"Nancy Clancy, star of stage and screen","O'Connor, Jane",9780062269645,,"HarperCollins; Harper, an imprint of HarperCollinsPublishers",2015,"New York",eBook;Book,"Book::North Natomas Children's Area: MOVING UP O'Connor, J. - Checked Out,Book::Barber Branch: CHAPTER BOOK O'Connor, J. - On Shelf,Book::Barber Branch: CHILDREN FICTION O'Connor, J. [PAPERBACK] - On Shelf"
https://catalog.saclibrary.org/GroupedWork/9751d182-67b6-24e5-283d-c34382cfab5f-eng,"Vivian Lantz's second chances","Ormsbee, Kathryn",9780063060043,,"HarperCollins; Harper, an imprint of HarperCollinsPublishers",2023,"New York, NY",eAudiobook;eBook;Book,"Book::Central Kids Place - Lower Level: CHILDREN FICTION Ormsbee, K. - Checked Out,Book::Isleton Children's Area: CHILDREN FICTION Ormsbee, K. - On Shelf,Book::Orangevale: CHILDREN FICTION Ormsbee, K. - On Shelf"
https://catalog.saclibrary.org/GroupedWork/12f8c301-ac82-3e79-fbf1-fd5d0c4893d9-eng,"Midnight train","Sage, Angie",9780062875174,,"HarperCollins; Katherine Tegen Books, an imprint of HarperCollinsPublishers",2021,"New York, NY",eAudiobook;eBook;Book,"Book::Carmichael Children's Area: CHILDREN FICTION Sage, A. - On Shelf,Book::Central Kids Place - Lower Level: CHILDREN FICTION Sage, A. - On Shelf,Book::Belle Cooledge Children's Area: CHILDREN FICTION Sage, A. - On Shelf"
https://catalog.saclibrary.org/GroupedWork/6b3ca8ff-e8e7-56bd-1943-bf576fb75b49-eng,"Red as royal blood","Hart, Elizabeth",9780063441118,,"HarperCollins; Harper",2025,"New York",eAudiobook;Book;eBook,"Book::Arcade Teen Area: TEEN FICTION Hart, E. - On Shelf,Book::Fair Oaks Teen Area: TEEN FICTION Hart, E. - On Shelf,Book::McKinley Children's Area: TEEN FICTION Hart, E. - On Shelf"
https://catalog.saclibrary.org/GroupedWork/e2fe9687-cf68-1bb2-8468-bc7de732fe5a-eng,"The new girl","Pascal, Francine",9780593807255,,"Random House Children's Books; RH Graphic",2025,"New York","Graphic Novel/Manga;eComic","Graphic Novel/Manga::Central Kids Place - Lower Level: ON ORDER - On Order,Graphic Novel/Manga::Del Paso Heights Children's Area: CHILDREN GRAPHIC NOVEL Sweet Valley v.6 - Checked Out,Graphic Novel/Manga::Franklin Children's: CHILDREN GRAPHIC NOVEL Sweet Valley v.6 - Checked Out"
https://catalog.saclibrary.org/GroupedWork/ed691c78-03f2-b96d-23bf-23081b1d641f-eng,"Lemons and lies","Castellanos, Alexis",9781547614080,,"Bloomsbury YA; Bloomsbury Publishing",2025,"New York, NY",eAudiobook;Book;eBook,"Book::Belle Cooledge Teen Area: TEEN FICTION Castellanos, A. - On Shelf,Book::Fair Oaks Teen Area: TEEN FICTION Castellanos, A. - Checked Out,Book::Rio Linda Teen Area: TEEN FICTION Castellanos, A. - On Shelf"
https://catalog.saclibrary.org/GroupedWork/75620b2a-d73e-ce0d-3248-dba566495037-eng,Bloodlines,"Mead, Richelle",9781595144737,,"Razorbill; Books on Tape; Penguin Young Readers Group",2011,"New York",eAudiobook;eBook;Book,
https://catalog.saclibrary.org/GroupedWork/e7aa8344-b3c6-a568-b8f1-17729c3bafad-eng,"The Thrashers","Soto, Julie",9781250377173,,"Macmillan Audio; St. Martin's Publishing Group; Wednesday Books",2025,"New York",eAudiobook;eBook;Book,"Book::Arcade Teen Area: TEEN FICTION Soto, J. - Checked Out,Book::Carmichael Teen Area: TEEN FICTION Soto, J. - On Shelf,Book::Central Teen Area - 3rd Floor: TEEN FICTION Soto, J. - Checked Out"
https://catalog.saclibrary.org/GroupedWork/2a68a3bc-0077-684a-32cc-81da26484081-eng,"The singular life of Aria Patel","Ahmed, Samira (Fiction writer)",9780316548687,,"Hachette Audio; Little, Brown Books for Young Readers; Little, Brown and Company",2025,"New York",eAudiobook;Book;eBook,"Book::Central Teen Area - 3rd Floor: TEEN FICTION Ahmed, S. - On Shelf,Book::Colonial Heights: TEEN FICTION Ahmed, S. - On Shelf,Book::South Natomas Teen Area: TEEN FICTION Ahmed, S. - On Shelf"
https://catalog.saclibrary.org/GroupedWork/655ece87-d8d1-c48d-53a5-43cf029f32a8-eng,"Fairest: Levana's story","Meyer, Marissa",9781250060556,,"Feiwel and Friends; Macmillan Audio; Feiwel & Friends",2015,"New York",eAudiobook;Book;eBook,"Book::Carmichael Teen Area: TEEN FICTION Meyer, M. - On Shelf,Book::Belle Cooledge Teen Area: TEEN FICTION Meyer, M. - On Shelf,Book::Courtland Teen Area: TEEN FICTION Meyer, M. - On Shelf"
https://catalog.saclibrary.org/GroupedWork/d44c7020-03ea-1e4a-38c8-16744fb04e24-eng,"The deerslayer","Cooper, James Fenimore, 1789-1851",9781593082116,,"Tantor Media, Inc.; Wilder Publications, Inc.; Tantor Media; HarperCollins Canada; Blackstone Publishing; Otbebookpublishing; Barnes & Noble Classics; libreka classics; Dover Publications; Mint Editions; Bantam Books; Xist Publishing; Start Publishing LLC; Dancing Unicorn Books; HarperCollins Publishers; Neeland Media LLC","1982 - 2021","New York; [Old Saybrook, CT]","Audiobook - CD;eBook;Book;eAudiobook",
https://catalog.saclibrary.org/GroupedWork/f29e1011-3077-4dbb-4ba9-21fab87d89a5-eng,"Pants on fire","Cabot, Meg",9780060880156,,"HarperTeen; HarperCollins; Random House/Listening Library; Books on Tape","2007 - 2009","New York","eAudiobook;Audiobook - CD;eBook;Book",
https://catalog.saclibrary.org/GroupedWork/a8c9b1ab-c0a5-ed52-bf96-c05786d61bc8-eng,"Journey through ash and smoke","Messner, Kate",9780545909785,,"Scholastic Inc.; Scholastic Press",2017,"New York",eBook;Book,"Book::South Natomas Children's Area: CHILDREN FICTION Messner, K. - On Shelf,Book::Sacramento Public Library Children: CHILDREN FICTION Messner, K. - In Processing,Book::Wanderer Bookmobile: CHILDREN FICTION Messner, K. - Checked Out"
https://catalog.saclibrary.org/GroupedWork/40971d0b-3582-adf6-083b-62f88e7eba5e-eng,"Red skies falling","London, Alex",9780374306847,,"Macmillan Audio; Farrar Straus Giroux",2019,"New York",eAudiobook;Book,"Book::Franklin Teen: TEEN FICTION London, A. - On Shelf,Book::Sacramento Public Library Storage: TEEN FICTION London, A. - On Shelf"
https://catalog.saclibrary.org/GroupedWork/34a6f9fe-6e81-45e3-0206-1be17a6e042a-eng,"Invisible ghosts","Schneider, Robyn",9780062568083,,"Katherine Tegen Books; HarperCollins; Katherine Tegen Books, an imprint of HarperCollinsPublishers",2018,"New York, NY",eAudiobook;eBook;Book,
https://catalog.saclibrary.org/GroupedWork/e2630d1e-f944-eecc-59ef-88021e292fea-eng,"Not a drop to drink","McGinnis, Mindy",9780062198501,,"HarperCollins; Katherine Tegen Books, an imprint of HarperCollinsPublishers",2013,"New York",eAudiobook;eBook;Book,"Book::Belle Cooledge Teen Area: TEEN FICTION McGinnis, M. - On Shelf,Book::Rio Linda Teen Area: TEEN FICTION McGinnis, M. - On Shelf,Book::Sacramento Public Library Storage: TEEN FICTION McGinnis, M. - On Shelf"
https://catalog.saclibrary.org/GroupedWork/0953babc-bab8-f244-a206-8caa57adcade-eng,Star-crossed,"Dee, Barbara",9781481478489,,"Books on Tape; Aladdin","2017 - 2020","New York",eAudiobook;Book;eBook,"Book::Central Kids Place - Lower Level: CHILDREN FICTION Dee, B. - In Transit,Book::Courtland Children's Area: CHILDREN FICTION Dee, B. - On Shelf,Book::Folsom Children's Area: CHILDREN FICTION Dee, B. - On Shelf"
https://catalog.saclibrary.org/GroupedWork/5f11114b-5e65-c7d5-0039-d9fb5f0fb230-eng,"Until we meet again","Collins, Renee",9781492621164,,"Sourcebooks Inc; Sourcebooks; Sourcebooks Fire",2015,"Naperville, Illinois",eBook;Book,
https://catalog.saclibrary.org/GroupedWork/e8cc3775-8b33-2c10-a0f6-6e4852eb6821-eng,"You had me at hello world","Wang, Rona",9781534488519,,"Simon & Schuster Audio; Simon & Schuster and Books for Young Readers; Simon & Schuster Books for Young Readers",2025,"New York",eAudiobook;Book;eBook,"Book::Central Teen Area - 3rd Floor: TEEN FICTION Wang, R. - On Shelf,Book::McClatchy Teen Area: TEEN FICTION Wang, R. - On Shelf,Book::South Natomas Teen Area: TEEN FICTION Wang, R. - On Shelf"
https://catalog.saclibrary.org/GroupedWork/9390fc2c-c3c8-3e4a-8ac6-4f18d01dd2f3-eng,"The monstrous child","Simon, Francesca",9780571330270,,"Faber & Faber",2017,London,Book,"Book::Carmichael Children's Area: CHILDREN FICTION Simon, F. - On Shelf,Book::Elk Grove Kids' Place: CHILDREN FICTION Simon, F. - On Shelf"
https://catalog.saclibrary.org/GroupedWork/02e45c40-4ab0-fe9a-819e-dbc9d136de55-eng,"Nell of Gumbling: my extremely normal fairy-tale life","Steinkellner, Emma",9780593570661,,"Labyrinth Road; Random House Children's Books",2023,"New York","Graphic Novel/Manga;eComic","Graphic Novel/Manga::Carmichael Children's Area: CHILDREN GRAPHIC NOVEL Nell v.1 - On Shelf,Graphic Novel/Manga::Central Kids Place - Lower Level: CHILDREN GRAPHIC NOVEL Nell v.1 - Checked Out,Graphic Novel/Manga::Colonial Heights Children's Area: CHILDREN GRAPHIC NOVEL Nell v.1 - Checked Out"
https://catalog.saclibrary.org/GroupedWork/8340dd49-bb28-d24d-69b2-0b79c3684e61-eng,"A different kind of brave","Wind, Lee",9781641609500,,"Chicago Review Press; Duet of Interlude Press, an imprint of Chicago Review Press Incorporated",2024,"Chicago, Illinois",eBook;Book,"Book::Central Teen Area - 3rd Floor: TEEN FICTION Wind, L. - On Shelf,Book::Elk Grove Teen Area: TEEN FICTION Wind, L. - On Shelf,Book::Fair Oaks Teen Area: TEEN FICTION Wind, L. - On Shelf"
https://catalog.saclibrary.org/GroupedWork/ff746d36-e866-c17a-2858-5f7dede01518-eng,"Before we were blue","Schwartz, E. J",9781635830699,,"Vibrance Press; North Star Editions; Flux",2021,"Mendota Heights, Minnesota",eBook;Book;eAudiobook,"Book::Elk Grove Teen Area: TEEN FICTION Schwartz, E. - On Shelf,Book::Franklin Teen: TEEN FICTION Schwartz, E. - On Shelf,Book::North Natomas: TEEN FICTION Schwartz, E. - On Shelf"
https://catalog.saclibrary.org/GroupedWork/eff0cf50-d790-d08b-f091-9c7bd3c34afa-eng,"Friends forever","Wells, Tina",9780061583148,,"HarperCollins; HarperCollinsPublishers",2010,"New York",eBook;Book,
https://catalog.saclibrary.org/GroupedWork/be46db86-3590-0665-5376-ed6aba8a9897-eng,"The show must go on","Gavigan, Jenna",9780762496488,,"Running Press",2020,Philadelphia,eBook;Book,"Book::Rancho Children's Area: CHILDREN FICTION Gavigan, J. - On Shelf,Book::Valley Hi-North Laguna Children's Area: CHILDREN FICTION Gavigan, J. - On Shelf,Book::Sacramento Public Library Storage: CHILDREN FICTION Gavigan, J. - On Shelf"
https://catalog.saclibrary.org/GroupedWork/1e4f4856-2ae5-7ffa-87b8-cf89592e1887-eng,"After hours","Kennedy, Claire",9781481430166,,"Simon Pulse",2015,"New York",Book,"Book::North Natomas: TEEN FICTION Kennedy, C. - On Shelf"
https://catalog.saclibrary.org/GroupedWork/3d5ac672-0bf3-dc6d-1426-c721b3b9ba8b-eng,"This trauma is sponsored","Lindwasser, Anna",9781978598041,,"Enslow Publishing, LLC; West 44 Books, an imprint of Enslow Publishing","2025 - 2026","Buffalo, New York",eBook;Book,"Book::Carmichael Teen Area: TEEN FICTION Lindwasser, A. - On Shelf,Book::Del Paso Heights Teen Area: TEEN FICTION Lindwasser, A. - On Shelf,Book::Fair Oaks Teen Area: TEEN FICTION Lindwasser, A. - On Shelf"
https://catalog.saclibrary.org/GroupedWork/87601aa2-2f16-9e3b-77d9-57f839596dab-eng,"Augmented reality","Appleton, Victor",9781534468900,,Aladdin,2021,"New York",eBook;Book,"Book::Carmichael Children's Area: CHILDREN FICTION Appleton, V. - On Shelf,Book::Franklin Children's: CHILDREN FICTION Appleton, V. - On Shelf,Book::South Natomas Children's Area: CHILDREN FICTION Appleton, V. - On Shelf"
https://catalog.saclibrary.org/GroupedWork/f6046c37-dcd5-d20b-63be-34916b01c9d5-eng,"The education of Kia Greer","Bennett, Alanna",9780593806104,,"Alfred A. Knopf; Random House Children's Books; Books on Tape",2025,"New York",eAudiobook;Book;eBook,"Book::Central Teen Area - 3rd Floor: TEEN FICTION Bennett, A. - On Shelf,Book::McKinley Children's Area: TEEN FICTION Bennett, A. - On Shelf,Book::South Natomas Teen Area: TEEN FICTION Bennett, A. - On Shelf"
https://catalog.saclibrary.org/GroupedWork/5ad15ebd-b2d1-e46a-3491-91a48d353875-eng,"A boy, his dog, and the sea","Browne, Anthony, 1946-",9781536234138,,"Candlewick Press",2024,"Somerville, Massachusets","Picture Book","Picture Book::Central Kids Place - Lower Level: PICTURE BOOK Browne, A. - On Shelf,Picture Book::McKinley Children's Area: PICTURE BOOK Browne, A. - Checked Out,Picture Book::South Natomas Children's Area: PICTURE BOOK Browne, A. - On Shelf"
https://catalog.saclibrary.org/GroupedWork/1ec0bcbf-905f-e6b8-03ba-dd4644f08c9f-eng,"Best day ever","Greenwald, Tommy, 1962-",9781636551173,,"Red Comet Press",2024,Brooklyn,"Easy Reader","Easy Reader::Central Kids Place - Lower Level: EASY READER 2 Greenwald, T. - On Shelf,Easy Reader::McKinley Children's Area: EASY READER 2 Greenwald, T. - Checked Out,Easy Reader::North Natomas Children's Area: EASY READER 2 Greenwald, T. - On Shelf"
https://catalog.saclibrary.org/GroupedWork/f701f631-ab81-128a-4874-32b950bad009-eng,"Pretty dead queens","Donne, Alexa",9780593479827,,"Crown; Random House Children's Books; Books on Tape",2022,"New York",eAudiobook;Book;eBook,
https://catalog.saclibrary.org/GroupedWork/6e82832b-8b1a-5406-2717-5afff6e7a5c6-eng,"The five lives of our cat Zook","Rocklin, Joanne",9781419701924,,"Abrams; ABRAMS; Amulet Books; Books on Tape",2012,"New York",eAudiobook;eBook;Book,"Book::Rancho Children's Area: CHILDREN FICTION Rocklin, J. - On Shelf,Book::Southgate Children's Area: CHILDREN FICTION Rocklin, J. - On Shelf"
https://catalog.saclibrary.org/GroupedWork/fcd00d5c-5c9e-a0ce-1f0f-4421f886b056-eng,"Each and every spark","Swinarski, Claire",9780063321786,,"Quill Tree Books, an imprint of Harper Collins Publishers; HarperCollins",2026,"New York, NY",eAudiobook;Book;eBook,"Book::Carmichael Children's Area: CHILDREN FICTION Swinarski, C. - On Shelf,Book::Central Kids Place - Lower Level: CHILDREN FICTION Swinarski, C. - On Shelf,Book::Isleton Children's Area: CHILDREN FICTION Swinarski, C. - On Shelf"
https://catalog.saclibrary.org/GroupedWork/4cddf370-dd5c-8ff0-7fbb-1133f02725e5-eng,"Nim at sea","Orr, Wendy, 1963-",9780385905350,,"A.A. Knopf; Random House Children's Books","2007 - 2008","New York",eBook;Book,
https://catalog.saclibrary.org/GroupedWork/b2d29613-b900-8929-87e6-4e85fa77e984-eng,"Isabella for real","Palatini, Margie",9780544148468,,"Houghton Mifflin Harcourt; HarperCollins",2016,Boston,eBook;Book,"Book::Fair Oaks Children's Area: CHILDREN FICTION Palatini, M. - On Shelf,Book::Pocket-Greenhaven Kids' Place: CHILDREN FICTION Palatini, M. - On Shelf"
https://catalog.saclibrary.org/GroupedWork/3fc6a50b-fff4-428a-797a-e2b364def27e-eng,"Raymie nightingale","DiCamillo, Kate",9781338120691,,"Thorndike Press, a part of Gale, a Cengage Company; Candlewick Press; Books on Tape","2016 - 2018","Waterville, Maine; Somerville, Massachusetts","eAudiobook;eBook;Large Print;Book","Book::Carmichael Children's Area: CHILDREN FICTION DiCamillo, K. - On Shelf,Book::Central Kids Place - Lower Level: CHILDREN FICTION DiCamillo, K. - Checked Out,Book::Belle Cooledge Children's Area: CHILDREN FICTION DiCamillo, K. - Checked Out"
https://catalog.saclibrary.org/GroupedWork/020e2182-2367-7c4f-7920-4afab2b68519-eng,"Classroom of the elite: Novel 4.5","Kinugasa, Syougo",9781645054375,,"Seven Seas Entertainment",2020,"Los Angeles, CA",Book,"Book::Courtland Teen Area: TEEN FICTION Kinugasa, S. - On Shelf,Book::Franklin Teen: TEEN FICTION Kinugasa, S. - On Shelf,Book::North Natomas: TEEN FICTION Kinugasa, S. - On Shelf"
https://catalog.saclibrary.org/GroupedWork/2b46bfe7-f83f-1c16-d138-a1d1956bedd2-eng,"Radha & Jai's recipe for romance","Sharma, Nisha, 1985-",9780553523294,,"Crown; Random House Children's Books; Books on Tape",2021,"New York",eAudiobook;Book;eBook,"Book::South Natomas Teen Area: TEEN FICTION Sharma, N. - On Shelf,Book::Folsom Teen Room: TEEN FICTION Sharma, N. - On Shelf,Book::Sacramento Public Library Storage: TEEN FICTION Sharma, N. - On Shelf"
https://catalog.saclibrary.org/GroupedWork/72cbbbc1-c40a-a1a9-7933-916656395869-eng,"Faith: Taking Flight","Murphy, Julie",9780062899651,,"Harpercollins Childrens Books; HarperCollins",2020,"New York",eAudiobook;Book,"Book::Arcade Teen Area: TEEN FICTION Murphy, J. - On Shelf,Book::Belle Cooledge Teen Area: TEEN FICTION Murphy, J. - On Shelf,Book::Franklin Teen: TEEN FICTION Murphy, J. - On Shelf"
https://catalog.saclibrary.org/GroupedWork/efd86f8d-5e68-a7bf-b18b-afcb9b90e317-eng,"Nikki on the line","Roberts, Barbara Carroll",9780316521901,,"Hachette Audio; Little, Brown Books for Young Readers; Little, Brown and Company",2019,"New York",eBook;Book;eAudiobook,"Book::Carmichael Children's Area: CHILDREN FICTION Roberts, B. - On Shelf,Book::Elk Grove Kids' Place: CHILDREN FICTION Roberts, B. - On Shelf,Book::Orangevale: CHILDREN FICTION Roberts, B. - On Shelf"
https://catalog.saclibrary.org/GroupedWork/af184001-1bb9-2021-545a-a5c8f98c41f7-eng,"In the company of Killers","Cook, Elora",9780316574150,,"Hachette Audio; Little, Brown Books for Young Readers; Little, Brown and Company",2025,"New York",eAudiobook;Book;eBook,"Book::Courtland Teen Area: TEEN FICTION Cook, E. - On Shelf,Book::North Natomas: TEEN FICTION Cook, E. - On Shelf,Book::Southgate Teen Area: TEEN FICTION Cook, E. - On Shelf"
https://catalog.saclibrary.org/GroupedWork/e74586ee-e794-e851-751c-1007fc5ff18d-eng,"Storm from the east","Hathaway, Joanna",9780765396440,,"Tor Teen; Macmillan Audio",2020,"New York",eAudiobook;Book,"Book::Belle Cooledge Teen Area: TEEN FICTION Hathaway, J. - On Shelf,Book::Franklin Teen: TEEN FICTION Hathaway, J. - Checked Out,Book::Sacramento Public Library Storage: TEEN FICTION Hathaway, J. - On Shelf"
https://catalog.saclibrary.org/GroupedWork/32c47efd-e2d9-3e2a-f0b7-f8bd9c554e95-eng,"A year down yonder","Peck, Richard, 1934-",9780803725188,,"Random House; Books on Tape; Dial Books for Young Readers; Penguin Young Readers Group","2000 - 2006","New York; [New York, N.Y.]","eAudiobook;Audiobook - CD;Book;eBook","Book::Rancho Children's Area: CHILDREN FICTION Peck, R. - On Hold Shelf,Book::Barber Branch: CHILDREN FICTION Peck, R. [NEWBERY] - On Shelf,Book::Franklin Children's: CHILDREN FICTION Peck, R. - On Shelf"
https://catalog.saclibrary.org/GroupedWork/07df0d3e-9087-f09f-35a7-52b81987d470-eng,"Not your idol: 1","Makino, Aoi",9781974715169,,"VIZ Media LLC",2020,"San Francisco, California","Graphic Novel/Manga","Graphic Novel/Manga::Central Teen Area - 3rd Floor: TEEN MANGA Not Your v.1 - On Shelf,Graphic Novel/Manga::Franklin Teen: TEEN MANGA Not Your v.1 - On Shelf,Graphic Novel/Manga::Valley Hi-North Laguna Teen Area: TEEN MANGA Not Your v.1 - On Shelf"
https://catalog.saclibrary.org/GroupedWork/185290a9-658f-c68f-d894-9784b1403c88-eng,"Searching for normal","Darlington, C. J",9781589977051,,"Focus on the Family",2021,"Colorado Springs, CO",Book,"Book::Carmichael Teen Area: TEEN FICTION Darlington, C. - On Shelf,Book::Colonial Heights: TEEN FICTION Darlington, C. - Checked Out,Book::Fair Oaks Teen Area: TEEN FICTION Darlington, C. - Checked Out"
https://catalog.saclibrary.org/GroupedWork/cd7b4293-c253-085d-e440-e6f81e6ff6d7-eng,"Artie and the wolf moon","Stephens, Olivia",9781728420202,,"Graphic Universe; Lerner Publishing Group",2021,"Minneapolis, MN","eComic;Graphic Novel/Manga","Graphic Novel/Manga::Central Kids Place - Lower Level: CHILDREN GRAPHIC NOVEL Stephens, O. - On Shelf,Graphic Novel/Manga::Elk Grove Kids' Place: CHILDREN GRAPHIC NOVEL Stephens, O. - Checked Out,Graphic Novel/Manga::Franklin Children's: CHILDREN GRAPHIC NOVEL Stephens, O. - On Shelf"
https://catalog.saclibrary.org/GroupedWork/697c188b-7f94-c177-ed3d-a9c62873375b-eng,"Sweet temptation","Higgins, Wendy",9780062381422,,"HarperCollins; HarperTeen, an imprint of HarperCollinsPublishers",2015,"New York",eAudiobook;eBook;Book,
https://catalog.saclibrary.org/GroupedWork/2c4eda28-999d-28aa-3c66-d8e143d69214-eng,"Love craves cardamom","Avachat, Aashna",9780593571583,,"Joy Revolution; Random House Children's Books; Books on Tape",2025,"New York",eAudiobook;Book;eBook,"Book::Carmichael Teen Area: TEEN FICTION Avachat, A. - On Shelf,Book::Central Teen Area - 3rd Floor: TEEN FICTION Avachat, A. - On Shelf,Book::Elk Grove Teen Area: TEEN FICTION Avachat, A. - On Shelf"
https://catalog.saclibrary.org/GroupedWork/bafe8162-9c2b-8c45-6165-88212a6dada1-eng,"Open road summer","Lord, Emery",9781681195933,,"Walker Books, an imprint of Bloomsbury; Bloomsbury Publishing",2014,"New York",eBook;Book,"Book::Elk Grove Teen Area: TEEN FICTION Lord, E. - Checked Out,Book::Franklin Teen: TEEN FICTION Lord, E. - On Shelf,Book::Pocket-Greenhaven Teen Area: TEEN FICTION Lord, E. - On Shelf"
https://catalog.saclibrary.org/GroupedWork/40634bd8-da4e-99a1-f694-f198aa91a95a-eng,"Again!!: No. 10","Kubo, Mitsurō, 1975-",9781632367822,,"Kodansha Comics, an imprint of Kodansha USA Publishing, LLC",2019,"New York","Graphic Novel/Manga","Graphic Novel/Manga::McClatchy Teen Area: TEEN MANGA Again!! v.10 - On Shelf,Graphic Novel/Manga::North Natomas: TEEN MANGA Again!! v.10 - On Shelf,Graphic Novel/Manga::Sacramento Public Library Storage: TEEN MANGA Again!! v.10 - On Shelf"
https://catalog.saclibrary.org/GroupedWork/ae7585ad-a581-2ccf-7342-a5e8f9c6000e-eng,"Royal blood","Carter, Aimée, 1986-",9780593485897,,"Delacorte Press; Random House Children's Books; Books on Tape",2023,"New York",eAudiobook;Book;eBook,"Book::Central Teen Area - 3rd Floor: TEEN FICTION Carter, A. - On Shelf,Book::North Natomas: TEEN FICTION Carter, A. - On Shelf,Book::Pocket-Greenhaven Teen Area: TEEN FICTION Carter, A. - On Shelf"
https://catalog.saclibrary.org/GroupedWork/7068a3f1-06ec-204d-5e40-496704a496b4-eng,"Something kindred","Burch, Ciera",9780374389130,,"Farrar, Straus and Giroux (BYR); Farrar Straus Giroux",2024,"New York",eBook;Book,"Book::Central Teen Area - 3rd Floor: TEEN FICTION Burch, C. - On Shelf,Book::Elk Grove Teen Area: TEEN FICTION Burch, C. - On Shelf,Book::Franklin Teen: TEEN FICTION Burch, C. - On Shelf"
https://catalog.saclibrary.org/GroupedWork/688f291d-6ed1-723c-b814-f1d7c4108a2f-eng,"Out of darkness","Pérez, Ashley Hope",9781467742023,9780735289475,"Listening Library; Carolrhoda Lab; Lerner Publishing Group; Holiday House; Books on Tape","2015 - 2016","New York; Minneapolis; [New York]","eAudiobook;Audiobook - CD;eBook;Book","Book::Carmichael Teen Area: TEEN FICTION Pérez, A. - On Shelf,Book::Belle Cooledge Teen Area: TEEN FICTION Pérez, A. - On Shelf,Book::Franklin Teen: TEEN FICTION Pérez, A. - On Shelf"
https://catalog.saclibrary.org/GroupedWork/ed833df1-fe11-119b-9535-06547255723f-eng,"I'll be the one","Lee, Lyla",9780062936929,,"Katherine Tegen Books; HarperCollins; Katherine Tegen Books, an imprint of HarperCollins Publishers",2020,"New York, NY",eAudiobook;eBook;Book,"Book::Pocket-Greenhaven Teen Area: TEEN FICTION Lee, L. - On Shelf,Book::Rio Linda Teen Area: TEEN FICTION Lee, L. - In Transit,Book::Sacramento Public Library Storage: TEEN FICTION Lee, L. - On Shelf"
https://catalog.saclibrary.org/GroupedWork/bb358c42-c2a2-347b-71d4-f72dc79d8fd6-eng,"Night shadows","DaCosta, Barbara",9781644210246,,"Seven Stories Press; Triangle Square Books for Young Readers, Seven Stories Press",2021,"New York","Picture Book;eBook","Picture Book::Courtland Children's Area: PICTURE BOOK DaCosta, B. - On Shelf,Picture Book::McKinley Children's Area: PICTURE BOOK DaCosta, B. - On Shelf,Picture Book::North Natomas Children's Area: PICTURE BOOK DaCosta, B. - On Shelf"
https://catalog.saclibrary.org/GroupedWork/af351165-dac6-760f-340a-3ff4615fcea6-eng,"Once upon a K-prom","Cho, Kat",9781368064644,,"Disney Hyperion; Disney Hyperion Digital; Disney Book Group; Hyperion",2022,"Los Angeles",eAudiobook;eBook;Book,"Book::Franklin Teen: TEEN FICTION Cho, K. - On Shelf,Book::Orangevale: TEEN FICTION Cho, K. - On Shelf,Book::Arbuckle Branch Library Teen Collection: YA Fic - On Shelf"
https://catalog.saclibrary.org/GroupedWork/30eeb25d-e24c-d73d-be98-cdf6f138f2fe-eng,"Milla takes charge","Soderberg, Erin",9780736439244,,"Random House Children's Books; Random House",2018,"New York",eBook;Book,"Book::Arcade Children's Area: CHILDREN FICTION Soderberg, E. - On Shelf,Book::Carmichael Children's Area: CHILDREN FICTION Soderberg, E. - On Shelf,Book::Elk Grove Kids' Place: CHILDREN FICTION Soderberg, E. - On Shelf"
https://catalog.saclibrary.org/GroupedWork/99da0bff-49c1-b7e7-81ff-0b0629c757fe-eng,"Anyway, I'm falling in love with you: 10","Mitsui, Haruka",9798888776513,,"Kodansha USA",2026,"New York","Graphic Novel/Manga","Graphic Novel/Manga::Carmichael Teen Area: TEEN MANGA Anyway I'm v.10 - On Shelf,Graphic Novel/Manga::Fair Oaks Teen Area: TEEN MANGA Anyway I'm v.10 - On Shelf,Graphic Novel/Manga::Franklin Teen: TEEN MANGA Anyway I'm v.10 - On Shelf"
https://catalog.saclibrary.org/GroupedWork/3c651206-887d-b80c-6fe0-1248d7bd0e4a-eng,"The ballad of Darcy & Russell","Matson, Morgan",9781481499019,,"Simon & Schuster BFYR; Simon & Schuster Books for Young Readers",2024,"New York",eBook;Book,"Book::Central Teen Area - 3rd Floor: TEEN FICTION Matson, M. - On Shelf,Book::Belle Cooledge Teen Area: TEEN FICTION Matson, M. - Display,Book::Franklin Teen: TEEN FICTION Matson, M. - On Shelf"
https://catalog.saclibrary.org/GroupedWork/6443a0a5-e51d-063f-68ea-f89f450b2215-eng,"In a handful of dust","McGinnis, Mindy",9780062198549,,"HarperCollins; Katherine Tegen Books, an imprint of HarperCollinsPublishers",2014,"New York",eAudiobook;eBook;Book,"Book::North Natomas: TEEN FICTION McGinnis, M. - On Shelf,Book::Sacramento Public Library Storage: TEEN FICTION McGinnis, M. - On Shelf"
https://catalog.saclibrary.org/GroupedWork/8d51598f-a6e4-59dc-d291-7c89239cd580-eng,"Fall of the Argosi","De Castell, Sebastien",9781471410581,,"Hot Key Books; Bonnier Books UK; Blackstone Publishing","2021 - 2022",London,eAudiobook;Book;eBook,"Book::Carmichael Teen Area: TEEN FICTION De Castell, S. - On Shelf,Book::Franklin Teen: TEEN FICTION De Castell, S. - On Shelf,Book::McKinley Children's Area: TEEN FICTION De Castell, S. - On Shelf"
https://catalog.saclibrary.org/GroupedWork/b7acf77f-2229-d2d8-fc85-2703e3ffca2a-eng,"Quiet please!","Jacobson, Jennifer, 1958-",9781645950448,,Pixel+Ink,2020,"New York",Book,"Book::Arcade Children's Area: MOVING UP Jacobson, J. - On Shelf,Book::Carmichael Children's Area: MOVING UP Jacobson, J. - On Shelf,Book::Central Kids Place - Lower Level: MOVING UP Jacobson, J. - On Shelf"
https://catalog.saclibrary.org/GroupedWork/0944bac4-7a5c-0620-c3ea-d5c38009cdf8-eng,"Royal heirs academy","Duga, Lindsey",9780316578691,,"Hachette Audio; Little, Brown Books for Young Readers; Little, Brown and Company",2025,"New York",eAudiobook;Book;eBook,"Book::Central Teen Area - 3rd Floor: TEEN FICTION Duga, L. - On Shelf,Book::Colonial Heights: TEEN FICTION Duga, L. - On Shelf,Book::Sacramento Public Library Storage: TEEN FICTION Duga, L. - On Shelf"
https://catalog.saclibrary.org/GroupedWork/37eb3b3b-64aa-f106-aa88-73124c9d2812-eng,"The Cuffing Game","Lee, Lyla",9780063330412,,"Harpercollins; HarperCollins",2025,"New York",eAudiobook;eBook;Book,"Book::Central Teen Area - 3rd Floor: TEEN FICTION Lee, L. - On Shelf,Book::Fair Oaks Teen Area: TEEN FICTION Lee, L. - Checked Out,Book::McKinley Children's Area: TEEN FICTION Lee, L. - On Shelf"
https://catalog.saclibrary.org/GroupedWork/96326ee6-5178-82ed-9f32-572a8bf64b5d-eng,"Pacific Street","Holland, Cecelia, 1943-",9780395561447,,"Houghton Mifflin; Histria Books","1992 - 2023",Boston,eBook;Book,"Book::Central: FICTION Holland - On Shelf"
https://catalog.saclibrary.org/GroupedWork/d986e7ba-b279-701c-dc2c-7985ea462b35-eng,"Shelter: a Mickey Bolitar novel","Coben, Harlan, 1962-",9780142422038,,"G. P. Putnam's Sons; Penguin Young Readers Group",2011,"New York",eBook;Book,"Book::Belle Cooledge Teen Area: TEEN FICTION Coben, H. - On Shelf,Book::McClatchy Teen Area: TEEN FICTION Coben, H. - In Transit,Book::Sacramento Public Library Storage: TEEN FICTION Coben, H. - Checked Out"
https://catalog.saclibrary.org/GroupedWork/10687b0e-8d5a-44a1-353d-d9cd2623f0e9-eng,"Maxi's secrets: (or, what you can learn from a dog)","Plourde, Lynn",9780399545672,,"Nancy Paulsen Books; Penguin Young Readers Group",2016,"New York, NY",eBook;Book,"Book::Central Kids Place - Lower Level: CHILDREN FICTION Plourde, L. - On Shelf,Book::Belle Cooledge Children's Area: CHILDREN FICTION Plourde, L. - On Shelf,Book::Franklin Children's: CHILDREN FICTION Plourde, L. - On Shelf"
https://catalog.saclibrary.org/GroupedWork/2b190759-a5ba-9c98-0714-cc7c20c9d8b6-eng,"Anastasia off her rocker","Lowry, Lois",9780544439597,,"Houghton Mifflin Harcourt; HarperCollins","1984 - 2015",Boston,eBook;Book,"Book::Arcade Children's Area: CHILDREN FICTION Lowry, L. - On Shelf,Book::Carmichael Children's Area: CHILDREN FICTION Lowry, L. - On Shelf,Book::Elk Grove Kids' Place: CHILDREN FICTION Lowry, L. - On Shelf"
https://catalog.saclibrary.org/GroupedWork/fe332653-8590-36b4-a5e6-c2b6581b1c23-eng,"Fell of dark","Roehrig, Caleb",9781250155849,,"Feiwel & Friends",2020,"New York",eBook;Book,
https://catalog.saclibrary.org/GroupedWork/1961a5cf-3daf-a558-fb37-812fa3d7fcf6-eng,"Seven skies all at once","Kooser, Ted",9781536229004,,"Candlewick Press",2025,Somerville,"Picture Book;eBook","Picture Book::Central Kids Place - Lower Level: PICTURE BOOK Kooser, T. - On Shelf,Picture Book::Colonial Heights Children's Area: PICTURE BOOK Kooser, T. - On Shelf,Picture Book::Fair Oaks Children's Area: PICTURE BOOK Kooser, T. - On Shelf"
https://catalog.saclibrary.org/GroupedWork/9689288c-6281-f1e9-54ec-87cee23c4f4b-eng,Blackwater,"Arroyo, Jeannette",9781250304025,,"Henry Holt and Co. (BYR); Henry Holt and Company",2022,"New York","Graphic Novel/Manga;eComic","Graphic Novel/Manga::Central Teen Area - 3rd Floor: TEEN GRAPHIC NOVEL Blackwater - Checked Out,Graphic Novel/Manga::Valley Hi-North Laguna Teen Area: TEEN GRAPHIC NOVEL Blackwater - On Shelf,Graphic Novel/Manga::Colusa Main Branch Teen Collection: YA Graphic - On Shelf"
https://catalog.saclibrary.org/GroupedWork/958faf14-a86d-6117-a0b1-d8b8915d749f-eng,"Rosie Woods in Jack and the bean shock","Myers, Maya",9781484688373,,"Capstone; Picture Window Books, a Capstone imprint",2024,"North Mankato, Minnesota",eBook;Book,"Book::Elk Grove Kids' Place: MOVING UP Myers, M. - Checked Out,Book::Franklin Children's: MOVING UP Myers, M. - On Shelf,Book::McClatchy Children's Area: MOVING UP Myers, M. - On Shelf"
https://catalog.saclibrary.org/GroupedWork/1bac4392-0921-8dbb-9f0a-421d9f48a65c-eng,"Friend group","Greenwald, Lisa",9780063456013,,HarperCollins,2026,"New York",eAudiobook;Book;eBook,"Book::Carmichael Children's Area: CHILDREN FICTION Greenwald, L. - Checked Out,Book::Central Kids Place - Lower Level: CHILDREN FICTION Greenwald, L. - Checked Out,Book::Franklin Children's: CHILDREN FICTION Greenwald, L. - On Shelf"
https://catalog.saclibrary.org/GroupedWork/9fe67692-7183-9a21-4298-36a953d57614-eng,"Stick with me","Blecher, Jennifer",9780062748621,,"Greenwillow Books; HarperCollins; Greenwillow Books, an imprint of HarperCollinsPublishers",2020,"New York, NY",eBook;Book;eAudiobook,"Book::Arcade Children's Area: CHILDREN FICTION Blecher, J. - On Shelf,Book::Carmichael Children's Area: CHILDREN FICTION Blecher, J. - On Shelf,Book::Elk Grove Kids' Place: CHILDREN FICTION Blecher, J. - On Shelf"
https://catalog.saclibrary.org/GroupedWork/4d1f4ae6-e357-4083-dc03-e2bcaae3856b-eng,"One way or another","McDowell, Kara",9781338654547,,"Scholastic Inc.; Scholastic Press",2020,"New York",eAudiobook;eBook;Book,"Book::Franklin Teen: TEEN FICTION McDowell, K. - On Shelf,Book::North Natomas: TEEN FICTION McDowell, K. - On Shelf,Book::Colusa Main Branch Teen Collection: YA Fic - On Shelf"
https://catalog.saclibrary.org/GroupedWork/c866f380-cabe-1f86-0c04-4096d0013957-eng,"That summer night on Frenchmen Street","Clarkson, Chris (Christopher Anthony), 1985-",9781643795010,,"Recorded Books, Inc.; Tu Books, an imprint of Lee & Low Books Inc","2022 - 2023","New York",eAudiobook;Book,"Book::Franklin Teen: TEEN FICTION Clarkson, C. - On Shelf,Book::North Natomas: TEEN FICTION Clarkson, C. - On Shelf,Book::Southgate Teen Area: TEEN FICTION Clarkson, C. - On Shelf"
https://catalog.saclibrary.org/GroupedWork/7c31a8cf-9a2f-08f4-a6a4-fa48ef54c290-eng,Skipshock,"O'Donoghue, Caroline",9781536228816,,"Candlewick Press; Walker Books; Books on Tape",2025,"Somerville, Massachusetts",eAudiobook;Book;eBook,"Book::Belle Cooledge Teen Area: TEEN FICTION O'Donoghue, C. - On Shelf,Book::McClatchy Teen Area: TEEN FICTION O'Donoghue, C. - On Shelf,Book::Folsom Teen Room: TEEN FICTION O'Donoghue, C. - On Shelf"
https://catalog.saclibrary.org/GroupedWork/41c37d0c-ce2c-c9a0-98cc-f76614dc764e-eng,"The last boyfriends rules for revenge","Hubbard, Matthew, 1987-",9780593707173,,"Books on Tape; Delacorte Press",2024,"New York",eAudiobook;Book,"Book::Carmichael Teen Area: TEEN FICTION Hubbard, M. - On Shelf,Book::Central Teen Area - 3rd Floor: TEEN FICTION Hubbard, M. - On Shelf,Book::Franklin Teen: TEEN FICTION Hubbard, M. - On Shelf"
https://catalog.saclibrary.org/GroupedWork/b7f99769-e63d-7d2c-535e-30ed3f3265f2-eng,"Rule of threes","Campbell, Marcy",9781797201238,,"Chronicle Books LLC; Chronicle Books",2021,"San Francisco",eBook;Book,"Book::Carmichael Children's Area: CHILDREN FICTION Campbell, M. - On Shelf,Book::North Sacramento-Hagginwood Children's Area: CHILDREN FICTION Campbell, M. - On Shelf,Book::Pocket-Greenhaven Kids' Place: CHILDREN FICTION Campbell, M. - On Shelf"
https://catalog.saclibrary.org/GroupedWork/1c7b5cc3-1ff0-78ea-d13a-7789386dfc22-eng,"Grow up, Luchy Zapata","Alessandri, Alexandra",9781665935968,,"Atheneum Books for Young Readers; Simon & Schuster Audio",2024,"New York",eAudiobook;Book;eBook,"Book::Arcade Children's Area: CHILDREN FICTION Alessandri, A. - On Shelf,Book::Carmichael Children's Area: CHILDREN FICTION Alessandri, A. - On Shelf,Book::Elk Grove Kids' Place: CHILDREN FICTION Alessandri, A. - In Transit"
https://catalog.saclibrary.org/GroupedWork/6d227be9-dbe7-0c54-fb70-bb5dccb9a04e-eng,"Dork diaries: tales from a not-so-happy heartbreaker","Russell, Rachel Renée",9781442449633,,Aladdin,2013,"New York",Book,"Book::Central Kids Place - Lower Level: CHILDREN FICTION Russell, R. - Checked Out,Book::Belle Cooledge Children's Area: CHILDREN FICTION Russell, R. - Checked Out,Book::Elk Grove Kids' Place: CHILDREN FICTION Russell, R. - Checked Out"
https://catalog.saclibrary.org/GroupedWork/76d05e8b-0988-1df9-5782-a2e4e338d2ab-eng,"300 minutes of danger","Heath, Jack, 1986-",9781454931416,,"Sterling Children's Books",2020,"New York",Book,"Book::Carmichael Children's Area: CHILDREN FICTION Heath, J. - On Shelf"
https://catalog.saclibrary.org/GroupedWork/b2967272-28c7-5060-aa31-5dbd009050e1-eng,Dragonsdale,"Drake, Salamanda",9780439871730,,"Chicken House/Scholastic; Books on Tape",2007,"New York",eAudiobook;Book,
https://catalog.saclibrary.org/GroupedWork/f5b4bd02-3aef-06d8-7a5c-a179fddc8585-eng,"Best vacation ever","Cunsolo, Jessica",9781990259968,,"Wattpad Books",2023,"Toronto, ON, Canada",Book,"Book::Arcade Teen Area: TEEN FICTION Cunsolo, J. - On Shelf,Book::Carmichael Teen Area: TEEN FICTION Cunsolo, J. - On Shelf,Book::Belle Cooledge Teen Area: TEEN FICTION Cunsolo, J. - On Shelf"
https://catalog.saclibrary.org/GroupedWork/0bd972a3-bde2-e406-6d6e-2e5c30f794da-eng,"Everyone wants to know","Gilbert, Kelly Loy",9781665901369,,"Simon & Schuster BFYR; Simon & Schuster Books for Young Readers; Simon & Schuster Audio",2023,"New York",eBook;Book;eAudiobook,"Book::Central Teen Area - 3rd Floor: TEEN FICTION Gilbert, K. - On Shelf,Book::Elk Grove Teen Area: TEEN FICTION Gilbert, K. - On Shelf,Book::Franklin Teen: TEEN FICTION Gilbert, K. - On Shelf"
https://catalog.saclibrary.org/GroupedWork/bb71fb38-2c89-e74b-d074-bb8411e8956c-eng,"Gone fishing: a novel in verse","Wissinger, Tamera Will",9780547820118,,"Houghton Mifflin; HarperCollins",2013,Boston,eBook;Book,"Book::Fair Oaks Children's Area: CHILDREN FICTION Wissinger, T. - On Shelf,Book::Sutter County Main Branch Children's Area: CHILDREN FICTION Wissinger, T. - On Shelf,Book::Woodland Public Library Children's Area: CHILDREN FICTION Wissinger - On Shelf"
https://catalog.saclibrary.org/GroupedWork/02c4ed24-77fd-7503-8910-b0e21a0ff3a1-eng,"Song of the court","Farina, Katy",9781454933014,,"Sterling Children's Books; Union Square & Co.","2020 - 2021","New York","Graphic Novel/Manga;eComic","Graphic Novel/Manga::Franklin Children's: CHILDREN GRAPHIC NOVEL Farina, K. - Checked Out,Graphic Novel/Manga::South Natomas Children's Area: CHILDREN GRAPHIC NOVEL Farina, K. - On Shelf,Graphic Novel/Manga::Walnut Grove Children's Area: CHILDREN GRAPHIC NOVEL Farina, K. - On Shelf"
https://catalog.saclibrary.org/GroupedWork/c857002d-42cd-06fc-25e3-ef40b3d12226-eng,"Becca fair and foul","Baker, Deirdre, 1955-",9781554989577,,"Groundwood Books/House of Anansi Press; Groundwood Books Ltd",2018,Toronto,eBook;Book,"Book::North Natomas Children's Area: CHILDREN FICTION Baker, D. - On Shelf,Book::Sylvan Oaks Children's Area: CHILDREN FICTION Baker, D. - On Shelf"
https://catalog.saclibrary.org/GroupedWork/10b3925d-b718-6766-35c4-c51e05a9de83-eng,"The accomplice","Grisham, John",9780525556282,,"Books on Tape; Puffin Books; Penguin Young Readers Group",2019,"New York",eAudiobook;Book;eBook,
https://catalog.saclibrary.org/GroupedWork/9190bcb5-2866-089a-7d7e-3be766f013a7-eng,Frost,"Delsol, Wendy",9780763653866,,"Candlewick Press",2011,"Somerville, Mass",eBook;Book,
https://catalog.saclibrary.org/GroupedWork/4b739292-911f-a29d-a53c-f45f5d3126a7-eng,"Love requires chocolate: a love in translation novel","Stringfield, Ravynn K",9780593571545,,"Joy Revolution; Random House Children's Books; Books on Tape",2024,"New York",eAudiobook;Book;eBook,"Book::Central Teen Area - 3rd Floor: TEEN FICTION Stringfield, R. - On Shelf,Book::Belle Cooledge Teen Area: TEEN FICTION Stringfield, R. - On Shelf,Book::McClatchy Teen Area: TEEN FICTION Stringfield, R. - On Shelf"
https://catalog.saclibrary.org/GroupedWork/9cb36937-67e6-44d2-a40b-0667242fb3e4-eng,"Sammy Keyes and the dead giveaway","Van Draanen, Wendelin",9780375823503,,"Alfred A. Knopf; Distributed by Random House; Random House Children's Books; Live Oak Media","2005 - 2008","New York",eAudiobook;eBook;Book,"Book::Arcade Children's Area: CHILDREN FICTION Van Draanen, W. - On Shelf,Book::South Natomas Children's Area: CHILDREN FICTION Van Draanen, W. - On Shelf,Book::Folsom Children's Area: CHILDREN FICTION Van Draanen, W. - On Shelf"
https://catalog.saclibrary.org/GroupedWork/7ea6ed51-5292-e4f6-1947-987267922e2d-eng,"Tom's midnight garden","Pearce, Philippa",9780062696588,,"BBC Audio; Greenwillow Books, an imprint of HarperCollins Publishers; Clio Press","1987 - 2018","New York, NY; Oxford","eAudiobook;Large Print;Book","Book::Carmichael Children's Area: CHILDREN FICTION Pearce, P. - On Shelf,Book::Belle Cooledge Children's Area: CHILDREN FICTION Pearce, P. - On Shelf,Book::Sacramento Public Library Storage: CHILDREN FICTION Pearce, P. - On Shelf"
https://catalog.saclibrary.org/GroupedWork/e0d0f34e-7b90-db55-e46e-c9892f74d2ef-eng,"Girls with sharp sticks","Young, Suzanne",9781534426139,,"Simon & Schuster Audio; Simon & Schuster Books for Young Readers; Simon Pulse",2019,"New York",eAudiobook;Book;eBook,"Book::Central Teen Area - 3rd Floor: TEEN FICTION Young, S. - On Shelf,Book::North Natomas: TEEN FICTION Young, S. - On Shelf,Book::Folsom Teen Room: TEEN FICTION Young, S. - On Shelf"
https://catalog.saclibrary.org/GroupedWork/7272c020-ecf7-bc03-8ad6-bb7b4a9c9bae-eng,Queerceañera,"Crespo, Alex",9780063257405,,"HarperTeen, an imprint of HarperCollins Publishers; HarperCollins",2024,"New York, NY",eBook;Book;eAudiobook,"Book::Carmichael Teen Area: TEEN FICTION Crespo, A. - On Shelf,Book::Central Teen Area - 3rd Floor: TEEN FICTION Crespo, A. - Checked Out,Book::McKinley Children's Area: TEEN FICTION Crespo, A. - On Shelf"
https://catalog.saclibrary.org/GroupedWork/fe371081-4e50-e92b-4d21-4e35b5ae6b40-eng,"Boy trouble","Berk, Sheryl",9781499806496,,"little bee books; Yellow Jacket",2019,"New York, NY",eBook;Book,"Book::Belle Cooledge Children's Area: CHILDREN FICTION Berk, S. - On Shelf,Book::Fair Oaks Children's Area: CHILDREN FICTION Berk, S. - Checked Out,Book::Valley Hi-North Laguna Children's Area: CHILDREN FICTION Berk, S. - On Shelf"
https://catalog.saclibrary.org/GroupedWork/cea57b34-f9b9-8709-0cd8-f70dc35f72a0-eng,"Good night owl","Pizzoli, Greg",9781484712757,,"Disney Hyperion; Little, Brown Books for Young Readers","2016 - 2018","Los Angeles","Picture Book;Board Book;eBook","Picture Book::Courtland Children's Area: PICTURE BOOK Pizzoli, G. - Checked Out,Picture Book::Princeton Branch Library Children's Collection: E - On Shelf,Picture Book::Sutter County Main Branch Children's Area: PICTURE BOOK Pizzoli, G. - On Shelf"
https://catalog.saclibrary.org/GroupedWork/ceb24e58-0ab1-c832-0cd2-1dbdac395d51-eng,"Rainbow Fair","Ma, Diana",9780063339521,,"Clarion Books, an imprint of HarperCollinsPublishers; HarperCollins",2025,"New York, NY",eAudiobook;Book;eBook,"Book::Central Kids Place - Lower Level: CHILDREN FICTION Ma, D. - On Shelf,Book::Franklin Children's: CHILDREN FICTION Ma, D. - On Shelf,Book::North Natomas Children's Area: CHILDREN FICTION Ma, D. - On Shelf"
https://catalog.saclibrary.org/GroupedWork/8f14934c-b59c-2ba5-8bb7-0ce35b0f9773-eng,"Merci Suárez plays it cool","Medina, Meg",9781536219463,,"Dreamscape Media; Candlewick Press",2022,"Somerville, Massachusetts",eBook;Book;eAudiobook,"Book::Arcade Children's Area: CHILDREN FICTION Medina, M. - Checked Out,Book::Carmichael Children's Area: CHILDREN FICTION Medina, M. - On Shelf,Book::Central Kids Place - Lower Level: CHILDREN FICTION Medina, M. - On Shelf"
https://catalog.saclibrary.org/GroupedWork/fe580e42-f9f6-b053-f985-49855fc5d544-eng,"1-2-3-4, I declare a thumb war","Harrison, Lisi",9781454944546,,"Union Square Kids; Union Square & Co.",2022,"New York",eBook;Book,"Book::Carmichael Children's Area: CHILDREN FICTION Harrison, L. - On Shelf,Book::Central Kids Place - Lower Level: CHILDREN FICTION Harrison, L. - On Shelf,Book::Isleton Children's Area: CHILDREN FICTION Harrison, L. - On Shelf"
https://catalog.saclibrary.org/GroupedWork/df7295df-fde2-7842-1a58-999157d56f02-eng,Truest,"Sommers, Jackie Lea",9780062348258,,"HarperCollins; Katherine Tegen Books, an imprint of HarperCollinsPublishers",2015,"New York, NY",eBook;Book,"Book::Elk Grove Teen Area: TEEN FICTION Sommers, J. - On Shelf"
https://catalog.saclibrary.org/GroupedWork/16997c75-990e-219f-e97e-685e3a7f234b-eng,"The moon riders","Tomlinson, Theresa",9780060847371,,"HarperCollins; Eos","2006 - 2012","New York",eBook;Book,"Book::Elk Grove Teen Area: TEEN FICTION Tomlinson, T. - On Shelf"
https://catalog.saclibrary.org/GroupedWork/250cae25-4786-4c4c-4e0b-218c08c05060-eng,Hellhole,"Damico, Gina",9780544307100,,"Houghton Mifflin Harcourt; HarperCollins","2014 - 2015",Boston,eBook;Book,"Book::South Natomas Teen Area: TEEN FICTION Damico, G. - On Shelf"
https://catalog.saclibrary.org/GroupedWork/13484fea-2aa7-c0f7-3675-de57b6aff711-eng,"Wren Martin ruins it all","DeWitt, Amanda",9781682635988,,"Recorded Books, Inc.; Peachtree; Peachtree Publishing Company Inc",2023,Atlanta,eAudiobook;Book;eBook,"Book::Central Teen Area - 3rd Floor: TEEN FICTION DeWitt, A. - On Shelf,Book::Colonial Heights: TEEN FICTION DeWitt, A. - On Shelf,Book::Belle Cooledge Teen Area: TEEN FICTION DeWitt, A. - On Shelf"
https://catalog.saclibrary.org/GroupedWork/d89136ee-d4e8-08ca-30e2-1105322eb589-eng,"Ruthless: a pretty little liars novel","Shepard, Sara, 1977-",9780062081872,,"HarperTeen; HarperCollins",2011,"New York",eBook;Book,
https://catalog.saclibrary.org/GroupedWork/52a9ab8e-4792-837e-4685-9008ddfe1948-eng,Butter,"Lange, Erin Jade",9781619631212,,"Distributed to the trade by Macmillan; Bloomsbury; Bloomsbury Publishing",2012,"New York",eBook;Book,
https://catalog.saclibrary.org/GroupedWork/508c11a6-4b4d-f793-ba3c-a69003287667-eng,"Honest June","Wells, Tina, 1980-",9780593378298,,"Books on Tape; Random House",2021,"New York",eAudiobook;Book,"Book::Carmichael Children's Area: CHILDREN FICTION Wells, T. - On Shelf,Book::Central Kids Place - Lower Level: CHILDREN FICTION Wells, T. - On Shelf,Book::Belle Cooledge Children's Area: CHILDREN FICTION Wells, T. - On Shelf"
https://catalog.saclibrary.org/GroupedWork/ffa7a8b9-7d27-bd5c-72b9-f67220121729-eng,"Take me home tonight","Matson, Morgan",9781481498982,,"Simon & Schuster Books for Young Readers",2021,"New York",eBook;Book,"Book::Valley Hi-North Laguna Teen Area: TEEN FICTION Matson, M. - On Shelf,Book::Sacramento Public Library Storage: TEEN FICTION Matson, M. - On Shelf,Book::Woodland Public Library Teen Area: TEEN FICTION Matson, M. - On Shelf"
https://catalog.saclibrary.org/GroupedWork/3afa746a-9752-e2c1-6e5d-681326b78bd2-eng,"I guess I live here now","Ahn, Claire",9780593403198,,"Books on Tape; Viking Books for Young Readers",2022,"New York, New York",eAudiobook;Book,
https://catalog.saclibrary.org/GroupedWork/1b6f1730-90e8-9a57-1e29-1c88b2f004e1-eng,"Mucky truck","Paquette, Ammi-Joan",9781250263803,,"Goodwin Books, Henry Holt and Company; Henry Holt and Co. (BYR)",2021,"New York","Picture Book;eBook","Picture Book::Carmichael Children's Area: PICTURE BOOK Paquette, A. - Checked Out,Picture Book::Central Kids Place - Lower Level: PICTURE BOOK Paquette, A. - On Shelf,Picture Book::Belle Cooledge Children's Area: PICTURE BOOK Paquette, A. - Checked Out"
https://catalog.saclibrary.org/GroupedWork/bf35507a-63c1-7a21-cff9-24b0696c0bf3-eng,"The Templeton twins make a scene","Weiner, Ellis",9781452111841,,"Chronicle Books LLC; Chronicle Books",2013,"San Francisco, Calif",eBook;Book,"Book::Fair Oaks Children's Area: CHILDREN FICTION Weiner, E. - On Shelf,Book::Pocket-Greenhaven Kids' Place: CHILDREN FICTION Weiner, E. - On Shelf,Book::Colusa Main Branch Juvenile Collection: J Fic - On Shelf"
https://catalog.saclibrary.org/GroupedWork/c01d834b-ea6f-5ec1-0b88-446456e48773-eng,"Jack & Louisa: Act 3","Keenan-Bolger, Andrew, 1985-",9780448478418,,"Grosset & Dunlap, an imprint of Penguin Random House",2017,"New York, New York",Book,"Book::Arcade Children's Area: CHILDREN FICTION Keenan-Bolger, A. v.3 - On Shelf,Book::Central Kids Place - Lower Level: CHILDREN FICTION Keenan-Bolger, A. v.3 - On Shelf,Book::Franklin Children's: CHILDREN FICTION Keenan-Bolger, A. v.3 - On Shelf"
https://catalog.saclibrary.org/GroupedWork/54cf1c11-66f2-987d-cd0e-dc4bcfac33c9-eng,"When Winter Robeson came","Woods, Brenda (Brenda A.)",9781524741587,,"Nancy Paulsen Books; Books on Tape",2022,"New York",eAudiobook;Book,"Book::Carmichael Children's Area: CHILDREN FICTION Woods, B. - On Shelf,Book::McKinley Children's Area: CHILDREN FICTION Woods, B. - On Shelf,Book::Rio Linda Children's Area: CHILDREN FICTION Woods, B. - On Shelf"
https://catalog.saclibrary.org/GroupedWork/09ed58ca-e43e-b287-d3d0-2da3d5ce0f35-eng,"Mister Death's blue-eyed girls","Hahn, Mary Downing",9780544022249,,"HarperCollins; Graphia","2012 - 2013",Boston,eBook;Book,"Book::Belle Cooledge Teen Area: TEEN FICTION Hahn, M. - On Shelf,Book::Franklin Teen: TEEN FICTION Hahn, M. - On Shelf,Book::North Natomas: TEEN FICTION Hahn, M. - On Shelf"
https://catalog.saclibrary.org/GroupedWork/0b403428-22a8-f2cb-dae9-cdb2ddfde758-eng,"Sammy Keyes and the power of Justice Jack","Van Draanen, Wendelin",9780375870521,,"Knopf Books for Young Readers; Live Oak Media","2012 - 2015","New York",eAudiobook;Book,"Book::Franklin Children's: CHILDREN FICTION Van Draanen, W. - On Shelf,Book::Sacramento Public Library Storage: CHILDREN FICTION Van Draanen, W. - On Shelf"
https://catalog.saclibrary.org/GroupedWork/be07ca2a-c12e-335b-64d7-35fa79e0bee5-eng,"An improbable season","Eves, Rosalyn",9780374390181,,"Farrar Straus Giroux Books; Farrar, Straus and Giroux (BYR); Blackstone Publishing",2023,"New York",eAudiobook;Book;eBook,"Book::Colonial Heights: TEEN FICTION Eves, R. - On Shelf,Book::Elk Grove Teen Area: TEEN FICTION Eves, R. - On Shelf,Book::North Natomas: TEEN FICTION Eves, R. - On Shelf"
https://catalog.saclibrary.org/GroupedWork/78007abe-54d0-88a0-6b19-0fb168ed85ae-eng,"Sammy Keyes and the curse of Moustache Mary","Van Draanen, Wendelin",9780440416432,,"Dell Yearling; Random House Children's Books; Live Oak Media","2000 - 2008","New York, NY",eAudiobook;eBook;Book,"Book::South Natomas Children's Area: CHILDREN FICTION Van Draanen, W. - On Shelf,Book::Sacramento Public Library Storage: CHILDREN FICTION Van Draanen, W. - On Shelf"
https://catalog.saclibrary.org/GroupedWork/3a96c6d9-62d0-78c1-36e9-b3bc51c32f65-eng,"Game face","Green, Shari, 1963-",9781773068688,,"Groundwood Books/House of Anansi Press; Groundwood Books Ltd",2023,"Toronto [Ontario]",eBook;Book,"Book::Carmichael Children's Area: CHILDREN FICTION Green, S. - On Shelf,Book::Elk Grove Kids' Place: CHILDREN FICTION Green, S. - On Shelf,Book::South Natomas Children's Area: CHILDREN FICTION Green, S. - On Shelf"
https://catalog.saclibrary.org/GroupedWork/748dbcdc-61a6-f939-1372-15f5e986da3d-eng,"Artie and the wolf moon","Stephens, Olivia",9781541542488,,"Graphic Universe; Lerner Publishing Group","2021 - 2023",Minneapolis,eAudiobook;Book,
https://catalog.saclibrary.org/GroupedWork/188caa5a-76ac-d5f4-01ca-ee395d55cf02-eng,"Sammy Keyes and the hotel thief","Van Draanen, Wendelin",9780679892649,,"Distributed by Random House; Knopf; Random House Children's Books; Live Oak Media","1998 - 2003","New York; [S.l.]","Audiobook - CD;eBook;Book",
https://catalog.saclibrary.org/GroupedWork/d8df9f76-4b01-535b-d1d3-1bb902ac3fea-eng,"Sammy Keyes and the Hollywood mummy","Van Draanen, Wendelin",9780440418665,,"Dell Yearling; Random House Children's Books; Live Oak Media","2001 - 2009","New York",eAudiobook;eBook;Book,"Book::Franklin Children's: CHILDREN FICTION Van Draanen, W. - On Shelf,Book::Valley Hi-North Laguna Children's Area: CHILDREN FICTION Van Draanen, W. - On Shelf"
https://catalog.saclibrary.org/GroupedWork/555a3dd6-f6d8-8c8c-43cf-56bb60a177b3-eng,"Until Friday night","Glines, Abbi",9781481438858,,"Simon & Schuster Audio; Simon & Schuster Books for Young Readers; Simon Pulse","2015 - 2016","New York",eAudiobook;Book;eBook,"Book::Belle Cooledge Teen Area: TEEN FICTION Glines, A. - On Shelf"
https://catalog.saclibrary.org/GroupedWork/2dcd10b0-8bbc-51af-d53d-6a06e53376ef-eng,"Rosie Woods in the three billy GOATs graph","Myers, Maya",9781484688519,,"Capstone; Picture Window Books, a Capstone imprint","2024 - 2025","North Mankato, Minnesota",eBook;Book,"Book::Central Kids Place - Lower Level: MOVING UP Myers, M. - On Shelf,Book::Fair Oaks Children's Area: MOVING UP Myers, M. - On Shelf,Book::Orangevale: MOVING UP Myers, M. - On Shelf"
https://catalog.saclibrary.org/GroupedWork/6d05e17f-5a61-ebd7-f186-f3b69c583f42-eng,"The FitzOsbornes at war","Cooper, Michelle, 1969-",9780375870507,,"Alfred A. Knopf; Random House Children's Books",2012,"New York",eBook;Book,
https://catalog.saclibrary.org/GroupedWork/f31e5c78-fd7e-40cf-f8a8-35cc12a330bd-eng,Wayfinders,"Chick, Bryan",9798212276863,,"Blackstone Publishing",2024,"Ashland, OR",eAudiobook;Book;eBook,"Book::Carmichael Children's Area: CHILDREN FICTION Chick, B. - On Shelf,Book::Central Kids Place - Lower Level: CHILDREN FICTION Chick, B. - On Shelf,Book::Belle Cooledge Children's Area: CHILDREN FICTION Chick, B. - Checked Out"
https://catalog.saclibrary.org/GroupedWork/cec7d2ec-5252-1e3c-2949-f39f66f812e6-eng,"The colliding worlds of Mina Lee","Oh, Ellen",9780593125946,,"Books on Tape; Crown",2024,"New York",eAudiobook;Book,"Book::Central Teen Area - 3rd Floor: TEEN FICTION Oh, E. - On Shelf,Book::Franklin Teen: TEEN FICTION Oh, E. - On Shelf,Book::Pocket-Greenhaven Teen Area: TEEN FICTION Oh, E. - On Shelf"
https://catalog.saclibrary.org/GroupedWork/d90e774c-97ef-77c4-56c9-830406785006-eng,"Operation: Make a splash","Godwin, Tate",9781524890247,,"Andrews McMeel Publishing",2026,"Kansas City, Missouri","Graphic Novel/Manga;eComic","Graphic Novel/Manga::Carmichael Children's Area: CHILDREN GRAPHIC NOVEL Operation v.2 - On Shelf,Graphic Novel/Manga::Central Kids Place - Lower Level: CHILDREN GRAPHIC NOVEL Operation v.2 - Checked Out,Graphic Novel/Manga::Del Paso Heights Children's Area: CHILDREN GRAPHIC NOVEL Operation v.2 - On Shelf"
https://catalog.saclibrary.org/GroupedWork/2a82b98e-990e-1c9e-d623-eb2df0a57877-eng,"TBH, I feel the same","Greenwald, Lisa",9780062906229,,"HarperCollins; Katherine Tegen Books, an imprint of HarperCollinsPublishers",2020,"New York, NY",eBook;Book,"Book::Courtland Children's Area: CHILDREN FICTION Greenwald, L. - On Shelf,Book::Fair Oaks Children's Area: CHILDREN FICTION Greenwald, L. - On Shelf,Book::Orangevale: CHILDREN FICTION Greenwald, L. - On Shelf"
https://catalog.saclibrary.org/GroupedWork/76e13713-7271-9068-0bf9-8d837959d895-eng,"Blood of a thousand stars","Belleza, Rhoda",9781101999134,,"Razorbill; Books on Tape; Penguin Young Readers Group",2018,"[New York, New York]",eAudiobook;Book;eBook,"Book::South Natomas Teen Area: TEEN FICTION Belleza, R. - On Shelf,Book::Valley Hi-North Laguna Teen Area: TEEN FICTION Belleza, R. - On Shelf,Book::Sacramento Public Library Storage: TEEN FICTION Belleza, R. - On Shelf"
https://catalog.saclibrary.org/GroupedWork/6c22dc0e-a005-dea0-ca2d-61709b45e138-eng,"Loved: a house of night other world novel","Cast, P. C",9781538431122,,"Blackstone Publishing",2017,"Ashland, OR",eAudiobook;Book;eBook,
https://catalog.saclibrary.org/GroupedWork/7ba1d77e-094c-e993-e52a-19bdf043165c-eng,"Blood debts","Benton-Walker, Terry J",9781250825926,,"Macmillan Audio; Tor Teen; Tor Publishing Group",2023,"New York; United States","eAudiobook;Audiobook - CD;Book;eBook","Book::Central Teen Area - 3rd Floor: TEEN FICTION Benton-Walker, T. - On Shelf,Book::Franklin Teen: TEEN FICTION Benton-Walker, T. - On Shelf,Book::McKinley Children's Area: TEEN FICTION Benton-Walker, T. - On Shelf"
https://catalog.saclibrary.org/GroupedWork/2722c451-6da6-237a-9ec9-068a3ab070ae-eng,"Love & other great expectations","Dean, Becky (Becky Lynn)",9780593429426,,"Delacorte Press; Random House Children's Books; Books on Tape",2022,"New York",eAudiobook;Book;eBook,"Book::Southgate Teen Area: TEEN FICTION Dean, B. - On Shelf,Book::Sacramento Public Library Storage: TEEN FICTION Dean, B. - On Shelf"
https://catalog.saclibrary.org/GroupedWork/09f84851-3ef6-c075-b3e5-6c009d0907e0-eng,"Bend in the road","Biren, Sara, 1973-",9781419748738,,"Recorded Books, Inc.; Amulet Books","2021 - 2024","New York",eAudiobook;eBook;Book,"Book::Carmichael Teen Area: TEEN FICTION Biren, S. - On Shelf,Book::Sacramento Public Library Storage: TEEN FICTION Biren, S. - On Shelf"
https://catalog.saclibrary.org/GroupedWork/5ae78fc6-45e7-87df-0050-386fc4b81f71-eng,"By any other name","Cotter, Erin",9781665940719,,"Simon & Schuster Audio; Simon & Schuster BFYR; Simon & Schuster Books for Young Readers",2023,"New York",eAudiobook;Book;eBook,"Book::Carmichael Teen Area: TEEN FICTION Cotter, E. - Checked Out,Book::Central Teen Area - 3rd Floor: TEEN FICTION Cotter, E. - On Shelf,Book::Del Paso Heights Teen Area: TEEN FICTION Cotter, E. - On Shelf"
https://catalog.saclibrary.org/GroupedWork/5427673e-210e-e8c6-47df-0d93a4f0ac00-eng,"When we were infinite","Gilbert, Kelly Loy",9781534468214,,"Recorded Books, Inc.; Simon & Schuster BFYR, an imprint of Simon & Schuster Children's Publishing Division",2021,"New York, NY",eAudiobook;Book,"Book::Franklin Teen: TEEN FICTION Gilbert, K. - On Shelf,Book::South Natomas Teen Area: TEEN FICTION Gilbert, K. - On Shelf,Book::North Natomas: TEEN FICTION Gilbert, K. - On Shelf"
https://catalog.saclibrary.org/GroupedWork/205967b2-71eb-7d67-13fc-853994553c57-eng,"Flame in the mist","Ahdieh, Renée",9780399171635,,"G.P. Putnam's Sons, an imprint of Penguin Random House LLC; Penguin Random House; Books on Tape; Penguin Young Readers Group",2017,"[New York]","eAudiobook;Audiobook - CD;eBook;Book","Book::Fair Oaks Teen Area: TEEN FICTION Ahdieh, R. - On Shelf,Book::Folsom Teen Room: TEEN FICTION Ahdieh, R. - On Shelf,Book::Sacramento Public Library Storage: TEEN FICTION Ahdieh, R. - On Shelf"
https://catalog.saclibrary.org/GroupedWork/396c9af7-5c17-e34c-71f9-ca8131ca9c4d-eng,"Gods & comics","Cho, Kat",9780593406816,,"Nancy Paulsen Books; Books on Tape; Penguin Young Readers Group",2026,"New York, NY",eAudiobook;Book;eBook,"Book::Carmichael Teen Area: TEEN FICTION Cho, K. - Checked Out,Book::Central Teen Area - 3rd Floor: TEEN FICTION Cho, K. - On Shelf,Book::Fair Oaks Teen Area: TEEN FICTION Cho, K. - On Shelf"
https://catalog.saclibrary.org/GroupedWork/c9cbdbcb-ddbc-e515-e9ee-42364946bde0-eng,"Sweetness & lightning: Vol. 4","Amagakure, Gido",9781632364005,,"Kodansha Comics; Kodansha USA","2016 - 2017","New York","Graphic Novel/Manga;eComic","Graphic Novel/Manga::North Natomas: TEEN MANGA Sweetness & v.4 - On Shelf,Graphic Novel/Manga::Southgate Teen Area: TEEN MANGA Sweetness & v.4 - On Shelf,Graphic Novel/Manga::Sacramento Public Library Storage: TEEN MANGA Sweetness & v.4 - On Shelf"
https://catalog.saclibrary.org/GroupedWork/36ede4d0-4ab6-04e1-c489-d42a35d7759b-eng,"Mr. Wayne's masterpiece","Polacco, Patricia",9780399160950,,"G. P. Putnam's Sons, an imprint of Penguin Group (USA)",2014,"New York, NY","Picture Book","Picture Book::Carmichael Children's Area: PICTURE BOOK Polacco, P. - On Shelf,Picture Book::Central Kids Place - Lower Level: PICTURE BOOK Polacco, P. - On Shelf,Picture Book::Belle Cooledge Children's Area: PICTURE BOOK Polacco, P. - On Shelf"
https://catalog.saclibrary.org/GroupedWork/7ed86e23-562a-4459-1eab-93a9e3dbb439-eng,"Candy smash","Davies, Jacqueline, 1962-",9780544022089,,"Clarion Books; HarperCollins; Houghton Mifflin Books for Children, Houghton Mifflin Harcourt","2013 - 2019",Boston,eAudiobook;eBook;Book,"Book::Carmichael Children's Area: CHILDREN FICTION Davies, J. - On Hold Shelf,Book::Colonial Heights Children's Area: CHILDREN FICTION Davies, J. - In Transit,Book::Orangevale: CHILDREN FICTION Davies, J. - On Shelf"
https://catalog.saclibrary.org/GroupedWork/c40ff0ea-b5b9-5675-9aef-1471e7c5f7bb-eng,"So, this is love","Andreen, Tracy, 1967-",9780593525401,,"Books on Tape; Viking Books for Young Readers",2022,"New York",eAudiobook;Book,"Book::Central Teen Area - 3rd Floor: TEEN FICTION Andreen, T. - On Shelf,Book::Orangevale: TEEN FICTION Andreen, T. - On Shelf,Book::Rancho Cordova: TEEN FICTION Andreen, T. - On Shelf"
https://catalog.saclibrary.org/GroupedWork/db0bd5a6-c2c3-6786-735c-74e5f5e990f3-eng,"Sammy Keyes and the showdown in Sin City","Van Draanen, Wendelin",9780375970535,,"Alfred A. Knopf; Random House Children's Books; Live Oak Media","2013 - 2017","New York",eAudiobook;Book;eBook,"Book::Carmichael Children's Area: CHILDREN FICTION Van Draanen, W. - On Shelf,Book::Franklin Children's: CHILDREN FICTION Van Draanen, W. - On Shelf"
https://catalog.saclibrary.org/GroupedWork/8011d8f9-d164-ee37-4805-b83da0a599d3-eng,"Your own worst enemy","Jack, Gordon, 1966-",9780062399427,,"HarperCollins; HarperTeen, an imprint of HarperCollinsPublishers",2018,"New York, NY",eBook;Book,"Book::Franklin Teen: TEEN FICTION Jack, G. - On Shelf,Book::Sacramento Public Library Storage: TEEN FICTION Jack, G. - On Shelf"
https://catalog.saclibrary.org/GroupedWork/f6487205-ac28-3dd1-e098-25aeac21d368-eng,"Puffin and Penguin","Becker, Helaine",9781525306549,,"Kids Can Press",2024,Toronto,"Graphic Novel/Manga;eComic","Graphic Novel/Manga::Carmichael Children's Area: CHILDREN GRAPHIC NOVEL Puffin v.1 - On Shelf,Graphic Novel/Manga::Central Kids Place - Lower Level: CHILDREN GRAPHIC NOVEL Puffin v.1 - On Shelf,Graphic Novel/Manga::Colonial Heights Children's Area: CHILDREN GRAPHIC NOVEL Puffin v.1 - In Transit"
https://catalog.saclibrary.org/GroupedWork/08e18705-5259-9d3f-e457-fdf552c43d8c-eng,"Just one day","Forman, Gayle",9780142422953,,"Dreamscape Media; Dutton Books; Penguin Young Readers Group",2013,"New York",eAudiobook;eBook;Book,"Book::Courtland Teen Area: TEEN FICTION Forman, G. - On Shelf,Book::Pocket-Greenhaven Teen Area: TEEN FICTION Forman, G. - On Shelf,Book::Colusa Main Branch Teen Collection: YA Fic - On Shelf"
https://catalog.saclibrary.org/GroupedWork/e7fb3cfc-721a-92f5-01ed-31be01254b0a-eng,"Itty Bitty Betty Blob makes a splash","Lombardo, Constance",9781662640926,,"Astra Publishing House; Hippo Park",2025,"[New York, N.Y.]","Picture Book;eBook","Picture Book::Carmichael Children's Area: PICTURE BOOK Lombardo, C. - On Shelf,Picture Book::McKinley Children's Area: PICTURE BOOK Lombardo, C. - Checked Out,Picture Book::Orangevale: PICTURE BOOK Lombardo, C. - On Shelf"
https://catalog.saclibrary.org/GroupedWork/a581ea3e-2365-b21b-4072-78e6bf031d47-eng,"Welcome to the Maynard","Robinson, James, 1963-",9781506745008,,"Dark Horse Books; Dark Horse Comics, LLC.; Dark Horse Comics",2025,"Milwaukie, OR","Graphic Novel/Manga;eComic","Graphic Novel/Manga::Central Teen Area - 3rd Floor: TEEN GRAPHIC NOVEL Robinson, J. - On Shelf,Graphic Novel/Manga::North Natomas: TEEN GRAPHIC NOVEL Robinson, J. - On Shelf,Graphic Novel/Manga::Rio Linda Teen Area: TEEN GRAPHIC NOVEL Robinson, J. - On Shelf"
https://catalog.saclibrary.org/GroupedWork/ac40b369-aea7-0d97-30a8-486825528e55-eng,"True beauty","Yaongyi, 1991-",9781990778087,,"Webtoon Unscrolled, a division of Wattpad WEBTOON Studios, Inc",2024,"Toronto, ON","Graphic Novel/Manga","Graphic Novel/Manga::Central Teen Area - 3rd Floor: TEEN MANGA True Beauty v.5 - In Transit,Graphic Novel/Manga::Courtland Teen Area: TEEN MANGA True Beauty v.5 - On Shelf,Graphic Novel/Manga::Fair Oaks Teen Area: TEEN MANGA True Beauty v.5 - On Shelf"
https://catalog.saclibrary.org/GroupedWork/d1e10db4-cf48-1103-94a5-42cb83f08753-eng,"Summer spirit","Holleville, Élizabeth, 1988-",9781910620724,,"Nobrow Ltd",2020,London,"Graphic Novel/Manga","Graphic Novel/Manga::Central Teen Area - 3rd Floor: TEEN GRAPHIC NOVEL Summer Spirit - On Shelf,Graphic Novel/Manga::Sacramento Public Library Storage: TEEN GRAPHIC NOVEL Summer Spirit - On Shelf,Graphic Novel/Manga::Woodland Public Library Teen Area: TEEN GRAPHIC NOVEL Holleville, E. - On Shelf"
https://catalog.saclibrary.org/GroupedWork/a133f896-fb25-e2a1-af8e-d0002fd33e44-eng,"Stormy, Misty's foal","Henry, Marguerite, 1902-1997",9781439596852,,"Recorded Books, Inc.; Rand McNally; Wilder Publications, Inc.; Aladdin Paperbacks; Aladdin","1963 - 2022","New York; Chicago",eAudiobook;eBook;Book,"Book::Orangevale: CHILDREN FICTION Henry, M. - On Shelf,Book::Rancho Children's Area: CHILDREN FICTION Henry, M. - Checked Out,Book::Barber Branch: CHILDREN FICTION Henry, M. - On Shelf"
https://catalog.saclibrary.org/GroupedWork/a89d60e5-9cb4-6994-2d69-ee1708a0a9a0-eng,"Star Wars: The High Republic. Fear of the Jedi","Scott, Cavan",9781302963187,,"Marvel Worldwide, Inc",2025,"New York, NY","Graphic Novel/Manga","Graphic Novel/Manga::Carmichael Teen Area: TEEN GRAPHIC NOVEL Star Wars v.1 - On Shelf,Graphic Novel/Manga::Central Teen Area - 3rd Floor: TEEN GRAPHIC NOVEL Star Wars v.1 - On Shelf,Graphic Novel/Manga::Del Paso Heights Teen Area: TEEN GRAPHIC NOVEL Star Wars v.1 - OFF CAMPUS"
https://catalog.saclibrary.org/GroupedWork/85896b4c-5251-f327-57a9-8d2f79a1000f-eng,"Stalk, don't run","Keene, Carolyn",9781442422995,,Aladdin,2012,"New York",eBook;Book,"Book::Arcade Children's Area: CHILDREN FICTION Keene, C. - On Shelf,Book::Valley Hi-North Laguna Children's Area: CHILDREN FICTION Keene, C. - On Shelf"
https://catalog.saclibrary.org/GroupedWork/1c3a3c69-88f3-f35a-56e3-ff10646a4207-eng,"Sammy Keyes and the psycho Kitty Queen","Van Draanen, Wendelin",9780440419105,,"Alfred A. Knopf; Distributed by Random House; Random House Children's Books; Live Oak Media","2004 - 2008","New York",eAudiobook;eBook;Book,"Book::Belle Cooledge Children's Area: CHILDREN FICTION Van Draanen, W. - On Shelf,Book::Franklin Children's: CHILDREN FICTION Van Draanen, W. - On Shelf,Book::Sacramento Public Library Storage: CHILDREN FICTION Van Draanen, W. - On Shelf"
https://catalog.saclibrary.org/GroupedWork/0c4f5e1e-ae85-e1a4-81a1-511ec79056bc-eng,Parachutes,"Yang, Kelly",9780062941084,,"HarperCollins; Katherine Tegen Books, an imprint of HarperCollinsPublishers",2020,"New York, NY",eAudiobook;eBook;Book,
https://catalog.saclibrary.org/GroupedWork/6d0d18ce-e22d-a22c-e491-9adc10dd2c26-eng,"The king's questioner","Katz, Nikki",9781250195449,,"Swoon Reads; Feiwel & Friends",2020,"New York",eBook;Book,"Book::Fair Oaks Teen Area: TEEN FICTION Katz, N. - On Shelf,Book::Valley Hi-North Laguna Teen Area: TEEN FICTION Katz, N. - On Shelf,Book::Sacramento Public Library Storage: TEEN FICTION Katz, N. - On Shelf"
https://catalog.saclibrary.org/GroupedWork/b3e31055-3d8b-7f17-f5a9-2d509876c1fc-eng,"Royal scandal","Carter, Aimée, 1986-",9780593485934,,"Books on Tape; Delacort Press",2024,"New York",eAudiobook;Book,"Book::Carmichael Teen Area: TEEN FICTION Carter, A. - On Shelf,Book::Central Teen Area - 3rd Floor: TEEN FICTION Carter, A. - On Shelf,Book::Belle Cooledge Teen Area: TEEN FICTION Carter, A. - On Shelf"
https://catalog.saclibrary.org/GroupedWork/2a696c11-31b2-6b14-fdd4-1d75e1e71bfd-eng,Queste,"Sage, Angie",9780061568206,,"HarperTrophy; HarperCollins","2008 - 2009","New York, N.Y",eAudiobook;Book;eBook,"Book::Carmichael Children's Area: CHILDREN FICTION Sage, A. - Checked Out,Book::Colonial Heights Children's Area: CHILDREN FICTION Sage, A. - On Shelf,Book::Courtland Children's Area: CHILDREN FICTION Sage, A. - On Shelf"
https://catalog.saclibrary.org/GroupedWork/507f19fc-4ab7-4e42-97f1-b706dd56c899-eng,"The captive part II and the power","Smith, L. J. (Lisa J.)",9780061671357,,"Harperteen; HarperCollins","2009 - 2011","New York, N.Y",eBook;Book,
https://catalog.saclibrary.org/GroupedWork/b7b50093-0bd2-32a3-2eb4-0c11a1bcc164-eng,"Gamer girls: Monster village","Towers, Andrea",9781524884529,,"Andrews McMeel; Andrews McMeel Publishing",2023,"Kansas City, Missouri",eBook;Book,"Book::Carmichael Children's Area: CHILDREN FICTION Towers, A. - On Shelf,Book::Elk Grove Kids' Place: CHILDREN FICTION Towers, A. - On Shelf,Book::North Natomas Children's Area: CHILDREN FICTION Towers, A. - On Shelf"
https://catalog.saclibrary.org/GroupedWork/f265ff5b-6708-bc1f-cf0f-1c2fb093ca1a-eng,"The FitzOsbornes in exile","Cooper, Michelle, 1969-",9780375958656,,"Alfred A. Knopf; Random House Children's Books",2011,"New York",eBook;Book,
https://catalog.saclibrary.org/GroupedWork/3130436e-b48a-ccfb-b072-285de782ecc0-eng,"A boy is not a ghost","Ravel, Edeet",9781773064987,,"Groundwood Books, House of Anansi Press; Groundwood Books Ltd",2021,"Toronto [Ontario]",eBook;Book,"Book::Belle Cooledge Children's Area: CHILDREN FICTION Ravel, E. - On Shelf,Book::Franklin Children's: CHILDREN FICTION Ravel, E. - On Shelf,Book::McKinley Children's Area: CHILDREN FICTION Ravel, E. - On Shelf"
https://catalog.saclibrary.org/GroupedWork/f835923d-48d8-bba9-2229-ae2c28302154-eng,"A dangerous inheritance: a novel of Tudor rivals and the secret of the Tower","Weir, Alison, 1951-",9780345511898,,"Recorded Books, Inc.; Ballantine Books; Random House Publishing Group",2012,"New York",eBook;Book;eAudiobook,"Book::North Natomas: FICTION Weir, A. - Checked Out,Book::Rancho Cordova: FICTION Weir, A. - On Shelf"
https://catalog.saclibrary.org/GroupedWork/50f6b5e4-d1b0-4389-ae54-d010a7cf31ac-eng,"Perijee & me","Montgomery, Ross (Fiction writer)",9780399553981,,"Wendy Lamb Books; Random House Children's Books",2016,"New York",eBook;Book,"Book::Elk Grove Kids' Place: CHILDREN FICTION Montgomery, R. - On Shelf,Book::Isleton Children's Area: CHILDREN FICTION Montgomery, R. - On Shelf"
https://catalog.saclibrary.org/GroupedWork/93101374-8a3e-6816-328f-43a8136d52c0-eng,"Look both ways","Cherry, Alison",9780553511864,,"Delacorte Press; Random House Children's Books",2016,"New York",eBook;Book,
https://catalog.saclibrary.org/GroupedWork/81ed2a19-df32-f91e-e444-75abc84d91c2-eng,"Hearts still beating","Archer, Brooke",9780593698327,,"Books on Tape; G.P. Putnam's Sons",2024,"New York",eAudiobook;Book,"Book::Central Teen Area - 3rd Floor: TEEN FICTION Archer, B. - On Shelf,Book::Fair Oaks Teen Area: TEEN FICTION Archer, B. - On Shelf,Book::Franklin Teen: TEEN FICTION Archer, B. - On Shelf"
https://catalog.saclibrary.org/GroupedWork/ef2c669b-9d98-20bb-add1-986dbb409884-eng,"Juliet Dove, Queen of Love","Coville, Bruce",9780152052171,,"Harcourt; Houghton Mifflin Harcourt; Full Cast Audio; HMH Books for Young Readers","2003 - 2015",Orlando,eAudiobook;eBook;Book,"Book::Central Kids Place - Lower Level: CHILDREN FICTION Coville, B. - On Shelf,Book::Belle Cooledge Children's Area: CHILDREN FICTION Coville, B. - On Shelf,Book::Franklin Children's: CHILDREN FICTION Coville, B. - On Shelf"
https://catalog.saclibrary.org/GroupedWork/6a5c5bfd-3d84-49ce-04d9-a9d721a0fc8c-eng,"The elephant thief","Kerr, Jane (Children's literature author)",9781338188431,,"W. F. Howes Ltd; Scholastic Inc.; Chicken House, Scholastic Inc",2018,"New York",eAudiobook;eBook;Book,"Book::Arcade Children's Area: CHILDREN FICTION Kerr, J. - On Shelf,Book::Sacramento Public Library Storage: CHILDREN FICTION Kerr, J. - On Shelf,Book::Woodland Public Library Children's Area: CHILDREN FICTION Kerr, J. - On Shelf"
https://catalog.saclibrary.org/GroupedWork/6183f3f1-e74d-747a-88f4-f116f5d9a539-eng,"Project (un)popular","Tracy, Kristen, 1972-",9780553510485,,"Delacorte Press; Random House Children's Books",2016,"New York",eBook;Book,"Book::Central Kids Place - Lower Level: CHILDREN FICTION Tracy, K. - On Shelf,Book::Sacramento Public Library Storage: CHILDREN FICTION Tracy, K. - On Shelf"
https://catalog.saclibrary.org/GroupedWork/70b53348-70a1-97de-87af-158a13fa23c8-eng,"Monthly girls' Nozaki-kun: 2","Tsubaki, Izumi",9780316391573,,"Yen Press, Hachette Book Group",2016,"New York, NY","Graphic Novel/Manga","Graphic Novel/Manga::North Natomas: TEEN MANGA Monthly Girls' v.2 - On Shelf,Graphic Novel/Manga::Southgate Teen Area: TEEN MANGA Monthly Girls' v.2 - On Shelf,Graphic Novel/Manga::Valley Hi-North Laguna Teen Area: TEEN MANGA Monthly Girls' v.2 - On Shelf"
https://catalog.saclibrary.org/GroupedWork/bf245fa7-1a05-1b4d-bdb9-6972b5dba2ff-eng,"Kid owner","Green, Tim, 1963-",9780062293794,,"HarperCollins; Harper, an imprint of HarperCollinsPublishers",2015,"New York",eBook;Book,"Book::Arcade Children's Area: CHILDREN FICTION Green, T. - On Shelf,Book::Colonial Heights Children's Area: CHILDREN FICTION Green, T. - On Shelf,Book::Pocket-Greenhaven Kids' Place: CHILDREN FICTION Green, T. - On Shelf"
https://catalog.saclibrary.org/GroupedWork/6870b3c0-96bd-9729-4893-4dc12d781014-eng,"My basmati bat mitzvah","Freedman, Paula J",9781419708060,,"Abrams; Amulet Books",2013,"New York",eBook;Book,"Book::Franklin Children's: CHILDREN FICTION Freedman, P. - On Shelf,Book::Valley Hi-North Laguna Children's Area: CHILDREN FICTION Freedman, P. - On Shelf"
https://catalog.saclibrary.org/GroupedWork/8e97c574-198d-bfec-b6ba-453245107bc1-eng,"The teachers I loved best","Mali, Taylor",9780593565230,,"Books on Tape; Doubleday Books for Young Readers",2023,"New York","eAudiobook;Picture Book","Picture Book::Arcade Children's Area: PICTURE BOOK Mali, T. - On Shelf,Picture Book::Central Kids Place - Lower Level: PICTURE BOOK Mali, T. - On Shelf,Picture Book::Belle Cooledge Children's Area: PICTURE BOOK Mali, T. - On Shelf"
https://catalog.saclibrary.org/GroupedWork/029dc18b-26f5-2588-8fb1-7da7a68ef9f5-eng,"Made glorious","Eagar, Lindsay",9781536204674,,"Dreamscape Media; Candlewick Press",2024,"Somerville, Massachusetts",eAudiobook;Book;eBook,"Book::Central Teen Area - 3rd Floor: TEEN FICTION Eagar, L. - On Shelf,Book::Elk Grove Teen Area: TEEN FICTION Eagar, L. - On Shelf,Book::Orangevale: TEEN FICTION Eagar, L. - On Shelf"
https://catalog.saclibrary.org/GroupedWork/8b85435f-7cb5-4597-d7de-acd1bf07055a-eng,"Here, and only here","Dabos, Christelle, 1980-",9781609459567,,"Europa Editions",2023,"New York, NY",eBook;Book,"Book::Arcade Teen Area: TEEN FICTION Dabos, C. - On Shelf,Book::Elk Grove Teen Area: TEEN FICTION Dabos, C. - On Shelf,Book::McKinley Children's Area: TEEN FICTION Dabos, C. - On Shelf"
https://catalog.saclibrary.org/GroupedWork/1b31781e-9254-470d-82f4-51787b73dc35-eng,"Wanting Mor","Khan, Rukhsana, 1962-",9780888998583,,"Groundwood Books Ltd; Groundwood Books","2009 - 2021",Toronto,eBook;Book;eAudiobook,"Book::Valley Hi-North Laguna Teen Area: TEEN FICTION Khan, R. - On Shelf"
https://catalog.saclibrary.org/GroupedWork/e1de3e28-e139-e9ee-1ecf-eb21fb43dd2a-eng,"Rosie Woods in Little Red writing hood","Myers, Maya",9781484688304,,"Capstone; Picture Window Books, a Capstone imprint",2024,"North Mankato, Minnesota",eBook;Book,"Book::Carmichael Children's Area: MOVING UP Myers, M. - On Shelf,Book::Elk Grove Kids' Place: MOVING UP Myers, M. - Checked Out,Book::North Natomas Children's Area: MOVING UP Myers, M. - On Shelf"
https://catalog.saclibrary.org/GroupedWork/a18b0c09-d1cb-685d-5e1a-afddbd6474cb-eng,"Dream on","Hale, Shannon",9781250843074,,"Roaring Brook Press",2025,"New York","Graphic Novel/Manga;eComic","Graphic Novel/Manga::Carmichael Children's Area: CHILDREN GRAPHIC NOVEL Hale, S. - Checked Out,Graphic Novel/Manga::Central Kids Place - Lower Level: CHILDREN GRAPHIC NOVEL Hale, S. - Checked Out,Graphic Novel/Manga::McKinley Children's Area: CHILDREN GRAPHIC NOVEL Hale, S. - Checked Out"
https://catalog.saclibrary.org/GroupedWork/6c9a256c-1e41-977a-a3fc-8580a1c701ca-eng,Captivity,"Smith, Roland, 1951-",9781534113299,,"Sleeping Bear Press",2024,"Ann Arbor, MI",eBook;Book,"Book::Arcade Children's Area: CHILDREN FICTION Smith, R. - On Shelf,Book::Colonial Heights Children's Area: CHILDREN FICTION Smith, R. - On Shelf,Book::Fair Oaks Children's Area: CHILDREN FICTION Smith, R. - On Shelf"
https://catalog.saclibrary.org/GroupedWork/de40adea-5edf-d95c-7782-cfbb6124f62d-eng,"The reckless club","Vrabel, Beth",9780762490400,,"RP Kids; Running Press",2018,Philadelphia,eBook;Book,"Book::Galt Children's Area: CHILDREN FICTION Vrabel, B. - On Shelf,Book::McClatchy Children's Area: CHILDREN FICTION Vrabel, B. - Checked Out,Book::South Natomas Children's Area: CHILDREN FICTION Vrabel, B. - On Shelf"
https://catalog.saclibrary.org/GroupedWork/369db471-8639-2354-3f43-14b4f41891a8-eng,"The sword and the sophomore","Sweany, B. P",9781956694147,,"Recorded Books, Inc.; 3WS Books",2024,"Ocean City, MD",eAudiobook;Book,"Book::Carmichael Teen Area: TEEN FICTION Sweany, B. - On Shelf,Book::Elk Grove Teen Area: TEEN FICTION Sweany, B. - On Shelf,Book::North Natomas: TEEN FICTION Sweany, B. - On Shelf"
https://catalog.saclibrary.org/GroupedWork/5128d924-e544-ccd4-fc52-3cc7e5fce33c-eng,"Skip!: a graphic novel","Burgess, Sarah (Illustrator)",9781524884543,,"Andrews Mcmeel Publishing",2023,"Kansas City, Missouri","Graphic Novel/Manga","Graphic Novel/Manga::Arcade Children's Area: CHILDREN GRAPHIC NOVEL Burgess, S. - On Shelf,Graphic Novel/Manga::Carmichael Children's Area: CHILDREN GRAPHIC NOVEL Burgess, S. - On Shelf,Graphic Novel/Manga::Central Kids Place - Lower Level: CHILDREN GRAPHIC NOVEL Burgess, S. - On Shelf"
https://catalog.saclibrary.org/GroupedWork/e8a3431e-4fa0-fa07-ce6a-e8ae37120619-eng,"It's showtime!: a Pepper and Frannie Story","Odell, Catherine Lazar",9781624149399,,"Page Street Kids",2020,"Salem, MA","Picture Book","Picture Book::Carmichael Children's Area: PICTURE BOOK Odell, C. - Checked Out,Picture Book::Fair Oaks Children's Area: PICTURE BOOK Odell, C. - Checked Out,Picture Book::Isleton Children's Area: PICTURE BOOK Odell, C. - On Shelf"
https://catalog.saclibrary.org/GroupedWork/f3a37d8c-197c-dc92-d5a8-3bb489b12e2b-eng,"My youth romantic comedy is wrong, as I expected @ comic: 20","Watari, Wataru",9781975391119,,"Yen Press",2024,"New York, NY","Graphic Novel/Manga","Graphic Novel/Manga::Elk Grove Teen Area: TEEN MANGA My Youth v.20 - On Shelf,Graphic Novel/Manga::South Natomas Teen Area: TEEN MANGA My Youth v.20 - On Shelf,Graphic Novel/Manga::Pocket-Greenhaven Teen Area: TEEN MANGA My Youth v.20 - On Shelf"
https://catalog.saclibrary.org/GroupedWork/f7a95124-7f2f-93f7-f804-d4b97cd7e464-eng,"Jellicoe Road","Marchetta, Melina, 1965-",9780061431845,,"HarperTeen; HarperCollins","2008 - 2010","New York, NY",eBook;Book,
https://catalog.saclibrary.org/GroupedWork/f501b75a-3371-9c6c-8a57-9d427c0bc264-eng,"I want to be a vase","Torres, Julio (Comedian)",9781534493902,,"Atheneum Books for Young Readers",2022,"New York","Picture Book;eBook","Picture Book::Carmichael Children's Area: PICTURE BOOK Torres, J. - Checked Out,Picture Book::Central Kids Place - Lower Level: PICTURE BOOK Torres, J. - Checked Out,Picture Book::Colonial Heights Children's Area: PICTURE BOOK Torres, J. - Checked Out"
https://catalog.saclibrary.org/GroupedWork/6cac9362-f1ee-f237-a5c0-3131f3b1382d-eng,"Best friends-ish","Higgins, Carter",9781452183947,,"Recorded Books, Inc.; Chronicle Books LLC; Chronicle Books","2021 - 2023","San Francisco",eBook;Book;eAudiobook,"Book::Arcade Children's Area: MOVING UP Higgins, C. - On Shelf,Book::Carmichael Children's Area: MOVING UP Higgins, C. - On Shelf,Book::Fair Oaks Children's Area: MOVING UP Higgins, C. - On Shelf"
https://catalog.saclibrary.org/GroupedWork/69b05b75-4054-1e26-837e-ba37ec209817-eng,"The border","Schafer, Steve",9781492646839,,"Sourcebooks Inc; Sourcebooks; Sourcebooks Fire",2017,"Naperville, Illinois",eBook;Book,
https://catalog.saclibrary.org/GroupedWork/04339065-a207-3ffb-4894-ff1888802972-eng,"Out of control","Towers, Andrea",9781524888671,,"Simon & Schuster Audio; Andrews McMeel Publishing",2024,"Kansas City, Missouri",Book;eAudiobook,"Book::Central Kids Place - Lower Level: CHILDREN FICTION Towers, A. - On Shelf,Book::Belle Cooledge Children's Area: CHILDREN FICTION Towers, A. - On Shelf,Book::North Sacramento-Hagginwood Children's Area: CHILDREN FICTION Towers, A. - On Shelf"
https://catalog.saclibrary.org/GroupedWork/e5d7fa50-3fcf-b120-acd8-eb730eb8ab13-eng,"The show must go on","Kear, Nicole C",9781250086686,,Imprint,2017,"New York",eBook;Book,"Book::Fair Oaks Children's Area: MOVING UP Kear, N. - Checked Out,Book::Franklin Children's: MOVING UP Kear, N. - Checked Out,Book::Rio Linda Children's Area: MOVING UP Kear, N. - On Shelf"
https://catalog.saclibrary.org/GroupedWork/1b38d98a-7630-153a-e9b2-d1a183a7cc20-eng,"Anyway, I'm falling in love with you: 4","Mitsui, Haruka",9798888771181,,Kodansha,2024,"New York, NY","Graphic Novel/Manga","Graphic Novel/Manga::Del Paso Heights Teen Area: TEEN MANGA Anyway I'm v.4 - On Shelf,Graphic Novel/Manga::Fair Oaks Teen Area: TEEN MANGA Anyway I'm v.4 - Checked Out,Graphic Novel/Manga::McKinley Children's Area: TEEN MANGA Anyway I'm v.4 - On Shelf"
https://catalog.saclibrary.org/GroupedWork/7ff965d6-ead8-6e6e-0fca-bd6a78280a11-eng,"Wander in the dark","Emill, Jumata",9780593651858,,"Books on Tape; Delacorte Press",2024,"New York",eAudiobook;Book,"Book::Central Teen Area - 3rd Floor: TEEN FICTION Emill, J. - On Shelf,Book::Elk Grove Teen Area: TEEN FICTION Emill, J. - On Shelf,Book::North Natomas: TEEN FICTION Emill, J. - On Shelf"
https://catalog.saclibrary.org/GroupedWork/9e04670f-46ee-b91f-1ba6-9e280fb405ac-eng,"Sammy Keyes and the search for Snake Eyes","Van Draanen, Wendelin",9780440419006,,"Alfred A. Knopf; Random House Children's Books; Live Oak Media","2002 - 2008","New York",eAudiobook;eBook;Book,"Book::Southgate Children's Area: CHILDREN FICTION Van Draanen, W. - On Shelf,Book::Sacramento Public Library Storage: CHILDREN FICTION Van Draanen, W. - On Shelf"
https://catalog.saclibrary.org/GroupedWork/01e7715b-4665-44c9-319b-3bb63988021e-eng,"It's not like it's a secret","Sugiura, Misa",9780062473417,,"HarperCollins; HarperTeen, an imprint of HarperCollinsPublishers",2017,"New York, New York",eAudiobook;eBook;Book,"Book::Carmichael Teen Area: TEEN FICTION Sugiura, M. - On Shelf,Book::North Natomas: TEEN FICTION Sugiura, M. - On Shelf,Book::Southgate Teen Area: TEEN FICTION Sugiura, M. - On Shelf"
https://catalog.saclibrary.org/GroupedWork/fab138e9-b021-7803-a62b-e450aa5cad39-eng,"Sonic the Hedgehog: extreme Competition",,9798887241739,,"IDW Publishing",2025,"Sherman Oaks, CA","Graphic Novel/Manga","Graphic Novel/Manga::Belle Cooledge Children's Area: CHILDREN GRAPHIC NOVEL Sonic v.18 - Checked Out,Graphic Novel/Manga::Franklin Children's: CHILDREN GRAPHIC NOVEL Sonic v.18 - On Shelf,Graphic Novel/Manga::North Natomas Children's Area: CHILDREN GRAPHIC NOVEL Sonic v.18 - Checked Out"
https://catalog.saclibrary.org/GroupedWork/444343c5-7277-30cc-7d97-018c241468c3-eng,"The Noh family","Shim, Grace K",9780593462737,,"Books on Tape; Kokila",2022,"New York",eAudiobook;Book,"Book::Elk Grove Teen Area: TEEN FICTION Shim, G. - On Shelf,Book::Rancho Cordova: TEEN FICTION Shim, G. - On Shelf,Book::Folsom Teen Room: TEEN FICTION Shim, G. - On Shelf"
https://catalog.saclibrary.org/GroupedWork/031e4a49-f301-0af7-9c23-be48e8593531-eng,"Genie wishes","Dahl, Elisabeth, 1969-",9781419705267,,"ABRAMS; Amulet Books",2013,"New York",eBook;Book,
https://catalog.saclibrary.org/GroupedWork/4bc0b4d9-5d88-4e24-560b-7e6f192266b5-eng,"Grumpy Bird","Tankard, Jeremy",9780439851473,,"Scholastic Press, an imprint of Scholastic; Scholastic Inc.; Scholastic Press","2007 - 2016","New York; New York, NY","Picture Book;Board Book;eBook","Picture Book::Central Kids Place - Lower Level: PICTURE BOOK Tankard, J. - On Hold Shelf,Picture Book::Belle Cooledge Children's Area: PICTURE BOOK Tankard, J. - Checked Out,Picture Book::Elk Grove Kids' Place: PICTURE BOOK Tankard, J. - On Shelf"
https://catalog.saclibrary.org/GroupedWork/5184bf1b-d7eb-9150-306d-0f0cba920f9e-eng,"Autumn's kiss: an Autumn Falls novel","Thorne, Bella, 1997-",9780385744355,,"Delacorte Press; Random House Children's Books",2015,"New York",eBook;Book,
https://catalog.saclibrary.org/GroupedWork/5d7fa27e-67ca-9758-bcf8-176a2523a8ad-eng,"Two truths and a lie","Shepard, Sara, 1977-",9780061869754,,"HarperTeen; HarperCollins",2012,"New York",eAudiobook;Book;eBook,
https://catalog.saclibrary.org/GroupedWork/88640ea3-6dcc-b30f-67aa-1fc302e641e5-eng,"Not about a boy","Hollis, Myah",9780063341982,,"HarperCollins; HarperTeen, an imprint of HarperCollinsPublishers",2024,"New York, NY",eAudiobook;eBook;Book,"Book::Central Teen Area - 3rd Floor: TEEN FICTION Hollis, M. - On Shelf,Book::Belle Cooledge Teen Area: TEEN FICTION Hollis, M. - On Shelf,Book::Franklin Teen: TEEN FICTION Hollis, M. - Checked Out"
https://catalog.saclibrary.org/GroupedWork/cd87e783-70f0-84e0-be50-c51a226956b6-eng,"Sweetness & lightning: Vol. 3","Amagakure, Gido",9781632363718,,"Kodansha Comics; Kodansha USA",2016,"New York","Graphic Novel/Manga;eComic","Graphic Novel/Manga::North Sacramento-Hagginwood Teen Area: TEEN MANGA Sweetness & v.3 - On Shelf,Graphic Novel/Manga::Sylvan Oaks Teen Area: TEEN MANGA Sweetness & v.3 - On Shelf,Graphic Novel/Manga::Valley Hi-North Laguna Teen Area: TEEN MANGA Sweetness & v.3 - On Shelf"
https://catalog.saclibrary.org/GroupedWork/53050956-262c-3e55-cba4-d966ec785ec0-eng,"Samantha Hansen has rocks in her head","Viau, Nancy",9780810972995,,"Schiffer Publishing; Amulet Books; Schiffer Kids","1905 - 2019","New York",eBook;Book,"Book::Rio Linda Children's Area: CHILDREN FICTION Viau, N. - On Shelf"
https://catalog.saclibrary.org/GroupedWork/e7b2c57e-ebcb-4e64-51ed-4e88502cf3ef-eng,"Sweetness & lightning: Vol. 2","Amagakure, Gido",9781632363701,,"Kodansha Comics, an imprint of Kodansha USA Publishing, LLC; Kodansha USA",2016,"New York","Graphic Novel/Manga;eComic","Graphic Novel/Manga::Central Teen Area - 3rd Floor: TEEN MANGA Sweetness & v.2 - On Shelf,Graphic Novel/Manga::Colonial Heights: TEEN MANGA Sweetness & v.2 - On Shelf,Graphic Novel/Manga::Franklin Teen: TEEN MANGA Sweetness & v.2 - On Shelf"
https://catalog.saclibrary.org/GroupedWork/2d87fa43-4729-26ac-0ed4-07cdad6b45b6-eng,"Campfire cookies","Freeman, Martha, 1956-",9781481448215,,"Simon & Schuster Books for Young Readers; Simon & Schuster/Paula Wiseman Books",2016,"New York",eBook;Book,"Book::Carmichael Children's Area: CHILDREN FICTION Freeman, M. - On Shelf,Book::Central Kids Place - Lower Level: CHILDREN FICTION Freeman, M. - On Shelf,Book::Valley Hi-North Laguna Children's Area: CHILDREN FICTION Freeman, M. - On Shelf"
https://catalog.saclibrary.org/GroupedWork/22061bba-9deb-ecee-30c5-66c3a9ac4038-eng,Zeroes,"Westerfeld, Scott",9781481443371,,"Simon & Schuster Audio; Simon & Schuster Books for Young Readers; Simon Pulse",2015,"New York",eAudiobook;Book;eBook,"Book::Arcade Teen Area: TEEN FICTION Westerfeld, S. - On Shelf,Book::Colusa Main Branch Teen Collection: YA Fic - On Shelf,Book::Folsom Teen Room: TEEN FICTION Westerfeld, S. - On Shelf"
https://catalog.saclibrary.org/GroupedWork/5a66ce65-e03f-4616-56ab-1f8e309593aa-eng,"The year we were famous","Dagg, Carole Estby",9780618999835,,"Clarion Books; HMH Books",2011,Boston,eBook;Book,
https://catalog.saclibrary.org/GroupedWork/469e7265-8d37-d9b7-a3a7-015d35cd4571-eng,"Wolf girl and black prince: 15","Hatta, Ayuko",9781974758258,,"VIZ Media",2025,"San Francisco, CA","Graphic Novel/Manga","Graphic Novel/Manga::Elk Grove Teen Area: TEEN MANGA Wolf Girl v.15 - On Shelf,Graphic Novel/Manga::South Natomas Teen Area: TEEN MANGA Wolf Girl v.15 - On Shelf,Graphic Novel/Manga::Orangevale: TEEN MANGA Wolf Girl v.15 - On Shelf"
https://catalog.saclibrary.org/GroupedWork/95ba42ea-15ba-e9aa-b069-bae0cc9e5c11-eng,"Delilah Dirk and the pillars of Hercules","Cliff, Tony (Comic book author)",9780606411059,,"First Second",2018,"New York, NY","Graphic Novel/Manga;eComic","Graphic Novel/Manga::Pocket-Greenhaven Teen Area: TEEN GRAPHIC NOVEL Cliff, T. - On Shelf,Graphic Novel/Manga::Valley Hi-North Laguna Teen Area: TEEN GRAPHIC NOVEL Cliff, T. - On Shelf,Graphic Novel/Manga::Colusa Main Branch Teen Collection: YA Fic - On Shelf"
https://catalog.saclibrary.org/GroupedWork/7e8cf717-83da-8768-d44e-192b61f0a7fd-eng,"Pumpkin spice secrets","Homzie, Hillary",9781510730458,,"Sky Pony; Sky Pony Press",2017,"New York",eBook;Book,
https://catalog.saclibrary.org/GroupedWork/288af930-ebac-5ebc-61b1-a3551267a206-eng,"The Breakaways","Johnson, Cathy G",9781626723573,,"First Second",2019,"New York","Graphic Novel/Manga;eComic",
https://catalog.saclibrary.org/GroupedWork/6cbbd8bd-b0d9-ea00-12e1-fd294783a339-eng,"Avalon High","Cabot, Meg",9780060755867,,"HarperCollins; HarperCollinsPublishers; Books on Tape","2006 - 2009","New York",eAudiobook;eBook;Book,
https://catalog.saclibrary.org/GroupedWork/fd6a78d8-f2f4-74bd-ad67-b56c9e90a2af-eng,Changes,"Higgin, Bella",9781998341009,,"Wattpad Books; Wattpad WEBTOON Book Group",2025,"Toronto, ON",eBook;Book,"Book::Carmichael Teen Area: TEEN FICTION Higgin, B. - On Shelf,Book::Central Teen Area - 3rd Floor: TEEN FICTION Higgin, B. - On Shelf,Book::Southgate Teen Area: TEEN FICTION Higgin, B. - On Shelf"
https://catalog.saclibrary.org/GroupedWork/e05395b6-7f18-81dc-ec61-03652faa9a4c-eng,"Flash burnout: a novel","Madigan, L. K",9780547404936,,"Houghton Mifflin; HarperCollins",2009,"Boston, Mass",eBook;Book,"Book::Franklin Teen: TEEN FICTION Madigan, L. - On Shelf"
https://catalog.saclibrary.org/GroupedWork/0d147927-105b-af07-ccb8-c074a7b13865-eng,"Girl on fire","Keys, Alicia",9780063029569,,"HarperAlly, an imprint of HarperCollinsPublishers; HarperCollins Publishers",2022,"New York, NY","Graphic Novel/Manga;eComic","Graphic Novel/Manga::Carmichael Teen Area: TEEN GRAPHIC NOVEL Girl on Fire - On Shelf,Graphic Novel/Manga::Colusa Main Branch Teen Collection: YA Graphic - On Shelf,Graphic Novel/Manga::Folsom Teen Room: TEEN GRAPHIX Keys, A. - On Shelf"
https://catalog.saclibrary.org/GroupedWork/663476ab-7552-d84e-de34-e8cbd6343ee7-eng,"How we fall apart","Zhao, Katie",9781547603978,,"Bloomsbury; Bloomsbury Publishing",2021,"New York",eAudiobook;eBook;Book,"Book::Arcade Teen Area: TEEN FICTION Zhao, K. - On Shelf,Book::Elk Grove Teen Area: TEEN FICTION Zhao, K. - On Shelf,Book::Franklin Teen: TEEN FICTION Zhao, K. - On Shelf"
https://catalog.saclibrary.org/GroupedWork/df7948b4-5ca8-7533-eed3-7b1168428cf4-eng,"The truth about keeping secrets","Brown, Savannah (Young adult author)",9781728209678,,"Penguin Random House Children's UK; Sourcebooks Inc; Sourcebooks; Sourcebooks Fire","2019 - 2020","Naperville, Illinois",eAudiobook;eBook;Book,
https://catalog.saclibrary.org/GroupedWork/2102de3e-11cf-8599-11f6-d992be7d09e8-eng,"House of women","Goldstein, Sophie",9781683960515,,"Fantagraphics Books",2017,Seattle,"Graphic Novel/Manga;eComic","Graphic Novel/Manga::Carmichael: GRAPHIC NOVEL Goldstein, S. - On Shelf,Graphic Novel/Manga::Central: GRAPHIC NOVEL Goldstein, S. - On Shelf"
https://catalog.saclibrary.org/GroupedWork/f221f2c1-9add-c9ab-fcf4-7ce1dbf49236-eng,"Clockwork prince","Clare, Cassandra",9781416975892,,"Simon & Schuster Audio; Margaret K. McElderry Books",2011,"New York",eAudiobook;Book;eBook,"Book::North Natomas: TEEN FICTION Clare, C. - On Shelf,Book::Valley Hi-North Laguna Teen Area: TEEN FICTION Clare, C. - On Shelf,Book::Barber Branch: TEEN FICTION Clare, C. - On Shelf"
https://catalog.saclibrary.org/GroupedWork/dbf162af-f5e1-27f2-2313-0d231716e9e0-eng,"The revenge","Jayne, Hannah",9781492647362,,"Tantor Media, Inc.; Sourcebooks Inc; Sourcebooks Fire",2017,"Naperville, Illinois",eBook;Book;eAudiobook,"Book::Carmichael Teen Area: TEEN FICTION Jayne, H. - On Shelf,Book::North Natomas: TEEN FICTION Jayne, H. - On Shelf,Book::Valley Hi-North Laguna Teen Area: TEEN FICTION Jayne, H. - On Shelf"
https://catalog.saclibrary.org/GroupedWork/2e3cd029-833e-b733-32a2-ab1b01269906-eng,"The spy who raised me","Anderson, Ted, 1985-",9781728412917,,"Graphic Universe; Lerner Publishing Group",2021,"Minneapolis, MN","Graphic Novel/Manga;eComic","Graphic Novel/Manga::Central Teen Area - 3rd Floor: TEEN GRAPHIC NOVEL Spy Who Raised - On Shelf,Graphic Novel/Manga::Colusa Main Branch Teen Collection: YA Graphic - On Shelf,Graphic Novel/Manga::Sacramento Public Library Storage: TEEN GRAPHIC NOVEL Spy Who Raised - On Shelf"
https://catalog.saclibrary.org/GroupedWork/ee1cf11f-7937-2d6e-5392-f85b5d4c2948-eng,"Then everything happens at once","Girard, M-E",9780063206687,,"HarperCollins; HarperTeen, an imprint of HarperCollinsPublishers",2023,"New York, NY",eAudiobook;eBook;Book,"Book::Carmichael Teen Area: TEEN FICTION Girard, M. - On Shelf,Book::Central Teen Area - 3rd Floor: TEEN FICTION Girard, M. - On Shelf,Book::Belle Cooledge Teen Area: TEEN FICTION Girard, M. - On Shelf"
https://catalog.saclibrary.org/GroupedWork/c845c2bb-fd9f-f206-f337-6751448b054f-eng,"The boy who dared","Bartoletti, Susan Campbell",9780439680134,,"Listening Library; Scholastic Inc.; Books on Tape; Scholastic Press","2008 - 2017","New York","eAudiobook;Audiobook - CD;eBook;Book",
https://catalog.saclibrary.org/GroupedWork/d8ebdf3d-d1d4-73e2-7f71-f44d12193142-eng,"Lucky ducklings","Moore, Eva",9780439448611,,"Orchard Books; Scholastic Inc.","2013 - 2014","New York","Picture Book;eAudiobook","Picture Book::Central Kids Place - Lower Level: PICTURE BOOK Moore, E. - On Shelf,Picture Book::Barber Branch: PICTURE BOOK Moore, E. - On Shelf,Picture Book::Maxwell Branch Library Children's Collection: E - On Shelf"
https://catalog.saclibrary.org/GroupedWork/7348320f-aba5-4d47-b2ee-9015c3e227bf-eng,"The Big Wig Parade","Ballinger, Bryan",9781648230257,,POW!,2023,"New York","Picture Book","Picture Book::Belle Cooledge Children's Area: PICTURE BOOK Ballinger, B. - Checked Out,Picture Book::Rio Linda Children's Area: PICTURE BOOK Ballinger, B. - On Shelf,Picture Book::Sacramento Public Library Storage: PICTURE BOOK Ballinger, B. - On Shelf"
https://catalog.saclibrary.org/GroupedWork/2e8b10e4-219d-c7e2-7aee-023eb0ecf68c-eng,"Catch me if I fall","Jonsberg, Barry, 1951-",9781773068916,,"Tantor Media, Inc.; Groundwood Books, House of Anasi Press; Tantor Media, Inc; Groundwood Books Ltd",2023,Toronto,eAudiobook;eBook;Book,"Book::Carmichael Children's Area: CHILDREN FICTION Jonsberg, B. - On Shelf,Book::Colonial Heights Children's Area: CHILDREN FICTION Jonsberg, B. - On Shelf,Book::Elk Grove Kids' Place: CHILDREN FICTION Jonsberg, B. - Checked Out"
https://catalog.saclibrary.org/GroupedWork/66f5527e-1778-71c6-822d-bb97a65cdcf4-eng,"ACCA 13: Territory Inspection Department. 5","Ono, Natsume, 1977-",9780316446822,,"Yen Press",2018,"New York, NY","Graphic Novel/Manga","Graphic Novel/Manga::Central Teen Area - 3rd Floor: TEEN MANGA ACCA 13 v.5 - On Shelf,Graphic Novel/Manga::South Natomas Teen Area: TEEN MANGA ACCA 13 v.5 - On Shelf,Graphic Novel/Manga::Pocket-Greenhaven Teen Area: TEEN MANGA ACCA 13 v.5 - On Shelf"
https://catalog.saclibrary.org/GroupedWork/46ce3dfd-6b8a-1c92-c92c-150d856661e7-eng,"After we fell","Todd, Anna",9781476792507,,"Simon & Schuster Audio; Gallery Books",2014,"New York",eAudiobook;Book,"Book::Central: FICTION Todd, A. - On Shelf,Book::Colusa Main Branch Adult Collection: Fic - On Shelf,Book::Folsom Adult: FICTION Todd, A. - On Shelf"
https://catalog.saclibrary.org/GroupedWork/9ad0b5b5-866e-e087-ca56-fbe169243f32-eng,"Saints of the household","Tison, Ari",9780374389499,,"Farrar, Straus and Giroux (BYR); Farrar Straus Giroux; OrangeSky Audio; Spotify Audiobooks",2023,"New York",eAudiobook;Book;eBook,"Book::Central Teen Area - 3rd Floor: TEEN FICTION Tison, A. - On Shelf,Book::Elk Grove Teen Area: TEEN FICTION Tison, A. - On Shelf,Book::North Natomas: TEEN FICTION Tison, A. - On Shelf"
https://catalog.saclibrary.org/GroupedWork/2568e9c7-6cca-5939-8b9f-96771cbe97e4-eng,"Five, six, seven, Nate!","Federle, Tim",9781442446939,,"Simon & Schuster Audio; Simon & Schuster Books for Young Readers",2014,"New York",eAudiobook;Book,"Book::Arcade Children's Area: CHILDREN FICTION Federle, T. - On Shelf,Book::Grimes Branch Library Juvenile Collection: J Fic - On Shelf"
https://catalog.saclibrary.org/GroupedWork/da6fea45-bd0b-bec6-665f-23505a65059f-eng,"The downstairs girl","Lee, Stacey (Stacey Heather)",9781524740955,,"Tantor Media, Inc; G.P. Putnam's Sons; Penguin Young Readers Group",2019,"New York",eAudiobook;Book;eBook,"Book::Arcade Teen Area: TEEN FICTION Lee, S. - On Shelf,Book::Belle Cooledge Teen Area: TEEN FICTION Lee, S. - On Shelf,Book::Elk Grove Teen Area: TEEN FICTION Lee, S. - On Shelf"
https://catalog.saclibrary.org/GroupedWork/59975958-57ea-3670-d004-f1fd809ed8bc-eng,"My perfect family","VanBrakle, Khadijah",9780823454860,,"Recorded Books, Inc.; Holiday House",2025,"New York",eAudiobook;Book;eBook,"Book::Arcade Teen Area: TEEN FICTION VanBrakle, K. - On Shelf,Book::Central Teen Area - 3rd Floor: TEEN FICTION VanBrakle, K. - Checked Out,Book::Fair Oaks Teen Area: TEEN FICTION VanBrakle, K. - On Shelf"
https://catalog.saclibrary.org/GroupedWork/b349a36b-9d6f-6a0b-b843-74bc511ffa55-eng,"The deceivers","Simmons, Kristen",9781250175793,,"Recorded Books, Inc.; Tor Teen",2019,"New York",Book;eAudiobook,"Book::Belle Cooledge Teen Area: TEEN FICTION Simmons, K. - On Shelf,Book::Folsom Teen Room: TEEN FICTION Simmons, K. - On Shelf,Book::Sacramento Public Library Storage: TEEN FICTION Simmons, K. - On Shelf"
https://catalog.saclibrary.org/GroupedWork/0bf722e6-d343-695e-2eb0-bd89caa547e3-eng,"It's the end of the world and I'm in my bathing suit","Reynolds, Justin A",9781338740233,,"Scholastic Inc.; Scholastic Press",2022,"New York",eAudiobook;eBook;Book,"Book::Carmichael Children's Area: CHILDREN FICTION Reynolds, J. - On Shelf,Book::Central Kids Place - Lower Level: CHILDREN FICTION Reynolds, J. - On Shelf,Book::Elk Grove Kids' Place: CHILDREN FICTION Reynolds, J. - On Hold Shelf"
https://catalog.saclibrary.org/GroupedWork/167d751d-f5e0-5ec1-fbfd-cf79201a1b07-eng,"Northanger Abbey","Austen, Jane, 1775-1817",9780141197715,,"Dalmatian Press Classics; Penguin; Reader's Digest Association; Duke Classics; Blackstone Publishing; Little, Brown, and Company; Penguin Books; Barnes & Noble Classics; Zodiac Press; Penguin Classics; AudioGO; Wordsworth Editions; Dover Publications; Modern Library; Sweet Cherry Publishing","1903 - 2020","Pleasantville, N.Y; New York; New York, N.Y; London; Ware, Hertfordshire; [England]; Leicester; [Franklin, TN?]; Harmondsworth; Boston",eAudiobook;eBook;Book,"Book::Fair Oaks: FICTION Austen, J. - On Shelf,Book::Franklin: FICTION Austen, J. - On Shelf,Book::South Natomas: FICTION Austen, J. - On Shelf"
https://catalog.saclibrary.org/GroupedWork/80dfe773-4509-8bdb-93ef-6ccd9fdbedf9-eng,"The Riverdale diaries: Vol. 1, Hello, Betty!","Kuhn, Sarah (Author)",9781499810554,,"BuzzPop, Archie Publications, Inc",2020,"New York, NY","Graphic Novel/Manga","Graphic Novel/Manga::Carmichael Children's Area: CHILDREN GRAPHIC NOVEL Archie v.1 - On Shelf,Graphic Novel/Manga::Central Kids Place - Lower Level: CHILDREN GRAPHIC NOVEL Archie v.1 - Checked Out,Graphic Novel/Manga::Colonial Heights Children's Area: CHILDREN GRAPHIC NOVEL Archie v.1 - On Shelf"
https://catalog.saclibrary.org/GroupedWork/94200328-b600-e9b6-b015-e6841792e43a-eng,"Rilla of Ingleside","Montgomery, L. M. (Lucy Maud), 1874-1942",9780349004518,,"Project Gutenberg; Start Publishing LLC; Virago; Tantor Media, Inc; Dreamscape Media; Duke Classics; Aladdin","2011 - 2018","New York; London",eAudiobook;eBook;Book,"Book::Carmichael Children's Area: CHILDREN FICTION Montgomery, L. - On Shelf,Book::Central Kids Place - Lower Level: CHILDREN FICTION Montgomery, L. - On Shelf,Book::Elk Grove Kids' Place: CHILDREN FICTION Montgomery, L. - On Shelf"
https://catalog.saclibrary.org/GroupedWork/70f565ce-7645-b291-6908-a865662cebe5-eng,"Sammy Keyes and the night of skulls","Van Draanen, Wendelin",9780375854576,,"Alfred A. Knopf; Random House Children's Books; Live Oak Media","2011 - 2015","New York",eAudiobook;eBook;Book,"Book::Franklin Children's: CHILDREN FICTION Van Draanen, W. - On Shelf"
https://catalog.saclibrary.org/GroupedWork/f340dc6f-ea39-cf03-903b-0779495d2e55-eng,"Chasing the prophecy","Mull, Brandon, 1974-",9781416997979,,"Simon & Schuster Audio; Aladdin",2013,"New York",eAudiobook;Book;eBook,"Book::North Natomas Children's Area: CHILDREN FICTION Mull, B. - On Shelf,Book::Sacramento Public Library Storage: CHILDREN FICTION Mull, B. - On Hold Shelf,Book::Princeton Branch Library Juvenile Collection: J Fic - On Shelf"
https://catalog.saclibrary.org/GroupedWork/16ff6df2-d645-e931-8f00-0d516481d5bb-eng,"Stephen McCranie's space boy: Volume 10","McCranie, Stephen, 1987-",9781544459103,,"Dark Horse Books",2021,"Milwaukie, OR","Graphic Novel/Manga","Graphic Novel/Manga::Central Teen Area - 3rd Floor: TEEN GRAPHIC NOVEL Space Boy v.10 - On Shelf,Graphic Novel/Manga::South Natomas Teen Area: TEEN GRAPHIC NOVEL Space Boy v.10 - On Shelf,Graphic Novel/Manga::Southgate Teen Area: TEEN GRAPHIC NOVEL Space Boy v.10 - On Shelf"
https://catalog.saclibrary.org/GroupedWork/30b2590a-8f6a-c4c1-5ddf-39ee61d95db0-eng,"The melancholy of summer","Onomé, Louisa",9781250823564,,"Feiwel & Friends",2023,"New York",eBook;Book,"Book::South Natomas Teen Area: TEEN FICTION Onome, L. - On Shelf,Book::North Natomas: TEEN FICTION Onome, L. - On Shelf,Book::Southgate Teen Area: TEEN FICTION Onome, L. - On Shelf"
https://catalog.saclibrary.org/GroupedWork/abf668c0-0b4d-633c-2d4b-7200c5d9127f-eng,"Seven ways we lie","Redgate, Riley",9781419719448,,"Abrams; ABRAMS; Amulet Books",2016,"New York",eBook;Book,"Book::Franklin Teen: TEEN FICTION Redgate, R. - On Shelf,Book::Walnut Grove Teen Area: TEEN FICTION Redgate, R. - On Shelf,Book::Sacramento Public Library Storage: TEEN FICTION Redgate, R. - On Shelf"
https://catalog.saclibrary.org/GroupedWork/b15e5f06-c6a5-bb26-fbe6-7b6a3a578efe-eng,"Words matter: the story of Hans and Sophie Scholl, and the White Rose Resistance","Fitch Pazner, Anita, 1966-",9781773069708,,"Groundwood Books Ltd; Groundwood Books",2025,Toronto,eBook;Book,"Book::Carmichael Children's Area: CHILDREN 940.5343 F545 2025 - On Shelf,Book::Central Kids Place - Lower Level: CHILDREN 940.5343 F545 2025 - On Shelf,Book::Galt Children's Area: CHILDREN 940.5343 F545 2025 - On Shelf"
https://catalog.saclibrary.org/GroupedWork/c0cd8b99-0997-66f9-699b-e37477b329d7-eng,"The wolves are watching","Lund, Natalie",9780593351093,,"Books on Tape; Viking, an imprint of Penguin Random House LLC",2022,"New York",eAudiobook;Book,"Book::Fair Oaks Teen Area: TEEN FICTION Lund, N. - Checked Out,Book::Franklin Teen: TEEN FICTION Lund, N. - On Shelf,Book::North Natomas: TEEN FICTION Lund, N. - On Shelf"
https://catalog.saclibrary.org/GroupedWork/a4d0dc49-8ddf-2ae2-1df0-267152c667c0-eng,"I'm gonna get you back","Des Lauriers, Eva",9781250910578,,"Recorded Books, Inc.; Henry Holt and Co. (BYR); Henry Holt and Company",2026,"New York",eAudiobook;Book;eBook,"Book::Arcade Teen Area: TEEN FICTION Lauriers, E. - On Shelf,Book::Carmichael Teen Area: TEEN FICTION Lauriers, E. - On Shelf,Book::Fair Oaks Teen Area: TEEN FICTION Lauriers, E. - Checked Out"
https://catalog.saclibrary.org/GroupedWork/dc9b17b8-3564-2693-82e0-28be1aa2f154-eng,"The education of Margot Sanchez","Rivera, Lilliam",9781481472128,,"Recorded Books, Inc.; Simon & Schuster BFYR; Simon & Schuster Books for Young Readers",2017,"New York",eAudiobook;Book;eBook,"Book::North Natomas: TEEN FICTION Rivera, L. - On Shelf"
https://catalog.saclibrary.org/GroupedWork/3c8eca6e-aece-4413-1616-0639940f0179-eng,"You can't hide","Poblocki, Dan",9780545925518,,"Scholastic Inc.; Scholastic Inc","2016 - 2017","New York, NY",eAudiobook;eBook;Book,
https://catalog.saclibrary.org/GroupedWork/18014901-9f99-d3d6-0c38-596405e60361-eng,"Jasmine Toguchi, brave explorer","Florence, Debbi Michiko",9780374389321,,"Farrar, Straus and Giroux (BYR); Farrar Straus Giroux; Spotify Audiobooks",2022,"New York",eAudiobook;Book;eBook,"Book::Central Kids Place - Lower Level: MOVING UP Florence, D. - On Shelf,Book::Isleton Children's Area: MOVING UP Florence, D. - On Shelf,Book::South Natomas Children's Area: MOVING UP Florence, D. - Checked Out"
https://catalog.saclibrary.org/GroupedWork/e65cdb44-3e4d-68b6-b368-43531e9688c2-eng,"Blonde ops: a novel","Bennardo, Charlotte",9781250030399,,"Thomas Dunne Books, St. Martin's Griffin; St. Martin's Publishing Group",2014,"New York",eBook;Book,"Book::Arcade Teen Area: TEEN FICTION Bennardo, C. - On Shelf"
https://catalog.saclibrary.org/GroupedWork/5b31a437-1177-2e17-627e-308b8a5bdd40-eng,"How (not) to date a pop star","Trainor, Jada",9781990259869,,"Wattpad Books",2023,"Ontario, Canada",Book,"Book::Central Teen Area - 3rd Floor: TEEN FICTION Trainor, J. - On Shelf,Book::Elk Grove Teen Area: TEEN FICTION Trainor, J. - On Shelf,Book::Fair Oaks Teen Area: TEEN FICTION Trainor, J. - Checked Out"
https://catalog.saclibrary.org/GroupedWork/bff8febc-4c4e-374e-cc29-2e584002492b-eng,East,"Pattou, Edith",9780152045630,,"Harcourt; Clarion Books; HarperCollins; Books on Tape","2003 - 2012",Orlando,eAudiobook;eBook;Book,
https://catalog.saclibrary.org/GroupedWork/b349ff7b-26cb-c35c-d741-d020b06f1656-eng,"Almond, Quartz, and Finch","Bunker, Lisa",9781929777310,,"New Wind Publishing; Findaway Voices",2023,"[s.l.]; Sacramento, CA",eBook;Book;eAudiobook,"Book::Central Teen Area - 3rd Floor: TEEN FICTION Bunker, L. - In Transit"
https://catalog.saclibrary.org/GroupedWork/394e85d7-324c-8dd4-aeed-fb2ceb6ce797-eng,"The universe is expanding and so am I","Mackler, Carolyn",9781681195995,,"Recorded Books, Inc.; Bloomsbury; Bloomsbury Publishing",2018,"New York",eAudiobook;Book;eBook,"Book::Franklin Teen: TEEN FICTION Mackler, C. - On Shelf,Book::North Natomas: TEEN FICTION Mackler, C. - On Shelf"
https://catalog.saclibrary.org/GroupedWork/d66a3d62-a16e-72d1-85b1-9411c6c4f99f-eng,"Luna express","Whyte, Campbell, 1984-",9781603095808,,"Top Shelf Productions",2026,"Sherman Oaks, CA","Graphic Novel/Manga","Graphic Novel/Manga::Central Teen Area - 3rd Floor: TEEN GRAPHIC NOVEL Whyte, C. - On Shelf,Graphic Novel/Manga::Elk Grove Teen Area: TEEN GRAPHIC NOVEL Whyte, C. - On Shelf,Graphic Novel/Manga::Fair Oaks Teen Area: TEEN GRAPHIC NOVEL Whyte, C. - On Shelf"
https://catalog.saclibrary.org/GroupedWork/c28f2163-be41-25a3-2478-167804a7eaf9-eng,Skim,"Tamaki, Mariko",9780888999641,,"Groundwood Books Ltd; Groundwood Books","2008 - 2014","Berkeley [Calif.]; Toronto [Ont.]","Graphic Novel/Manga;eComic",
https://catalog.saclibrary.org/GroupedWork/b326c6a3-61d1-b49f-8d80-3bb952f6a9b9-eng,"American royals","McGee, Katharine",9781984830173,,"Random House Children's Books; Random House; Books on Tape",2019,"New York",eAudiobook;Book;eBook,"Book::Arcade Teen Area: TEEN FICTION McGee, K. - On Shelf,Book::Central Teen Area - 3rd Floor: TEEN FICTION McGee, K. - On Shelf,Book::Elk Grove Teen Area: TEEN FICTION McGee, K. - Checked Out"
https://catalog.saclibrary.org/GroupedWork/a6692a69-8297-6ccc-ed84-bc055db0cfa8-eng,"The Treasure of the Black Swan","Roca, Paco (Comic book artist)",9781683965787,,"Fantagraphics Books",2022,"Seattle, WA","Graphic Novel/Manga;eComic","Graphic Novel/Manga::Carmichael: GRAPHIC NOVEL Roca, P. - On Shelf,Graphic Novel/Manga::Elk Grove: GRAPHIC NOVEL Roca, P. - On Shelf,Graphic Novel/Manga::Rancho Cordova: GRAPHIC NOVEL Roca, P. - On Shelf"
https://catalog.saclibrary.org/GroupedWork/b49fe887-1f34-ae64-efe0-e959469d7eec-eng,"Sweetness & lightning: Vol. 5","Amagakure, Gido",9781632364012,,"Kodansha Comics; Kodansha USA","2016 - 2017","New York","Graphic Novel/Manga;eComic","Graphic Novel/Manga::Carmichael Teen Area: TEEN MANGA Sweetness & v.5 - On Shelf,Graphic Novel/Manga::North Natomas: TEEN MANGA Sweetness & v.5 - On Shelf"
https://catalog.saclibrary.org/GroupedWork/cd8f33bd-a773-e085-c84f-700f9cd8a2c7-eng,"The retake","Calonita, Jen",9780593174142,,"Delacorte Press; Random House Children's Books; Books on Tape","2020 - 2022","New York",eAudiobook;Book;eBook,"Book::Franklin Children's: CHILDREN FICTION Calonita, J. - On Shelf,Book::Galt Children's Area: CHILDREN FICTION Calonita, J. - On Shelf,Book::Pocket-Greenhaven Kids' Place: CHILDREN FICTION Calonita, J. - On Shelf"
https://catalog.saclibrary.org/GroupedWork/8782d31c-e607-9840-5cba-dd1d757485ad-eng,Strike,"Dawson, Delilah S",9781481423427,,"Simon & Schuster Audio; Simon Pulse",2016,"New York",eAudiobook;Book,"Book::South Natomas Teen Area: TEEN FICTION Dawson, D. - On Shelf,Book::Pocket-Greenhaven Teen Area: TEEN FICTION Dawson, D. - On Shelf"
https://catalog.saclibrary.org/GroupedWork/bf57bbc4-2ffb-c5de-2231-b10d729cd34a-eng,"Bug Girl","Harper, Benjamin",9781250106612,,Imprint,2017,"New York",eBook;Book,"Book::Central Kids Place - Lower Level: CHILDREN FICTION Harper, B. - On Shelf,Book::Elk Grove Kids' Place: CHILDREN FICTION Harper, B. - On Shelf,Book::Sacramento Public Library Storage: CHILDREN FICTION Harper, B. - On Shelf"
https://catalog.saclibrary.org/GroupedWork/318fb39f-458b-0c07-d7a6-bc7b0788f3a8-eng,"Caught up","Abrams, Amir",9780758294784,,"Dafina KTeen Books; Kensington Books",2014,"New York",eBook;Book,"Book::North Natomas: TEEN FICTION Abrams, A. - On Shelf,Book::Sacramento Public Library Storage: TEEN FICTION Abrams, A. - On Shelf"
https://catalog.saclibrary.org/GroupedWork/291b2e91-e9da-db0c-2a83-aa032d91e619-eng,"Grasshopper jungle","Smith, Andrew (Andrew Anselmo), 1959-",9780142425008,,"Dutton Books, an imprint of Penguin Group (USA), LLC; Books on Tape; Penguin Young Readers Group",2014,"New York, New York",eAudiobook;eBook;Book,"Book::Valley Hi-North Laguna Teen Area: TEEN FICTION Smith, A. - Checked Out,Book::Sacramento Public Library Storage: TEEN FICTION Smith, A. - On Shelf"
https://catalog.saclibrary.org/GroupedWork/6700fa4c-5b0a-0596-eefa-fe9f619b84ea-eng,"The haunting of Gabriel Ashe","Poblocki, Dan",9780545402705,,"Scholastic Inc.; Scholastic Press",2013,"New York",eBook;Book,"Book::South Natomas Children's Area: CHILDREN FICTION Poblocki, D. - On Shelf,Book::Rancho Children's Area: CHILDREN FICTION Poblocki, D. - Checked Out"
https://catalog.saclibrary.org/GroupedWork/da065a79-5423-0285-fda5-49cc1ec9c83a-eng,"If you find me: [a novel]","Murdoch, Emily",9781250021526,,"St. Martin's Griffin; Blackstone Publishing",2013,"New York",eAudiobook;Book,
