Link,Title,Author,ISBN,UPC,Publisher,"Publish Date","Place of Publication",Format,"Location & Call Number"
https://catalog.saclibrary.org/GroupedWork/a6d684f8-efb2-012a-e683-d8c9d5be2e95-eng,"Drama, rumors & secrets: staying true to yourself in changing times","Holyoke, Nancy",9781609589035,,"American Girl Publishing",2015,"Middleton, WI",Book,"Book::Franklin Children's: CHILDREN 305.23082 H761 2015 - Checked Out,Book::Isleton Children's Area: CHILDREN 305.23082 H761 2015 - On Shelf,Book::Pocket-Greenhaven Kids' Place: CHILDREN 305.23082 H761 2015 - On Shelf"
https://catalog.saclibrary.org/GroupedWork/de1f7840-0272-1e3e-e43d-47ab82379497-eng,"Writing Drama","Schwartz, Heather E",9798765688816,,"Lerner Publishing Group; Lerner Publications (Tm)",2026,,eBook;Book,"Book::Central Kids Place - Lower Level: ON ORDER - On Order,Book::Sacramento Public Library: ON ORDER - On Order"
https://catalog.saclibrary.org/GroupedWork/cf68b2d6-893a-4d0d-b52b-22b9ee8524b1-eng,"Honeybee rescue: a backyard drama","Burns, Loree Griffin",9781623542399,,Charlesbridge,2022,"Watertown, MA",eBook;Book,"Book::Arcade Children's Area: CHILDREN 595.799 B967 2022 - On Shelf,Book::Carmichael Children's Area: CHILDREN 595.799 B967 2022 - On Shelf,Book::Central Kids Place - Lower Level: CHILDREN 595.799 B967 2022 - On Shelf"
https://catalog.saclibrary.org/GroupedWork/e5c5edeb-b62a-387b-b02b-bc9d376163c8-eng,"Drama school","Manning, Mick",9780753451786,,Kingfisher,1999,"New York",Book,
https://catalog.saclibrary.org/GroupedWork/b1ea5c7a-a9b9-b82e-43fe-f7b6931909e5-eng,"Besties, sleepovers, and drama queens: questions and answers about friends","Loewen, Nancy, 1964-",9781491418598,,"Capstone Press, a capstone imprint; Capstone",2015,"North Mankato, Minnesota",eBook;Book,"Book::Belle Cooledge Children's Area: CHILDREN 302.34 L827 2015 - On Shelf,Book::Del Paso Heights Children's Area: CHILDREN 302.34 L827 2015 - On Shelf,Book::Elk Grove Kids' Place: CHILDREN 302.34 L827 2015 - On Shelf"
https://catalog.saclibrary.org/GroupedWork/a45a1096-333f-409e-8ef8-c0d9f3094676-eng,"Our town: a play in three acts","Wilder, Thornton, 1897-1975",9780060512637,,"Coward McCann, inc; HarperCollins; Harper Perennial; Perennial Classics","1938 - 2020","New York",eBook;Book,"Book::Central: 812 W673o 2020 - On Shelf,Book::Colonial Heights: 812 W673o 2020 - On Shelf,Book::Carmichael: 812 W673o 2003a - On Shelf"
https://catalog.saclibrary.org/GroupedWork/f8c24373-3726-27d5-3af3-805c304a7f72-eng,"Life skills for teenage girls: how to be healthy, avoid drama, manage money, be confident, fix your car, unclog your sink, and other important skills teen girls should know!","Harris, Karen (Author at Spotlight Media (Firm))",9781951806460,,"Spotlight Media",2022,"[Place of publication not identified]",Book,"Book::Central Teen Area - 3rd Floor: TEEN 305.2352 H314 2022 - On Shelf,Book::Fair Oaks Teen Area: TEEN 305.2352 H314 2022 - On Shelf,Book::Rancho Cordova: TEEN 305.2352 H314 2022 - Checked Out"
https://catalog.saclibrary.org/GroupedWork/64fbfadc-c596-f97d-73f4-4793f6de9c9a-eng,"Measure for measure","Shakespeare, William, 1564-1616",9780140714791,,"Interactive Media; Wilder Publications, Inc.; Project Gutenberg; Ft. Raphael Publishing Company; Cambridge University Press; Shakespeare Stories; Folio Society; Blackstone Publishing; Washington Square Press; Penguin Books; Yale University Press; Neeland Media LLC","1954 - 2024","New York; New York, N.Y; New Haven; Cambridge; New York, NY, USA; London, England",eBook;Book;eAudiobook,"Book::South Natomas: 822.33 P1M936 2005 - On Shelf,Book::Folsom Adult: 822.33 MEASURE 2005 - On Shelf,Book::Valley Hi-North Laguna: 822.33 P1C927 2000 - On Shelf"
https://catalog.saclibrary.org/GroupedWork/0d62ee3e-861b-67fe-ffe1-ad667bee2c61-eng,"The jumbo book of drama","Dunleavy, Deborah",9781553370086,,"Kids Can Press",2004,Toronto,Book,
https://catalog.saclibrary.org/GroupedWork/5578d696-70bf-a5ca-f526-9731550f59e7-eng,"Follow the drinking gourd: come along the Underground Railroad","Coleman, Wim",9781939656117,,"Red Chair Press|Lerner Publishing Group; Red Chair Press","2014 - 2015","South Egremont, MA",eBook;Book,"Book::Central Kids Place - Lower Level: CHILDREN 812.54 C692 2015 - On Shelf,Book::North Natomas Children's Area: CHILDREN 812.54 C692 2015 - On Shelf"
https://catalog.saclibrary.org/GroupedWork/98edc658-1817-41c2-2d1c-daeb8cfc7837-eng,"Suffrage sisters: the fight for liberty","Mead, Maggie",9781939656698,,"Red Chair Press|Lerner Publishing Group; Red Chair Press",2015,"South Egremont, MA",eBook;Book,"Book::Arcade Children's Area: CHILDREN 812.6 M479s 2015 - On Shelf,Book::Belle Cooledge Children's Area: CHILDREN 812.6 M479s 2015 - On Shelf,Book::North Natomas Children's Area: CHILDREN 812.6 M479s 2015 - On Shelf"
https://catalog.saclibrary.org/GroupedWork/58b703d9-a115-cdf0-5d49-3ab80618bf80-eng,"Plays from mythology: grades 4-6","McCullough, L. E",9781575251103,,"DavidNiallWilson; Smith and Kraus","1998 - 2017","Lyme, NH",eBook;Book,"Book::Valley Hi-North Laguna Children's Area: CHILDREN 812 M133p3 1998 - On Shelf"
https://catalog.saclibrary.org/GroupedWork/c5f4790b-5502-b0e4-d321-fe6b16be6111-eng,"Progressivism, the Great Depression, and the New Deal, 1901-1941","Collier, Christopher, 1930-",9780761410546,,"Benchmark Books/Marshall Cavendish; Blackstone Publishing","2001 - 2013","New York",eAudiobook;eBook;Book,"Book::Carmichael Children's Area: CHILDREN 973.91 C699 2001 - On Shelf,Book::Rancho Children's Area: CHILDREN 973.91 C699 2001 - On Shelf"
https://catalog.saclibrary.org/GroupedWork/b14a5cc4-edd4-9ed0-14a4-fb29b70adbd0-eng,"The paradox of Jamestown, 1585-1700","Collier, Christopher, 1930-",9780761404378,,"Benchmark Books; Blackstone Publishing","1998 - 2013","New York",eBook;Book;eAudiobook,"Book::Galt Children's Area: CHILDREN 975.5 C699 1998 - On Shelf"
https://catalog.saclibrary.org/GroupedWork/87d91354-48e1-23a2-50f3-b27ebbe51575-eng,"Creating the Constitution, 1787","Collier, Christopher, 1930-",9780761407768,,"Benchmark Books; Blackstone Publishing","1999 - 2013","New York",eAudiobook;eBook;Book,"Book::Valley Hi-North Laguna Children's Area: CHILDREN 342.73 C699 1999 - On Shelf"
https://catalog.saclibrary.org/GroupedWork/83d3cf2c-72ff-1a2c-1fce-ece97933c663-eng,"Sequoyah and his talking leaves: a play about the Cherokee syllabary","Coleman, Wim",9781939656360,,"Red Chair Press|Lerner Publishing Group; Red Chair Press","2014 - 2015","South Egremont, MA",eBook;Book,"Book::Franklin Children's: CHILDREN 812.54 S479 2015 - On Shelf"
https://catalog.saclibrary.org/GroupedWork/679aaeda-930f-6be5-eb67-c8fc9663f1e4-eng,"Girl talk: questions and answers about daily dramas, disasters, and delights","Loewen, Nancy, 1964-",9781623702182,,"Capstone Young Readers, a Capstone imprint",2015,"North Mankato, Minnesota",Book,"Book::Galt Children's Area: CHILDREN 305.23 L827 2015 - On Shelf,Book::Pocket-Greenhaven Kids' Place: CHILDREN 305.23 L827 2015 - On Shelf,Book::Rancho Children's Area: CHILDREN 305.23 L827 2015 - On Shelf"
https://catalog.saclibrary.org/GroupedWork/db86e1ee-bcbb-009e-e8a9-7c9e0fd351bc-eng,"Exploring the West: tales of courage on the Lewis and Clark Expedition","Mead, Margaret R",9781939656667,,"Red Chair Press",2015,"South Egremont, MA",Book,"Book::Elk Grove Kids' Place: CHILDREN 812.6 M479 2015 - On Shelf,Book::Valley Hi-North Laguna Children's Area: CHILDREN 812.6 M479 2015 - On Shelf"
https://catalog.saclibrary.org/GroupedWork/67f45a37-8ee4-77ec-e92f-990c0c8496ec-eng,"On stage: theater games and activities for kids","Bany-Winters, Lisa",9781613740736,,"Chicago Review Press",2012,Chicago,eBook;Book,"Book::Carmichael Children's Area: CHILDREN 792.02 B219 2012 - On Shelf,Book::Folsom Children's Area: CHILDREN 792.02 BAN 2012 - On Shelf"
https://catalog.saclibrary.org/GroupedWork/18443c64-3382-d9cd-19e2-39010cbebe3f-eng,"101 dialogues, sketches + skits: instant theatre for teens and tweens","Rooyackers, Paul",9781630269272,,"Hunter House, an imprint of Turner Publishing Company",2014,"Nashville, Tennessee",Book,"Book::Central Kids Place - Lower Level: CHILDREN 808.8026 R783 2014 - Checked Out,Book::Colonial Heights Children's Area: CHILDREN 808.8026 R783 2014 - On Shelf,Book::Belle Cooledge Children's Area: CHILDREN 808.8026 R783 2014 - On Shelf"
https://catalog.saclibrary.org/GroupedWork/2febd7af-3dac-8267-c606-9272fae8e192-eng,"Putting on a play: drama activities for kids","Jacobs, Paul DuBois",9781586857677,,"Gibbs Smith",2005,"Salt Lake City, Utah",Book,
https://catalog.saclibrary.org/GroupedWork/4e9071d4-ccaa-3258-e6d6-f1b39670f04f-eng,"Munsch at play act 2: eight more stage adaptations","Watts, Irene N",9781554513581,,"Annick Press; Distributed in the U.S.A by Firefly Books; Annick Press (U.S)",2011,"Buffalo, NY; Toronto",eBook;Book,"Book::Pocket-Greenhaven Kids' Place: CHILDREN 812.54 M969zw2 2011 - On Shelf"
https://catalog.saclibrary.org/GroupedWork/4f007225-16cc-2b34-f0da-fa6bee4335dd-eng,"How Hamilton made it to the stage","Boehme, Gerry",9781502635075,,"Cavendish Square Publishing, LLC; Cavendish Square","2018 - 2019","New York",eBook;Book,"Book::Carmichael Children's Area: CHILDREN 792.642 B671 2019 - On Shelf,Book::Courtland Children's Area: CHILDREN 792.642 B671 2019 - On Shelf,Book::Del Paso Heights Children's Area: CHILDREN 792.642 B671 2019 - On Shelf"
https://catalog.saclibrary.org/GroupedWork/41f1355e-c637-b424-d84c-28a14630f384-eng,"Writing and staging real-life plays","Guillain, Charlotte",9781484627716,,"Heinemann-Raintree, a Capstone imprint; Capstone","2016 - 2021","Chicago, Illinois",eBook;Book,"Book::Carmichael Children's Area: CHILDREN 792.0226 G957 2016 - On Shelf,Book::Central Kids Place - Lower Level: CHILDREN 792.0226 G957 2016 - On Shelf,Book::Elk Grove Kids' Place: CHILDREN 792.0226 G957 2016 - On Shelf"
https://catalog.saclibrary.org/GroupedWork/5a13cfed-21c6-9c2c-773a-c89a679f69a5-eng,"Contemporary monologues for young actors","Parker, Douglas M. (Playwright)",9781500716073,,"Beat by Beat Press",2014,"[Place of publication not identified]",Book,"Book::Pocket-Greenhaven Kids' Place: CHILDREN 812.6 P238 2014 - On Shelf"
https://catalog.saclibrary.org/GroupedWork/bb1bbd41-3c0f-cd51-decd-6aaf604eceaa-eng,"Joseph and the amazing Technicolor dreamcoat","Lloyd Webber, Andrew, 1948-",9781843651031,,"Pavilion Children's",2012,London,"Picture Book","Picture Book::Central Kids Place - Lower Level: PICTURE BOOK Lloyd Webber, A. - On Shelf,Picture Book::Franklin Children's: PICTURE BOOK Lloyd Webber, A. - On Shelf,Picture Book::Sacramento Public Library Storage: PICTURE BOOK Lloyd Webber, A. - On Shelf"
https://catalog.saclibrary.org/GroupedWork/038b04b5-d2b1-245f-312a-9d6c5b1d63ac-eng,"All the world's your stage: Shakespeare for today","Karim-Cooper, Farah",9780593966952,,"DK Publishing, a division of Penguin Random House LLC",2025,"New York, NY",Book,"Book::Carmichael Children's Area: CHILDREN 822.33 K183 2025 - On Shelf,Book::Central Kids Place - Lower Level: CHILDREN 822.33 K183 2025 - Checked Out,Book::Galt Children's Area: CHILDREN 822.33 K183 2025 - On Shelf"
https://catalog.saclibrary.org/GroupedWork/4455e0ec-20f2-0303-0252-6b8f610cc5fb-eng,"Write your own scripts","Prentice, Andrew (Andy)",9781805318651,,"Usborne Publishing Ltd",2023,London,Book,"Book::Colonial Heights Children's Area: CHILDREN 808.2 P927 2023 - On Shelf,Book::Franklin Children's: CHILDREN 808.2 P927 2023 - On Shelf,Book::Galt Children's Area: CHILDREN 808.2 P927 2023 - On Shelf"
https://catalog.saclibrary.org/GroupedWork/02a7de4e-2ab9-1ce2-f12c-ee9b8cf0f595-eng,"Bravo, Mr. William Shakespeare!","Williams, Marcia, 1945-",9780763612092,,"Candlewick Press",2000,"Cambridge, Mass",Book,"Book::Rancho Children's Area: CHILDREN 822.33 HW725b 2000 - On Shelf"
https://catalog.saclibrary.org/GroupedWork/db5a53e1-503f-5a6a-c65d-ff923acba120-eng,"The diary of Anne Frank","Goodrich, Frances",9781982767518,,"Author's Republic; Random House; HN Publishing","1956 - 2019","New York",Book;eAudiobook,
https://catalog.saclibrary.org/GroupedWork/89899825-537f-c8af-ba34-0dba06085f0f-eng,"Fun with folk tales: six plays in verse with music and song","Sloane, Gertrude Lerned",,,Dutton,1942,"New York",Book,"Book::Sacramento Room: SPE 808.82 S634 1942 CHI - Library Use Only"
https://catalog.saclibrary.org/GroupedWork/492e380a-2c92-1b40-62c7-fd798e684f41-eng,"Anne Frank & me: a new play for multigenerational audiences","Bennett, Cherie",9780871297013,,"Dramatic Pub",1997,"Woodstock, Ill",Book,
https://catalog.saclibrary.org/GroupedWork/e69d871b-18a1-ad6d-788d-f4094f5cf504-eng,"The miracle worker","Gibson, William, 1914-2008",9780553247787,,"Bantam Books",1964,"New York",Book,
https://catalog.saclibrary.org/GroupedWork/cdb538d3-2315-1530-4c29-0645e187a085-eng,"Greek theatre","Ross, Stewart",9780872265974,,"P. Bedrick Books",1999,"Lincolnwood, Ill",Book,
https://catalog.saclibrary.org/GroupedWork/ff450883-945b-b0f8-6cb6-4ee96b928f39-eng,"Sleeping Beauty","Butterfield, Moira, 1960-",9781575726519,,"Heinemann Interactive Library",1998,"Des Plaines, Ill",Book,
https://catalog.saclibrary.org/GroupedWork/0c08ae4d-f931-668e-86da-32249067b950-eng,"Annie Mae jumps the broom","Williams, Diane",9781892455031,,"Desk Top Publishers",1999,"Topeka, KS",Book,
https://catalog.saclibrary.org/GroupedWork/3cea7e6c-2e2c-9788-ce9b-f9f00f21e086-eng,"Picture book theater: the mysterious stranger, the magic spell","De Regniers, Beatrice Schenk",9780899190617,,"Clarion Books",1982,"New York",Book,
https://catalog.saclibrary.org/GroupedWork/ca8a3ff6-5c76-ebf2-da7d-126a28e04e92-eng,"Tales from Shakespeare","Packer, Tina, 1938-",9780439321075,,"Alison Larkin Presents; Scholastic Press","2004 - 2020","New York",Book;eAudiobook,"Book::Carmichael Children's Area: CHILDREN 822.33 HP119 2004 - On Shelf,Book::Central Kids Place - Lower Level: CHILDREN 822.33 HP119 2004 - On Shelf,Book::Elk Grove Kids' Place: CHILDREN 822.33 HP119 2004 - On Shelf"
https://catalog.saclibrary.org/GroupedWork/3c9e4bcb-31c8-51de-9dc2-f9bee06e5240-eng,"Greek and Roman theater","Nardo, Don, 1947-",9781560062493,,"Lucent Books",1995,"San Diego, CA",Book,
https://catalog.saclibrary.org/GroupedWork/fc5a9a0a-c7f3-4e31-d7b4-639f14ba019a-eng,"Adrian and the tree of secrets","Hubert, 1971-",9781551525563,,"Arsenal Pulp Press",2014,Vancouver,"Graphic Novel/Manga;eComic","Graphic Novel/Manga::Carmichael Teen Area: TEEN GRAPHIC NOVEL Hubert - On Shelf"
https://catalog.saclibrary.org/GroupedWork/132d8fd2-d29d-6684-7b9d-e23cd52d38f4-eng,"The three little pigs","Butterfield, Moira, 1960-",9781575727196,,"Heinemann Library",1998,"Des Plaines, Ill",Book,
https://catalog.saclibrary.org/GroupedWork/a5fca6a5-d2ac-ed6d-cc1b-6eeda4a29b69-eng,"The tortoise and the hare","Butterfield, Moira, 1960-",9781575727219,,"Heinemann Library",1998,"Des Plaines, Ill",Book,
https://catalog.saclibrary.org/GroupedWork/56b7c32f-5536-5a5c-a4d6-51456368cebc-eng,"Goldilocks and the three bears","Butterfield, Moira, 1960-",9781575727202,,"Heinemann Library",1998,"Des Plaines, Ill",Book,
https://catalog.saclibrary.org/GroupedWork/130f8d25-3e3a-8f9d-2e95-8244beb8aed3-eng,"Star Wars","Polinsky, Paige V",9798886871456,,"Bellwether Media",2023,"Minneapolis, MN",eBook;Book,"Book::Arcade Children's Area: CHILDREN 791.4375 S795zp 2023 - On Shelf,Book::Carmichael Children's Area: CHILDREN 791.4375 S795zp 2023 - On Shelf,Book::Central Kids Place - Lower Level: CHILDREN 791.4375 S795zp 2023 - On Shelf"
https://catalog.saclibrary.org/GroupedWork/e7b9a8cd-3ded-8bac-c179-0e31440e28ab-eng,"Costume design in theater","Bjorklund, Ruth",9781502622778,,"Cavendish Square Publishing, LLC; Cavendish Square Publishing","2016 - 2017","New York",eBook;Book,"Book::Central Teen Area - 3rd Floor: TEEN 792.026 B626 2017 - On Shelf,Book::Galt Teen Area: TEEN 792.026 B626 2017 - On Shelf"
https://catalog.saclibrary.org/GroupedWork/63fa04ed-02d5-5e19-fef2-52f6fd6fa7e9-eng,"How to write a play","Minden, Cecilia",9781610806640,,"Cherry Lake Pub; Cherry Lake Publishing","2012 - 2013","Ann Arbor, Mich",eBook;Book,"Book::Carmichael Children's Area: CHILDREN 808.2 M663 2013 - On Shelf,Book::North Natomas Children's Area: CHILDREN 808.2 M663 2013 - On Shelf,Book::Orangevale: CHILDREN 808.2 M663 2013 - On Shelf"
https://catalog.saclibrary.org/GroupedWork/584b9307-62d9-e693-7b49-a41ff84bdca5-eng,"Be a film editor: polish the performance","Wood, Alix",9781508162667,,"PowerKids Press; The Rosen Publishing Group, Inc","2017 - 2018","New York",eBook;Book,"Book::Carmichael Children's Area: CHILDREN 791.4 W873 2018 - On Shelf,Book::Del Paso Heights Children's Area: CHILDREN 791.4 W873 2018 - On Shelf,Book::North Natomas Children's Area: CHILDREN 791.4 W873 2018 - On Shelf"
https://catalog.saclibrary.org/GroupedWork/2d3bc1f8-662a-e8f8-d06d-1b5150ad0b3f-eng,"Be a screenwriter: turn your idea into a script","Wood, Alix",9781538322802,,"PowerKids Press; The Rosen Publishing Group, Inc","2017 - 2018","New York",eBook;Book,"Book::Arcade Children's Area: CHILDREN 791.43 W873 2018 - On Shelf,Book::Pocket-Greenhaven Kids' Place: CHILDREN 791.43 W873 2018 - On Shelf"
https://catalog.saclibrary.org/GroupedWork/1f78ee82-fc89-2468-1c06-f7e568d70d6c-eng,"How Rent made it to the stage","Capaccio, George",9781502635112,,"Cavendish Square Publishing, LLC; Cavendish Square","2018 - 2019","New York",eBook;Book,"Book::Central Kids Place - Lower Level: CHILDREN 792.642 C236 2019 - On Shelf,Book::Valley Hi-North Laguna Children's Area: CHILDREN 792.642 C236 2019 - On Shelf"
https://catalog.saclibrary.org/GroupedWork/9c4f7545-a3cb-bff9-2cbc-dadeec8af903-eng,"How the Lion King made it to the stage","Capaccio, Nancy",9781502635082,,"Cavendish Square Publishing, LLC; Cavendish Square","2018 - 2019","New York",eBook;Book,"Book::Belle Cooledge Children's Area: CHILDREN 792.642 C2361 2019 - On Shelf,Book::Isleton Children's Area: CHILDREN 792.642 C2361 2019 - On Shelf,Book::Rancho Children's Area: CHILDREN 792.642 C2361 2019 - On Shelf"
https://catalog.saclibrary.org/GroupedWork/e3fa657a-2774-e96e-7b9f-b10193dada4d-eng,"Acting in theater","Capaccio, George",9781502622693,,"Cavendish Square Publishing, LLC; Cavendish Square Publishing","2016 - 2017","New York",eBook;Book,"Book::Fair Oaks Teen Area: TEEN 792.028023 C236 2017 - On Shelf,Book::Rancho Cordova: TEEN 792.028023 C236 2017 - On Shelf,Book::Valley Hi-North Laguna Teen Area: TEEN 792.028023 C236 2017 - On Shelf"
https://catalog.saclibrary.org/GroupedWork/8f26bf12-6495-df73-0a9a-a7f3b32fb236-eng,"The ugly duckling","Butterfield, Moira, 1960-",9781575727226,,"Heinemann Library",1998,"Des Plaines, Ill",Book,
https://catalog.saclibrary.org/GroupedWork/ef2996b9-8bcb-594c-953d-f35e1973f26e-eng,"Shakespeare's stories: comedies","Birch, Beverley",9780872261914,,"P. Bedrick Books",1988,"New York",Book,
https://catalog.saclibrary.org/GroupedWork/97b4ee9a-8433-92d6-41c3-7c23e9ed5dcd-eng,"Perfect wave: more essays on art and democracy","Hickey, Dave, 1940-2021",9780226333137,,"University of Chicago Press; The University of Chicago Press",2017,Chicago,eBook;Book,"Book::Arcade: 701 H628 2017 - On Shelf,Book::Central: 701 H628 2017 - On Shelf,Book::North Natomas: 701 H628 2017 - OFF CAMPUS"
https://catalog.saclibrary.org/GroupedWork/f92e8258-3d44-9908-d113-508e3389fbeb-eng,"Shakespeare's stories: Histories","Birch, Beverley",9780872261921,,"P. Bedrick Books",1988,"New York",Book,
https://catalog.saclibrary.org/GroupedWork/663d7f16-dd2a-44b2-fc71-1cf16df9bc3e-eng,"Life in motion: an unlikely ballerina","Copeland, Misty",9781481479806,,"Tantor Media, Inc.; Tantor Media, Inc; Touchstone; Aladdin","2014 - 2016","New York",eAudiobook;Book;eBook,"Book::Arcade Children's Area: CHILDREN BIOGRAPHY Copeland, M. 2016 - On Shelf,Book::North Natomas Children's Area: CHILDREN BIOGRAPHY Copeland, M. 2016 - On Shelf,Book::Pocket-Greenhaven Kids' Place: CHILDREN BIOGRAPHY Copeland, M. 2016 - In Transit"
https://catalog.saclibrary.org/GroupedWork/ae38c7b7-b309-d915-da16-61af2bede8c4-eng,"Lincoln: how Abraham Lincoln ended slavery in America","Holzer, Harold",9780062265111,,"HarperCollins; Newmarket Press for itBooks",2012,"New York, New York",eBook;Book,"Book::Central Teen Area - 3rd Floor: TEEN 973.7092 L736zh8 2012 - On Shelf,Book::Belle Cooledge Teen Area: TEEN 973.7092 L736zh8 2012 - On Shelf,Book::North Natomas: TEEN 973.7092 L736zh8 2012 - On Shelf"
https://catalog.saclibrary.org/GroupedWork/0141be57-b138-8551-e2cc-24ea50a3631b-eng,"The Maddie diaries","Ziegler, Maddie",9781501150678,,"Simon & Schuster Audio; Gallery Books",2017,"New York",eAudiobook;Book,"Book::Central Teen Area - 3rd Floor: TEEN 792.8092 Z664 2017 - On Shelf,Book::North Natomas: TEEN 792.8092 Z664 2017 - On Shelf,Book::Folsom Adult: TEEN 792.8092 ZIE 2017 - On Shelf"
https://catalog.saclibrary.org/GroupedWork/a50f2bb5-5061-567d-3acd-cc3e99bec54d-eng,Dancer,"Marsico, Katie, 1980-",9781610801300,,"Cherry Lake Pub; Cherry Lake Publishing","2011 - 2012","Ann Arbor, Mich",eBook;Book,"Book::Valley Hi-North Laguna Children's Area: CHILDREN 792.8 D173zm 2012 - On Shelf"
https://catalog.saclibrary.org/GroupedWork/aab0fe8c-cfbb-9aae-70b1-44c8bb21235d-eng,"Life in the Elizabethan theater","Yancey, Diane",9781560063438,,"Lucent Books",1997,"San Diego, CA",Book,
https://catalog.saclibrary.org/GroupedWork/19ce84d3-7815-6ece-5370-5c853d582846-eng,"Magic tricks with cards","Olson, Elsie, 1986-",9781541538948,,"Lerner Publishing Group; Lerner Publications Company",2019,"Minneapolis, Minnesota",eBook;Book,"Book::Central Kids Place - Lower Level: CHILDREN 793.85 O525 2019 - On Shelf,Book::Colonial Heights Children's Area: CHILDREN 793.85 O525 2019 - Checked Out,Book::Isleton Children's Area: CHILDREN 793.85 O525 2019 - On Shelf"
https://catalog.saclibrary.org/GroupedWork/2ac0d9b9-1406-acfc-dc2c-f455ca693fd7-eng,"Be a director of photography: make every shot count","Wood, Alix",9781538322741,,"PowerKids Press; The Rosen Publishing Group, Inc","2017 - 2018","New York",eBook;Book,"Book::Carmichael Children's Area: CHILDREN 507.8 W873 2018 - On Shelf"
https://catalog.saclibrary.org/GroupedWork/773b690b-0fba-cbb1-5e6b-7df91d0f75e5-eng,"Digital filmmaking for kids for dummies","Willoughby, Nick",9781119027409,,"Wiley; For Dummies, a Wiley brand",2015,"Hoboken, NJ",eBook;Book,"Book::North Natomas Children's Area: CHILDREN 791.4 W739 2015 - On Shelf"
https://catalog.saclibrary.org/GroupedWork/d4df86b2-5ef4-e9d9-5a0d-1fb503ee251d-eng,"Edgar Allan Poe","Poe, Edgar Allan, 1809-1849",9780806908205,,"Viking Press; Sterling Publishing; Naxos Audiobooks; Sterling Pub. Co","1945 - 2008","New York",Book;eAudiobook,"Book::Franklin Children's: CHILDREN FICTION Poe, E. - On Shelf,Book::Colonial Heights Children's Area: CHILDREN 811 P743 1995 - On Shelf,Book::Franklin Children's: CHILDREN 811 P743 1995 - On Shelf"
https://catalog.saclibrary.org/GroupedWork/4839d75f-4fb4-f4c4-c6f6-c417dbaceed0-eng,"Express yourself: a teen girl's guide to speaking up and being who you are","Roberts, Emily (Psychotherapist)",9781480687318,,"Instant Help Books, an imprint of New Harbinger Publications, Inc; New Harbinger Publications",2015,"Oakland, CA",eBook;Book,
https://catalog.saclibrary.org/GroupedWork/2159b7df-4746-ff5b-00b9-c4e3043d0f34-eng,Choreographer,"Marsico, Katie, 1980-",9781610801362,,"Cherry Lake Pub; Cherry Lake Publishing","2011 - 2012","Ann Arbor, MI",eBook;Book,"Book::Valley Hi-North Laguna Children's Area: CHILDREN 371.42 C551zm 2012 - On Shelf"
https://catalog.saclibrary.org/GroupedWork/3edc6993-48f3-6997-1139-9fb96c1cc571-eng,"Fab four friends: the boys who became the Beatles","Reich, Susanna",9780805094589,,"Henry Holt and Co. (BYR); Christy Ottaviano Books, Henry Holt and Company",2015,"New York",eBook;Book,"Book::Carmichael Children's Area: CHILDREN BIOGRAPHY Beatles 2015 - On Shelf,Book::Central Kids Place - Lower Level: CHILDREN BIOGRAPHY Beatles 2015 - On Shelf,Book::Galt Children's Area: CHILDREN BIOGRAPHY Beatles 2015 - On Shelf"
https://catalog.saclibrary.org/GroupedWork/e201a506-d371-c0c1-47f8-9c6af677e656-eng,"Visual effects","Green, Sara, 1964-",9781644870457,,"Bellwether Media",2020,"Minneapolis, MN",eBook;Book,"Book::Carmichael Children's Area: CHILDREN 777.9 G798 2020 - On Shelf"
https://catalog.saclibrary.org/GroupedWork/473c858b-f0f8-82a2-a320-5e5d71975dc1-eng,"Stunt performers","Cella, Clara",9781728475578,,"Lerner Publishing Group; Lerner Publications","2023 - 2024",Minneapolis,eBook;Book,"Book::Carmichael Children's Area: CHILDREN 791.4302 C393 2023 - On Shelf,Book::Central Kids Place - Lower Level: CHILDREN 791.4302 C393 2023 - On Shelf,Book::Fair Oaks Children's Area: CHILDREN 791.4302 C393 2023 - On Shelf"
https://catalog.saclibrary.org/GroupedWork/49265553-814d-c6c1-d161-c62209030d88-eng,Disney,"Green, Sara, 1964-",9781626172050,,"Bellwether Media","2015 - 2023","Minneapolis, MN",eBook;Book;eAudiobook,"Book::Carmichael Children's Area: CHILDREN 384.8 D612zg 2023 - On Shelf,Book::Central Kids Place - Lower Level: CHILDREN 384.8 D612zg 2023 - On Shelf,Book::Belle Cooledge Children's Area: CHILDREN 384.8 D612zg 2023 - On Shelf"
https://catalog.saclibrary.org/GroupedWork/3ae9fe4d-4866-5f11-c67f-591101d66087-eng,"The direction dance!: up, down, left, and right","Dahl, Michael",9781684102464,,"Cantata Learning",2019,"North Mankato, MN","Picture Book;eBook","Picture Book::Del Paso Heights Children's Area: PICTURE BOOK Dahl, M. - On Shelf,Picture Book::Rio Linda Children's Area: PICTURE BOOK Dahl, M. - On Shelf,Picture Book::Southgate Children's Area: PICTURE BOOK Dahl, M. - On Shelf"
https://catalog.saclibrary.org/GroupedWork/8a9938ce-f0b6-c418-24c0-f4e56c10aacf-eng,"They called us enemy","Takei, George, 1937-",9781603094504,,"IDW Publishing; Top Shelf Productions",2019,"Marietta, GA","Graphic Novel/Manga;eComic","Graphic Novel/Manga::Del Paso Heights Teen Area: TEEN GRAPHIC 940.5472 T136 2019 - In Transit,Graphic Novel/Manga::Fair Oaks Teen Area: TEEN GRAPHIC 940.5472 T136 2019 - On Hold Shelf,Graphic Novel/Manga::Franklin Teen: TEEN GRAPHIC 940.5472 T136 2019 - Checked Out"
https://catalog.saclibrary.org/GroupedWork/b896f43b-1408-258f-db07-fbcde9f8ec59-eng,"Maria Tallchief: prima ballerina","Moening, Kate",9781644872109,,"Bellwether Media",2021,"Minneapolis, MN","Easy Reader;eBook","Easy Reader::Arcade Children's Area: EASY READER 2 305.42 T147zm 2021 - On Shelf,Easy Reader::Carmichael Children's Area: EASY READER 2 305.42 T147zm 2021 - On Hold Shelf,Easy Reader::Belle Cooledge Children's Area: EASY READER 2 305.42 T147zm 2021 - On Shelf"
https://catalog.saclibrary.org/GroupedWork/efe0fa69-266f-5060-7d4e-dcde7e7916b5-eng,"A summer life","Soto, Gary",9780874515237,,"University Press of New England; Blackstone Publishing","1990 - 2013","Hanover, NH",Book;eAudiobook,"Book::Elk Grove: 811.54 S718 1990 - On Shelf"
https://catalog.saclibrary.org/GroupedWork/d0ba1f9a-3ab5-bda6-9b58-502a5775f7a3-eng,Ballet,"Lanier, Wendy Hinote",9781635172713,,"North Star Editions; Focus Readers; AV2; Lightbox Learning Inc.","2017 - 2021","New York, NY; Lake Elmo, MN",eBook;Book,"Book::Carmichael Children's Area: CHILDREN 792 L287 2021 - Checked Out,Book::Fair Oaks Children's Area: CHILDREN 792 L287 2021 - On Shelf,Book::Pocket-Greenhaven Kids' Place: CHILDREN 792 L287 2021 - On Shelf"
https://catalog.saclibrary.org/GroupedWork/798eb567-121d-e232-71f4-72a16ad4a29b-eng,"DIY circus lab for kids: a family-friendly guide for juggling, balancing, clowning and show-making","Davis, Jackie Leigh",9781631593475,,"Quarry Books; Quarry",2018,"Beverly, MA",eBook;Book,"Book::Arcade Children's Area: CHILDREN 791.3 D262 2018 - On Shelf,Book::Carmichael Children's Area: CHILDREN 791.3 D262 2018 - On Shelf,Book::Central Kids Place - Lower Level: CHILDREN 791.3 D262 2018 - On Shelf"
https://catalog.saclibrary.org/GroupedWork/0d125078-db51-8eec-8544-465ab846fa39-eng,"Working at a TV station","Raatma, Lucia",9781602799806,,"Cherry Lake Pub; Cherry Lake Publishing","2010 - 2011","Ann Arbor, MI",eBook;Book,"Book::Pocket-Greenhaven Kids' Place: CHILDREN 371.42 T269zr 2011 - On Shelf"
https://catalog.saclibrary.org/GroupedWork/d651e404-7aab-f749-c91a-2536d5c43918-eng,"Hip-hop dance","Lanier, Wendy Hinote",9781635172744,,"North Star Editions; Focus Readers; AV2; Lightbox Learning Inc.","2017 - 2021","East Burnsville; New York, NY",eBook;Book,"Book::Arcade Children's Area: CHILDREN 793.3 H663 2021 - Checked Out,Book::Carmichael Children's Area: CHILDREN 793.3 H663 2021 - On Shelf,Book::Isleton Children's Area: CHILDREN 793.3 H663 2021 - On Shelf"
https://catalog.saclibrary.org/GroupedWork/68f8fc58-9dfa-9437-7920-19c58ecad628-eng,"Irish dance","Lanier, Wendy Hinote",9781635172751,,"North Star Editions; Focus Readers; AV2; Lightbox Learning Inc.","2017 - 2021","East Burnsville; New York, NY",eBook;Book,"Book::Carmichael Children's Area: CHILDREN 793.3 L287i 2021 - On Shelf,Book::Central Kids Place - Lower Level: CHILDREN 793.3 L287i 2021 - On Shelf,Book::South Natomas Children's Area: CHILDREN 793.3 L287i 2021 - On Shelf"
https://catalog.saclibrary.org/GroupedWork/fa39503e-9b7a-1089-a58e-9157161b2177-eng,"The story of my tits","Hayden, Jennifer",9781623028404,,"IDW Publishing; Top Shelf Productions; Idea and Design Work, LLC","2015 - 2019","Marietta, GA, USA","Graphic Novel/Manga;eComic","Graphic Novel/Manga::Carmichael: GRAPHIC 616.99449 H414 2015 - On Shelf,Graphic Novel/Manga::Central: GRAPHIC 616.99449 H414 2015 - On Shelf,Graphic Novel/Manga::Belle Cooledge: GRAPHIC 616.99449 H414 2015 - On Shelf"
https://catalog.saclibrary.org/GroupedWork/67364a68-7e37-4b24-b8c2-af072b531095-eng,Scriptwriter,"Mullins, Matt",9781610801355,,"Cherry Lake Pub; Cherry Lake Publishing",2011,"Ann Arbor, Mich",eBook;Book,"Book::Valley Hi-North Laguna Children's Area: CHILDREN 808.2 S434zm 2011 - On Shelf"
https://catalog.saclibrary.org/GroupedWork/b7391463-4bdf-6fcd-fb92-5a33c5219477-eng,"Modern dance","Lanier, Wendy Hinote",9781635172775,,"North Star Editions; Focus Readers; Lightbox Learning Inc.","2017 - 2021","East Burnsville",eBook;Book,"Book::Carmichael Children's Area: CHILDREN 792.8 L287 2017 - On Shelf,Book::Fair Oaks Children's Area: CHILDREN 792.8 L287 2017 - On Shelf,Book::Orangevale: CHILDREN 792.8 L287 2017 - On Shelf"
https://catalog.saclibrary.org/GroupedWork/a397922e-5d8b-d75b-d13c-0a820fcbbc5d-eng,"101 more improv games for children and adults","Bedore, Bob",9780897936545,,"Turner Publishing Company; Hunter House Publications","2013 - 2014","Alameda, CA",eBook;Book,"Book::Pocket-Greenhaven: 792.028 B412 2014 - On Shelf"
https://catalog.saclibrary.org/GroupedWork/a4beecf6-d63c-4fc4-8905-f383a26e0132-eng,"Tap dance","Lanier, Wendy Hinote",9781635173437,,"North Star Editions; Focus Readers","2017 - 2018","Lake Elmo, Minnesota",eBook;Book,"Book::Carmichael Children's Area: CHILDREN 792.78 L287 2018 - Checked Out,Book::Franklin Children's: CHILDREN 792.78 L287 2018 - On Shelf,Book::Isleton Children's Area: CHILDREN 792.78 L287 2018 - On Shelf"
https://catalog.saclibrary.org/GroupedWork/b942c644-b7cd-9af0-366e-95d7c738bce0-eng,"Acting animals","Murray, Julie, 1969-",9781604535600,,"ABDO Pub. Co; ABDO Publishing Company","2009 - 2019","Edina, Minn",eBook;Book,"Book::Belle Cooledge Children's Area: CHILDREN 791.43 M982 2009 - On Shelf"
https://catalog.saclibrary.org/GroupedWork/81a835eb-101c-02b5-dbb5-d3946794e083-eng,Chucky,"Abdo, Kenny, 1986-",9781532127441,,"ABDO Publishing Company; Fly!, an imprint of Abdo Zoom","2019 - 2020","Minneapolis, Minnesota",eBook;Book,"Book::Arcade Children's Area: CHILDREN 791.4372 A135 2020 - On Shelf,Book::South Natomas Children's Area: CHILDREN 791.4372 A135 2020 - On Shelf,Book::Southgate Children's Area: CHILDREN 791.4372 A135 2020 - On Shelf"
https://catalog.saclibrary.org/GroupedWork/32f25052-60fc-ee81-6154-eff378642066-eng,"The women who built Hollywood: 12 trailblazers in front of and behind the camera","Rubin, Susan Goldman",9781662680106,,"Recorded Books, Inc.; Astra Publishing House; Calkins Creek, an imprint of Astra Books for Young Readers","2023 - 2024","New York",eBook;Book;eAudiobook,"Book::Arden-Dimick Children's Area: CHILDREN 791.4 R896 2023 - Checked Out,Book::Carmichael Children's Area: CHILDREN 791.4 R896 2023 - On Shelf,Book::Central Kids Place - Lower Level: CHILDREN 791.4 R896 2023 - On Shelf"
https://catalog.saclibrary.org/GroupedWork/10ae4a1b-410c-210b-de10-6791dd8f682b-eng,"Swan: the life and dance of Anna Pavlova","Snyder, Laurel",9781452118901,,"Chronicle Books LLC; Chronicle Books",2015,"San Francisco",eBook;Book,"Book::Colonial Heights Children's Area: CHILDREN BIOGRAPHY Pavlova, A. 2015 - On Shelf,Book::Elk Grove Kids' Place: CHILDREN BIOGRAPHY Pavlova, A. 2015 - On Shelf,Book::Franklin Children's: CHILDREN BIOGRAPHY Pavlova, A. 2015 - On Shelf"
https://catalog.saclibrary.org/GroupedWork/e9e52559-9beb-e128-26f8-4841d3f81ae5-eng,"The Wendy project","Osborne, Melissa Jane",9781545805275,,"Papercutz; Super Genius",2017,"New York","Graphic Novel/Manga;eComic","Graphic Novel/Manga::Elk Grove Teen Area: TEEN GRAPHIC NOVEL Osborne, M. - On Shelf,Graphic Novel/Manga::Sylvan Oaks Teen Area: TEEN GRAPHIC NOVEL Osborne, M. - On Shelf"
https://catalog.saclibrary.org/GroupedWork/b8b9c4fc-11a0-897a-de9b-7cd2dc574a7f-eng,"How to write a story","Messner, Kate",9781452156668,,"Chronicle Books LLC; Chronicle Books",2020,"San Francisco","Picture Book;eBook","Picture Book::Carmichael Children's Area: PICTURE BOOK Messner, K. - On Shelf,Picture Book::Franklin Children's: PICTURE BOOK Messner, K. - On Shelf,Picture Book::Sylvan Oaks Children's Area: PICTURE BOOK Messner, K. - Checked Out"
https://catalog.saclibrary.org/GroupedWork/6612431e-d179-6db1-5f24-d5ce75e78870-eng,"Misty Copeland: principal ballerina","Schwartz, Heather E",9781541597082,,"Lerner Publishing Group; Lerner Publications","2020 - 2021",Minneapolis,eBook;Book,"Book::Arcade Children's Area: CHILDREN BIOGRAPHY Copeland, M. 2021 - On Shelf,Book::Carmichael Children's Area: CHILDREN BIOGRAPHY Copeland, M. 2021 - On Shelf,Book::Elk Grove Kids' Place: CHILDREN BIOGRAPHY Copeland, M. 2021 - On Shelf"
https://catalog.saclibrary.org/GroupedWork/21217ef5-53eb-71e6-75bc-5615dda9cbab-eng,"Great careers in music","Rossiter, Brienna",9781644938454,,"North Star Editions; Focus Readers","2021 - 2022","Lake Elmo, MN",eBook;Book,"Book::Carmichael Children's Area: CHILDREN 780.23 R835 2022 - On Shelf,Book::Central Kids Place - Lower Level: CHILDREN 780.23 R835 2022 - On Shelf,Book::North Natomas Children's Area: CHILDREN 780.23 R835 2022 - On Shelf"
https://catalog.saclibrary.org/GroupedWork/998def45-6fe6-4ec8-4c63-00af4022541e-eng,"Blues music","Donohue, Moira Rose",9798889981978,,"North Star Editions; Focus Readers","2024 - 2025","Mendota Heights, MN",eBook;Book,"Book::Carmichael Children's Area: CHILDREN 781.643 D687 2025 - On Shelf,Book::Colonial Heights Children's Area: CHILDREN 781.643 D687 2025 - On Shelf,Book::McKinley Children's Area: CHILDREN 781.643 D687 2025 - On Shelf"
https://catalog.saclibrary.org/GroupedWork/304d1015-3cae-ba4c-6d6b-3ee82e7df08c-eng,"Liam Hemsworth: the Hunger Games' strong Survivor","Shaffer, Jody Jensen",9781467708838,,"Lerner Publishing Group|Lerner Publishing Group; Lerner Publications Co",2013,Minneapolis,eBook;Book,"Book::Elk Grove Kids' Place: CHILDREN BIOGRAPHY Hemsworth, L. - On Shelf"
https://catalog.saclibrary.org/GroupedWork/73c5639e-da9a-abf2-c1af-2f9a4875920b-eng,"Latin music","Argentine, Cynthia, 1966-",9798889982036,,"North Star Editions; Focus Readers","2024 - 2025","Mendota Heights, MN",eBook;Book,"Book::Colonial Heights Children's Area: CHILDREN 780.98 A691 2025 - On Shelf,Book::Belle Cooledge Children's Area: CHILDREN 780.98 A691 2025 - On Shelf,Book::Elk Grove Kids' Place: CHILDREN 780.98 A691 2025 - On Shelf"
https://catalog.saclibrary.org/GroupedWork/b34de2ed-5e63-c868-b19a-bc8032a8e3ac-eng,"Freddy Krueger","Abdo, Kenny, 1986-",9781532127458,,"ABDO Publishing Company; Fly!, an imprint of Abdo Zoom","2019 - 2020","Minneapolis, Minnesota",eBook;Book,"Book::Carmichael Children's Area: CHILDREN 791.4361 A135 2020 - On Shelf,Book::Central Kids Place - Lower Level: CHILDREN 791.4361 A135 2020 - On Shelf,Book::Rancho Children's Area: CHILDREN 791.4361 A135 2020 - On Shelf"
https://catalog.saclibrary.org/GroupedWork/b83cd306-6992-78e5-4101-799fdfa30fba-eng,"Ava Duvernay: movie director","Moening, Kate",9781644872079,,"Bellwether Media",2021,"Minneapolis, MN","Easy Reader;eBook","Easy Reader::Carmichael Children's Area: EASY READER 2 305.42 D985zm 2021 - On Shelf,Easy Reader::Belle Cooledge Children's Area: EASY READER 2 305.42 D985zm 2021 - On Shelf,Easy Reader::Elk Grove Kids' Place: EASY READER 2 305.42 D985zm 2021 - On Shelf"
https://catalog.saclibrary.org/GroupedWork/69d23e93-3af9-42cd-eb8a-f27a9151f83b-eng,"Paul Robeson: no one can silence me","Duberman, Martin B",9781620976494,,"The New Press",2021,"New York",Book,"Book::Arcade Teen Area: TEEN BIOGRAPHY Robeson, P. 2021 - Checked Out,Book::Central Teen Area - 3rd Floor: TEEN BIOGRAPHY Robeson, P. 2021 - On Shelf,Book::Del Paso Heights Teen Area: TEEN BIOGRAPHY Robeson, P. 2021 - On Shelf"
https://catalog.saclibrary.org/GroupedWork/68c8e1a5-bf88-6093-511f-cbdaa2db379a-eng,"Saturday night live: shaping TV comedy and American culture","Kaplan, Arie",9781467710862,,"Lerner Publishing Group|Lerner Publishing Group; Twenty-First Century Books; Lerner Publishing Group","2014 - 2015",Minneapolis,eBook;Book,"Book::Central Teen Area - 3rd Floor: TEEN 791.4572 K17 2015 - On Shelf,Book::Belle Cooledge Teen Area: TEEN 791.4572 K17 2015 - On Shelf"
https://catalog.saclibrary.org/GroupedWork/5c32f189-143e-69cf-0d5c-ede6552f18b8-eng,"Light filters in: poems","Kaufman, Caroline",9780062844682,,"HarperCollins; Harper, an imprint of HarperCollinsPublishers","2018 - 2019","New York, NY",eAudiobook;eBook;Book,"Book::Central Teen Area - 3rd Floor: TEEN 811 K212 2018 - On Shelf,Book::Fair Oaks Teen Area: TEEN 811 K212 2018 - On Shelf,Book::Sutter County Main Branch Teen Area: TEEN 811 KAU - On Shelf"
https://catalog.saclibrary.org/GroupedWork/3fec870f-a116-7cae-f426-f8e830e0c8b7-eng,"Jennifer Lawrence: The hunger games' girl on fire","Higgins, Nadia",9781467708814,,"Lerner Publishing Group|Lerner Publishing Group; Lerner Publishing Group; Lerner Publications Company","2013 - 2017",Minneapolis,eBook;Book;eAudiobook,"Book::North Natomas Children's Area: CHILDREN BIOGRAPHY Lawrence, J. 2013 - On Shelf,Book::Pocket-Greenhaven Kids' Place: CHILDREN BIOGRAPHY Lawrence, J. 2013 - On Shelf"
https://catalog.saclibrary.org/GroupedWork/3f1a642b-e4d8-739a-54a7-d48b2978dab5-eng,"The dead inside: a true story","Etler, Cyndy",9781492635734,,"Sourcebooks Inc; Sourcebooks; Sourcebooks Fire",2017,"Naperville, Illinois",eBook;Book,"Book::Central Teen Area - 3rd Floor: TEEN 362.29 E849 2017 - On Shelf,Book::Valley Hi-North Laguna Teen Area: TEEN 362.29 E849 2017 - On Shelf,Book::Folsom Adult: TEEN 362.2918 ETL 2017 - On Shelf"
https://catalog.saclibrary.org/GroupedWork/a21f5342-19b0-7910-ca3e-4052c8574079-eng,"Ballet for Martha: making Appalachian Spring","Greenberg, Jan, 1942-",9781596433380,,"RB/Flash Point; Roaring Brook Press",2010,"New York",eBook;Book,"Book::Carmichael Children's Area: CHILDREN 792.8 G798 2010 - On Shelf,Book::Central Kids Place - Lower Level: CHILDREN 792.8 G798 2010 - On Shelf,Book::Belle Cooledge Children's Area: CHILDREN 792.8 G798 2010 - On Hold Shelf"
https://catalog.saclibrary.org/GroupedWork/c2aaa906-c6b5-7d09-d0e0-60b088faa8da-eng,"The origin of species","Darwin, Charles, 1809-1882",9781400128648,,"Tantor Media, Inc.; Interactive Media; Wilder Publications, Inc.; Samaira Book Publishers; Wordsworth Editions Ltd; GENERAL PRESS; Left of Brain Books; Start Publishing LLC; HarperCollins Publishers; Neeland Media LLC; Grolier Enterprises; P. F. Collier & Son; Findaway Voices","1909 - 2025","New York; Danbury, Conn",eBook;Book;eAudiobook,
https://catalog.saclibrary.org/GroupedWork/f82012a8-224d-682c-c818-9d9eb625febc-eng,"Mambo mucho mambo!: the dance that crossed color lines","Robbins, Dean, 1957-",9781536206081,,"Dreamscape Media; Candlewick Press",2021,"Somerville, Massachusetts",eBook;Book;eAudiobook,"Book::Arcade Children's Area: OVERSIZE CHILDREN 791.43 R632 2021 - On Shelf,Book::Carmichael Children's Area: OVERSIZE CHILDREN 791.43 R632 2021 - On Shelf,Book::Central Kids Place - Lower Level: OVERSIZE CHILDREN 791.43 R632 2021 - On Shelf"
https://catalog.saclibrary.org/GroupedWork/220043cb-4a17-3141-00ef-ffb96695071d-eng,"R&B and soul","Davis, C. M. (Children's author)",9798889982050,,"North Star Editions; Focus Readers","2024 - 2025","Mendota Heights, MN",eBook;Book,"Book::Carmichael Children's Area: CHILDREN 781.644 D261 2025 - On Shelf,Book::Colonial Heights Children's Area: CHILDREN 781.644 D261 2025 - On Shelf,Book::Franklin Children's: CHILDREN 781.644 D261 2025 - On Shelf"
https://catalog.saclibrary.org/GroupedWork/d11657b7-8c39-fa44-7264-edde3295fea2-eng,"JoJo Siwa: fan favorite","Schwartz, Heather E",9781541597105,,"Lerner Publishing Group; Lerner Publications","2020 - 2021",Minneapolis,eBook;Book,"Book::Central Kids Place - Lower Level: CHILDREN BIOGRAPHY Siwa, J. 2021 - On Shelf,Book::Colonial Heights Children's Area: CHILDREN BIOGRAPHY Siwa, J. 2021 - On Shelf,Book::Elk Grove Kids' Place: CHILDREN BIOGRAPHY Siwa, J. 2021 - On Shelf"
https://catalog.saclibrary.org/GroupedWork/7be218ec-2274-b652-9fdf-ba78e3e38f47-eng,"LOL 101: a kid's guide to writing jokes","Roth, David (Comedian)",9781797213927,,"Chronicle Books LLC; Chronicle Books",2023,"San Francisco",eBook;Book,"Book::Carmichael Children's Area: CHILDREN 808.882 R845 2023 - Checked Out,Book::Central Kids Place - Lower Level: CHILDREN 808.882 R845 2023 - Checked Out,Book::Galt Children's Area: CHILDREN 808.882 R845 2023 - On Shelf"
https://catalog.saclibrary.org/GroupedWork/adee54c6-0c37-a0f4-97c7-f6c749bebcba-eng,"We can't be friends","Etler, Cyndy",9781492635765,,"Sourcebooks Inc; Sourcebooks; Sourcebooks Fire",2017,"Naperville, Illinois",eBook;Book,"Book::Central Teen Area - 3rd Floor: TEEN 362.29 E894w 2017 - On Shelf,Book::Rancho Cordova: TEEN 362.29 E894w 2017 - On Shelf,Book::Southgate Teen Area: TEEN 362.29 E894w 2017 - On Shelf"
https://catalog.saclibrary.org/GroupedWork/6e2ec2d6-5e1e-923f-d89f-670bf0f53aa4-eng,"Out of the shadows: how Lotte Reiniger made the first animated fairytale movie","Robinson, Fiona, 1965-",9781419740855,,"Abrams; ABRAMS; Dreamscape Media; Abrams Books for Young Readers",2022,"New York, NY",eAudiobook;eBook;Book,"Book::Carmichael Children's Area: CHILDREN BIOGRAPHY Reiniger, L. 2022 - On Shelf,Book::North Natomas Children's Area: CHILDREN BIOGRAPHY Reiniger, L. 2022 - Checked Out,Book::Pocket-Greenhaven Kids' Place: CHILDREN BIOGRAPHY Reiniger, L. 2022 - On Shelf"
https://catalog.saclibrary.org/GroupedWork/8fce304f-c202-6a40-af38-7e983c077c36-eng,"Scandalous!: 50 shocking events you should know about (so you can impress your friends)","Fryd, Hallie",9780982732205,,"Lerner Publishing Group; Zest Books","2012 - 2019","San Francisco",eBook;Book,"Book::Franklin Teen: TEEN 973.9 F947 2012 - On Shelf"
https://catalog.saclibrary.org/GroupedWork/eda1b9a3-dccc-c981-190a-9fe98e3e27d3-eng,"Lights! Camera! Alice!: the thrilling true adventures of the first woman filmmaker","Rockliff, Mara",9781452141343,,"Chronicle Books LLC; Chronicle Books",2018,"San Franscisco",eBook;Book,"Book::North Natomas Children's Area: CHILDREN BIOGRAPHY Guy-Blache, A. 2018 - On Shelf,Book::Pocket-Greenhaven Kids' Place: CHILDREN BIOGRAPHY Guy-Blache, A. 2018 - On Shelf,Book::Southgate Children's Area: CHILDREN BIOGRAPHY Guy-Blache, A. 2018 - On Shelf"
https://catalog.saclibrary.org/GroupedWork/11eccf86-5869-5d52-6002-fc5a8b2b65da-eng,"Film makers: 15 groundbreaking women directors","Miller-Lachmann, Lyn, 1956-",9781641606103,,"Chicago Review Press",2022,"Chicago, Illinois",eBook;Book,"Book::Central Teen Area - 3rd Floor: TEEN 305.43791 M648 2022 - On Shelf,Book::Fair Oaks Teen Area: TEEN 305.43791 M648 2022 - On Shelf,Book::McClatchy Teen Area: TEEN 305.43791 M648 2022 - On Shelf"
https://catalog.saclibrary.org/GroupedWork/52a41d26-63b8-555b-2dbb-8ad1ddd00066-eng,"Inventing televisions","Ungvarsky, Janine",9781637390498,,"North Star Editions; Focus Readers",2022,"Lake Elmo, MN",eBook;Book,"Book::Central Kids Place - Lower Level: CHILDREN 791 U579 2022 - On Shelf,Book::Fair Oaks Children's Area: CHILDREN 791 U579 2022 - On Shelf,Book::North Natomas Children's Area: CHILDREN 791 U579 2022 - On Shelf"
https://catalog.saclibrary.org/GroupedWork/483579e1-b87f-f2fb-7e9b-b09da2bf0d95-eng,"Degas, painter of ballerinas","Rubin, Susan Goldman",9781419728433,,"ABRAMS, Inc.; Abrams Books for Young Readers",2019,"New York",eBook;Book,"Book::Del Paso Heights Children's Area: CHILDREN BIOGRAPHY Degas, E. 2019 - On Shelf,Book::Elk Grove Kids' Place: CHILDREN BIOGRAPHY Degas, E. 2019 - On Shelf,Book::North Sacramento-Hagginwood Children's Area: CHILDREN BIOGRAPHY Degas, E. 2019 - On Shelf"
https://catalog.saclibrary.org/GroupedWork/8b08d0ea-aa6c-5187-3707-efe970c26c7b-eng,"The song of Hiawatha","Longfellow, Henry Wadsworth, 1807-1882",9781593540029,,"Handprint Books; Wilder Publications, Inc.; Project Gutenberg; Duke Classics; Houghton, Mifflins & Company; Bounty Books; Dover Publications; Andrews UK; Xist Publishing; Houghton Mifflin Company; Start Publishing LLC; Word Well Books; Neeland Media LLC","1908 - 2023","New York; Brooklyn, N.Y; Boston",eBook;Book,
https://catalog.saclibrary.org/GroupedWork/205bd0be-86b1-944d-c83e-c91f9ed17761-eng,"Powwow: a celebration through song and dance","Pheasant-Neganigwane, Karen",9781459812345,,"Orca Book Publishers",2020,"Victoria, British Columbia",eBook;Book,"Book::Arcade Children's Area: CHILDREN 971 P537 2020 - On Shelf,Book::Carmichael Children's Area: CHILDREN 971 P537 2020 - On Shelf,Book::Central Kids Place - Lower Level: CHILDREN 971 P537 2020 - On Shelf"
https://catalog.saclibrary.org/GroupedWork/54321a0d-ffb3-8a36-54d7-8bc4c2413139-eng,"Writing and staging funny plays","Guillain, Charlotte",9781484627693,,"Heinemann-Raintree, a Capstone imprint; Capstone","2016 - 2021","Chicago, Illinois",eBook;Book,"Book::Carmichael Children's Area: CHILDREN 792.0226 G957 2016 - On Shelf,Book::Central Kids Place - Lower Level: CHILDREN 792.0226 G957 2016 - On Shelf,Book::Fair Oaks Children's Area: CHILDREN 792.0226 G957 2016 - On Shelf"
https://catalog.saclibrary.org/GroupedWork/dd47863a-e0d1-90d1-4086-f0a8284b39db-eng,"The Nutcracker comes to America: how three ballet-loving brothers created a holiday tradition","Barton, Chris",9781467721516,,"Millbrook Press; Lerner Publishing Group","2015 - 2022",Minneapolis,eAudiobook;eBook;Book,"Book::Carmichael Children's Area: CHILDREN 792.842 B293 2015 - On Shelf,Book::Central Kids Place - Lower Level: CHILDREN 792.842 B293 2015 - On Shelf,Book::Franklin Children's: CHILDREN 792.842 B293 2015 - On Shelf"
https://catalog.saclibrary.org/GroupedWork/29edfb0f-ff29-a110-f699-627c530e7053-eng,"Michaela DePrince: from war-torn childhood to ballet fame","Myers, Carrie",9781496684806,,"Capstone; Capstone Press, a Capstone imprint","2020 - 2021","North Mankato, Minnesota",eBook;Book,"Book::Galt Children's Area: CHILDREN BIOGRAPHY DePrince, M. 2021 - On Shelf,Book::Valley Hi-North Laguna Children's Area: CHILDREN BIOGRAPHY DePrince, M. 2021 - On Shelf,Book::Walnut Grove Children's Area: CHILDREN BIOGRAPHY DePrince, M. 2021 - On Shelf"
https://catalog.saclibrary.org/GroupedWork/62dd839a-d56e-de43-95ed-f76132f528a4-eng,"Daisy to the rescue: true stories of daring dogs, paramedic parrots, and other animal heroes","Campbell, Jeff",9781936976621,,"Lerner Publishing Group; Zest; Zest Books","2014 - 2019","San Francisco, CA",eBook;Book,"Book::Belle Cooledge Teen Area: TEEN 591.513 C188 2014 - On Shelf,Book::Folsom Children's Area: CHILDREN 591.513 CAM 2014 - On Shelf,Book::Sacramento Public Library Storage: TEEN 591.513 C188 2014 - Checked Out"
https://catalog.saclibrary.org/GroupedWork/18fabf44-6e38-b2f4-81fa-e3a79fa3650a-eng,"So you wanna be a superstar?: the ultimate audition guide","Michael, Ted, 1984-",9780762446100,,"RP Kids; Running Press",2012,Philadelphia,eBook;Book,"Book::Pocket-Greenhaven Teen Area: TEEN 782.14 M621 2012 - On Shelf"
https://catalog.saclibrary.org/GroupedWork/cc9d485a-a831-8373-46b1-ee19b16a4216-eng,"The Canterbury tales","Chaucer, Geoffrey, -1400",9780553210828,,"Penguin; D. Appleton & Co; Dreamscape Media; Penguin Classics, an imprint of Penguin Books; Blackstone Publishing; Penguin Books; Franklin Library; Barnes & Noble Classics; Distributed by Random House; Bantam Books; Start Publishing LLC; Knopf; Naxos Audiobooks; Garden City Pub. Co; Librofilio; Modern Library; Golden Cockerel Press","1855 - 2023","London; New York; Franklin Center, PA; Waltham Saint Lawrence, Berkshire; New York, N.Y., U.S.A",eBook;Book;eAudiobook,"Book::Arcade: 821.1 C496 2003 - On Shelf,Book::Carmichael: 821.1 C496 2003 - Checked Out,Book::Central: 821.1 C496 2003 - On Shelf"
https://catalog.saclibrary.org/GroupedWork/163ee537-5863-d509-236b-4f1ea90522c7-eng,"Sarah Bernhardt: the divine and dazzling life of the world's first superstar","Reef, Catherine",9781328557506,,"Clarion Books/Houghton Mifflin Harcourt; HarperCollins",2020,Boston,eBook;Book,"Book::Pocket-Greenhaven Kids' Place: CHILDREN BIOGRAPHY Bernhardt, S. 2020 - On Shelf,Book::Sutter County Main Branch Children's Area: CHILDREN BIOGRAPHY BERNHARDT, S. - On Shelf"
https://catalog.saclibrary.org/GroupedWork/7a2ca9a8-04e2-257d-b641-ff0ce345e36e-eng,"Writing and staging adventure plays","Guillain, Charlotte",9781484627709,,"Capstone; Heinemann Raintree, a Capstone imprint","2016 - 2021","Chicago, Illinois",eBook;Book,"Book::Carmichael Children's Area: CHILDREN 792.0226 G957 2016 - On Shelf,Book::Central Kids Place - Lower Level: CHILDREN 792.0226 G957 2016 - On Shelf,Book::Elk Grove Kids' Place: CHILDREN 792.0226 G957 2016 - On Shelf"
https://catalog.saclibrary.org/GroupedWork/bcd62256-af6f-fd63-fc4a-1f01e7fed4c4-eng,"Breaking news: why media matters","Delisle, Raina",9781459826564,,"Orca Book Publishers",2023,"[Victoria, British Columbia]",eBook;Book,"Book::Carmichael Children's Area: CHILDREN 070.4 D354 2023 - On Shelf,Book::Elk Grove Kids' Place: CHILDREN 070.4 D354 2023 - In Transit,Book::North Natomas Children's Area: CHILDREN 070.4 D354 2023 - On Shelf"
https://catalog.saclibrary.org/GroupedWork/b9155a85-e0ee-c7ca-2f54-a89abf3266de-eng,"William Shakespeare: playwright & poet","Berne, Emma Carlson",9781604530421,,"ABDO Pub. Co; ABDO Publishing Company",2008,"Edina, Minn",eBook;Book,"Book::Franklin Teen: TEEN 822.33 S527zb 2008 - On Shelf"
https://catalog.saclibrary.org/GroupedWork/5378e90f-5600-cbe8-70f0-9d22abc1499b-eng,"Game of freedom: Mestre Bimba and the art of capoeira","Tonatiuh, Duncan",9781419764585,,"Abrams; Dreamscape Media; Abrams Books for Young Readers",2023,"New York",eAudiobook;eBook;Book,"Book::Carmichael Children's Area: CHILDREN 793.31 B611zt 2023 - On Shelf,Book::Central Kids Place - Lower Level: CHILDREN 793.31 B611zt 2023 - On Shelf,Book::Colonial Heights Children's Area: CHILDREN 793.31 B611zt 2023 - On Shelf"
https://catalog.saclibrary.org/GroupedWork/31540784-0abd-e240-12ae-eeaac3a6f059-eng,"Writing and staging myths and legends","Guillain, Charlotte",9781484627723,,"Heinemann-Raintree; Capstone","2016 - 2021","Chicago, Illinois",eBook;Book,"Book::Carmichael Children's Area: CHILDREN 792.0226 G957 2016 - On Shelf,Book::Central Kids Place - Lower Level: CHILDREN 792.0226 G957 2016 - On Shelf,Book::Fair Oaks Children's Area: CHILDREN 792.0226 G957 2016 - On Shelf"
https://catalog.saclibrary.org/GroupedWork/c66080b7-9b61-8f2c-d84b-0b0ec5f7fb75-eng,"Will's words: how William Shakespeare changed the way you talk","Sutcliffe, Jane",9781580896382,,Charlesbridge,2016,"Watertown, MA",eBook;Book,"Book::Carmichael Children's Area: CHILDREN 822.33 S527zs 2016 - Checked Out,Book::Central Kids Place - Lower Level: CHILDREN 822.33 S527zs 2016 - Checked Out,Book::Del Paso Heights Children's Area: CHILDREN 822.33 S527zs 2016 - On Shelf"
https://catalog.saclibrary.org/GroupedWork/b8998ccc-436c-89ed-33da-457527cda078-eng,"Black achievements in entertainment: celebrating Hattie McDaniel, Chadwick Boseman, and more","Smith, Elliott, 1976-",9781728486635,,"Lerner Publishing Group; Lerner Publications","2023 - 2024",Minneapolis,eAudiobook;eBook;Book,"Book::Carmichael Children's Area: CHILDREN 791.089 S646 2024 - On Shelf,Book::Central Kids Place - Lower Level: CHILDREN 791.089 S646 2024 - On Shelf,Book::Franklin Children's: CHILDREN 791.089 S646 2024 - On Shelf"
https://catalog.saclibrary.org/GroupedWork/47e21c40-ecb4-8b1a-3cff-b6e7f78725e5-eng,"Feed your mind: a story of August Wilson","Bryant, Jen, 1960-",9781419736537,,"Abrams; Abrams Books for Young Readers, an imprint of Abrams",2019,"New York, NY",eBook;Book,"Book::Carmichael Children's Area: CHILDREN BIOGRAPHY Wilson, A. 2019 - On Shelf,Book::Elk Grove Kids' Place: CHILDREN BIOGRAPHY Wilson, A. 2019 - On Shelf,Book::Franklin Children's: CHILDREN BIOGRAPHY Wilson, A. 2019 - On Shelf"
https://catalog.saclibrary.org/GroupedWork/d7ed0238-655a-f2df-6f22-05a802edd28a-eng,Leatherface,"Abdo, Kenny, 1986-",9781532127472,,"ABDO Publishing Company; Fly!, an imprint of Abdo Zoom","2019 - 2020","Minneapolis, Minnesota",eBook;Book,"Book::Carmichael Children's Area: CHILDREN 791.4372 A135L 2020 - On Shelf,Book::Belle Cooledge Children's Area: CHILDREN 791.4372 A135L 2020 - On Shelf,Book::Franklin Children's: CHILDREN 791.4372 A135L 2020 - On Shelf"
https://catalog.saclibrary.org/GroupedWork/921bad79-b8f0-c626-c770-2bd0ae9293a6-eng,"Philo T. Farnsworth","Labrecque, Ellen",9781977133113,,"Pebble, a Capstone imprint; Capstone","2021 - 2022","North Mankato, Minnesota",eBook;Book,"Book::Belle Cooledge Children's Area: CHILDREN BIOGRAPHY Farnsworth, P. 2022 - On Shelf,Book::Elk Grove Kids' Place: CHILDREN BIOGRAPHY Farnsworth, P. 2022 - On Shelf,Book::McKinley Children's Area: CHILDREN BIOGRAPHY Farnsworth, P. 2022 - On Shelf"
https://catalog.saclibrary.org/GroupedWork/de9cb3d1-e02b-bdbd-7b93-6e4c2fd7de87-eng,"My first monologue book: 100 monologues for young children","Dabrowski, Kristen",9781575255330,,"DavidNiallWilson; Smith and Kraus","2006 - 2017","Hanover, NH",eBook;Book,
https://catalog.saclibrary.org/GroupedWork/7548133f-01e2-ad68-8bce-febcfa8078d9-eng,"Who is Jackie Chan?","Shaffer, Jody Jensen",9781524791636,,"Penguin Workshop; Books on Tape; Penguin Young Readers Group",2020,"New York",eAudiobook;Book;eBook,"Book::Courtland Children's Area: CHILDREN BIOGRAPHY Cheng, L. 2020 - On Shelf,Book::Fair Oaks Children's Area: CHILDREN BIOGRAPHY Cheng, L. 2020 - On Shelf,Book::Franklin Children's: CHILDREN BIOGRAPHY Cheng, L. 2020 - Checked Out"
https://catalog.saclibrary.org/GroupedWork/5e7d2476-25ed-a924-4b9b-9f0902da99bf-eng,"Alicia Alonso dances on","Viña, Rose",9780807514542,,"Albert Whitman & Company",2021,"Chicago, Illinois",eBook;Book,"Book::Elk Grove Kids' Place: CHILDREN BIOGRAPHY Alonso, A. 2021 - On Shelf,Book::Franklin Children's: CHILDREN BIOGRAPHY Alonso, A. 2021 - On Shelf,Book::South Natomas Children's Area: CHILDREN BIOGRAPHY Alonso, A. 2021 - On Shelf"
https://catalog.saclibrary.org/GroupedWork/55d9cd78-ffa3-b5bc-f64f-376c43018358-eng,"Ready to fly: how Sylvia Townsend became the bookmobile ballerina","Lyon, Lea, 1945-",9780062888785,,"HarperCollins; Harper, an imprint of HarperCollinsPublishers",2020,"New York",eBook;Book,"Book::Carmichael Children's Area: CHILDREN BIOGRAPHY Townsend, S. 2020 - On Shelf,Book::McKinley Children's Area: CHILDREN BIOGRAPHY Townsend, S. 2020 - On Shelf,Book::Rancho Children's Area: CHILDREN BIOGRAPHY Townsend, S. 2020 - On Shelf"
https://catalog.saclibrary.org/GroupedWork/d15193c3-64f7-ab1d-d67a-8d783df6e3e1-eng,"The Aeneid",Virgil,9780143106296,,"Signet Classics; Interactive Media; Highbridge Company; Penguin; GENERAL PRESS; Vintage Books; HarperCollins Canada; Duke Classics; Random House; Blackstone Publishing; Otbebookpublishing; Open Road Media; Liveright; Viking; Lerner Publishing Group|Lerner Publishing Group; Distributed by Random House; Start Publishing LLC; Knopf; Naxos Audiobooks; The University of Chicago Press; HarperCollins Publishers; Tantor Media, Inc.; Wilder Publications, Inc.; Penguin Books; Penguin Audio; SC Active Business Development SRL; Dover Publications; Mint Editions; CCS Books; Tantor Media, Inc; Random House Publishing Group","1958 - 2025","New York; Newbury, Berkshire; Chicago; London, England","eAudiobook;Audiobook - CD;eBook;Book","Book::Carmichael: 873 V816a 2021 - On Shelf,Book::Central: 873 V816a 2021 - On Shelf,Book::Carmichael: 873 V816zf 2017 - On Shelf"
https://catalog.saclibrary.org/GroupedWork/7b9ffa07-6e7f-1023-963d-4583abb564b9-eng,"Twelve years a slave","Northup, Solomon, 1808-1863?",9780143106708,,"Two Pence Books; Interactive Media; Dreamscape Media; HarperCollins Canada; Global Publishers; Blackstone Publishing; Penguin Books; Open Road Media; Recorded Books, Inc.; Dover Publications; Mint Editions; Start Publishing LLC; Tantor Media, Inc; eStar Books; Dancing Unicorn Books; HarperCollins Publishers; Penguin Publishing Group; Sweet Cherry Publishing","2012 - 2024","Holland, Ohio; New York, New York","eAudiobook;Audiobook - CD;eBook;Book","Book::McClatchy: 306.362 N878 2013 - Checked Out,Book::Folsom Adult: 306.36209 NOR 2013 - On Shelf,Book::Sutter County Main Branch: 306.362 NOR - On Shelf"
https://catalog.saclibrary.org/GroupedWork/47a648b1-9411-fd62-da4d-59261c7083ce-eng,"Korean pop culture: the new global obsession","Allen, John, 1957-",9781678210885,,"ReferencePoint Press, Inc",2026,"San Diego, CA",Book,"Book::Central Teen Area - 3rd Floor: TEEN 306.09519 A427 2026 - On Shelf,Book::Franklin Teen: TEEN 306.09519 A427 2026 - On Shelf,Book::McClatchy Teen Area: TEEN 306.09519 A427 2026 - On Shelf"
https://catalog.saclibrary.org/GroupedWork/20366c41-21bf-2ab8-569e-8d62ad3b96af-eng,"Ancient Greeks","Ganeri, Anita, 1961-",9780756516468,,"Stargazer Books; Compass Point Books; Gloucester Press; Distributed by Black Rabbit Books","1993 - 2010","New York; Minneapolis, Minn; Mankato, Minn",Book,"Book::Arcade Children's Area: CHILDREN 938 G196 2010 - On Shelf,Book::Franklin Children's: CHILDREN 938 G196 2010 - On Shelf,Book::Pocket-Greenhaven Kids' Place: CHILDREN 938 G196 2010 - On Shelf"
https://catalog.saclibrary.org/GroupedWork/496ade5e-dfc3-bfc1-11e1-237ece96c99a-eng,"Taylor Lautner: film superstar","Azzarelli, Ally",9780329915810,,"Enslow Publishing, LLC; Enslow Publishers",2012,"Berkeley Heights, NJ",eBook;Book,
https://catalog.saclibrary.org/GroupedWork/aacca7ed-f7a3-15cc-14fb-760b20215b9a-eng,"Logan!: rising star Logan Lerman","Eldridge, Stephen",9781464402814,,"Enslow Publishing, LLC; Enslow Publishers, Inc","2013 - 2014","Berkeley Heights, NJ",eBook;Book,
https://catalog.saclibrary.org/GroupedWork/88fe1ef9-5bee-75e4-4392-56e594726ddb-eng,"Jennifer!: film star Jennifer Lawrence","Burlingame, Jeff",9781464402791,,"Enslow Publishing, LLC; Enslow Publishers, Inc","2013 - 2014","Berkeley Heights, NJ",eBook;Book,
https://catalog.saclibrary.org/GroupedWork/2f5b0b88-b965-2cf3-5bd8-a46430e7a45c-eng,"Michael Jackson: king of pop","Pratt, Mary K",9781604537888,,"ABDO Pub. Co; ABDO Publishing Company",2010,"Edina, Minn",eBook;Book,"Book::Galt Children's Area: CHILDREN BIOGRAPHY Jackson, M. 2010 - Checked Out"
https://catalog.saclibrary.org/GroupedWork/5c57a1f9-63ab-0160-aced-3cac27f32ec4-eng,"Making TikTok videos","Eagle, Will",9781394156061,,Wiley,"2022 - 2023","Hoboken, New Jersey",eBook;Book,
https://catalog.saclibrary.org/GroupedWork/602c6f47-1f27-b2d5-cfc0-bafc23b56319-eng,"Multimedia artist and animator","Labrecque, Ellen",9781634712620,,"Cherry Lake Publishing","2016 - 2017","Ann Arbor, Michigan",eBook;Book,
https://catalog.saclibrary.org/GroupedWork/7243cdae-797a-914f-2eed-0ae14a7eb879-eng,"Important jobs on movie sets","Bolte, Mari",9780756572242,,"Pebble, an imprint of Capstone; Capstone",2023,"North Mankato, Minnesota",eBook;Book,
https://catalog.saclibrary.org/GroupedWork/7c857a68-29a0-a35c-c9f5-a43d7fda7e69-eng,"Where is Broadway?","Yacka, Douglas",9781524786502,,"Penguin Workshop; Penguin Young Readers Group",2019,"New York",eBook;Book,"Book::Arcade Children's Area: CHILDREN 792.097 Y122 2019 - Checked Out,Book::Carmichael Children's Area: CHILDREN 792.097 Y122 2019 - On Shelf,Book::Central Kids Place - Lower Level: CHILDREN 792.097 Y122 2019 - On Shelf"
https://catalog.saclibrary.org/GroupedWork/ddf1df39-e862-34db-ea78-a925d156fdff-eng,"The Terrific tale of television technology: Max Axiom STEM adventures","Enz, Tammy",9781476501383,,"Capstone Press","2014 - 2017","Mankato, Minnesota",Book;eAudiobook,"Book::Central Kids Place - Lower Level: CHILDREN 621.388 E619 2014 - On Shelf,Book::Rancho Children's Area: CHILDREN 621.388 E619 2014 - On Shelf,Book::Southgate Children's Area: CHILDREN 621.388 E619 2014 - On Shelf"
https://catalog.saclibrary.org/GroupedWork/e5e685c0-4d8d-3997-5dd7-a3836d73db3a-eng,"I am George Lucas","Norwich, Grace",9780545533799,,"Scholastic Inc.; Scholastic",2013,"New York",eBook;Book,
https://catalog.saclibrary.org/GroupedWork/56a3ec15-235d-f47e-859d-5991d864a618-eng,"20-minute (or less) meme hacks","Preuitt, Sheela",9781541597198,,"Lerner Publishing Group; Lerner Publications","2020 - 2021",Minneapolis,eBook;Book,
https://catalog.saclibrary.org/GroupedWork/12a9cce3-ed07-32d9-f323-fd062b6a4c71-eng,"Growing up a girl","Harris, Duchess",9781532113062,,"Essential Library, an imprint of Abdo Publishing; Abdo Publishing Company","2017 - 2018","Minneapolis, Minnesota",eBook;Book,"Book::Central Teen Area - 3rd Floor: TEEN 305.2352 H313 2018 - On Shelf,Book::Franklin Teen: TEEN 305.2352 H313 2018 - On Shelf,Book::Rancho Cordova: TEEN 305.2352 H313 2018 - On Shelf"
https://catalog.saclibrary.org/GroupedWork/1efed00c-0bae-3780-1813-275f04870f60-eng,"Ancient Greece","Ohlin, Nancy",9781499801194,,"little bee books; Little bee Books, an imprint of Bonnier Publishing Group",2016,"New York, N.Y",eBook;Book,"Book::Arcade Children's Area: CHILDREN 938 O379 2016 - Checked Out,Book::Carmichael Children's Area: CHILDREN 938 O379 2016 - On Shelf,Book::Central Kids Place - Lower Level: CHILDREN 938 O379 2016 - On Shelf"
https://catalog.saclibrary.org/GroupedWork/b160e208-8abd-db3f-42ed-a5bc0bd033be-eng,"Fantasy, romance, and more: genres of anime and manga","Kallen, Stuart A., 1955-",9781678205201,,"ReferencePoint Press, Inc",2024,"San Diego, CA",Book,"Book::Arcade Teen Area: TEEN 741.5952 K146 2024 - On Shelf,Book::Carmichael Teen Area: TEEN 741.5952 K146 2024 - On Shelf,Book::Central Teen Area - 3rd Floor: TEEN 741.5952 K146 2024 - On Shelf"
https://catalog.saclibrary.org/GroupedWork/500dc00e-0e14-2aee-a63b-e082e86892d1-eng,"K-pop: Korea's musical explosion","Kallen, Stuart A., 1955-",9781467720427,,"Lerner Publishing Group|Lerner Publishing Group; Twenty-First Century Books",2014,"Minneapolis, MN",eBook;Book,
https://catalog.saclibrary.org/GroupedWork/7b10633e-bdfb-3ae8-0041-b400f7da185a-eng,"Natalie Portman","Scarbrough, Mary Hertz",9781731617354,,"Rourke Educational Media; Rourke Educational Media, a division of Carson Dellosa","2019 - 2020","North Mankato, Minnesota",eBook;Book,
https://catalog.saclibrary.org/GroupedWork/f5e9fe1f-932a-6660-c608-5928cdf785de-eng,"20-minute (or less) animation hacks","Preuitt, Sheela",9781541597211,,"Lerner Publishing Group; Lerner Publications",2020,Minneapolis,eBook;Book,
https://catalog.saclibrary.org/GroupedWork/b969ea43-405f-d76d-85b0-b101f6270e6a-eng,"Order in the court: a look at the judicial branch","Kowalski, Kathiann M., 1955-",9780822546986,,"Lerner Publications Company",2004,Minneapolis,Book,"Book::Pocket-Greenhaven Kids' Place: CHILDREN 347.73 K88 2004 - On Shelf"
https://catalog.saclibrary.org/GroupedWork/ae111f88-1923-f714-03f4-9bb393d74695-eng,"Judy Moody goes to Hollywood: behind the scenes with Judy Moody and friends","McDonald, Megan",9780763655518,,"Candlewick Press",2011,"Somerville, MA",eBook;Book,
https://catalog.saclibrary.org/GroupedWork/2a740033-5bcb-5779-2fc0-ba5d2b397aac-eng,"Rhythm ride: a road trip through the Motown sound","Pinkney, Andrea Davis",9781596439733,,"Roaring Brook Press",2015,"New York",eBook;Book,"Book::Carmichael Children's Area: CHILDREN 781.644 P655 2015 - On Shelf,Book::Central Kids Place - Lower Level: CHILDREN 781.644 P655 2015 - On Shelf,Book::Belle Cooledge Children's Area: CHILDREN 781.644 P655 2015 - On Shelf"
https://catalog.saclibrary.org/GroupedWork/e2a39545-db71-a63e-de10-9b709a8fd2d3-eng,"Shakespeare's quill","Bailey, Gerry",9780778736912,,"Crabtree Pub",2008,"New York, NY",Book,"Book::Colonial Heights Children's Area: CHILDREN BIOGRAPHY Shakespeare, W. 2008 - On Shelf"
https://catalog.saclibrary.org/GroupedWork/fa9cd85f-1c65-4caf-aa33-b4ee3ce32c8c-eng,Hera,"Loh-Hagan, Virginia",9781634722698,,"Triangle Interactive, LLC; Cherry Lake Publishing; 45th Parallel Press","2016 - 2020","Ann Arbor",eBook;Book,"Book::Carmichael Children's Area: CHILDREN 292.2114 L833h 2017 - On Shelf,Book::Central Kids Place - Lower Level: CHILDREN 292.2114 L833h 2017 - On Shelf,Book::Colonial Heights Children's Area: CHILDREN 292.2114 L833h 2017 - On Shelf"
https://catalog.saclibrary.org/GroupedWork/8f20f220-a8f6-1625-e0a8-d71bfaeaee06-eng,"Robert Downey Jr: blockbuster movie star","Watson, Stephanie, 1969-",9781617833229,,"ABDO; ABDO Pub. Co",2012,"Minneapolis, Minn",eBook;Book,
https://catalog.saclibrary.org/GroupedWork/e801c798-cc8e-bcd1-69c2-b0f2ce10d3ff-eng,Demeter,"Loh-Hagan, Virginia",9781634722704,,"Triangle Interactive, LLC; 45th Parallel Press","2016 - 2020","Ann Arbor, Michigan",eBook;Book,"Book::Arcade Children's Area: CHILDREN 292.2114 L833d 2017 - On Shelf,Book::Carmichael Children's Area: CHILDREN 292.2114 L833d 2017 - On Shelf,Book::Central Kids Place - Lower Level: CHILDREN 292.2114 L833d 2017 - On Shelf"
https://catalog.saclibrary.org/GroupedWork/11745c15-7e5f-021a-821b-7fc938dad580-eng,"The World Series: baseball's biggest stage","Doeden, Matt",9781467718967,,"Lerner Publishing Group|Lerner Publishing Group; Millbrook Press; Lerner Publishing Group","2014 - 2017",Minneapolis,eBook;Book;eAudiobook,"Book::Carmichael Children's Area: CHILDREN 796.357646 D649 2014 - On Shelf,Book::Central Kids Place - Lower Level: CHILDREN 796.357646 D649 2014 - On Shelf,Book::Franklin Children's: CHILDREN 796.357646 D649 2014 - On Shelf"
https://catalog.saclibrary.org/GroupedWork/a67c58a3-9c8b-eac8-b15b-806e34de2910-eng,Zeus,"Loh-Hagan, Virginia",9781634722636,,"Triangle Interactive, LLC; Cherry Lake Publishing; 45th Parallel Press","2016 - 2020","Ann Arbor",eBook;Book,"Book::Arcade Children's Area: CHILDREN 292.2113 L833z 2017 - On Shelf,Book::Carmichael Children's Area: CHILDREN 292.2113 L833z 2017 - On Shelf,Book::Central Kids Place - Lower Level: CHILDREN 292.2113 L833z 2017 - On Shelf"
https://catalog.saclibrary.org/GroupedWork/7385cfa0-37b6-de92-7a35-861a37c08b1e-eng,Athena,"Loh-Hagan, Virginia",9781634722674,,"Triangle Interactive, LLC; Cherry Lake Publishing; 45th Parallel Press","2016 - 2020","Ann Arbor",eBook;Book,"Book::Arcade Children's Area: CHILDREN 292.2114 L833a 2017 - On Shelf,Book::Carmichael Children's Area: CHILDREN 292.2114 L833a 2017 - On Shelf,Book::Central Kids Place - Lower Level: CHILDREN 292.2114 L833a 2017 - On Shelf"
https://catalog.saclibrary.org/GroupedWork/826bbd70-26f7-8fd8-7a73-32fb63763f9f-eng,Artemis,"Loh-Hagan, Virginia",9781634722681,,"Triangle Interactive, LLC; Cherry Lake Publishing; 45th Parallel Press","2016 - 2020","Ann Arbor",eBook;Book,"Book::Carmichael Children's Area: CHILDREN 292.2114 L833 2017 - On Shelf,Book::Central Kids Place - Lower Level: CHILDREN 292.2114 L833 2017 - On Shelf,Book::Belle Cooledge Children's Area: CHILDREN 292.2114 L833 2017 - On Shelf"
https://catalog.saclibrary.org/GroupedWork/92d25aec-9bf3-1d6f-1382-80adb06e6aa8-eng,Ares,"Loh-Hagan, Virginia",9781634722667,,"Triangle Interactive, LLC; Cherry Lake Publishing; 45th Parallel Press","2016 - 2020","Ann Arbor",eBook;Book,"Book::Arcade Children's Area: CHILDREN 292.2113 L833 2017 - On Shelf,Book::Carmichael Children's Area: CHILDREN 292.2113 L833 2017 - On Shelf,Book::Central Kids Place - Lower Level: CHILDREN 292.2113 L833 2017 - On Shelf"
https://catalog.saclibrary.org/GroupedWork/f1dc965c-acf4-8b63-3119-ed76bd9726ae-eng,Hades,"Loh-Hagan, Virginia",9781634722643,,"Triangle Interactive, LLC; 45th Parallel Press","2016 - 2020","Ann Arbor, Michigan",eBook;Book,"Book::Arcade Children's Area: CHILDREN 292.2113 L833h 2017 - On Shelf,Book::Carmichael Children's Area: CHILDREN 292.2113 L833h 2017 - On Shelf,Book::Central Kids Place - Lower Level: CHILDREN 292.2113 L833h 2017 - On Shelf"
https://catalog.saclibrary.org/GroupedWork/21860e76-fd48-d959-9843-c23e2bcfb156-eng,Poseidon,"Loh-Hagan, Virginia",9781634722650,,"Triangle Interactive, LLC; Cherry Lake Publishing; 45th Parallel Press","2016 - 2020","Ann Arbor",eBook;Book,"Book::Carmichael Children's Area: CHILDREN 292.2113 L833 2017 - On Shelf,Book::Belle Cooledge Children's Area: CHILDREN 292.2113 L833 2017 - On Shelf,Book::Courtland Children's Area: CHILDREN 292.2113 L833 2017 - On Shelf"
https://catalog.saclibrary.org/GroupedWork/53248615-80f5-afb6-691e-43dfe7272243-eng,"White water!: true stories of extreme adventures!","Maloney, Brenna",9781426328220,,"National Geographic Children's Books; Recorded Books, Inc.","2017 - 2018","Washington, D.C",eAudiobook;Book,"Book::Carmichael Children's Area: CHILDREN 797.122 M2571 2017 - On Shelf,Book::Belle Cooledge Children's Area: CHILDREN 797.122 M2571 2017 - On Shelf,Book::Franklin Children's: CHILDREN 797.122 M2571 2017 - On Shelf"
https://catalog.saclibrary.org/GroupedWork/d10867fb-b937-0934-08ca-bd0a3466aefb-eng,"The Random House book of Bible stories","Osborne, Mary Pope",9780375822810,,"Random House","2009 - 2015","New York",Book,"Book::Fair Oaks Children's Area: CHILDREN 220.9505 O81 2015 - On Shelf"
https://catalog.saclibrary.org/GroupedWork/0df209d0-dbe5-83b3-8fe8-17d7c5bcbc85-eng,"Run, sea turtle, run: a hatchling's journey","Swinburne, Stephen R",9781541578128,,"Millbrook Press; Lerner Publishing Group",2020,Minneapolis,eBook;Book;eAudiobook,"Book::Arcade Children's Area: CHILDREN 597.92 S978r 2020 - On Shelf,Book::Central Kids Place - Lower Level: CHILDREN 597.92 S978r 2020 - On Shelf,Book::Galt Children's Area: CHILDREN 597.92 S978r 2020 - On Shelf"
https://catalog.saclibrary.org/GroupedWork/3c01cfb7-46d8-11e2-0e32-aa57dec6361d-eng,"Money matters for teens: advice on spending and saving, managing income, and paying for college",,9781510759923,,"Sky Pony; Sky Pony Press",2022,"New York",eBook;Book,"Book::Central Teen Area - 3rd Floor: TEEN 332.024 V854 2022 - On Shelf,Book::Valley Hi-North Laguna Teen Area: TEEN 332.024 V854 2022 - On Shelf,Book::Folsom Adult: TEEN 332.024 MON 2022 - On Shelf"
https://catalog.saclibrary.org/GroupedWork/8490555b-bc4a-462e-2fbb-036684fcb039-eng,"The Final Four: the pursuit of college basketball glory","Doeden, Matt",9781467787802,,"Lerner Publishing Group|Lerner Publishing Group; Millbrook Press; Lerner Publishing Group","2016 - 2017",Minneapolis,eBook;Book;eAudiobook,"Book::Central Kids Place - Lower Level: CHILDREN 796.32363 D649 2016 - On Shelf,Book::Elk Grove Kids' Place: CHILDREN 796.32363 D649 2016 - Checked Out,Book::Rio Linda Children's Area: CHILDREN 796.32363 D649 2016 - On Shelf"
https://catalog.saclibrary.org/GroupedWork/7809811c-d165-e593-5404-9955fdb06396-eng,Ma'at,"Loh-Hagan, Virginia",9781534150645,,"Cherry Lake Publishing; 45th Parallel Press",2019,"Ann Arbor, Michigan",eBook;Book,"Book::Central Kids Place - Lower Level: CHILDREN 299.312 L833 2019 - On Shelf,Book::Belle Cooledge Children's Area: CHILDREN 299.312 L833 2019 - On Shelf,Book::Southgate Children's Area: CHILDREN 299.312 L833 2019 - On Shelf"
https://catalog.saclibrary.org/GroupedWork/a601e884-f18e-9717-531a-0899a31d215b-eng,"The phone book: stay safe, be smart, and make the world better with the powerful device in your hand","Speer, Jessica",9781641709903,,Familius,2023,"Reedley, CA",Book,
https://catalog.saclibrary.org/GroupedWork/6021c032-3dcf-cee0-f79e-e9c6a20de3dc-eng,"Who was Ernest Shackleton?","Buckley, James",9780448479316,,"Grosset & Dunlap, an imprint of Penguin Group (USA) LLC; Penguin Young Readers Group",2013,"New York, New York",eBook;Book,"Book::Colonial Heights Children's Area: CHILDREN BIOGRAPHY Shackleton, E. 2013 - On Shelf,Book::Pocket-Greenhaven Kids' Place: CHILDREN BIOGRAPHY Shackleton, E. 2013 - On Shelf"
https://catalog.saclibrary.org/GroupedWork/4969b755-547c-594b-208f-77bd54bd4975-eng,"Big-time baseball records","Berglund, Bruce, 1968-",9781496695451,,"Capstone; Capstone Press, a Capstone imprint","2021 - 2022","North Mankato, Minnesota",eBook;Book,"Book::Belle Cooledge Children's Area: CHILDREN 796.357 B498 2022 - On Shelf,Book::McKinley Children's Area: CHILDREN 796.357 B498 2022 - Checked Out,Book::Sylvan Oaks Children's Area: CHILDREN 796.357 B498 2022 - On Shelf"
https://catalog.saclibrary.org/GroupedWork/74f13355-3c38-7ea6-59c2-a60adbdcbf8c-eng,Sobek,"Loh-Hagan, Virginia",9781534150638,,"Cherry Lake Publishing; 45th Parallel Press",2019,"Ann Arbor, Michigan",eBook;Book,"Book::Carmichael Children's Area: CHILDREN 299.3121 L833s 2019 - On Shelf,Book::McKinley Children's Area: CHILDREN 299.3121 L833s 2019 - On Shelf,Book::North Natomas Children's Area: CHILDREN 299.3121 L833s 2019 - On Shelf"
https://catalog.saclibrary.org/GroupedWork/0de192ed-9938-6479-1961-1017f5c97f1a-eng,"The judicial branch","Knopp, Ezra E",9781642828993,,"Britannica Educational Publishing, in association with The Rosen Publishing Group; The Rosen Publishing Group, Inc","2023 - 2024","Buffalo, NY",eBook;Book,"Book::Central Kids Place - Lower Level: CHILDREN 347.73 K726 2024 - On Shelf,Book::Colonial Heights Children's Area: CHILDREN 347.73 K726 2024 - On Shelf,Book::Belle Cooledge Children's Area: CHILDREN 347.73 K726 2024 - On Shelf"
https://catalog.saclibrary.org/GroupedWork/b4ee5d24-1323-494f-8d8f-0a23ad1b2f28-eng,"South Korea","Pierce, Simon",9781502670052,,"Cavendish Square Publishing, LLC; Cavendish Square","2023 - 2024","Buffalo, NY",eBook;Book,"Book::Central Kids Place - Lower Level: CHILDREN 951.95 P618 2024 - On Shelf,Book::Elk Grove Kids' Place: CHILDREN 951.95 P618 2024 - Checked Out,Book::Franklin Children's: CHILDREN 951.95 P618 2024 - On Shelf"
https://catalog.saclibrary.org/GroupedWork/b80e175b-6a05-37a2-82ef-c8dd27ee7c81-eng,Ra,"Loh-Hagan, Virginia",9781534150584,,"Cherry Lake Publishing; 45th Parallel Press",2019,"Ann Arbor, Michigan",eBook;Book,"Book::Carmichael Children's Area: CHILDREN 299.3121 L833 2019 - On Shelf,Book::Belle Cooledge Children's Area: CHILDREN 299.3121 L833 2019 - On Shelf,Book::McKinley Children's Area: CHILDREN 299.3121 L833 2019 - On Shelf"
https://catalog.saclibrary.org/GroupedWork/a9555b1c-a881-b19f-6b41-d42ebbf406db-eng,Skyscraper,"Curlee, Lynn",9781428723528,,"Atheneum Books for Young Readers","2007 - 2025","New York; New York, New York",eBook;Book,"Book::Carmichael Children's Area: OVERSIZE CHILDREN 720.483 C975 2025 - On Hold Shelf,Book::Central Kids Place - Lower Level: OVERSIZE CHILDREN 720.483 C975 2025 - On Shelf,Book::Colonial Heights Children's Area: OVERSIZE CHILDREN 720.483 C975 2025 - On Shelf"
https://catalog.saclibrary.org/GroupedWork/8688642d-1a8f-4e43-0fa2-f2492b44b8b3-eng,"Who was a daring pioneer of the skies?: Amelia Earhart","Gillman, Melanie",9780593224656,,"Penguin Workshop; Penguin Young Readers Group",2022,"New York","Graphic Novel/Manga;eComic","Graphic Novel/Manga::Central Kids Place - Lower Level: CHILDREN GRAPHIC BIOGRAPHY Earhart, A. 2022 - On Shelf,Graphic Novel/Manga::Belle Cooledge Children's Area: CHILDREN GRAPHIC BIOGRAPHY Earhart, A. 2022 - On Shelf,Graphic Novel/Manga::Isleton Children's Area: CHILDREN GRAPHIC BIOGRAPHY Earhart, A. 2022 - On Shelf"
https://catalog.saclibrary.org/GroupedWork/8f005c0f-29af-6607-5dc0-0aa0dfe29b34-eng,"Mary Shelley: the strange, true tale of Frankenstein's creator","Reef, Catherine",9781328740052,,"Clarion Books; Houghton Mifflin Harcourt; HarperCollins",2018,"New York",eBook;Book,"Book::Central Teen Area - 3rd Floor: TEEN 823.7 S545zr 2018 - On Shelf,Book::Orangevale: TEEN 823.7 S545zr 2018 - On Shelf,Book::Folsom Adult: TEEN 823.7 REE 2018 - On Shelf"
https://catalog.saclibrary.org/GroupedWork/1803a193-b1f4-29cd-2b4b-b86edc4c9668-eng,Thoth,"Loh-Hagan, Virginia",9781534150621,,"Ann Arbor, Michigan; 45th Parallel Press",2019,"Cherry Lake Publishing",eBook;Book,"Book::Carmichael Children's Area: CHILDREN 299.3121 L833t 2019 - On Shelf,Book::Central Kids Place - Lower Level: CHILDREN 299.3121 L833t 2019 - On Shelf,Book::South Natomas Children's Area: CHILDREN 299.3121 L833t 2019 - On Shelf"
https://catalog.saclibrary.org/GroupedWork/503a4a8b-9b6e-0dbf-7b68-cf20e5265fd1-eng,"A baby born in Bethlehem","Hickman, Martha Whitmore, 1925-",9780807555224,,"Albert Whitman & Company; Albert Whitman",1999,"Morton Grove, Ill",eBook;Book,"Book::Isleton Children's Area: CHILDREN 232.92 H628 1999 - On Shelf"
https://catalog.saclibrary.org/GroupedWork/e25f7948-8821-1dd0-948f-40c17c1a2805-eng,Hapi,"Loh-Hagan, Virginia",9781534150607,,"Cherry Lake Publishing; 45th Parallel Press","2019 - 2020","Ann Arbor, Michigan",eBook;Book,"Book::Central Kids Place - Lower Level: CHILDREN 299.312 L833 2020 - On Shelf,Book::Elk Grove Kids' Place: CHILDREN 299.312 L833 2020 - On Shelf,Book::Franklin Children's: CHILDREN 299.312 L833 2020 - On Shelf"
https://catalog.saclibrary.org/GroupedWork/6f947860-fdc7-f613-4d28-a3e234e8fda1-eng,"Ancient Rome","Chrisp, Peter",9780241738023,,"Raintree; Dorling Kindersley Limited","2005 - 2025","Chicago, Illinois; New York, NY",Book,"Book::Carmichael Children's Area: CHILDREN 937 C554 2025 - On Shelf,Book::Central Kids Place - Lower Level: CHILDREN 937 C554 2025 - On Shelf,Book::Pocket-Greenhaven Kids' Place: CHILDREN 937 C554 2025 - On Shelf"
https://catalog.saclibrary.org/GroupedWork/1d00be75-266f-efc2-9391-12551f497607-eng,"Spooked!: how a radio broadcast and The war of the worlds sparked the 1938 invasion of America","Jarrow, Gail",9781629797762,,"Recorded Books, Inc.; Astra Publishing House; Calkins Creek, an imprint of Highlights","2018 - 2022","Honesdale, Pennsylvania",eAudiobook;Book;eBook,"Book::Arcade Children's Area: CHILDREN 791.4472 W253zj 2018 - On Shelf,Book::Central Kids Place - Lower Level: CHILDREN 791.4472 W253zj 2018 - On Shelf,Book::Belle Cooledge Children's Area: CHILDREN 791.4472 W253zj 2018 - On Shelf"
https://catalog.saclibrary.org/GroupedWork/2ddf1494-cc59-7d23-b4ca-9a0bc84f81a5-eng,"The Roman Empire","Steele, Philip",9781435851764,,"Rosen Pub",2009,"New York",Book,"Book::Valley Hi-North Laguna Children's Area: CHILDREN 937 S814 2009 - On Shelf"
https://catalog.saclibrary.org/GroupedWork/e1f5f48a-7053-d0d1-5399-6e8f5663bd95-eng,"The Kingfisher soccer encyclopedia","Gifford, Clive",9780753473085,,Kingfisher,"2014 - 2018","New York; New York, NY",Book,"Book::Arcade Children's Area: CHILDREN 796.334 G458k 2018 - In Transit,Book::Carmichael Children's Area: CHILDREN 796.334 G458k 2018 - Checked Out,Book::Belle Cooledge Children's Area: CHILDREN 796.334 G458k 2018 - Checked Out"
https://catalog.saclibrary.org/GroupedWork/f78d0ebc-f03b-f72b-85b0-d6065fff80ff-eng,Parthenon,"Curlee, Lynn",9780689844904,,"Atheneum Books for Young Readers","2004 - 2025","New York",eBook;Book,"Book::Carmichael Children's Area: CHILDREN 726.1208 C975 2025 - On Shelf,Book::Central Kids Place - Lower Level: CHILDREN 726.1208 C975 2025 - On Shelf,Book::Colonial Heights Children's Area: CHILDREN 726.1208 C975 2025 - On Shelf"
https://catalog.saclibrary.org/GroupedWork/c71d50ad-068a-f2da-d8ab-18ee7204d3c5-eng,"Facing the mountain: a true story of Japanese American heroes in World War II","Brown, Daniel James, 1951-",9780593465660,,Viking,2023,"New York",Book,"Book::Central Kids Place - Lower Level: CHILDREN 940.541273 B877 2023 - On Shelf,Book::Belle Cooledge Children's Area: CHILDREN 940.541273 B877 2023 - On Shelf,Book::Elk Grove Kids' Place: CHILDREN 940.541273 B877 2023 - Checked Out"
https://catalog.saclibrary.org/GroupedWork/22203876-521e-c33e-525c-4bb0781ac14e-eng,"The genius under the table: growing up behind the Iron Curtain","Yelchin, Eugene",9781536215526,,"Dreamscape Media; Candlewick Press",2021,"Somerville, Massachusetts",eBook;Book;eAudiobook,"Book::Carmichael Children's Area: CHILDREN BIOGRAPHY Yelchin, E. 2021 - On Shelf,Book::Central Kids Place - Lower Level: CHILDREN BIOGRAPHY Yelchin, E. 2021 - On Shelf,Book::Franklin Children's: CHILDREN BIOGRAPHY Yelchin, E. 2021 - On Shelf"
https://catalog.saclibrary.org/GroupedWork/567dbb22-9729-783b-5e54-bf4408874785-eng,"Amazing immortals: a guide to gods and goddesses around the world","Williams, Dinah (Dinah J.)",9781419761904,,"Recorded Books, Inc.; Abrams Books for Young Readers",2024,"New York",eAudiobook;Book;eBook,"Book::Courtland Children's Area: CHILDREN 292.211 W722 2024 - On Shelf,Book::Fair Oaks Children's Area: CHILDREN 292.211 W722 2024 - On Shelf,Book::North Natomas Children's Area: CHILDREN 292.211 W722 2024 - On Shelf"
https://catalog.saclibrary.org/GroupedWork/38b67437-63d5-475c-1719-702ec4b5bcb2-eng,"The stress survival guide for teens: CBT skills to worry less, develop grit & live your best life","Bernstein, Jeffrey, 1961-",9781684033911,,"Instant Help Books, an imprint of New Harbinger Publications, Inc; New Harbinger Publications",2019,"Oakland, CA",eBook;Book,"Book::Central Teen Area - 3rd Floor: TEEN 155.518 B531 2019 - On Shelf,Book::Fair Oaks Teen Area: TEEN 155.518 B531 2019 - On Shelf,Book::Galt Teen Area: TEEN 155.518 B531 2019 - On Shelf"
https://catalog.saclibrary.org/GroupedWork/9a811554-e35b-f9f0-3a7a-bbe9c0a14bef-eng,"Sonia Sotomayor: from the Bronx to the US Supreme Court","Sonneborn, Liz",9781728491769,,"Lerner Publishing Group; Lerner Publications","2023 - 2024",Minneapolis,eBook;Book,"Book::Central Kids Place - Lower Level: CHILDREN BIOGRAPHY Sotomayor, S. 2024 - On Shelf,Book::Franklin Children's: CHILDREN BIOGRAPHY Sotomayor, S. 2024 - On Shelf,Book::North Natomas Children's Area: CHILDREN BIOGRAPHY Sotomayor, S. 2024 - On Shelf"
https://catalog.saclibrary.org/GroupedWork/e263b2f0-fb3b-0f06-0e1c-3a965865bf81-eng,"You do you: figuring out your body, dating, and sexuality","Mirk, Sarah",9781541540224,,"Twenty-First Century Books; Lerner Publishing Group",2019,Minneapolis,eBook;Book,"Book::Central Teen Area - 3rd Floor: TEEN 306.70835 M675 2019 - On Shelf,Book::Southgate Teen Area: TEEN 306.70835 M675 2019 - On Shelf,Book::Valley Hi-North Laguna Teen Area: TEEN 306.70835 M675 2019 - On Shelf"
https://catalog.saclibrary.org/GroupedWork/282c9582-ceb8-c40c-1d15-cbb7ac168105-eng,"Soccer school: Season 1, Where soccer rules the world","Bellos, Alex, 1969-",9781536204353,,"Walker Books",2018,"Somerville, Massachusetts",Book,"Book::Elk Grove Kids' Place: CHILDREN 796.334 B447 2018 v.1 - Checked Out,Book::North Natomas Children's Area: CHILDREN 796.334 B447 2018 v.1 - On Shelf,Book::Orangevale: CHILDREN 796.334 B447 2018 v.1 - Checked Out"
https://catalog.saclibrary.org/GroupedWork/82db0bcc-cc4a-0675-1fe2-7f7d81ea6695-eng,"Soccer school: Season 3, Where soccer tackles the world","Bellos, Alex, 1969-",9781536206951,,"Walker Books",2019,"Somerville, Massachusetts",Book,"Book::Carmichael Children's Area: CHILDREN 796.334 B447 2019 v.3 - On Shelf,Book::Courtland Children's Area: CHILDREN 796.334 B447 2019 v.3 - On Shelf,Book::Elk Grove Kids' Place: CHILDREN 796.334 B447 2019 v.3 - Checked Out"
https://catalog.saclibrary.org/GroupedWork/5d9956e1-828a-3b77-f24e-9de99f6f3493-eng,"Norse myths: 15 classic legends retold for children","Newman, Samantha",9781398850682,,Arcturus,2025,London,Book,"Book::Carmichael Children's Area: CHILDREN 293.13 N555 2025 - Checked Out,Book::Central Kids Place - Lower Level: CHILDREN 293.13 N555 2025 - On Shelf,Book::Fair Oaks Children's Area: CHILDREN 293.13 N555 2025 - On Shelf"
https://catalog.saclibrary.org/GroupedWork/006fdaaf-5293-8f08-cc10-0935cd33cc5d-eng,"Unseen jungle: the microbes that secretely control our world","Spicer Rice, Eleanor",9781536226461,,"MIT Kids Press, an imprint of Candlewick Press",2023,"Somerville, Massachusetts",Book,"Book::Central Kids Place - Lower Level: CHILDREN 571.29 S754 2023 - On Shelf,Book::McKinley Children's Area: CHILDREN 571.29 S754 2023 - On Shelf,Book::South Natomas Children's Area: CHILDREN 571.29 S754 2023 - On Shelf"
https://catalog.saclibrary.org/GroupedWork/a641cac9-0cf2-00a3-ec9c-a8574b2f0124-eng,"The rise (and falls) of Jackie Chan","Giang, Kristen Mai",9780593121924,,"Crown Books for Young Readers",2022,"New York",Book,"Book::Central Kids Place - Lower Level: CHILDREN BIOGRAPHY Cheng, L. 2022 - On Shelf,Book::Belle Cooledge Children's Area: CHILDREN BIOGRAPHY Cheng, L. 2022 - On Shelf,Book::Del Paso Heights Children's Area: CHILDREN BIOGRAPHY Cheng, L. 2022 - On Shelf"
https://catalog.saclibrary.org/GroupedWork/f3c8dcea-f4a9-89cf-a5f9-c441555987fe-eng,"South Korea","DuBois, Jill, 1952-",9781502670649,,"Cavendish Square Publishing",2024,"Buffalo, New York",Book,"Book::Arcade Children's Area: CHILDREN 951.95 N527 2024 - On Shelf,Book::Carmichael Children's Area: CHILDREN 951.95 N527 2024 - On Shelf,Book::Central Kids Place - Lower Level: CHILDREN 951.95 N527 2024 - On Shelf"
https://catalog.saclibrary.org/GroupedWork/732e8cc7-6f98-0cae-c0a9-1c7ba46e3508-eng,Beowulf,"Morpurgo, Michael",9780763632069,,"Candlewick Press","2006 - 2015","Somerville, Massachusetts; Cambridge, Mass",eBook;Book,"Book::Carmichael Children's Area: CHILDREN 398.2 M871 2015 - Checked Out,Book::South Natomas Children's Area: CHILDREN 398.2 M871 2015 - Checked Out,Book::North Natomas Children's Area: CHILDREN 398.2 M871 2015 - OFF CAMPUS"
https://catalog.saclibrary.org/GroupedWork/813db8fe-81ae-ab3c-a3ce-73411b58f215-eng,"Brothers at bat: the true story of an amazing all-brother baseball team","Vernick, Audrey",9780547385570,,"Clarion Books; HarperCollins",2012,"New York",eBook;Book,"Book::Carmichael Children's Area: CHILDREN 796.358764 A173zv 2012 - On Shelf,Book::Colonial Heights Children's Area: CHILDREN 796.358764 A173zv 2012 - On Shelf,Book::North Natomas Children's Area: CHILDREN 796.358764 A173zv 2012 - Checked Out"
https://catalog.saclibrary.org/GroupedWork/e56eed65-5b81-8c08-3840-63ffe668a6a9-eng,"Lupita Nyong'o: actor, filmmaker, activist","Schwartz, Heather E",9781541596757,,"Lerner Publishing Group; Lerner Publications",2021,"Minneapolis, MN",eBook;Book,"Book::Courtland Children's Area: CHILDREN BIOGRAPHY Nyong'o, L. 2021 - On Shelf,Book::Elk Grove Kids' Place: CHILDREN BIOGRAPHY Nyong'o, L. 2021 - On Shelf,Book::Isleton Children's Area: CHILDREN BIOGRAPHY Nyong'o, L. 2021 - On Shelf"
https://catalog.saclibrary.org/GroupedWork/a85f23f4-9606-1d89-b84a-c4850deb4977-eng,"The wolves and moose of Isle Royale: restoring an island ecosystem","Castaldo, Nancy F. (Nancy Fusco), 1962-",9780358274230,,"Clarion Books, an imprint of HarperCollinsPublishers; HarperCollins",2022,"New York, NY",eAudiobook;Book;eBook,"Book::Central Kids Place - Lower Level: CHILDREN 599 C346 2022 - On Shelf,Book::Franklin Children's: CHILDREN 599 C346 2022 - On Shelf,Book::North Natomas Children's Area: CHILDREN 599 C346 2022 - Checked Out"
https://catalog.saclibrary.org/GroupedWork/11f7fe49-bae0-688b-a354-2a8e2398b197-eng,"Look!: body language in art","Wolfe, Gillian",9781845070342,,"Frances Lincoln",2004,London,Book,"Book::Valley Hi-North Laguna Children's Area: CHILDREN 757 W855 2004 - On Shelf"
https://catalog.saclibrary.org/GroupedWork/470a968e-8b9e-22ea-4e41-b1c05b22bc59-eng,"13 things strong kids do: think big, feel good, act brave","Morin, Amy",9780063008489,,"HarperCollins; Harper, an imprint of HarperCollinsPublishers",2021,"New York, NY",eAudiobook;Book;eBook,"Book::Fair Oaks Children's Area: CHILDREN 179.9 M858 2021 - Checked Out,Book::Pocket-Greenhaven Kids' Place: CHILDREN 179.9 M858 2021 - On Shelf,Book::Folsom Children's Area: CHILDREN 158.1 MOR 2021 - On Shelf"
https://catalog.saclibrary.org/GroupedWork/caecd0de-84c6-59fc-055a-53b95a455f9e-eng,"Victoria: portrait of a queen","Reef, Catherine",9780544716148,,"Clarion Books; HarperCollins",2017,Boston,eBook;Book,"Book::Carmichael Children's Area: CHILDREN BIOGRAPHY Victoria 2017 - On Shelf,Book::North Natomas Children's Area: CHILDREN BIOGRAPHY Victoria 2017 - Checked Out,Book::Folsom Children's Area: CHILDREN BIOGRAPHY Victoria 2017 - On Shelf"
https://catalog.saclibrary.org/GroupedWork/1d2074ec-2504-56e1-5ba6-d0db5a45b8c1-eng,"Liberty or death: the American Revolution, 1763-1783","Maestro, Betsy",9780688088026,,HarperCollins,2005,"New York",Book,"Book::North Natomas Children's Area: CHILDREN 973.3 M186 2005 - On Shelf,Book::Southgate Children's Area: CHILDREN 973.3 M186 2005 - Checked Out,Book::Folsom Children's Area: CHILDREN 973.3 MAE 2005 - On Shelf"
https://catalog.saclibrary.org/GroupedWork/d1f45bd7-ccac-b13e-74d6-eca61f0a2457-eng,"Represent: the unfinished fight for the vote","Dyson, Michael Eric",9780759557062,,"Hachette Audio; Little, Brown Books for Young Readers; Little, Brown and Company",2024,"New York",eAudiobook;Book;eBook,"Book::Central Teen Area - 3rd Floor: TEEN 324.62 D998 2024 - On Shelf,Book::Colonial Heights: TEEN 324.62 D998 2024 - On Shelf,Book::Franklin Teen: TEEN 324.62 D998 2024 - On Shelf"
https://catalog.saclibrary.org/GroupedWork/18348552-e3ec-65cf-bef5-822017f8367d-eng,"Boy meets Maria",Peyo,9781648276453,,,2018,"[Los Angeles, California] :b Seven Seas Entertainment","Graphic Novel/Manga","Graphic Novel/Manga::Central: MANGA Boy Meets - On Shelf,Graphic Novel/Manga::Colonial Heights: MANGA Boy Meets - On Shelf,Graphic Novel/Manga::Rancho Cordova: MANGA Boy Meets - On Shelf"
https://catalog.saclibrary.org/GroupedWork/d2f4496d-5308-8b1b-efd9-e29d22130803-eng,"Smile out loud: 25 happy poems","Coelho, Joseph",9780711271814,,"Wide Eyed Editions",2022,"Beverly, MA",eBook;Book,"Book::Carmichael Children's Area: CHILDREN 823.92 C672s 2022 - On Shelf,Book::Central Kids Place - Lower Level: CHILDREN 823.92 C672s 2022 - On Shelf,Book::Elk Grove Kids' Place: CHILDREN 823.92 C672s 2022 - On Shelf"
https://catalog.saclibrary.org/GroupedWork/d7ee1d22-788e-05cc-d891-2608a07d403d-eng,"Titanic: voices from the disaster","Hopkinson, Deborah",9780545116749,,"Scholastic Inc.; Books on Tape; Listening Library/Random House Audio; Scholastic Press","2012 - 2014","New York","eAudiobook;Audiobook - CD;eBook;Book","Book::North Natomas Children's Area: CHILDREN 910.453 T617zh2 2012 - On Shelf,Book::Arbuckle Branch Library Juvenile Collection: J 910.453 H - On Shelf,Book::Barber Branch: CHILDREN 910.453 HOP - Checked Out"
https://catalog.saclibrary.org/GroupedWork/99cc74a6-61ed-807b-2442-4bb52e405339-eng,"President Garfield's killer and the America he left behind: the assassin, the crime, the hapless doctors, and a president's slow, grim death","Tougas, Joe",9780756557195,,"Compass Point Books, a Capstone imprint",2018,"North Mankato, Minnesota",Book,"Book::South Natomas Children's Area: CHILDREN 973.84 G231zt 2018 - On Shelf,Book::North Sacramento-Hagginwood Children's Area: CHILDREN 973.84 G231zt 2018 - On Shelf"
https://catalog.saclibrary.org/GroupedWork/33929111-8a85-d509-6e74-7c1a7509a0dd-eng,"The yes brain: how to cultivate courage, curiosity, and resilience in your child","Siegel, Daniel J., 1957-",9780399594687,,"Bantam; Random House Publishing Group; Books on Tape",2018,"New York",eAudiobook;Book;eBook,"Book::Franklin: 649.1 S571y 2018 - On Shelf,Book::Galt: 649.1 S571y 2018 - On Shelf,Book::Rancho Cordova: 649.1 S571y 2018 - Checked Out"
https://catalog.saclibrary.org/GroupedWork/53251679-2fa3-a5cd-96e0-b0d68e3deace-eng,"The unlikely hero: the story of wolf 8","McIntyre, Rick",9781778400223,,"Greystone Kids, Greystone Books; Dreamscape Media; Greystone Books",2024,Vancouver,eAudiobook;eBook;Book,"Book::Arcade Children's Area: CHILDREN 599.773 M152 2024 - On Shelf,Book::Carmichael Children's Area: CHILDREN 599.773 M152 2024 - On Shelf,Book::Central Kids Place - Lower Level: CHILDREN 599.773 M152 2024 - On Shelf"
https://catalog.saclibrary.org/GroupedWork/6b6eb010-84d5-256f-7e1f-ebcf5d8df3d0-eng,"A time of legends: the story of two fearless wolves--and one rebel","McIntyre, Rick",9781778401930,,"Greystone Kids; Greystone Books",2025,Vancouver,eBook;Book,"Book::Central Kids Place - Lower Level: CHILDREN 599.773 M478 2025 - On Shelf,Book::Colonial Heights Children's Area: CHILDREN 599.773 M478 2025 - On Shelf,Book::Belle Cooledge Children's Area: CHILDREN 599.773 M478 2025 - On Shelf"
https://catalog.saclibrary.org/GroupedWork/b004acdf-702b-af50-5be3-0f717556a5ea-eng,"Humanimal: incredible ways animals are just like us!","Lloyd, Christopher, 1968-",9781912920013,,"WoEB, What On Earth Books",2019,"Tonbridge, Kent, United Kingdom",Book,"Book::Franklin Children's: CHILDREN 590 L793 2019 - On Shelf,Book::McKinley Children's Area: CHILDREN 590 L793 2019 - On Shelf,Book::Pocket-Greenhaven Kids' Place: CHILDREN 590 L793 2019 - On Shelf"
https://catalog.saclibrary.org/GroupedWork/f6e78b98-1d2c-34fa-64ef-e8e9284d5026-eng,"Mandela and the general","Carlin, John, 1956-",9780874868203,,"Plough Publishing House",2018,"Walden, New York","Graphic Novel/Manga;eComic","Graphic Novel/Manga::Carmichael: GRAPHIC 968.064 M271zc 2018 - On Shelf,Graphic Novel/Manga::Rancho Cordova: GRAPHIC 968.064 M271zc 2018 - On Shelf"
https://catalog.saclibrary.org/GroupedWork/f7a01536-42d2-7544-d600-1e693a365aad-eng,"Sweetness & lightning: 6","Amagakure, Gido",9781632364029,,"Kodansha Comics",2016,"New York","Graphic Novel/Manga","Graphic Novel/Manga::Franklin Teen: TEEN MANGA Sweetness & v.6 - On Shelf,Graphic Novel/Manga::North Natomas: TEEN MANGA Sweetness & v.6 - On Shelf,Graphic Novel/Manga::Sacramento Public Library Storage: TEEN MANGA Sweetness & v.6 - On Shelf"
https://catalog.saclibrary.org/GroupedWork/b04a16c9-811d-f18d-695a-0bc9cf0e4e51-eng,"Picasso: I the king = Yo el rey","Bernier-Grand, Carmen T",9780761461777,,"Amazon Children's Pub",2012,"Las Vegas",Book,"Book::Arcade Teen Area: TEEN 709.2 P586zb 2012 - On Shelf"
https://catalog.saclibrary.org/GroupedWork/442ce639-5d41-8cd4-3ddc-e2397d3ad84c-eng,"It's about time!","Brown, Don, 1949-",9781419773310,,"Abrams Fanfare",2025,"New York","Graphic Novel/Manga;eComic","Graphic Novel/Manga::Carmichael Children's Area: CHILDREN GRAPHIC 529 B877 2025 - On Shelf,Graphic Novel/Manga::Central Kids Place - Lower Level: CHILDREN GRAPHIC 529 B877 2025 - Checked Out,Graphic Novel/Manga::Belle Cooledge Children's Area: CHILDREN GRAPHIC 529 B877 2025 - On Shelf"
https://catalog.saclibrary.org/GroupedWork/613fbf1c-d486-ce60-2091-543b3d77cc70-eng,"Hidden systems: water, electricity, the internet, and the secrets behind systems we use every day","Nott, Dan",9781984896049,,"RH Graphic",2023,"New York","Graphic Novel/Manga","Graphic Novel/Manga::Carmichael Teen Area: TEEN GRAPHIC 509 N915 2023 - On Shelf,Graphic Novel/Manga::Central Teen Area - 3rd Floor: TEEN GRAPHIC 509 N915 2023 - On Shelf,Graphic Novel/Manga::Fair Oaks Teen Area: TEEN GRAPHIC 509 N915 2023 - On Shelf"
https://catalog.saclibrary.org/GroupedWork/a0c1e74f-8255-4305-9e2d-accf7780eb6e-eng,"Survival of the fittest: Race to the finish!","Donnelly, Rebecca",9781250805348,,"Henry Holt & Company",2026,"New York","Graphic Novel/Manga","Graphic Novel/Manga::Central Kids Place - Lower Level: CHILDREN GRAPHIC 591.47 D685 2026 - On Shelf,Graphic Novel/Manga::Franklin Children's: CHILDREN GRAPHIC 591.47 D685 2026 - Checked Out,Graphic Novel/Manga::Orangevale: CHILDREN GRAPHIC 591.47 D685 2026 - On Shelf"
https://catalog.saclibrary.org/GroupedWork/f2a4b4aa-c423-777e-df8d-ace0e97dc114-eng,"How to be happy: a memoir of love, sex and teenage confusion","Burton, David, 1987-",9781925240344,,"Text Publishing Company; Findaway Voices","2015 - 2017","Melbourne, Australia",Book;eAudiobook,"Book::Sylvan Oaks Teen Area: TEEN 305.31096 B974 2015 - On Shelf"
https://catalog.saclibrary.org/GroupedWork/3691fb9c-f608-4a01-1d21-56dab4ea4ab5-eng,"The future of science is female: the brilliant minds shaping the 21st century","Stone, Zara",9781642503197,,"Tantor Media, Inc.; Mango Publishing Group",2020,"Coral Gables",Book;eAudiobook,"Book::Central Teen Area - 3rd Floor: TEEN 509.22 S881 2020 - On Shelf,Book::Courtland Teen Area: TEEN 509.22 S881 2020 - On Shelf,Book::Franklin Teen: TEEN 509.22 S881 2020 - On Shelf"
https://catalog.saclibrary.org/GroupedWork/4769ecd2-2307-05e2-08ff-575e681c5f71-eng,"Nightmare Jones: poems","Bramer, Shannon",9781773069463,,"Groundwood Books Ltd; Groundwood Books",2025,Toronto,eBook;Book,"Book::Carmichael Children's Area: CHILDREN 811.6 B815 2025 - On Shelf,Book::Central Kids Place - Lower Level: CHILDREN 811.6 B815 2025 - On Shelf,Book::Franklin Children's: CHILDREN 811.6 B815 2025 - On Shelf"
https://catalog.saclibrary.org/GroupedWork/3a2b59d5-abdf-3071-52a0-994b54fc8d2d-eng,Rascal,"North, Sterling, 1906-1974",9780140344455,,"Recorded Books, Inc.; Random House/Listening Library; Dutton Children's Books; Books on Tape; Puffin Books","1984 - 2006","New York; New York, N.Y","eAudiobook;Audiobook - CD;Book","Book::Rancho Children's Area: CHILDREN 599.7632 N867 1990 - On Shelf,Book::Colonial Heights Children's Area: CHILDREN 599.7632 N867 1984 - Display,Book::Folsom Children's Area: CHILDREN BIOGRAPHY North, S. 1984 - On Shelf"
https://catalog.saclibrary.org/GroupedWork/99d8f2a4-8d7d-2ea3-34d9-1276fbd6cdf2-eng,"A shot in the arm!","Brown, Don, 1949-",9781419750014,,"Abrams; Amulet Books",2021,"New York","Graphic Novel/Manga;eComic","Graphic Novel/Manga::Arcade Children's Area: CHILDREN GRAPHIC 615.372 B877 2021 - On Shelf,Graphic Novel/Manga::Carmichael Children's Area: CHILDREN GRAPHIC 615.372 B877 2021 - On Shelf,Graphic Novel/Manga::Central Kids Place - Lower Level: CHILDREN GRAPHIC 615.372 B877 2021 - On Shelf"
https://catalog.saclibrary.org/GroupedWork/8b012f08-a3dc-7252-20ed-324a33639a3e-eng,"The Odyssey",Homer,9780451474339,,"Penguin Audiobooks; Rare Treasure Editions; Signet Classics; Sterling Pub Co Inc; W. W. Norton & Company; Duke Classics; Johns Hopkins University Press; Brilliance Audio; Penguin Books; Books on Tape; CSS Books; Harvard University Press; Spotify Audiobooks; Viking; Farrar, Straus, and Giroux; University of California Press; Oxford University Press; Naxos Audiobooks; Barnes & Noble; W.W. Norton & Company","1996 - 2025","New York; Newbury, Berkshire; Oakland, California; New York, NY; London; Grand Haven, MI; New York, New York; Cambridge, Mass","eAudiobook;Audiobook - CD;eBook;Book","Book::Central Kids Place - Lower Level: ON ORDER - On Order,Book::Sacramento Public Library: ON ORDER - On Order,Book::Arcade: 883.01 H766 2018 - On Shelf"
https://catalog.saclibrary.org/GroupedWork/0058d794-7a5d-6da5-9ef7-010a4f272817-eng,Indonesia,"Owings, Lisa",9781600147630,,"Bellwether Media",2013,"Minneapolis, Minn",eBook;Book;eAudiobook,
https://catalog.saclibrary.org/GroupedWork/0857f3c8-e8a1-44ed-602e-1ab5a8263782-eng,"Real princesses change the world","Pearson, Carrie A., 1962-",9781250751430,,"Roaring Brook Press",2023,"New York",eBook;Book,"Book::Carmichael Children's Area: CHILDREN 305.522 P361 2023 - On Shelf,Book::Central Kids Place - Lower Level: CHILDREN 305.522 P361 2023 - On Shelf,Book::Colonial Heights Children's Area: CHILDREN 305.522 P361 2023 - On Shelf"
https://catalog.saclibrary.org/GroupedWork/5aa0fc7a-26fc-9d17-253e-df2ccb292e64-eng,"The sandman: the dream hunters","Gaiman, Neil",9781401294236,,"DC Comics","1999 - 2019","Burbank, CA; New York; New York, NY","Graphic Novel/Manga","Graphic Novel/Manga::Sylvan Oaks: GRAPHIC NOVEL The Sandman - On Shelf"
https://catalog.saclibrary.org/GroupedWork/3fa1348b-5a6c-8823-4801-b51d22134467-eng,"Pirates in the media","Hamilton, John, 1959-",9781599287645,,"ABDO Pub. Co; ABDO Publishing Company",2007,"Edina, Minn",eBook;Book,
https://catalog.saclibrary.org/GroupedWork/38315cb5-d381-eb82-4b3c-615c7343b528-eng,"Your amazing teen brain: CBT and neuroscience skills to stress less, balance emotions & strengthen your growing mind","Nebolsine, Elisa",9781684038046,,"Instant Help Books, an imprint of New Harbinger Publications, Inc; New Harbinger Publications",2021,"Oakland, CA",eBook;Book,"Book::Arcade Teen Area: TEEN 618.9289 N361 2021 - On Shelf,Book::Central Teen Area - 3rd Floor: TEEN 618.9289 N361 2021 - On Shelf,Book::North Natomas: TEEN 618.9289 N361 2021 - On Shelf"
https://catalog.saclibrary.org/GroupedWork/3be6778e-43d4-e6a0-e2cc-fac5ccd9fb16-eng,"Buried sunlight: how fossil fuels have changed the Earth","Bang, Molly",9780545577854,,"Scholastic Inc.; The Blue Sky Press, an imprint of Scholastic Inc",2014,"New York",eBook;Book,"Book::Central Kids Place - Lower Level: CHILDREN 333.82 B216 2014 - On Shelf,Book::Belle Cooledge Children's Area: CHILDREN 333.82 B216 2014 - On Shelf,Book::Courtland Children's Area: CHILDREN 333.82 B216 2014 - On Shelf"
https://catalog.saclibrary.org/GroupedWork/bd2642fd-8533-6be6-e827-4d280075be02-eng,"The revolutionists: the story of the extremists who hijacked the 1970s","Burke, Jason",9780525659433,,"Alfred A. Knopf; Knopf Doubleday Publishing Group; Books on Tape",2026,"New York, New York",eAudiobook;Book;eBook,"Book::Arcade: 303.625 B959 2026 - On Shelf,Book::Arden-Dimick: 303.625 B959 2026 - Checked Out,Book::Central New Books - 4th Floor: 303.625 B959 2026 - Checked Out"
https://catalog.saclibrary.org/GroupedWork/a13aa38b-06a3-6a6b-cfb0-7ed5f3fa3f04-eng,"Eiffel's tower for young people: the story of the 1889 World's Fair","Stefoff, Rebecca, 1951-",9781609809058,,"Seven Stories Press",2019,"New York",Book,"Book::Carmichael Children's Area: CHILDREN 907.444361 J79 2019 - On Shelf,Book::Central Kids Place - Lower Level: CHILDREN 907.444361 J79 2019 - On Shelf,Book::Isleton Children's Area: CHILDREN 907.444361 J79 2019 - On Shelf"
https://catalog.saclibrary.org/GroupedWork/fad93c89-c562-0a23-146e-bb5b9561042c-eng,"Ghetto Klown","Leguizamo, John",9781419715181,,"Abrams ComicArts",2015,"New York","Graphic Novel/Manga;eComic","Graphic Novel/Manga::Carmichael: GRAPHIC 812.54 L521g 2015 - On Shelf,Graphic Novel/Manga::Central: GRAPHIC 812.54 L521g 2015 - On Shelf"
https://catalog.saclibrary.org/GroupedWork/3fccf42c-c3e6-5306-fb15-3b2fae97ddab-eng,"When anxiety makes you angry: CBT anger management skills for teens with anxiety-driven anger","Dunn, Kelsey Torgerson",9781684038367,,"Instant Help Books, an imprint of New Harbinger Publications, Inc; New Harbinger Publications",2022,"Oakland, CA",eBook;Book,"Book::Courtland Teen Area: TEEN 302 D923 2022 - On Shelf,Book::Franklin Teen: TEEN 302 D923 2022 - On Shelf,Book::McKinley Children's Area: TEEN 302 D923 2022 - On Shelf"
https://catalog.saclibrary.org/GroupedWork/86b30cad-a9e8-3a1c-7e87-c045fd383600-eng,"Reader's handbook: a student guide for reading and learning","Robb, Laura",9780669488579,,"Great Source Education Group",2002,"Wilmington, Mass",Book,
https://catalog.saclibrary.org/GroupedWork/52912ccf-48fb-a349-a2d7-1b0981b2066c-eng,"Rescue of the Bounty: disaster and survival in Superstorm Sandy","Tougias, Michael J., 1955-",9781476746630,,"Henry Holt and Company; Scribner","2014 - 2022","New York",Book,"Book::Carmichael Children's Area: CHILDREN 910.916348 T722 2022 - On Shelf,Book::Central Kids Place - Lower Level: CHILDREN 910.916348 T722 2022 - On Shelf,Book::Elk Grove Kids' Place: CHILDREN 910.916348 T722 2022 - On Shelf"
https://catalog.saclibrary.org/GroupedWork/699a8552-8ff1-4e79-0fc3-ce97c4b76d1f-eng,"Robot, unicorn, queen","Bramer, Shannon",9781773066585,,"Groundwood Books Ltd; Groundwood Books, House od Anansi Press",2023,"Toronto [Ontario]",eBook;Book,"Book::Arcade Children's Area: CHILDREN 811.6 B815 2023 - On Shelf,Book::Colonial Heights Children's Area: CHILDREN 811.6 B815 2023 - On Shelf,Book::Courtland Children's Area: CHILDREN 811.6 B815 2023 - On Shelf"
https://catalog.saclibrary.org/GroupedWork/223254a7-2de3-4b2d-ca7e-590c645b0e6b-eng,"Malala Yousafzai","Williamson, Lisa, 1980-",9781419740749,,"Abrams; Dreamscape Media; Abrams Books for Young Readers",2020,"New York, N.Y",eBook;Book;eAudiobook,"Book::Arcade Children's Area: CHILDREN BIOGRAPHY Yousafzai, M. 2020 - Checked Out,Book::North Natomas Children's Area: CHILDREN BIOGRAPHY Yousafzai, M. 2020 - On Shelf,Book::Sylvan Oaks Children's Area: CHILDREN BIOGRAPHY Yousafzai, M. 2020 - On Shelf"
https://catalog.saclibrary.org/GroupedWork/983ca010-a949-e44d-9cea-a6c5c10f1cba-eng,"Facing the mountain: a true story of Japanese American heroes in World War II","Brown, Daniel James, 1951-",9780525557401,,"Viking; Random House Large Print; Books on Tape; Penguin Young Readers Group","2021 - 2023","[New York, New York]; [New York, NY]","eAudiobook;Large Print;Book;eBook","Book::Arcade: 940.541273 B877 2021 - On Shelf,Book::Carmichael: 940.541273 B877 2021 - On Shelf,Book::Central: 940.541273 B877 2021 - On Shelf"
https://catalog.saclibrary.org/GroupedWork/9bf54d12-c6af-ac70-d50b-d02ef5a1011c-eng,"Survive the Five: unofficial pro gamer tips for fans of Five Nights at Freddy's","Mirabella, Anna",9781510775527,,"Sky Pony; Sky Pony Press",2023,"New York, New York",eBook;Book,"Book::Central Teen Area - 3rd Floor: TEEN 794.82 F565zm 2023 - On Shelf,Book::Galt Teen Area: TEEN 794.82 F565zm 2023 - On Shelf,Book::Sacramento Public Library Storage: TEEN 794.82 F565zm 2023 - On Hold Shelf"
https://catalog.saclibrary.org/GroupedWork/c742ffce-5afb-09bc-ee19-2e3ae95db26d-eng,"Introduction to Greek mythology for kids: a fun collection of the best heroes, monsters, and gods in Greek myth","Marcus, Richard",9781646041916,,"Ulysses Press; Bloom Books for Young Readers",2021,"Berkeley, CA",eBook;Book,
https://catalog.saclibrary.org/GroupedWork/42390329-8a68-cd04-a1f9-937251f0eacc-eng,"Keep it clean!","Brown, Don, 1949-",9781419779961,,"Abrams Fanfare; Fanfare Books",2025,"New York","Graphic Novel/Manga;eComic","Graphic Novel/Manga::Carmichael Children's Area: CHILDREN GRAPHIC 628.3 B877 2025 - On Shelf,Graphic Novel/Manga::Central Kids Place - Lower Level: CHILDREN GRAPHIC 628.3 B877 2025 - On Shelf,Graphic Novel/Manga::Elk Grove Kids' Place: CHILDREN GRAPHIC 628.3 B877 2025 - On Shelf"
https://catalog.saclibrary.org/GroupedWork/34c3c1f7-4fe1-9e10-975d-de25ae22113c-eng,"The great fire","Murphy, Jim, 1947-",9780590472678,,"Recorded Books, Inc.; Scholastic Inc.; Blackstone Publishing; Scholastic Inc","1995 - 2016","New York",eAudiobook;eBook;Book,"Book::Elk Grove Kids' Place: CHILDREN 977.311 M978 1995 - Checked Out,Book::Pocket-Greenhaven Kids' Place: CHILDREN 977.311 M978 1995 - Checked Out,Book::Barber Branch: CHILDREN 977.311 MUR - On Shelf"
https://catalog.saclibrary.org/GroupedWork/4173cd29-b814-2ae4-c2d2-75277c935eb8-eng,"Gotham Academy: Volume 1, Welcome to Gotham Academy","Cloonan, Becky",9781401254728,,"DC Comics",2015,"Burbank, CA","Graphic Novel/Manga;eComic","Graphic Novel/Manga::Carmichael Teen Area: TEEN GRAPHIC NOVEL Gotham Academy v.1 - On Shelf,Graphic Novel/Manga::Rio Linda Teen Area: TEEN GRAPHIC NOVEL Gotham Academy v.1 - On Shelf,Graphic Novel/Manga::Sacramento Public Library Storage: TEEN GRAPHIC NOVEL Gotham Academy v.1 - On Shelf"
https://catalog.saclibrary.org/GroupedWork/9644acde-2a17-1931-d29e-9d90e87eafdf-eng,"Golden Gate: building the mighty bridge","Partridge, Elizabeth",9781452135144,,"Recorded Books, Inc.; Chronicle Books LLC; Chronicle Books",2024,"San Francisco",eAudiobook;eBook;Book,"Book::Central Kids Place - Lower Level: OVERSIZE CHILDREN 624.23 G618zp 2024 - Checked Out,Book::Courtland Children's Area: OVERSIZE CHILDREN 624.23 G618zp 2024 - On Shelf,Book::Isleton Children's Area: OVERSIZE CHILDREN 624.23 G618zp 2024 - On Shelf"
https://catalog.saclibrary.org/GroupedWork/1fc21833-1d64-279a-178f-9069212368d5-eng,"Chinese art & culture","Hibbert, Clare, 1970-",9781410911070,,Raintree,2005,"Chicago, Ill",Book,
https://catalog.saclibrary.org/GroupedWork/08a230e0-89e4-d28c-c29b-734b4df82a51-eng,"We're better than this: my fight for the future of our democracy","Cummings, Elijah",9780063081550,,"Harper, an imprint of HarperCollins Publishers; HarperCollins; Harper, an imprint of HarperCollinsPublishers; Harper","2020 - 2021","New York, NY",eAudiobook;eBook;Book,"Book::Carmichael Children's Area: CHILDREN 328.73092 C971 2021 - On Shelf,Book::Belle Cooledge Children's Area: CHILDREN 328.73092 C971 2021 - On Shelf,Book::North Natomas Children's Area: CHILDREN 328.73092 C971 2021 - On Shelf"
https://catalog.saclibrary.org/GroupedWork/446512c5-1c32-ce85-4eeb-a5ecac390036-eng,"Close to shore: the terrifying shark attacks of 1916","Capuzzo, Michael",9780375822315,,"Crown Publishers; Crown","2002 - 2003","New York",eBook;Book,
https://catalog.saclibrary.org/GroupedWork/c71fb653-e894-b271-ee4b-b36084cd1d14-eng,"Ancient Greece","Hatt, Christine",9781403448378,,"Heinemann Library",2005,"Chicago, Ill",Book,
https://catalog.saclibrary.org/GroupedWork/2a65e2ad-162d-5741-630c-04e81e02bff2-eng,"Rivers of sunlight: how the Sun moves water around the Earth","Bang, Molly",9780545805414,,"Scholastic Inc.; The Blue Sky Press, an imprint of Scholastic Inc",2017,"New York",eBook;Book,"Book::Arcade Children's Area: CHILDREN 551.48 B216 2017 - On Shelf,Book::Carmichael Children's Area: CHILDREN 551.48 B216 2017 - On Shelf,Book::Central Kids Place - Lower Level: CHILDREN 551.48 B216 2017 - On Shelf"
https://catalog.saclibrary.org/GroupedWork/156bfab0-48dc-60f9-dad0-9aba4fc45881-eng,"How Emily saved the bridge: the story of Emily Warren Roebling and the building of the Brooklyn Bridge","Wishinsky, Frieda",9781773061047,,"Groundwood Books Ltd; Groundwood Books",2019,Toronto,eBook;Book,"Book::Central Kids Place - Lower Level: CHILDREN BIOGRAPHY Roebling, E. 2019 - On Shelf,Book::North Natomas Children's Area: CHILDREN BIOGRAPHY Roebling, E. 2019 - On Shelf,Book::Southgate Children's Area: CHILDREN BIOGRAPHY Roebling, E. 2019 - On Shelf"
https://catalog.saclibrary.org/GroupedWork/0cd65bb9-6ec7-1076-5c81-39121fa4f887-eng,"How to navigate middle school","Pozzatti, Anna",9781433838224,,"American Psychological Association; Magination Press, American Psychological Association",2023,"Washington, DC",eBook;Book,"Book::Central Kids Place - Lower Level: CHILDREN 152 P893 2023 - On Shelf,Book::Colonial Heights Children's Area: CHILDREN 152 P893 2023 - On Shelf,Book::Isleton Children's Area: CHILDREN 152 P893 2023 - On Shelf"
https://catalog.saclibrary.org/GroupedWork/6d29c84e-da67-6085-5916-d257041736e4-eng,"Votes for women!: American suffragists and the battle for the ballot","Conkling, Winifred",9781616207342,,"Recorded Books, Inc.; Workman Publishing Company; Algonquin Young Readers",2018,"Chapel Hill, North Carolina",eBook;Book;eAudiobook,"Book::Central Teen Area - 3rd Floor: TEEN 324.623 C752 2018 - On Shelf,Book::Courtland Teen Area: TEEN 324.623 C752 2018 - On Shelf,Book::Elk Grove Teen Area: TEEN 324.623 C752 2018 - On Shelf"
https://catalog.saclibrary.org/GroupedWork/bc02c48e-5d48-2a9f-90ad-52f65c3cf52b-eng,"Queen of the wolves: the legendary 06 Female","McIntyre, Rick",9781778401954,,"Greystone Kids / Greystone Books; Greystone Books",2026,Vancouver,eBook;Book,"Book::Sacramento Public Library: ON ORDER - On Order,Book::Folsom Children's Area NEW: CHILDREN 599.773 MCI 2026 - Checked Out"
https://catalog.saclibrary.org/GroupedWork/66bc0bcc-5cfd-d792-d68a-377246d492b2-eng,"Becoming Maria: love and chaos in the South Bronx","Manzano, Sonia",9780545621847,,"Scholastic Inc.; Scholastic Press","2015 - 2017","New York",eAudiobook;eBook;Book,"Book::Central Teen Area - 3rd Floor: TEEN 791.45028 M295 2015 - On Shelf"
https://catalog.saclibrary.org/GroupedWork/e4c5eb9d-9c2b-a9fe-28d7-219e3f136210-eng,"XO ballerina big sis","Peck, Tiler",9780593969090,,"DK; DK Publishing",2025,"New York, NY",eAudiobook;eBook;Book,"Book::Arcade Children's Area: CHILDREN 792.8 P367 2025 - On Shelf,Book::Central Kids Place - Lower Level: CHILDREN 792.8 P367 2025 - Checked Out,Book::Belle Cooledge Children's Area: CHILDREN 792.8 P367 2025 - On Shelf"
https://catalog.saclibrary.org/GroupedWork/e3782ce9-cc08-da20-4bd6-b160c769d7ab-eng,"What's so special about Shakespeare?","Rosen, Michael, 1946-",9780763699956,,"Candlewick Press",2018,"Somerville, Massachsetts",Book,
https://catalog.saclibrary.org/GroupedWork/ab8ce0ca-b2de-30c9-c7a8-ae6dcf53257e-eng,"The first conspiracy: the secret plot to kill George Washington","Meltzer, Brad",9781250244833,,"Thorndike Press, a part of Gale, a Cengage Company; Macmillan Audio; Roaring Brook Press; Flatiron Books","2019 - 2020","New York; New York, NY; Farmington Hills, Mich","eAudiobook;Audiobook - CD;eBook;Large Print;Book","Book::Elk Grove Teen Area: TEEN 973.41092 W318zm2 2020 - On Shelf,Book::Rio Linda Teen Area: TEEN 973.41092 W318zm2 2020 - On Shelf,Book::Southgate Teen Area: TEEN 973.41092 W318zm2 2020 - On Shelf"
https://catalog.saclibrary.org/GroupedWork/dd678b4c-db3a-0e65-b42d-b524231764ef-eng,"The life and times of Socrates","Zannos, Susan",9781584152828,,"Mitchell Lane; Mitchell Lane Publishers",2005,"Hockessin, Del",eBook;Book,
https://catalog.saclibrary.org/GroupedWork/c973c3b4-1b9b-449b-b3cf-79784d0fc8ce-eng,"The Jesus storybook Bible: every story whispers his name","Lloyd-Jones, Sally, 1960-",9780310708254,,"Zondervan; Zonderkidz","2007 - 2012","Grand Rapids, Mich",eAudiobook;eBook;Book,"Book::Belle Cooledge Children's Area: CHILDREN 220.9505 L793 2007 - On Shelf"
https://catalog.saclibrary.org/GroupedWork/3890a3ad-978e-7215-e29a-0fd11d826689-eng,India,"Nardo, Don, 1947-",9780531253106,,"Children's Press",2012,"New York",Book,
https://catalog.saclibrary.org/GroupedWork/8c788b90-0e73-19f6-77c1-de4f94d74929-eng,Norway,"Hepso, Mike",9780836823622,,"Gareth Stevens Pub",2003,"Milwaukee, WI",Book,
https://catalog.saclibrary.org/GroupedWork/5051ae83-63a7-f3df-322e-3a482aaf243d-eng,"The curse of the mummy: uncovering Tutankhamun's tomb","Fleming, Candace",9781338596618,,"Scholastic Focus; Scholastic Inc.",2021,"New York",eAudiobook;eBook;Book,"Book::Central Kids Place - Lower Level: CHILDREN 932.014 F597 2021 - On Shelf,Book::Fair Oaks Children's Area: CHILDREN 932.014 F597 2021 - On Shelf,Book::Franklin Children's: CHILDREN 932.014 F597 2021 - On Shelf"
https://catalog.saclibrary.org/GroupedWork/3a7da0f3-7f77-64da-5748-6a2ffd17cef5-eng,"The Barefoot book of fairy tales","Doyle, Malachy",9781841487984,,"Barefoot; Barefoot Books",2005,"Cambridge, MA",eBook;Book,
https://catalog.saclibrary.org/GroupedWork/69e8a6b8-8fe0-41f5-ef79-c2f901de4880-eng,"ER vets: life in an animal emergency room","Jackson, Donna M., 1959-",9780618436637,,"Houghton Mifflin",2005,Boston,Book,
https://catalog.saclibrary.org/GroupedWork/b1b365d8-4004-4810-3846-5b2da6fa2c74-eng,"One summer night","Salzano, Tammi",9781478870333,,"Reycraft Books",2021,"New York","Picture Book","Picture Book::Carmichael Children's Area: PICTURE BOOK Salzano, T. - Checked Out,Picture Book::Central Kids Place - Lower Level: PICTURE BOOK Salzano, T. - Checked Out,Picture Book::Colonial Heights Children's Area: PICTURE BOOK Salzano, T. - Checked Out"
https://catalog.saclibrary.org/GroupedWork/1a0b639d-d95a-817e-d8eb-6f1b1f4bc93d-eng,"No accident","Blake, Emily",9780439921886,,"Scholastic Inc.; Scholastic","2006 - 2009",Toronto,eBook;Book,
https://catalog.saclibrary.org/GroupedWork/863962b3-2468-23a9-e0ce-0ca0ee212155-eng,"A new class","Krosoczka, Jarrett",9780545875738,,"Scholastic Inc",2016,"New York, NY","Graphic Novel/Manga",
https://catalog.saclibrary.org/GroupedWork/8c934d9a-f763-b8e4-3e74-30cc9880519d-eng,"Encore!: more winning monologs for young actors : 63 more honest-to-life monologs for teenage boys and girls","Kehret, Peg",9780916260545,,"Meriwether Pub",1988,"Colorado Springs, Colo",Book,
https://catalog.saclibrary.org/GroupedWork/9c06e112-a1cc-7f51-caf8-a661ee779100-eng,"The monkey trial: John Scopes and the battle over teaching evolution","Sanchez, Anita, 1956-",9780358457695,,"Clarion Books; Clarion Books, an imprint of HarperCollinsPublishers; HarperCollins",2023,"New York, NY",eAudiobook;eBook;Book,"Book::Carmichael Children's Area: CHILDREN 576.8 S422zs 2023 - On Shelf,Book::Central Kids Place - Lower Level: CHILDREN 576.8 S422zs 2023 - On Shelf,Book::North Natomas Children's Area: CHILDREN 576.8 S422zs 2023 - On Shelf"
https://catalog.saclibrary.org/GroupedWork/e675704d-998a-d636-3f0a-59dce83c06a6-eng,"Entertainment: screen, stage & stars","Morley, Jacqueline",9780531143117,,"Franklin Watts",1993,"New York",Book,
https://catalog.saclibrary.org/GroupedWork/2b1f6555-da35-377b-33ca-c970168a3c79-eng,"Greek cities","Steel, Barry",9780531183267,,"Bookwright Press",1989,"New York",Book,
https://catalog.saclibrary.org/GroupedWork/f1e54515-3051-7e24-19d8-ee9b520314dd-eng,"The 6 most important decisions you'll ever make: a guide for teens","Covey, Sean",9780743265041,,"Simon & Schuster Audio; Fireside","2006 - 2012","New York",Book;eAudiobook,
https://catalog.saclibrary.org/GroupedWork/d108e692-a99c-96b9-1a90-7da86fe418bc-eng,"Ancient Maya and Aztec civilizations","Wood, Marion, 1945-",9780816068203,,"Chelsea House Pub",2007,"New York",Book,
https://catalog.saclibrary.org/GroupedWork/578bd262-024c-edd2-3b2d-c53cc91aff93-eng,"China's Long March: 6,000 miles of danger","Fritz, Jean",9780399215124,,"Putnam; Blackstone Publishing","1988 - 2014","New York",Book;eAudiobook,
https://catalog.saclibrary.org/GroupedWork/b1fb0f20-3e42-b55c-c8af-2963183180d7-eng,"Three more words","Rhodes-Courter, Ashley, 1985-",9781481415583,,"Atheneum Books for Young Readers",2015,"New York",Book,
https://catalog.saclibrary.org/GroupedWork/179c860e-20fa-d6e5-f9ef-46746b4e9b97-eng,"The crafty diva's D.I.Y. stylebook: a grrrl's [sic] guide to cool creations you can make, show off, and share","Cano-Murillo, Kathy",9780823069934,,"Watson-Guptill Publications",2004,"New York",Book,
https://catalog.saclibrary.org/GroupedWork/05f6a428-49a7-6c95-488e-1cdd1ea59451-eng,"The game master's book of astonishing random tables: 300+ unique roll tables to enhance your worldbuilding, storytelling, locations, magic and more for 5th edition RPG adventures","Egloff, Ben",9781956403251,,"Media Lab Books",2023,"New York",Book,
https://catalog.saclibrary.org/GroupedWork/780bcf8a-7acc-add8-f5f7-a0c9417efd42-eng,Dance,"Grau, Andrée",9780756610661,,DK,2005,"New York; London",Book,
