Link,Title,Author,ISBN,UPC,Publisher,"Publish Date","Place of Publication",Format,"Location & Call Number"
https://catalog.saclibrary.org/GroupedWork/fdf71132-173a-726a-d604-3a9715f3c2ba-eng,"Fantasy in death","Robb, J. D., 1950-",9780425235898,,"Wheeler Pub; Penguin Publishing Group; G.P. Putnam's Sons",2010,"New York; Waterville, Me","Large Print;eBook;Book","Book::Central: MYSTERY Robb, J. - On Shelf,Book::Colonial Heights: MYSTERY Robb, J. - On Shelf,Book::South Natomas: MYSTERY Robb, J. - On Shelf"
https://catalog.saclibrary.org/GroupedWork/c6c4f0f5-b06c-c176-a758-b76df2136231-eng,"Fantasy lover","Kenyon, Sherrilyn, 1965-",9780312979973,,"Macmillan Audio; St. Martin's Paperbacks","2002 - 2009","New York",eAudiobook;Book,
https://catalog.saclibrary.org/GroupedWork/0427495f-28c7-5da3-0b9d-844e3be047fe-eng,"Fantasy Island",Pyrple,9781645565208,,"Urban Books, LLC",2023,"Farmingdale, NY",Book,"Book::Colonial Heights: URBAN FICTION Pyrple - On Shelf,Book::Rancho Cordova: URBAN FICTION Pyrple - On Shelf"
https://catalog.saclibrary.org/GroupedWork/7b2fb2ca-a363-0bcf-ffc2-ec2f4aa87da8-eng,"Die: Volume 1, Fantasy heartbreaker","Gillen, Kieron",9781534314894,,"Image Comics",2019,"Portland, OR","Graphic Novel/Manga;eComic","Graphic Novel/Manga::Central: GRAPHIC NOVEL Gillen, K. v.1 - On Shelf,Graphic Novel/Manga::Colonial Heights: GRAPHIC NOVEL Gillen, K. v.1 - On Shelf,Graphic Novel/Manga::Valley Hi-North Laguna: GRAPHIC NOVEL Gillen, K. v.1 - On Shelf"
https://catalog.saclibrary.org/GroupedWork/19d95ef8-936c-bdc4-cd4f-d3c99d0e5679-eng,"Legends & lattes: a novel of high fantasy and low stakes","Baldree, Travis, 1977-",9781250342782,,"Tor; Macmillan Audio; Tor Publishing Group",2022,"New York",eAudiobook;eBook;Book,"Book::Carmichael: SCIENCE FICTION Baldree, T. - On Hold Shelf,Book::Central: SCIENCE FICTION Baldree, T. - Checked Out,Book::North Sacramento-Hagginwood: SCIENCE FICTION Baldree, T. - Checked Out"
https://catalog.saclibrary.org/GroupedWork/25572c5a-88ff-bc1f-c211-729171a19ee8-eng,"The spice gate: a fantasy","Srivatsa, Prashanth",9780063266834,,"Harper Voyager, an imprint of HarperCollinsPublishers; HarperCollins",2024,"New York",eAudiobook;eBook;Book,"Book::Central: SCIENCE FICTION Srivatsa, P. - On Shelf,Book::Fair Oaks: SCIENCE FICTION Srivatsa, P. - On Shelf,Book::Franklin: SCIENCE FICTION Srivatsa, P. - On Shelf"
https://catalog.saclibrary.org/GroupedWork/26c84e46-a0f4-45f9-3489-b0bf5489ccc0-eng,"Rudyard Kipling's Tales of horror & fantasy","Kipling, Rudyard, 1865-1936",9781435120051,,"Fall River Press; Pegasus Books","2008 - 2011","New York",eBook;Book,
https://catalog.saclibrary.org/GroupedWork/67a10d5f-5445-05a8-876e-8fe9ed08e47b-eng,"Female fantasy: a novel","Hariri-Kia, Iman",9781728270647,,"Recorded Books, Inc.; Cosmo Reads; Sourcebooks",2025,"Naperville, Illinois",eAudiobook;Book;eBook,"Book::Carmichael: FICTION Hariri-Kia, I. - Checked Out,Book::Central New Books - 4th Floor: FICTION Hariri-Kia, I. - On Shelf,Book::Elk Grove: FICTION Hariri-Kia, I. - Checked Out"
https://catalog.saclibrary.org/GroupedWork/77aa0be4-7f39-05e9-18e9-64d9c5cdbb60-eng,"The American fantasy tradition",,9780765301529,,Tor,2002,"New York",Book,"Book::Central: 813.08766 A512 2002 - On Shelf"
https://catalog.saclibrary.org/GroupedWork/0509d4db-4cc6-2cc9-2cb1-9614e386543b-eng,"Mira's last dance: a fantasy novella in the world of the five gods","Bujold, Lois McMaster",9781596068544,,"Subterranean Press; Blackstone Publishing","2017 - 2018","Burton, MI",eAudiobook;Book,"Book::Carmichael: SCIENCE FICTION Bujold, L. - On Shelf,Book::Central: SCIENCE FICTION Bujold, L. - On Shelf,Book::Orangevale: SCIENCE FICTION Bujold, L. - On Shelf"
https://catalog.saclibrary.org/GroupedWork/402cca98-ce08-27e0-0817-6f45860318f0-eng,"The best American science fiction and fantasy 2015",,9780544449770,,"Houghton Mifflin Harcourt",2015,Boston,Book,"Book::Central: SCIENCE FICTION BEST - Checked Out,Book::South Natomas: SCIENCE FICTION BEST - On Shelf"
https://catalog.saclibrary.org/GroupedWork/c40eeae9-d89c-83d3-3ed0-2b1c2cf7a25a-eng,"The new voices of fantasy",,9781616962579,,"Tachyon Publications",2017,"San Francisco",Book,"Book::Carmichael: SCIENCE FICTION New - On Shelf,Book::Central: SCIENCE FICTION New - On Shelf,Book::McKinley: SCIENCE FICTION New - On Shelf"
https://catalog.saclibrary.org/GroupedWork/3ee398da-4426-6b70-553a-134a19df7094-eng,"The soft landing collection: Sapphic fantasy and science fiction stories","Lyon, Jacquelynn",9798581575680,,"Jacquelynn Lyon","2020 - 2022","United States",eBook;Book,"Book::Central: SCIENCE FICTION Lyon, J. - On Shelf"
https://catalog.saclibrary.org/GroupedWork/247d6b8c-5929-8aa2-df55-438df911719a-eng,"American fantasy","Straub, Emma",9798217046850,,"Random House Large Print Publishing; Riverhead Books; Books on Tape; Penguin Publishing Group; Penguin Random House Audio",2026,"New York; [United States]","eAudiobook;Audiobook - CD;eBook;Large Print;Book","Book::Arcade: FICTION Straub, E. - On Hold Shelf,Book::Carmichael: FICTION Straub, E. - Checked Out,Book::Central New Books - 4th Floor: FICTION Straub, E. - Checked Out"
https://catalog.saclibrary.org/GroupedWork/f9998088-1617-8ed0-72b6-cd74162979df-eng,"Flights: extreme visions of fantasy",,9780451459770,,Roc,2004,"New York",Book,"Book::Central: SCIENCE FICTION Flights - On Shelf"
https://catalog.saclibrary.org/GroupedWork/aaea7060-7848-42cf-ad9d-27455a97bddc-eng,"The best American science fiction & fantasy, 2025",,9780063441477,,"Mariner Books",2025,"New York, NY",Book,"Book::Central New Books - 4th Floor: SCIENCE FICTION Best - On Shelf,Book::Franklin: SCIENCE FICTION Best - On Shelf,Book::Orangevale: SCIENCE FICTION Best - Checked Out"
https://catalog.saclibrary.org/GroupedWork/a9764cfe-030f-528e-77f6-280ca0022a0b-eng,"Bone dance: a fantasy for technophiles","Bull, Emma, 1954-",9780765321732,,"Tom Doherty Associates Books",1991,"New York",Book,"Book::Central: SCIENCE FICTION Bull, E. - On Shelf,Book::North Sacramento-Hagginwood: SCIENCE FICTION Bull, E. - On Shelf,Book::Valley Hi-North Laguna: SCIENCE FICTION Bull, E. - On Shelf"
https://catalog.saclibrary.org/GroupedWork/7daae022-e6e4-ada9-2003-01aa132f54b7-eng,"The best American science fiction & fantasy 2024",,9780063315785,,"Mariner Books",2024,"New York",Book,"Book::Central: SCIENCE FICTION Best - On Shelf,Book::Colonial Heights: SCIENCE FICTION Best - On Shelf,Book::Galt: SCIENCE FICTION Best - On Shelf"
https://catalog.saclibrary.org/GroupedWork/3f3e59ec-9256-76ea-1fbe-9f9537ec74d9-eng,"The Dedalus book of Finnish fantasy",,9781903517291,,Dedalus,2005,Sawtry,Book,"Book::Central: SCIENCE FICTION Dedalus - On Shelf"
https://catalog.saclibrary.org/GroupedWork/657cc161-0569-e5e2-fde8-861b960c5dfd-eng,"Can't spell treason without tea: a cozy fantasy steeped with love","Thorne, Rebecca, 1991-",9781250333292,,"Bramble, Tor Publishing Group; [Place of publication not identified]","2022 - 2024","New York; [Publisher not identified]",Book,"Book::Central: SCIENCE FICTION Thorne, R. - Checked Out,Book::Belle Cooledge: SCIENCE FICTION Thorne, R. - On Shelf,Book::Fair Oaks: SCIENCE FICTION Thorne, R. - Checked Out"
https://catalog.saclibrary.org/GroupedWork/041241bf-664d-ee47-5e7a-042f7d129ad6-eng,"Circus: fantasy under the big top",,9781607013556,,"Prime Books",2012,"[Gaithersburg, Md.]",Book,"Book::South Natomas: SCIENCE FICTION Circus - On Shelf"
https://catalog.saclibrary.org/GroupedWork/97d598eb-9484-6cd7-89d1-107652a309d8-eng,"Secret fantasy","Phillips, Carly",9780373773510,,"HQN Books",2009,"Don Mills, Ont",Book,"Book::South Natomas: FICTION Phillips, C. - On Shelf"
https://catalog.saclibrary.org/GroupedWork/f43d0e1c-bd1d-85e5-2658-0bce83f13bbe-eng,"Granblue fantasy: Volume 02",,9781632368911,,"Kodansha Comics",2019,"New York","Graphic Novel/Manga","Graphic Novel/Manga::Arcade Teen Area: TEEN MANGA Granblue Fantasy v.2 - On Shelf,Graphic Novel/Manga::Central Teen Area - 3rd Floor: TEEN MANGA Granblue Fantasy v.2 - On Shelf,Graphic Novel/Manga::Belle Cooledge Teen Area: TEEN MANGA Granblue Fantasy v.2 - On Shelf"
https://catalog.saclibrary.org/GroupedWork/934c7763-259d-fb25-c32f-f0d7f6c1ecd2-eng,"Granblue fantasy: Volume 05","Fugetsu, Makoto",9781632369550,,"Kodansha Comics",2020,"New York","Graphic Novel/Manga","Graphic Novel/Manga::Franklin Teen: TEEN MANGA Granblue Fantasy v.5 - On Shelf,Graphic Novel/Manga::North Natomas: TEEN MANGA Granblue Fantasy v.5 - On Shelf,Graphic Novel/Manga::Sacramento Public Library Storage: TEEN MANGA Granblue Fantasy v.5 - Checked Out"
https://catalog.saclibrary.org/GroupedWork/f0fae372-867a-66dd-1e57-ac12569dfb61-eng,"The best American science fiction & fantasy 2022",,9780358690122,,"Mariner Books",2022,"New York",Book,"Book::Carmichael: SCIENCE FICTION Best 2022 - On Shelf,Book::Central: SCIENCE FICTION Best 2022 - On Shelf,Book::Elk Grove: SCIENCE FICTION Best 2022 - On Shelf"
https://catalog.saclibrary.org/GroupedWork/2cafe568-243b-79c4-97e2-ab2d9311b539-eng,"The best American science fiction and fantasy 2018",,9781328834560,,"Houghton Mifflin Harcourt",2018,Boston,Book,"Book::Central: SCIENCE FICTION Best - On Shelf,Book::South Natomas: SCIENCE FICTION Best - On Shelf,Book::Valley Hi-North Laguna: SCIENCE FICTION Best - On Shelf"
https://catalog.saclibrary.org/GroupedWork/a503295c-6810-709d-59f6-aea5c1239877-eng,"Fate & furies: an epic romantic fantasy","Scheuerer, Helen",9781922903150,,"Helen Scheuerer",2024,"[Place of publication not identified]",Book,"Book::Fair Oaks: SCIENCE FICTION Scheuerer, H. - On Shelf,Book::South Natomas: SCIENCE FICTION Scheuerer, H. - On Shelf,Book::Rancho Cordova: SCIENCE FICTION Scheuerer, H. - On Shelf"
https://catalog.saclibrary.org/GroupedWork/4d3ed5e6-7951-990f-4bcd-3adee0b07823-eng,"Paper cities: an anthology of urban fantasy",,9780979624605,,"Senses Five Press",2008,"Hoboken, N.J",Book,"Book::Walnut Grove: SCIENCE FICTION Paper - On Shelf"
https://catalog.saclibrary.org/GroupedWork/865e9f29-5e1b-e211-1113-2c6ac1dbe9ab-eng,"Final fantasy: lost stranger. 11","Minase, Hazuki, 1979-",9798855402131,,"Yen Press",2024,"New York, NY","Graphic Novel/Manga","Graphic Novel/Manga::Arcade Teen Area: TEEN MANGA Final Fantasy v.11 - Checked Out,Graphic Novel/Manga::Courtland Teen Area: TEEN MANGA Final Fantasy v.11 - On Shelf,Graphic Novel/Manga::Fair Oaks Teen Area: TEEN MANGA Final Fantasy v.11 - Checked Out"
https://catalog.saclibrary.org/GroupedWork/e55f9a35-1267-4c2a-ea98-371a6b4c5363-eng,"Trippin' with Annie!: a fictional fantasy","Lintner, Tommy J",9781468124484,,"Fair Haired Boy Press",2012,"[Sacramento, Calif.?]",Book,"Book::Central Local Author - 2nd Floor: SCIENCE FICTION Lintner, T. - On Shelf"
https://catalog.saclibrary.org/GroupedWork/07628913-438c-6cef-dbbe-4a8a07292f6f-eng,"The best American science fiction and fantasy 2019",,9781328604378,,"Mariner Books, Houghton Mifflin Harcourt",2019,Boston,Book,"Book::Carmichael: SCIENCE FICTION Best - On Shelf,Book::Central: SCIENCE FICTION Best - On Shelf,Book::Rio Linda: SCIENCE FICTION Best - On Shelf"
https://catalog.saclibrary.org/GroupedWork/576582e1-6194-9731-7f34-4151722f32d0-eng,"The best American science fiction and fantasy 2020",,9781328613103,,"Mariner Books/Houghton Mifflin Harcourt",2020,Boston,Book,"Book::Central: SCIENCE FICTION Best 2020 - On Shelf,Book::Pocket-Greenhaven: SCIENCE FICTION Best 2020 - On Shelf,Book::Southgate: SCIENCE FICTION Best 2020 - On Shelf"
https://catalog.saclibrary.org/GroupedWork/7c315813-a82d-1873-77b6-8e8ca69c2572-eng,"Granblue fantasy: Volume 06",,9781632369567,,"Kodansha Comics",2020,"New York","Graphic Novel/Manga","Graphic Novel/Manga::Franklin Teen: TEEN MANGA Granblue Fantasy v.6 - On Shelf,Graphic Novel/Manga::McClatchy Teen Area: TEEN MANGA Granblue Fantasy v.6 - On Shelf,Graphic Novel/Manga::North Natomas: TEEN MANGA Granblue Fantasy v.6 - On Shelf"
https://catalog.saclibrary.org/GroupedWork/c761cc62-f75a-048e-b70f-8fc9d0ad8c08-eng,"Penric's fox: a fantasy novella in the world of the Five Gods","Bujold, Lois McMaster",9781596068636,,"Subterraneean Press; Blackstone Publishing",2018,"Burton, MI",eAudiobook;Book,"Book::Carmichael: SCIENCE FICTION Bujold, L. - On Shelf,Book::Central: SCIENCE FICTION Bujold, L. - On Shelf,Book::Southgate: SCIENCE FICTION Bujold, L. - On Shelf"
https://catalog.saclibrary.org/GroupedWork/5e01a79c-794a-4399-1610-a3eb5e70bd72-eng,"The best American science fiction and fantasy 2021",,9780358469964,,"Mariner Books/Houghton Mifflin Harcourt",2021,Boston,Book,"Book::Central: SCIENCE FICTION Best 2021 - On Shelf,Book::Pocket-Greenhaven: SCIENCE FICTION Best 2021 - On Shelf,Book::Folsom Adult: SCIENCE FICTION Best 2021 - On Shelf"
https://catalog.saclibrary.org/GroupedWork/3d4bdf16-8006-c4d9-f0d5-cfe291a79150-eng,"The best American science fiction and fantasy 2023",,9780063315747,,"Mariner Books",2023,Boston,Book,"Book::Arcade: SCIENCE FICTION Best 2023 - Checked Out,Book::Carmichael: SCIENCE FICTION Best 2023 - Checked Out,Book::Central: SCIENCE FICTION Best 2023 - On Shelf"
https://catalog.saclibrary.org/GroupedWork/1299cd46-27e2-c691-2dca-e63757116802-eng,"Spells of blood and kin: a dark fantasy","Humphrey, Claire",9781250076342,,"Thomas Dunne Books",2016,"New York",Book,"Book::Carmichael: SCIENCE FICTION Humphrey, C. - On Shelf,Book::McKinley: SCIENCE FICTION Humphrey, C. - On Shelf"
https://catalog.saclibrary.org/GroupedWork/bd45a583-9f6e-5927-e68f-1a8aba650d6c-eng,"Where the stars rise: Asian science fiction & fantasy",,9781988140049,,"Laksa Media Groups Inc",2017,"Calgary, Alberta, Canada",Book,"Book::Central: SCIENCE FICTION Where - On Shelf"
https://catalog.saclibrary.org/GroupedWork/31bf9625-181d-0ebf-57f6-31cf6cdcf6e0-eng,"Club 42: a choose-your-own erotic fantasy","Angel, Joanna",9781627783064,,"Cleis Press",2021,"Hoboken, New Jersey",Book,"Book::Central: FICTION Angel, J. - On Shelf"
https://catalog.saclibrary.org/GroupedWork/06d6067b-e9dd-c919-6e30-f886df2e950d-eng,"The big book of classic fantasy: the ultimate collection",,9780525435563,,"Vintage Crime/Black Lizard, Vintage Books",2019,"New York",Book,"Book::Sylvan Oaks: SCIENCE FICTION Big - On Shelf"
https://catalog.saclibrary.org/GroupedWork/43be7b54-d4c4-0c7f-13e4-dc83ba4f9599-eng,"A pirate's life for tea: a cozy fantasy with ships abound","Thorne, Rebecca, 1991-",9798986692432,,"[Rebecca Thorne]",2023,"[United States]",Book,"Book::Fair Oaks: SCIENCE FICTION Thorne, R. - On Shelf,Book::McKinley: SCIENCE FICTION Thorne, R. - OFF CAMPUS"
https://catalog.saclibrary.org/GroupedWork/11e851d2-1465-043e-7334-31d2dfb017d4-eng,"The best American science fiction and fantasy 2017",,9780544973985,,"Houghton Mifflin Harcourt",2017,Boston,Book,"Book::North Sacramento-Hagginwood: SCIENCE FICTION Best - On Shelf"
https://catalog.saclibrary.org/GroupedWork/81088635-7021-38cb-708e-a1a0f1c8329c-eng,"Nebula Awards showcase 2014: the year's best science fiction and fantasy selected by the Science Fiction and Fantasy Writers of America",,9781616149017,,Pyr,2014,"New York, NY",Book,"Book::Arcade: SCIENCE FICTION Nebula 2014 - Checked Out,Book::Central: SCIENCE FICTION Nebula 2014 - On Shelf"
https://catalog.saclibrary.org/GroupedWork/712cb13d-2f24-798e-9fb6-cd2af88cbb4e-eng,"Granblue fantasy: Volume 07",Cygames,9781646511457,,"Kodansha Comics",2020,"New York","Graphic Novel/Manga","Graphic Novel/Manga::Courtland Teen Area: TEEN MANGA Granblue Fantasy v.7 - On Shelf,Graphic Novel/Manga::Franklin Teen: TEEN MANGA Granblue Fantasy v.7 - On Shelf,Graphic Novel/Manga::Southgate Teen Area: TEEN MANGA Granblue Fantasy v.7 - On Shelf"
https://catalog.saclibrary.org/GroupedWork/017987a4-43ac-b07b-6d51-ada32b20f337-eng,"Nightstrider: Book 1 / A Mesmerizing Epic Dark Fantasy","Slade, Sophia",9780316580458,,Orbit,2024,"New York, NY",Book,"Book::Central: SCIENCE FICTION Slade, S. - On Shelf,Book::Franklin: SCIENCE FICTION Slade, S. - On Shelf,Book::Sylvan Oaks: SCIENCE FICTION Slade, S. - On Shelf"
https://catalog.saclibrary.org/GroupedWork/598acb7b-d9fd-4ca4-f120-455bd7217f9c-eng,"Grimgar of Fantasy and Ash: Level. 13, Heart, open, a new door","Jūmonji, Ao",9781645053002,,"Seven Seas",2020,"New York",Book,"Book::Colonial Heights: TEEN FICTION Jumonji, A. - On Shelf,Book::Pocket-Greenhaven Teen Area: TEEN FICTION Jumonji, A. - On Shelf,Book::Sacramento Public Library Storage: TEEN FICTION Jumonji, A. - On Shelf"
https://catalog.saclibrary.org/GroupedWork/6d311e48-7bac-4387-a6c7-8da2e3314258-eng,"Wyld magick: Fantasy short stories of fae, witches, and magical realms",,9781966507536,,"Three Ravens Publishing",2025,"Chickamauga, GA",Book,"Book::Central New Books - 4th Floor: SCIENCE FICTION Roberts, W. - On Shelf,Book::Franklin: SCIENCE FICTION Roberts, W. - On Shelf"
https://catalog.saclibrary.org/GroupedWork/accd6add-667d-e09a-1657-ce61f4479c37-eng,"The prisoner of Limnos: a fantasy novella in the world of the five gods","Bujold, Lois McMaster",9781596068841,,"Subterranean Press; Blackstone Publishing","2018 - 2019","Burton, MI",eAudiobook;Book,"Book::Central: SCIENCE FICTION Bujold, L. - On Shelf,Book::Elk Grove: SCIENCE FICTION Bujold, L. - On Shelf,Book::Fair Oaks: SCIENCE FICTION Bujold, L. - On Shelf"
https://catalog.saclibrary.org/GroupedWork/cf2c83cd-1aed-7d73-fbaa-26e5b5495ced-eng,"The ship that sailed to Mars: a fantasy","Timlin, William M., 1892-1943",9780963321268,,"StoneWall Publications",1993,"[Ventura, Calif.]",Book,"Book::Sacramento Room: SPE fic Timlin CHI - Library Use Only"
https://catalog.saclibrary.org/GroupedWork/bafc86cb-aa33-a1c8-e7ca-2a259f1da5cf-eng,Blackwing,"McDonald, Ed (Fantasy fiction author)",9780399587795,,"Ace; Books on Tape; Penguin Publishing Group",2017,"New York",eAudiobook;Book;eBook,"Book::Central: SCIENCE FICTION McDonald, E. - On Shelf,Book::Colonial Heights: SCIENCE FICTION McDonald, E. - On Shelf"
https://catalog.saclibrary.org/GroupedWork/a56d128a-5030-b6c0-cc69-48c760c4c738-eng,"Nebula Awards Showcase 2018: the year's best science fiction and fantasy",,9781633885042,,"Pyr, an imprint of Prometheus Books",2018,"Amherst, NY",Book,"Book::Sylvan Oaks: SCIENCE FICTION Nebula 2018 - On Shelf"
https://catalog.saclibrary.org/GroupedWork/e1056bdb-8c65-a907-e5f7-45d524550180-eng,"To bleed a crystal bloom","Parker, Sarah A. (Fantasy fiction writer)",9780063476530,,"Podium Audio; Avon","2022 - 2025","New York",eAudiobook;Book,"Book::Central New Books - 4th Floor: SCIENCE FICTION Parker, S. - Checked Out,Book::Franklin: SCIENCE FICTION Parker, S. - Checked Out,Book::Pocket-Greenhaven: SCIENCE FICTION Parker, S. - Checked Out"
https://catalog.saclibrary.org/GroupedWork/46e5334c-3b7e-a238-7e7c-1a0df4451c59-eng,"The Cleveland Heights LGBTQ Sci-fi and Fantasy Role Playing Club","Henderson, Doug, 1972-",9781609387563,,"University of Iowa Press",2021,"Iowa City",Book,"Book::Carmichael: FICTION Henderson, D. - On Shelf,Book::North Natomas: FICTION Henderson, D. - On Shelf"
https://catalog.saclibrary.org/GroupedWork/f020f6a2-2c10-2616-45cc-a3b9591a7f77-eng,"Vows & ruins: an epic romantic fantasy : The Legends of Thezmarr. Book II","Scheuerer, Helen",9781922903068,,"Helen Scheuerer",2023,"United States",Book,"Book::Central: SCIENCE FICTION Scheuerer, H. - On Shelf"
https://catalog.saclibrary.org/GroupedWork/2f7bf1a0-93d7-d87a-feaf-7a8c0a801632-eng,"Nebula Awards showcase 2019: the very best of science fiction and fantasy",,9781733811972,,"Parvus Press",2019,"Yardley, PA",Book,"Book::Central: SCIENCE FICTION Nebula 2019 - On Shelf,Book::Colonial Heights: SCIENCE FICTION Nebula 2019 - On Shelf,Book::South Natomas: SCIENCE FICTION Nebula 2019 - On Shelf"
https://catalog.saclibrary.org/GroupedWork/20423a2d-d320-5fd3-8938-558e72951b49-eng,"Alchemy and a cup of tea: a cozy fantasy brewed with magic and romance","Thorne, Rebecca, 1991-",9781250333278,,"Bramble, Tor Publishing Group",2025,"New York",Book,"Book::Central: SCIENCE FICTION Thorne, R. - On Shelf,Book::Colonial Heights: SCIENCE FICTION Thorne, R. - On Shelf,Book::McKinley: SCIENCE FICTION Thorne, R. - Checked Out"
https://catalog.saclibrary.org/GroupedWork/4b21a372-8dd2-4b8e-ad56-9ffb47ac558b-eng,"Nebula awards showcase 2016: the year's best science fiction and fantasy",,9781633881389,,PYR/Prometheus,2016,"Amherst, NY",Book,"Book::Galt: SCIENCE FICTION Nebula 2016 - On Shelf"
https://catalog.saclibrary.org/GroupedWork/c56f991b-9268-0bbc-2637-220ad8de10f6-eng,"Daughter of Redwinter","McDonald, Ed (Fantasy fiction author)",9781250811714,,"Tor; Macmillan Audio; Tor Publishing Group",2022,"New York",eAudiobook;Book;eBook,"Book::Central: SCIENCE FICTION McDonald, E. - On Shelf,Book::Franklin: SCIENCE FICTION McDonald, E. - On Shelf,Book::North Natomas: SCIENCE FICTION McDonald, E. - On Shelf"
https://catalog.saclibrary.org/GroupedWork/ac5faf7c-a025-8814-af25-0f223e5a0215-eng,"Nebula Awards Showcase 2013: the year's best science fiction and fantasy",,9781616147839,,"Pyr Books",2013,"New York",Book,"Book::Central: SCIENCE FICTION Nebula 2013 - On Shelf"
https://catalog.saclibrary.org/GroupedWork/c56526b8-527b-4d05-cd53-8a97be554a75-eng,"Grimgar of fantasy and ash: Level. 7, The rainbow on the other side","Jūmonji, Ao",9781626928404,,"Seven Seas",2018,"New York",Book,"Book::Colonial Heights: TEEN FICTION Jumonji, A. - On Shelf,Book::McClatchy Teen Area: TEEN FICTION Jumonji, A. - On Shelf,Book::Pocket-Greenhaven Teen Area: TEEN FICTION Jumonji, A. - On Shelf"
https://catalog.saclibrary.org/GroupedWork/460205f3-12ea-beaf-3099-cfa5abb578ae-eng,"Tea you at the altar: a cozy fantasy stocked with secrets and love","Thorne, Rebecca, 1991-",9781250333254,,"Bramble, Tor Publishing Group",2025,"New York",Book,"Book::Central: SCIENCE FICTION Thorne, R. - On Shelf,Book::North Natomas: SCIENCE FICTION Thorne, R. - On Shelf,Book::Orangevale: SCIENCE FICTION Thorne, R. - On Shelf"
https://catalog.saclibrary.org/GroupedWork/c6bcbe4b-05b4-be7b-9101-e7064eec1253-eng,"The alchemy of sorrow: a fantasy & sci-fi anthology of grief and hope",,9781952667947,,"Crimson Fox Publishing",2022,"Turner, OR",Book,"Book::Central: SCIENCE FICTION Alchemy - On Shelf,Book::Franklin: SCIENCE FICTION Alchemy - Checked Out,Book::South Natomas: SCIENCE FICTION Alchemy - On Shelf"
https://catalog.saclibrary.org/GroupedWork/10d874e4-b7cb-fc78-1803-b489eab1dd3c-eng,"Grimgar of fantasy and ash: Level 4, The leaders and the led","J¿±monji, Ao",9781626926660,,"Seven Seas",2018,"New York",Book,"Book::Belle Cooledge Teen Area: TEEN FICTION Jumonji, A. - On Shelf,Book::Pocket-Greenhaven Teen Area: TEEN FICTION Jumonji, A. - On Shelf,Book::Rancho Cordova: TEEN FICTION Jumonji, A. - On Shelf"
https://catalog.saclibrary.org/GroupedWork/b5fbafd6-5977-4625-e023-2b8a01886c0b-eng,"The gravity pilot: a science fantasy","Buckner, M. M",9780765322869,,Tor,2011,"New York",Book,"Book::Carmichael: SCIENCE FICTION Buckner, M. - On Shelf"
https://catalog.saclibrary.org/GroupedWork/bac3366c-7466-20e4-7794-5dc538377542-eng,"Final fantasy 14: Eorzea Academy","Amaichi, Esora",9781646092352,,"Square Enix Manga & Books",2023,"El Segundo, CA","Graphic Novel/Manga","Graphic Novel/Manga::Elk Grove Teen Area: TEEN MANGA Final Fantasy v.14 - Checked Out,Graphic Novel/Manga::North Sacramento-Hagginwood Teen Area: TEEN MANGA Final Fantasy v.14 - OFF CAMPUS,Graphic Novel/Manga::Wanderer Bookmobile: TEEN MANGA Final Fantasy v.14 - On Shelf"
https://catalog.saclibrary.org/GroupedWork/59c99fb1-d230-1c17-3e36-a6c77cbfec38-eng,"The lost years: a biographical fantasy","Lewis, Oscar, 1893-1992",,,Knopf,1951,"New York",Book,"Book::Sacramento Room: SPE fic Lewis CAL - Library Use Only"
https://catalog.saclibrary.org/GroupedWork/77841244-8d34-7250-0985-131393c27034-eng,"Eclipse two: new science fiction and fantasy",,9781597801362,,"Night Shade",2008,"Portland, Or",Book,"Book::Carmichael: SCIENCE FICTION Eclipse two - On Shelf"
https://catalog.saclibrary.org/GroupedWork/2f94694d-7b28-6ea1-de9a-8735c4a910bf-eng,"Traitor of Redwinter","McDonald, Ed (Fantasy fiction author)",9781250811745,,"Macmillan Audio; Tor Publishing Group",2023,"New York",eAudiobook;Book;eBook,"Book::Central: SCIENCE FICTION McDonald, E. - On Shelf,Book::Elk Grove: SCIENCE FICTION McDonald, E. - On Shelf,Book::Fair Oaks: SCIENCE FICTION McDonald, E. - On Shelf"
https://catalog.saclibrary.org/GroupedWork/ca64c1f5-2f31-8ac3-7784-86214d7d9bdf-eng,"Witch queen of Redwinter","McDonald, Ed (Fantasy fiction author)",9781250811967,,"Tor, Tor Publishing Group; Macmillan Audio; Tor Publishing Group",2024,"New York",eAudiobook;Book;eBook,"Book::Central: SCIENCE FICTION McDonald, E. - On Shelf,Book::McKinley: SCIENCE FICTION McDonald, E. - On Shelf,Book::Pocket-Greenhaven: SCIENCE FICTION McDonald, E. - On Shelf"
https://catalog.saclibrary.org/GroupedWork/595805b1-1109-7e53-1081-5e66ec3f86f1-eng,Crowfall,"McDonald, Ed (Fantasy fiction author)",9780399587856,,"Ace; Books on Tape",2019,"New York",eAudiobook;Book,"Book::South Natomas: SCIENCE FICTION McDonald, E. - On Shelf"
https://catalog.saclibrary.org/GroupedWork/9dcdb968-d36f-c42d-94ab-21d7d9c0363c-eng,"Lindsay Buroker's Forged in blood II: a high fantasy novel in an era of steam","Buroker, Lindsay",9781493690084,,s.n.],2013,[S.l,Book,"Book::Central: SCIENCE FICTION Buroker, L. - On Shelf"
https://catalog.saclibrary.org/GroupedWork/f231779d-9d0a-7497-0253-9c39b87ea696-eng,"Shadow & storms: an epic romantic fantasy : The legends of Thezmarr. Book IV","Scheuerer, Helen",9781922903198,,"[Helen Scheuerer]",2024,"[Place of publication not identified]",Book,"Book::Central: SCIENCE FICTION Scheuerer, H. - On Shelf,Book::North Natomas: SCIENCE FICTION Scheuerer, H. - On Shelf"
https://catalog.saclibrary.org/GroupedWork/d0ebcf3e-3fed-3894-403e-db871871aa21-eng,"Penric's mission: a fantasy novella in the world of the five gods","Bujold, Lois McMaster",9781596068445,,"Subterranean Press; Blackstone Publishing",2017,"Burton, MI",eAudiobook;Book,
https://catalog.saclibrary.org/GroupedWork/3b1f7adb-004f-53d9-2f69-62715a39f22c-eng,"Penric and the shaman: a fantasy novella in the world of the five gods","Bujold, Lois McMaster",9781596068155,,"Subterranean Press; Blackstone Publishing","2016 - 2017","[Burton, Mich.]",eAudiobook;Book,"Book::Arcade: SCIENCE FICTION Bujold, L. - On Shelf,Book::Carmichael: SCIENCE FICTION Bujold, L. - On Shelf,Book::Central: SCIENCE FICTION Bujold, L. - On Shelf"
https://catalog.saclibrary.org/GroupedWork/41521caf-7a1b-abe2-c6bf-8bbf9431bd9e-eng,"Night shift: a choose-your-own erotic fantasy","Angel, Joanna",9781627782883,,"Cleis Press",2018,"Jersey City",Book,"Book::Pocket-Greenhaven: FICTION Angel, J. - On Shelf"
https://catalog.saclibrary.org/GroupedWork/f3d3c767-cd03-f790-8316-22bc520a3023-eng,"Toilet-bound Hanako-kun: 14","AidaIro (Fantasy comic writer)",9781975338503,,"Yen Press",2022,"New York, NY","Graphic Novel/Manga","Graphic Novel/Manga::Central Teen Area - 3rd Floor: TEEN MANGA Toilet-Bound Hanako-Kun v.14 - On Shelf,Graphic Novel/Manga::Galt Teen Area: TEEN MANGA Toilet-Bound Hanako-Kun v.14 - On Shelf,Graphic Novel/Manga::North Natomas: TEEN MANGA Toilet-Bound Hanako-Kun v.14 - On Shelf"
https://catalog.saclibrary.org/GroupedWork/83d75112-287e-9edb-42fa-fe1287a8bbd4-eng,"The year I owned the Yankees: a baseball fantasy","Lyle, Sparky",9780553057508,,"Bantam Books",1990,"New York",Book,"Book::Central: FICTION Lyle, S. - On Shelf"
https://catalog.saclibrary.org/GroupedWork/17dd6979-4b6d-5757-4ef2-db2692062194-eng,"Voyage of the damned","White, Frances (Fantasy author)",9780778387428,,"MIRA Books; Harlequin Audio; HarlequinAudio; Mira",2024,"Toronto, Ontario, Canada",eAudiobook;eBook;Book,"Book::Central: FICTION White, F. - On Shelf,Book::Elk Grove: FICTION White, F. - Checked Out,Book::North Natomas: FICTION White, F. - Checked Out"
https://catalog.saclibrary.org/GroupedWork/36b5b15c-823d-ac9d-e0fe-4c62a3b1283f-eng,"Rock on: the greatest hits of science fiction & fantasy",,9781607013150,,"Prime Books",2012,"[Gaithersburg, MD]",Book,"Book::Central: SCIENCE FICTION Rock - On Shelf"
https://catalog.saclibrary.org/GroupedWork/3a7e8bc8-4e0b-7198-2149-c4365aaa8eab-eng,"A girl walks into a bar: your fantasy, your rules","Paige, Helena S",9780062291974,,"William Morrow Paperbacks",2014,"New York",Book,"Book::Central: FICTION Paige, H. - Checked Out,Book::Fair Oaks: FICTION Paige, H. - On Shelf"
https://catalog.saclibrary.org/GroupedWork/81d0d36f-9697-054f-f194-0c9deb93705e-eng,"Toilet-bound Hanako-kun: 18","AidaIro (Fantasy comic writer)",9781975369798,,"Yen Press",2023,"New York, NY","Graphic Novel/Manga","Graphic Novel/Manga::Central Teen Area - 3rd Floor: TEEN MANGA Toilet-Bound Hanako-Kun v.18 - On Shelf,Graphic Novel/Manga::Colonial Heights: TEEN MANGA Toilet-Bound Hanako-Kun v.18 - Checked Out,Graphic Novel/Manga::Elk Grove Teen Area: TEEN MANGA Toilet-Bound Hanako-Kun v.18 - On Hold Shelf"
https://catalog.saclibrary.org/GroupedWork/a978f5e9-8b04-c838-20bc-d9b83225523a-eng,"Warrior of the Altaii","Jordan, Robert, 1948-2007",9781250247650,,"Tor; Macmillan Audio",2019,"New York",eAudiobook;Book,"Book::Central: SCIENCE FICTION Jordan, R. - On Shelf,Book::Fair Oaks: SCIENCE FICTION Jordan, R. - On Shelf,Book::South Natomas: SCIENCE FICTION Jordan, R. - On Shelf"
https://catalog.saclibrary.org/GroupedWork/e71be693-4eab-c760-57ae-f6d4d37c2598-eng,"Toilet-bound Hanako-kun: 11","AidaIro (Fantasy comic writer)",9781975316815,,"Yen Press",2021,"New York, NY","Graphic Novel/Manga","Graphic Novel/Manga::Central Teen Area - 3rd Floor: TEEN MANGA Toilet-Bound Hanako-kun v.11 - Checked Out,Graphic Novel/Manga::Colonial Heights: TEEN MANGA Toilet-Bound Hanako-kun v.11 - On Shelf,Graphic Novel/Manga::North Natomas: TEEN MANGA Toilet-Bound Hanako-kun v.11 - On Shelf"
https://catalog.saclibrary.org/GroupedWork/3c878979-d8ff-a202-987e-f487aae812a9-eng,"To flame a wild flower: a novel","Parker, Sarah A. (Fantasy fiction writer)",9780063476554,,"Podium Audio","2023 - 2026",,eAudiobook;Book,"Book::Central New Books - 4th Floor: ON ORDER - On Order,Book::Sacramento Public Library: ON ORDER - On Order"
https://catalog.saclibrary.org/GroupedWork/f514d80d-796f-a83c-4cf8-c7048cfff247-eng,"People of the book: a decade of Jewish science fiction & fantasy",,9781607012382,,"Prime Books",2010,"[Rockville, Md.?]",Book,"Book::Central: SCIENCE FICTION People - On Shelf"
https://catalog.saclibrary.org/GroupedWork/017990dd-cf27-d111-c2b7-477596c4f6b2-eng,"Toilet-bound Hanako-kun: 7","AidaIro (Fantasy comic writer)",9781975311391,,"Yen Press",2021,"New York, NY","Graphic Novel/Manga","Graphic Novel/Manga::Carmichael Teen Area: TEEN MANGA Toilet-Bound Hanako-kun v.7 - On Shelf,Graphic Novel/Manga::Central Teen Area - 3rd Floor: TEEN MANGA Toilet-Bound Hanako-kun v.7 - On Shelf,Graphic Novel/Manga::Colonial Heights: TEEN MANGA Toilet-bound Hanako-kun v.7 - On Shelf"
https://catalog.saclibrary.org/GroupedWork/a229b1ff-46b0-3bd8-44a0-9785c73483dd-eng,"Toilet-bound Hanako-kun: 9","AidaIro (Fantasy comic writer)",9781975311414,,"Yen Press",2021,"New York, NY","Graphic Novel/Manga","Graphic Novel/Manga::Carmichael Teen Area: TEEN MANGA Toilet-Bound Hanako-kun v.9 - On Shelf,Graphic Novel/Manga::Central Teen Area - 3rd Floor: TEEN MANGA Toilet-Bound Hanako-kun v.9 - Checked Out,Graphic Novel/Manga::Orangevale: TEEN MANGA Toilet-Bound Hanako-kun v.9 - On Shelf"
https://catalog.saclibrary.org/GroupedWork/a8623071-6a25-905d-1f59-7402b04943fb-eng,"When the Moon hatched","Parker, Sarah A. (Fantasy fiction writer)",9780063415805,,"Avon, an imprint of HarperCollins Publishers; Avon, an imprint of HarperCollinsPublishers; HarperCollins",2024,"New York, NY",eAudiobook;eBook;Book,"Book::Arden-Dimick: SCIENCE FICTION Parker, S. - Checked Out,Book::North Highlands-Antelope: SCIENCE FICTION Parker, S. - Checked Out,Book::Pocket-Greenhaven: SCIENCE FICTION Parker, S. - On Hold Shelf"
https://catalog.saclibrary.org/GroupedWork/7c31cb8b-5a01-764f-8c61-6c4cedbf8d81-eng,"Nightshade & oak","O'Neill, Molly (Fantasy fiction author)",9780316584272,,"Orbit; Hachette Audio",2026,"New York, NY",eAudiobook;Book;eBook,"Book::Central New Books - 4th Floor: SCIENCE FICTION O'Neill, M. - On Shelf,Book::Franklin: SCIENCE FICTION O'Neill, M. - Checked Out,Book::South Natomas: SCIENCE FICTION O'Neill, M. - On Shelf"
https://catalog.saclibrary.org/GroupedWork/b024ec53-a588-8f40-97f3-bd7b93cabc37-eng,Ravencry,"McDonald, Ed (Fantasy fiction author)",9780399587825,,"Ace; Penguin Publishing Group; Books on Tape",2018,"New York",eAudiobook;Book;eBook,"Book::Central: SCIENCE FICTION McDonald, E. - On Shelf"
https://catalog.saclibrary.org/GroupedWork/99cc7622-9413-eb70-cfcb-f80f288bf399-eng,"Toilet-bound Hanako-kun: 12","AidaIro (Fantasy comic writer)",9781975316877,,"Yen Press",2021,"New York, NY","Graphic Novel/Manga","Graphic Novel/Manga::Arcade Teen Area: TEEN MANGA Toilet-bound Hanako-Kun v.12 - On Shelf,Graphic Novel/Manga::Central Teen Area - 3rd Floor: TEEN MANGA Toilet-bound Hanako-Kun v.12 - On Shelf,Graphic Novel/Manga::Sacramento Public Library Storage: TEEN MANGA Toilet-bound Hanako-Kun v.12 - On Shelf"
https://catalog.saclibrary.org/GroupedWork/14f4c9ff-7e43-3c58-e00e-ed55299e617b-eng,"Magic lost, trouble found","Shearin, Lisa",9780441015054,,"Ace Books; Penguin Publishing Group",2007,"New York",eBook;Book,"Book::South Natomas: SCIENCE FICTION Shearin, L. - On Shelf"
https://catalog.saclibrary.org/GroupedWork/01812c99-916b-4dc5-b2ee-e2cfcf981809-eng,"The ballad of falling dragons","Parker, Sarah A. (Fantasy fiction writer)",9780063449725,,"Avon Books; HarperCollins",2026,"New York, NY",eAudiobook;eBook;Book,"Book::Central New Books - 4th Floor: SCIENCE FICTION Parker, S. - Checked Out,Book::Belle Cooledge: SCIENCE FICTION Parker, S. - Checked Out,Book::Elk Grove: SCIENCE FICTION Parker, S. - On Hold Shelf"
https://catalog.saclibrary.org/GroupedWork/30cf81ac-8a62-bf0f-41e5-c636341265ec-eng,"Blood and whispers","Haskins, A. C",9781982125233,,"Tantor Media, Inc.; Baen",2021,"Riverdale, NY",Book;eAudiobook,"Book::Carmichael: SCIENCE FICTION Haskins, A. - On Shelf"
https://catalog.saclibrary.org/GroupedWork/d2b7f0c5-76d8-1f2b-c0b9-ea5f0c2a682b-eng,"Beautiful Blood: A Novel Of The Dragon Griaule","Shepard, Lucius",9781596066526,,"Subterrean Press",2014,"Burton, MI",Book,"Book::Central: SCIENCE FICTION Shepard, L. - On Shelf,Book::Pocket-Greenhaven: SCIENCE FICTION Shepard, L. - On Shelf"
https://catalog.saclibrary.org/GroupedWork/165ea718-a7bb-311e-01f1-90ce5ba5d217-eng,"Earthquake weather","Powers, Tim, 1952-",9780312861636,,"Tor; Blackstone Publishing","1997 - 2020","New York",Book;eAudiobook,"Book::Sacramento Room: SPE fic s CAL - Library Use Only"
https://catalog.saclibrary.org/GroupedWork/7d22eba7-b50a-a889-4ad5-f0a9734b9c80-eng,"Gunmetal magic","Andrews, Ilona",9780425256138,,"Ace Books; Tantor Media, Inc; Penguin Publishing Group",2012,"New York",eAudiobook;eBook;Book,"Book::Colonial Heights: SCIENCE FICTION Andrews, I. - On Shelf,Book::Fair Oaks: SCIENCE FICTION Andrews, I. - LINK+ PAGED,Book::North Natomas: SCIENCE FICTION Andrews, I. - On Shelf"
https://catalog.saclibrary.org/GroupedWork/588d3145-00d4-fe51-4557-f03e84275913-eng,"Dirty lying fairies","Blackburry, Sabrina (Fantasy fiction writer)",9781990259197,,"W by Wattpad Books",2022,"Toronto, ON",Book,"Book::Central: FICTION Blackburry, S. - On Shelf,Book::Elk Grove: FICTION Blackburry, S. - On Shelf,Book::North Natomas: FICTION Blackburry, S. - On Shelf"
https://catalog.saclibrary.org/GroupedWork/6eb7489e-dab3-4cb6-0054-8777f643154a-eng,"Rat queens: Volume four, High fantasies","Wiebe, Kurtis J., 1979-",9781632158994,,"Image Comics",2017,"Portland, OR","Graphic Novel/Manga","Graphic Novel/Manga::Carmichael: GRAPHIC NOVEL Wiebe, K. v.4 - On Shelf,Graphic Novel/Manga::Belle Cooledge: GRAPHIC NOVEL Wiebe, K. v.4 - On Shelf,Graphic Novel/Manga::Rio Linda: GRAPHIC NOVEL Wiebe, K. v.4 - On Shelf"
https://catalog.saclibrary.org/GroupedWork/f0128c08-9e10-3f4a-193c-0179af05b271-eng,"Spirit gate","Elliott, Kate",9780765310552,,Tor,2006,"New York, NY",Book,"Book::Central: SCIENCE FICTION Elliott, K. - On Shelf,Book::Sutter County Main Branch: SCIENCE FICTION Elliott, K. - On Shelf"
https://catalog.saclibrary.org/GroupedWork/aed2e9cc-16f5-c8ad-407f-f24297d024f5-eng,"No quarter","Huff, Tanya",9780886776985,,"Jabberwocky Literary Agency, Inc.; JABberwocky Literary Agency, Inc.; DAW Books","1996 - 2015","New York, N.Y",eBook;Book,
https://catalog.saclibrary.org/GroupedWork/7bf203a8-6412-e396-b442-216f6e23e4d1-eng,"Monster hunter siege","Correia, Larry",9781481482554,,"Baen Books; Baen",2017,"Riverdale, NY",eBook;Book,"Book::Central: SCIENCE FICTION Correia, L. - On Shelf"
https://catalog.saclibrary.org/GroupedWork/ebb9642b-e30c-0774-75dc-41f7e8415ee5-eng,"Dragon blood","Briggs, Patricia",9780441010080,,"Ace Books; Buzzy Multimedia; Penguin Publishing Group","2002 - 2011","New York",eAudiobook;Book;eBook,"Book::Arcade: SCIENCE FICTION Briggs, P. - On Shelf,Book::Central: SCIENCE FICTION Briggs, P. - On Shelf,Book::North Highlands-Antelope: SCIENCE FICTION Briggs, P. - Checked Out"
https://catalog.saclibrary.org/GroupedWork/e39a245e-7545-8b9c-ba7f-926d5d074e4e-eng,"Monster hunter nemesis","Correia, Larry",9781476736556,,"Baen Books; Baen",2014,"Riverdale, NY",eBook;Book,"Book::Central: SCIENCE FICTION Correia, L. - On Shelf,Book::Southgate: SCIENCE FICTION Correia, L. - On Shelf"
https://catalog.saclibrary.org/GroupedWork/a4c937dd-91e1-11d1-ffe9-e66b57963a50-eng,"The keeper of lonely spirits","Anderson, E. M. (Fantasy fiction author)",9780778368526,,"MIRA Books; Harlequin Audio; HarlequinAudio; Mira",2025,"Toronto, Ontario",eAudiobook;Book;eBook,"Book::Carmichael: FICTION Anderson, E. - Checked Out,Book::Central: FICTION Anderson, E. - On Shelf,Book::Colonial Heights: FICTION Anderson, E. - On Shelf"
https://catalog.saclibrary.org/GroupedWork/91475b13-0c6e-d801-8d2e-26f76bceabfe-eng,"Blood & steel: an epic romantic fantasy : The Legends of Thezmarr. Book I","Scheuerer, Helen",9781922903037,,"Helen Scheuerer",2023,"United States",Book,"Book::Central: SCIENCE FICTION Scheuerer, H. - Checked Out"
https://catalog.saclibrary.org/GroupedWork/b4555339-0e81-e1d0-37e2-ab68ff09c276-eng,"The double shadow and other fantasies","Smith, Clark Ashton, 1893-1961",,,"Auburn Journal",1933,"Auburn, Calif",Book,"Book::Sacramento Room: SPE fic s Smith CAL VAU - Library Use Only"
https://catalog.saclibrary.org/GroupedWork/f400dc9b-793e-bb53-403c-a9818850a0fe-eng,"The fifth season","Jemisin, N. K",9780316229296,,"Orbit; Hachette Audio",2015,"New York, NY",eAudiobook;eBook;Book,"Book::Arcade: SCIENCE FICTION Jemisin, N. - Checked Out,Book::Central: SCIENCE FICTION Jemisin, N. - On Shelf,Book::Galt: SCIENCE FICTION Jemisin, N. - Checked Out"
https://catalog.saclibrary.org/GroupedWork/8f37a3f4-67ff-fa2a-919b-7d34d0fd87c0-eng,"The year's best dark fantasy and horror",,9781607013976,,"Prime Books",2013,"[Gaithersburg, Maryland]",Book,"Book::Central: FICTION Year's - Checked Out"
https://catalog.saclibrary.org/GroupedWork/af5ae76e-b675-7e8f-26b6-38c6e86d4bd7-eng,"Towers of midnight","Jordan, Robert, 1948-2007",9780765337849,,"Macmillan Audio; Tor Fantasy; Tor Publishing Group","2010 - 2011","New York",eAudiobook;Book;eBook,"Book::Central: SCIENCE FICTION Jordan, R. - On Shelf,Book::South Natomas: SCIENCE FICTION Jordan, R. - On Shelf,Book::Orangevale: SCIENCE FICTION Jordan, R. - On Shelf"
https://catalog.saclibrary.org/GroupedWork/7026b667-c5c9-f54d-4794-584d38afcba1-eng,"Gate to Kagoshima: a novel","Kuroki, Poppy, 1993-",9780063410879,,"HarperCollins; Harper Perennial","2024 - 2025","New York",eAudiobook;eBook;Book,"Book::Carmichael: FICTION Kuroki, P. - On Shelf,Book::Central: FICTION Kuroki, P. - On Shelf,Book::Colonial Heights: FICTION Kuroki, P. - On Shelf"
https://catalog.saclibrary.org/GroupedWork/27682883-075f-4791-6113-7c17c928fc2e-eng,"The Virtu","Monette, Sarah",9780441014040,,"Ace Books",2006,"New York",Book,"Book::Valley Hi-North Laguna: SCIENCE FICTION Monette, S. - On Shelf"
https://catalog.saclibrary.org/GroupedWork/9f979ece-503e-425c-e067-0ff89636b88d-eng,"The big book of modern fantasy: the ultimate collection",,9780525563860,,"Vintage Books, a division of Penguin Random House LLC",2020,"New York",Book,"Book::Belle Cooledge: SCIENCE FICTION Big - Checked Out"
https://catalog.saclibrary.org/GroupedWork/e2a8be0a-fae3-b975-c4cb-b65e16b52e26-eng,Corambis,"Monette, Sarah",9780441015962,,"Ace Books",2009,"New York",Book,"Book::Fair Oaks: SCIENCE FICTION Monette, S. - On Shelf"
https://catalog.saclibrary.org/GroupedWork/d951c94f-04bf-7430-f6fb-cb1982c69ffd-eng,"Queen Victoria's book of spells: an anthology of gaslamp fantasy",,9780765332271,,Tor,2013,"New York",Book,"Book::McKinley: SCIENCE FICTION Queen - Checked Out"
https://catalog.saclibrary.org/GroupedWork/c8b42f4b-b940-b340-f51b-721ce18a9966-eng,"Shield of sparrows","Perry, Devney",9781649378514,,"Entangled Publishing, LLC; Tantor Media, Inc; Tantor; Red Tower Books",2025,"[Old Saybrook, Connecticut]; Shrewsbury, PA","eAudiobook;Audiobook - CD;eBook;Book","Book::Central New Books - 4th Floor: SCIENCE FICTION Perry, D. - Checked Out,Book::Fair Oaks: SCIENCE FICTION Perry, D. - Checked Out,Book::Franklin: SCIENCE FICTION Perry, D. - On Shelf"
https://catalog.saclibrary.org/GroupedWork/3ff3cf92-22fb-45f6-3fe2-4d14af0e9607-eng,"Nebula Awards Showcase 2017: the year's best science fiction and fantasy",,9781633882713,,"Pyr, an Imprint of Prometheus Books",2017,"Amherst, New York",Book,"Book::Central: SCIENCE FICTION Nebula 2017 - Checked Out"
https://catalog.saclibrary.org/GroupedWork/033e5915-a9ef-a51d-0177-19e97d5ab949-eng,"The fantasies of future things","Jones, Doug",9781668016282,,"Simon & Schuster Audio; Simon & Schuster",2025,"[United States]",eAudiobook;Book;eBook,"Book::Arden-Dimick: FICTION Jones, D. - Checked Out,Book::Central: FICTION Jones, D. - Checked Out,Book::Colonial Heights: FICTION Jones, D. - On Shelf"
https://catalog.saclibrary.org/GroupedWork/65d1cf13-a18b-f56d-4cfb-56043a38f931-eng,"Spinning silver","Novik, Naomi",9780399180989,,"Del Rey; Random House Worlds; Books on Tape",2018,"New York",eAudiobook;eBook;Book,"Book::Elk Grove: SCIENCE FICTION Novik, N. - On Hold Shelf,Book::Valley Hi-North Laguna: SCIENCE FICTION Novik, N. - Checked Out,Book::Folsom Adult: SCIENCE FICTION Novik, N. - On Shelf"
https://catalog.saclibrary.org/GroupedWork/70119f1a-d598-f8a7-a6fe-790724b75fa7-eng,"Mad ship","Hobb, Robin",9780553575644,,"Bantam Books; Random House Worlds; Tantor Media, Inc","1999 - 2010","New York",eAudiobook;Book;eBook,"Book::Franklin: SCIENCE FICTION Hobb, R. - On Shelf,Book::Galt: SCIENCE FICTION Hobb, R. - On Shelf,Book::Sylvan Oaks: SCIENCE FICTION Hobb, R. - On Shelf"
https://catalog.saclibrary.org/GroupedWork/54f9287d-2db6-a7a9-e71b-414608d1448a-eng,"Gingerbread: a novel","Oyeyemi, Helen",9781447299417,,"Riverhead Books; Books on Tape; Penguin Publishing Group",2019,"New York, New York",eAudiobook;Book;eBook,"Book::Carmichael: FICTION Oyeyemi, H. - On Shelf,Book::Central: FICTION Oyeyemi, H. - On Shelf,Book::Belle Cooledge: FICTION Oyeyemi, H. - On Shelf"
https://catalog.saclibrary.org/GroupedWork/3cf433d0-4f32-6ee4-51fd-da3e88c0a534-eng,"Blood of elves","Sapkowski, Andrzej",9780316029193,,"Orbit; Hachette Audio","2009 - 2015","New York",eAudiobook;Book;eBook,"Book::Central: SCIENCE FICTION Sapkowski, A. - Checked Out,Book::Pocket-Greenhaven: SCIENCE FICTION Sapkowski, A. - Checked Out,Book::Sylvan Oaks: SCIENCE FICTION Sapkowski, A. - On Shelf"
https://catalog.saclibrary.org/GroupedWork/ac796602-d74b-fb3f-8367-072cb5408acf-eng,"Adversary to the villain: a cozy fantasy romantic comedy","Maehrer, Hannah Nicole",9781682816721,,,2026,,Book,"Book::Central New Books - 4th Floor: ON ORDER - On Order,Book::Sacramento Public Library: ON ORDER - On Order"
https://catalog.saclibrary.org/GroupedWork/f94d3480-73c7-6b46-97f6-d25309046dba-eng,"Royal assassin","Hobb, Robin",9780553573411,,"Bantam Books; Random House Worlds; Tantor Media, Inc","1997 - 2002","New York",eAudiobook;eBook;Book,"Book::Sylvan Oaks: SCIENCE FICTION Hobb, R. - Checked Out,Book::Woodland Public Library: FICTION Hobb, R. - On Hold Shelf"
https://catalog.saclibrary.org/GroupedWork/068a0332-d7ba-ae6b-cc74-c26c54d4a544-eng,"The monster hunter files: featuring stories in the world of Larry Correia's Monster Hunter International",,9781481482752,,Baen,2017,"Riverdale, NY",Book,"Book::Carmichael: SCIENCE FICTION Monster - On Shelf,Book::Southgate: SCIENCE FICTION Monster - On Shelf,Book::Valley Hi-North Laguna: SCIENCE FICTION Monster - Checked Out"
https://catalog.saclibrary.org/GroupedWork/ffddf08d-cff1-9568-0c91-04a829892cfe-eng,"Lord of the Fading Lands","Wilson, C. L",9780063353756,,"HarperCollins; Audio Realms; HarperAudio; Avon","2010 - 2024",London,eAudiobook;eBook;Book,"Book::Carmichael: SCIENCE FICTION Wilson, C. - On Shelf,Book::Central: SCIENCE FICTION Wilson, C. - On Shelf,Book::Franklin: SCIENCE FICTION Wilson, C. - On Shelf"
https://catalog.saclibrary.org/GroupedWork/5e104ffb-571e-bd76-0c42-704bf41bc915-eng,"Rhythm of war","Sanderson, Brandon",9781250757302,,"Tor; Macmillan Audio; Tor Publishing Group",2020,"New York; New York, NY","eAudiobook;Audiobook - CD;eBook;Book","Book::Pocket-Greenhaven: SCIENCE FICTION Sanderson, B. - On Hold Shelf,Book::Colusa Main Branch Adult Collection: Fic - Checked Out,Book::Woodland Public Library: FICTION Sanderson, B. - On Hold Shelf"
https://catalog.saclibrary.org/GroupedWork/ac41cdc3-085c-f069-c5ef-6b99450a2a66-eng,"The obelisk gate","Jemisin, N. K",9780316229265,,"Orbit; Hachette Audio",2016,"New York, NY",eAudiobook;eBook;Book,"Book::Central: SCIENCE FICTION Jemisin, N. - Checked Out,Book::Fair Oaks: SCIENCE FICTION Jemisin, N. - In Transit,Book::Martin Luther King, Jr. Pannell Collection: SCIENCE FICTION Jemisin, N. - In Processing"
https://catalog.saclibrary.org/GroupedWork/c0acb2b0-0c5a-3b9a-5505-5835778ba76a-eng,"The Silmarillion","Tolkien, J. R. R. (John Ronald Reuel), 1892-1973",9780618126989,,"Houghton Mifflin; HarperCollins; HarperCollins Publishers","1977 - 2023",Boston,eAudiobook;eBook;Book,"Book::Central: FICTION Tolkien, J. - On Hold Shelf,Book::Fair Oaks: FICTION Tolkien, J. - Checked Out,Book::McClatchy: FICTION Tolkien, J. - Checked Out"
https://catalog.saclibrary.org/GroupedWork/41cca131-b92c-edea-25f0-9eaf2e90a87e-eng,"The compleat werewolf, and other stories of fantasy and science fiction","Boucher, Anthony, 1911-1968",9780671203825,,"MysteriousPress.com/Open Road; Simon and Schuster","1969 - 2019","New York",eBook;Book,
https://catalog.saclibrary.org/GroupedWork/702f0c96-5444-5316-d79f-90ced637545f-eng,"Nine goblins","Kingfisher, T",9781250400116,,"Tantor Media, Inc; Tordotcom / Tor Publishing Group; T Kingfisher","2013 - 2025","New York",eAudiobook;eBook;Book,"Book::Carmichael: SCIENCE FICTION Kingfisher, T. - Checked Out,Book::Central New Books - 4th Floor: SCIENCE FICTION Kingfisher, T. - Checked Out,Book::Elk Grove: SCIENCE FICTION Kingfisher, T. - Checked Out"
https://catalog.saclibrary.org/GroupedWork/3d51094e-c2a0-0eca-7efa-8031858b857a-eng,"The girl in the tower: a novel","Arden, Katherine",9781101885963,,"Del Rey; Random House Worlds; Books on Tape","2017 - 2018","New York",eAudiobook;eBook;Book,"Book::Carmichael: SCIENCE FICTION Arden, K. - On Shelf,Book::Central: SCIENCE FICTION Arden, K. - On Shelf,Book::Belle Cooledge: SCIENCE FICTION Arden, K. - On Shelf"
https://catalog.saclibrary.org/GroupedWork/4e355939-ac01-d9e0-d966-d3f518710974-eng,"Bramblestar's storm","Hunter, Erin",9780062291455,,"HarperCollins; Harper, an imprint of HarperCollinsPublishers; Harper","2014 - 2020","New York, NY",eAudiobook;eBook;Book,"Book::Colonial Heights Children's Area: CHILDREN FICTION Hunter, E. - Checked Out,Book::Galt Children's Area: CHILDREN FICTION Hunter, E. - On Shelf,Book::North Natomas Children's Area: CHILDREN FICTION Hunter, E. - Checked Out"
https://catalog.saclibrary.org/GroupedWork/8a8d9c5c-f0e9-f43c-8ec7-8c323eb3e62a-eng,"The once and future witches","Harrow, Alix E",9780316422048,,"Orbit; Hachette Audio; Redhook",2020,"New York, NY",eAudiobook;Book;eBook,"Book::Arcade: FICTION Harrow, A. - On Shelf,Book::Central: FICTION Harrow, A. - Display,Book::Elk Grove: FICTION Harrow, A. - Checked Out"
https://catalog.saclibrary.org/GroupedWork/a2759001-5918-d74a-dbbf-d2b777535c14-eng,"Lost stars","Hunter, Erin",9780062823519,,"HarperCollins; Harper Audio",2019,"[New York]; New York, NY","eAudiobook;Audiobook - CD;Book;eBook","Book::Arcade Children's Area: CHILDREN FICTION Hunter, E. - Checked Out,Book::Elk Grove Kids' Place: CHILDREN FICTION Hunter, E. - Checked Out,Book::McKinley Children's Area: CHILDREN FICTION Hunter, E. - Checked Out"
https://catalog.saclibrary.org/GroupedWork/21e602dd-da9b-ba78-1b7b-e20ee2a9f84e-eng,"The narrow road between desires","Rothfuss, Patrick, 1973-",9780756419172,,"Recorded Books, Inc.; Astra Publishing House; DAW Books",2023,"New York",eAudiobook;eBook;Book,"Book::Arcade: SCIENCE FICTION Rothfuss, P. - On Shelf,Book::Central: SCIENCE FICTION Rothfuss, P. - On Shelf,Book::Galt: SCIENCE FICTION Rothfuss, P. - On Shelf"
https://catalog.saclibrary.org/GroupedWork/bfe5f0f8-99f1-aab5-330a-32bd48dd75eb-eng,"Magic steps","Pierce, Tamora",9780590395885,,"Full Cast Audio; Scholastic Inc.; Scholastic Press","2000 - 2011","New York",eAudiobook;eBook;Book,
https://catalog.saclibrary.org/GroupedWork/0bcd5cf6-f043-74eb-0450-3fd2b598550c-eng,"The gunslinger","King, Stephen, 1947-",9780452284692,,"Simon & Schuster Audio; Scribner; New American Library; Penguin Publishing Group","1988 - 2016","New York; New York, NY",eAudiobook;eBook;Book,"Book::Carmichael: SCIENCE FICTION King, S. - On Shelf,Book::Galt: SCIENCE FICTION King, S. - Checked Out,Book::Pocket-Greenhaven: SCIENCE FICTION King, S. - On Shelf"
https://catalog.saclibrary.org/GroupedWork/90810f21-ed19-de66-c739-e2cd139fd800-eng,"A long and speaking silence","Vo, Nghi",9781250386427,,"Tantor Media, Inc; Tor Publishing Group",2026,"New York",eAudiobook;Book;eBook,"Book::Central New Books - 4th Floor: SCIENCE FICTION Vo, N. - On Shelf,Book::Franklin: SCIENCE FICTION Vo, N. - On Shelf,Book::McClatchy: SCIENCE FICTION Vo, N. - Checked Out"
https://catalog.saclibrary.org/GroupedWork/d746e123-48da-1f0a-4ed7-4d34a7e04cd0-eng,"The kingdom of copper","Chakraborty, S. A",9780062678133,,"Harper Voyager, an imprint of HarperCollinsPublishers; HarperCollins",2019,"New York, NY",eAudiobook;Book;eBook,"Book::Arden-Dimick: SCIENCE FICTION Chakraborty, S. - Checked Out,Book::Carmichael: SCIENCE FICTION Chakraborty, S. - On Shelf,Book::Belle Cooledge: SCIENCE FICTION Chakraborty, S. - On Shelf"
https://catalog.saclibrary.org/GroupedWork/c09febe0-d835-ed71-d901-f226c6a012f7-eng,"Million dollar demon","Harrison, Kim, 1966-",9780593101445,,"Ace; Penguin Publishing Group; Books on Tape",2021,"New York",eAudiobook;Book;eBook,"Book::Carmichael: FICTION Harrison, K. - On Shelf,Book::Central: FICTION Harrison, K. - On Shelf,Book::Fair Oaks: FICTION Harrison, K. - On Shelf"
https://catalog.saclibrary.org/GroupedWork/9df6fcc0-595f-5ef8-e117-4663d20c866c-eng,"Grave peril","Butcher, Jim, 1971-",9780451458445,,"Roc; Buzzy Multimedia; Penguin Publishing Group; GraphicAudio","2001 - 2026","New York",eAudiobook;Book;eBook,"Book::Carmichael: SCIENCE FICTION Butcher, J. - On Shelf,Book::Central: SCIENCE FICTION Butcher, J. - In Transit"
https://catalog.saclibrary.org/GroupedWork/cff71022-06bd-f3a7-7d5a-59775ba3cec5-eng,"Sword catcher","Clare, Cassandra",9780525619994,,"Del Rey; Random House Worlds; Books on Tape",2023,"New York",eAudiobook;eBook;Book,"Book::Arcade: SCIENCE FICTION Clare, C. - On Shelf,Book::Carmichael: SCIENCE FICTION Clare, C. - On Shelf,Book::Central: SCIENCE FICTION Clare, C. - Checked Out"
https://catalog.saclibrary.org/GroupedWork/cdee53c2-dbcc-1474-be65-0016ef648761-eng,Abhorsen,"Nix, Garth",9780063086821,,"EOS/HarperCollinsPublishers; HarperCollins; Random House/Listening Library; Harper, an imprint of HarperCollinsPublishers; Books on Tape","2003 - 2014","New York; New York, N.Y; New York, NY","eAudiobook;Audiobook - CD;eBook;Book","Book::Carmichael Teen Area: TEEN FICTION Nix, G. - On Shelf,Book::Central Teen Area - 3rd Floor: TEEN FICTION Nix, G. - On Shelf,Book::Franklin Teen: TEEN FICTION Nix, G. - On Shelf"
https://catalog.saclibrary.org/GroupedWork/4a8bb3cc-a90d-6917-5d40-1d56d6b89369-eng,"Blood rites","Butcher, Jim, 1971-",9780451459879,,"Recorded Books, Inc.; Roc; Penguin Publishing Group","2004 - 2014","New York",eAudiobook;Book;eBook,"Book::Arcade: SCIENCE FICTION Butcher, J. - On Shelf,Book::Carmichael: SCIENCE FICTION Butcher, J. - On Shelf,Book::Central: SCIENCE FICTION Butcher, J. - On Shelf"
https://catalog.saclibrary.org/GroupedWork/7400fcb9-6430-0591-09d8-828d76601ba2-eng,"Veil of shadows","Hunter, Erin",9780062823687,9780062971913,"HarperCollins Children's Books; HarperCollins; Harper Audio",2020,"New York, NY; [New York, NY]","eAudiobook;Audiobook - CD;Book;eBook","Book::Arcade Children's Area: CHILDREN FICTION Hunter, E. - Checked Out,Book::Carmichael Children's Area: CHILDREN FICTION Hunter, E. - On Shelf,Book::Central Kids Place - Lower Level: CHILDREN FICTION Hunter, E. - Checked Out"
https://catalog.saclibrary.org/GroupedWork/5ce36688-c610-23fd-984b-d0d05fe28b57-eng,"Ruin and rising","Bardugo, Leigh",9781250063168,,"Thorndike Press, a part of Gale, a Cengage Company; Henry Holt and Co. (BYR); Henry Holt and Company; Brilliance Audio, Inc","2014 - 2022","New York; Grand Haven, MI; Waterville, ME","Large Print;Audiobook - CD;Book;eBook","Book::Central Teen Area - 3rd Floor: TEEN FICTION Bardugo, L. - On Shelf,Book::Belle Cooledge Teen Area: TEEN FICTION Bardugo, L. - On Shelf,Book::Franklin Teen: TEEN FICTION Bardugo, L. - Checked Out"
https://catalog.saclibrary.org/GroupedWork/ae17bbfd-8f35-4b18-12b7-3b9015194690-eng,"Shadow of night","Harkness, Deborah, 1965-",9780143123620,,"Viking; Recorded Books, Inc.; Penguin Publishing Group; Books on Tape","2012 - 2021","New York",eAudiobook;eBook;Book,"Book::Carmichael: FICTION Harkness, D. - On Shelf,Book::Central: FICTION Harkness, D. - Checked Out,Book::Belle Cooledge: FICTION Harkness, D. - Checked Out"
https://catalog.saclibrary.org/GroupedWork/fcc0e108-919e-e3ae-b8c7-61f8d7086690-eng,"A deadly education: a novel","Novik, Naomi",9780593128480,,"Del Rey; Random House Worlds; Books on Tape",2020,"New York",eAudiobook;eBook;Book,"Book::Arcade: SCIENCE FICTION Novik, N. - On Shelf,Book::Carmichael: SCIENCE FICTION Novik, N. - On Shelf,Book::Central: SCIENCE FICTION Novik, N. - On Shelf"
https://catalog.saclibrary.org/GroupedWork/dd8e16b4-df92-07d9-4c0c-cdffd011fc37-eng,"Someone you can build a nest in","Wiswell, John, 1981-",9780756418854,,"Tantor Media, Inc.; Astra Publishing House; Tantor Media, Inc; DAW Books",2024,"New York",eAudiobook;Book;eBook,"Book::Central: SCIENCE FICTION Wiswell, J. - Checked Out,Book::North Highlands-Antelope: SCIENCE FICTION Wiswell, J. - Checked Out,Book::Sylvan Oaks: SCIENCE FICTION Wiswell, J. - Checked Out"
https://catalog.saclibrary.org/GroupedWork/c3553127-925a-193d-a021-6ff878c7f852-eng,"Something wicked: a novel","Ballard, Falon",9780593854679,,"Books on Tape; Penguin Publishing Group; G.P. Putnam's Sons",2025,"New York",eAudiobook;eBook;Book,"Book::Central New Books - 4th Floor: FICTION Ballard, F. - Checked Out,Book::Franklin: FICTION Ballard, F. - On Shelf,Book::North Natomas: FICTION Ballard, F. - Checked Out"
https://catalog.saclibrary.org/GroupedWork/f6310977-d29d-8aa8-c4b1-ccecf44b78aa-eng,"A crown of swords","Jordan, Robert, 1948-2007",9780765336460,,"TOR; Books on Tape; Tor Publishing Group","1996 - 2011","New York",eAudiobook;Book;eBook,"Book::Carmichael: SCIENCE FICTION Jordan, R. - On Shelf,Book::Central: SCIENCE FICTION Jordan, R. - Checked Out,Book::Elk Grove: SCIENCE FICTION Jordan, R. - Checked Out"
https://catalog.saclibrary.org/GroupedWork/c1837722-ba21-cbb2-b86d-2cccae1898f0-eng,Eragon,"Paolini, Christopher",9780375926686,,"Alfred A. Knopf; Random House Children's Books; Random House/Listening Library; Books on Tape; Roca Editorial","2003 - 2023","New York; Barcelona","eAudiobook;Audiobook - CD;eBook;Book","Book::Pocket-Greenhaven Teen Area: TEEN FICTION Paolini, C. - Checked Out,Book::Arbuckle Branch Library Teen Collection: YA Fic - On Shelf,Book::Barber Branch: TEEN FICTION Paolini, C. - Checked Out"
https://catalog.saclibrary.org/GroupedWork/6ada8a60-9b62-50b7-5108-0c04195c69cf-eng,"The dragonet prophecy","Sutherland, Tui, 1978-",9780545349239,,"Thorndike Press, a part of Gale, a Cengage Company; Scholastic Press","2012 - 2020","New York; Waterville, ME","Large Print;Book","Book::Arden-Dimick Children's Area: CHILDREN FICTION Sutherland, T. - Checked Out,Book::Elk Grove Kids' Place: CHILDREN FICTION Sutherland, T. - Checked Out,Book::Franklin Children's: CHILDREN FICTION Sutherland, T. - On Shelf"
https://catalog.saclibrary.org/GroupedWork/17c877b3-5d74-08b6-f0d5-4cd78c6088fb-eng,"In the lives of puppets","Klune, TJ",9781250217448,,"Tor, Tor Publishing Group; Macmillan Audio; Tor Publishing Group",2023,"New York",eAudiobook;Book;eBook,"Book::Carmichael: SCIENCE FICTION Klune, T. - On Shelf,Book::Central: SCIENCE FICTION Klune, T. - On Shelf,Book::Belle Cooledge: SCIENCE FICTION Klune, T. - On Shelf"
https://catalog.saclibrary.org/GroupedWork/f8f42331-2c5f-b8cd-fd30-8e54a0340a93-eng,"The bands of mourning","Sanderson, Brandon",9780765378576,,"Tor; Macmillan Audio; Tor Publishing Group",2016,"New York",eAudiobook;Book;eBook,"Book::Carmichael: SCIENCE FICTION Sanderson, B. - Checked Out,Book::Franklin: SCIENCE FICTION Sanderson, B. - On Hold Shelf,Book::Rancho Cordova: SCIENCE FICTION Sanderson, B. - On Hold Shelf"
https://catalog.saclibrary.org/GroupedWork/569b5e66-975d-2cb5-4b1c-8011d9cf06cb-eng,"The Name of the wind","Rothfuss, Patrick, 1973-",9780756413712,,"Astra Publishing House; DAW Books","2007 - 2017","New York",eBook;Book,"Book::Central: SCIENCE FICTION Rothfuss, P. - Checked Out,Book::Fair Oaks: SCIENCE FICTION Rothfuss, P. - Checked Out,Book::Galt: SCIENCE FICTION Rothfuss, P. - In Transit"
https://catalog.saclibrary.org/GroupedWork/0c534baa-ee36-80bc-c445-cbdba40b7028-eng,"The dragonbone chair","Williams, Tad",9780756402693,,"Astra Publishing House; Books on Tape; DAW Books","2005 - 2016","New York",eAudiobook;Book;eBook,"Book::Central: SCIENCE FICTION Williams, T. - OFF CAMPUS,Book::Colonial Heights: SCIENCE FICTION Williams, T. - On Shelf,Book::Rancho Cordova: SCIENCE FICTION Williams, T. - Checked Out"
https://catalog.saclibrary.org/GroupedWork/902d4ca7-c038-1dae-4941-70c88820f1da-eng,"Brisingr, or, The seven promises of Eragon Shadeslayer and Saphira Bjartskular","Paolini, Christopher",9780375961854,,"Alfred A. Knopf; Random House Audio","2008 - 2009","New York; [New York]","Audiobook - CD;Book","Book::Central Teen Area - 3rd Floor: TEEN FICTION Paolini, C. - On Shelf,Book::Barber Branch: TEEN FICTION Paolini, C. - On Shelf,Book::Folsom Teen Room: TEEN FICTION Paolini, C. - Checked Out"
https://catalog.saclibrary.org/GroupedWork/9452d2a3-f225-3954-92d8-7a1f4265e82b-eng,"Queen demon","Wells, Martha",9781250826916,,"Macmillan Audio; Tor Publishing Group",2025,"New York",eAudiobook;Book;eBook,"Book::Carmichael: SCIENCE FICTION Wells, M. - On Shelf,Book::Central: SCIENCE FICTION Wells, M. - On Shelf,Book::Colonial Heights: SCIENCE FICTION Wells, M. - On Shelf"
https://catalog.saclibrary.org/GroupedWork/3a5fa650-e17d-e313-c92b-b3a408b7d616-eng,"The Raven tower","Leckie, Ann",9780316388696,,"Orbit; Hachette Audio",2019,"New York, NY",eAudiobook;Book;eBook,"Book::McClatchy: SCIENCE FICTION Leckie, A. - Checked Out,Book::Sylvan Oaks: SCIENCE FICTION Leckie, A. - Checked Out,Book::Folsom Adult: SCIENCE FICTION Leckie, A. - Checked Out"
https://catalog.saclibrary.org/GroupedWork/625590d0-929a-890b-109c-41118d2b0764-eng,"Words of radiance","Sanderson, Brandon",9780765365286,,"Macmillan Audio; Tor Fantasy; Tor Publishing Group",2014,"New York",eAudiobook;Book;eBook,"Book::Colonial Heights: SCIENCE FICTION Sanderson, B. - Checked Out,Book::Del Paso Heights: SCIENCE FICTION Sanderson, B. - Checked Out,Book::Galt: SCIENCE FICTION Sanderson, B. - On Shelf"
https://catalog.saclibrary.org/GroupedWork/fe4f6619-d8c2-620d-1ec7-007dd9c0f2e0-eng,"Face the night","Forbes, Lani",9798212030915,,"Blackstone Publishing","2023 - 2024","Ashland, OR",eAudiobook;eBook;Book,"Book::Belle Cooledge Teen Area: TEEN FICTION Forbes, L. - On Shelf,Book::Fair Oaks Teen Area: TEEN FICTION Forbes, L. - On Shelf,Book::South Natomas Teen Area: TEEN FICTION Forbes, L. - On Shelf"
https://catalog.saclibrary.org/GroupedWork/1fa5bc88-7402-3363-2c1b-fa55a9ea55c6-eng,"What the river knows: a novel","Ibañez, Isabel (Novelist)",9781250803375,,"St. Martin's Publishing Group; Macmillan Audio; Wednesday Books",2023,"New York",eAudiobook;eBook;Book,"Book::Central Teen Area - 3rd Floor: TEEN FICTION Ibanez, I. - On Shelf,Book::Franklin Teen: TEEN FICTION Ibanez, I. - On Shelf,Book::Galt Teen Area: TEEN FICTION Ibanez, I. - On Shelf"
https://catalog.saclibrary.org/GroupedWork/a7df54c2-58b5-c825-ca62-9588909fd6b5-eng,"Rise of a merchant prince","Feist, Raymond E",9780380720873,,"HarperCollins; Avon Books","1996 - 2009","New York",eBook;Book,
https://catalog.saclibrary.org/GroupedWork/9e94649a-9dc1-aa3b-9141-21b2d089873e-eng,"The princess and the goblin","MacDonald, George, 1824-1905",9780141332482,,"Tantor Media, Inc.; Interactive Media; Wilder Publications, Inc.; Project Gutenberg; CSRC Storytelling; HarperCollins Canada; Duke Classics; Blackstone Publishing; Unorthodox Press; Open Road Media; Puffin; libreka classics; Dover Publications; Oasis Audio; Mint Editions; One Audiobooks; Xist Publishing; Start Publishing LLC; Hesperus Minor; Dancing Unicorn Books; Neeland Media LLC; RosettaBooks; Findaway Voices","2006 - 2025",London,eAudiobook;eBook;Book,
https://catalog.saclibrary.org/GroupedWork/b32f7ed8-d988-dac2-4bb0-66177c848db5-eng,"The wolf gift: a novel","Rice, Anne, 1941-",9780307742100,,"Alfred A. Knopf; Knopf Doubleday Publishing Group; Books on Tape",2012,"New York",eAudiobook;eBook;Book,"Book::Central: FICTION Rice, A. - On Shelf,Book::Galt: FICTION Rice, A. - On Shelf,Book::Barber Branch: FICTION Rice, A. - On Shelf"
https://catalog.saclibrary.org/GroupedWork/ea23cd75-562d-f623-d33a-d3d55dce09b2-eng,"The winter of the witch: a novel","Arden, Katherine",9781101885994,,"Del Rey; Random House Worlds; Books on Tape",2019,"New York",eAudiobook;Book;eBook,"Book::Carmichael: SCIENCE FICTION Arden, K. - Checked Out,Book::Franklin: SCIENCE FICTION Arden, K. - On Shelf,Book::Galt: SCIENCE FICTION Arden, K. - On Shelf"
https://catalog.saclibrary.org/GroupedWork/686b61cf-e3cd-fbe0-a79d-16c4fed86d5e-eng,"Every heart a doorway","McGuire, Seanan",9780765385505,,"Tor; Macmillan Audio; Tor Publishing Group",2016,"New York",eAudiobook;Book;eBook,"Book::Belle Cooledge: SCIENCE FICTION McGuire, S. - Checked Out,Book::McKinley: SCIENCE FICTION McGuire, S. - On Shelf,Book::Sylvan Oaks: SCIENCE FICTION McGuire, S. - Checked Out"
https://catalog.saclibrary.org/GroupedWork/512956b6-44ac-2524-de6a-244d092a7060-eng,"Daughter of the Moon Goddess","Tan, Sue Lynn",9780063031302,,"HarperCollins; HarperAudio; HarperVoyager",2022,"London, UK",eAudiobook;eBook;Book,"Book::Central: SCIENCE FICTION Tan, S. - Checked Out,Book::Folsom Adult NEW: SCIENCE FICTION Tan, S. - On Hold Shelf,Book::Sutter County Main Branch: SCIENCE FICTION Tan, S. - Checked Out"
https://catalog.saclibrary.org/GroupedWork/96805178-57a0-10d8-30b1-aff908ef790a-eng,"The strength of the few","Islington, James, 1981-",9781982141233,,"Saga Press; S&S/Saga Press",2025,"New York",eBook;Book,"Book::Arcade: SCIENCE FICTION Islington, J. - Checked Out,Book::Central New Books - 4th Floor: SCIENCE FICTION Islington, J. - Checked Out,Book::Del Paso Heights: SCIENCE FICTION Islington, J. - Checked Out"
https://catalog.saclibrary.org/GroupedWork/0c73bee3-d292-d352-66fb-b45bd4774cc2-eng,"Tales before Tolkien: the roots of modern fantasy",,9780345458544,,"Del Rey/Ballantine Books",2003,"New York",Book,
https://catalog.saclibrary.org/GroupedWork/a3b1bde6-d190-3e6c-4bcb-60706bf7da38-eng,"She who became the sun","Parker-Chan, Shelley",9781250621801,,"Tor; Macmillan Audio; Tor Publishing Group",2021,"New York",eAudiobook;Book;eBook,"Book::Central: SCIENCE FICTION Parker-Chan, S. - Checked Out,Book::Elk Grove: SCIENCE FICTION Parker-Chan, S. - Checked Out,Book::McClatchy: SCIENCE FICTION Parker-Chan, S. - On Shelf"
https://catalog.saclibrary.org/GroupedWork/ae24263a-c790-d774-394a-27107e463680-eng,"Written in red: a novel of the Others","Bishop, Anne",9780451417909,,"Recorded Books, Inc.; Roc; Penguin Publishing Group",2013,"New York",eAudiobook;Book;eBook,"Book::Central: SCIENCE FICTION Bishop, A. - On Hold Shelf,Book::Pocket-Greenhaven: SCIENCE FICTION Bishop, A. - Checked Out,Book::Valley Hi-North Laguna: SCIENCE FICTION Bishop, A. - On Shelf"
https://catalog.saclibrary.org/GroupedWork/6f5cdacc-f9f2-c94c-486f-aabaed6f4025-eng,"The rage of dragons","Winter, Evan",9780316489775,,"Orbit; Hachette Audio",2019,"New York, NY",eAudiobook;eBook;Book,"Book::Central: SCIENCE FICTION Winter, E. - Checked Out,Book::Colonial Heights: SCIENCE FICTION Winter, E. - On Shelf,Book::Sylvan Oaks: SCIENCE FICTION Winter, E. - Checked Out"
https://catalog.saclibrary.org/GroupedWork/0216b8ef-4e48-2f5a-ebfd-f0e5da181479-eng,"Isles of the emberdark","Sanderson, Brandon",9781250415394,,"Dragonsteel, LLC; Tor/Tor Publishing Group","2025 - 2026","New York",eAudiobook;Book;eBook,"Book::Carmichael: SCIENCE FICTION Sanderson, B. - On Shelf,Book::Central New Books - 4th Floor: SCIENCE FICTION Sanderson, B. - Checked Out,Book::Belle Cooledge: SCIENCE FICTION Sanderson, B. - Checked Out"
https://catalog.saclibrary.org/GroupedWork/0b6f9a58-eab4-db51-a3eb-60bd1014bd83-eng,"Vengeance of the pirate queen","Levenseller, Tricia",9781250864970,,"Feiwel and Friends; Feiwel & Friends; Macmillan Audio",2023,"New York",eAudiobook;eBook;Book,"Book::Central Teen Area - 3rd Floor: TEEN FICTION Levenseller, T. - On Shelf,Book::Belle Cooledge Teen Area: TEEN FICTION Levenseller, T. - On Shelf,Book::Franklin Teen: TEEN FICTION Levenseller, T. - On Shelf"
https://catalog.saclibrary.org/GroupedWork/ffff3959-1041-2add-ee4c-4eb36cee9134-eng,"Storm front","Butcher, Jim, 1971-",9780451461971,,"Roc; Buzzy Multimedia; Penguin Publishing Group; GraphicAudio","2000 - 2025","New York",eAudiobook;Book;eBook,"Book::Belle Cooledge: SCIENCE FICTION Butcher, J. - Checked Out,Book::South Natomas: SCIENCE FICTION Butcher, J. - Checked Out,Book::Sutter County Main Branch: SCIENCE FICTION Butcher, J. - On Shelf"
https://catalog.saclibrary.org/GroupedWork/cae9ee82-e407-e37f-5b6e-fea3b47cf254-eng,"The lost metal","Sanderson, Brandon",9780765391193,,"Tor; Macmillan Audio; Tor Publishing Group",2022,"New York",eAudiobook;Book;eBook,"Book::Carmichael: SCIENCE FICTION Sanderson, B. - On Shelf,Book::Central: SCIENCE FICTION Sanderson, B. - On Shelf,Book::Franklin: SCIENCE FICTION Sanderson, B. - On Shelf"
https://catalog.saclibrary.org/GroupedWork/b14dfdac-551f-aeaf-48b9-05c78fb9d093-eng,"River marked","Briggs, Patricia",9780441019731,,"Ace Books; Penguin Publishing Group; Books on Tape; GraphicAudio","2011 - 2025","New York",eAudiobook;Book;eBook,
https://catalog.saclibrary.org/GroupedWork/25d78341-7baa-3f6e-6070-520fbaa9b43b-eng,"Cloud atlas: a novel","Mitchell, David (David Stephen)",9780375507250,,"Random House Trade Paperbacks; Random House Publishing Group; Books on Tape","2004 - 2008","New York",eAudiobook;eBook;Book,"Book::Arcade: FICTION Mitchell, D. - On Shelf,Book::Central: FICTION Mitchell, D. - On Shelf,Book::North Sacramento-Hagginwood: FICTION Mitchell, D. - On Shelf"
https://catalog.saclibrary.org/GroupedWork/fde2aeda-89a2-4c79-af2b-4935eb755061-eng,"The ruin of kings","Lyons, Jenn, 1970-",9781250175502,,"Tor; Macmillan Audio; Tor Publishing Group",2019,"New York",eAudiobook;Book;eBook,"Book::Arcade: SCIENCE FICTION Lyons, J. - On Shelf,Book::Central: SCIENCE FICTION Lyons, J. - On Shelf,Book::Colonial Heights: SCIENCE FICTION Lyons, J. - On Shelf"
https://catalog.saclibrary.org/GroupedWork/1849118b-8ec2-8cd5-8fb0-dd446d35872c-eng,"The color of magic: a Discworld novel","Pratchett, Terry",9780060855925,,"HarperCollins; HarperPaperbacks","2000 - 2009","New York",eBook;Book,"Book::Fair Oaks: SCIENCE FICTION Pratchett, T. - Checked Out,Book::McKinley: SCIENCE FICTION Pratchett, T. - Checked Out,Book::North Natomas: SCIENCE FICTION Pratchett, T. - Checked Out"
https://catalog.saclibrary.org/GroupedWork/3703795b-5ffa-07ae-0581-8915d12696c6-eng,"Academ's fury","Butcher, Jim, 1971-",9780441013401,,"Ace Books; Penguin Publishing Group; Books on Tape","2005 - 2008","New York",eAudiobook;Book;eBook,"Book::Central: SCIENCE FICTION Butcher, J. - On Shelf,Book::Colonial Heights: SCIENCE FICTION Butcher, J. - On Shelf,Book::Galt: SCIENCE FICTION Butcher, J. - On Shelf"
https://catalog.saclibrary.org/GroupedWork/ca4bcc02-29b1-a41d-4eba-458acf70f381-eng,"Psycho Fae","Mas, Jasmine",9781335919946,,"HarlequinAudio; Mira",2026,"Toronto, Ontario, Canada",eAudiobook;Book,"Book::Central New Books - 4th Floor: SCIENCE FICTION Mas, J. - Checked Out,Book::Fair Oaks: SCIENCE FICTION Mas, J. - Checked Out,Book::Franklin: SCIENCE FICTION Mas, J. - Checked Out"
https://catalog.saclibrary.org/GroupedWork/18eaf0bd-a1ff-1405-133d-33606820a4cf-eng,"Harrow the ninth","Muir, Tamsyn",9781250313218,,"Recorded Books, Inc.; Tor.com; Tor Publishing Group",2020,"New York",eAudiobook;Book;eBook,"Book::Courtland: SCIENCE FICTION Muir, T. - On Shelf,Book::Fair Oaks: SCIENCE FICTION Muir, T. - Checked Out,Book::Rio Linda: SCIENCE FICTION Muir, T. - Checked Out"
https://catalog.saclibrary.org/GroupedWork/bfbc9d50-a415-bdc4-1f8f-ff333a2bc249-eng,"Silver silence: a Psy-changeling trinity novel","Singh, Nalini, 1977-",9781101987797,,"Tantor Media, Inc; Berkley; Penguin Publishing Group",2017,"New York",eAudiobook;eBook;Book,
https://catalog.saclibrary.org/GroupedWork/1dfda053-462b-725e-0843-c294391dc8c2-eng,"Poison study","Snyder, Maria V",9780778324331,,"MIRA Books; Harlequin Audio; Mira","2005 - 2024",Ontario,eBook;Book;eAudiobook,
https://catalog.saclibrary.org/GroupedWork/72fffbcb-28f9-7992-ae5f-fad34b23b43b-eng,"The jewel of seven stars","Stoker, Bram, 1847-1912",9780141442211,,"Interactive Media; Project Gutenberg; Penguin; Duke Classics; Blackstone Publishing; Otbebookpublishing; Tor Publishing Group; Dover Publications; Mint Editions; [s.n.]; Andrews UK; Xist Publishing; Pandora's Box; WordFire Press; Start Classics","1903 - 2022","New York; [s.l.]; London",eBook;Book;eAudiobook,"Book::Pocket-Greenhaven: FICTION Stoker, B. - On Shelf"
https://catalog.saclibrary.org/GroupedWork/c8fbe075-e7d4-d2f3-ac41-abdb1e98d681-eng,"The Queen of Attolia: a queen's thief novel","Turner, Megan Whalen",9780606403313,,"HarperCollins; Greenwillow Books, an imprint of HarperCollins Publishers","2009 - 2017","New York",eAudiobook;Book;eBook,"Book::Belle Cooledge Teen Area: TEEN FICTION Turner, M. - On Shelf,Book::Sacramento Public Library Storage: TEEN FICTION Turner, M. - On Shelf"
https://catalog.saclibrary.org/GroupedWork/5438f8d7-eed1-d924-6001-22e15c51144c-eng,"A dance with dragons","Martin, George R. R",9780553582017,9780739375976,"Bantam Books; Random House Worlds; Books on Tape; Random House Audio","2008 - 2011","New York","eAudiobook;Audiobook - CD;eBook;Book","Book::Central: SCIENCE FICTION Martin, G. - In Transit,Book::Folsom Adult: SCIENCE FICTION Martin, G. - Checked Out,Book::Princeton Branch Library Adult Collection: Fic - In Transit"
https://catalog.saclibrary.org/GroupedWork/5e8f5ee0-b528-98e0-bef9-6d19c5b74649-eng,"Phantom game","Feehan, Christine",9780593439081,,"Recorded Books, Inc.; Berkley; Penguin Publishing Group",2022,"New York",eAudiobook;Book;eBook,"Book::Arcade: FICTION Feehan, C. - On Shelf,Book::Central: FICTION Feehan, C. - On Shelf,Book::Franklin: FICTION Feehan, C. - On Shelf"
https://catalog.saclibrary.org/GroupedWork/e899c47b-c3e7-8064-af41-ab765345eecf-eng,"A plague of giants","Hearne, Kevin",9780345548603,,"Del Rey; Random House Worlds; Books on Tape",2017,"New York",eAudiobook;Book;eBook,"Book::Carmichael: SCIENCE FICTION Hearne, K. - On Shelf,Book::Central: SCIENCE FICTION Hearne, K. - On Shelf,Book::Galt: SCIENCE FICTION Hearne, K. - On Shelf"
https://catalog.saclibrary.org/GroupedWork/930ebbb2-a391-a5e5-7f92-8b079db6d17f-eng,Chosen,"Morgansen, Shayla",9781742844657,,"Ouroborus Book Services; Book Pal","2014 - 2016",[Australia],eBook;Book,"Book::Carmichael: SCIENCE FICTION Morgansen, S. - On Shelf,Book::Fair Oaks: SCIENCE FICTION Morgansen, S. - On Shelf,Book::South Natomas: SCIENCE FICTION Morgansen, S. - On Shelf"
https://catalog.saclibrary.org/GroupedWork/c55896ec-473c-90dd-620c-2da8feb53c32-eng,"The light fantastic","Pratchett, Terry",9780062225689,,"U.S. distributor, Dufour Editions; C. Smythe; HarperCollins; Transworld; HarperTorch; Corgi","1986 - 2022","New York; Gerrards Cross; Chester Springs, PA",eAudiobook;Book;eBook,"Book::Carmichael: SCIENCE FICTION Pratchett, T. - Checked Out,Book::Central: SCIENCE FICTION Pratchett, T. - On Shelf,Book::McKinley: SCIENCE FICTION Pratchett, T. - Checked Out"
https://catalog.saclibrary.org/GroupedWork/33400366-21f4-9999-e8cf-ab64af3bb691-eng,"Witch king","Wells, Martha",9781250826794,,"Macmillan Audio; Tordotcom, Tor Publishing Group; Tor Publishing Group",2023,"New York",eAudiobook;eBook;Book,"Book::Arcade: SCIENCE FICTION Wells, M. - On Shelf,Book::Central: SCIENCE FICTION Wells, M. - Checked Out,Book::Colonial Heights: SCIENCE FICTION Wells, M. - On Shelf"
https://catalog.saclibrary.org/GroupedWork/a4c1690d-1cb7-2a9f-263d-12ebf5060523-eng,"Elphie: a Wicked childhood","Maguire, Gregory",9780063377011,,"HarperCollins; William Morrow, an imprint of HarperCollinsPublishers","2024 - 2025","New York, NY",eAudiobook;eBook;Book,"Book::Arcade: SCIENCE FICTION Maguire, G. - On Shelf,Book::Carmichael: SCIENCE FICTION Maguire, G. - On Shelf,Book::Central: SCIENCE FICTION Maguire, G. - On Shelf"
https://catalog.saclibrary.org/GroupedWork/7f870e01-05ee-0442-f43e-56c3a362e45f-eng,"In the night wood","Bailey, Dale",9781328494436,,"Houghton Mifflin Harcourt; HarperCollins; HarperAudio; Mariner Books","2018 - 2019",Boston,eAudiobook;eBook;Book,"Book::Central: SCIENCE FICTION Bailey, D. - On Shelf,Book::McKinley: SCIENCE FICTION Bailey, D. - On Shelf,Book::South Natomas: SCIENCE FICTION Bailey, D. - On Shelf"
https://catalog.saclibrary.org/GroupedWork/9a8487cc-43af-2bcd-60f1-9761fb750457-eng,"The city we became","Jemisin, N. K",9780316509848,,"Orbit; Hachette Audio",2020,"New York, NY",eAudiobook;Book;eBook,"Book::Arcade: SCIENCE FICTION Jemisin, N. - Checked Out,Book::Central: SCIENCE FICTION Jemisin, N. - On Shelf,Book::Fair Oaks: SCIENCE FICTION Jemisin, N. - On Shelf"
https://catalog.saclibrary.org/GroupedWork/c4e4a7fe-41da-e422-161e-c8f586d1f1fd-eng,"The whisper","Starmer, Aaron, 1976-",9780374363116,,"Recorded Books, Inc.; Farrar Straus Giroux; Farrar, Straus and Giroux (BYR)",2015,"New York",eBook;Book;eAudiobook,"Book::Arcade Children's Area: CHILDREN FICTION Starmer, A. - On Shelf,Book::Belle Cooledge Children's Area: CHILDREN FICTION Starmer, A. - On Shelf,Book::Sacramento Public Library Storage: CHILDREN FICTION Starmer, A. - On Shelf"
https://catalog.saclibrary.org/GroupedWork/3c0ab2b3-b513-1a4e-4c82-6d4619815457-eng,"Fool's assassin","Hobb, Robin",9780593725467,,"Del Rey; Random House Worlds; Books on Tape","2014 - 2024","New York",eAudiobook;eBook;Book,"Book::Central: SCIENCE FICTION Hobb, R. - Checked Out,Book::South Natomas: SCIENCE FICTION Hobb, R. - On Shelf,Book::Rancho Cordova: SCIENCE FICTION Hobb, R. - On Shelf"
https://catalog.saclibrary.org/GroupedWork/811b2bd8-1b61-2f4b-9bad-ff327064ef9d-eng,"Peace talks: a novel of the Dresden files","Butcher, Jim, 1971-",9780451464415,,"Ace; Penguin Publishing Group; Books on Tape",2020,"New York",eAudiobook;Book;eBook,"Book::Arcade: SCIENCE FICTION Butcher, J. - On Shelf,Book::Carmichael: SCIENCE FICTION Butcher, J. - On Shelf,Book::Central: SCIENCE FICTION Butcher, J. - On Shelf"
https://catalog.saclibrary.org/GroupedWork/d68163b0-6915-ee44-81ac-1cb70a1bf047-eng,"Soul music: a novel of discworld","Pratchett, Terry",9780062237415,,"HarperPrism; HarperCollins; Transworld","1995 - 2022","New York",eAudiobook;Book;eBook,
https://catalog.saclibrary.org/GroupedWork/c4d3e21c-80b5-a26e-db28-947cd382eb9b-eng,"Ancestral night","Bear, Elizabeth",9781534402980,,"Saga Press; S&S/Saga Press; Simon & Schuster Audio",2019,London,eAudiobook;Book;eBook,"Book::Valley Hi-North Laguna: SCIENCE FICTION Bear, E. - On Shelf,Book::Folsom Adult: SCIENCE FICTION Bear, E. - On Shelf"
https://catalog.saclibrary.org/GroupedWork/810b2129-7900-da24-0cb6-e7efa4a0b7d2-eng,"Last first snow","Gladstone, Max",9780765379405,,"Tor; Tor Publishing Group",2015,"New York",eBook;Book,"Book::Belle Cooledge: SCIENCE FICTION Gladstone, M. - On Shelf,Book::Rio Linda: SCIENCE FICTION Gladstone, M. - On Shelf"
https://catalog.saclibrary.org/GroupedWork/abf171da-b993-de35-4ac4-79d632d337fe-eng,"The atlas six","Blake, Olivie",9781250854513,,"Tor; Macmillan Audio",2022,"New York",eAudiobook;Book,"Book::Carmichael: SCIENCE FICTION Blake, O. - Checked Out,Book::Central: SCIENCE FICTION Blake, O. - On Shelf,Book::Colonial Heights: SCIENCE FICTION Blake, O. - Checked Out"
https://catalog.saclibrary.org/GroupedWork/c0176e24-abca-7ba8-5610-9908f0b72d25-eng,"Battle ground: a novel of the Dresden files","Butcher, Jim, 1971-",9780593199305,,"Ace; Books on Tape; Penguin Publishing Group",2020,"New York",eAudiobook;Book;eBook,"Book::Arcade: SCIENCE FICTION Butcher, J. - On Shelf,Book::Carmichael: SCIENCE FICTION Butcher, J. - On Shelf,Book::Central: SCIENCE FICTION Butcher, J. - On Shelf"
https://catalog.saclibrary.org/GroupedWork/916a09f2-1e84-cc84-9495-2d96a36bc35e-eng,"A court of thorns and roses","Maas, Sarah J",9781619635180,,"Thorndike Press, a part of Gale, a Cengage Company; Recorded Books, Inc.; Bloomsbury; Bloomsbury Publishing","2015 - 2025","New York; [Waterville, Maine]","eAudiobook;eBook;Large Print;Book","Book::Central: SCIENCE FICTION Maas, S. - Checked Out,Book::Belle Cooledge: SCIENCE FICTION Maas, S. - In Transit,Book::Elk Grove: SCIENCE FICTION Maas, S. - Checked Out"
https://catalog.saclibrary.org/GroupedWork/5bcfbaac-0cdc-c413-e6c2-cf173b622940-eng,"Small gods: a novel of Discworld®","Pratchett, Terry",9780062237378,,"Paw Prints; Harper, an imprint of HarperCollins Publishers; HarperCollins; Transworld","2009 - 2022","New York, New York",eAudiobook;Book;eBook,
https://catalog.saclibrary.org/GroupedWork/4d6bfd4f-117d-1f6b-e2a6-b716f69dda1a-eng,"Briar Rose","Yolen, Jane",9780812558623,,"Recorded Books, Inc.; T. Doherty Associates","1993 - 2015","New York",eAudiobook;Book,
https://catalog.saclibrary.org/GroupedWork/745d393a-b2d8-77b3-9da0-d22322328c93-eng,"The Road of Bones","Winters, Demi",9780593975619,,"Delacorte Press; Podium Audio; Random House Publishing Group","2023 - 2024","New York",eAudiobook;eBook;Book,"Book::Carmichael: SCIENCE FICTION Winters, D. - Checked Out,Book::Central: SCIENCE FICTION Winters, D. - Checked Out,Book::North Natomas: SCIENCE FICTION Winters, D. - Checked Out"
https://catalog.saclibrary.org/GroupedWork/911a10fb-2ab0-3312-a669-757deefbe19f-eng,"The silent thaw","Hunter, Erin",9780062823588,9780062965332,"HarperCollins; [Harper Audio]; HarperCollins, an imprint of HarperCollinsPublishers",2019,"New York, NY; [New York, NY]","eAudiobook;Audiobook - CD;Book;eBook","Book::Franklin Children's: CHILDREN FICTION Hunter, E. - On Shelf,Book::North Natomas Children's Area: CHILDREN FICTION Hunter, E. - On Shelf,Book::Pocket-Greenhaven Kids' Place: CHILDREN FICTION Hunter, E. - On Shelf"
https://catalog.saclibrary.org/GroupedWork/ebaa8ca5-d996-68f9-e12e-ce2cbf845c6a-eng,"Buried deep and other stories","Novik, Naomi",9780593600351,,"Del Rey; Random House Worlds; Books on Tape",2024,"New York",eAudiobook;Book;eBook,"Book::Central: SCIENCE FICTION Novik, N. - On Shelf,Book::Belle Cooledge: SCIENCE FICTION Novik, N. - On Shelf,Book::South Natomas: SCIENCE FICTION Novik, N. - On Shelf"
https://catalog.saclibrary.org/GroupedWork/fe4fb6c6-7d1a-1cd2-51d2-ffab04510eb1-eng,"When among crows","Roth, Veronica",9781250855480,,"Macmillan Audio; Tor Publishing Group",2024,"New York",eAudiobook;eBook;Book,"Book::Carmichael: SCIENCE FICTION Roth, V. - On Shelf,Book::Central: SCIENCE FICTION Roth, V. - Checked Out,Book::Belle Cooledge: SCIENCE FICTION Roth, V. - Checked Out"
https://catalog.saclibrary.org/GroupedWork/5940c408-ca0d-6d82-d5d0-14af9948e1b8-eng,"Star-touched stories","Chokshi, Roshani",9781250180797,,"St. Martin's Publishing Group; Macmillan Audio; Wednesday Books",2018,"New York",eAudiobook;Book;eBook,"Book::Carmichael Teen Area: TEEN FICTION Chokshi, R. - On Shelf,Book::Belle Cooledge Teen Area: TEEN FICTION Chokshi, R. - On Shelf,Book::Sacramento Public Library Storage: TEEN FICTION Chokshi, R. - On Shelf"
https://catalog.saclibrary.org/GroupedWork/1f15a9ef-5678-9570-a23b-37b754b3317b-eng,"The last bloodcarver","Le, Vanessa, 1999-",9781250881526,,"Macmillan Audio; Roaring Brook Press",2024,"New York",eAudiobook;Book;eBook,"Book::Carmichael Teen Area: TEEN FICTION Le, V. - On Shelf,Book::Central Teen Area - 3rd Floor: TEEN FICTION Le, V. - On Shelf,Book::South Natomas Teen Area: TEEN FICTION Le, V. - On Shelf"
https://catalog.saclibrary.org/GroupedWork/5458d678-8d38-7909-3f9d-d6a98171e881-eng,"And break the pretty kings","Jeong, Lena",9780063241640,,"HarperCollins; HarperTeen, an imprint of HarperCollinsPublishers",2023,"New York, NY",eAudiobook;eBook;Book,"Book::Central Teen Area - 3rd Floor: TEEN FICTION Jeong, L. - On Shelf,Book::Galt Teen Area: TEEN FICTION Jeong, L. - On Shelf,Book::McClatchy Teen Area: TEEN FICTION Jeong, L. - On Shelf"
https://catalog.saclibrary.org/GroupedWork/2703c2df-7a46-04e5-e43a-2a50f0a51c1d-eng,"Wild country","Bishop, Anne",9780399587276,,"Ace; Penguin Publishing Group; Books on Tape",2019,"New York",eAudiobook;Book;eBook,"Book::Central: SCIENCE FICTION Bishop, A. - On Shelf,Book::Franklin: SCIENCE FICTION Bishop, A. - On Shelf,Book::Folsom Adult: SCIENCE FICTION Bishop, A. - On Shelf"
https://catalog.saclibrary.org/GroupedWork/918bfb3f-d1f5-0762-e864-05cdbcd1bd98-eng,"Siege and storm","Bardugo, Leigh",9781250044433,,"Thorndike Press, a part of Gale, a Cengage Company; Henry Holt and Co. (BYR); Henry Holt and Company; Brilliance Audio","2013 - 2022","New York; Grand Haven, MI; Waterville, ME","Audiobook - CD;eBook;Large Print;Book","Book::Central Teen Area - 3rd Floor: TEEN FICTION Bardugo, L. - On Shelf,Book::Colonial Heights: TEEN FICTION Bardugo, L. - On Shelf,Book::Belle Cooledge Teen Area: TEEN FICTION Bardugo, L. - On Shelf"
https://catalog.saclibrary.org/GroupedWork/87f31ca6-2cbe-cea9-1b73-c7f61293e84d-eng,"In an absent dream","McGuire, Seanan",9780765399298,,"Tor; Macmillan Audio; Tor Publishing Group",2019,"New York",eAudiobook;Book;eBook,"Book::Fair Oaks: SCIENCE FICTION Mcguire, S. - On Shelf,Book::South Natomas: SCIENCE FICTION Mcguire, S. - On Shelf,Book::Pocket-Greenhaven: SCIENCE FICTION Mcguire, S. - On Shelf"
https://catalog.saclibrary.org/GroupedWork/f3a39356-c9e4-3eab-bca0-09911128f2dd-eng,"The hike","Magary, Drew",9780399563850,,"Viking; Penguin Publishing Group",2016,"New York",eBook;Book,"Book::Fair Oaks: SCIENCE FICTION Magary, D. - On Shelf,Book::McClatchy: SCIENCE FICTION Magary, D. - On Shelf,Book::Valley Hi-North Laguna: SCIENCE FICTION Magary, D. - On Shelf"
https://catalog.saclibrary.org/GroupedWork/2e6d36c7-550e-dca7-a434-41921c27e9af-eng,"The last graduate: a novel","Novik, Naomi",9780593128862,,"Del Rey; Random House Worlds; Books on Tape",2021,"New York",eAudiobook;Book;eBook,"Book::Arcade: SCIENCE FICTION Novik, N. - On Shelf,Book::Carmichael: SCIENCE FICTION Novik, N. - On Hold Shelf,Book::Central: SCIENCE FICTION Novik, N. - On Shelf"
https://catalog.saclibrary.org/GroupedWork/957d82a8-07bf-84bf-1ea2-78973cab9277-eng,"Gideon the Ninth","Muir, Tamsyn",9781250313188,,"Recorded Books, Inc.; Recorded Books; A Tom Doherty Associates Book; Tor Publishing Group",2019,"New York; Prince Frederick, MD","eAudiobook;Audiobook - CD;eBook;Book","Book::Central: SCIENCE FICTION Muir, T. - Checked Out,Book::Colonial Heights: SCIENCE FICTION Muir, T. - Checked Out,Book::North Natomas: SCIENCE FICTION Muir, T. - Checked Out"
https://catalog.saclibrary.org/GroupedWork/ed40957e-d19b-8f45-ecdf-67980c153f96-eng,"Butterfly effects","McGuire, Seanan",9781250375131,,"Macmillan Audio; Tor Publishing Group",2026,"New York",eAudiobook;Book;eBook,"Book::Carmichael: SCIENCE FICTION McGuire, S. - OFF CAMPUS,Book::Central New Books - 4th Floor: SCIENCE FICTION McGuire, S. - On Shelf,Book::North Highlands-Antelope: SCIENCE FICTION McGuire, S. - Checked Out"
https://catalog.saclibrary.org/GroupedWork/e3704aed-f7a3-7364-111f-5240b6134553-eng,"Song of blood & stone","Penelope, L., 1978-",9781250148070,,"St. Martin's Press; St. Martin's Publishing Group; Macmillan Audio","2018 - 2019","New York",eAudiobook;Book;eBook,"Book::Central: SCIENCE FICTION Penelope, L. - On Shelf,Book::South Natomas: SCIENCE FICTION Penelope, L. - On Shelf,Book::North Natomas: SCIENCE FICTION Penelope, L. - On Shelf"
https://catalog.saclibrary.org/GroupedWork/c02099fc-0ec6-a774-7469-00a3503c6a43-eng,"The drawing of the three","King, Stephen, 1947-",9781501161810,,"Scribner; Pocket Books; Simon & Schuster Audio; Books on Tape","2003 - 2017","New York",eAudiobook;Book;eBook,"Book::Rio Linda: SCIENCE FICTION King, S. - Checked Out"
https://catalog.saclibrary.org/GroupedWork/eb25ae9a-db29-fa34-a9a7-69f159f07ff5-eng,"The shadowed sun","Jemisin, N. K",9780316187299,,Orbit,2012,"New York",eBook;Book,"Book::Central: SCIENCE FICTION Jemisin, N. - On Shelf,Book::Belle Cooledge: SCIENCE FICTION Jemisin, N. - On Shelf,Book::McKinley: SCIENCE FICTION Jemisin, N. - On Shelf"
https://catalog.saclibrary.org/GroupedWork/5c7a7d96-6c8a-bf8e-7e33-d2be67571066-eng,"The somewhat wicked witch of Brigandale","Waggoner, C. M",9798217188239,,"Ace; Penguin Publishing Group; Books on Tape",2026,"New York",eAudiobook;Book;eBook,"Book::Arcade: SCIENCE FICTION Waggoner, C. - Checked Out,Book::Carmichael: SCIENCE FICTION Waggoner, C. - Checked Out,Book::Central New Books - 4th Floor: SCIENCE FICTION Waggoner, C. - Checked Out"
https://catalog.saclibrary.org/GroupedWork/b9a15035-9d98-74a1-43e4-8e09eb17ee8c-eng,"Lalani of the distant sea","Kelly, Erin Entrada",9780062747273,,"Greenwillow Books; HarperCollins; Greenwillow Books, an imprint of HarperCollinsPublishers",2019,"New York, NY",eAudiobook;eBook;Book,"Book::Arcade Children's Area: CHILDREN FICTION Kelly, E. - On Shelf,Book::Central Kids Place - Lower Level: CHILDREN FICTION Kelly, E. - On Shelf,Book::Belle Cooledge Children's Area: CHILDREN FICTION Kelly, E. - Checked Out"
https://catalog.saclibrary.org/GroupedWork/74df41b2-b3ae-ffbd-546d-d0da1648f933-eng,"The highwayman: a novel of Corona","Salvatore, R. A., 1959-",9780765358707,,"Tom Doherty Associates, LLC",2007,"New York, NY",Book,"Book::McKinley: SCIENCE FICTION Salvatore, R. - On Shelf"
https://catalog.saclibrary.org/GroupedWork/f753e2fe-00de-778d-7d5b-5941ad8c70d2-eng,"Twelve months: a novel of the Dresden files","Butcher, Jim, 1971-",9780593199336,,"ACE; Books on Tape; Penguin Publishing Group",2026,"New York",eAudiobook;eBook;Book,"Book::Carmichael: SCIENCE FICTION Butcher, J. - On Shelf,Book::Central New Books - 4th Floor: SCIENCE FICTION Butcher, J. - Checked Out,Book::Belle Cooledge: SCIENCE FICTION Butcher, J. - Checked Out"
https://catalog.saclibrary.org/GroupedWork/d32f2b46-af7e-735e-8f11-84f6f707d16b-eng,"The dark tower","King, Stephen, 1947-",9781416524526,,"Simon & Schuster Audio; Scribner","2004 - 2005","New York",eAudiobook;Book;eBook,"Book::Arcade: SCIENCE FICTION King, S. - On Shelf,Book::McKinley: SCIENCE FICTION King, S. - On Shelf,Book::North Natomas: SCIENCE FICTION King, S. - On Hold Shelf"
https://catalog.saclibrary.org/GroupedWork/4a43fd6b-1f66-81e7-c5c2-ec622351b1da-eng,"The oracle of Maracoor: a novel","Maguire, Gregory",9780063094017,,"HarperCollins; William Morrow, an imprint of HarperCollinsPublishers",2022,"New York, NY",eAudiobook;Book;eBook,"Book::Central: SCIENCE FICTION Maguire, G. - On Shelf,Book::Elk Grove: SCIENCE FICTION Maguire, G. - On Shelf,Book::Fair Oaks: SCIENCE FICTION Maguire, G. - On Shelf"
https://catalog.saclibrary.org/GroupedWork/cab8cccd-80c3-d070-03b0-aa8a048964b5-eng,"Blood vow","Ward, J. R., 1969-",9780451475336,,"Ballantine Books; Random House Publishing Group; Books on Tape",2016,"New York",eAudiobook;eBook;Book,"Book::Central: FICTION Ward, J. - On Shelf,Book::South Natomas: FICTION Ward, J. - On Shelf,Book::North Natomas: FICTION Ward, J. - On Shelf"
https://catalog.saclibrary.org/GroupedWork/31111694-882d-d52f-aada-df6a300fb744-eng,"The blood mirror","Weeks, Brent",9780316568623,,"Orbit; Hachette Audio",2016,"New York, NY",eAudiobook;Book;eBook,"Book::North Natomas: SCIENCE FICTION Weeks, B. - On Shelf,Book::Pocket-Greenhaven: SCIENCE FICTION Weeks, B. - On Shelf,Book::Rancho Cordova: SCIENCE FICTION Weeks, B. - On Shelf"
https://catalog.saclibrary.org/GroupedWork/b8ae0f9d-3b30-7842-efaf-3b51c396c093-eng,"City of dragons","Hobb, Robin",9780061561634,,"Harper Voyager; HarperCollins",2012,"New York",eAudiobook;Book;eBook,"Book::Carmichael: SCIENCE FICTION Hobb, R. - On Shelf,Book::Rio Linda: SCIENCE FICTION Hobb, R. - On Shelf,Book::Sutter County Main Branch: SCIENCE FICTION Hobb, R. - On Shelf"
https://catalog.saclibrary.org/GroupedWork/fd8f5f1a-826a-b4b7-41e5-5f63f5bce57a-eng,"The emperor of evening stars","Thalassa, Laura",9781942662280,,"Bloom Books; Sourcebooks; Blackstone Publishing","2022 - 2023","Naperville, Illinois",eAudiobook;eBook;Book,
https://catalog.saclibrary.org/GroupedWork/291f2283-f03a-efaa-f5dc-aad2e9615d3d-eng,"The armored saint","Cole, Myke",9780765395955,,"Recorded Books, Inc.; Tor; Tor Publishing Group",2018,"New York",eBook;Book;eAudiobook,"Book::Central: FICTION Cole, M. - On Shelf,Book::Pocket-Greenhaven: FICTION Cole, M. - On Shelf"
https://catalog.saclibrary.org/GroupedWork/97d890ab-e091-e3e2-2cec-7e247f1853e9-eng,"Ghost writer in the sky","Anthony, Piers",9781504038782,,"Open Road Media Sci-Fi & Fantasy; Open Road Integrated Media, LLC; Open Road Media",2017,"New York",eBook;Book,
https://catalog.saclibrary.org/GroupedWork/fdb8188d-db0b-9359-357e-f7541d41465a-eng,"Son of the black sword","Correia, Larry",9781476780863,,"Baen Books",2015,"Riverdale, NY",eBook;Book,"Book::McKinley: SCIENCE FICTION Correia, L. - On Shelf,Book::Rancho Cordova: SCIENCE FICTION Correia, L. - On Shelf"
https://catalog.saclibrary.org/GroupedWork/5593f0a6-2b6a-fa84-fbf7-047998a10a43-eng,"The killing moon","Jemisin, N. K",9780316187282,,Orbit,2012,"New York",eBook;Book,"Book::Franklin: SCIENCE FICTION Jemisin, N. - On Shelf,Book::Galt: SCIENCE FICTION Jemisin, N. - On Shelf,Book::North Natomas: SCIENCE FICTION Jemisin, N. - Checked Out"
https://catalog.saclibrary.org/GroupedWork/d7d87f07-e6ba-1bee-3029-82d3226dfb6c-eng,"Peter Pan","Barrie, J. M. (James Matthew), 1860-1937",9781593083823,,"BBC Audio; Sterling; Open Road Media Teen & Tween; HarperCollins; Scribner; Dreamscape Media; Viking Kestrel; Duke Classics; OXFORD CHILDRENS; Blackstone Publishing; Books on Tape; Puffin; Union Square Kids; Barnes and Noble; Warbler Classics; Bantam Books; Baronet Bks; Start Publishing LLC; SoundCraft Audiobooks; Native Publishing House; ABDO Publishing Company","1950 - 2025","London; [S.l.]; New York","eAudiobook;Online Content;eBook;Book","Book::Fair Oaks Children's Area: CHILDREN FICTION Barrie, J. - On Shelf,Book::Franklin Children's: CHILDREN FICTION Barrie, J. - On Shelf,Book::North Natomas Children's Area: CHILDREN FICTION Barrie, J. - Checked Out"
https://catalog.saclibrary.org/GroupedWork/1f6eb339-70f0-dbde-4c77-f81533a7e003-eng,"Daughter of the empire","Feist, Raymond E",9780385233934,,"Random House Worlds; Books on Tape; Doubleday","1987 - 2017","Garden City, N.Y",eAudiobook;Book;eBook,
https://catalog.saclibrary.org/GroupedWork/119089d6-a6c0-df7d-22d5-039633ca12fd-eng,Emissary,"Locke, Thomas, 1952-",9780800724474,,"Recorded Books, Inc.; Revell, a division of Baker Publishing Group; Baker Publishing Group","2014 - 2015","Grand Rapids, Michigan",eBook;Book;eAudiobook,"Book::Galt: SCIENCE FICTION Locke, T. - On Shelf,Book::South Natomas: SCIENCE FICTION Locke, T. - On Shelf,Book::Rio Linda: SCIENCE FICTION Locke, T. - On Shelf"
https://catalog.saclibrary.org/GroupedWork/d799001f-7a75-f494-4650-e77e44bdd410-eng,"The siren","Cass, Kiera",9780062391995,,"HarperCollins; HarperTeen, an imprint of HarperCollinsPublishers; Harper Audio",2016,"[New York]; New York, NY","eAudiobook;Audiobook - CD;eBook;Book","Book::Central Teen Area - 3rd Floor: TEEN FICTION Cass, K. - On Shelf,Book::Rancho Cordova: TEEN FICTION Cass, K. - Checked Out,Book::Barber Branch: TEEN FICTION Cass, K. - On Shelf"
https://catalog.saclibrary.org/GroupedWork/918086f8-cd01-bf64-0c8e-deaf8284b05b-eng,"The atlas complex","Blake, Olivie",9781250855138,,"Tor, Tor Publishing Group; Macmillan Audio; Tor Publishing Group",2024,"New York",eAudiobook;Book;eBook,"Book::Carmichael: SCIENCE FICTION Blake, O. - On Shelf,Book::Belle Cooledge: SCIENCE FICTION Blake, O. - On Shelf,Book::Franklin: SCIENCE FICTION Blake, O. - On Shelf"
https://catalog.saclibrary.org/GroupedWork/5ea0b152-21a0-4d37-40c8-2d1620867f6e-eng,"Lovecraft country: a novel","Ruff, Matt",9780062292070,,"HarperCollins; HarperAudio; Harper, an imprint of HarperCollinsPublishers; Blackstone Publishing","2016 - 2021","New York",eAudiobook;eBook;Book,"Book::Carmichael: FICTION Ruff, M. - Checked Out,Book::Central: FICTION Ruff, M. - LINK+ PAGED,Book::Orangevale: FICTION Ruff, M. - Checked Out"
https://catalog.saclibrary.org/GroupedWork/b20c7917-eab3-1f56-23f8-95a8a36e0902-eng,"Tress of the emerald sea","Sanderson, Brandon",9781250899651,,"Dragonsteel, LLC; Dragonsteel Entertainment, LLC; Tor, Tor Publishing Group; GraphicAudio","2023 - 2024","New York",eAudiobook;eBook;Book,"Book::Arcade: SCIENCE FICTION Sanderson, B. - Checked Out,Book::Central: SCIENCE FICTION Sanderson, B. - Checked Out,Book::Belle Cooledge: SCIENCE FICTION Sanderson, B. - Checked Out"
https://catalog.saclibrary.org/GroupedWork/2c84a123-e1a3-f83c-5dce-d3babaee2f56-eng,"The wise man's fear","Rothfuss, Patrick, 1973-",9780756404734,,"Astra Publishing House; Distributed by Penguin Group; DAW Books",2011,"New York",eBook;Book,"Book::Arden-Dimick: SCIENCE FICTION Rothfuss, P. - Checked Out,Book::Colonial Heights: SCIENCE FICTION Rothfuss, P. - Checked Out,Book::North Highlands-Antelope: SCIENCE FICTION Rothfuss, P. - In Transit"
https://catalog.saclibrary.org/GroupedWork/4dd2b224-119c-04eb-acd6-d9beb385eab9-eng,"An academy for liars","Henderson, Alexis",9780593638309,,"Ace; Books on Tape; Penguin Publishing Group",2024,"New York",eAudiobook;Book;eBook,"Book::Central: FICTION Henderson, A. - On Shelf,Book::McKinley: FICTION Henderson, A. - Checked Out,Book::Folsom Adult: SCIENCE FICTION Henderson, A. - On Shelf"
https://catalog.saclibrary.org/GroupedWork/69b20b7e-6ea3-1ab7-af56-d872819f5af6-eng,"Dreams of distant shores","McKillip, Patricia A",9781616962180,,"Tantor Media, Inc.; Tachyon Publications LLC; Tachyon Publications","2016 - 2020","San Francisco, CA",eBook;Book;eAudiobook,"Book::Carmichael: SCIENCE FICTION McKillip, P. - On Shelf,Book::Elk Grove: SCIENCE FICTION McKillip, P. - Checked Out"
https://catalog.saclibrary.org/GroupedWork/48b78551-bd81-8015-4696-7274f30e28b0-eng,"Only one for the orc: a cozy fantasy romance","Taylor, Isabelle",9781335001726,,,2026,,Book,"Book::Central New Books - 4th Floor: ON ORDER - On Order,Book::Sacramento Public Library: ON ORDER - On Order"
https://catalog.saclibrary.org/GroupedWork/17a0a59c-45e4-37b9-02da-9f281a0e8c64-eng,"The golden enclaves: a novel","Novik, Naomi",9780593158357,,"Del Rey; Random House Worlds; Books on Tape",2022,"New York",eAudiobook;Book;eBook,"Book::Arcade: SCIENCE FICTION Novik, N. - On Shelf,Book::Fair Oaks: SCIENCE FICTION Novik, N. - On Shelf,Book::Franklin: SCIENCE FICTION Novik, N. - On Shelf"
https://catalog.saclibrary.org/GroupedWork/24caac16-2b73-d8a3-c0e5-fff98ee0a80a-eng,"The sky on fire","Lyons, Jenn, 1970-",9781250342003,,"Tor, Tor Publishing Group; Macmillan Audio; Tor Publishing Group",2024,"New York",eAudiobook;Book;eBook,"Book::Carmichael: SCIENCE FICTION Lyons, J. - On Shelf,Book::Central: SCIENCE FICTION Lyons, J. - On Shelf,Book::McKinley: SCIENCE FICTION Lyons, J. - Checked Out"
https://catalog.saclibrary.org/GroupedWork/84cf7531-bb99-1eb6-6ecb-8522429177ec-eng,"The witch roads","Elliott, Kate, 1958-",9781250338617,,"Tantor Media, Inc; Tor, Tor Publishing Group; Tor Publishing Group",2025,"New York",eAudiobook;Book;eBook,"Book::Central: SCIENCE FICTION Elliott, K. - On Shelf,Book::Elk Grove: SCIENCE FICTION Elliott, K. - On Shelf,Book::Pocket-Greenhaven: SCIENCE FICTION Elliott, K. - On Shelf"
https://catalog.saclibrary.org/GroupedWork/c909bc65-cac0-7361-2e96-7925fa77e24f-eng,"The dream runners","Thakrar, Shveta",9780062894663,,"HarperCollins; HarperTeen, an imprint of HarperCollinsPublishers",2022,"New York, NY",eAudiobook;eBook;Book,"Book::Arcade Teen Area: TEEN FICTION Thakrar, S. - On Shelf,Book::Sacramento Public Library Storage: TEEN FICTION Thakrar, S. - On Shelf,Book::Sutter County Main Branch Teen Area: TEEN FICTION Thakrar, S. - On Shelf"
https://catalog.saclibrary.org/GroupedWork/fc1ae5a0-f850-a594-1d11-9b9ad2bf7303-eng,"Ink blood sister scribe: a novel","Törzs, Emma, 1987-",9780063253469,,"HarperCollins; HarperAudio; William Morrow, an imprint of HarperCollinsPublishers",2023,"New York, NY",eAudiobook;eBook;Book,"Book::Carmichael: FICTION Torzs, E. - On Shelf,Book::South Natomas: FICTION Torzs, E. - On Shelf,Book::Orangevale: FICTION Torzs, E. - On Shelf"
https://catalog.saclibrary.org/GroupedWork/654dc36b-08c5-3f07-c93c-47465930157d-eng,"Traitor's blade","De Castell, Sebastien",9781623658090,,"Quercus; Jo Fletcher",2014,"New York",eBook;Book,"Book::Central: SCIENCE FICTION De Castell, S. - On Shelf,Book::Elk Grove: SCIENCE FICTION De Castell, S. - On Shelf"
https://catalog.saclibrary.org/GroupedWork/9460753f-47f5-a43e-1d19-f459700d8461-eng,"The witch of Maracoor: a novel","Maguire, Gregory",9780063094062,,"William Morrow; HarperCollins",2023,"New York",eAudiobook;Book;eBook,"Book::Arcade: SCIENCE FICTION Maguire, G. - On Shelf,Book::Carmichael: SCIENCE FICTION Maguire, G. - On Shelf,Book::Central: SCIENCE FICTION Maguire, G. - On Shelf"
https://catalog.saclibrary.org/GroupedWork/676ccf6f-7617-8006-36e8-b7ed177c7d9f-eng,"Sparks: Volume 1, Portals","Guts, Revel",9781506741765,,"Dark Horse Comics, LLC.; Dark Horse Comics",2024,"Milwaukie, OR","Graphic Novel/Manga;eComic","Graphic Novel/Manga::Central Teen Area - 3rd Floor: TEEN GRAPHIC NOVEL Sparks v.1 - On Shelf,Graphic Novel/Manga::Franklin Teen: TEEN GRAPHIC NOVEL Sparks v.1 - On Shelf,Graphic Novel/Manga::South Natomas Teen Area: TEEN GRAPHIC NOVEL Sparks v.1 - On Shelf"
https://catalog.saclibrary.org/GroupedWork/53ec9746-c574-934d-5e23-320c6e49af76-eng,"Slewfoot: a tale of bewitchery","Brom, 1965-",9781250622006,,"Macmillan Audio; Nightfire; Tor Publishing Group",2021,"New York",eAudiobook;Book;eBook,"Book::Carmichael: FICTION Brom - Checked Out,Book::Central: FICTION Brom - Checked Out,Book::Galt: FICTION Brom - Checked Out"
https://catalog.saclibrary.org/GroupedWork/8fe198b6-a9b5-62f6-26d9-61186ec7ebb9-eng,"City of bones","Wells, Martha",9781250861672,,"Tantor Media, Inc.; Tantor Media, Inc; Martha Wells; Tor Publishing Group","2013 - 2023","New York",eAudiobook;eBook;Book,"Book::Central: SCIENCE FICTION Wells, M. - On Shelf,Book::Rancho Cordova: SCIENCE FICTION Wells, M. - On Shelf"
https://catalog.saclibrary.org/GroupedWork/c91a12ab-9636-15d0-3357-e976175961eb-eng,"Illuminations: stories","Moore, Alan, 1953-",9781635578805,,"Bloomsbury Publishing",2022,"New York",eAudiobook;Book;eBook,"Book::Central: FICTION Moore, A. - On Shelf,Book::Belle Cooledge: FICTION Moore, A. - On Shelf,Book::Fair Oaks: FICTION Moore, A. - On Shelf"
https://catalog.saclibrary.org/GroupedWork/d88c3660-877a-5566-c4ca-35a62b133bdf-eng,"The Hod king","Bancroft, Josiah",9780316517980,,"Orbit; Hachette Audio",2019,"New York, NY",eAudiobook;Book;eBook,"Book::Carmichael: SCIENCE FICTION Bancroft, J. - On Shelf,Book::Central: SCIENCE FICTION Bancroft, J. - On Shelf,Book::South Natomas: SCIENCE FICTION Bancroft, J. - On Shelf"
https://catalog.saclibrary.org/GroupedWork/16164bde-3d97-1139-a4cf-58f191144fcf-eng,"House of flame and shadow","Maas, Sarah J",9781635574104,,"Bloomsbury Publishing",2024,"New York",eBook;Book,"Book::McClatchy: SCIENCE FICTION Maas, S. - On Shelf,Book::South Natomas: SCIENCE FICTION Maas, S. - On Shelf,Book::Pocket-Greenhaven: SCIENCE FICTION Maas, S. - On Hold Shelf"
https://catalog.saclibrary.org/GroupedWork/eff82bdf-3f07-52cd-6fed-25645d470797-eng,"The year's best fantasy and horror: fourteenth annual collection",,9780312275419,,"St. Martin's Press",2001,"New York",Book,
https://catalog.saclibrary.org/GroupedWork/586e4c9c-32dc-36fd-2adb-997dec436d78-eng,"The bird king","Wilson, G. Willow, 1982-",9780802129031,,"Grove Press",2019,"New York",eBook;Book,"Book::Arcade: SCIENCE FICTION Wilson, G. - On Shelf,Book::Central: SCIENCE FICTION Wilson, G. - On Shelf,Book::Galt: SCIENCE FICTION Wilson, G. - On Shelf"
https://catalog.saclibrary.org/GroupedWork/5f2a75f4-b801-a14c-56ba-2fd83ee77142-eng,"Captain's fury","Butcher, Jim, 1971-",9780441016556,,"Ace Books; Books on Tape; Penguin Publishing Group","2007 - 2008","New York",eAudiobook;Book;eBook,"Book::Central: SCIENCE FICTION Butcher, J. - On Shelf,Book::Colonial Heights: SCIENCE FICTION Butcher, J. - On Shelf,Book::Franklin: SCIENCE FICTION Butcher, J. - On Shelf"
https://catalog.saclibrary.org/GroupedWork/03885897-591e-884b-cad3-7227842b038a-eng,"Fool moon","Butcher, Jim, 1971-",9780451458124,,"Roc; Buzzy Multimedia; Penguin Publishing Group",2001,"New York",eAudiobook;Book;eBook,"Book::Central: SCIENCE FICTION Butcher, J. - On Shelf,Book::Franklin: SCIENCE FICTION Butcher, J. - On Shelf,Book::North Natomas: SCIENCE FICTION Butcher, J. - On Shelf"
https://catalog.saclibrary.org/GroupedWork/dd374e9a-2e14-c0e2-0f98-1e119d73a4e3-eng,"The fairy godmother","Lackey, Mercedes",9780373802029,,"Luna; Harlequin; LUNA","2004 - 2016","New York, NY",eBook;Book,
https://catalog.saclibrary.org/GroupedWork/da96d211-0ab2-6861-2543-2d596996672a-eng,"Bone Crier's moon","Purdie, Kathryn",9780062798770,,"HarperCollins; Katherine Tegen Books,Âan imprint of HarperCollinsPublishers",2020,"New York, NY",eAudiobook;eBook;Book,"Book::Belle Cooledge Teen Area: TEEN FICTION Purdie, K. - On Shelf,Book::Franklin Teen: TEEN FICTION Purdie, K. - On Shelf,Book::North Natomas: TEEN FICTION Purdie, K. - On Shelf"
https://catalog.saclibrary.org/GroupedWork/1f76b0b0-60f7-95f9-fd1f-8d923ec7ca14-eng,"Three parts dead","Gladstone, Max",9780765333117,,"Tor; Blackstone Publishing; Tor Publishing Group",2012,"New York",eAudiobook;Book;eBook,"Book::Fair Oaks: SCIENCE FICTION Gladstone, M. - OFF CAMPUS"
https://catalog.saclibrary.org/GroupedWork/1a9e32c5-a215-97fe-e3c2-48264397a092-eng,"The witchwood crown","Williams, Tad",9780756410605,,"Astra Publishing House; Books on Tape; DAW Books",2017,"New York, NY",eAudiobook;Book;eBook,"Book::Carmichael: SCIENCE FICTION Williams, T. - On Shelf,Book::Central: SCIENCE FICTION Williams, T. - On Shelf,Book::Franklin: SCIENCE FICTION Williams, T. - On Shelf"
https://catalog.saclibrary.org/GroupedWork/3e650227-cba5-879c-8f3b-b2d26ea52580-eng,"Son of a witch: a novel","Maguire, Gregory",9780060548933,,"HarperCollins; HarperAudio; Harper Audio; Regan Books","2005 - 2009","New York; [United States]","eAudiobook;Audiobook - CD;eBook;Book","Book::Central: SCIENCE FICTION Maguire, G. - On Shelf,Book::Colonial Heights: SCIENCE FICTION Maguire, G. - On Shelf,Book::Sylvan Oaks: SCIENCE FICTION Maguire, G. - On Shelf"
https://catalog.saclibrary.org/GroupedWork/2db9af5f-3a05-80b7-a307-713eacdb9ff8-eng,"Gods of jade and shadow","Moreno-Garcia, Silvia",9780525620754,,"Del Rey; Random House Worlds; Books on Tape",2019,"New York",eAudiobook;Book;eBook,"Book::Central: SCIENCE FICTION Moreno-Garcia, S. - On Shelf,Book::McClatchy: SCIENCE FICTION Moreno-Garcia, S. - Checked Out,Book::Pocket-Greenhaven: SCIENCE FICTION Moreno-Garcia, S. - Checked Out"
https://catalog.saclibrary.org/GroupedWork/d9efd0bd-1554-78b8-dfed-28f7f7ed7a6e-eng,"Phoenix unbound","Draven, Grace",9780451489753,,"Ace; Books on Tape; Penguin Publishing Group",2018,"New York",eAudiobook;Book;eBook,"Book::Arcade: SCIENCE FICTION Draven, G. - On Shelf,Book::Carmichael: SCIENCE FICTION Draven, G. - On Shelf,Book::McKinley: SCIENCE FICTION Draven, G. - On Shelf"
https://catalog.saclibrary.org/GroupedWork/9d322d3a-3b41-e62b-6376-8803de0bc355-eng,"Smoke bitten","Briggs, Patricia",9780440001553,,"ACE; Books on Tape; Penguin Publishing Group",2020,"New York",eAudiobook;Book;eBook,"Book::Carmichael: SCIENCE FICTION Briggs, P. - On Shelf,Book::Central: SCIENCE FICTION Briggs, P. - On Shelf,Book::Elk Grove: SCIENCE FICTION Briggs, P. - On Shelf"
https://catalog.saclibrary.org/GroupedWork/ae3482f8-e7c6-cf36-9d87-5684cad5884c-eng,"Dragon haven","Hobb, Robin",9780061931550,,"HarperCollins; Eos; Tantor Media","2010 - 2020","New York, N.Y",eAudiobook;Book;eBook,"Book::Galt: SCIENCE FICTION Hobb, R. - On Shelf"
https://catalog.saclibrary.org/GroupedWork/559f68a9-dbe1-1b38-1e7f-4ee27285c714-eng,"The queen's weapons","Bishop, Anne",9781984806659,,"Ace; Penguin Publishing Group; Books on Tape",2021,"New York",eAudiobook;Book;eBook,"Book::Central: SCIENCE FICTION Bishop, A. - On Shelf,Book::Galt: SCIENCE FICTION Bishop, A. - On Shelf,Book::South Natomas: SCIENCE FICTION Bishop, A. - On Shelf"
https://catalog.saclibrary.org/GroupedWork/9762bae3-2223-8641-4775-03d4f79c4474-eng,"Child of light","Brooks, Terry",9780593357385,,"Del Rey; Random House Worlds; Books on Tape",2021,"New York",eAudiobook;Book;eBook,"Book::Arcade: SCIENCE FICTION Brooks, T. - On Shelf,Book::Carmichael: SCIENCE FICTION Brooks, T. - On Shelf,Book::Franklin: SCIENCE FICTION Brooks, T. - On Shelf"
https://catalog.saclibrary.org/GroupedWork/7675d0d3-7cf3-9eca-f593-85cda3e8831a-eng,"Call down the hawk","Stiefvater, Maggie, 1981-",9781338188325,,"Scholastic Audio Books; Scholastic Inc.; Scholastic Press",2019,"New York; [Place of publication not identified]","eAudiobook;Audiobook - CD;Book;eBook","Book::Carmichael Teen Area: TEEN FICTION Stiefvater, M. - Checked Out,Book::Sylvan Oaks Teen Area: TEEN FICTION Stiefvater, M. - On Shelf,Book::Colusa Main Branch Teen Collection: YA Fic - On Shelf"
https://catalog.saclibrary.org/GroupedWork/cde8a260-eee3-0afb-0c6f-744bf512e3a5-eng,"Go luck yourself","Raasch, Sara",9781250333216,,"Bramble, Tor Publishing Group; Macmillan Audio; Tor Publishing Group",2025,"New York",eAudiobook;eBook;Book,"Book::Carmichael: FICTION Raasch, S. - On Shelf,Book::Central: FICTION Raasch, S. - On Shelf,Book::Colonial Heights: FICTION Raasch, S. - On Shelf"
https://catalog.saclibrary.org/GroupedWork/0fb0de82-d671-1c2b-9ecc-7f9f0fcc1301-eng,"Dragon bones","Briggs, Patricia",9780441009169,072742006992,"Ace Books; Buzzy Multimedia; Penguin Publishing Group","2002 - 2010","New York",eAudiobook;Book;eBook,"Book::Colonial Heights: SCIENCE FICTION Briggs, P. - On Shelf,Book::Belle Cooledge: SCIENCE FICTION Briggs, P. - On Shelf"
https://catalog.saclibrary.org/GroupedWork/36f05bbd-b2b5-e1bc-4618-bf59e17894a3-eng,"My life as a White trash zombie","Rowland, Diana, 1966-",9780756406752,,"Astra Publishing House; DAW Books",2011,"New York",eBook;Book,"Book::Central: FICTION Rowland, D. - On Shelf"
https://catalog.saclibrary.org/GroupedWork/dd614e76-b60b-5584-0318-035c1a5fd25b-eng,"I who have never known men","Harpman, Jacqueline",9781945492600,,"Transit Books; Echo Point Books & Media, LLC","2022 - 2024","Oakland, California",eAudiobook;eBook;Book,"Book::Colonial Heights: FICTION Harpman, J. - On Hold Shelf,Book::Belle Cooledge: FICTION Harpman, J. - On Hold Shelf,Book::Del Paso Heights: FICTION Harpman, J. - On Hold Shelf"
https://catalog.saclibrary.org/GroupedWork/29bac295-17c6-9f0f-9a7f-9293283b5eae-eng,"The steel remains","Morgan, Richard K., 1965-",9780345493033,,"Tantor Media, Inc.; Random House Worlds; Tantor Media, Inc; Ballantine Books/Del Rey",2009,"New York",eAudiobook;Book;eBook,
https://catalog.saclibrary.org/GroupedWork/21b30e1f-8091-721d-3718-3f5a343064fe-eng,"Bookshops & bonedust","Baldree, Travis, 1977-",9781250886101,,"Tor, Tor Publishing Group; Macmillan Audio; Tor Publishing Group",2023,"New York",eAudiobook;eBook;Book,"Book::Arcade: SCIENCE FICTION Baldree, T. - On Hold Shelf,Book::Carmichael: SCIENCE FICTION Baldree, T. - On Shelf,Book::Central: SCIENCE FICTION Baldree, T. - On Shelf"
https://catalog.saclibrary.org/GroupedWork/4ad8be29-85bb-68ab-1ed5-89a40d130515-eng,"Empire of sand","Suri, Tasha",9780316449717,,"Orbit; Hachette Audio",2018,"New York, NY",eAudiobook;eBook;Book,"Book::Central: SCIENCE FICTION Suri, T. - On Shelf,Book::Valley Hi-North Laguna: SCIENCE FICTION Suri, T. - On Shelf"
https://catalog.saclibrary.org/GroupedWork/6c8f4e5a-b1c5-c8fa-1b22-4344f4a3cd2b-eng,Glint,"Kennedy, Raven",9781464224485,,"Bloom Books; Podium Audio","2024 - 2025","Naperville, IL",eAudiobook;Book,"Book::Central: FICTION Kennedy, R. - OFF CAMPUS,Book::Elk Grove: FICTION Kennedy, R. - Checked Out,Book::Galt: FICTION Kennedy, R. - Checked Out"
https://catalog.saclibrary.org/GroupedWork/e6d57fdb-b3b8-8bfc-5e41-2bf4ef3fed21-eng,"The serpent sea","Wells, Martha",9781597803328,,"Start Publishing Llc; Night Shade Books",2012,"San Francisco",eBook;Book,
https://catalog.saclibrary.org/GroupedWork/e758ecfa-df30-f434-2f93-a7ef0f2b0022-eng,"Blade of empire","Lackey, Mercedes",9780765324399,,"Tor; Tor Books; Tor Publishing Group","2017 - 2024","New York",eBook;Book,"Book::Galt: SCIENCE FICTION Lackey, M. - On Shelf,Book::North Natomas: SCIENCE FICTION Lackey, M. - On Shelf,Book::North Sacramento-Hagginwood: SCIENCE FICTION Lackey, M. - On Shelf"
https://catalog.saclibrary.org/GroupedWork/d2e9b4e3-36c6-4887-570b-04c329839365-eng,"This census-taker: a novella","Miéville, China",9781101967324,,"Del Rey; Random House Worlds; Books on Tape",2016,"New York",eAudiobook;Book;eBook,"Book::Arcade: SCIENCE FICTION Miéville, C. - On Shelf,Book::Central: SCIENCE FICTION Miéville, C. - On Shelf,Book::Rancho Cordova: SCIENCE FICTION Miéville, C. - On Shelf"
https://catalog.saclibrary.org/GroupedWork/2f6c0276-2ae2-cb0b-9cd6-1f7f65923b9e-eng,"Dead man rising: a Dante Valentine novel","Saintcrow, Lilith",9780446616713,,"Orbit; Warner Books","2006 - 2007","New York",eBook;Book,"Book::Rancho Cordova: SCIENCE FICTION Saintcrow, L. - On Shelf"
https://catalog.saclibrary.org/GroupedWork/6c1ec4f7-33b0-3769-6a49-f198c48ffb52-eng,"A daughter of no nation","Dellamonica, A. M",9780765334503,,"Tor; Tor Books; Tor Publishing Group","2015 - 2024","New York, NY",eBook;Book,"Book::North Natomas: SCIENCE FICTION Dellamonica, A. - On Shelf,Book::Rio Linda: SCIENCE FICTION Dellamonica, A. - On Shelf"
https://catalog.saclibrary.org/GroupedWork/962ea89f-c01f-5da9-72af-85d8f8db7289-eng,"The starless crown","Rollins, James, 1961-",9781250816771,,"Tor; Macmillan Audio; Tor Publishing Group",2022,"New York",eAudiobook;Book;eBook,"Book::Carmichael: SCIENCE FICTION Rollins, J. - On Shelf,Book::Central: SCIENCE FICTION Rollins, J. - On Shelf,Book::Fair Oaks: SCIENCE FICTION Rollins, J. - On Shelf"
https://catalog.saclibrary.org/GroupedWork/cf7d5633-a4a9-3f75-0519-1e3bbdd13d31-eng,"Demon's bluff","Harrison, Kim, 1966-",9780593639986,,"Ace; Penguin Publishing Group; Books on Tape",2024,"New York",eAudiobook;Book;eBook,"Book::Carmichael: FICTION Harrison, K. - On Shelf,Book::Central: FICTION Harrison, K. - On Shelf,Book::Belle Cooledge: FICTION Harrison, K. - On Shelf"
https://catalog.saclibrary.org/GroupedWork/320725da-d3b0-fdc0-fc3a-6a4dd0c7d5cb-eng,"Across the green grass fields","McGuire, Seanan",9781250213594,,"Macmillan Audio; Tordotcom; Tor Publishing Group",2021,"New York",eAudiobook;Book;eBook,"Book::Central: SCIENCE FICTION McGuire, S. - On Shelf,Book::Belle Cooledge: SCIENCE FICTION McGuire, S. - On Shelf,Book::Fair Oaks: SCIENCE FICTION McGuire, S. - On Shelf"
https://catalog.saclibrary.org/GroupedWork/7c978ddb-6105-874f-4844-dbe27989275e-eng,"The rise and fall of D.O.D.O: a novel","Stephenson, Neal",9780062409157,,"William Morrow; HarperCollins; HarperAudio",2017,"New York, NY",eAudiobook;eBook;Book,"Book::Arcade: SCIENCE FICTION Stephenson, N. - On Shelf,Book::Carmichael: SCIENCE FICTION Stephenson, N. - On Shelf,Book::Franklin: SCIENCE FICTION Stephenson, N. - Checked Out"
https://catalog.saclibrary.org/GroupedWork/a0c11f01-1de8-3998-7f4d-567936c9eaee-eng,"Grey sister","Lawrence, Mark, 1966-",9781101988886,,"Recorded Books, Inc.; Ace; Penguin Publishing Group",2018,"New York",eBook;Book;eAudiobook,"Book::Carmichael: SCIENCE FICTION Lawrence, M. - On Shelf,Book::Franklin: SCIENCE FICTION Lawrence, M. - On Shelf,Book::Galt: SCIENCE FICTION Lawrence, M. - On Shelf"
https://catalog.saclibrary.org/GroupedWork/4e4efc72-a991-87a9-975c-0629de89c087-eng,"Child of a mad god","Salvatore, R. A., 1959-",9780765395276,,"Tor; Tor Books","2018 - 2024","New York",eBook;Book,"Book::Carmichael: SCIENCE FICTION Salvatore, R. - On Shelf,Book::Colonial Heights: SCIENCE FICTION Salvatore, R. - On Shelf,Book::Franklin: SCIENCE FICTION Salvatore, R. - On Shelf"
https://catalog.saclibrary.org/GroupedWork/316ebda2-1122-c92e-6ee5-d954b6704885-eng,"The fellowship of the ring","Tolkien, J. R. R. (John Ronald Reuel), 1892-1973",9780547928210,,"BBC Audio; Recorded Books, Inc.; Del Rey; Recorded Books; Houghton Mifflin Company; HarperCollins; HighBridge; Ballantine Books; Mariner Books","1965 - 2022","New York; Prince Frederick, MD; Boston","eAudiobook;Audiobook - CD;eBook;Book","Book::Carmichael: FICTION Tolkien, J. - Checked Out,Book::Belle Cooledge: FICTION Tolkien, J. - Checked Out,Book::South Natomas: FICTION Tolkien, J. - In Transit"
https://catalog.saclibrary.org/GroupedWork/b271c114-52f8-1831-882e-68a9f92eabb6-eng,"The stone sky","Jemisin, N. K",9780316229241,,"Orbit; Hachette Audio",2017,"New York",eAudiobook;eBook;Book,"Book::Arcade: SCIENCE FICTION Jemisin, N. - On Shelf,Book::Carmichael: SCIENCE FICTION Jemisin, N. - Checked Out,Book::Martin Luther King, Jr. Pannell Collection: SCIENCE FICTION Jemisin, N. - In Processing"
https://catalog.saclibrary.org/GroupedWork/e62fdb29-a002-8739-0be3-a111c2db41fa-eng,"By the sword","Lackey, Mercedes",9780613630245,,"Tantor Media, Inc.; Daw Books; Astra Publishing House; Tantor Media, Inc","1991 - 2020","New York",eAudiobook;Book;eBook,
https://catalog.saclibrary.org/GroupedWork/94c2be95-7a1e-fc61-85d2-e859795af64f-eng,"Metal slinger","Schneider, Rachel",9781250419217,,"Saturday Books; St. Martin's Publishing Group; Podium Audio",2025,"New York",eAudiobook;eBook;Book,"Book::Central New Books - 4th Floor: SCIENCE FICTION Schneider, R. - Checked Out,Book::Fair Oaks: SCIENCE FICTION Schneider, R. - Checked Out,Book::Franklin: SCIENCE FICTION Schneider, R. - Checked Out"
https://catalog.saclibrary.org/GroupedWork/7ef67fbe-660a-6c02-a7a6-1089344bf903-eng,"Dark illusion","Feehan, Christine",9781984803467,,"Recorded Books, Inc.; Berkley; Penguin Publishing Group",2019,"New York",eAudiobook;Book;eBook,"Book::Central: FICTION Feehan, C. - Checked Out,Book::Valley Hi-North Laguna: FICTION Feehan, C. - On Shelf,Book::Folsom Adult: SCIENCE FICTION Feehan, C. - On Shelf"
https://catalog.saclibrary.org/GroupedWork/ff73edeb-c797-5193-a0e3-93a01b5c7b04-eng,"Death's daughter","Barnes, S. A",9781250388483,,"Macmillan Audio; Bramble / Tor Publishing Group; Tor Publishing Group",2026,"New York",eAudiobook;Book;eBook,"Book::Central New Books - 4th Floor: SCIENCE FICTION Barnes, S. - Checked Out,Book::Franklin: SCIENCE FICTION Barnes, S. - On Shelf,Book::Orangevale: SCIENCE FICTION Barnes, S. - Checked Out"
https://catalog.saclibrary.org/GroupedWork/17910c7a-5dd3-b208-8e46-ef551796bf45-eng,"Reaper's gale","Erikson, Steven",9780765310071,,"Tor; Tor Publishing Group",2008,"New York",eBook;Book,
https://catalog.saclibrary.org/GroupedWork/a9d9c517-5200-a106-bb90-fb2b1de64a6a-eng,"These shattered spires","Salter, Cassidy Ellis",9781547618637,,"Bloomsbury; Bloomsbury Publishing",2026,"New York",eAudiobook;Book;eBook,"Book::Central Teen Area - 3rd Floor: TEEN FICTION Salter, C. - On Shelf,Book::Fair Oaks Teen Area: TEEN FICTION Salter, C. - On Shelf,Book::McKinley Children's Area: TEEN FICTION Salter, C. - On Shelf"
https://catalog.saclibrary.org/GroupedWork/928b552c-bf13-3dd3-735e-692b4302825a-eng,"Lolly Willowes, or, The loving huntsman","Warner, Sylvia Townsend, 1893-1978",9780940322165,,"Chicago Review Press; Mint Editions; New York Review Books; Blackstone Publishing","1999 - 2024","New York",eAudiobook;eBook;Book,"Book::Central: FICTION Warner, S. - OFF CAMPUS"
https://catalog.saclibrary.org/GroupedWork/5e44ab09-072e-ddde-6cbe-f8a2ee0013e4-eng,"The wall of storms","Liu, Ken, 1976-",9781481485210,,"Saga Press; S&S/Saga Press; Simon & Schuster Audio",2016,"New York",eAudiobook;Book;eBook,"Book::Carmichael: SCIENCE FICTION Liu, K. - On Shelf,Book::Central: SCIENCE FICTION Liu, K. - On Shelf,Book::Elk Grove: SCIENCE FICTION Liu, K. - On Shelf"
https://catalog.saclibrary.org/GroupedWork/5d46a717-b300-f702-163d-d4b3606df72c-eng,"Wearing the lion","Wiswell, John, 1981-",9780756419547,,"Astra Publishing House; Tantor Media, Inc; DAW Books",2025,"New York",eAudiobook;Book;eBook,"Book::Central: FICTION Wiswell, J. - On Shelf,Book::Colonial Heights: FICTION Wiswell, J. - On Shelf,Book::Elk Grove: FICTION Wiswell, J. - On Shelf"
https://catalog.saclibrary.org/GroupedWork/ee644ee3-eca9-4979-19c4-c72f67b871d8-eng,"Paladin of souls","Bujold, Lois McMaster",9780380818617,,"HarperCollins; EOS; Blackstone Publishing","2003 - 2009","New York",eAudiobook;Book;eBook,"Book::Arcade: SCIENCE FICTION Bujold, L. - On Shelf,Book::Central: SCIENCE FICTION Bujold, L. - On Shelf,Book::Colonial Heights: SCIENCE FICTION Bujold, L. - On Shelf"
https://catalog.saclibrary.org/GroupedWork/1c29be3e-2166-9082-9436-9e36e9e2b849-eng,Shadowmarch,"Williams, Tad",9780756402198,,"Astra Publishing House; DAW Books","2004 - 2006","New York",eBook;Book,
https://catalog.saclibrary.org/GroupedWork/7819879c-553e-b82d-b4d1-812b1f5a12d7-eng,"The waking land","Bates, Callie",9780425284025,,"Del Rey; Random House Worlds; Books on Tape",2017,"New York",eAudiobook;Book;eBook,"Book::Carmichael: SCIENCE FICTION Bates, C. - On Shelf,Book::Central: SCIENCE FICTION Bates, C. - On Shelf,Book::Rio Linda: SCIENCE FICTION Bates, C. - On Shelf"
https://catalog.saclibrary.org/GroupedWork/fbd29f4b-6aa3-fcb2-59c5-f0d7ba310935-eng,"Black leopard, red wolf","James, Marlon, 1970-",9780735220171,9780525526827,"Penguin Audio; Riverhead Books; Books on Tape; Penguin Publishing Group",2019,"New York; New York, NY","eAudiobook;Audiobook - CD;Book;eBook","Book::Carmichael: FICTION James, M. - On Shelf,Book::Central: FICTION James, M. - On Shelf,Book::Colonial Heights: FICTION James, M. - On Shelf"
https://catalog.saclibrary.org/GroupedWork/381a5785-2b47-7bb4-3588-f069744dd308-eng,"Dead beat: a novel of the Dresden files","Butcher, Jim, 1971-",9780451460912,,"Recorded Books, Inc.; Roc; Penguin Publishing Group","2005 - 2014","New York",eAudiobook;Book;eBook,"Book::Arcade: SCIENCE FICTION Butcher, J. - Checked Out,Book::Carmichael: SCIENCE FICTION Butcher, J. - On Shelf,Book::Orangevale: SCIENCE FICTION Butcher, J. - On Shelf"
https://catalog.saclibrary.org/GroupedWork/910a6a47-21ac-5421-a542-da4b43005e69-eng,"Blood red","Lackey, Mercedes",9780756408978,,"DAW Books, Inc; Astra Publishing House",2014,"New York, NY",eBook;Book,"Book::Central: SCIENCE FICTION Lackey, M. - On Shelf,Book::Galt: SCIENCE FICTION Lackey, M. - In Transit,Book::Orangevale: SCIENCE FICTION Lackey, M. - On Shelf"
https://catalog.saclibrary.org/GroupedWork/5ad6dc57-fd86-4e47-be74-29a8addef103-eng,Havemercy,"Jones, Jaida",9780553806960,,"Tantor Media, Inc.; Bantam Books; Random House Worlds","2008 - 2021","New York, N.Y",eBook;Book;eAudiobook,
https://catalog.saclibrary.org/GroupedWork/1e2133ed-cd8b-8633-5030-0490323d9d9d-eng,"The twisted citadel","Douglass, Sara",9780060882150,,"HarperCollins; Eos; HarperCollins e-books","2008 - 2009","New York",eBook;Book,
https://catalog.saclibrary.org/GroupedWork/a9cb1c0d-1ee4-ac3c-9773-b4d9c0e7a48a-eng,"Divine rivals: a novel","Ross, Rebecca (Rebecca J.)",9781250857439,,"St. Martin's Publishing Group; Macmillan Audio; Wednesday Books",2023,"New York; United States","eAudiobook;Audiobook - CD;eBook;Book","Book::Carmichael Teen Area: TEEN FICTION Ross, R. - On Shelf,Book::Central Teen Area - 3rd Floor: TEEN FICTION Ross, R. - Checked Out,Book::Belle Cooledge Teen Area: TEEN FICTION Ross, R. - Checked Out"
https://catalog.saclibrary.org/GroupedWork/1a6d507d-9d48-4787-e9d7-b57c02e2371b-eng,"Trigger warning: short fictions and disturbances","Gaiman, Neil",9780062330260,,"HarperCollins; William Morrow, an imprint of HarperCollins Publishers",2015,"New York",eAudiobook;Book;eBook,"Book::Carmichael: SCIENCE FICTION Gaiman, N. - On Shelf,Book::Central: SCIENCE FICTION Gaiman, N. - On Shelf,Book::Galt: SCIENCE FICTION Gaiman, N. - Checked Out"
https://catalog.saclibrary.org/GroupedWork/ef883029-4333-b5e9-ace5-5fe348df6832-eng,"A march into darkness","Newcomb, Robert, 1951-",9780345477095,,"Del Rey; Random House Worlds",2007,"New York",eBook;Book,"Book::Central: SCIENCE FICTION Newcomb, R. - On Shelf"
https://catalog.saclibrary.org/GroupedWork/b98a7941-ef28-fb60-d492-a1030506f224-eng,"Nona the ninth","Muir, Tamsyn",9781250854117,,"Recorded Books, Inc.; Tordotcom; Tor Publishing Group",2022,"New York",eAudiobook;Book;eBook,"Book::Colonial Heights: SCIENCE FICTION Muir, T. - On Shelf,Book::Galt: SCIENCE FICTION Muir, T. - On Shelf,Book::McClatchy: SCIENCE FICTION Muir, T. - Checked Out"
https://catalog.saclibrary.org/GroupedWork/62056d0d-fe3f-b502-8f8e-7abd04c2cb0c-eng,"The Mountain's call","Brennan, Caitlin",9780373802104,,"Luna Books; Harlequin Luna","2004 - 2009","New York",eBook;Book,
https://catalog.saclibrary.org/GroupedWork/e28fff72-d629-c6fc-a218-74334db53cb1-eng,"Lore of the wilds: a novel","Sbrana, Analeigh",9780063380592,,"Harper Voyager, an imprint of HarperCollinsPublishers; HarperCollins; HarperAudio",2024,"New York, NY",eAudiobook;eBook;Book,"Book::Carmichael: SCIENCE FICTION Sbrana, A. - On Shelf,Book::Central: SCIENCE FICTION Sbrana, A. - On Shelf,Book::Elk Grove: SCIENCE FICTION Sbrana, A. - Checked Out"
https://catalog.saclibrary.org/GroupedWork/4ed0be6b-8df6-256f-cb54-b589202268ef-eng,"The last days of magic","Tompkins, Mark",9780525429531,,"Viking; Penguin Publishing Group; Books on Tape",2016,"New York, New York",eAudiobook;eBook;Book,"Book::Central: SCIENCE FICTION Tompkins, M. - On Shelf,Book::North Sacramento-Hagginwood: SCIENCE FICTION Tompkins, M. - On Shelf,Book::Valley Hi-North Laguna: SCIENCE FICTION Tompkins, M. - On Shelf"
https://catalog.saclibrary.org/GroupedWork/3ce3758b-f994-2904-813a-8fb9a024b329-eng,"Unnatural magic","Waggoner, C. M",9781984805843,,"Ace; Blackstone Publishing; Penguin Publishing Group","2019 - 2020","New York",eAudiobook;Book;eBook,"Book::Carmichael: SCIENCE FICTION Waggoner, C. - On Shelf,Book::Central: SCIENCE FICTION Waggoner, C. - On Shelf,Book::Fair Oaks: SCIENCE FICTION Waggoner, C. - On Shelf"
https://catalog.saclibrary.org/GroupedWork/0a6b83cd-da7b-83a4-0773-7fd00add8969-eng,Darkdawn,"Kristoff, Jay",9781250073044,,"St. Martin's Press; St. Martin's Publishing Group; Macmillan Audio",2019,"New York",eAudiobook;Book;eBook,"Book::Central: SCIENCE FICTION Kristoff, J. - On Shelf,Book::Fair Oaks: SCIENCE FICTION Kristoff, J. - On Shelf,Book::Valley Hi-North Laguna: SCIENCE FICTION Kristoff, J. - Checked Out"
https://catalog.saclibrary.org/GroupedWork/3d948a42-aef7-e5fd-5921-6cc3c1023239-eng,"Rage of a demon king","Feist, Raymond E",9780380720880,,"HarperCollins; Avon Eos","1998 - 2009","New York, N.Y",eBook;Book,
https://catalog.saclibrary.org/GroupedWork/8bfa26bb-ff1b-33ed-9204-9d7562a38d3d-eng,"When darkness falls","Lackey, Mercedes",9780765302212,,"Tantor Media, Inc.; Tor; Tantor Media, Inc; Tor Publishing Group","2006 - 2010","New York",eAudiobook;Book;eBook,"Book::Central: SCIENCE FICTION Lackey, M. - On Shelf,Book::Southgate: SCIENCE FICTION Lackey, M. - Checked Out"
https://catalog.saclibrary.org/GroupedWork/668a5968-5074-df4a-10a4-3b265ea8ce8d-eng,"No life forsaken","Erikson, Steven",9780765323675,,"Tor Publishing Group",2025,"New York",eBook;Book,"Book::Central: SCIENCE FICTION Erikson, S. - On Shelf,Book::Belle Cooledge: SCIENCE FICTION Erikson, S. - On Shelf,Book::Rio Linda: SCIENCE FICTION Erikson, S. - On Shelf"
https://catalog.saclibrary.org/GroupedWork/7d87b910-9546-356f-e123-989cf5c956ec-eng,"Naked city: tales of urban fantasy",,9780312385248,,"St. Martin's Griffin",2011,"New York",Book,
https://catalog.saclibrary.org/GroupedWork/3d957428-3f25-f966-85a0-e9b4cdc51d01-eng,"The queen of blood","Durst, Sarah Beth",9780062413345,,"Harper Voyager, an imprint of HarperCollins Publishers; HarperCollins; HarperAudio",2016,"New York, NY",eAudiobook;eBook;Book,"Book::Carmichael: SCIENCE FICTION Durst, S. - On Shelf,Book::Central: SCIENCE FICTION Durst, S. - Checked Out"
https://catalog.saclibrary.org/GroupedWork/1af842ea-1d1d-80d7-4117-8d81f77779b0-eng,"Rage and ruin","Armentrout, Jennifer L",9781335018250,,"HarlequinAudio; Inkyard Press; Harlequin; GraphicAudio","2020 - 2024","Toronto, Ontario",eAudiobook;eBook;Book,"Book::Central Teen Area - 3rd Floor: TEEN FICTION Armentrout, J. - On Shelf,Book::Rio Linda Teen Area: TEEN FICTION Armentrout, J. - Checked Out,Book::Sacramento Public Library Storage: TEEN FICTION Armentrout, J. - On Shelf"
https://catalog.saclibrary.org/GroupedWork/47fa38ef-1150-c336-c500-fd7ca66f517f-eng,"Magic's pawn","Lackey, Mercedes",9780886773526,,"Astra Publishing House; DAW Books",1989,"New York, NY",eBook;Book,"Book::Arcade: SCIENCE FICTION Lackey, M. - On Shelf,Book::Del Paso Heights: SCIENCE FICTION Lackey, M. - On Shelf,Book::Pocket-Greenhaven: SCIENCE FICTION Lackey, M. - On Shelf"
https://catalog.saclibrary.org/GroupedWork/0b93d56d-23d2-29ad-d31f-8943e4c33573-eng,"Guards! guards!","Pratchett, Terry",9780062225757,,"HarperCollins; Transworld; HarperTorch","2001 - 2023","New York",eAudiobook;Book;eBook,"Book::Carmichael: SCIENCE FICTION Pratchett, T. - On Shelf,Book::Southgate: SCIENCE FICTION Pratchett, T. - Checked Out,Book::Sutter County Main Branch: SCIENCE FICTION Pratchett, T. - On Hold Shelf"
https://catalog.saclibrary.org/GroupedWork/fd11161a-f709-fb7d-c6e6-e5424f4e313a-eng,"Queen of rot and pain","Zander, Liv",9781955871044,,"Ink Heart Publishing; Dreamscape Media",2022,"[United States?]",eAudiobook;Book,
https://catalog.saclibrary.org/GroupedWork/11e85edd-f27c-78c4-bbb9-2ffbc2545065-eng,"The last battle","Lewis, C. S. (Clive Staples), 1898-1963",9780063435186,,"Harper, an imprint of HarperCollins Publishers; HarperTrophy; HarperCollins; Harper Children's Audio; Tyndale House Publishers","1994 - 2025","New York; [Carol Stream, Ill.]","eAudiobook;Audiobook - CD;Book;eBook","Book::Central Kids Place - Lower Level: CHILDREN FICTION Lewis, C. - On Shelf,Book::Belle Cooledge Children's Area: CHILDREN FICTION Lewis, C. - On Shelf,Book::North Natomas Children's Area: CHILDREN FICTION Lewis, C. - On Shelf"
https://catalog.saclibrary.org/GroupedWork/834222c4-21ea-3e1b-fcaa-2a5b962108f2-eng,"A game of gods","St. Clair, Scarlett",9781728259710,,"Bloom Books; Tantor Media, Inc; Sourcebooks",2023,"Naperville, Illinois",eAudiobook;eBook;Book,"Book::Belle Cooledge: FICTION St. Clair, S. - On Shelf,Book::Del Paso Heights: FICTION St. Clair, S. - Checked Out,Book::McKinley: FICTION St. Clair, S. - OFF CAMPUS"
https://catalog.saclibrary.org/GroupedWork/ca890250-d40a-d16d-2652-7cf4d4615e86-eng,"Blood of empire","McClellan, Brian, 1986-",9780316407311,,"Orbit; Hachette Audio","2019 - 2020","New York, NY",eAudiobook;Book;eBook,"Book::Central: SCIENCE FICTION McClellan, B. - On Shelf,Book::Orangevale: SCIENCE FICTION McClellan, B. - On Shelf,Book::Walnut Grove: SCIENCE FICTION McClellan, B. - On Shelf"
https://catalog.saclibrary.org/GroupedWork/e77e5368-01bc-6475-611d-4fdc541f1031-eng,Godkiller,"Kaner, Hannah",9780063348271,,"Harper Voyager; HarperCollins; HarperAudio",2023,"New York, NY",eAudiobook;eBook;Book,"Book::Central: SCIENCE FICTION Kaner, H. - On Shelf,Book::Fair Oaks: SCIENCE FICTION Kaner, H. - On Shelf,Book::McKinley: SCIENCE FICTION Kaner, H. - Checked Out"
https://catalog.saclibrary.org/GroupedWork/5ebf01ef-9836-9f30-9c77-231b620f9d77-eng,"Feverborn: a fever novel","Moning, Karen Marie",9780385344425,,"Delacorte Press; Random House Publishing Group",2016,"New York",eBook;Book,"Book::Central: SCIENCE FICTION Moning, K. - On Shelf,Book::Galt: SCIENCE FICTION Moning, K. - On Shelf,Book::South Natomas: SCIENCE FICTION Moning, K. - On Shelf"
https://catalog.saclibrary.org/GroupedWork/6bacba91-0f9d-5bda-3df1-02ad8e560f32-eng,"Blood & honey","Mahurin, Shelby",9780062878052,,"HarperCollins; HarperTeen, an imprint of HarperCollinsPublishers",2020,"New York, NY",eAudiobook;eBook;Book,"Book::Arcade Teen Area: TEEN FICTION Mahurin, S. - On Shelf,Book::Belle Cooledge Teen Area: TEEN FICTION Mahurin, S. - Checked Out,Book::Galt Teen Area: TEEN FICTION Mahurin, S. - Checked Out"
https://catalog.saclibrary.org/GroupedWork/43f167d1-5b5c-5f74-e9d1-22172750a64e-eng,Rosemarked,"Blackburne, Livia",9781484788554,,"Recorded Books, Inc.; Livia Blackburne; Hyperion","2017 - 2022","Los Angeles",eAudiobook;eBook;Book,"Book::Elk Grove Teen Area: TEEN FICTION Blackburne, L. - On Shelf,Book::Sacramento Public Library Storage: TEEN FICTION Blackburne, L. - On Shelf"
https://catalog.saclibrary.org/GroupedWork/bbfa5f13-7b68-4ebe-4e59-48e39d86b70b-eng,"The fifth sacred thing",Starhawk,9780553373806,,"Bantam Books; Random House Publishing Group","1993 - 2011","New York",eBook;Book,"Book::Central: FICTION Starhawk - Checked Out,Book::Sacramento Room: SCIENCE FICTION CAL - Library Use Only,Book::Sylvan Oaks: FICTION Starhawk - Checked Out"
https://catalog.saclibrary.org/GroupedWork/6fc60aee-3003-b6a2-e0ec-9204fdab5ecd-eng,"A court of frost and starlight","Maas, Sarah J",9781635575620,,"Recorded Books, Inc.; Thorndike Press, a part of Gale, a Cengage Company; Bloomsbury; GraphicAudio; Bloomsbury Publishing; [publisher not identified]","2018 - 2025","New York; [Waterville, Me.]; [Place of publication not identified]; Waterville, ME","eAudiobook;eBook;Large Print;Book","Book::Carmichael: SCIENCE FICTION Maas, S. - On Shelf,Book::Central: SCIENCE FICTION Maas, S. - Checked Out,Book::Courtland: SCIENCE FICTION Maas, S. - Checked Out"
https://catalog.saclibrary.org/GroupedWork/8d51598f-a6e4-59dc-d291-7c89239cd580-eng,"Fall of the Argosi","De Castell, Sebastien",9781471410581,,"Hot Key Books; Bonnier Books UK; Blackstone Publishing","2021 - 2022",London,eAudiobook;Book;eBook,"Book::Carmichael Teen Area: TEEN FICTION De Castell, S. - On Shelf,Book::Franklin Teen: TEEN FICTION De Castell, S. - On Shelf,Book::McKinley Children's Area: TEEN FICTION De Castell, S. - On Shelf"
https://catalog.saclibrary.org/GroupedWork/7013ccb8-ba1f-f40e-de2e-24bf17129a54-eng,"Fall of ruin and wrath","Armentrout, Jennifer L",9781250750198,,"Bramble, Tor Publishing Group; Macmillan Audio; Tor Publishing Group",2023,"New York",eAudiobook;eBook;Book,"Book::Arden-Dimick: SCIENCE FICTION Armentrout, J. - Checked Out,Book::Central: SCIENCE FICTION Armentrout, J. - On Shelf,Book::Galt: SCIENCE FICTION Armentrout, J. - On Shelf"
https://catalog.saclibrary.org/GroupedWork/855904c1-f3fe-3dae-ab52-975275400a3b-eng,"Savage messiah","Newcomb, Robert, 1951-",9780345477071,,"Del Rey/Ballantine Books; Random House Worlds","2005 - 2006","New York",eBook;Book,"Book::Central: SCIENCE FICTION Newcomb - On Shelf"
https://catalog.saclibrary.org/GroupedWork/5493d489-76d1-4c0f-3bdc-5f71c5a2c5d7-eng,"The book eaters","Dean, Sunyi",9781250810205,,"Tor; Macmillan Audio; Tor Publishing Group",2022,"New York",eAudiobook;Book;eBook,"Book::Arcade: SCIENCE FICTION Dean, S. - On Shelf,Book::Carmichael: SCIENCE FICTION Dean, S. - On Shelf,Book::Central: SCIENCE FICTION Dean, S. - On Shelf"
https://catalog.saclibrary.org/GroupedWork/7a6835c4-91df-ede0-fe5c-f8c10eac504a-eng,"A broken blade","Blair, Melissa, 1995-",9781454947875,,"Union Square & Co; Nibi Books; Blackstone Publishing; Union Square & Co.","2021 - 2022","New York City",eAudiobook;eBook;Book,"Book::Arcade: SCIENCE FICTION Blair, M. - Checked Out,Book::Carmichael: SCIENCE FICTION Blair, M. - On Shelf,Book::Franklin: SCIENCE FICTION Blair, M. - On Shelf"
https://catalog.saclibrary.org/GroupedWork/124bd960-7c7c-fc42-c288-01e9eebb0ef4-eng,Zhara,"Jae-Jones, S",9781250191427,,"St. Martin's Publishing Group; Macmillan Audio; Wednesday Books",2023,"New York",eAudiobook;Book;eBook,"Book::Central Teen Area - 3rd Floor: TEEN FICTION Jae-Jones, S. - On Shelf,Book::Belle Cooledge Teen Area: TEEN FICTION Jae-Jones, S. - On Shelf,Book::Elk Grove Teen Area: TEEN FICTION Jae-Jones, S. - Checked Out"
https://catalog.saclibrary.org/GroupedWork/027b464e-9f8c-bb68-3fa8-036f7170a138-eng,"Empire of the damned","Kristoff, Jay",9781250337320,,"St. Martin's Press; St. Martin's Publishing Group; Macmillan Audio",2024,"New York",eAudiobook;Book;eBook,"Book::Central: SCIENCE FICTION Kristoff, J. - On Shelf,Book::South Natomas: SCIENCE FICTION Kristoff, J. - On Shelf,Book::North Sacramento-Hagginwood: SCIENCE FICTION Kristoff, J. - Checked Out"
https://catalog.saclibrary.org/GroupedWork/7becdf70-6af7-3990-58af-bf488b52bc17-eng,"Alice's adventures in Wonderland ; and, Through the looking glass","Carroll, Lewis, 1832-1898",9780099572923,,"Distributed by Random House; Knopf; Vintage Books; Random House Publishing Group; Brilliance Audio; Quarto Publishing Group USA; Penguin Publishing Group; Neeland Media LLC","1992 - 2016","New York; Grand Haven, Mich; London","Audiobook - CD;eBook;Book",
https://catalog.saclibrary.org/GroupedWork/50e5e4ca-5a5f-fc1d-0499-7e75dceff6f9-eng,"Jeweled fire","Shinn, Sharon",9780425277058,,"Ace Books; Penguin Publishing Group",2015,"New York",eBook;Book,"Book::McKinley: SCIENCE FICTION Shinn, S. - On Shelf"
https://catalog.saclibrary.org/GroupedWork/1b7f5917-4a32-59b1-e084-1eaef8252e81-eng,"The Neil Gaiman reader: selected fiction","Gaiman, Neil",9780063031852,,"HarperCollins; William Morrow, an imprint of HarperCollinsPublishers",2020,"New York, NY",eAudiobook;Book;eBook,"Book::Carmichael: FICTION Gaiman, N. - On Shelf,Book::Central: FICTION Gaiman, N. - On Shelf,Book::Galt: FICTION Gaiman, N. - On Shelf"
https://catalog.saclibrary.org/GroupedWork/4e00af18-85fc-f69e-a0f2-0739393e5226-eng,Belladonna,"Bishop, Anne",9780451461261,,"Roc; Penguin Publishing Group",2007,"New York",eBook;Book,"Book::Central: SCIENCE FICTION Bishop, A. - On Shelf"
https://catalog.saclibrary.org/GroupedWork/44537347-c840-4688-09a5-0a4b9de761d6-eng,"The time keeper","Albom, Mitch, 1958-",9781401322786,,"Hachette Audio; Hyperion; Thorndike Press; Grand Central Publishing",2012,"Waterville, Maine; New York","eAudiobook;eBook;Large Print;Book","Book::Belle Cooledge: FICTION Albom, M. - On Hold Shelf,Book::Fair Oaks: FICTION Albom, M. - Checked Out,Book::Galt: FICTION Albom, M. - On Shelf"
https://catalog.saclibrary.org/GroupedWork/06770064-2d2e-e208-e033-a9c13adbb4f1-eng,"The hunter's gambit","Pierlot, Ciel",9781915998170,,"Watkins Media; Recorded Books, Inc.; Angry Robot",2024,London,eAudiobook;Book;eBook,"Book::Arcade: SCIENCE FICTION Pierlot, C. - On Shelf,Book::Rancho Cordova: SCIENCE FICTION Pierlot, C. - On Shelf,Book::Sylvan Oaks: SCIENCE FICTION Pierlot, C. - On Shelf"
https://catalog.saclibrary.org/GroupedWork/81155d77-5903-e7db-d585-f107269f955d-eng,"The lady in glass and other stories","Bishop, Anne",9780593639054,,"Ace; Penguin Publishing Group; Books on Tape",2024,"New York",eAudiobook;Book;eBook,"Book::Arcade: SCIENCE FICTION Bishop, A. - On Shelf,Book::Carmichael: SCIENCE FICTION Bishop, A. - On Shelf,Book::Central: SCIENCE FICTION Bishop, A. - On Shelf"
https://catalog.saclibrary.org/GroupedWork/fc4bd85d-de25-5669-fced-9d6af244eb16-eng,"The darkest road","Kay, Guy Gavriel",9780451458339,,"Recorded Books, Inc.; Arbor House; ROC; Penguin Publishing Group","1986 - 2020","New York",eAudiobook;Book;eBook,
https://catalog.saclibrary.org/GroupedWork/2caf22d9-bb4a-edb6-cd13-5ef06e30ac8c-eng,"In the veins of the drowning","Cassidy, Kalie",9780316587600,,"Hachette Audio; Little, Brown and Company",2025,"New York",eAudiobook;Book;eBook,"Book::Arden-Dimick: SCIENCE FICTION Cassidy, K. - Checked Out,Book::Carmichael: SCIENCE FICTION Cassidy, K. - Checked Out,Book::Central: SCIENCE FICTION Cassidy, K. - Checked Out"
https://catalog.saclibrary.org/GroupedWork/a343691b-0e9b-ac45-0460-5c8e6c7d8e9a-eng,"The treasured one","Eddings, David",9780446532266,,"Aspect; Grand Central Publishing","2004 - 2007","New York",eBook;Book,
https://catalog.saclibrary.org/GroupedWork/9028f19a-1311-0a01-2f01-e6f1629f0ba7-eng,"The hundred thousand kingdoms","Jemisin, N. K",9780316043922,,"Orbit; Hachette Audio","2010 - 2018","New York",eAudiobook;eBook;Book,"Book::Central: SCIENCE FICTION Jemisin, N. - On Shelf,Book::McKinley: SCIENCE FICTION Jemisin, N. - On Shelf,Book::Rancho Cordova: SCIENCE FICTION Jemisin, N. - Checked Out"
https://catalog.saclibrary.org/GroupedWork/3c60447f-752a-5ccd-2008-95cf8d8456a3-eng,"Dirty Magic","Wells, Jaye",9780316228435,,"Recorded Books, Inc.; Orbit",2014,"New York",eAudiobook;eBook;Book,"Book::South Natomas: SCIENCE FICTION Wells, J. - On Shelf,Book::North Natomas: SCIENCE FICTION Wells, J. - On Shelf"
https://catalog.saclibrary.org/GroupedWork/c5c0bbd1-eafa-cdc3-b8e1-241d9e8e337f-eng,"Wicked onyx","Cassidy, Debbie",9781964264295,,"Page & Vine; Tantor Media, Inc",2026,[Boston?],eAudiobook;Book;eBook,"Book::Central New Books - 4th Floor: SCIENCE FICTION Cassidy, D. - Checked Out,Book::Orangevale: SCIENCE FICTION Cassidy, D. - On Shelf,Book::Rio Linda: SCIENCE FICTION Cassidy, D. - On Shelf"
https://catalog.saclibrary.org/GroupedWork/b8114db3-7842-61da-3892-930081fc6b04-eng,"Moon Witch, Spider King","James, Marlon, 1970-",9780735220201,,"Riverhead Books; Books on Tape",2022,"New York",eAudiobook;Book,"Book::Arcade: FICTION James, M. - On Shelf,Book::Central: FICTION James, M. - On Shelf,Book::Colonial Heights: FICTION James, M. - On Shelf"
https://catalog.saclibrary.org/GroupedWork/b742baa8-75c2-6128-302b-c6ec60b8c673-eng,"The sisters Grimm: a novel","Praag, Menna van",9780062932464,,"HarperVoyager, an imprint of HarperCollinsPublishers; HarperCollins; HarperAudio",2020,"New York, NY",eBook;Book;eAudiobook,"Book::Central: SCIENCE FICTION Praag, M. - On Shelf,Book::McKinley: SCIENCE FICTION Praag, M. - On Shelf,Book::Pocket-Greenhaven: SCIENCE FICTION Praag, M. - On Shelf"
https://catalog.saclibrary.org/GroupedWork/17cc9740-0591-5c10-3a24-f0cdb21d8250-eng,"American demon","Harrison, Kim, 1966-",9780593101414,,"Ace; Books on Tape; Penguin Publishing Group",2020,"New York",eAudiobook;Book;eBook,"Book::Central: FICTION Harrison, K. - On Shelf,Book::Elk Grove: FICTION Harrison, K. - On Shelf,Book::Fair Oaks: FICTION Harrison, K. - On Shelf"
https://catalog.saclibrary.org/GroupedWork/8ce034f3-3476-7f3c-33d7-f47074ffd9f3-eng,"From blood and ash: a Blood and ash novel","Armentrout, Jennifer L",9781952457463,,"Blue Box Press; Evil Eye Concepts, Inc",2020,"[United States]",eBook;Book,"Book::Arcade: FICTION Armentrout, J. - Checked Out,Book::Central: FICTION Armentrout, J. - Checked Out,Book::Belle Cooledge: FICTION Armentrout, J. - Checked Out"
https://catalog.saclibrary.org/GroupedWork/cfd28107-f7b7-817b-63e3-298cef512d12-eng,"Blood's pride","Manieri, Evie",9780765332349,,"Recorded Books, Inc.; Tor; Tor Publishing Group",2013,"New York",eBook;Book;eAudiobook,"Book::Rancho Cordova: SCIENCE FICTION Manieri, E. - On Shelf,Book::Rio Linda: SCIENCE FICTION Manieri, E. - On Shelf"
https://catalog.saclibrary.org/GroupedWork/bc00c6bd-120d-7d43-96c4-c97292e81a4f-eng,"The thirteen hallows","Scott, Michael, 1959-",9780765328526,,"Tor; Macmillan Audio; Tor Publishing Group",2011,"New York",eBook;Book;eAudiobook,"Book::Central: SCIENCE FICTION Scott, M. - On Shelf,Book::South Natomas: SCIENCE FICTION Scott, M. - On Shelf,Book::Rancho Cordova: SCIENCE FICTION Scott, M. - On Shelf"
https://catalog.saclibrary.org/GroupedWork/55f2b44b-0d30-b0ce-ac44-37b7b4415fbf-eng,"The spine of the world","Salvatore, R. A., 1959-",9780786914180,,"TSR; Wizards of the Coast Publishing","1999 - 2009","Renton, WA",eBook;Book,
https://catalog.saclibrary.org/GroupedWork/accaaeb6-224a-2667-47f1-a96275ef759a-eng,"Our infinite fates: a novel","Steven, Laura",9781250333889,,"St. Martin's Publishing Group; Wednesday Books, an imprint of St. Martin's Publishing Group; Macmillan Audio",2025,"New York, NY",eAudiobook;eBook;Book,"Book::Arcade Teen Area: TEEN FICTION Steven, L. - On Shelf,Book::Central Teen Area - 3rd Floor: TEEN FICTION Steven, L. - On Shelf,Book::South Natomas Teen Area: TEEN FICTION Steven, L. - On Shelf"
https://catalog.saclibrary.org/GroupedWork/6d606599-af68-1080-2152-07102d583bd7-eng,"Black Trillium","Bradley, Marion Zimmer",9780385261852,,"Open Road Media Sci-Fi & Fantasy; Open Road Media; Doubleday","1990 - 2015","New York",eBook;Book,
https://catalog.saclibrary.org/GroupedWork/e76f29ae-ddcb-e62c-6632-05b8691439ad-eng,Stormsong,"Polk, C. L. (Chelsea L.)",9780765398994,,"Recorded Books, Inc.; A Tom Doherty Associates Book",2020,"New York",eAudiobook;Book,"Book::Carmichael: SCIENCE FICTION Polk, C. - On Shelf,Book::Central: SCIENCE FICTION Polk, C. - On Shelf,Book::Belle Cooledge: SCIENCE FICTION Polk, C. - On Shelf"
https://catalog.saclibrary.org/GroupedWork/c1037d1c-7cd1-2f30-3105-9ecd85ba3a49-eng,"Reckoning of fallen gods","Salvatore, R. A., 1959-",9780765395306,,"Tor; Tor Publishing Group",2019,"New York",eBook;Book,"Book::Fair Oaks: SCIENCE FICTION Salvatore, R. - On Shelf,Book::Galt: SCIENCE FICTION Salvatore, R. - On Shelf,Book::McKinley: SCIENCE FICTION Salvatore, R. - On Shelf"
https://catalog.saclibrary.org/GroupedWork/0b2f93f2-26ff-0edd-7e2c-be295c2e6b71-eng,"The legacy of Arniston House","Huchu, T. L",9781250883094,,"Tor, Tor Publishing Group; Macmillan Audio; Tor Publishing Group",2024,"New York",eAudiobook;Book;eBook,"Book::Central: SCIENCE FICTION Huchu, T. - On Shelf,Book::Franklin: SCIENCE FICTION Huchu, T. - On Shelf,Book::North Highlands-Antelope: SCIENCE FICTION Huchu, T. - Checked Out"
https://catalog.saclibrary.org/GroupedWork/df8b2f8e-427b-365e-3221-872727e87351-eng,"The scar","Miéville, China",9780345444387,,"Random House Worlds; Ballantine Books; Books on Tape","2002 - 2014","New York",eAudiobook;Book;eBook,
https://catalog.saclibrary.org/GroupedWork/e10aa567-dd41-046f-4b36-1d451b830430-eng,"The ships of air","Wells, Martha",9780380977895,,"Tantor Media, Inc.; HarperCollins; Tantor Media, Inc; Eos","2004 - 2013","New York",eAudiobook;eBook;Book,
https://catalog.saclibrary.org/GroupedWork/bd275676-2f73-1c18-4bb2-4321d5b73e4c-eng,"A strange hymn","Thalassa, Laura",9781942662327,,"Bloom Books; Sourcebooks; Blackstone Publishing","2022 - 2023","Naperville, Illinois",eAudiobook;eBook;Book,"Book::Central: FICTION Thalassa, L. - Checked Out,Book::Folsom Adult: SCIENCE FICTION Thalassa, L. - Checked Out"
https://catalog.saclibrary.org/GroupedWork/bdd56e2a-3d36-11c9-db0e-40149a98215c-eng,"The midnight bargain","Polk, C. L. (Chelsea L.)",9781645660071,,"Recorded Books, Inc.; Erewhon; Erewhon Books",2020,"New York, NY",eAudiobook;eBook;Book,"Book::Arcade: SCIENCE FICTION Polk, C. - On Shelf,Book::Carmichael: SCIENCE FICTION Polk, C. - On Shelf,Book::Galt: SCIENCE FICTION Polk, C. - On Shelf"
https://catalog.saclibrary.org/GroupedWork/339b79f2-f2a2-cb53-9ac4-3ca223fcc8e1-eng,"The library of the unwritten","Hackwith, A. J",9781984806376,,"Books on Tape; Ace",2019,"New York",eAudiobook;Book,"Book::Central: SCIENCE FICTION Hackwith, A. - On Shelf,Book::Rio Linda: SCIENCE FICTION Hackwith, A. - On Shelf,Book::Woodland Public Library: FICTION Hackwith, A. - Checked Out"
https://catalog.saclibrary.org/GroupedWork/55b3ea91-a521-8bff-bb15-037fc2e07be5-eng,"The society of unknowable objects: a novel","Brown, Gareth, (Novelist)",9780063324039,,"HarperCollins; William Morrow, an Imprint of HarperCollinsPublishers",2025,"New York, NY",eAudiobook;Book;eBook,"Book::Carmichael: FICTION Brown, G. - Checked Out,Book::Central: FICTION Brown, G. - In Transit,Book::Franklin: FICTION Brown, G. - On Shelf"
https://catalog.saclibrary.org/GroupedWork/c7feb0a2-ce90-ca1f-5ccf-c362dde15704-eng,"How to stop time","Haig, Matt, 1975-",9780525522874,,"Thorndike Press, a part of Gale, a Cengage Company; Viking; Penguin Publishing Group; Books on Tape",2018,"Farmington Hills, Mich; New York, New York","eAudiobook;eBook;Large Print;Book","Book::Arcade: FICTION Haig, M. - On Shelf,Book::Arden-Dimick: FICTION Haig, M. - Checked Out,Book::Colonial Heights: FICTION Haig, M. - Checked Out"
https://catalog.saclibrary.org/GroupedWork/6e4f22b6-cf00-6456-2508-0fa7e8c27737-eng,"Holy sister","Lawrence, Mark, 1966-",9781101988916,,"Recorded Books, Inc.; Ace; Penguin Publishing Group",2019,"New York",eBook;Book;eAudiobook,"Book::Arcade: SCIENCE FICTION Lawrence, M. - Checked Out,Book::Carmichael: SCIENCE FICTION Lawrence, M. - On Shelf,Book::Central: SCIENCE FICTION Lawrence, M. - On Shelf"
https://catalog.saclibrary.org/GroupedWork/6b374385-5e60-edb2-35b6-640793ae8e91-eng,"The magician's land: a novel","Grossman, Lev",9780670015672,,"Viking; Books on Tape; Penguin Publishing Group",2014,"New York",eAudiobook;eBook;Book,"Book::Pocket-Greenhaven: FICTION Grossman, L. - On Shelf,Book::Folsom Adult: SCIENCE FICTION Grossman, L. - On Shelf,Book::Sutter County Main Branch: FICTION Grossman, L. - On Shelf"
https://catalog.saclibrary.org/GroupedWork/4c6d6b8f-2615-8b50-1eb3-cb69982d5bd2-eng,"City of broken magic","Bolender, Mirah",9781250169273,,"Tor; Macmillan Audio",2018,"New York, NY",eAudiobook;Book,"Book::Central: SCIENCE FICTION Bolender, M. - On Shelf,Book::Belle Cooledge: SCIENCE FICTION Bolender, M. - On Shelf,Book::Rio Linda: SCIENCE FICTION Bolender, M. - On Shelf"
https://catalog.saclibrary.org/GroupedWork/cdb73d31-82bc-bc57-3935-b6ed5521c8b8-eng,"The trident and the pearl","Wilson, Sarah K. L",9780316586573,,"Orbit; Hachette Audio",2026,"New York, NY",eAudiobook;Book;eBook,"Book::Carmichael: SCIENCE FICTION Wilson, S. - On Shelf,Book::Central New Books - 4th Floor: SCIENCE FICTION Wilson, S. - Checked Out,Book::Courtland: SCIENCE FICTION Wilson, S. - On Shelf"
https://catalog.saclibrary.org/GroupedWork/9c514cf8-304f-68b9-7e40-1854553da796-eng,"The alehouse at the end of the world","Allred, Stevan, 1952-",9781942436379,,"Forest Avenue Press; Blackstone Publishing","2018 - 2019","Portland, Oregon",eAudiobook;Book;eBook,"Book::Carmichael: SCIENCE FICTION Allred, S. - Checked Out,Book::Central: SCIENCE FICTION Allred, S. - On Shelf,Book::Belle Cooledge: SCIENCE FICTION Allred, S. - On Shelf"
https://catalog.saclibrary.org/GroupedWork/bc2775e0-7545-b262-20ab-9651fd34e9e2-eng,"Strange new world","Shaw, Vivian",9780316537971,,"Orbit; Hachette Audio",2025,"New York, NY",eAudiobook;Book;eBook,"Book::Colonial Heights: SCIENCE FICTION Shaw, V. - On Shelf,Book::Franklin: SCIENCE FICTION Shaw, V. - On Shelf,Book::Pocket-Greenhaven: SCIENCE FICTION Shaw, V. - On Shelf"
https://catalog.saclibrary.org/GroupedWork/ba0d64d6-fbcb-d664-6fe7-9e7857b88251-eng,"Lover unleashed: a novel of the Black Dagger Brotherhood","Ward, J. R. (Jessica Bird)",9780451233165,,"Recorded Books, Inc.; NAL Hardcover; Penguin Publishing Group",2011,"New York",eAudiobook;eBook;Book,"Book::Carmichael: FICTION Ward, J. - On Shelf,Book::Franklin: FICTION Ward, J. - On Shelf,Book::Barber Branch: FICTION Ward, J. [Paperback] - On Shelf"
https://catalog.saclibrary.org/GroupedWork/2ae802e9-f8cf-32fd-5299-e32c6bcefa31-eng,"Lover eternal: a novel of the Black Dagger Brotherhood","Ward, J. R., 1969-",9780451218049,,"Recorded Books, Inc.; New American Library; Penguin Publishing Group","2006 - 2011","New York",eAudiobook;Book;eBook,
https://catalog.saclibrary.org/GroupedWork/ab7758d2-aef4-3567-65b3-da7791ba801a-eng,"The waking fire","Ryan, Anthony",9781101987858,,"Ace Books; Books on Tape; Penguin Publishing Group",2016,"New York",eAudiobook;Book;eBook,"Book::South Natomas: SCIENCE FICTION Ryan, A. - On Shelf"
https://catalog.saclibrary.org/GroupedWork/f305bf77-97ea-f93f-a8eb-bcec41a1ffb2-eng,"Song of Susannah","King, Stephen",9780743254557,9780743536707,"Simon & Schuster Audio; Scribner","2004 - 2005","New York; New York, NY","eAudiobook;Audiobook - CD;Online Content;Book;eBook",
https://catalog.saclibrary.org/GroupedWork/c5ce8d5c-2c26-caa0-de91-906446a7446c-eng,"The truth is a cave in the Black Mountains: a tale of travel and darkness with pictures of all kinds","Gaiman, Neil",9780062282149,,"William Morrow; HarperAudio",2014,"New York",Book;eAudiobook,"Book::Arcade: SCIENCE FICTION Gaiman, N. - On Shelf,Book::Carmichael: SCIENCE FICTION Gaiman, N. - On Shelf,Book::Elk Grove: SCIENCE FICTION Gaiman, N. - Checked Out"
https://catalog.saclibrary.org/GroupedWork/5e5a2fab-d135-a14e-342b-70669f5c7235-eng,"The witching hour: a novel","Rice, Anne, 1941-2021",9780394587868,,"Distributed by Random House; Knopf; Random House Publishing Group; Books on Tape","1990 - 2015","New York",eAudiobook;Book;eBook,"Book::Colonial Heights: FICTION Rice, A. - On Shelf,Book::Arbuckle Branch Library Adult Collection: Fic - Checked Out,Book::Colusa Main Branch Adult Collection: Fic - On Shelf"
https://catalog.saclibrary.org/GroupedWork/cf129159-3be3-0e33-0bf4-ae26e1ee6074-eng,"The marble queen","Kopp, Anna",9781506728131,,"Dark Horse Books; Dark Horse Comics, LLC.; Dark Horse Comics","2023 - 2024","Milwaukie, OR","Graphic Novel/Manga;eComic","Graphic Novel/Manga::Central Teen Area - 3rd Floor: TEEN GRAPHIC NOVEL Kopp, A. - On Shelf,Graphic Novel/Manga::Elk Grove Teen Area: TEEN GRAPHIC NOVEL Kopp, A. - On Shelf,Graphic Novel/Manga::Pocket-Greenhaven Teen Area: TEEN GRAPHIC NOVEL Kopp, A. - On Shelf"
https://catalog.saclibrary.org/GroupedWork/24c90717-8d5c-d7df-995d-f361465140ae-eng,"Under kingdom","Bogacs, Christof",9781506733647,,"Dark Horse Books; Dark Horse Comics, LLC.; Dark Horse Comics",2023,"Milwaukie, OR","eComic;Graphic Novel/Manga","Graphic Novel/Manga::Central Teen Area - 3rd Floor: TEEN GRAPHIC NOVEL Bogacs, C. - On Shelf,Graphic Novel/Manga::Elk Grove Teen Area: TEEN GRAPHIC NOVEL Bogacs, C. - On Shelf,Graphic Novel/Manga::Fair Oaks Teen Area: TEEN GRAPHIC NOVEL Bogacs, C. - On Shelf"
https://catalog.saclibrary.org/GroupedWork/01d193f7-cc5c-fa50-9dcf-cad5cb8f86d5-eng,"Lirael, daughter of the Clayr","Nix, Garth",9780061474347,,"HarperCollins; Random House/Listening Library; Eos; Harper, an imprint of HarperCollinsPublishers; Books on Tape","2001 - 2021","New York; [New York]; New York, NY","eAudiobook;Audiobook - CD;Book","Book::Carmichael Teen Area: TEEN FICTION Nix, G. - On Shelf,Book::Central Teen Area - 3rd Floor: TEEN FICTION Nix, G. - On Shelf,Book::North Natomas: TEEN FICTION Nix, G. - On Shelf"
https://catalog.saclibrary.org/GroupedWork/4a5fce72-a637-4417-02d6-144dbcb06a32-eng,"Book of night","Black, Holly",9781250812193,,"Tor; Macmillan Audio; Tor Publishing Group",2022,"New York",eAudiobook;Book;eBook,"Book::Arcade: SCIENCE FICTION Black, H. - On Shelf,Book::Carmichael: SCIENCE FICTION Black, H. - On Shelf,Book::Central: SCIENCE FICTION Black, H. - On Shelf"
https://catalog.saclibrary.org/GroupedWork/5c31ff3f-81d2-a6e7-fab4-66e7ef608aac-eng,"The fifth sorceress","Newcomb, Robert, 1951-",9780345448927,,"Del Rey/Ballantine Books; Random House Worlds",2002,"New York",eBook;Book,
https://catalog.saclibrary.org/GroupedWork/df62fa99-fed9-1bbb-f219-f3acb9773ba4-eng,"Tales of the celestial kingdom","Tan, Sue Lynn",9780063326699,,"Harper Voyager, an imprint of HarperCollinsPublishers; HarperCollins; HarperAudio",2024,"New York, NY",eAudiobook;eBook;Book,"Book::Central: SCIENCE FICTION Tan, S. - On Shelf,Book::Belle Cooledge: SCIENCE FICTION Tan, S. - On Shelf,Book::Franklin: SCIENCE FICTION Tan, S. - On Shelf"
https://catalog.saclibrary.org/GroupedWork/e6bb45f0-63fe-b718-4464-543f6b988d44-eng,"Katabasis: a novel","Kuang, R. F. (Rebecca F.)",9780063446243,,"Harper Voyager; HarperCollins; Harper Audio",2025,"New York; [New York]","eAudiobook;Audiobook - CD;eBook;Book","Book::Arcade: SCIENCE FICTION Kuang, R. - Checked Out,Book::Central: SCIENCE FICTION Kuang, R. - Checked Out,Book::Colonial Heights: SCIENCE FICTION Kuang, R. - Checked Out"
https://catalog.saclibrary.org/GroupedWork/16a5cf53-6d4f-f7b8-9d70-ed0ff713f294-eng,Lamentation,"Scholes, Ken",9780765321275,,"Tor; Macmillan Audio; Tor Publishing Group",2009,"New York",eAudiobook;eBook;Book,"Book::Fair Oaks: SCIENCE FICTION Scholes, K. - Checked Out,Book::Sutter County Main Branch: SCIENCE FICTION Scholes, K. - On Shelf"
https://catalog.saclibrary.org/GroupedWork/6564ca17-e191-ad36-0687-19736c80d428-eng,"The age of witches","Morgan, Louisa, 1952-",9780316419512,,"Orbit; Hachette Audio; Redhook",2020,"New York, NY",eAudiobook;Book;eBook,"Book::Central: FICTION Morgan, L. - On Shelf,Book::South Natomas: FICTION Morgan, L. - On Shelf,Book::North Natomas: FICTION Morgan, L. - On Shelf"
https://catalog.saclibrary.org/GroupedWork/87897d71-ecad-cf21-5ec7-a1a521575191-eng,Soulstar,"Polk, C. L. (Chelsea L.)",9781250203571,,"Recorded Books, Inc.; Tordotcom; Tor Publishing Group",2021,"New York",eAudiobook;Book;eBook,"Book::Central: SCIENCE FICTION Polk, C. - On Shelf,Book::Belle Cooledge: SCIENCE FICTION Polk, C. - On Shelf,Book::South Natomas: SCIENCE FICTION Polk, C. - On Shelf"
https://catalog.saclibrary.org/GroupedWork/9167de55-bd21-ce1c-b784-1e488b72e71c-eng,"The Monster Baru Cormorant","Dickinson, Seth",9780765380746,,"Macmillan Audio; A Tom Doherty Associates Book; Tor Publishing Group",2018,"New York",eAudiobook;Book;eBook,"Book::Central: SCIENCE FICTION Dickinson, S. - On Shelf,Book::Franklin: SCIENCE FICTION Dickinson, S. - On Shelf,Book::South Natomas: SCIENCE FICTION Dickinson, S. - On Shelf"
https://catalog.saclibrary.org/GroupedWork/85dde04e-6e82-fbf5-1fcb-cb6e6a8a252b-eng,"A bloom in winter","Ward, J. R., 1969-",9781982180287,,"Simon & Schuster Audio; Gallery Books",2024,"New York",eAudiobook;eBook;Book,"Book::Central: FICTION Ward, J. - On Shelf,Book::Belle Cooledge: FICTION Ward, J. - On Shelf,Book::Elk Grove: FICTION Ward, J. - On Shelf"
https://catalog.saclibrary.org/GroupedWork/8fc811e9-d6c6-a28c-3514-9642ae894535-eng,"Flame of Sevenwaters","Marillier, Juliet",9780451464804,,"Roc; Penguin Publishing Group",2012,"New York",eBook;Book,"Book::Central: SCIENCE FICTION Marillier, J. - On Shelf"
https://catalog.saclibrary.org/GroupedWork/4679ea83-b043-7f2c-60fd-e3abce1c0580-eng,"One good knight","Lackey, Mercedes",9780373803323,,"MIRA Books; Luna Books; LUNA","2006 - 2021","New York, NY",eBook;Book,
https://catalog.saclibrary.org/GroupedWork/03f488e8-f67f-a597-5f54-dddde2b35653-eng,"The scrolls of the ancients","Newcomb, Robert, 1951-",9780345448965,,"Del Rey/Ballantine Books; Random House Worlds",2004,"New York",eBook;Book,
https://catalog.saclibrary.org/GroupedWork/384e4a6a-f804-4017-dbae-3a709196ea4f-eng,"The wicked and the damned","Robinson, Rebecca, 1995-",9781668052532,,"Saga Press; S&S/Saga Press; Simon & Schuster Audio",2026,"New York",eAudiobook;eBook;Book,"Book::Central New Books - 4th Floor: SCIENCE FICTION Robinson, R. - On Shelf,Book::Franklin: SCIENCE FICTION Robinson, R. - On Shelf,Book::Galt: SCIENCE FICTION Robinson, R. - On Shelf"
https://catalog.saclibrary.org/GroupedWork/fc3e6e7b-100e-c35f-0e79-74b8279cb469-eng,"The insides: a novel","Bushnell, Jeremy P",9781612195469,,"Highbridge Company; Melville House",2016,Brooklyn,eBook;Book;eAudiobook,"Book::Central: FICTION Bushnell, J. - On Shelf"
https://catalog.saclibrary.org/GroupedWork/87110e57-a77b-948a-0cdd-c9f173f6f23e-eng,Kingfisher,"McKillip, Patricia A",9780425271766,,"Ace Books; Penguin Publishing Group",2016,"New York",eBook;Book,"Book::Carmichael: SCIENCE FICTION McKillip, P. - On Shelf,Book::South Natomas: SCIENCE FICTION McKillip, P. - On Shelf,Book::North Natomas: SCIENCE FICTION McKillip, P. - On Shelf"
https://catalog.saclibrary.org/GroupedWork/1b736071-0976-ef6c-6d3c-bad70135f485-eng,"The Hob's bargain","Briggs, Patricia",9780441008131,,"Ace Books; Books on Tape; Penguin Publishing Group","2001 - 2011","New York",eAudiobook;Book;eBook,"Book::North Sacramento-Hagginwood: SCIENCE FICTION Briggs, P. - On Shelf"
https://catalog.saclibrary.org/GroupedWork/4fc4e619-9dcb-8768-b09f-ba16410e8e5a-eng,Reticence,"Carriger, Gail",9780316433914,,"Orbit; Hachette Audio",2019,"New York, NY",eAudiobook;Book;eBook,"Book::Central: FICTION Carriger, G. - On Shelf,Book::South Natomas: FICTION Carriger, G. - On Shelf,Book::Pocket-Greenhaven: FICTION Carriger, G. - On Shelf"
https://catalog.saclibrary.org/GroupedWork/eccb34f0-e795-07b8-4e3a-523b0487afb4-eng,"Shadow's edge","Weeks, Brent",9780316033657,,"Tantor Media, Inc.; Orbit","2008 - 2009","New York",eAudiobook;Book;eBook,"Book::Fair Oaks: SCIENCE FICTION Weeks, B. - On Shelf,Book::South Natomas: SCIENCE FICTION Weeks, B. - On Shelf,Book::North Natomas: SCIENCE FICTION Weeks, B. - On Shelf"
https://catalog.saclibrary.org/GroupedWork/d16734c9-3da9-34d7-79c4-0555fd292047-eng,"Bard's oath","Bertin, Joanne",9780312873707,,"Tor; Tor Publishing Group",2012,"New York",eBook;Book,"Book::Valley Hi-North Laguna: SCIENCE FICTION Bertin, J. - On Shelf"
https://catalog.saclibrary.org/GroupedWork/e30b98ef-589b-0f7d-e434-39e24bf2a60b-eng,"Atonement sky","Singh, Nalini, 1977-",9780593819524,,"Tantor Media, Inc; Berkley; Penguin Publishing Group",2025,"New York",eAudiobook;Book;eBook,"Book::Central: FICTION Singh, N. - On Shelf,Book::Colonial Heights: FICTION Singh, N. - On Shelf,Book::McKinley: FICTION Singh, N. - In Transit"
https://catalog.saclibrary.org/GroupedWork/f8f4b410-85f8-831e-0486-0f21a270ae8a-eng,"Mort: a novel of Discworld","Pratchett, Terry",9780062225719,,"HarperCollins; Harper","2009 - 2013","New York, NY",eBook;Book,"Book::Galt: SCIENCE FICTION Pratchett, T. - On Shelf,Book::Woodland Public Library: FICTION Pratchett - On Shelf"
https://catalog.saclibrary.org/GroupedWork/84b8772f-02f1-6871-412b-5362225b6fd1-eng,"Blood bound","Briggs, Patricia",9780441014736,,"Berkley Publishing; Books on Tape; Penguin Publishing Group; GraphicAudio","2007 - 2024","New York",eAudiobook;Book;eBook,"Book::Belle Cooledge: SCIENCE FICTION Briggs, P. - On Shelf,Book::McClatchy: SCIENCE FICTION Briggs, P. - On Shelf"
https://catalog.saclibrary.org/GroupedWork/71d46161-1c1c-aaab-e183-596034af96f9-eng,"Queen of the night sky: a novel","Howard, Amalie",9780063355897,,"HarperCollins; Avon",2026,"New York",eAudiobook;Book;eBook,"Book::Central New Books - 4th Floor: SCIENCE FICTION Howard, A. - Checked Out,Book::Franklin: SCIENCE FICTION Howard, A. - On Shelf,Book::McKinley: SCIENCE FICTION Howard, A. - On Shelf"
https://catalog.saclibrary.org/GroupedWork/d10ed180-0e67-cb6d-f388-2da85a6b516d-eng,"Anima rising: a novel","Moore, Christopher, 1957-",9780062434159,,"William Morrow; HarperCollins",2025,"New York",eAudiobook;eBook;Book,"Book::Central: FICTION Moore, C. - On Shelf,Book::Franklin: FICTION Moore, C. - On Shelf,Book::McKinley: FICTION Moore, C. - On Shelf"
https://catalog.saclibrary.org/GroupedWork/d590f053-8f71-418f-3f88-4b3cf60b0367-eng,"Winter of ice and iron","Neumeier, Rachel",9781481448970,,"Saga Press; S&S/Saga Press",2017,"New York",eBook;Book,"Book::Central: SCIENCE FICTION Neumeier, R. - On Shelf,Book::Fair Oaks: SCIENCE FICTION Neumeier, R. - On Shelf,Book::North Natomas: SCIENCE FICTION Neumeier, R. - On Shelf"
https://catalog.saclibrary.org/GroupedWork/33ceb336-3cc4-0a28-11c6-c3409decf6be-eng,"Queen of myth and monsters","St. Clair, Scarlett",9781728259642,,"Bloom Books; Tantor Media, Inc; Sourcebooks","2022 - 2023","Naperville, Illinois",eAudiobook;eBook;Book,"Book::Central: FICTION St. Clair, S. - On Shelf,Book::North Natomas: FICTION St. Clair, S. - Checked Out,Book::Pocket-Greenhaven: FICTION St. Clair, S. - On Shelf"
https://catalog.saclibrary.org/GroupedWork/8225c6ac-ba6d-14bf-e567-38990682bdcf-eng,"Fool's quest: Book II of the Fitz and the Fool Series","Hobb, Robin",9780553392920,,"Del Rey; Random House Worlds; Books on Tape",2015,"New York",eAudiobook;Book;eBook,"Book::Arcade: SCIENCE FICTION Hobb, R. - On Shelf,Book::Carmichael: SCIENCE FICTION Hobb, R. - On Shelf,Book::Central: SCIENCE FICTION Hobb, R. - On Shelf"
https://catalog.saclibrary.org/GroupedWork/cdb31a74-110c-89e5-a7ac-0cfd674191e3-eng,"Twilight's dawn: a black jewels book","Bishop, Anne",9780451463784,,"Recorded Books, Inc.; Roc; Penguin Publishing Group",2011,"New York",eAudiobook;Book;eBook,"Book::Franklin: SCIENCE FICTION Bishop, A. - On Shelf,Book::Rio Linda: SCIENCE FICTION Bishop, A. - On Shelf,Book::Sutter County Main Branch: SCIENCE FICTION Bishop, A. - On Shelf"
https://catalog.saclibrary.org/GroupedWork/556bdbdd-4cef-bccf-f936-491547ed78f5-eng,Ambergris,"VanderMeer, Jeff",9780374103170,,"MCD/Farrar, Straus and Giroux; Blackstone Publishing","2020 - 2021","New York",eAudiobook;Book,"Book::Carmichael: SCIENCE FICTION VanderMeer, J. - Checked Out,Book::Central: SCIENCE FICTION VanderMeer, J. - On Shelf,Book::South Natomas: SCIENCE FICTION VanderMeer, J. - On Shelf"
https://catalog.saclibrary.org/GroupedWork/f7e7583d-cce7-893f-e29a-68e522c53b06-eng,"The atlas paradox","Blake, Olivie",9781250882226,,"Tor; Macmillan Audio; Tor Publishing Group",2022,"New York",eAudiobook;Book;eBook,"Book::Central: SCIENCE FICTION Blake, O. - On Shelf,Book::South Natomas: SCIENCE FICTION Blake, O. - On Shelf,Book::North Natomas: SCIENCE FICTION Blake, O. - On Shelf"
https://catalog.saclibrary.org/GroupedWork/61a8aba7-013e-a754-398e-50734cbe4675-eng,"The faceless old woman who secretly lives in your home: a welcome to Night Vale novel","Fink, Joseph (Fiction writer)",9780062889003,,"HarperCollins; Harper Perennial; HarperAudio",2020,"New York",eAudiobook;eBook;Book,"Book::Arcade: FICTION Fink, J. - On Shelf,Book::Central: FICTION Fink, J. - On Shelf,Book::Belle Cooledge: FICTION Fink, J. - On Shelf"
https://catalog.saclibrary.org/GroupedWork/cb343153-1b4d-12c3-9d35-c36bd69ec692-eng,"The lost kingdom of Bamarre","Levine, Gail Carson",9780062074676,,"HarperCollins; Harper, an imprint of HarperCollinsPublishers; Harper Audio",2017,"New York, NY","eAudiobook;Audiobook - CD;eBook;Book","Book::Carmichael Children's Area: CHILDREN FICTION Levine, G. - On Shelf,Book::Sylvan Oaks Children's Area: CHILDREN FICTION Levine, G. - On Shelf,Book::Sacramento Public Library Storage: CHILDREN FICTION Levine, G. - On Shelf"
https://catalog.saclibrary.org/GroupedWork/924bba11-e1b8-cc7b-ae5e-d4deb8198c1c-eng,"How to defeat a demon king in ten easy steps","Rowe, Andrew (Fantasy fiction writer)",9781668209424,,"S&S/Saga Press; Saga Press, an imprint of Simon & Schuster",2025,"New York, NY",eBook;Book,"Book::Belle Cooledge: SCIENCE FICTION Rowe, A. - Checked Out,Book::North Natomas: SCIENCE FICTION Rowe, A. - On Hold Shelf,Book::Sylvan Oaks: SCIENCE FICTION Rowe, A. - Checked Out"
https://catalog.saclibrary.org/GroupedWork/962f1024-8852-47b0-7231-c5ca247fe4a6-eng,"The seventh champion","Mercedes, Sylvia",9780593952238,,"Ace; Penguin Publishing Group; Books on Tape",2025,"New York",eAudiobook;Book;eBook,"Book::Central: SCIENCE FICTION Mercedes, S. - On Shelf,Book::North Natomas: SCIENCE FICTION Mercedes, S. - Checked Out,Book::Southgate: SCIENCE FICTION Mercedes, S. - On Shelf"
https://catalog.saclibrary.org/GroupedWork/6e9c059f-1cbb-b2cf-fb54-d1a84426ed8a-eng,"Fool's errand","Hobb, Robin",9780553582444,,"Bantam Books; Random House Worlds; Brilliance Audio, Inc","2002 - 2014","New York; Grand Haven, MI","Audiobook - CD;eBook;Book","Book::Central: SCIENCE FICTION Hobb, R. - On Shelf,Book::Colonial Heights: SCIENCE FICTION Hobb, R. - On Shelf,Book::Courtland: SCIENCE FICTION Hobb, R. - On Shelf"
https://catalog.saclibrary.org/GroupedWork/a666a7be-0c75-aaea-6940-ad21430f2274-eng,"Wolf rain","Singh, Nalini, 1977-",9781984803597,,"Tantor Media, Inc; Berkley; Penguin Publishing Group",2019,"New York",eAudiobook;Book;eBook,"Book::Arcade: FICTION Singh, N. - On Shelf,Book::Central: FICTION Singh, N. - On Shelf,Book::Belle Cooledge: FICTION Singh, N. - On Shelf"
https://catalog.saclibrary.org/GroupedWork/7dfa50a1-8904-2ba9-e0bf-b422c5b00cb9-eng,"The grace of kings","Liu, Ken, 1976-",9781481424288,,"Saga Press; S&S/Saga Press; Simon & Schuster Audio",2015,"New York",eAudiobook;Book;eBook,"Book::Central: SCIENCE FICTION Liu, K. - On Shelf,Book::Belle Cooledge: SCIENCE FICTION Liu, K. - Checked Out"
https://catalog.saclibrary.org/GroupedWork/b4d36aa2-62a0-50ee-9be3-024b1dec96a9-eng,"The Stiehl assassin","Brooks, Terry",9780553391541,,"Del Rey; Books on Tape",2019,"New York",eAudiobook;Book,"Book::Arcade: SCIENCE FICTION Brooks, T. - On Shelf,Book::Carmichael: SCIENCE FICTION Brooks, T. - On Shelf,Book::Del Paso Heights: SCIENCE FICTION Brooks, T. - On Shelf"
https://catalog.saclibrary.org/GroupedWork/ff486eaf-07c7-15e1-ddf0-d67fc3d04e4a-eng,"Portrait of a wide seas islander","Goddard, Victoria",9781988908502,,"Victoria Goddard; Underhill Books",2022,"Grandview, PEI",eBook;Book,"Book::Fair Oaks: SCIENCE FICTION Goddard, V. - On Shelf,Book::Rio Linda: SCIENCE FICTION Goddard, V. - On Shelf,Book::Southgate: SCIENCE FICTION Goddard, V. - On Shelf"
https://catalog.saclibrary.org/GroupedWork/e73c83d6-ca38-5df2-39e2-b9451ff45e5f-eng,"The wolf of Oren-yaro","Villoso, K. S., 1986-",9780316532662,,"Orbit; Hachette Audio","2019 - 2020","New York, NY",eAudiobook;Book;eBook,"Book::Arcade: SCIENCE FICTION Villoso, K. - On Shelf,Book::Southgate: SCIENCE FICTION Villoso, K. - On Shelf"
https://catalog.saclibrary.org/GroupedWork/64c2a34a-776b-b5af-12ab-ba651eeff2e6-eng,"The gate thief","Card, Orson Scott",9780765365392,,"Tor; Blackstone Publishing; Tor Publishing Group",2013,"New York",eAudiobook;Book;eBook,"Book::Arcade: SCIENCE FICTION Card, O. - On Shelf,Book::Carmichael: SCIENCE FICTION Card, O. - On Shelf,Book::Fair Oaks: SCIENCE FICTION Card, O. - On Shelf"
https://catalog.saclibrary.org/GroupedWork/de4a3e5d-6de6-15db-86e2-da32ce6bbaf8-eng,"The coven","Woods, Harper L",9781250358936,,"Dreamscape Media; Bramble, Tor Publishing Group; Tor Publishing Group","2023 - 2024","New York",eAudiobook;Book;eBook,"Book::Central: FICTION Woods, H. - On Shelf,Book::Fair Oaks: FICTION Woods, H. - On Shelf,Book::Southgate: FICTION Woods, H. - On Shelf"
https://catalog.saclibrary.org/GroupedWork/5b0ef144-daa4-fb18-b104-e064e6400d08-eng,"The mask of mirrors","Carrick, M. A",9780316539678,,"Orbit; Hachette Audio",2021,"New York, NY",eAudiobook;Book;eBook,"Book::Arcade: SCIENCE FICTION Carrick, M. - On Shelf,Book::Central: SCIENCE FICTION Carrick, M. - On Shelf,Book::Valley Hi-North Laguna: SCIENCE FICTION Carrick, M. - Checked Out"
https://catalog.saclibrary.org/GroupedWork/5722aefb-9b1a-8912-e28d-fba49754ace8-eng,"Ill met by moonlight","Hoyt, Sarah A",9780441008605,,"Ace Books",2001,"New York",Book,"Book::Central: SCIENCE FICTION Hoyt - On Shelf"
https://catalog.saclibrary.org/GroupedWork/2e4e182b-d86e-4420-0f53-5ecda358d3fd-eng,"The suicide motor club","Buehlman, Christopher",9781101988732,,"Tantor Media, Inc.; Penguin Publishing Group; Berkley Books",2016,"New York",eAudiobook;Book;eBook,"Book::Central: FICTION Buehlman, C. - On Shelf,Book::Belle Cooledge: FICTION Buehlman, C. - Checked Out,Book::South Natomas: FICTION Buehlman, C. - On Shelf"
https://catalog.saclibrary.org/GroupedWork/e44b7c38-a26d-da15-3b18-b76b031c9c70-eng,"House of shadows","Linde, K. A",9781464253553,,"Tantor Media, Inc.; Bloom Books; Tantor Media, Inc; K.A. Linde Inc.; Sourcebooks","2021 - 2026","Naperville, IL",eAudiobook;Book;eBook,"Book::Central Teen Area - 3rd Floor: TEEN FICTION Linde, K. - On Shelf,Book::Elk Grove Teen Area: TEEN FICTION Linde, K. - Checked Out,Book::Southgate Teen Area: TEEN FICTION Linde, K. - On Shelf"
https://catalog.saclibrary.org/GroupedWork/85655d5a-1920-3511-bdb1-0604ab9a9974-eng,"Gold throne in shadow","Planck, M. C",9781633880962,,"Start Publishing Llc; Pyr; Pyr, an imprint of Prometheus Books",2015,"Amherst, NY",eBook;Book,"Book::South Natomas: SCIENCE FICTION Planck, M. - On Shelf"
https://catalog.saclibrary.org/GroupedWork/6b0b70b1-b392-87a1-146d-001cb5bfdf4a-eng,"Hard-boiled wonderland and the end of the world: a novel","Murakami, Haruki, 1949-",9780679743460,,"Knopf Doubleday Publishing Group; Naxos AudioBooks; Vintage Books; Books on Tape","1993 - 2018","New York",eAudiobook;Book;eBook,"Book::Fair Oaks: FICTION Murakami, H. - On Shelf,Book::South Natomas: FICTION Murakami, H. - On Shelf"
https://catalog.saclibrary.org/GroupedWork/92a602a5-9177-1538-b6ff-43a2090167a6-eng,"The firebird","Kearsley, Susanna, 1966-",9781402276637,,"Sourcebooks Inc; Sourcebooks; Sourcebooks Landmark, an imprint of Sourcebooks, Inc",2013,"Naperville, Illinois",eBook;Book,"Book::Carmichael: FICTION Kearsley, S. - On Shelf,Book::Colonial Heights: FICTION Kearsley, S. - On Shelf,Book::Belle Cooledge: FICTION Kearsley, S. - On Shelf"
https://catalog.saclibrary.org/GroupedWork/e023ede8-92cd-eec4-5f6a-01b0941ce61f-eng,Nevernight,"Kristoff, Jay",9781250132130,,"St. Martin's Publishing Group; Thomas Dunne Books; Macmillan Audio",2016,"New York",eAudiobook;Book;eBook,"Book::Carmichael: SCIENCE FICTION Kristoff, J. - On Shelf,Book::Central: SCIENCE FICTION Kristoff, J. - On Hold Shelf,Book::South Natomas: SCIENCE FICTION Kristoff, J. - On Shelf"
https://catalog.saclibrary.org/GroupedWork/7822aa54-8ee6-8ba1-2cae-0583d69ae3c4-eng,"Fragile things: short fictions and wonders","Gaiman, Neil",9780061252020,,"William Morrow; Blackstone Audio, Inc.; HarperCollins","2006 - 2009","New York",eAudiobook;Book;eBook,"Book::Carmichael: SCIENCE FICTION Gaiman, N. - On Shelf,Book::Franklin: SCIENCE FICTION Gaiman, N. - On Shelf,Book::Rio Linda: SCIENCE FICTION Gaiman, N. - On Shelf"
https://catalog.saclibrary.org/GroupedWork/6b95d24b-0664-0247-51b2-02e6d5a2cb3a-eng,"The spear cuts through water","Jimenez, Simon, 1989-",9780593156599,,"Del Rey; Random House Worlds; Books on Tape",2022,"New York",eAudiobook;Book;eBook,"Book::Central: SCIENCE FICTION Jimenez, S. - On Shelf,Book::Rancho Cordova: SCIENCE FICTION Jimenez, S. - Checked Out,Book::Sylvan Oaks: SCIENCE FICTION Jimenez, S. - Checked Out"
https://catalog.saclibrary.org/GroupedWork/15001ba2-6129-6bd0-1f74-e4b760161ada-eng,"The wind that sweeps the stars","Keyes, J. Gregory, 1963-",9781789095500,,"Titan Books, a division of Titan Publishing Group Ltd",2024,London,Book,"Book::Central: SCIENCE FICTION Keyes, J. - On Shelf,Book::Del Paso Heights: SCIENCE FICTION Keyes, J. - On Shelf,Book::Rio Linda: SCIENCE FICTION Keyes, J. - On Shelf"
https://catalog.saclibrary.org/GroupedWork/281bf4a2-329e-9da0-a233-cffb9260cc47-eng,"Yumi and the nightmare painter","Sanderson, Brandon",9781250899699,,"Dragonsteel, LLC; Dragonsteel Entertainment, LLC; Tor, Tor Publishing Group; GraphicAudio","2023 - 2025","New York",eAudiobook;eBook;Book,"Book::Carmichael: SCIENCE FICTION Sanderson, B. - On Shelf,Book::Galt: SCIENCE FICTION Sanderson, B. - On Shelf,Book::McKinley: SCIENCE FICTION Sanderson, B. - In Transit"
https://catalog.saclibrary.org/GroupedWork/998aff69-0345-724a-5484-57545047e4c9-eng,"The monster of Elendhaven","Giesbrecht, Jennifer",9781250225689,,"Macmillan Audio; A Tom Doherty Associates Book; Tor Publishing Group",2019,"New York",eAudiobook;Book;eBook,"Book::Central: SCIENCE FICTION Giesbrecht, J. - Checked Out,Book::Pocket-Greenhaven: SCIENCE FICTION Giesbrecht, J. - On Shelf"
https://catalog.saclibrary.org/GroupedWork/124252f6-af35-fa21-5642-0d3ca631da59-eng,"Burn bright: an Alpha and Omega novel","Briggs, Patricia",9780425281314,,"Ace; Penguin Publishing Group; Books on Tape",2018,"New York",eAudiobook;eBook;Book,"Book::Central: SCIENCE FICTION Briggs, P. - On Shelf,Book::Galt: SCIENCE FICTION Briggs, P. - On Shelf,Book::McClatchy: SCIENCE FICTION Briggs, P. - On Shelf"
https://catalog.saclibrary.org/GroupedWork/f73a6822-f8fe-377c-f646-c21ac89997a8-eng,"Fortress of eagles","Cherryh, C. J",9780061052613,,"HarperPrism; HarperCollins","1998 - 2009","New York",eBook;Book,
https://catalog.saclibrary.org/GroupedWork/5244e419-1711-a371-a3c2-6f626eebbe6d-eng,"Realm of ash","Suri, Tasha",9780316449755,,"Orbit; Hachette Audio",2019,"New York, NY",eAudiobook;eBook;Book,"Book::Central: FICTION Suri, T. - On Shelf,Book::South Natomas: FICTION Suri, T. - On Shelf,Book::Sacramento Public Library Storage: FICTION Suri, T. - On Shelf"
https://catalog.saclibrary.org/GroupedWork/a1ded9c2-d2b4-2878-dd39-8c9fa5de47c1-eng,"The exiled queen","Chima, Cinda Williams",9781423118244,,"Recorded Books, Inc.; Hyperion; Little, Brown Books for Young Readers","2010 - 2011","New York",eAudiobook;eBook;Book,
https://catalog.saclibrary.org/GroupedWork/c66595ed-f6be-9c20-8675-4f8855f7b783-eng,"Magic's promise","Lackey, Mercedes",9780886774011,,"Astra Publishing House; DAW Books",1990,"New York",eBook;Book,"Book::Central: SCIENCE FICTION Lackey, M. - On Shelf,Book::Sylvan Oaks: SCIENCE FICTION Lackey, M. - On Shelf,Book::Valley Hi-North Laguna: SCIENCE FICTION Lackey, M. - On Shelf"
https://catalog.saclibrary.org/GroupedWork/a4a40351-4b8a-a1f9-3665-35b1dc4e0a84-eng,"War storm","Aveyard, Victoria",9780062422996,,"HarperCollins; Harper Teen, an imprint of HarperCollinsPublishers",2018,"New York, NY",eAudiobook;eBook;Book,"Book::Elk Grove Teen Area: TEEN FICTION Aveyard, V. - On Hold Shelf,Book::Colusa Main Branch Teen Collection: YA Fic - In Transit,Book::Folsom Teen Room: TEEN FICTION Aveyard, V. - In Transit"
https://catalog.saclibrary.org/GroupedWork/83861d94-b2eb-cf77-94db-fad1f1dcee3f-eng,"A fate of wrath & flame","Tucker, K. A",9781990105159,,"K.A. Tucker Books Ltd.; Tantor Media, Inc; [self-published]",2021,"[United States?]",eAudiobook;Book;eBook,"Book::Galt: SCIENCE FICTION Tucker, K. - Checked Out,Book::Rancho Cordova: SCIENCE FICTION Tucker, K. - On Shelf"
https://catalog.saclibrary.org/GroupedWork/d327cea2-bf19-38a4-c43c-27151689ce55-eng,"The mask falling","Shannon, Samantha, 1991-",9781635570328,,"Bloomsbury Publishing",2021,"New York",eAudiobook;eBook;Book,"Book::Arcade: SCIENCE FICTION Shannon, S. - Checked Out,Book::Carmichael: SCIENCE FICTION Shannon, S. - On Shelf,Book::Central: SCIENCE FICTION Shannon, S. - On Shelf"
https://catalog.saclibrary.org/GroupedWork/3f8494de-7f5b-d736-5a29-6060ed38b531-eng,"Audition for the fox","Cahill, Martin",9781616964443,,"Recorded Books, Inc.; Tachyon Publications","2023 - 2025","San Francisco",eAudiobook;Book;eBook,"Book::Central: SCIENCE FICTION Cahill, M. - On Shelf,Book::McClatchy: SCIENCE FICTION Cahill, M. - On Shelf,Book::McKinley: SCIENCE FICTION Cahill, M. - Checked Out"
https://catalog.saclibrary.org/GroupedWork/af88232f-48fc-a53f-f98c-8a9e7a857ea8-eng,"The reluctant queen","Durst, Sarah Beth",9780062413352,,"Harper Voyager, an imprint of HarperCollins Publishers; HarperCollins; HarperAudio",2017,"New York, NY",eAudiobook;eBook;Book,"Book::Central: SCIENCE FICTION Durst, S. - On Shelf,Book::Rancho Cordova: SCIENCE FICTION Durst, S. - Checked Out"
https://catalog.saclibrary.org/GroupedWork/66adc553-e8de-df46-c367-1b10f0056db0-eng,"The utterly uninteresting and unadventurous tales of Fred, the vampire accountant","Hayes, Drew",9780989649995,,"Tantor Media, Inc; REUTS Publications; REUTS Publications, LLC","2014 - 2015","United States",eAudiobook;Book;eBook,"Book::Rancho Cordova: SCIENCE FICTION Hayes, D. - Checked Out"
https://catalog.saclibrary.org/GroupedWork/1a38dba2-6f01-8676-aead-80d565f52498-eng,"Beyond the shadows","Weeks, Brent",9780316033664,,"Tantor Media, Inc.; Orbit","2008 - 2009","New York",eAudiobook;Book;eBook,"Book::South Natomas: SCIENCE FICTION Weeks, B. - On Shelf,Book::Folsom Adult: SCIENCE FICTION Weeks, B. - On Shelf"
https://catalog.saclibrary.org/GroupedWork/39bf4c33-aa6b-559b-69bc-4deea0da6341-eng,Inkmistress,"Coulthurst, Audrey",9780062433282,,"Balzer + Bray, an imprint of HarperCollinsPublishers; HarperCollins",2018,"New York",eAudiobook;eBook;Book,
https://catalog.saclibrary.org/GroupedWork/6a837e6c-c93d-e462-b2fb-b519f00fac37-eng,"The redemption of Althalus","Eddings, David",9780345440778,,"Del Rey; Random House Worlds",2001,"New York",eBook;Book,
https://catalog.saclibrary.org/GroupedWork/ffe5cc2c-7818-fdfd-fe08-9d841b45408b-eng,"Wheel of the infinite","Wells, Martha",9781250861375,,"Tantor Media, Inc.; Tantor Media, Inc; Tor, Tor Publishing Group; Martha Wells","2011 - 2024","New York; [s.l.]",eAudiobook;Book;eBook,"Book::Central: SCIENCE FICTION Wells, M. - On Shelf,Book::Colonial Heights: SCIENCE FICTION Wells, M. - On Shelf,Book::Fair Oaks: SCIENCE FICTION Wells, M. - On Shelf"
https://catalog.saclibrary.org/GroupedWork/f4a677c6-202e-4de7-7b58-1d17b4e8245f-eng,"Silence and shadow","Beaty, Erin",9781250755841,,"Macmillan Audio; Farrar Straus Giroux",2023,"New York",eAudiobook;Book,"Book::Central Teen Area - 3rd Floor: TEEN FICTION Beaty, E. - On Shelf,Book::McKinley Children's Area: TEEN FICTION Beaty, E. - On Shelf,Book::Rio Linda Teen Area: TEEN FICTION Beaty, E. - On Shelf"
https://catalog.saclibrary.org/GroupedWork/aa1ecf66-18c3-99ec-802a-d3cdbc1e8e02-eng,"Ordinary monsters","Miro, J. M",9781250833662,,"Macmillan Audio; Flatiron Books",2022,"New York",eAudiobook;Book;eBook,"Book::Arcade: SCIENCE FICTION Miro, J. - On Shelf,Book::Carmichael: SCIENCE FICTION Miro, J. - On Shelf,Book::Central: SCIENCE FICTION Miro, J. - On Shelf"
https://catalog.saclibrary.org/GroupedWork/5f19e7c9-44b3-be7e-3ee0-536cc2e9b427-eng,"The dragon reborn","Jordan, Robert, 1948-2007",9780765334350,,"Tor; Macmillan Audio; Books on Tape; Tor Publishing Group","2002 - 2023","New York",eAudiobook;Book;eBook,"Book::Arcade: SCIENCE FICTION Jordan, R. - Checked Out,Book::Carmichael: SCIENCE FICTION Jordan, R. - Checked Out,Book::Central: SCIENCE FICTION Jordan, R. - On Shelf"
https://catalog.saclibrary.org/GroupedWork/d14460c9-0cf0-8698-475e-63782717c54b-eng,Magician,"Oliver, Tracy Lynne",9780802167187,,"Simon & Schuster Audio; Roxane Gay Books; Grove Atlantic",2026,"New York",eAudiobook;Book;eBook,"Book::Central New Books - 4th Floor: FICTION Oliver, T. - On Shelf,Book::Elk Grove: FICTION Oliver, T. - On Shelf,Book::Galt: FICTION Oliver, T. - Checked Out"
https://catalog.saclibrary.org/GroupedWork/003f639b-4719-79c2-56a3-446de1bdba9a-eng,"The Scarlet Throne","Leow, Amy",9780316562485,,"Orbit; Hachette Audio",2024,"New York",eAudiobook;Book;eBook,"Book::Carmichael: SCIENCE FICTION Leow, A. - Checked Out,Book::Central: SCIENCE FICTION Leow, A. - On Shelf,Book::South Natomas: SCIENCE FICTION Leow, A. - On Shelf"
https://catalog.saclibrary.org/GroupedWork/9aadcc9c-ed40-3699-84c9-159055ed4bcf-eng,"Tower of thorns","Marillier, Juliet",9780451467010,,"ROC; Penguin Publishing Group",2015,"New York, New York",eBook;Book,"Book::Central: SCIENCE FICTION Marillier, J. - On Shelf,Book::Rio Linda: SCIENCE FICTION Marillier, J. - On Shelf"
https://catalog.saclibrary.org/GroupedWork/fdcf1bff-b44c-e04d-d912-1c15626a15db-eng,"Od magic","McKillip, Patricia A",9780441012480,,"Ace Books; Blackstone Publishing","2005 - 2009","New York",eAudiobook;Book,
https://catalog.saclibrary.org/GroupedWork/85f43b17-c98e-3ca2-3aaa-07f5ae23beac-eng,"Legends II: new short novels by the masters of modern fantasy",,9780345456441,,"Del Rey",2004,"New York",Book,
https://catalog.saclibrary.org/GroupedWork/0be37e08-6580-7564-a72b-fc0fbd20974c-eng,"The innkeeper's song: a novel","Beagle, Peter S",9780451454140,,"S&S/Saga Press; Simon & Schuster Audio; Roc","1993 - 2025","New York",eAudiobook;Book;eBook,
https://catalog.saclibrary.org/GroupedWork/18bfb94d-91d6-7d84-a619-8f70c0e7a97c-eng,"Angel mage","Nix, Garth",9780062683229,,"HarperCollins; Katherine Tegen Books, an imprint of HarperCollins Publishers; Books on Tape",2019,"New York, NY",eAudiobook;eBook;Book,"Book::Central Teen Area - 3rd Floor: TEEN FICTION Nix, G. - On Shelf,Book::Colusa Main Branch Teen Collection: YA Fic - On Shelf,Book::Sacramento Public Library Storage: TEEN FICTION Nix, G. - On Shelf"
https://catalog.saclibrary.org/GroupedWork/9f5fff7f-3b49-9c1c-e09d-0b3a36457b42-eng,"The enchanted greenhouse","Durst, Sarah Beth",9781250333988,,"Bramble, Tor Publishing Group; Macmillan Audio; Tor Publishing Group",2025,"New York",eAudiobook;eBook;Book,"Book::Arcade: FICTION Durst, S. - On Shelf,Book::Carmichael: FICTION Durst, S. - On Shelf,Book::Central: FICTION Durst, S. - OFF CAMPUS"
https://catalog.saclibrary.org/GroupedWork/8b18a332-f346-c09c-54ce-2f9297bd2429-eng,"Chance of a lifetime","Deveraux, Jude",9780778310112,,"MIRA Books; Harlequin Audio; HarlequinAudio; Mira",2020,"Toronto, Ontario, Canada",eAudiobook;eBook;Book,"Book::Arcade: FICTION Deveraux, J. - On Shelf,Book::Central: FICTION Deveraux, J. - On Shelf,Book::Elk Grove: FICTION Deveraux, J. - On Shelf"
https://catalog.saclibrary.org/GroupedWork/07be740c-b98e-7c8c-652a-00ed30d1bda6-eng,"Thief of time: a novel of Discworld","Pratchett, Terry",9780062307392,,"HarperCollins; Phoenix Books, Inc.","2001 - 2009","New York",eBook;Book;eAudiobook,"Book::Carmichael: SCIENCE FICTION Pratchett, T. - Checked Out,Book::Central: SCIENCE FICTION Pratchett, T. - On Shelf,Book::South Natomas: SCIENCE FICTION Pratchett, T. - On Shelf"
https://catalog.saclibrary.org/GroupedWork/ea748e20-6be0-98a2-fe8e-d6057ab03967-eng,"Ember eternal","Neill, Chloe",9780593817964,,"Ace; Penguin Publishing Group; Books on Tape",2025,"New York",eAudiobook;Book;eBook,"Book::Carmichael: SCIENCE FICTION Neill, C. - On Shelf,Book::Central New Books - 4th Floor: SCIENCE FICTION Neill, C. - On Shelf,Book::Fair Oaks: SCIENCE FICTION Neill, C. - On Shelf"
https://catalog.saclibrary.org/GroupedWork/c39ab677-9301-3676-8acb-39b5b420f924-eng,"The thousand deaths of Ardor Benn","Whitesides, Tyler",9780316520256,,Orbit,2018,"New York, NY",eBook;Book,"Book::Elk Grove: SCIENCE FICTION Whitesides, T. - On Shelf"
https://catalog.saclibrary.org/GroupedWork/f7b42dde-7139-b9de-c780-d7100697d9a1-eng,"Flesh and spirit","Berg, Carol",9780451460882,,"Roc; Open Road Media; Penguin Publishing Group","2007 - 2024","New York",eBook;Book,
https://catalog.saclibrary.org/GroupedWork/eb3b5615-33b4-7e13-43b1-88fe4bab3332-eng,"The Queen of crows","Cole, Myke",9780765395979,,"Recorded Books, Inc.; Tor; Tor Publishing Group",2018,"New York, N.Y",eBook;Book;eAudiobook,"Book::Central: SCIENCE FICTION Cole, M. - On Shelf,Book::Rancho Cordova: SCIENCE FICTION Cole, M. - On Shelf"
https://catalog.saclibrary.org/GroupedWork/6325c6a1-c157-1918-8efb-22e681460c3b-eng,"A dance with the fae prince: a standalone fantasy romance","Kova, Elise",9798217093335,,,2026,,Book,"Book::Central New Books - 4th Floor: ON ORDER - On Order,Book::Sacramento Public Library: ON ORDER - On Order"
https://catalog.saclibrary.org/GroupedWork/65333f2a-9514-34bd-08e6-517e1b0f7831-eng,Tathea,"Perry, Anne",9781573455367,,"Shadow Mountain; Open Road Media","1999 - 2013","Salt Lake City, Utah",eBook;Book,"Book::Central: SCIENCE FICTION Perry, A. - On Shelf,Book::Woodland Public Library: FICTION Perry - On Shelf"
https://catalog.saclibrary.org/GroupedWork/fe027b06-1231-5692-b7a2-280feee57eea-eng,"The empire of ashes","Ryan, Anthony",9781101987933,,"Ace; Books on Tape; Penguin Publishing Group",2018,"New York",eAudiobook;Book;eBook,"Book::Central: SCIENCE FICTION Ryan, A. - On Shelf,Book::Galt: SCIENCE FICTION Ryan, A. - On Shelf,Book::Valley Hi-North Laguna: SCIENCE FICTION Ryan, A. - On Shelf"
https://catalog.saclibrary.org/GroupedWork/0f8ee5ad-2fd2-71d9-3e9f-dec30849153a-eng,"The daughters' war","Buehlman, Christopher",9781250887672,,"Tor, Tor Publishing Group; Macmillan Audio; Tor Publishing Group",2024,"New York",eAudiobook;Book;eBook,"Book::Central: SCIENCE FICTION Buehlman, C. - Checked Out,Book::Elk Grove: SCIENCE FICTION Buehlman, C. - Checked Out,Book::North Natomas: SCIENCE FICTION Buehlman, C. - Checked Out"
https://catalog.saclibrary.org/GroupedWork/04afab3a-42d0-3d2f-258a-593628d19a60-eng,"Over the woodward wall","Baker, A. Deborah",9780765399274,,"Tor.com; Macmillan Audio; Tor Publishing Group",2020,"New York",eAudiobook;Book;eBook,"Book::Carmichael: SCIENCE FICTION Baker, A. - On Shelf,Book::Central: SCIENCE FICTION Baker, A. - On Shelf,Book::Franklin: SCIENCE FICTION Baker, A. - On Shelf"
https://catalog.saclibrary.org/GroupedWork/fe8997b0-f864-48e9-a231-9570bac55ed6-eng,"Belle révolte","Miller, Linsey",9781492679226,,"Recorded Books, Inc.; Sourcebooks Inc; Sourcebooks; Sourcebooks Fire",2020,"Naperville, Illinois",eAudiobook;eBook;Book,
https://catalog.saclibrary.org/GroupedWork/0e28c588-c0bf-aee8-fc20-4dc4a6342758-eng,"Shade's children","Nix, Garth",9780060273255,,"HarperCollins; Blackstone Publishing","1997 - 2013","New York",eAudiobook;eBook;Book,
https://catalog.saclibrary.org/GroupedWork/1982f20f-c02b-6361-2882-6247a8fbae9a-eng,"The frugal wizard's handbook for surviving medieval England","Sanderson, Brandon",9781250899675,,"Dragonsteel, LLC; Dragonsteel Entertainment, LLC; GraphicAudio; Tor Publishing Group","2023 - 2024","New York",eAudiobook;eBook;Book,"Book::Carmichael: SCIENCE FICTION Sanderson, B. - Checked Out,Book::Central: SCIENCE FICTION Sanderson, B. - On Shelf,Book::Franklin: SCIENCE FICTION Sanderson, B. - On Shelf"
https://catalog.saclibrary.org/GroupedWork/08c6c522-0787-f9c5-e49d-c4672cb44ba3-eng,"The Devil and Mrs. Gooch: a novel","Darkshire, Oliver",9781324124467,,"W. W. Norton & Company; Dreamscape Media; W.W. Norton & Company",2026,"New York",eAudiobook;Book;eBook,"Book::Central New Books - 4th Floor: MYSTERY Darkshire, O. - On Shelf,Book::Fair Oaks: MYSTERY Darkshire, O. - On Shelf,Book::Franklin: MYSTERY Darkshire, O. - On Shelf"
https://catalog.saclibrary.org/GroupedWork/d9541007-db48-3bcb-3235-ae5d63921032-eng,"Frost burned","Briggs, Patricia",9780441020010,,"Ace Books; Dreamscape Media; Penguin Publishing Group; Books on Tape; GraphicAudio","2013 - 2025","New York",eAudiobook;Book;eBook,"Book::Central: SCIENCE FICTION Briggs, P. - Checked Out,Book::Sutter County Main Branch: SCIENCE FICTION Briggs, P. - On Shelf"
https://catalog.saclibrary.org/GroupedWork/3878858d-c33a-d302-6d54-5539d4570f18-eng,Nemesis,"Banks, Anna, 1962-",9781250070173,,"Feiwel and Friends; Feiwel & Friends",2016,"New York",eBook;Book,"Book::Arcade Teen Area: TEEN FICTION Banks, A. - On Shelf"
https://catalog.saclibrary.org/GroupedWork/b3590c8a-8f6b-65ed-b08c-deda32d85965-eng,"Wolfhound century","Higgins, Peter, 1961-",9780316219679,,"Orbit; Hachette Audio",2013,"New York",eBook;Book;eAudiobook,"Book::Central: SCIENCE FICTION Higgins, P. - On Shelf"
https://catalog.saclibrary.org/GroupedWork/384b8994-3eec-a142-a704-867d44e63792-eng,"Blood of the four","Golden, Christopher",9780062641380,,"HarperAudio; Harper Voyager, an imprint of HarperCollinsPublishers; HarperCollins",2018,"New York",eAudiobook;eBook;Book,"Book::Central: SCIENCE FICTION Golden, C. - On Shelf,Book::South Natomas: SCIENCE FICTION Golden, C. - On Shelf"
https://catalog.saclibrary.org/GroupedWork/122175f4-cb0f-047b-a5ed-d1317843f843-eng,"Unquiet land","Shinn, Sharon",9780425277034,,"Ace Books; Penguin Publishing Group",2016,"New York, NY",eBook;Book,"Book::Central: SCIENCE FICTION Shinn, S. - On Shelf,Book::North Sacramento-Hagginwood: SCIENCE FICTION Shinn, S. - On Shelf,Book::Folsom Adult: SCIENCE FICTION Shinn, S. - On Shelf"
https://catalog.saclibrary.org/GroupedWork/c9004db3-47dd-8410-26a5-6e1f6da91a55-eng,"Ecko rising","Ware, Danie",9780857687623,,Titan,2013,London,eBook;Book,"Book::Carmichael: SCIENCE FICTION Ware, D. - On Shelf,Book::Central: SCIENCE FICTION Ware, D. - On Shelf,Book::North Natomas: SCIENCE FICTION Ware, D. - On Shelf"
https://catalog.saclibrary.org/GroupedWork/ee923b91-d7af-8890-3aee-94b3eb776624-eng,"Red city","Lu, Marie, 1984-",9781250885678,,"Macmillan Audio; Tor Publishing Group",2025,"New York",eAudiobook;eBook;Book,"Book::Arcade: SCIENCE FICTION Lu, M. - On Hold Shelf,Book::Central New Books - 4th Floor: SCIENCE FICTION Lu, M. - Checked Out,Book::Del Paso Heights: SCIENCE FICTION Lu, M. - Checked Out"
https://catalog.saclibrary.org/GroupedWork/4abefae4-72f4-cdc9-0c63-72f97245ba17-eng,"Our Lady of Mysterious Ailments","Huchu, T. L",9781250767790,,"Tor; Macmillan Audio",2022,"New York",eAudiobook;Book,"Book::Arcade: SCIENCE FICTION Huchu, T. - On Shelf,Book::Central: SCIENCE FICTION Huchu, T. - On Shelf,Book::Belle Cooledge: SCIENCE FICTION Huchu, T. - On Shelf"
https://catalog.saclibrary.org/GroupedWork/9b85092f-4403-562f-cc74-3eedf789b810-eng,Skyborn,"Dalglish, David",9780316302685,,"Orbit; Hachette Audio",2015,"New York",eAudiobook;Book;eBook,"Book::North Natomas: SCIENCE FICTION Dalglish, D. - OFF CAMPUS"
https://catalog.saclibrary.org/GroupedWork/54b5928a-2c0e-40e3-da02-b22dd41d7e0f-eng,"Beauty and the demon","Ascher, Aurora",9781496755896,,"Recorded Books, Inc.; Kensington Books",2026,"New York, NY",eAudiobook;Book;eBook,"Book::Carmichael: FICTION Ascher, A. - Checked Out,Book::Central New Books - 4th Floor: FICTION Ascher, A. - Checked Out,Book::Belle Cooledge: FICTION Ascher, A. - On Shelf"
https://catalog.saclibrary.org/GroupedWork/6f288b9c-119e-e2e0-df34-438f71c7b145-eng,"Blood of an exile","Naslund, Brian",9781250309648,,"Tor; Macmillan Audio; Tor Publishing Group",2019,"New York",eBook;Book;eAudiobook,"Book::Carmichael: SCIENCE FICTION Naslund, B. - On Shelf,Book::Central: SCIENCE FICTION Naslund, B. - On Shelf,Book::North Natomas: SCIENCE FICTION Naslund, B. - On Shelf"
https://catalog.saclibrary.org/GroupedWork/88e0eae2-f265-f847-833d-3e469cb9403b-eng,"Kings of the wyld","Eames, Nicholas",9780316362474,,"Orbit; Hachette Audio",2017,"New York",eAudiobook;eBook;Book,"Book::Central: FICTION Eames, N. - On Shelf,Book::Sylvan Oaks: FICTION Eames, N. - On Shelf"
https://catalog.saclibrary.org/GroupedWork/081171a6-1e71-b586-c8df-0d91e738b951-eng,"Daughter of the Bone Forest","Skye, Jasmine",9781250872456,,"Feiwel and Friends; Macmillan Audio; Feiwel & Friends",2024,"New York, NY",eAudiobook;eBook;Book,"Book::Central Teen Area - 3rd Floor: TEEN FICTION Skye, J. - On Shelf,Book::Franklin Teen: TEEN FICTION Skye, J. - On Shelf,Book::Orangevale: TEEN FICTION Skye, J. - On Shelf"
https://catalog.saclibrary.org/GroupedWork/79d605b5-a45a-fb65-9509-dc337d59eb70-eng,"Jagannath: stories","Tidbeck, Karin, 1977-",9780985790400,,"Highbridge Company; HighBridge; Cheeky Frawg Books","2012 - 2018","Tallahassee, Fla",eAudiobook;Book,"Book::Central: FICTION Tidbeck, K. - On Shelf"
https://catalog.saclibrary.org/GroupedWork/b4ed37e0-2cf3-37d5-2c2f-0c47acb2e216-eng,"The burning god","Kuang, R. F. (Rebecca F.)",9780062662620,,"Harper Voyager, an imprint of HarperCollinsPublishers; HarperCollins",2020,"New York, NY",eAudiobook;Book;eBook,"Book::Carmichael: SCIENCE FICTION Kuang, R. - On Shelf,Book::Central: SCIENCE FICTION Kuang, R. - On Shelf,Book::Colonial Heights: SCIENCE FICTION Kuang, R. - On Shelf"
https://catalog.saclibrary.org/GroupedWork/45401f01-03db-8e94-3b6a-d869ed3a5225-eng,"Death meets cute","Penner, J. (Jenetta)",9781464264405,,"Poisoned Pen Press; Sourcebooks; Books on Tape",2026,"Naperville, IL",eAudiobook;Book;eBook,"Book::Central New Books - 4th Floor: SCIENCE FICTION Penner, J. - On Shelf,Book::Belle Cooledge: SCIENCE FICTION Penner, J. - On Shelf,Book::Galt: SCIENCE FICTION Penner, J. - Checked Out"
https://catalog.saclibrary.org/GroupedWork/b52ebd75-ae48-dfb9-867a-69cfdf2a1cb1-eng,"The wren in the Holly Library","Linde, K. A",9781649374073,,"Recorded Books, Inc.; Entangled Publishing, LLC; Red Tower Books; Entangled Publishing",2024,"Shrewsbury, Pennsylvania; Shrewsbury, PA",eAudiobook;eBook;Book,"Book::Arcade: FICTION Linde, K. - On Shelf,Book::Carmichael: FICTION Linde, K. - On Shelf,Book::Central: FICTION Linde, K. - On Shelf"
https://catalog.saclibrary.org/GroupedWork/c0d06936-305c-040a-a535-e66f88eedda1-eng,"To best the boys","Weber, Mary (Mary Christine)",9780718080969,,"Recorded Books, Inc.; Thomas Nelson",2019,"Nashville, Tennessee",eBook;Book;eAudiobook,"Book::North Natomas: TEEN FICTION Weber, M. - On Shelf,Book::Valley Hi-North Laguna Teen Area: TEEN FICTION Weber, M. - On Shelf,Book::Sacramento Public Library Storage: TEEN FICTION Weber, M. - On Shelf"
https://catalog.saclibrary.org/GroupedWork/a05963d7-3991-e38e-bf31-977e2b1c0442-eng,Middlegame,"McGuire, Seanan",9781250195524,,"Tor; Macmillan Audio; Tor Publishing Group",2019,"New York",eAudiobook;Book;eBook,"Book::Arcade: SCIENCE FICTION McGuire, S. - On Shelf,Book::Central: SCIENCE FICTION McGuire, S. - On Shelf,Book::Fair Oaks: SCIENCE FICTION McGuire, S. - Checked Out"
https://catalog.saclibrary.org/GroupedWork/f025f3a4-c47f-1f84-0a5a-0966cf708cea-eng,"The Dark Eidolon and other fantasies","Smith, Clark Ashton, 1893-1961",9780143107385,,"Penguin Books",2014,"New York, New York",Book,"Book::Carmichael: 813.52 S644 2014 - On Shelf,Book::Orangevale: 813.52 S644 2014 - On Shelf,Book::Rancho Cordova: 813.52 S644 2014 - On Shelf"
https://catalog.saclibrary.org/GroupedWork/292d8091-a4a1-3524-b430-7d3747ec3799-eng,"The unspoken name","Larkwood, A. K",9781250238900,,"Tor; Macmillan Audio; Tor Publishing Group",2020,"New York",eAudiobook;Book;eBook,"Book::Carmichael: SCIENCE FICTION Larkwood, A. - On Shelf,Book::Central: SCIENCE FICTION Larkwood, A. - On Shelf,Book::Belle Cooledge: SCIENCE FICTION Larkwood, A. - On Shelf"
https://catalog.saclibrary.org/GroupedWork/5a2cf71e-ccb2-2c4b-9856-f46466409f8f-eng,"The scribbly man: a Children of D'Hara novella","Goodkind, Terry",9781789541182,,"Recorded Books, Inc.; Head of Zeus",2019,London,eAudiobook;Book,"Book::Orangevale: SCIENCE FICTION Goodkind, T. - On Shelf,Book::Southgate: SCIENCE FICTION Goodkind, T. - On Shelf,Book::Folsom Adult: SCIENCE FICTION Goodkind, T. - On Shelf"
https://catalog.saclibrary.org/GroupedWork/6d488ab2-6693-1de0-2d75-4971e5bd1338-eng,"One dark kiss","Zanetti, Rebecca",9781496756305,,"Recorded Books, Inc.; Kensington Publishing Corp; Kensington Books",2025,"New York, NY",eAudiobook;Book;eBook,"Book::Central: FICTION Zanetti, R. - On Shelf,Book::Colonial Heights: FICTION Zanetti, R. - On Shelf,Book::South Natomas: FICTION Zanetti, R. - On Shelf"
https://catalog.saclibrary.org/GroupedWork/6aab5712-88d0-cdbd-cb66-682ef5bd6a88-eng,"Magic triumphs","Andrews, Ilona",9780425270714,,"Ace; Penguin Publishing Group; GraphicAudio","2018 - 2025","New York",eAudiobook;eBook;Book,"Book::Central: SCIENCE FICTION Andrews, I. - On Shelf,Book::North Natomas: SCIENCE FICTION Andrews, I. - On Shelf,Book::Folsom Adult: SCIENCE FICTION Andrews, I. - On Shelf"
https://catalog.saclibrary.org/GroupedWork/39f02eae-07dd-e43c-616f-431177b635c9-eng,"The winged histories","Samatar, Sofia",9781618731142,,"Small Beer Press",2016,"Easthampton, MA",eBook;Book,"Book::Arcade: FICTION Samatar, S. - Checked Out,Book::Central: FICTION Samatar, S. - On Shelf"
https://catalog.saclibrary.org/GroupedWork/9b7cc2fc-0829-49f8-0327-d61f82df87d5-eng,"Faebound: a novel","El-Arifi, Saara",9780593723005,,"Del Rey; Random House Worlds; Books on Tape",2024,"New York",eAudiobook;Book;eBook,"Book::Arcade: SCIENCE FICTION El-Arifi, S. - On Shelf,Book::Carmichael: SCIENCE FICTION El-Arifi, S. - On Shelf,Book::Central: SCIENCE FICTION El-Arifi, S. - On Shelf"
https://catalog.saclibrary.org/GroupedWork/703595c8-ecdb-a035-8a41-cafaa1b02fdc-eng,"The women's war","Glass, Jenna",9781984817204,,"Books on Tape; Del Rey",2019,"New York",eAudiobook;Book,"Book::Carmichael: SCIENCE FICTION Glass, J. - On Shelf,Book::Central: SCIENCE FICTION Glass, J. - On Shelf,Book::South Natomas: SCIENCE FICTION Glass, J. - On Shelf"
https://catalog.saclibrary.org/GroupedWork/93e51aa2-946c-cb89-a8c5-f0a724fd01f8-eng,"A labyrinth of scions and sorcery","Craddock, Curtis",9780765389626,,"Tor; Macmillan Audio; Tor Publishing Group",2019,"New York",eBook;Book;eAudiobook,"Book::Central: SCIENCE FICTION Craddock, C. - On Shelf,Book::Fair Oaks: SCIENCE FICTION Craddock, C. - On Shelf,Book::South Natomas: SCIENCE FICTION Craddock, C. - On Shelf"
https://catalog.saclibrary.org/GroupedWork/7048a45b-f3d9-7c0b-e77c-d74743418fdc-eng,"Steles of the sky","Bear, Elizabeth",9780765327567,,"Recorded Books, Inc.; Tor",2014,"New York",Book;eAudiobook,"Book::Carmichael: SCIENCE FICTION Bear, E. - On Shelf,Book::Central: SCIENCE FICTION Bear, E. - OFF CAMPUS"
https://catalog.saclibrary.org/GroupedWork/fbe9a3d6-8b4d-9656-9f39-6a353915a072-eng,"The dragon wakes with thunder","Song, K. X",9780593641552,,"Ace; Penguin Publishing Group; Books on Tape",2025,"New York",eAudiobook;Book;eBook,"Book::Central: SCIENCE FICTION Song, K. - On Shelf,Book::Colonial Heights: SCIENCE FICTION Song, K. - On Shelf,Book::Belle Cooledge: SCIENCE FICTION Song, K. - On Shelf"
https://catalog.saclibrary.org/GroupedWork/bb56b6ee-72a3-de3c-8c1a-e58cf105f6f5-eng,"Discount Armageddon","McGuire, Seanan",9780756407131,,"Astra Publishing House; DAW Books; Distributed by Penguin Group (USA)",2012,"New York",eBook;Book,"Book::Carmichael: SCIENCE FICTION McGuire, S. - On Shelf,Book::Fair Oaks: SCIENCE FICTION McGuire, S. - On Shelf,Book::Galt: SCIENCE FICTION McGuire, S. - Checked Out"
https://catalog.saclibrary.org/GroupedWork/e247fa92-625b-5a76-4cc7-5fae73ce64ba-eng,"Lover reborn: a novel of the Black Dagger Brotherhood","Ward, J. R., 1969-",9780451235848,,"Recorded Books, Inc.; New American Library; Penguin Publishing Group",2012,"New York",eAudiobook;Book;eBook,"Book::Central: FICTION Ward, J. - On Shelf,Book::South Natomas: FICTION Ward, J. - On Shelf,Book::Princeton Branch Library Adult Collection: Fic - On Shelf"
https://catalog.saclibrary.org/GroupedWork/9e4101e8-04b6-c86d-30f1-7aee6c1ddcc2-eng,"Lover unveiled","Ward, J. R., 1969-",9781501195129,,"Simon & Schuster Audio; Gallery Books",2021,"New York",eAudiobook;Book;eBook,"Book::Carmichael: FICTION Ward, J. - On Shelf,Book::Central: FICTION Ward, J. - On Shelf,Book::Franklin: FICTION Ward, J. - On Shelf"
https://catalog.saclibrary.org/GroupedWork/ee980676-bb74-115a-71c6-9125410d2d1b-eng,"Down among the sticks and bones","McGuire, Seanan",9780765392039,,"Macmillan Audio; A Tom Doherty Associates Book; Tor Publishing Group",2017,"New York",eAudiobook;Book;eBook,"Book::Belle Cooledge: SCIENCE FICTION McGuire, S. - Checked Out,Book::Franklin: SCIENCE FICTION McGuire, S. - On Shelf,Book::North Natomas: SCIENCE FICTION McGuire, S. - On Shelf"
https://catalog.saclibrary.org/GroupedWork/fe0b6c50-fd2a-1197-19fa-2a178ab78661-eng,"Troubled waters","Shinn, Sharon",9780441020898,,"Ace Books; Penguin Publishing Group",2010,"New York",eBook;Book,"Book::Central: SCIENCE FICTION Shinn, S. - On Shelf"
https://catalog.saclibrary.org/GroupedWork/1a7ac152-5959-fbce-2794-7f0d02c41103-eng,"Lost in the moment and found","McGuire, Seanan",9781250213631,,"Tor Dot Com, Tor Publishing Group; Macmillan Audio; Tor Publishing Group",2023,"New York",eAudiobook;Book;eBook,"Book::Central: SCIENCE FICTION McGuire, S. - On Shelf,Book::Franklin: SCIENCE FICTION McGuire, S. - On Shelf,Book::McKinley: SCIENCE FICTION McGuire, S. - On Shelf"
https://catalog.saclibrary.org/GroupedWork/2b15ad64-ca98-60e0-fd0f-d6fafa7c3d55-eng,"The silverblood promise","Logan, James (Novelist)",9781250360533,,"Tor, Tor Publishing Group; Macmillan Audio; Tor Publishing Group",2024,"New York",eAudiobook;Book;eBook,"Book::Central: SCIENCE FICTION Logan, J. - On Shelf,Book::Courtland: SCIENCE FICTION Logan, J. - On Shelf,Book::McClatchy: SCIENCE FICTION Logan, J. - On Shelf"
https://catalog.saclibrary.org/GroupedWork/f5719736-b34d-0b91-725d-5aa340f2939d-eng,"Wrath of empire","McClellan, Brian, 1986-",9780316407274,,"Orbit; Hachette Audio",2018,"New York, NY",eAudiobook;Book;eBook,"Book::Carmichael: SCIENCE FICTION McClellan, B. - On Shelf,Book::Central: SCIENCE FICTION McClellan, B. - On Shelf"
https://catalog.saclibrary.org/GroupedWork/397902f0-08d5-7365-69dd-651601a12d6b-eng,"To Green Angel Tower","Williams, Tad",9780756402983,,"Astra Publishing House; Penguin; Books on Tape; DAW Books","1994 - 2016","New York",eAudiobook;Book;eBook,"Book::Belle Cooledge: SCIENCE FICTION Williams, T. - OFF CAMPUS,Book::Sylvan Oaks: SCIENCE FICTION Williams, T. - On Shelf"
https://catalog.saclibrary.org/GroupedWork/4b2fd661-48cc-01e4-28e6-cbcb54313901-eng,"The wish granter: a Ravenspire novel","Redwine, C. J",9780062360274,,"Balzer + Bray, an imprint of HarperCollinsPublishers; HarperCollins",2017,"New York, New York",eAudiobook;eBook;Book,"Book::Elk Grove Teen Area: TEEN FICTION Redwine, C. - On Shelf,Book::South Natomas Teen Area: TEEN FICTION Redwine, C. - On Shelf,Book::Valley Hi-North Laguna Teen Area: TEEN FICTION Redwine, C. - On Shelf"
https://catalog.saclibrary.org/GroupedWork/3cf10947-5718-d266-f1ec-991166e53df6-eng,"The Elfstones of Shannara","Brooks, Terry",9781101886052,,"Del Rey; Random House Worlds; Ballantine Books; Books on Tape; Penguin Random House Audio Publishing Group","1984 - 2015","New York",eAudiobook;Book;eBook,
https://catalog.saclibrary.org/GroupedWork/ca335de5-4c88-a43f-ca1b-2b2034adf80c-eng,"Goldenhand: an Old Kingdom novel","Nix, Garth",9780061561580,,"Harper, an imprint of HarperCollinsPublishers; Books on Tape; HarperCollins",2016,"New York, NY",eAudiobook;eBook;Book,"Book::Belle Cooledge Teen Area: TEEN FICTION Nix, G. - Checked Out,Book::Galt Teen Area: TEEN FICTION Nix, G. - On Shelf,Book::North Natomas: TEEN FICTION Nix, G. - On Shelf"
https://catalog.saclibrary.org/GroupedWork/6ce12342-2ac6-23db-dd81-af17406c3a16-eng,"The High Druid's blade","Brooks, Terry",9780345540706,,"Del Rey; Random House Worlds; Books on Tape",2014,"New York",eAudiobook;Book;eBook,"Book::Carmichael: SCIENCE FICTION Brooks, T. - On Shelf,Book::McKinley: SCIENCE FICTION Brooks, T. - On Shelf,Book::South Natomas: SCIENCE FICTION Brooks, T. - On Shelf"
https://catalog.saclibrary.org/GroupedWork/cb1b42f6-a0fd-388a-cd23-07939208519c-eng,"Slaying the shadow prince","Scheuerer, Helen",9781922903099,,"[Helen Scheuerer]; Dreamscape Media",2023,"[United States]",eAudiobook;Book,
https://catalog.saclibrary.org/GroupedWork/d15cd7c0-cd95-5cfb-e343-f1dbf7a54170-eng,Radiant,"Bustamante, Ashley",9798886050424,,"Enclave Escape; Oasis Audio",2023,Phoenix,eAudiobook;eBook;Book,"Book::Central Teen Area - 3rd Floor: TEEN FICTION Bustamante, A. - On Shelf,Book::Colonial Heights: TEEN FICTION Bustamante, A. - On Shelf,Book::Galt Teen Area: TEEN FICTION Bustamante, A. - On Shelf"
https://catalog.saclibrary.org/GroupedWork/230a5f91-102e-4b81-4044-2486dac2d5e6-eng,"Witch Creek","Bickle, Laura",9780062567314,,"Harper Voyager; HarperCollins; HarperAudio","2018 - 2019","New York",eBook;Book;eAudiobook,"Book::Galt: SCIENCE FICTION Bickle, L. - On Shelf,Book::South Natomas: SCIENCE FICTION Bickle, L. - On Shelf,Book::North Natomas: SCIENCE FICTION Bickle, L. - On Shelf"
https://catalog.saclibrary.org/GroupedWork/25effc58-ebf8-c053-9d91-5fd9f9bc857c-eng,"The king's justice: two novellas","Donaldson, Stephen R",9780399176975,,"Recorded Books, Inc.; G.P. Putnam's Sons",2015,"New York",Book;eAudiobook,"Book::Carmichael: SCIENCE FICTION Donaldson, S. - On Shelf,Book::South Natomas: SCIENCE FICTION Donaldson, S. - On Shelf,Book::Orangevale: SCIENCE FICTION Donaldson, S. - On Shelf"
https://catalog.saclibrary.org/GroupedWork/b9b2dcfc-24e3-e6cc-33a5-b8e3b7ac5e65-eng,"Strife's bane","Manieri, Evie",9780765332363,,"Recorded Books, Inc.; Tom Doherty Associates; Tor Publishing Group",2019,"New York, NY",eBook;Book;eAudiobook,"Book::Sylvan Oaks: SCIENCE FICTION Manieri, E. - On Shelf"
https://catalog.saclibrary.org/GroupedWork/938f3fb8-455d-ce3e-dd55-e1d5c7e015c2-eng,"The fires of vengeance","Winter, Evan",9780316489805,,"Orbit; Hachette Audio",2020,"New York",eAudiobook;Book;eBook,"Book::Central: SCIENCE FICTION Winter, E. - On Shelf,Book::Elk Grove: SCIENCE FICTION Winter, E. - On Shelf,Book::Franklin: SCIENCE FICTION Winter, E. - On Shelf"
https://catalog.saclibrary.org/GroupedWork/9c79c4c3-fe3f-aacc-dde7-f66e7874ef18-eng,Charming,"James, Elliott",9780316253390,,"Tantor Media, Inc.; Orbit; Tantor Media, Inc; Orbit, Hachette Book Group","2013 - 2014","New York, NY",eAudiobook;eBook;Book,"Book::Central: SCIENCE FICTION James, E. - On Hold Shelf"
https://catalog.saclibrary.org/GroupedWork/34662d20-c6e9-dcca-3eb4-b2d437c3dd7a-eng,"An instruction in shadow","Jacka, Benedict",9780593549865,,"Ace; Penguin Publishing Group; Books on Tape",2024,"New York",eAudiobook;Book;eBook,"Book::Carmichael: SCIENCE FICTION Jacka, B. - On Shelf,Book::Central: SCIENCE FICTION Jacka, B. - On Shelf,Book::Galt: SCIENCE FICTION Jacka, B. - On Shelf"
https://catalog.saclibrary.org/GroupedWork/194ea0f5-5662-77de-df49-915c06674c97-eng,"Secondhand luck","Harrison, Kim, 1966-",9780593437490,,"Ace; Penguin Publishing Group; Books on Tape",2026,"New York",eAudiobook;Book;eBook,"Book::Central New Books - 4th Floor: FICTION Harrison, K. - On Shelf,Book::Belle Cooledge: FICTION Harrison, K. - Checked Out,Book::South Natomas: FICTION Harrison, K. - On Shelf"
https://catalog.saclibrary.org/GroupedWork/00649fcd-d3da-a560-2193-b3e1a5fd44c4-eng,"Of claws and fangs","Hunter, Faith",9780593334348,,"Ace; Penguin Publishing Group",2022,"New York",eBook;Book,"Book::Carmichael: SCIENCE FICTION Hunter, F. - On Shelf,Book::Central: SCIENCE FICTION Hunter, F. - On Shelf,Book::Belle Cooledge: SCIENCE FICTION Hunter, F. - On Shelf"
https://catalog.saclibrary.org/GroupedWork/4d2b7faa-c98b-b8c9-347f-6de37bdcfefc-eng,"Night broken","Briggs, Patricia",9780425256275,,"Ace Books; Brilliance Audio; Penguin Publishing Group; Books on Tape; GraphicAudio","2013 - 2025","Grand Haven, Mich; New York","eAudiobook;Audiobook - CD;Book;eBook","Book::Central: SCIENCE FICTION Briggs, P. - On Shelf,Book::South Natomas: SCIENCE FICTION Briggs, P. - On Shelf,Book::Pocket-Greenhaven: SCIENCE FICTION Briggs, P. - On Shelf"
https://catalog.saclibrary.org/GroupedWork/d04a7e6b-3e6e-085f-b76e-9323d7425efd-eng,"The unreal and the real: the selected short stories of Ursula K. Le Guin","Le Guin, Ursula K., 1929-2018",9781481475976,,"Saga Press; S&S/Saga Press",2016,"New York",eBook;Book,"Book::Colonial Heights: FICTION Le Guin, U. - On Shelf,Book::Belle Cooledge: FICTION Le Guin, U. - Checked Out,Book::Elk Grove: FICTION Le Guin, U. - On Shelf"
https://catalog.saclibrary.org/GroupedWork/bd1b43cf-3637-d53b-cef6-3fcbb42e7ddb-eng,"The face in the frost","Bellairs, John",9781587541056,,"Tantor Media, Inc.; Open Road Media Sci-Fi & Fantasy; Open Road Media; Olmstead Press","2000 - 2019",Chicago,eBook;Book;eAudiobook,
https://catalog.saclibrary.org/GroupedWork/e1de4c62-1136-1379-6f11-86c1b12bf59b-eng,"Prince of thorns","Lawrence, Mark, 1966-",9780441020324,,"Recorded Books, Inc.; Ace Books; Penguin Publishing Group","2011 - 2012","New York",eAudiobook;Book;eBook,"Book::Central: SCIENCE FICTION Lawrence, M. - On Shelf,Book::Rancho Cordova: SCIENCE FICTION Lawrence, M. - On Shelf"
https://catalog.saclibrary.org/GroupedWork/167865f2-7e79-9ac7-e0be-989d8ae7b45b-eng,"Dark Skye","Cole, Kresley",9781451649949,,"Simon & Schuster Audio; Gallery Books",2014,"New York",eAudiobook;Book,"Book::Elk Grove: FICTION Cole, K. - On Shelf,Book::North Natomas: FICTION Cole, K. - On Shelf"
https://catalog.saclibrary.org/GroupedWork/b14c36f2-2926-acc2-e338-6968cbc230f3-eng,"Goddess of the river","Patel, Vaishnavi",9780759557345,,"Hachette Audio; Redhook",2024,"New York, NY",eAudiobook;Book,"Book::Central: FICTION Patel, V. - On Shelf,Book::Belle Cooledge: FICTION Patel, V. - Checked Out,Book::Fair Oaks: FICTION Patel, V. - Checked Out"
https://catalog.saclibrary.org/GroupedWork/d4c0f0d2-a851-5659-2726-c0660e8ceecb-eng,"Cruel beauty","Hodge, Rosamund",9780062224743,,"Balzer + Bray, an imprint of HarperCollinsPublishers; HarperCollins",2014,"New York, NY",eAudiobook;eBook;Book,"Book::Central Teen Area - 3rd Floor: TEEN FICTION Hodge, R. - On Shelf,Book::Belle Cooledge Teen Area: TEEN FICTION Hodge, R. - Checked Out,Book::Valley Hi-North Laguna Teen Area: TEEN FICTION Hodge, R. - In Transit"
https://catalog.saclibrary.org/GroupedWork/a3e52a8e-e240-087d-b5f0-0757f9fd0044-eng,"Legend has it","James, Elliott",9780316302371,,"Tantor Media, Inc.; Orbit; Tantor Media, Inc","2017 - 2018","New York, NY",eAudiobook;Book;eBook,"Book::Central: SCIENCE FICTION James, E. - On Shelf,Book::North Natomas: SCIENCE FICTION James, E. - On Shelf"
https://catalog.saclibrary.org/GroupedWork/86442982-b4eb-3621-e9ab-c63b4f6a0552-eng,"No man of woman born","Mardoll, Ana",9781987412918,,"Ana Mardoll; Acacia Moon Publishing; Findaway Voices",2018,"United States",eBook;Book;eAudiobook,"Book::Central: FICTION Mardoll, A. - On Shelf"
https://catalog.saclibrary.org/GroupedWork/bfb9c2da-4e55-29df-83be-3c088183f4a6-eng,"The serpent dreamer","Holland, Cecelia, 1943-",9780765305572,,"Canelo; Forge","2005 - 2019","New York",eBook;Book,"Book::Central: SCIENCE FICTION Holland - On Shelf"
https://catalog.saclibrary.org/GroupedWork/80c8c88f-8a33-8f05-b976-8e38ad68a256-eng,"The wizard lord","Watt-Evans, Lawrence, 1954-",9780765310262,,"Tor; Tor Publishing Group","2006 - 2007","New York",eBook;Book,"Book::Central: SCIENCE FICTION Watt-Evans, L. - On Shelf"
https://catalog.saclibrary.org/GroupedWork/41e61159-ea29-d3d8-7e71-b8694427ff9e-eng,"The salt grows heavy","Khaw, Cassandra",9781250830913,,"Nightfire, Tor Publishing Group; Macmillan Audio; Tor Publishing Group",2023,"New York",eAudiobook;Book;eBook,"Book::Fair Oaks: FICTION Khaw, C. - On Shelf,Book::North Highlands-Antelope: FICTION Khaw, C. - Checked Out,Book::Sylvan Oaks: FICTION Khaw, C. - Checked Out"
https://catalog.saclibrary.org/GroupedWork/64f2765e-bbfa-c8f2-b98c-e8fe3526cb00-eng,Cursed,"Meyer, Marissa",9781250618917,,"Feiwel and Friends; Macmillan Audio; Feiwel & Friends",2022,"New York; New York, NY","eAudiobook;Audiobook - CD;Book;eBook","Book::Central Teen Area - 3rd Floor: TEEN FICTION Meyer, M. - On Shelf,Book::Belle Cooledge Teen Area: TEEN FICTION Meyer, M. - On Shelf,Book::Orangevale: TEEN FICTION Meyer, M. - Checked Out"
https://catalog.saclibrary.org/GroupedWork/643d9c68-afcf-705b-5917-41f59f7043d7-eng,"Moon called","Briggs, Patricia",9780441013814,,"Ace Books; Books on Tape; Penguin Publishing Group; GraphicAudio","2006 - 2024","New York",eAudiobook;eBook;Book,"Book::Central: SCIENCE FICTION Briggs, P. - Checked Out,Book::Colonial Heights: SCIENCE FICTION Briggs, P. - On Shelf,Book::Galt: SCIENCE FICTION Briggs, P. - On Shelf"
https://catalog.saclibrary.org/GroupedWork/7a663c9d-a6f4-7550-3ce6-3d9a61fc0755-eng,"The kiss of deception","Pearson, Mary E",9781250063151,,"Listening Library; Henry Holt and Company",2014,"New York; [New York]","Audiobook - CD;Book","Book::Elk Grove Teen Area: TEEN FICTION Pearson, M. - Checked Out,Book::North Natomas: TEEN FICTION Pearson, M. - In Transit,Book::Orangevale: TEEN FICTION Pearson, M. - On Shelf"
https://catalog.saclibrary.org/GroupedWork/312cbe8c-ab78-fe93-0464-8e6b89f93135-eng,"Truth and fear","Higgins, Peter, 1961-",9780316219723,,"Orbit; Hachette Audio",2014,"New York, NY",eBook;Book;eAudiobook,"Book::Central: SCIENCE FICTION Higgins, P. - On Shelf"
https://catalog.saclibrary.org/GroupedWork/15010dc9-5755-d4a9-fd65-4b920f0ea156-eng,"Lover avenged: a novel of the Black Dagger Brotherhood","Ward, J. R. (Jessica Bird)",9780451225856,,"Recorded Books, Inc.; New American Library; Penguin Publishing Group",2009,"New York, NY",eAudiobook;Book;eBook,
https://catalog.saclibrary.org/GroupedWork/cad2a429-6544-6e2e-ae09-bf97fd814d5c-eng,"The brides of High Hill","Vo, Nghi",9781250851444,,"Tantor Media, Inc.; Tantor Media, Inc; Tordotcom, Tor Publishing Group; Tor Publishing Group",2024,"New York",eAudiobook;Book;eBook,"Book::Central: SCIENCE FICTION Vo, N. - On Shelf,Book::Fair Oaks: SCIENCE FICTION Vo, N. - On Shelf,Book::Franklin: SCIENCE FICTION Vo, N. - On Shelf"
https://catalog.saclibrary.org/GroupedWork/8e9da3cb-3857-8bd5-d7bb-631785466f5c-eng,"The book that wouldn't burn","Lawrence, Mark, 1966-",9780593437919,,"Ace; Books on Tape; Penguin Publishing Group",2023,"New York",eAudiobook;Book;eBook,"Book::Carmichael: SCIENCE FICTION Lawrence, M. - On Shelf,Book::Franklin: SCIENCE FICTION Lawrence, M. - Checked Out,Book::Rio Linda: SCIENCE FICTION Lawrence, M. - On Shelf"
https://catalog.saclibrary.org/GroupedWork/6ee96fc0-3595-1243-b306-ee6435d67cb3-eng,"The story collector","Woods, Evie",9780008707460,,"HarperCollins Publishers; One More Chapter",2024,London,eAudiobook;Book;eBook,"Book::Central: FICTION Woods, E. - On Shelf,Book::Colonial Heights: FICTION Woods, E. - In Transit,Book::Belle Cooledge: FICTION Woods, E. - On Shelf"
https://catalog.saclibrary.org/GroupedWork/1863db9d-2cd5-6deb-3776-a5acd1a64a64-eng,Flowerheart,"Bakewell, Catherine",9780063214606,,"HarperTeen, an imprint of HarperCollins Publishers; HarperCollins; HarperTeen, an imprint of HarperCollinsPublishers","2023 - 2024","New York, NY",eAudiobook;eBook;Book,"Book::Carmichael Teen Area: TEEN FICTION Bakewell, C. - Checked Out,Book::Central Teen Area - 3rd Floor: TEEN FICTION Bakewell, C. - On Shelf,Book::Sacramento Public Library Storage: TEEN FICTION Bakewell, C. - On Shelf"
https://catalog.saclibrary.org/GroupedWork/f0d7c1f8-035d-9fe1-ebb0-27ce1b598f58-eng,"The sentinel","Denning, Troy",9780786964598,,"Wizards of the Coast; Wizards of the Coast Publishing",2014,"Renton, WA",eBook;Book,"Book::Arcade: SCIENCE FICTION Denning, T. - On Shelf,Book::Carmichael: SCIENCE FICTION Denning, T. - On Shelf"
https://catalog.saclibrary.org/GroupedWork/b276ec86-c98b-41a3-8540-b80fe2af9980-eng,"Dangerous women","Martin, George R. R",9780765332066,,"Books on Tape; Tor Books",2013,"New York",eAudiobook;Book,"Book::Arcade: SCIENCE FICTION Dangerous - On Shelf,Book::Carmichael: SCIENCE FICTION Dangerous - On Shelf,Book::Sutter County Main Branch: SCIENCE FICTION Martin, G. - On Shelf"
https://catalog.saclibrary.org/GroupedWork/8d1df7c3-4448-44b4-690a-8390c5d820ce-eng,"Heart of the sun warrior","Tan, Sue Lynn",9780063031364,,"Harper Voyager, an imprint of HarperCollinsPublishers; HarperCollins; HarperAudio",2022,"New York, NY",eAudiobook;Book;eBook,"Book::Central: SCIENCE FICTION Tan, S. - On Shelf,Book::Franklin: SCIENCE FICTION Tan, S. - On Shelf,Book::Galt: SCIENCE FICTION Tan, S. - On Shelf"
https://catalog.saclibrary.org/GroupedWork/b8ed24d5-d385-90d7-7106-b821b2e3c553-eng,"Tales from the perilous realm","Tolkien, J. R. R. (John Ronald Reuel), 1892-1973",9780358652960,,"Houghton Mifflin Harcourt; BBC Audiobooks America; HarperCollins; HarperCollins Publishers","2008 - 2016","North Kingston, RI; Boston","Audiobook - CD;Book;eAudiobook;eBook","Book::Central: FICTION Tolkien, J. - On Shelf,Book::Courtland: FICTION Tolkien, J. - Checked Out,Book::Rancho Cordova: FICTION Tolkien, J. - On Shelf"
https://catalog.saclibrary.org/GroupedWork/e07161a2-6ddc-8101-87b1-a5c301ebcd48-eng,"Season of storms","Sapkowski, Andrzej",9780316441629,,"Orbit; Hachette Audio","2018 - 2019","New York",eAudiobook;Book;eBook,"Book::Carmichael: SCIENCE FICTION Sapkowski, A. - On Hold Shelf,Book::Central: SCIENCE FICTION Sapkowski, A. - On Shelf,Book::McClatchy: SCIENCE FICTION Sapkowski, A. - On Shelf"
https://catalog.saclibrary.org/GroupedWork/75f593bc-5218-e6f3-a126-242f268ebf90-eng,"The first binding","Virdi, R. R",9781250796172,,"Tor; Macmillan Audio; Tor Publishing Group",2022,"New York",eAudiobook;Book;eBook,"Book::Carmichael: SCIENCE FICTION Virdi, R. - On Shelf,Book::Fair Oaks: SCIENCE FICTION Virdi, R. - On Shelf,Book::Rancho Cordova: SCIENCE FICTION Virdi, R. - Checked Out"
https://catalog.saclibrary.org/GroupedWork/9eb6711c-b55e-9f05-d41d-4e91732ddcc2-eng,"The memory of fire","Bates, Callie",9780399177415,,"Del Rey; Random House Worlds; Books on Tape",2018,"New York",eAudiobook;Book;eBook,"Book::Central: SCIENCE FICTION Bates, C. - On Shelf,Book::Belle Cooledge: SCIENCE FICTION Bates, C. - On Shelf,Book::South Natomas: SCIENCE FICTION Bates, C. - On Shelf"
https://catalog.saclibrary.org/GroupedWork/a76287bf-687c-bdd8-058f-0fcfae253e11-eng,"Furies of Calderon","Butcher, Jim, 1971-",9780441012688,,"Ace Books; Penguin Publishing Group; Books on Tape","2004 - 2008","New York",eAudiobook;Book;eBook,"Book::Central: SCIENCE FICTION Butcher, J. - On Shelf,Book::Fair Oaks: SCIENCE FICTION Butcher, J. - On Shelf,Book::Galt: SCIENCE FICTION Butcher, J. - On Shelf"
https://catalog.saclibrary.org/GroupedWork/f2a88c76-5977-8730-3eed-c1ccce0ebc0f-eng,"A day of fallen night","Shannon, Samantha, 1991-",9781635577921,,"Bloomsbury Publishing",2023,"New York",eAudiobook;eBook;Book,"Book::Arcade: SCIENCE FICTION Shannon, S. - In Transit,Book::Central: SCIENCE FICTION Shannon, S. - On Shelf,Book::North Natomas: SCIENCE FICTION Shannon, S. - On Shelf"
https://catalog.saclibrary.org/GroupedWork/fb79d352-9ab6-9638-3b9d-ef5cbd9220f8-eng,"On wings of blood","Boleyn, Briar",9780778306283,,"MIRA Books; Podium Audio; Mira",2025,"Toronto, Ontario",eAudiobook;eBook;Book,"Book::Carmichael: SCIENCE FICTION Boleyn, B. - On Hold Shelf,Book::Central New Books - 4th Floor: SCIENCE FICTION Boleyn, B. - On Hold Shelf,Book::Fair Oaks: SCIENCE FICTION Boleyn, B. - On Shelf"
https://catalog.saclibrary.org/GroupedWork/3ab6ea6a-54e0-c3be-cbac-3cb8baf68558-eng,"Wicked abyss","Cole, Kresley",9781501120251,,"Simon & Schuster Audio; Gallery Books",2017,"New York",eAudiobook;Book;eBook,"Book::Central: FICTION Cole, K. - On Shelf,Book::South Natomas: FICTION Cole, K. - On Shelf"
https://catalog.saclibrary.org/GroupedWork/b6c9f225-2d1f-0daf-3bba-71535a2b4817-eng,"Alpha night","Singh, Nalini, 1977-",9781984803627,,"Tantor Media, Inc; Berkley; Penguin Publishing Group",2020,"New York",eAudiobook;Book;eBook,"Book::Central: FICTION Singh, N. - On Shelf,Book::Elk Grove: FICTION Singh, N. - On Shelf,Book::Franklin: FICTION Singh, N. - On Shelf"
https://catalog.saclibrary.org/GroupedWork/ed93c71a-9ac6-b3b7-6c22-879e69250e2d-eng,"An illusion of thieves","Glass, Cate",9781250311009,,"Tor; Macmillan Audio",2019,"New York",eAudiobook;Book,"Book::Carmichael: SCIENCE FICTION Glass, C. - On Shelf"
https://catalog.saclibrary.org/GroupedWork/8ce74813-5f80-e0b5-9f30-085b26432487-eng,"A wizard's guide to defensive baking","Kingfisher, T",9781614505242,,"Argyll Productions; T. Kingfisher; Tantor Media, Inc","2020 - 2021",Seattle,eAudiobook;eBook;Book,"Book::Orangevale: TEEN FICTION Kingfisher, T. - Checked Out,Book::Sacramento Public Library Storage: TEEN FICTION Kingfisher, T. - Checked Out"
https://catalog.saclibrary.org/GroupedWork/98aa4b61-05a1-3312-437e-8e670dddcc2d-eng,"The last witch in Edinburgh","Thompson, Marielle",9781496742643,,"Tantor Media, Inc; Kensington Publishing Corp; Kensington Books",2024,"New York, NY",eAudiobook;eBook;Book,"Book::Carmichael: FICTION Thompson, M. - On Shelf,Book::Central: FICTION Thompson, M. - On Shelf,Book::Fair Oaks: FICTION Thompson, M. - On Shelf"
https://catalog.saclibrary.org/GroupedWork/848ddbda-0591-164b-5938-181b9026b5a9-eng,"Mad sisters of Esi","Mehta, Tashan",9780756420062,,"Astra Publishing House; Podium Audio; DAW Books",2025,"New York",eAudiobook;Book;eBook,"Book::Arcade: FICTION Mehta, T. - Checked Out,Book::Carmichael: FICTION Mehta, T. - On Hold Shelf,Book::Central: FICTION Mehta, T. - Checked Out"
https://catalog.saclibrary.org/GroupedWork/37b0b6ff-a7a2-afe3-c6b0-d5a8420c3da9-eng,"Empire of shadows","Forster, Miriam, 1980-",9780062121332,,"HarperCollins; HarperTeen, an imprint of HarperCollinsPublishers",2014,"New York, NY",eAudiobook;eBook;Book,"Book::Rancho Cordova: TEEN FICTION Forster, M. - On Shelf"
https://catalog.saclibrary.org/GroupedWork/17779124-cfbe-e091-44a3-044ce8d664ce-eng,"The black bird oracle: a novel","Harkness, Deborah, 1965-",9780593724774,,"Random House Large Print; Ballantine Books; Random House Publishing Group; Books on Tape",2024,"New York","eAudiobook;eBook;Large Print;Book","Book::Arcade: FICTION Harkness, D. - On Shelf,Book::Carmichael: FICTION Harkness, D. - On Shelf,Book::Central: FICTION Harkness, D. - On Shelf"
https://catalog.saclibrary.org/GroupedWork/5fbb463e-0866-2e69-d975-a64c3039f0de-eng,"A Dance of Blades: Shadowdance : Book 2","Dalglish, David",9780316242493,,"Orbit; Hachette Audio",2013,"New York",eBook;Book;eAudiobook,"Book::North Sacramento-Hagginwood: SCIENCE FICTION Dalglish, D. - On Shelf"
https://catalog.saclibrary.org/GroupedWork/5689c1b3-1368-c9ea-a19e-23e12dd1399b-eng,"Ocean light: a psy-changeling trinity novel","Singh, Nalini, 1977-",9781101987827,,"Tantor Media, Inc; Berkley; Penguin Publishing Group",2018,"New York",eAudiobook;eBook;Book,"Book::Central: FICTION Singh, N. - On Shelf,Book::Elk Grove: FICTION Singh, N. - On Shelf,Book::South Natomas: FICTION Singh, N. - On Shelf"
https://catalog.saclibrary.org/GroupedWork/126a73fc-26ee-3efb-3a93-0a00db318a9c-eng,"The soul of power","Bates, Callie",9780399177446,,"Books on Tape; Del Rey",2019,"New York",eAudiobook;Book,"Book::Belle Cooledge: SCIENCE FICTION Bates, C. - On Shelf,Book::Courtland: SCIENCE FICTION Bates, C. - On Shelf,Book::Fair Oaks: SCIENCE FICTION Bates, C. - On Shelf"
https://catalog.saclibrary.org/GroupedWork/85f8b8c9-78fc-f829-01f9-4f671a0063df-eng,Swordheart,"Kingfisher, T",9781250400222,,"T. Kingfisher; Tantor Media, Inc; Bramble, Tor Publishing Group; Tor Publishing Group","2018 - 2025","New York, NY",eAudiobook;Book;eBook,"Book::Arden-Dimick: SCIENCE FICTION Kingfisher, T. - Checked Out,Book::Del Paso Heights: SCIENCE FICTION Kingfisher, T. - Checked Out,Book::South Natomas: SCIENCE FICTION Kingfisher, T. - On Hold Shelf"
https://catalog.saclibrary.org/GroupedWork/4bc58ff1-9145-8367-3035-5f4e74cf348e-eng,"The elder gods","Eddings, David",9780446613330,,"Hachette Audio; Aspect; Grand Central Publishing","2003 - 2018","New York",eAudiobook;eBook;Book,
https://catalog.saclibrary.org/GroupedWork/0ef24207-89e3-6bd3-e4fc-1b265f122344-eng,"Tangled webs: a black jewels novel","Bishop, Anne",9780451462220,,"Roc; Penguin Publishing Group",2008,"New York",eBook;Book,"Book::Central: SCIENCE FICTION Bishop, A. - On Shelf,Book::Rio Linda: SCIENCE FICTION Bishop, A. - On Shelf"
https://catalog.saclibrary.org/GroupedWork/93a7a5db-5c8a-b5e9-5083-22c05bf9558b-eng,"The irresistible urge to fall for your enemy","Knightley, Brigitte",9780593819456,,"Ace; Books on Tape; Penguin Publishing Group",2025,"New York",eAudiobook;eBook;Book,"Book::Central New Books - 4th Floor: SCIENCE FICTION Knightley, B. - Checked Out,Book::Colonial Heights: SCIENCE FICTION Knightley, B. - On Shelf,Book::North Natomas: SCIENCE FICTION Knightley, B. - On Shelf"
https://catalog.saclibrary.org/GroupedWork/9ff84d91-85c2-4c61-6638-e9c3065ef99d-eng,"Sorcerer to the crown","Cho, Zen",9780425283370,,"Recorded Books, Inc.; Ace; Penguin Publishing Group",2015,"New York",eAudiobook;Book;eBook,"Book::South Natomas: SCIENCE FICTION Cho, Z. - On Shelf"
https://catalog.saclibrary.org/GroupedWork/ae245b6d-92c3-555a-275d-d232c1ebf898-eng,"Like thunder","Okorafor, Nnedi",9780756418793,,"Tantor Media, Inc.; Astra Publishing House; Tantor Media, Inc; DAW Books",2023,"New York",eAudiobook;Book;eBook,"Book::Colonial Heights: SCIENCE FICTION Okorafor, N. - On Shelf,Book::Belle Cooledge: SCIENCE FICTION Okorafor, N. - On Shelf,Book::Folsom Adult: SCIENCE FICTION Okorafor, N. - On Shelf"
https://catalog.saclibrary.org/GroupedWork/432dff7c-1cca-0c38-a941-5d831cc2470a-eng,"The door on Half-Bald Hill","Sorensen, Helena",9781951872038,,"Oasis Audio; Rabbit Room Press",2020,"Nashville, TN",Book;eAudiobook,"Book::Central: FICTION Sorensen, H. - On Shelf"
https://catalog.saclibrary.org/GroupedWork/3e179946-d10e-43ac-46e7-a14723d1a156-eng,"Broken throne: a Red Queen collection","Aveyard, Victoria",9780062423023,,"HarperTeen, an imprint of HarperCollins Publishiers; HarperCollins",2019,"New York",Book;eAudiobook,"Book::Carmichael Teen Area: TEEN FICTION Aveyard, V. - On Hold Shelf,Book::Central Teen Area - 3rd Floor: TEEN FICTION Aveyard, V. - On Shelf,Book::Del Paso Heights Teen Area: TEEN FICTION Aveyard, V. - On Shelf"
https://catalog.saclibrary.org/GroupedWork/5d65001c-a148-fd8d-44d1-ce73d49c42a8-eng,"Feversong: a Fever novel","Moning, Karen Marie",9780425284353,,"Delacorte Press; Random House Publishing Group; Brilliance Audio",2017,"New York; [Grand Haven, MI]","Audiobook - CD;eBook;Book","Book::Carmichael: SCIENCE FICTION Moning, K. - On Shelf,Book::Central: SCIENCE FICTION Moning, K. - On Shelf,Book::Colonial Heights: SCIENCE FICTION Moning, K. - On Shelf"
https://catalog.saclibrary.org/GroupedWork/94fc4f13-875d-45b3-2ea5-6bac54af5cef-eng,"Death masks: a novel of the Dresden files","Butcher, Jim, 1971-",9780451459404,,"Recorded Books, Inc.; ROC; Books on Tape; Penguin Publishing Group","2009 - 2021","New York",eAudiobook;Book;eBook,"Book::Carmichael: SCIENCE FICTION Butcher, J. - Checked Out,Book::Belle Cooledge: SCIENCE FICTION Butcher, J. - On Shelf,Book::Galt: SCIENCE FICTION Butcher, J. - On Shelf"
https://catalog.saclibrary.org/GroupedWork/4e727f65-5d82-bba0-2705-82493089bf3a-eng,"On the banks of the river of heaven","Parks, Richard",9781607012269,,"Prime Books","2010 - 2013","Rockville, Md",eBook;Book,"Book::Central: SCIENCE FICTION Parks, R. - On Shelf,Book::Elk Grove: SCIENCE FICTION Parks, R. - On Shelf"
https://catalog.saclibrary.org/GroupedWork/4606f26c-f801-2609-96f3-f90aa0c65671-eng,"The patchwork girl of Oz","Baum, L. Frank (Lyman Frank), 1856-1919",9780688133542,,"Project Gutenberg; HarperCollins; Reilly and Lee Co; Dreamscape Media; HarperCollins Canada; Ventigo Media Spółka; Blackstone Publishing; Open Road Media; Start Publishing LLC; Pandora's Box; Dancing Unicorn Books; The Reilly & Lee Company; Findaway Voices","1913 - 2024","[s.l.]; Chicago; New York, NY",eBook;Book;eAudiobook,
https://catalog.saclibrary.org/GroupedWork/e8feac6d-bad1-2e04-ae08-070868f1032e-eng,"The will of the empress","Pierce, Tamora",9780439441711,,"Scholastic Inc.; Scholastic Press; Full Cast Audio","2005 - 2010","New York",eAudiobook;eBook;Book,
https://catalog.saclibrary.org/GroupedWork/dc0f2447-3482-443c-2207-9c60c9e9a851-eng,"Trail of lightning","Roanhorse, Rebecca",9781534413504,,"Saga Press; S&S/Saga Press",2018,London,eBook;Book,"Book::Carmichael: SCIENCE FICTION Roanhorse, R. - On Shelf,Book::Courtland: SCIENCE FICTION Roanhorse, R. - On Shelf,Book::South Natomas: SCIENCE FICTION Roanhorse, R. - On Shelf"
https://catalog.saclibrary.org/GroupedWork/ae7e08bd-cd86-0418-5828-f623b308e2bd-eng,"Acorna's triumph","McCaffrey, Anne",9780380818488,,"HarperCollins; EOS; HarperCollins e-books","2004 - 2009","New York",eBook;Book,"Book::Central: SCIENCE FICTION McCaffrey, A. - On Shelf,Book::Sutter County Main Branch: SCIENCE FICTION McCaffrey, A. - On Shelf"
https://catalog.saclibrary.org/GroupedWork/4c9e623e-bdaa-65e1-f73e-a5e1495f83fd-eng,Summerland,"Chabon, Michael",9780786808779,,"HarperCollins; HarperAudio; Hyperion Books for Children","2002 - 2016","New York",eAudiobook;eBook;Book,
https://catalog.saclibrary.org/GroupedWork/2999ddb4-3072-7bf0-2842-bef9fdd098b3-eng,"The sleeping king","Dees, Cindy",9780765335142,,"Tor; Tor Books","2015 - 2024","New York",eBook;Book,"Book::Valley Hi-North Laguna: SCIENCE FICTION Dees, C. - On Shelf"
https://catalog.saclibrary.org/GroupedWork/a27c081b-6e7a-1ddd-b237-62091f12488d-eng,"Green rider","Britain, Kristen",9780756405489,,"Daw Books; Astra Publishing House; Distributed by the Penguin Group","2008 - 2012","New York",eAudiobook;Book;eBook,"Book::Carmichael: SCIENCE FICTION Britain, K. - On Shelf,Book::Belle Cooledge: SCIENCE FICTION Britain, K. - OFF CAMPUS,Book::Elk Grove: SCIENCE FICTION Britain, K. - OFF CAMPUS"
https://catalog.saclibrary.org/GroupedWork/d08a9dad-321f-e9f8-4fe5-e839032da07e-eng,"The slow regard of silent things","Rothfuss, Patrick, 1973-",9780756410438,,"DAW Books, Inc; Astra Publishing House; DAW",2014,"New York, NY",eAudiobook;eBook;Book,"Book::Carmichael: SCIENCE FICTION Rothfuss, P. - On Shelf,Book::Galt: SCIENCE FICTION Rothfuss, P. - On Shelf,Book::McKinley: SCIENCE FICTION Rothfuss, P. - On Shelf"
https://catalog.saclibrary.org/GroupedWork/fe4f659f-9629-53bd-5edd-74794808c515-eng,"Boy, snow, bird","Oyeyemi, Helen",9781594631399,,"Recorded Books, Inc.; Riverhead Books; Penguin Publishing Group",2014,"New York",eAudiobook;eBook;Book,"Book::Elk Grove: FICTION Oyeyemi, H. - On Shelf,Book::Folsom Adult: SCIENCE FICTION Oyeyemi, H. - On Shelf,Book::Woodland Public Library: FICTION Oyeyemi, H. - On Shelf"
https://catalog.saclibrary.org/GroupedWork/57db907f-a576-cd15-2faa-d79e00426370-eng,"The tempering of men","Monette, Sarah",9780765324702,,"Tor; Tantor Media, Inc; Tor Books","2011 - 2024","New York",eAudiobook;eBook;Book,"Book::Central: SCIENCE FICTION Monette, S. - On Shelf"
https://catalog.saclibrary.org/GroupedWork/8b82ec72-570a-b4dd-925a-b0addb9aba77-eng,"The liar's knot","Carrick, M. A",9780316539715,,"Orbit; Hachette Audio","2021 - 2022","New York, NY",eAudiobook;Book;eBook,"Book::Carmichael: SCIENCE FICTION Carrick, M. - On Shelf,Book::Central: SCIENCE FICTION Carrick, M. - On Shelf,Book::Belle Cooledge: SCIENCE FICTION Carrick, M. - On Shelf"
https://catalog.saclibrary.org/GroupedWork/103fb79b-22f5-2626-9d7c-f71098ef8013-eng,"Dreadful company","Shaw, Vivian",9780316434638,,"Orbit; Hachette Audio",2018,"New York, NY",eAudiobook;eBook;Book,"Book::Central: SCIENCE FICTION Shaw, V. - On Shelf,Book::McKinley: SCIENCE FICTION Shaw, V. - On Shelf,Book::Pocket-Greenhaven: SCIENCE FICTION Shaw, V. - On Shelf"
https://catalog.saclibrary.org/GroupedWork/abbc5c8f-2e23-65d2-1c52-aad87609642c-eng,"Prince of the blood","Feist, Raymond E",9780385236249,,"Random House Worlds; Books on Tape; Doubleday","1989 - 2017","New York",eAudiobook;Book;eBook,
https://catalog.saclibrary.org/GroupedWork/0ce67b08-ab09-ec30-fbef-a717c8c90337-eng,"Cursed crowns","Doyle, Catherine",9780063116160,,"HarperCollins; Balzer + Bray, an imprint of HarperCollins Publishers; Storytide",2023,"New York, NY",eAudiobook;eBook;Book,"Book::Central Teen Area - 3rd Floor: TEEN FICTION Doyle, C. - On Shelf,Book::Elk Grove Teen Area: TEEN FICTION Doyle, C. - On Shelf,Book::Isleton Teen Area: TEEN FICTION Doyle, C. - On Shelf"
https://catalog.saclibrary.org/GroupedWork/dcd2d62d-2157-18ad-904b-cb4888439bad-eng,"The nine","Townsend, Tracy, 1979-",9781633883413,,"Recorded Books, Inc.; Start Publishing Llc; Pyr; Pyr, an imprint of Prometheus Books","2017 - 2018","Amherst, NY",eBook;Book;eAudiobook,"Book::Central: SCIENCE FICTION Townsend, T. - Checked Out"
https://catalog.saclibrary.org/GroupedWork/095534bb-579f-5c26-d1b1-22fadedc3456-eng,"Half the world","Abercrombie, Joe",9780804178426,5002634,"Recorded Books, Inc.; Del Rey; Random House Worlds",2015,"New York",eAudiobook;Book;eBook,"Book::Carmichael: SCIENCE FICTION Abercrombie, J. - On Shelf,Book::Franklin: SCIENCE FICTION Abercrombie, J. - On Shelf,Book::South Natomas: SCIENCE FICTION Abercrombie, J. - On Shelf"
https://catalog.saclibrary.org/GroupedWork/90db7998-b48d-59d5-ddd8-de94d8fe0a9e-eng,"Medusa's web: a novel","Powers, Tim, 1952-",9780062262455,,"Recorded Books, Inc.; HarperCollins; William Morrow, an imprint of HarperCollinsPublishers","2015 - 2016","New York, NY",eBook;Book;eAudiobook,"Book::Central: FICTION Powers, T. - On Shelf,Book::Orangevale: FICTION Powers, T. - On Shelf"
https://catalog.saclibrary.org/GroupedWork/5102ad67-9eaa-d674-a957-f94b8ece08dd-eng,"The Gates of sleep","Lackey, Mercedes",9780756400606,,"Astra Publishing House; DAW",2002,"New York",eBook;Book,
https://catalog.saclibrary.org/GroupedWork/ad33e60a-d936-6e50-487c-ca227b987203-eng,Masques,"Briggs, Patricia",9780441019427,,"Ace Books; Penguin Publishing Group",2010,"New York",eBook;Book,"Book::Central: SCIENCE FICTION Briggs, P. - On Shelf,Book::Fair Oaks: SCIENCE FICTION Briggs, P. - On Shelf"
https://catalog.saclibrary.org/GroupedWork/80a2cc3c-86ba-d8a5-4e1e-0050b4ba1632-eng,"The rose and the thorn","Sullivan, Michael J., 1961-",9780316243728,,"Recorded Books, Inc.; Orbit",2013,"New York, NY",eBook;Book;eAudiobook,"Book::Central: SCIENCE FICTION Sullivan, M. - On Shelf,Book::North Natomas: SCIENCE FICTION Sullivan, M. - On Shelf"
https://catalog.saclibrary.org/GroupedWork/40f6d4f8-565d-aebf-2e7e-6e86cdf5bb4e-eng,Taken,"Jacka, Benedict",9781937007720,,"Ace Books; Tantor Media, Inc; Penguin Publishing Group","2012 - 2014","New York",eAudiobook;Book;eBook,"Book::Carmichael: SCIENCE FICTION Jacka, B. - On Shelf,Book::Central: SCIENCE FICTION Jacka, B. - On Shelf"
https://catalog.saclibrary.org/GroupedWork/6792345b-1128-5c09-992f-51a1c29a7619-eng,"Black wolves","Elliott, Kate, 1958-",9780316368698,,"Recorded Books, Inc.; Orbit; Open Road Media","2015 - 2025","New York, NY",eBook;Book;eAudiobook,"Book::Rio Linda: SCIENCE FICTION Elliott, K. - OFF CAMPUS"
https://catalog.saclibrary.org/GroupedWork/5c71c463-7f1b-ef8a-3917-16d0f9ec0ab7-eng,Macrieve,"Cole, Kresley",9781451649918,,"Simon & Schuster Audio; Gallery Books",2013,"New York",eAudiobook;Book;eBook,"Book::Central: FICTION Cole, K. - On Shelf,Book::Rancho Cordova: FICTION Cole, K. - On Shelf,Book::Sutter County Main Branch: FICTION Cole, K. - On Shelf"
https://catalog.saclibrary.org/GroupedWork/0fa9fb29-a15e-82ec-c0a1-46026ba418e7-eng,"A clockwork heart","Schwarz, Liesel",9780345545084,,"Random House Worlds; Del Rey Books",2013,"New York",eBook;Book,"Book::Central: SCIENCE FICTION Schwarz, L. - On Shelf"
https://catalog.saclibrary.org/GroupedWork/b5117d35-1e1c-b3e1-7b21-25563f07be2b-eng,"Rinkitink in Oz","Baum, L. Frank (Lyman Frank), 1856-1919",9780688147204,,"Mint Editions; Project Gutenberg; W. Morrow; Start Publishing LLC; Reilly and Lee Co; Reilly & Brittion Co; Dreamscape Media; Pandora's Box; HarperCollins Canada; Dancing Unicorn Books; Open Road Media","1916 - 2022","New York; [s.l.]; Chicago",eBook;Book;eAudiobook,"Book::Belle Cooledge Children's Area: CHILDREN FICTION Baum, L. - On Shelf,Book::North Natomas Children's Area: CHILDREN FICTION Baum, L. - On Shelf,Book::Colusa Main Branch Juvenile Collection: J Fic - On Shelf"
https://catalog.saclibrary.org/GroupedWork/81b4fdab-6249-6d4e-b64b-9d942e2afef0-eng,"Untethered sky","Lee, Fonda",9781250842466,,"Recorded Books, Inc.; Tor Dot Com, Tor Publishing Group; Tor Publishing Group",2023,"New York",eAudiobook;Book;eBook,"Book::Arcade: SCIENCE FICTION Lee, F. - On Shelf,Book::Central: SCIENCE FICTION Lee, F. - On Shelf,Book::Elk Grove: SCIENCE FICTION Lee, F. - On Shelf"
https://catalog.saclibrary.org/GroupedWork/9b4bb15b-f99f-b40e-18cb-93ce6a2abf07-eng,"Gods beneath the ice","Kennington, Alexandra",9780593820148,,"Ace; Penguin Publishing Group; Books on Tape",2026,"New York",eAudiobook;Book;eBook,"Book::Central New Books - 4th Floor: SCIENCE FICTION Kennington, A. - OFF CAMPUS,Book::Rancho Cordova: SCIENCE FICTION Kennington, A. - On Shelf,Book::Rio Linda: SCIENCE FICTION Kennington, A. - On Shelf"
https://catalog.saclibrary.org/GroupedWork/f9d88b27-0cff-d901-e6da-48a3be74958c-eng,"Magic bleeds: [a Kate Daniels novel]","Andrews, Ilona",9780441018529,,"Ace Books; Tantor Media; Penguin Publishing Group; GraphicAudio","2010 - 2023","New York",eAudiobook;eBook;Book,"Book::Fair Oaks: SCIENCE FICTION Andrews, I. - On Shelf,Book::North Natomas: SCIENCE FICTION Andrews, I. - On Shelf,Book::Rio Linda: SCIENCE FICTION Andrews, I. - OFF CAMPUS"
https://catalog.saclibrary.org/GroupedWork/660c1888-d6a5-c069-dbac-62f6664808ee-eng,"Black City demon","Knaak, Richard A",9781633882751,,"Pyr; Pyr, an imprint of Prometheus Books",2017,"Amherst, NY",eBook;Book,"Book::Central: SCIENCE FICTION Knaak, R. - On Shelf,Book::South Natomas: SCIENCE FICTION Knaak, R. - On Shelf"
https://catalog.saclibrary.org/GroupedWork/a61fc3de-b945-96f2-4dd0-71f2a2b568f0-eng,"The true queen","Cho, Zen",9780425283417,,"Recorded Books, Inc.; Ace; Penguin Publishing Group",2019,"New York",eAudiobook;Book;eBook,"Book::Central: SCIENCE FICTION Cho, Z. - On Shelf,Book::Colonial Heights: SCIENCE FICTION Cho, Z. - In Transit,Book::Belle Cooledge: SCIENCE FICTION Cho, Z. - On Shelf"
https://catalog.saclibrary.org/GroupedWork/674f9c57-63a3-5c7d-f02f-a03689b5d0f7-eng,"Three kinds of lucky","Harrison, Kim",9780593437476,,"Ace; Penguin Publishing Group; Books on Tape",2024,"New York",eAudiobook;Book;eBook,"Book::Arcade: FICTION Harrison, K. - Checked Out,Book::Central: FICTION Harrison, K. - On Shelf,Book::Belle Cooledge: FICTION Harrison, K. - On Shelf"
https://catalog.saclibrary.org/GroupedWork/e6284983-e7b4-c4a2-f4a8-ad4c667e80a2-eng,"Arm of the Sphinx","Bancroft, Josiah",9780316517959,,Orbit,"2017 - 2018","New York",eBook;Book,"Book::Central: SCIENCE FICTION Bancroft, J. - On Shelf,Book::McKinley: SCIENCE FICTION Bancroft, J. - On Shelf,Book::Sylvan Oaks: SCIENCE FICTION Bancroft, J. - On Shelf"
https://catalog.saclibrary.org/GroupedWork/145a99fa-18db-418b-8015-315f8829b7d6-eng,"The kingdom of gods","Jemisin, N. K",9780316043946,,"Orbit; Hachette Audio","2011 - 2018","New York",eAudiobook;eBook;Book,"Book::Arcade: SCIENCE FICTION Jemisin, N. - On Shelf,Book::Carmichael: SCIENCE FICTION Jemisin, N. - On Shelf,Book::Colonial Heights: SCIENCE FICTION Jemisin, N. - On Shelf"
https://catalog.saclibrary.org/GroupedWork/61e858cf-3d41-7585-4755-f10c8f2751b4-eng,"The last unicorn","Beagle, Peter S",9780451450524,,"Roc; Penguin Books; Penguin Publishing Group; Books on Tape","2008 - 2022","New York, N.Y., U.S.A",eAudiobook;eBook;Book,"Book::Carmichael: SCIENCE FICTION Beagle, P. - On Shelf,Book::Central: SCIENCE FICTION Beagle, P. - On Shelf,Book::Orangevale: SCIENCE FICTION Beagle, P. - Checked Out"
https://catalog.saclibrary.org/GroupedWork/9071cd53-b197-9000-2441-1a2f120611a8-eng,"The crimson fortress","Raman, Akshaya",9780358468349,,"Clarion Books; Clarion Books, an imprint of HarperCollinsPublishers; HarperCollins",2023,"New York, NY",eAudiobook;eBook;Book,"Book::Arcade Teen Area: TEEN FICTION Raman, A. - On Shelf,Book::Carmichael Teen Area: TEEN FICTION Raman, A. - On Shelf,Book::Central Teen Area - 3rd Floor: TEEN FICTION Raman, A. - On Shelf"
https://catalog.saclibrary.org/GroupedWork/16b0a2de-8b32-84a4-a605-29e682e859c7-eng,"City of lies","Hawke, Sam",9781250306685,,"Tor; Macmillan Audio; Tor Publishing Group",2018,"New York",eAudiobook;eBook;Book,"Book::Carmichael: SCIENCE FICTION Hawke, S. - On Shelf,Book::Central: SCIENCE FICTION Hawke, S. - On Shelf,Book::Rio Linda: SCIENCE FICTION Hawke, S. - On Hold Shelf"
https://catalog.saclibrary.org/GroupedWork/e52a076e-17a3-94be-e8d6-1b5b9b0a58b9-eng,"The elvenbane: an epic high fantasy of the Halfblood Chronicles","Norton, Andre",9780812511758,,"distributed by St. Martin's Press; Tor Books",1991,"New York",Book,
https://catalog.saclibrary.org/GroupedWork/3fab9a02-1a71-9d2f-37ba-3e27822046eb-eng,"What did you do?","O'Riley, Jeneane",9781464225499,,"Bloom Books; Podium Audio","2024 - 2025","Naperville, Illinois",eAudiobook;Book,"Book::Central: SCIENCE FICTION O'Riley, J. - On Shelf,Book::South Natomas: SCIENCE FICTION O'Riley, J. - On Shelf,Book::Valley Hi-North Laguna: SCIENCE FICTION O'Riley, J. - On Shelf"
https://catalog.saclibrary.org/GroupedWork/2e85e150-df9f-a128-df96-6fd12e05af6f-eng,"Hogfather: a novel of Discworld","Pratchett, Terry",9780062276285,,"HarperPrism; HarperCollins; Transworld","1998 - 2021","New York",eAudiobook;eBook;Book,"Book::Carmichael: SCIENCE FICTION Pratchett, T. - On Shelf,Book::Central: SCIENCE FICTION Pratchett, T. - Checked Out,Book::Belle Cooledge: SCIENCE FICTION Pratchett, T. - Checked Out"
https://catalog.saclibrary.org/GroupedWork/4f8f10d1-1610-4e7b-b937-ed3d3c5638c0-eng,"Den of wolves: a Blackthorn & Grim novel","Marillier, Juliet",9780451467034,,"Roc; Penguin Publishing Group",2016,"New York, New York",eBook;Book,"Book::Central: SCIENCE FICTION Marillier, J. - On Shelf,Book::South Natomas: SCIENCE FICTION Marillier, J. - On Shelf,Book::Rio Linda: SCIENCE FICTION Marillier, J. - On Shelf"
https://catalog.saclibrary.org/GroupedWork/5b0aa9e9-f434-5c35-48a9-e06e2387c4b9-eng,"The song that moves the sun","Bright, Anna",9780063083523,,"HarperCollins; HarperTeen, an imprint of HarperCollinsPublishers",2022,"New York, NY",eAudiobook;eBook;Book,"Book::Fair Oaks Teen Area: TEEN FICTION Bright, A. - On Shelf,Book::South Natomas Teen Area: TEEN FICTION Bright, A. - On Shelf,Book::Sacramento Public Library Storage: TEEN FICTION Bright, A. - On Shelf"
https://catalog.saclibrary.org/GroupedWork/6e6abd8f-d694-c15b-96ca-e921b6d66704-eng,"Adrift in currents clean and clear","McGuire, Seanan",9781250848338,,"Tor Dot Com, Tor Publishing Group; Macmillan Audio; Tor Publishing Group",2025,"New York",eAudiobook;Book;eBook,"Book::Carmichael: SCIENCE FICTION McGuire, S. - On Shelf,Book::Central: SCIENCE FICTION McGuire, S. - On Shelf,Book::Colonial Heights: SCIENCE FICTION McGuire, S. - On Shelf"
https://catalog.saclibrary.org/GroupedWork/a255e03c-0394-70ed-cbf2-90dd8fd7bc35-eng,"Irona 700","Duncan, Dave, 1933-",9781504002189,,"Open Road Media; Open Road Integrated Media",2015,"New York",eBook;Book,"Book::Central: SCIENCE FICTION Duncan, D. - On Shelf"
https://catalog.saclibrary.org/GroupedWork/17fd6d4e-2208-1490-baa6-19c49f4fe19a-eng,"The frozen crown: a novel","Kelly, Greta",9780062956958,,"Harper Voyager, an imprint of HarperCollinsPublishers; HarperCollins; Harper Voyager; HarperAudio",2021,"New York, NY",eAudiobook;eBook;Book,"Book::Carmichael: SCIENCE FICTION Kelly, G. - On Shelf,Book::Central: SCIENCE FICTION Kelly, G. - On Shelf,Book::Fair Oaks: SCIENCE FICTION Kelly, G. - On Shelf"
https://catalog.saclibrary.org/GroupedWork/1a290289-3a7e-a3af-8b6d-ff2120950b63-eng,"Shadow and ice","Showalter, Gena",9781335041104,,"HQN; HarlequinAudio; HQN Books",2018,"Toronto, Ontario, Canada",eAudiobook;Book;eBook,"Book::Central: FICTION Showalter, G. - On Shelf,Book::Fair Oaks: FICTION Showalter, G. - On Shelf,Book::McKinley: FICTION Showalter, G. - On Shelf"
https://catalog.saclibrary.org/GroupedWork/925cc959-120d-f98c-f1b1-a79402efeaf2-eng,"Smoke and scar","Fox, Gretchen Powell",9798347116072,,"Scarlett Press; Simon Maverick","2025 - 2026","New York",eAudiobook;Book,"Book::Central New Books - 4th Floor: SCIENCE FICTION Fox, G. - OFF CAMPUS,Book::Elk Grove: SCIENCE FICTION Fox, G. - On Hold Shelf,Book::Franklin: SCIENCE FICTION Fox, G. - On Shelf"
https://catalog.saclibrary.org/GroupedWork/45a44499-a91d-eb9c-888d-a92552f169f4-eng,"Industrial magic","Armstrong, Kelley",9780553587074,,"Tantor Media, Inc.; Bantam Books; Tantor Media, Inc; Random House Publishing Group","2004 - 2008","New York",eAudiobook;Book;eBook,"Book::Sylvan Oaks: SCIENCE FICTION Armstrong, K. - OFF CAMPUS,Book::Sutter County Main Branch: FICTION Armstrong, K. [Paperback] - On Shelf"
https://catalog.saclibrary.org/GroupedWork/2a309dc3-0d82-98e1-8cf5-ede4d3b2f7f0-eng,"The great hunt","Jordan, Robert, 1948-2007",9780765334343,,"Tor; Books on Tape; Tor Publishing Group","1991 - 2011","New York",eAudiobook;Book;eBook,"Book::Carmichael: SCIENCE FICTION Jordan, R. - On Shelf,Book::Central: SCIENCE FICTION Jordan, R. - Checked Out,Book::Fair Oaks: SCIENCE FICTION Jordan, R. - Checked Out"
https://catalog.saclibrary.org/GroupedWork/f27ddf97-ef86-ee91-2d1e-c7d8e10ec23b-eng,"The little country","De Lint, Charles, 1951-",9780920623398,,"Charles de Lint; Morrow","1991 - 2014","New York",eBook;Book,
https://catalog.saclibrary.org/GroupedWork/15866ae2-3bb2-2474-279b-2d8b09ce638f-eng,"Sing the Night","Eccles, Megan Jauregui",9781538781340,,"Hachette Audio; Grand Central; Zando - 8th Note Pr; Grand Central Publishing","2025 - 2026","New York",eAudiobook;Book;eBook,"Book::Central New Books - 4th Floor: SCIENCE FICTION Eccles, M. - On Shelf,Book::Belle Cooledge: SCIENCE FICTION Eccles, M. - Checked Out,Book::Franklin: SCIENCE FICTION Eccles, M. - On Shelf"
https://catalog.saclibrary.org/GroupedWork/561a6fc2-c995-f1a1-1f3d-674b8e1c3891-eng,"Covert game","Feehan, Christine",9780451489876,,"Recorded Books, Inc.; Berkley; Penguin Publishing Group",2018,"New York",eAudiobook;Book;eBook,"Book::Arcade: FICTION Feehan, C. - On Shelf,Book::Carmichael: FICTION Feehan, C. - On Shelf,Book::Central: FICTION Feehan, C. - On Shelf"
https://catalog.saclibrary.org/GroupedWork/bcdb6e22-979d-8fba-6145-b27a72d93171-eng,"Secrets of the Dragon Sanctuary","Mull, Brandon, 1974-",9781606410424,,"Shadow Mountain; Shadow Mountain Publishing",2009,"Salt Lake City, Utah","Audiobook - CD;eBook;Book","Book::Elk Grove Kids' Place: CHILDREN FICTION Mull, B. - Checked Out,Book::Barber Branch: CHILDREN FICTION Mull, B. - On Shelf,Book::Folsom Children's Area: CHILDREN FICTION Mull, B. - Checked Out"
https://catalog.saclibrary.org/GroupedWork/0015240f-9bc0-8e20-c9e3-48be118e6312-eng,"Chosen ones: a novel","Roth, Veronica",9780358164081,,"Houghton Mifflin Harcourt; HarperCollins",2020,Boston,eBook;Book,"Book::Carmichael: SCIENCE FICTION Roth, V. - On Shelf,Book::Central: SCIENCE FICTION Roth, V. - On Shelf,Book::Colonial Heights: SCIENCE FICTION Roth, V. - On Shelf"
https://catalog.saclibrary.org/GroupedWork/7ea3ef27-3dfc-64a0-9ee1-f725b1372a0d-eng,"The burning city","Niven, Larry",9780671036607,,"Pocket Books; Blackstone Publishing","2000 - 2012","New York",eAudiobook;Book,
https://catalog.saclibrary.org/GroupedWork/d229a5a4-d9bf-8cda-845f-5793300862dc-eng,North,"Harris, Ann Michelle",9781960018595,,"Running Wild Press",2025,"[Los Angeles, California]",eBook;Book,"Book::McClatchy Teen Area: TEEN FICTION Harris, A. - On Shelf,Book::Rio Linda Teen Area: TEEN FICTION Harris, A. - On Shelf,Book::Southgate Teen Area: TEEN FICTION Harris, A. - On Shelf"
https://catalog.saclibrary.org/GroupedWork/ed461495-3d19-5b50-7f3a-07ccb675455e-eng,"The cradle of ice","Rollins, James, 1961-",9781250766748,,"Tor, Tor Publishing Group; Macmillan Audio; Tor Publishing Group",2023,"New York",eAudiobook;Book;eBook,"Book::Central: SCIENCE FICTION Rollins, J. - On Shelf,Book::Belle Cooledge: SCIENCE FICTION Rollins, J. - On Shelf,Book::Fair Oaks: SCIENCE FICTION Rollins, J. - On Shelf"
https://catalog.saclibrary.org/GroupedWork/765a3bad-047e-c754-31ed-b2cb3425b52f-eng,"The last road","Johansen, K. V. (Krista V.), 1968-",9781633885547,,"Tantor Media, Inc.; Start Publishing Llc; Pyr","2019 - 2023",Amherst,eBook;Book;eAudiobook,"Book::Fair Oaks: SCIENCE FICTION Johansen, K. - On Shelf"
https://catalog.saclibrary.org/GroupedWork/a0ba5e2c-b6f4-7f01-2d08-15e4dcb79388-eng,Voyager,"Gabaldon, Diana",9780385302326,,"Recorded Books, Inc.; Delacorte Press; Random House Publishing Group","1994 - 2013","New York",eAudiobook;eBook;Book,"Book::Carmichael: FICTION Gabaldon, D. - Checked Out,Book::Barber Branch: FICTION Gabaldon, D. - On Shelf,Book::Colusa Main Branch Adult Collection: Fic - On Shelf"
https://catalog.saclibrary.org/GroupedWork/fb112e1d-6cca-4967-33d6-c0459b505de6-eng,"Tooth and claw","Walton, Jo",9780765302649,,"Tor; Tor Publishing Group",2003,"New York",eBook;Book,
https://catalog.saclibrary.org/GroupedWork/b81cd986-8099-b765-d547-616158cd01db-eng,"Highfire: a novel","Colfer, Eoin",9780062938558,,"HarperPerennial; HarperCollins; Harper Perennial; HarperAudio",2020,"New York",eAudiobook;eBook;Book,"Book::Arcade: SCIENCE FICTION Colfer, E. - On Shelf,Book::Central: SCIENCE FICTION Colfer, E. - On Shelf,Book::Colonial Heights: SCIENCE FICTION Colfer, E. - On Shelf"
https://catalog.saclibrary.org/GroupedWork/77584b4e-b8b4-5283-ef41-6c5a798eca37-eng,"The lost story: a novel","Shaffer, Meg",9780593598870,,"Ballantine Books; Random House Publishing Group; Books on Tape",2024,"New York",eAudiobook;eBook;Book,"Book::Arcade: FICTION Shaffer, M. - On Shelf,Book::Carmichael: FICTION Shaffer, M. - On Shelf,Book::Central: FICTION Shaffer, M. - On Shelf"
https://catalog.saclibrary.org/GroupedWork/e9511b55-052a-3270-2689-4062a7e9ef00-eng,"Fallen city","Young, Adrienne, 1985-",9781250794192,,"Saturday Books; St. Martin's Publishing Group; Macmillan Audio",2025,"New York, N.Y",eAudiobook;eBook;Book,"Book::Central New Books - 4th Floor: SCIENCE FICTION Young, A. - On Shelf,Book::Fair Oaks: SCIENCE FICTION Young, A. - On Shelf,Book::McKinley: SCIENCE FICTION Young, A. - On Shelf"
https://catalog.saclibrary.org/GroupedWork/966c16d6-9ea6-584b-8385-760b6597fd6c-eng,"The fall","Townsend, Tracy, 1979-",9781633884984,,"Recorded Books, Inc.; Start Publishing Llc; Pyr, an imprint of Start Science Fiction",2019,"Jersey City, New Jersey",eBook;Book;eAudiobook,"Book::Southgate: SCIENCE FICTION Townsend, T. - On Shelf"
https://catalog.saclibrary.org/GroupedWork/a087aa8a-d3cf-e9d4-be9f-edec64df8fd8-eng,"Lord of chaos","Jordan, Robert, 1948-2007",9780812513752,,"TOR; Audio Renaissance; Books on Tape; Tor Publishing Group","1994 - 2011","New York","eAudiobook;Audiobook - CD;Book;eBook","Book::Carmichael: SCIENCE FICTION Jordan, R. - On Shelf,Book::Central: SCIENCE FICTION Jordan, R. - Checked Out,Book::Fair Oaks: SCIENCE FICTION Jordan, R. - On Shelf"
https://catalog.saclibrary.org/GroupedWork/aebef9f3-dc32-310d-b617-943e4bf3ebae-eng,"Graceless heart","Ibañez, Isabel (Novelist)",9781250376695,,"Saturday Books; St. Martin's Publishing Group; Macmillan Audio",2026,"New York",eAudiobook;eBook;Book,"Book::Carmichael: SCIENCE FICTION Ibanez, I. - Checked Out,Book::Central New Books - 4th Floor: SCIENCE FICTION Ibanez, I. - Checked Out,Book::Belle Cooledge: SCIENCE FICTION Ibanez, I. - Checked Out"
https://catalog.saclibrary.org/GroupedWork/7ff983da-22d0-36a9-1c72-a6f8bf931e2d-eng,"The city and its uncertain walls","Murakami, Haruki, 1949-",9780593801970,,"Alfred A. Knopf; Knopf Doubleday Publishing Group; Books on Tape",2024,"New York",eAudiobook;eBook;Book,"Book::Carmichael: FICTION Murakami, H. - On Shelf,Book::Central: FICTION Murakami, H. - Checked Out,Book::Colonial Heights: FICTION Murakami, H. - On Shelf"
https://catalog.saclibrary.org/GroupedWork/0238ffbe-b91b-c208-550a-90bfb2edc2f5-eng,"The chosen: a novel of the Black Dagger Brotherhood","Ward, J. R., 1969-",9780451475190,,"Ballantine Books; Random House Publishing Group; Books on Tape",2017,"New York",eAudiobook;eBook;Book,"Book::Central: FICTION Ward, J. - On Shelf,Book::Fair Oaks: FICTION Ward, J. - On Shelf,Book::Rancho Cordova: FICTION Ward, J. - On Shelf"
https://catalog.saclibrary.org/GroupedWork/087eb2f2-0362-0327-fede-cc81a23a7da5-eng,"When demons walk","Briggs, Patricia",9780441005345,,"Ace Books; Penguin Publishing Group; Books on Tape","1998 - 2011","New York",eAudiobook;Book;eBook,"Book::Courtland: SCIENCE FICTION Briggs, P. - On Shelf,Book::Fair Oaks: SCIENCE FICTION Briggs, P. - On Shelf,Book::Rancho Cordova: SCIENCE FICTION Briggs, P. - On Shelf"
https://catalog.saclibrary.org/GroupedWork/c46210fc-bb92-5332-df5c-08083b5e2eb6-eng,"The book that held her heart","Lawrence, Mark, 1966-",9780593437971,,"Ace; Penguin Publishing Group; Books on Tape",2025,"New York",eAudiobook;Book;eBook,"Book::Central: SCIENCE FICTION Lawrence, M. - On Shelf,Book::Colonial Heights: SCIENCE FICTION Lawrence, M. - On Shelf,Book::McClatchy: SCIENCE FICTION Lawrence, M. - On Shelf"
https://catalog.saclibrary.org/GroupedWork/85b349b0-0348-69d5-50b3-764c056aa23b-eng,"Summon the Keeper","Huff, Tanya",9780886777845,,"Tantor Media, Inc.; Astra Publishing House; DAW Books","1998 - 2018","New York",eBook;Book;eAudiobook,
https://catalog.saclibrary.org/GroupedWork/4ceeceb8-17b3-3d53-7735-a62974b7d722-eng,"The serpent and the wolf","Robinson, Rebecca, 1995-",9781668052488,,"Saga Press; S&S/Saga Press; Simon & Schuster Audio",2024,London,eAudiobook;eBook;Book,"Book::Arden-Dimick: SCIENCE FICTION Robinson, R. - On Shelf,Book::Central: SCIENCE FICTION Robinson, R. - On Shelf,Book::Belle Cooledge: SCIENCE FICTION Robinson, R. - On Shelf"
https://catalog.saclibrary.org/GroupedWork/2eb1c54c-a051-1540-d71f-779144d6414f-eng,"Master Alvin","Card, Orson Scott",9780765300188,,"Macmillan Audio; Tor Publishing Group",2026,"New York",eAudiobook;Book;eBook,"Book::Central New Books - 4th Floor: SCIENCE FICTION Card, O. - On Shelf,Book::Franklin: SCIENCE FICTION Card, O. - On Shelf,Book::Orangevale: SCIENCE FICTION Card, O. - On Shelf"
https://catalog.saclibrary.org/GroupedWork/7e837f9c-04f1-08b3-91cd-45d06acb6400-eng,"The shadow rising","Jordan, Robert, 1948-2007",9780765334671,,"TOR; Macmillan Audio; Books on Tape; Tor Publishing Group","1993 - 2011","New York",eAudiobook;Book;eBook,"Book::Colonial Heights: SCIENCE FICTION Jordan, R. - On Shelf,Book::Orangevale: SCIENCE FICTION Jordan, R. - Checked Out,Book::Rancho Cordova: SCIENCE FICTION Jordan, R. - On Shelf"
https://catalog.saclibrary.org/GroupedWork/4fb91fad-1a56-9dd2-ed6a-4193f465b1e8-eng,"The blacktongue thief","Buehlman, Christopher",9781250621191,,"Tor; Macmillan Audio; Tor Publishing Group",2021,"New York",eAudiobook;Book;eBook,"Book::Carmichael: SCIENCE FICTION Buehlman, C. - Checked Out,Book::Central: SCIENCE FICTION Buehlman, C. - On Shelf,Book::Fair Oaks: SCIENCE FICTION Buehlman, C. - On Shelf"
https://catalog.saclibrary.org/GroupedWork/b881e259-961b-7198-a2fa-9b0955bb3a6e-eng,"Best served cold","Abercrombie, Joe",9780316198356,,"Orbit; Hachette Audio; Orbit Us","2009 - 2015","New York",eAudiobook;Book;eBook,"Book::Arcade: SCIENCE FICTION Abercrombie, J. - On Shelf,Book::Central: SCIENCE FICTION Abercrombie, J. - Checked Out,Book::Rancho Cordova: SCIENCE FICTION Abercrombie, J. - On Shelf"
https://catalog.saclibrary.org/GroupedWork/5be3db13-f09f-31f2-e317-46be5d979d73-eng,"The damned","Woods, Harper L",9781250365255,,"Bramble/Tor Publishing Group; Macmillan Audio; Tor Publishing Group",2025,"New York",eAudiobook;Book;eBook,"Book::Central: FICTION Woods, H. - On Shelf,Book::North Natomas: FICTION Woods, H. - On Shelf,Book::Orangevale: FICTION Woods, H. - On Shelf"
https://catalog.saclibrary.org/GroupedWork/879c469a-c2da-4040-c323-a2b3e81faf99-eng,"Lucy undying: a Dracula novel","White, Kiersten",9780593724408,,"Del Rey; Random House Worlds; Books on Tape",2024,"New York",eAudiobook;Book;eBook,"Book::Carmichael: FICTION White, K. - Checked Out,Book::Central: FICTION White, K. - On Shelf,Book::Del Paso Heights: FICTION White, K. - On Shelf"
https://catalog.saclibrary.org/GroupedWork/cc5b53ff-3d18-5489-0ee9-2d025ccb6e38-eng,"Between dragons and their wrath","Madson, Devin",9780316417983,,"Orbit; Hachette Audio",2024,"New York, NY",eAudiobook;Book;eBook,"Book::Belle Cooledge: SCIENCE FICTION Madson, D. - On Shelf"
https://catalog.saclibrary.org/GroupedWork/73d76a81-6a9c-7989-224b-eb79e3961b9a-eng,"Resonance surge","Singh, Nalini, 1977-",9780593440704,,"Tantor Media, Inc; Berkley; Penguin Publishing Group",2023,"New York",eAudiobook;Book;eBook,"Book::Carmichael: FICTION Singh, N. - On Shelf,Book::Central: FICTION Singh, N. - On Shelf,Book::Elk Grove: FICTION Singh, N. - On Shelf"
https://catalog.saclibrary.org/GroupedWork/8b621873-3b18-b4ca-1798-7726a9a4259f-eng,"Empire of the dawn","Kristoff, Jay",9781250245373,,"St. Martin's Press; St. Martin's Publishing Group; Macmillan Audio",2025,"New York",eAudiobook;eBook;Book,"Book::Carmichael: SCIENCE FICTION Kristoff, J. - Checked Out,Book::Central New Books - 4th Floor: SCIENCE FICTION Kristoff, J. - On Shelf,Book::Fair Oaks: SCIENCE FICTION Kristoff, J. - Checked Out"
https://catalog.saclibrary.org/GroupedWork/0007a93f-9e40-d57d-1948-990153cd709f-eng,"The hidden girl and other stories","Liu, Ken, 1976-",9781982134037,,"Saga Press; S&S/Saga Press; Simon & Schuster Audio",2020,London,eAudiobook;Book;eBook,"Book::Carmichael: SCIENCE FICTION Liu, K. - On Shelf,Book::North Sacramento-Hagginwood: SCIENCE FICTION Liu, K. - Checked Out,Book::Pocket-Greenhaven: SCIENCE FICTION Liu, K. - Checked Out"
https://catalog.saclibrary.org/GroupedWork/d8e05edc-e006-77e7-d5b5-1b92e356a00b-eng,"The Olympian affair","Butcher, Jim, 1971-",9780451466822,,"Ace; Books on Tape; Penguin Publishing Group",2023,"New York",eAudiobook;Book;eBook,"Book::Carmichael: SCIENCE FICTION Butcher, J. - On Shelf,Book::Central: SCIENCE FICTION Butcher, J. - On Shelf,Book::Elk Grove: SCIENCE FICTION Butcher, J. - On Shelf"
https://catalog.saclibrary.org/GroupedWork/638b7a06-58c0-4585-8ec8-9dd79aa39ddc-eng,"Demon in white","Ruocchio, Christopher",9780756413064,,"Recorded Books, Inc.; Daw Books; Astra Publishing House",2020,"[United States]",eAudiobook;Book;eBook,"Book::Central: SCIENCE FICTION Ruocchio, C. - Checked Out,Book::South Natomas: SCIENCE FICTION Ruocchio, C. - OFF CAMPUS"
https://catalog.saclibrary.org/GroupedWork/a26c6613-6c5f-5f32-71d6-7080224df3b6-eng,"Shigidi and the brass head of Obalufon","Talabi, Wole",9780756418267,,"Recorded Books, Inc.; Astra Publishing House; DAW Books",2023,"[New York]",eAudiobook;Book;eBook,"Book::Central: FICTION Talabi, W. - On Shelf,Book::Elk Grove: FICTION Talabi, W. - On Shelf,Book::Orangevale: FICTION Talabi, W. - On Shelf"
https://catalog.saclibrary.org/GroupedWork/ea99d51d-84a7-a02b-acc5-3ced3b01b9e0-eng,"Secrets of the chocolate house","Brackston, Paula",9781250072443,,"St. Martin's Press; St. Martin's Publishing Group; Macmillan Audio",2019,"New York",eAudiobook;Book;eBook,"Book::Central: FICTION Brackston, P. - On Shelf,Book::Fair Oaks: FICTION Brackston, P. - On Shelf,Book::Franklin: FICTION Brackston, P. - On Shelf"
https://catalog.saclibrary.org/GroupedWork/1eaf2d7b-cfb5-eca4-f020-e459bb69c0d5-eng,"Parasol against the axe","Oyeyemi, Helen",9780593192368,,"Riverhead Books; Books on Tape",2024,"New York",eAudiobook;Book,"Book::Carmichael: FICTION Oyeyemi, H. - On Shelf,Book::Central: FICTION Oyeyemi, H. - On Shelf,Book::Elk Grove: FICTION Oyeyemi, H. - On Shelf"
https://catalog.saclibrary.org/GroupedWork/47d20cf3-656e-d9f0-6ed1-8fcfcece56b2-eng,"The dysasters","Cast, P. C",9781250141040,,"Wednesday Books; Macmillan Audio",2019,"New York",eAudiobook;Book,"Book::Central Teen Area - 3rd Floor: TEEN FICTION Cast, P. - On Shelf,Book::North Natomas: TEEN FICTION Cast, P. - On Shelf,Book::Sacramento Public Library Storage: TEEN FICTION Cast, P. - On Shelf"
https://catalog.saclibrary.org/GroupedWork/acf6d70a-3873-0268-5476-7b2098b5ee59-eng,"Throne of the Crescent Moon","Ahmed, Saladin",9780756407117,,"Astra Publishing House; DAW Books",2012,"New York",eBook;Book,"Book::Arcade: SCIENCE FICTION Ahmed, S. - On Shelf,Book::Central: SCIENCE FICTION Ahmed, S. - On Shelf"
https://catalog.saclibrary.org/GroupedWork/f2ebb5c0-fb21-7a47-ca77-c42a09563ecc-eng,"Champion of the scarlet wolf: Book two","Hale, Ginn",9781935560340,,"Blind Eye Books","2015 - 2016","Bellingham, WA",eBook;Book,"Book::Central: SCIENCE FICTION Hale, G. bk.2 - On Shelf"
https://catalog.saclibrary.org/GroupedWork/be3e14b4-0e76-f3ec-3857-3785875a688b-eng,"Acorna's rebels","McCaffrey, Anne",9780380978991,,"HarperCollins; Eos; HarperCollins e-books","2003 - 2009","New York",eBook;Book,"Book::Central: SCIENCE FICTION McCaffrey, A. - On Shelf,Book::Colusa Main Branch Adult Collection: Fic - On Shelf"
https://catalog.saclibrary.org/GroupedWork/f2f36c50-effe-453a-6e84-5e5907b1b9d6-eng,"The tower of fools","Sapkowski, Andrzej",9780316705356,,Orbit,2020,"New York, NY",eBook;Book,"Book::Arcade: SCIENCE FICTION Sapkowski, A. - Checked Out,Book::Carmichael: SCIENCE FICTION Sapkowski, A. - On Shelf,Book::Central: SCIENCE FICTION Sapkowski, A. - On Shelf"
https://catalog.saclibrary.org/GroupedWork/b3ab126f-16c8-8c38-bb5c-305891febb38-eng,"The rift walker","Griffith, Clay",9781616145231,,"Start Publishing Llc; Pyr",2011,"Amherst, NY",eBook;Book,"Book::Central: SCIENCE FICTION Griffith, C. - On Shelf"
https://catalog.saclibrary.org/GroupedWork/2747bce6-5acb-f2d8-4493-441cf3e55c36-eng,"The emerald city of Oz","Baum, L. Frank (Lyman Frank), 1856-1919",9780688115586,,"Reilly and Britton; Interactive Media; Project Gutenberg; Hesperus Press; Dreamscape Media; HarperCollins Canada; Ventigo Media Spółka; Open Road Media; Start Publishing LLC; Pandora's Box; Dancing Unicorn Books; Morrow; Neeland Media LLC; Findaway Voices","1910 - 2024","New York; [s.l.]",eBook;Book;eAudiobook,"Book::Carmichael Children's Area: CHILDREN FICTION Baum, L. - On Shelf,Book::Belle Cooledge Children's Area: CHILDREN FICTION Baum, L. - On Shelf,Book::Del Paso Heights Children's Area: CHILDREN FICTION Baum, L. - On Shelf"
https://catalog.saclibrary.org/GroupedWork/97958185-0f6e-1281-054a-4ee60b4dc012-eng,"The shifter","Johnson, Jean, 1972-",9780425247334,,"Berkley Sensation; Penguin Publishing Group",2012,"New York",eBook;Book,"Book::Central: FICTION Johnson, J. - On Shelf"
https://catalog.saclibrary.org/GroupedWork/189efb71-f941-9f81-8fd2-4392bb526e64-eng,"Merchant of Alyss","Locke, Thomas, 1952-",9780800724481,,"Recorded Books, Inc.; Revell, a division of Baker Publishing Group; Baker Publishing Group","2015 - 2018","Grand Rapids, Michigan",eBook;Book;eAudiobook,"Book::Central: SCIENCE FICTION Locke, T. - On Shelf"
https://catalog.saclibrary.org/GroupedWork/5fe6945c-07b2-ef7a-1ae6-81f3f99d4b2d-eng,"Beauty and the werewolf","Lackey, Mercedes",9780373803286,,"Luna; LUNA","2011 - 2012","New York",eBook;Book,"Book::Central: SCIENCE FICTION Lackey, M. - On Shelf"
https://catalog.saclibrary.org/GroupedWork/bf6fee75-134c-b657-2189-8c1ba3356463-eng,"One fell sweep","Andrews, Ilona",9781540857217,,"NYLA; GraphicAudio; NYLA Publishing","2016 - 2022","New York",eAudiobook;eBook;Book,"Book::Rio Linda: SCIENCE FICTION Andrews, I. - Checked Out"
https://catalog.saclibrary.org/GroupedWork/78e7d795-f8bb-851d-ea54-ca32efc6a348-eng,"The shadow queen: a black jewel novel","Bishop, Anne",9780451462541,,"Recorded Books, Inc.; New American Library; Penguin Publishing Group","2009 - 2014","New York",eAudiobook;Book;eBook,"Book::Franklin: SCIENCE FICTION Bishop, A. - On Shelf,Book::Sylvan Oaks: SCIENCE FICTION Bishop, A. - On Shelf,Book::Sutter County Main Branch: SCIENCE FICTION Bishop, A. - On Shelf"
https://catalog.saclibrary.org/GroupedWork/0f327ce4-d4dc-92db-0bcd-eaa3c26822d4-eng,"Seasonal fears","McGuire, Seanan",9781250768261,,"Macmillan Audio; Tordotcom; Tor Publishing Group",2022,"New York",eAudiobook;Book;eBook,"Book::Carmichael: SCIENCE FICTION McGuire, S. - On Shelf,Book::Central: SCIENCE FICTION McGuire, S. - On Shelf,Book::Pocket-Greenhaven: SCIENCE FICTION McGuire, S. - On Shelf"
https://catalog.saclibrary.org/GroupedWork/a338685b-f51b-f6c0-36a3-4cb8c217c2a6-eng,Valdemar,"Lackey, Mercedes",9780756417390,,"Tantor Media, Inc.; Astra Publishing House; Tantor Media, Inc; DAW Books","2023 - 2024","New York",eAudiobook;Book;eBook,"Book::Carmichael: SCIENCE FICTION Lackey, M. - On Shelf,Book::Central: SCIENCE FICTION Lackey, M. - On Shelf,Book::Rancho Cordova: SCIENCE FICTION Lackey, M. - On Hold Shelf"
https://catalog.saclibrary.org/GroupedWork/bb54977f-d2c5-faea-aa96-5751c4f62cfe-eng,Lapvona,"Moshfegh, Ottessa",9780593300268,,"Books on Tape; Penguin Publishing Group; Penguin Press",2022,"New York",eAudiobook;Book;eBook,"Book::Arcade: FICTION Moshfegh, O. - Checked Out,Book::Carmichael: FICTION Moshfegh, O. - Checked Out,Book::Belle Cooledge: FICTION Moshfegh, O. - On Shelf"
https://catalog.saclibrary.org/GroupedWork/f8d4ef85-1799-ea77-54ec-75968461b7fa-eng,"The good, the bad, and the smug","Holt, Tom, 1961-",9780316368810,,"Orbit; Hachette Audio",2015,"New York",eBook;Book;eAudiobook,"Book::Central: SCIENCE FICTION Holt, T - Checked Out,Book::North Natomas: SCIENCE FICTION Holt, T - On Shelf"
https://catalog.saclibrary.org/GroupedWork/69e50369-05c0-df93-4781-437b2b76baf1-eng,"The glass god","Griffin, Kate, 1986-",9780316187275,,Orbit,2013,"New York",eBook;Book,"Book::Carmichael: SCIENCE FICTION Griffin, K. - On Shelf,Book::Central: SCIENCE FICTION Griffin, K. - On Shelf"
https://catalog.saclibrary.org/GroupedWork/c753b6bc-dde8-1fdc-7489-cb7795324ed0-eng,"The library of Amorlin","Josephson, Kalyn",9781645662631,,"Recorded Books, Inc.; Erewhon; Erewhon Books",2026,"New York",eAudiobook;Book;eBook,"Book::Arcade: SCIENCE FICTION Josephson, K. - Checked Out,Book::Central New Books - 4th Floor: SCIENCE FICTION Josephson, K. - On Shelf,Book::Belle Cooledge: SCIENCE FICTION Josephson, K. - On Shelf"
https://catalog.saclibrary.org/GroupedWork/695d6b53-774c-77b1-a3cb-e810a273e984-eng,Antiphon,"Scholes, Ken",9780765321299,,"Tor; Tor Publishing Group",2010,"New York",eBook;Book,"Book::Central: SCIENCE FICTION Scholes, K. - On Shelf"
https://catalog.saclibrary.org/GroupedWork/a4045fe9-3179-4a20-50a9-8263bb3d1359-eng,"Steel crow saga","Krueger, Paul, 1989-",9780593128220,,"Books on Tape; Del Rey",2019,"New York",eAudiobook;Book,"Book::Central: SCIENCE FICTION Krueger, P. - On Shelf,Book::Pocket-Greenhaven: SCIENCE FICTION Krueger, P. - On Shelf,Book::Rio Linda: SCIENCE FICTION Krueger, P. - On Shelf"
https://catalog.saclibrary.org/GroupedWork/3f455c64-fc25-8c1b-61b1-7f5caab44ab9-eng,"Two years eight months and twenty-eight nights: a novel","Rushdie, Salman",9780812998917,,"Random House; Random House Publishing Group; Books on Tape",2015,"New York",eAudiobook;eBook;Book,"Book::Carmichael: FICTION Rushdie, S. - On Shelf,Book::Elk Grove: FICTION Rushdie, S. - On Shelf,Book::North Natomas: FICTION Rushdie, S. - On Shelf"
https://catalog.saclibrary.org/GroupedWork/d6758270-494f-23d7-4133-b272d910f4ff-eng,"Sweet ruin","Cole, Kresley",9781451649970,,"Simon & Schuster Audio; Gallery Books",2015,"New York",eAudiobook;Book;eBook,"Book::Central: FICTION Cole, K. - On Shelf,Book::Sylvan Oaks: FICTION Cole, K. - On Shelf,Book::Woodland Public Library: FICTION Cole, K. - On Shelf"
https://catalog.saclibrary.org/GroupedWork/2365b7bc-9bb9-33c2-8c35-fbe00df68833-eng,"Stone cold","Monk, Devon",9780451417930,,"Roc; Tantor Media, Inc; Penguin Publishing Group","2014 - 2025","New York, New York",eBook;Book;eAudiobook,"Book::Elk Grove: SCIENCE FICTION Monk, D. - On Shelf"
https://catalog.saclibrary.org/GroupedWork/87991115-a159-639d-6fde-d5128d408ff1-eng,"The brides of Maracoor: a novel","Maguire, Gregory",9780063093966,,"HarperCollins; William Morrow, an imprint of HarperCollinsPublishers",2021,"New York, NY",eAudiobook;Book;eBook,"Book::Arcade: SCIENCE FICTION Maguire, G. - On Shelf,Book::Central: SCIENCE FICTION Maguire, G. - On Shelf,Book::Belle Cooledge: SCIENCE FICTION Maguire, G. - On Shelf"
https://catalog.saclibrary.org/GroupedWork/9eacad70-cc92-2b76-029c-0d3e12c2682b-eng,"The sword of Midras: a shroud of the Avatar novel","Hickman, Tracy",9780765382306,,"Tor; Tor Publishing Group",2016,"New York",eBook;Book,"Book::Rio Linda: SCIENCE FICTION Hickman, T. - On Shelf,Book::Valley Hi-North Laguna: SCIENCE FICTION Hickman, T. - On Shelf"
https://catalog.saclibrary.org/GroupedWork/7724499c-a6a2-9f69-567e-43b6a4040a01-eng,"Serpent's storm","Benson, Amber, 1977-",9780441020096,,"Ace Books; Books on Tape",2011,"New York",eAudiobook;Book,"Book::Franklin: SCIENCE FICTION Benson, A. - On Shelf"
https://catalog.saclibrary.org/GroupedWork/db3f35c8-c799-7122-53a4-856dedc1c70a-eng,"And put away childish things","Tchaikovsky, Adrian, 1972-",9781786188793,,"Tantor Media, Inc.; Rebellion Publishing Ltd; Solaris",2023,"Oxford, UK",eBook;Book;eAudiobook,"Book::Carmichael: SCIENCE FICTION Tchaikovsky, A. - On Shelf,Book::Central: SCIENCE FICTION Tchaikovsky, A. - On Shelf,Book::North Natomas: SCIENCE FICTION Tchaikovsky, A. - On Shelf"
https://catalog.saclibrary.org/GroupedWork/b4789365-5ff6-434b-f2f8-5ed767782cca-eng,"Thorn Jack: a Night and nothing novel","Harbour, Katherine, 1967-",9780062286734,,"Harper Voyager; HarperCollins",2014,"New York",eBook;Book,"Book::South Natomas: SCIENCE FICTION Harbour, K. - On Shelf"
https://catalog.saclibrary.org/GroupedWork/d767d3f8-32ed-6a69-1153-22a06174d4c1-eng,"The dark ferryman","Rhodes, Jenna",9780756405212,,"Distributed by Penguin Group; DAW; DAW Books",2008,"New York",eBook;Book,
https://catalog.saclibrary.org/GroupedWork/ac2e69a0-7493-f355-76b3-a591ba80d780-eng,"Wolfsbane winter","Fletcher, Jane, 1956-",9781602821583,,"Bold Strokes; Publishers Group UK [distributor]; Bold Strokes Books, Inc.",2010,"Enfield; New York",eBook;Book,"Book::Central: FICTION Fletcher, J. - On Shelf"
https://catalog.saclibrary.org/GroupedWork/d546e1d0-ccc1-3fbd-f476-7ca532fd2d98-eng,"Magic rises","Andrews, Ilona",9781937007584,,"Recorded Books, Inc.; Ace Books; Penguin Publishing Group; GraphicAudio","2013 - 2024","New York, NY",eAudiobook;eBook;Book,"Book::Central: SCIENCE FICTION Andrews, I. - OFF CAMPUS,Book::Franklin: SCIENCE FICTION Andrews, I. - Checked Out,Book::Orangevale: SCIENCE FICTION Andrews, I. - LINK+ PAGED"
https://catalog.saclibrary.org/GroupedWork/212ff0e7-7049-f0fa-931b-a8e2c8f5477a-eng,"North is the night","Rath, Emily",9781645662204,,"Recorded Books, Inc.; Erewhon, an imprint of Kensington Publishing Corp; Erewhon Books","2024 - 2025","New York, NY",eAudiobook;eBook;Book,"Book::Central: SCIENCE FICTION Rath, E. - On Shelf,Book::Galt: SCIENCE FICTION Rath, E. - On Shelf,Book::Rio Linda: SCIENCE FICTION Rath, E. - On Shelf"
https://catalog.saclibrary.org/GroupedWork/2134a2e0-b043-3559-fb80-37bc5157878f-eng,Fated,"Jacka, Benedict",9781937007294,,"Ace Books; Tantor Media, Inc; Penguin Publishing Group","2012 - 2013","New York",eAudiobook;Book;eBook,"Book::Central: SCIENCE FICTION Jacka, B. - On Shelf,Book::McKinley: SCIENCE FICTION Jacka, B. - On Shelf"
https://catalog.saclibrary.org/GroupedWork/e5a2d5b9-b29c-d29f-c200-a092eb2ce0a7-eng,"Feet of clay: a novel of Discworld","Pratchett, Terry",9780062275516,,"HarperPrism; HarperCollins; Transworld","1996 - 2023","New York, N.Y",eAudiobook;eBook;Book,
https://catalog.saclibrary.org/GroupedWork/a6611bc4-d48c-0af0-a3fd-b8aebcfdff1c-eng,"Gather the fortunes","Camp, Bryan",9781328876713,,"Recorded Books, Inc.; Houghton Mifflin Harcourt; HarperCollins; Harper Voyager",2019,Boston,eBook;Book;eAudiobook,"Book::Central: SCIENCE FICTION Camp, B. - On Shelf,Book::Courtland: SCIENCE FICTION Camp, B. - On Shelf,Book::South Natomas: SCIENCE FICTION Camp, B. - On Shelf"
https://catalog.saclibrary.org/GroupedWork/8a72bea4-46d5-15a1-41e4-b2e3c97fafab-eng,"The magician of Tiger Castle","Sachar, Louis, 1954-",9780593952306,,"Ace; Books on Tape; Penguin Publishing Group",2025,"New York",eAudiobook;eBook;Book,"Book::Central: SCIENCE FICTION Sachar, L. - Checked Out,Book::Colonial Heights: SCIENCE FICTION Sachar, L. - On Shelf,Book::Elk Grove: SCIENCE FICTION Sachar, L. - On Shelf"
https://catalog.saclibrary.org/GroupedWork/5e1dceb4-a698-c55c-bb41-d885e9a20a6f-eng,"The measure of the magic: legends of Shannara","Brooks, Terry",9780345484208,,"Random House Worlds; Ballantine Books",2011,"New York",eBook;Book,"Book::Carmichael: SCIENCE FICTION Brooks, T. - On Shelf,Book::McKinley: SCIENCE FICTION Brooks, T. - On Shelf,Book::Valley Hi-North Laguna: SCIENCE FICTION Brooks, T. - On Shelf"
https://catalog.saclibrary.org/GroupedWork/15267be7-8c92-6fee-ff69-d8e11918bc34-eng,"The rook: a novel","O'Malley, Daniel",9780316098809,,"Little, Brown and Company; Little, Brown and Co; Dreamscape Media",2012,"New York",eAudiobook;Book;eBook,"Book::Fair Oaks: FICTION O'Malley, D. - On Shelf"
https://catalog.saclibrary.org/GroupedWork/84ffc8d5-ba53-ff23-dd33-d71a664b7642-eng,"Wild reverence: a novel","Ross, Rebecca (Rebecca J.)",9781250373359,,"Saturday Books; St. Martin's Publishing Group; Macmillan Audio",2025,"New York",eAudiobook;eBook;Book,"Book::Central New Books - 4th Floor: FICTION Ross, R. - Checked Out,Book::Galt: FICTION Ross, R. - On Shelf,Book::McKinley: FICTION Ross, R. - Checked Out"
https://catalog.saclibrary.org/GroupedWork/1caae9cc-37f9-928d-451e-fa4f55025f4d-eng,"Wonders of the invisible world","McKillip, Patricia A",9781616960872,,"Tantor Media, Inc.; Tachyon; Tachyon Publications","2012 - 2020","San Francisco, CA",eBook;Book;eAudiobook,"Book::Carmichael: SCIENCE FICTION McKillip, P. - On Shelf,Book::Central: SCIENCE FICTION McKillip, P. - On Shelf"
https://catalog.saclibrary.org/GroupedWork/e7a52619-a77d-40c8-2f5d-4384134867b8-eng,Transcendent,"Alanson, Craig",9781520273945,,"Podium Audio; [publisher not identified]","2016 - 2018","[San Bernardino, California]",Book;eAudiobook,"Book::Pocket-Greenhaven: SCIENCE FICTION Alanson, C. - On Shelf"
https://catalog.saclibrary.org/GroupedWork/816198d4-493e-928d-1738-f854915eed21-eng,"Silence fallen","Briggs, Patricia",9780425281277,,"Ace; Penguin Publishing Group; Books on Tape",2017,"New York",eAudiobook;eBook;Book,"Book::Central: SCIENCE FICTION Briggs, P. - On Shelf,Book::Belle Cooledge: SCIENCE FICTION Briggs, P. - On Shelf,Book::Franklin: SCIENCE FICTION Briggs, P. - On Shelf"
https://catalog.saclibrary.org/GroupedWork/d44ec2a7-d95a-cf33-7622-8a27472cdcbb-eng,"Dead heat: an Alpha and Omega novel","Briggs, Patricia",9780425256756,,"Ace Books; Penguin Publishing Group; Books on Tape","2015 - 2025","New York",eAudiobook;Book;eBook,"Book::Belle Cooledge: SCIENCE FICTION Briggs, P. - On Shelf,Book::Franklin: SCIENCE FICTION Briggs, P. - On Shelf,Book::South Natomas: SCIENCE FICTION Briggs, P. - On Shelf"
https://catalog.saclibrary.org/GroupedWork/fc8d2034-8847-185c-70b2-0875f00903df-eng,"A queen of thieves and chaos","Tucker, K. A. (Kathleen A.), 1978-",9781990105302,,"Tantor Media, Inc; K.A. Tucker Books",2023,"United States",eAudiobook;Book,"Book::Arcade: SCIENCE FICTION Tucker, K. - On Shelf,Book::Carmichael: SCIENCE FICTION Tucker, K. - On Shelf,Book::Pocket-Greenhaven: SCIENCE FICTION Tucker, K. - On Shelf"
https://catalog.saclibrary.org/GroupedWork/a104ca0a-5340-0b85-46cb-5f1d28d895c7-eng,"Queen of song and souls","Wilson, C. L",9780062022998,,"HarperCollins; HarperAudio; Avon","2010 - 2011","New York",eAudiobook;eBook;Book,"Book::Central: SCIENCE FICTION Wilson, C. - On Shelf,Book::Courtland: SCIENCE FICTION Wilson, C. - On Shelf,Book::North Sacramento-Hagginwood: SCIENCE FICTION Wilson, C. - On Shelf"
https://catalog.saclibrary.org/GroupedWork/4142074a-7667-74e3-ca3d-9f942454f519-eng,"Uncanny times","Gilman, Laura Anne",9781534415928,,"Saga Press; S&S/Saga Press; OrangeSky Audio","2022 - 2023","New York",eBook;Book;eAudiobook,"Book::Central: SCIENCE FICTION Gilman, L. - On Shelf,Book::Courtland: SCIENCE FICTION Gilman, L. - On Shelf,Book::McKinley: SCIENCE FICTION Gilman, L. - On Shelf"
https://catalog.saclibrary.org/GroupedWork/e6d7690d-a600-7072-5fd0-03dc0ae70792-eng,"The power: a novel","Alderman, Naomi",9780316547611,,"Hachette Audio; Little, Brown and Company",2017,"New York",eAudiobook;eBook;Book,"Book::Carmichael: SCIENCE FICTION Alderman, N. - Checked Out,Book::Central: SCIENCE FICTION Alderman, N. - On Shelf,Book::Courtland: SCIENCE FICTION Alderman, N. - On Shelf"
https://catalog.saclibrary.org/GroupedWork/29e2cf0b-70ed-a012-4208-2f16590b57c1-eng,"Wind rider's oath","Weber, David, 1952-",9781416508953,,"Baen Books; Distributed by Simon & Schuster",2004,"New York; Riverdale, NY",eBook;Book,"Book::Central: SCIENCE FICTION Weber, D. - On Shelf"
https://catalog.saclibrary.org/GroupedWork/5d95869a-8610-e689-ece9-e67f60794159-eng,"The queen's price: a Black Jewels novel","Bishop, Anne",9780593337363,,"Ace; Books on Tape; Penguin Publishing Group",2023,"New York",eAudiobook;Book;eBook,"Book::Central: SCIENCE FICTION Bishop, A. - On Shelf,Book::Belle Cooledge: SCIENCE FICTION Bishop, A. - On Shelf,Book::Franklin: SCIENCE FICTION Bishop, A. - On Shelf"
https://catalog.saclibrary.org/GroupedWork/ac05e272-5b59-a137-f2fd-6219fa289199-eng,"The path of daggers","Jordan, Robert, 1948-2007",9780765336477,,"Tor; Books on Tape; Tor Publishing Group","1998 - 2011","New York",eAudiobook;Book;eBook,"Book::Carmichael: SCIENCE FICTION Jordan, R. - On Shelf,Book::Central: SCIENCE FICTION Jordan, R. - Checked Out,Book::Colonial Heights: SCIENCE FICTION Jordan, R. - On Shelf"
https://catalog.saclibrary.org/GroupedWork/87a9dba1-3b0a-f73d-67f0-292e7aeb6a57-eng,"Tusk love","Guanzon, Thea",9780593874264,,"Random House Worlds; Books on Tape",2025,"New York",eAudiobook;eBook;Book,"Book::Carmichael: FICTION Guanzon, T. - On Hold Shelf,Book::Central: FICTION Guanzon, T. - On Shelf,Book::Colonial Heights: FICTION Guanzon, T. - Checked Out"
https://catalog.saclibrary.org/GroupedWork/550cb0a9-21fa-4549-05d8-cf132a27c57e-eng,"Legends: short novels by the masters of modern fantasy",,9780312867874,,"Tom Doherty Associates",1998,"New York",Book,
https://catalog.saclibrary.org/GroupedWork/1934d970-4da4-c938-3e7b-e7e51a25cd2a-eng,"The wood at midwinter","Clarke, Susanna",9781639734481,,"Bloomsbury Circus; Bloomsbury Publishing",2024,London,eAudiobook;eBook;Book,"Book::Carmichael: FICTION Clarke, S. - Checked Out,Book::Central: FICTION Clarke, S. - On Shelf,Book::Franklin: FICTION Clarke, S. - On Shelf"
https://catalog.saclibrary.org/GroupedWork/a99b8c63-54f9-41a6-a99a-00e986c6def1-eng,"Black City saint","Knaak, Richard A",9781633881365,,"Pyr; Pyr, an imprint of Prometheus Books",2016,"Amherst, NY",eBook;Book,"Book::Carmichael: SCIENCE FICTION Knaak, R. - On Shelf"
https://catalog.saclibrary.org/GroupedWork/76cb0de1-5473-a24a-077e-2073e0852b66-eng,"The Librarians and the pot of gold","Cox, Greg, 1959-",9780765384119,,"Tor; Macmillan Audio; Tor Publishing Group",2018,"New York",eAudiobook;eBook;Book,"Book::Central: SCIENCE FICTION Cox, G. - On Shelf,Book::McKinley: SCIENCE FICTION Cox, G. - On Shelf,Book::South Natomas: SCIENCE FICTION Cox, G. - On Shelf"
https://catalog.saclibrary.org/GroupedWork/fe523ce8-155b-3023-72fe-66e91a5d2d79-eng,"The girl and the mountain","Lawrence, Mark, 1966-",9781984806024,,"Ace; Books on Tape; Penguin Publishing Group",2021,"New York",eAudiobook;Book;eBook,"Book::Central: SCIENCE FICTION Lawrence, M. - On Shelf,Book::Franklin: SCIENCE FICTION Lawrence, M. - On Shelf,Book::Southgate: SCIENCE FICTION Lawrence, M. - On Shelf"
https://catalog.saclibrary.org/GroupedWork/c143ba68-994f-7770-ed36-fea3dae6b3f4-eng,"The summon stone","Irvine, Ian",9780316386876,,Orbit,2016,"New York, NY",eBook;Book,"Book::North Natomas: SCIENCE FICTION Irvine, I. - On Shelf"
https://catalog.saclibrary.org/GroupedWork/afa44d6b-c92e-3bee-0687-bfbfd0daf2c9-eng,"Malice of crows","Bowen, Lila",9780316502344,,Orbit,2017,"New York",eBook;Book,"Book::Carmichael: SCIENCE FICTION Bowen, L. - On Shelf,Book::Central: SCIENCE FICTION Bowen, L. - On Shelf,Book::Fair Oaks: SCIENCE FICTION Bowen, L. - On Shelf"
https://catalog.saclibrary.org/GroupedWork/d676849f-7d55-7f68-585c-94e12c6a209b-eng,"The scarlet veil","Mahurin, Shelby",9780063258754,,"HarperCollins; HarperTeen, an imprint of HarperCollinsPublishers",2023,"New York, NY",eAudiobook;eBook;Book,"Book::Arcade Teen Area: TEEN FICTION Mahurin, S. - On Shelf,Book::Central Teen Area - 3rd Floor: TEEN FICTION Mahurin, S. - On Shelf,Book::South Natomas Teen Area: TEEN FICTION Mahurin, S. - On Shelf"
https://catalog.saclibrary.org/GroupedWork/209c54e7-3956-a6de-6574-10a911fc3b20-eng,"Two serpents rise","Gladstone, Max",9780765333124,,"Tor; Blackstone Publishing; Tor Publishing Group",2013,"New York",eAudiobook;Book;eBook,"Book::Central: SCIENCE FICTION Gladstone, M. - On Shelf,Book::Belle Cooledge: SCIENCE FICTION Gladstone, M. - On Shelf"
https://catalog.saclibrary.org/GroupedWork/c5d08418-f118-5252-8709-a21ac082a6a0-eng,"Death doesn't bargain","Kenyon, Sherrilyn, 1965-",9780765385710,,"Tor; Macmillan Audio; Tor Publishing Group",2018,"New York",eAudiobook;Book;eBook,"Book::Carmichael: SCIENCE FICTION Kenyon, S. - On Shelf,Book::Elk Grove: SCIENCE FICTION Kenyon, S. - Checked Out,Book::Franklin: SCIENCE FICTION Kenyon, S. - On Shelf"
https://catalog.saclibrary.org/GroupedWork/b9b50ffe-385b-3293-7900-7a057c57b31f-eng,"The North Wind","Warwick, Alexandria",9781668065167,,"Saga Press; S&S/Saga Press",2024,"New York",eBook;Book,"Book::Arcade: FICTION Warwick, A. - On Shelf,Book::Central: FICTION Warwick, A. - On Shelf,Book::South Natomas: FICTION Warwick, A. - On Shelf"
https://catalog.saclibrary.org/GroupedWork/624e77df-6ff5-dfe5-0c12-ede61398ceb2-eng,"Engines of empire","Ford, R. S. (Richard S.)",9780316629560,,"Orbit; Hachette Audio",2022,"New York, NY",eAudiobook;Book;eBook,"Book::Carmichael: SCIENCE FICTION Ford, R. - On Shelf,Book::Central: SCIENCE FICTION Ford, R. - Checked Out,Book::South Natomas: SCIENCE FICTION Ford, R. - On Shelf"
https://catalog.saclibrary.org/GroupedWork/6b9ecde9-d9a2-0225-08ce-58e03d313bed-eng,"Centaur aisle","Anthony, Piers",9780345352460,,"Random House Worlds; Ballantine Books","1982 - 2002","New York",eBook;Book,"Book::Carmichael: SCIENCE FICTION Anthony, P. - On Shelf,Book::Franklin: SCIENCE FICTION Anthony, P. - On Shelf,Book::South Natomas: SCIENCE FICTION Anthony, P. - OFF CAMPUS"
https://catalog.saclibrary.org/GroupedWork/4334bbc7-4419-51c0-a890-1b5ac7a23b19-eng,Competence,"Carriger, Gail",9780316433884,,"Orbit; Hachette Audio",2018,"New York, NY",eAudiobook;Book;eBook,"Book::Central: FICTION Carriger, G. - On Hold Shelf,Book::South Natomas: FICTION Carriger, G. - On Shelf,Book::North Natomas: FICTION Carriger, G. - On Shelf"
https://catalog.saclibrary.org/GroupedWork/b483fade-e7f6-da55-e174-87c21166d7cc-eng,"The book that broke the world","Lawrence, Mark, 1966-",9780593437940,,"Ace; Penguin Publishing Group; Books on Tape",2024,"New York",eAudiobook;Book;eBook,"Book::Carmichael: SCIENCE FICTION Lawrence, M. - Checked Out,Book::Central: SCIENCE FICTION Lawrence, M. - On Shelf,Book::Belle Cooledge: SCIENCE FICTION Lawrence, M. - On Shelf"
https://catalog.saclibrary.org/GroupedWork/81786061-b70e-a033-002c-7ba86de7400d-eng,"A duet with the siren duke: A married to magic novel","Kova, Elise",9781949694574,,"Silver Wing Press; GraphicAudio","2023 - 2024","[St. Petersburg, Florida]",eAudiobook;Book,"Book::Arcade: FICTION Kova, E. - On Shelf,Book::Carmichael: FICTION Kova, E. - On Shelf"
https://catalog.saclibrary.org/GroupedWork/b3d86362-8a36-e097-aa02-70caf03a31f6-eng,"The conqueror's shadow","Marmell, Ari",9780553807769,,"JABberwocky Literary Agency, Inc.; Ballantine Books","2010 - 2017","New York",eBook;Book,"Book::South Natomas: SCIENCE FICTION Marmell, A. - On Shelf"
https://catalog.saclibrary.org/GroupedWork/b0107462-91c5-50eb-7d84-0183d26ce2f2-eng,"The dragonstone","McKiernan, Dennis L., 1932-",9780451455604,,"ROC; Penguin Publishing Group","1996 - 2013","New York",eBook;Book,
https://catalog.saclibrary.org/GroupedWork/34f17abe-a696-58e2-5c56-768d2a1f4253-eng,"Shalador's lady","Bishop, Anne",9780451463159,,"Recorded Books, Inc.; Roc; Penguin Publishing Group","2010 - 2015","New York",eAudiobook;Book;eBook,"Book::Carmichael: SCIENCE FICTION Bishop, A. - On Shelf,Book::Sutter County Main Branch: SCIENCE FICTION Bishop, A. - On Shelf"
https://catalog.saclibrary.org/GroupedWork/fe7e4654-1ef2-704c-0db9-c1d2f3d71eb9-eng,"Port of shadows","Cook, Glen",9781250174574,,"Tor; Macmillan Audio",2018,"New York",Book;eAudiobook,"Book::Arcade: SCIENCE FICTION Cook, G. - On Shelf,Book::Central: SCIENCE FICTION Cook, G. - On Shelf,Book::Rancho Cordova: SCIENCE FICTION Cook, G. - On Shelf"
https://catalog.saclibrary.org/GroupedWork/536a3e88-8e6c-a5bc-fda6-bed97922e253-eng,"Lost gods","Brom, 1965-",9780062095688,,"HarperCollins; HarperAudio; Harper Voyager, an Imprint of HarperCollins Publishers",2016,"New York, NY",eBook;Book;eAudiobook,"Book::Arcade: SCIENCE FICTION Brom - On Shelf,Book::Elk Grove: SCIENCE FICTION Brom - Checked Out"
https://catalog.saclibrary.org/GroupedWork/0fa07565-6a15-1e30-6c98-bb5a74154953-eng,"The pillars of creation","Goodkind, Terry",9780765300263,,"Tor; Tor Publishing Group","2001 - 2010","New York, N.Y",eBook;Book,"Book::Central: SCIENCE FICTION Goodkind, T. - On Shelf"
https://catalog.saclibrary.org/GroupedWork/57c1e9cb-ac22-2d8e-2883-96addb23369e-eng,"The sorceress and the cygnet","McKillip, Patricia A",9780441775644,,"Ace Books; Penguin Publishing Group","1991 - 1992","New York",eBook;Book,
https://catalog.saclibrary.org/GroupedWork/69705926-28d1-916d-c6e5-c02161e96934-eng,"Haroun and the sea of stories","Rushdie, Salman",9780143124771,,"Recorded Books, Inc.; Penguin Books; Penguin Books Ltd","2000 - 2017","New York, N.Y",eBook;Book;eAudiobook,"Book::Central: FICTION Rushdie, S. - On Shelf,Book::Belle Cooledge: FICTION Rushdie, S. - On Shelf,Book::Rancho Cordova: FICTION Rushdie, S. - On Shelf"
https://catalog.saclibrary.org/GroupedWork/c5a3be8b-92eb-cd67-771b-0dba398b0d8b-eng,"The empire of gold","Chakraborty, S. A",9780062678164,,"Harper Voyager, an imprint of HarperCollinsPublishers; HarperCollins",2020,"New York, NY",eAudiobook;Book;eBook,"Book::Central: SCIENCE FICTION Chakraborty, S. - Checked Out,Book::Franklin: SCIENCE FICTION Chakraborty, S. - On Shelf,Book::North Natomas: SCIENCE FICTION Chakraborty, S. - On Shelf"
https://catalog.saclibrary.org/GroupedWork/4556f10c-2ce7-3f07-78ad-52ae7b47301e-eng,"Labyrinth's heart","Carrick, M. A",9780316539739,,"Orbit; Hachette Audio",2023,"New York, NY",eAudiobook;Book;eBook,"Book::Arcade: SCIENCE FICTION Carrick, M. - On Shelf,Book::Carmichael: SCIENCE FICTION Carrick, M. - On Shelf,Book::Central: SCIENCE FICTION Carrick, M. - On Shelf"
https://catalog.saclibrary.org/GroupedWork/df3b41d9-dbe3-7c3d-cc36-2c27d1538483-eng,"All the dead shall weep","Harris, Charlaine",9781982182526,,"Saga Press; Recorded Books, Inc.; S&S/Saga Press",2023,"New York",eAudiobook;Book;eBook,"Book::Arcade: SCIENCE FICTION Harris, C. - On Shelf,Book::Central: SCIENCE FICTION Harris, C. - On Shelf,Book::Fair Oaks: SCIENCE FICTION Harris, C. - On Shelf"
https://catalog.saclibrary.org/GroupedWork/6370f866-176a-642d-dab8-8e3e474e3833-eng,"After Alice","Maguire, Gregory",9780060548957,,"William Morrow; HarperCollins; William Morrow, an imprint of HarperCollinsPublishers",2015,"New York, NY",eAudiobook;Book;eBook,"Book::Central: FICTION Maguire, G. - On Shelf,Book::Elk Grove: FICTION Maguire, G. - On Shelf,Book::Franklin: FICTION Maguire, G. - On Shelf"
https://catalog.saclibrary.org/GroupedWork/c18aae22-d884-bbe0-b19b-bed6df81db49-eng,"The arcane arts","Coverly, S. D",9780593974223,,"Del Rey; Random House Worlds; Books on Tape",2026,"New York",eAudiobook;Book;eBook,"Book::Central New Books - 4th Floor: FICTION Coverly, S. - Checked Out,Book::Isleton: FICTION Coverly, S. - On Shelf,Book::South Natomas: FICTION Coverly, S. - On Shelf"
https://catalog.saclibrary.org/GroupedWork/e2aaa744-ad3e-f4be-c5f2-ffae8de7426e-eng,"The city & the city","Miéville, China",9780345497512,,"Random House Worlds; Books on Tape; Del Rey Ballantine Books",2009,"New York",eAudiobook;eBook;Book,"Book::Central: SCIENCE FICTION Mieville, C. - On Shelf,Book::Fair Oaks: SCIENCE FICTION Mieville, C. - In Transit,Book::Rio Linda: SCIENCE FICTION Mieville, C. - Checked Out"
https://catalog.saclibrary.org/GroupedWork/77912b10-59aa-540c-9e31-0f30144786a7-eng,"The high king's tomb","Britain, Kristen",9780756402662,,"Daw Books; Astra Publishing House","2007 - 2012","New York",eAudiobook;Book;eBook,
https://catalog.saclibrary.org/GroupedWork/a499baf8-941d-1e4c-f730-32ebbff429e0-eng,"Wild and wicked things","May, Francesca",9780316287159,,"Orbit; Hachette Audio; Redhook",2022,"New York, NY",eAudiobook;eBook;Book,"Book::Carmichael: FICTION May, F. - On Shelf,Book::Central: FICTION May, F. - On Shelf,Book::Franklin: FICTION May, F. - On Shelf"
https://catalog.saclibrary.org/GroupedWork/c5383e5d-8c33-174d-593a-8e1df3de8f4a-eng,"Going postal: a novel of Discworld","Pratchett, Terry",9780062334978,,HarperCollins,"2004 - 2023","New York",eAudiobook;Book;eBook,"Book::Arcade: SCIENCE FICTION Pratchett, T. - On Shelf,Book::Central: SCIENCE FICTION Pratchett, T. - On Shelf,Book::Colonial Heights: SCIENCE FICTION Pratchett, T. - Checked Out"
https://catalog.saclibrary.org/GroupedWork/c1e6dc54-973e-3048-bbe5-49a792d2fb4d-eng,"The incandescent: a school story","Tesh, Emily",9781250835017,,"Tom Doherty Associates; Macmillan Audio; Tor Publishing Group",2025,"New York, NY",eAudiobook;Book;eBook,"Book::Carmichael: FICTION Tesh, E. - Checked Out,Book::Central: FICTION Tesh, E. - On Shelf,Book::Colonial Heights: FICTION Tesh, E. - On Shelf"
https://catalog.saclibrary.org/GroupedWork/d05e702a-035f-61ea-c58f-372c885d0bd7-eng,"Remedial magic","Marr, Melissa",9781250884138,,"Bramble, Tor Publishing Group; Macmillan Audio; Tor Publishing Group",2024,"New York",eAudiobook;Book;eBook,"Book::Central: FICTION Marr, M. - Checked Out,Book::Belle Cooledge: FICTION Marr, M. - On Shelf,Book::Fair Oaks: FICTION Marr, M. - On Shelf"
https://catalog.saclibrary.org/GroupedWork/29e12e87-a4d6-3798-b922-23b784f3dfb5-eng,"A taste of gold and iron","Rowland, Alexandra",9781250800381,,"Recorded Books, Inc.; Tordotcom; Tor Publishing Group",2022,"New York",eAudiobook;Book;eBook,"Book::Carmichael: SCIENCE FICTION Rowland, A. - On Shelf,Book::Central: SCIENCE FICTION Rowland, A. - On Shelf,Book::McClatchy: SCIENCE FICTION Rowland, A. - On Shelf"
https://catalog.saclibrary.org/GroupedWork/56de5649-d638-1311-97cd-29e1de550f40-eng,"Novice dragoneer","Knight, E. E",9781984804068,,"Tantor Media, Inc.; Ace; Penguin Publishing Group",2019,"New York",eBook;Book;eAudiobook,"Book::Central: SCIENCE FICTION Knight, E. - On Shelf,Book::South Natomas: SCIENCE FICTION Knight, E. - On Shelf,Book::Orangevale: SCIENCE FICTION Knight, E. - On Shelf"
https://catalog.saclibrary.org/GroupedWork/4959588f-3cfa-a683-6360-344504278d67-eng,"Heir of Novron","Sullivan, Michael J., 1961-",9780316187718,,"Recorded Books, Inc.; Orbit",2012,"New York",eAudiobook;Book;eBook,"Book::Carmichael: SCIENCE FICTION Sullivan, M. - On Shelf,Book::Central: SCIENCE FICTION Sullivan, M. - Checked Out"
https://catalog.saclibrary.org/GroupedWork/552154b9-9c0a-3752-e35e-23d7bcb13dbf-eng,"The broken kingdoms","Jemisin, N. K",9780316043960,,"Orbit; Hachette Audio","2010 - 2018","New York",eAudiobook;eBook;Book,"Book::Colonial Heights: SCIENCE FICTION Jemisin, N. - On Shelf,Book::Del Paso Heights: SCIENCE FICTION Jemisin, N. - Checked Out"
https://catalog.saclibrary.org/GroupedWork/40cfb655-deee-c626-27d7-a057f63302b8-eng,"A reign of rose","Golden, Kate",9780593641941,,"Berkley Romance; Penguin Publishing Group; Books on Tape",2024,"New York",eAudiobook;eBook;Book,"Book::Central: SCIENCE FICTION Golden, K. - On Shelf,Book::Colonial Heights: SCIENCE FICTION Golden, K. - Checked Out,Book::Rancho Cordova: SCIENCE FICTION Golden, K. - On Shelf"
https://catalog.saclibrary.org/GroupedWork/8d41002b-f8b5-593b-eb92-0d45167639fc-eng,"The debtor's game: a novel","Mongeau, Isabelle",9798217092147,,"Ballantine Books; Random House Publishing Group; Books on Tape",2026,"New York",eAudiobook;Book;eBook,"Book::Central New Books - 4th Floor: SCIENCE FICTION Mongeau, I. - On Shelf,Book::Franklin: SCIENCE FICTION Mongeau, I. - On Shelf,Book::Rio Linda: SCIENCE FICTION Mongeau, I. - On Shelf"
https://catalog.saclibrary.org/GroupedWork/e8337676-b8fd-291a-99bc-8cab5d0cfbc9-eng,"Blood Kissed","Arthur, Keri",9780648007715,,"Keri Arthur PTY LTD; [publisher not identified]; Findaway Voices; Keri Arthur","2017 - 2019","[United States]",eAudiobook;eBook;Book,"Book::North Natomas: FICTION Arthur, K. - On Shelf,Book::Orangevale: FICTION Arthur, K. - Checked Out"
https://catalog.saclibrary.org/GroupedWork/f6362737-9461-be29-9cd2-ceab353c8dbb-eng,"Malice: a novel","Walter, Heather, 1987-",9781984818676,,"Del Rey; Random House Worlds; Books on Tape",2021,"New York",eAudiobook;Book;eBook,"Book::Galt: SCIENCE FICTION Walter, H. - Checked Out,Book::South Natomas: SCIENCE FICTION Walter, H. - On Shelf,Book::North Natomas: SCIENCE FICTION Walter, H. - On Shelf"
https://catalog.saclibrary.org/GroupedWork/c1b5ad60-b8a5-3cc6-f2f7-b42e5e47c955-eng,Quillifer,"Williams, Walter Jon",9781481489980,,"Saga Press; S&S/Saga Press",2017,London,eBook;Book,"Book::Central: SCIENCE FICTION Williams, W. - On Shelf,Book::Fair Oaks: SCIENCE FICTION Williams, W. - On Shelf"
https://catalog.saclibrary.org/GroupedWork/a59078f8-77f4-667a-b552-ba628ac5586d-eng,"Storm of locusts","Roanhorse, Rebecca",9781534413528,,"Saga Press; S&S/Saga Press",2019,"New York",eBook;Book,"Book::Rancho Cordova: SCIENCE FICTION Roanhorse, R. - On Shelf,Book::Colusa Main Branch Teen Collection: YA Fic - On Shelf"
https://catalog.saclibrary.org/GroupedWork/6cc5ec06-513d-9786-8ee4-93fea2774121-eng,"Beauty: a novel","Tepper, Sheri S",9780385419390,,"Random House Worlds; Doubleday","1991 - 2009","New York",eBook;Book,
https://catalog.saclibrary.org/GroupedWork/01bed3e5-2f32-0306-e91b-fbebd435ebb5-eng,"Unholy terrors","Clipstone, Lyndall",9781250887733,,"Henry Holt and Company; Macmillan Audio",2023,"New York",eAudiobook;Book,"Book::Central Teen Area - 3rd Floor: TEEN FICTION Clipstone, L. - On Shelf,Book::South Natomas Teen Area: TEEN FICTION Clipstone, L. - On Shelf,Book::Southgate Teen Area: TEEN FICTION Clipstone, L. - On Shelf"
https://catalog.saclibrary.org/GroupedWork/cfc022a1-da13-ee47-e0eb-b88565dc2244-eng,Innamorata,"Reid, Ava",9780593722596,,"Del Rey; Random House Worlds; Books on Tape",2026,"New York",eAudiobook;eBook;Book,"Book::Carmichael: SCIENCE FICTION Reid, A. - Checked Out,Book::Central New Books - 4th Floor: SCIENCE FICTION Reid, A. - On Shelf,Book::Elk Grove: SCIENCE FICTION Reid, A. - Checked Out"
https://catalog.saclibrary.org/GroupedWork/90b97fe5-6273-4e5a-2b0d-51ae3c8b9c20-eng,"The bone season: [a novel]","Shannon, Samantha, 1991-",9781620401392,,"Bloomsbury Publishing (US); Bloomsbury; Bloomsbury Publishing","2013 - 2023","New York",eAudiobook;eBook;Book,"Book::Colonial Heights: SCIENCE FICTION Shannon, S. - Checked Out,Book::South Natomas: SCIENCE FICTION Shannon, S. - Checked Out,Book::Rio Linda: SCIENCE FICTION Shannon, S. - On Shelf"
https://catalog.saclibrary.org/GroupedWork/9b3b98b2-f594-bbdf-8b3c-e4a9e3edf362-eng,"Tears of the trufflepig","Flores, Fernando A., 1982-",9780374538330,,"Farrar, Straus and Giroux, MCD x FSG Originals; Farrar, Straus and Giroux; MCD x FSG Originals; Macmillan Audio","2019 - 2024","New York",eAudiobook;eBook;Book,"Book::Central: FICTION Flores, F. - On Shelf,Book::South Natomas: FICTION Flores, F. - On Shelf,Book::Orangevale: FICTION Flores, F. - On Shelf"
https://catalog.saclibrary.org/GroupedWork/c3dbfa06-b951-4a3f-2b5d-65a2354da8cb-eng,"A spell for Chameleon","Anthony, Piers",9781984819574,,"Random House Worlds; Ballantine Books","1977 - 2012","New York",eBook;Book,"Book::Carmichael: SCIENCE FICTION Anthony, P. - On Shelf"
https://catalog.saclibrary.org/GroupedWork/5a7e5f18-850d-86ae-7d61-55a0f8369165-eng,"The beloved","Ward, J. R., 1969-",9781982180089,,"Simon & Schuster Audio; Gallery Books",2024,"New York",eAudiobook;eBook;Book,"Book::Central: FICTION Ward, J. - On Shelf,Book::Elk Grove: FICTION Ward, J. - On Shelf,Book::Fair Oaks: FICTION Ward, J. - On Shelf"
https://catalog.saclibrary.org/GroupedWork/39c566df-e9b7-a442-e562-7d5b07ae0337-eng,"The water outlaws","Huang, S. L",9781250180421,,"Dreamscape Media; Tordotcom; Tor Publishing Group",2023,"New York",eAudiobook;Book;eBook,"Book::Arcade: SCIENCE FICTION Huang, S. - On Shelf,Book::Central: SCIENCE FICTION Huang, S. - On Shelf,Book::Rancho Cordova: SCIENCE FICTION Huang, S. - On Shelf"
https://catalog.saclibrary.org/GroupedWork/7fe708bf-e5f0-eba1-a45d-478d99bbfc16-eng,"Forest mage","Hobb, Robin",9780060758295,,"HighBridge, a division of Recorded Books; HarperCollins; Eos","2006 - 2009","New York",eAudiobook;Book;eBook,"Book::Rancho Cordova: SCIENCE FICTION Hobb, R. - OFF CAMPUS,Book::Arbuckle Branch Library Adult Collection: Fic - On Shelf,Book::Sutter County Main Branch: SCIENCE FICTION Hobb, R. - On Shelf"
https://catalog.saclibrary.org/GroupedWork/c58a09b4-3488-7d30-e384-c39bbef2c4ba-eng,"Smoke: a novel","Vyleta, Dan",9780385540162,,"Knopf Doubleday Publishing Group; Books on Tape; Doubleday",2016,"New York",eAudiobook;eBook;Book,"Book::Central: SCIENCE FICTION Vyleta, D. - On Shelf,Book::Belle Cooledge: SCIENCE FICTION Vyleta, D. - On Shelf,Book::McKinley: SCIENCE FICTION Vyleta, D. - On Shelf"
https://catalog.saclibrary.org/GroupedWork/c7b57f29-1b76-fc06-f7d9-80d06cb5fb67-eng,"The magician king: a novel","Grossman, Lev",9780452298019,9781611760255,"Viking; Penguin Audio; Books on Tape; Penguin Publishing Group",2011,"New York","eAudiobook;Audiobook - CD;eBook;Book",
https://catalog.saclibrary.org/GroupedWork/ce38816a-9b9a-83e1-132c-5dbeaa1c9524-eng,"A fate inked in blood","Jensen, Danielle L",9780593599839,,"Del Rey; Random House Worlds; Books on Tape",2024,"New York",eAudiobook;eBook;Book,"Book::Arcade: FICTION Jensen, D. - Checked Out,Book::Central: FICTION Jensen, D. - Checked Out,Book::Fair Oaks: FICTION Jensen, D. - Checked Out"
https://catalog.saclibrary.org/GroupedWork/21cde27f-1f71-5f28-c203-d6d318587c78-eng,"The border keeper","Hall, Kerstin (Writer and editor)",9781250209412,,"Recorded Books, Inc.; Tor, A Tom Doherty Associates Book; Tor Publishing Group","2019 - 2020","New York",eBook;Book;eAudiobook,"Book::Arcade: SCIENCE FICTION Hall, K. - On Shelf,Book::Central: SCIENCE FICTION Hall, K. - On Shelf"
https://catalog.saclibrary.org/GroupedWork/9cc31924-25a5-40ad-3687-2f5b37a2d89a-eng,"The dragon conspiracy","Shearin, Lisa",9780425266922,,"Ace Books; Penguin Publishing Group",2015,"New York",eBook;Book,"Book::North Natomas: SCIENCE FICTION Shearin, L. - On Shelf"
https://catalog.saclibrary.org/GroupedWork/f54fce38-535d-14c0-ab90-98ba6803b800-eng,Armistice,"Donnelly, Lara Elena, 1990-",9781250173560,,"Tor; Macmillan Audio",2018,"New York",eAudiobook;Book,"Book::Carmichael: SCIENCE FICTION Donnelly, L. - On Shelf,Book::Fair Oaks: SCIENCE FICTION Donnelly, L. - On Shelf"
https://catalog.saclibrary.org/GroupedWork/4b486ed9-6b41-f886-ec60-b6b098441d6b-eng,"Darker after midnight: a midnight breed novel","Adrian, Lara",9780345530875,,"Tantor Media, Inc.; Delacorte Press; Tantor Media, Inc; Random House Publishing Group",2012,"New York",eAudiobook;Book;eBook,"Book::Elk Grove: FICTION Adrian, L. - On Shelf,Book::Sutter County Main Branch: FICTION Adrian, L. - On Shelf"
https://catalog.saclibrary.org/GroupedWork/c9de6d47-252b-82d4-2087-b43b51a0b73e-eng,"Roadside magic","Saintcrow, Lilith",9780316277877,,"Orbit; Hachette Audio",2016,"New York, NY",eBook;Book;eAudiobook,"Book::Fair Oaks: SCIENCE FICTION Saintcrow, L. - On Shelf"
https://catalog.saclibrary.org/GroupedWork/4060a223-becd-344e-bd70-55ab61bc27b7-eng,"Blind Lake","Wilson, Robert Charles, 1953-",9780765302625,,"Tor; Tor Publishing Group","2003 - 2004","New York",eBook;Book,"Book::Central: SCIENCE FICTION Wilson - On Shelf"
https://catalog.saclibrary.org/GroupedWork/0068ef69-fe21-2c18-4baf-6254b0d7e8cd-eng,"A memory of light","Jordan, Robert, 1948-2007",9780765337856,,"Tor; Macmillan Audio; Tor Publishing Group","2013 - 2015","New York",eAudiobook;Book;eBook,"Book::Central: SCIENCE FICTION Jordan, R. - On Shelf,Book::Colonial Heights: SCIENCE FICTION Jordan, R. - On Shelf,Book::Galt: SCIENCE FICTION Jordan, R. - On Shelf"
https://catalog.saclibrary.org/GroupedWork/7ec6e877-e0de-2197-7997-bd602c622698-eng,Heartless,"Showalter, Gena",9781335913777,,"HQN; HarlequinAudio; HQN Books",2021,"Toronto, Ontario, Canada",eAudiobook;Book;eBook,"Book::Arcade: FICTION Showalter, G. - On Shelf,Book::Central: FICTION Showalter, G. - On Shelf,Book::Belle Cooledge: FICTION Showalter, G. - On Shelf"
https://catalog.saclibrary.org/GroupedWork/c7e2977f-1bfb-6bec-3bc6-01448cae2b7e-eng,"The absolute book","Knox, Elizabeth",9780593296738,,"Viking; Penguin Publishing Group; Books on Tape",2021,"[New York]",eAudiobook;Book;eBook,"Book::Central: SCIENCE FICTION Knox, E. - On Shelf,Book::Franklin: SCIENCE FICTION Knox, E. - On Shelf,Book::South Natomas: SCIENCE FICTION Knox, E. - Checked Out"
https://catalog.saclibrary.org/GroupedWork/eae9c3f9-bcb6-f5f4-7fdc-9cd7d7bcbbed-eng,"The philosopher's flight: a novel","Miller, Tom",9781476778150,,"Simon & Schuster Audio; Simon & Schuster",2018,"New York",eAudiobook;Book;eBook,"Book::Carmichael: SCIENCE FICTION Miller, T. - On Shelf,Book::Galt: SCIENCE FICTION Miller, T. - On Shelf,Book::Valley Hi-North Laguna: SCIENCE FICTION Miller, T. - On Shelf"
https://catalog.saclibrary.org/GroupedWork/91a53a72-bf57-4ca4-9d5b-1c66e9f5cbe5-eng,"Kushiel's mercy","Carey, Jacqueline, 1964-",9780446610162,,"Tantor Media, Inc.; Tantor Media, Inc; Grand Central Pub; Grand Central Publishing",2008,"New York",eAudiobook;Book;eBook,"Book::Carmichael: SCIENCE FICTION Carey, J. - On Shelf,Book::Central: SCIENCE FICTION Carey, J. - On Shelf,Book::Sylvan Oaks: SCIENCE FICTION Carey, J. - On Shelf"
https://catalog.saclibrary.org/GroupedWork/0f30dc72-f941-7906-a2a6-d7705681e578-eng,"The ruthless lady's guide to wizardry","Waggoner, C. M",9781984805867,,"Ace; Dreamscape Media; Penguin Publishing Group",2021,"New York",eAudiobook;Book;eBook,"Book::Colonial Heights: SCIENCE FICTION Waggoner, C. - Checked Out,Book::Galt: SCIENCE FICTION Waggoner, C. - On Shelf,Book::Folsom Adult: SCIENCE FICTION Waggoner, C. - On Shelf"
https://catalog.saclibrary.org/GroupedWork/8014af53-3198-3904-e875-460ca4520f3a-eng,"The novice","Canavan, Trudi",9780060575298,,"HarperCollins; Eos","2004 - 2009","New York",eBook;Book,"Book::Central: SCIENCE FICTION Canavan, T. - On Shelf,Book::Elk Grove: SCIENCE FICTION Canavan, T. - On Shelf"
https://catalog.saclibrary.org/GroupedWork/e4c9509e-249f-a97a-ddf5-483789b5289c-eng,"Darkest mercy","Marr, Melissa",9780061659263,,"Recorded Books, Inc.; HarperCollins; Harper",2011,"New York",eAudiobook;eBook;Book,"Book::Central Teen Area - 3rd Floor: TEEN FICTION Marr, M. - On Shelf"
https://catalog.saclibrary.org/GroupedWork/c0e6132e-6b3f-2e96-7c25-3a625bd30dd2-eng,"Falling in love with hominids","Hopkinson, Nalo",9781616961985,,"Tantor Media, Inc.; Tantor Media, Inc; Tachyon Publications","2015 - 2019","San Francisco, CA",eAudiobook;eBook;Book,"Book::Arcade: SCIENCE FICTION Hopkinson, N. - On Shelf,Book::Central: SCIENCE FICTION Hopkinson, N. - On Shelf"
https://catalog.saclibrary.org/GroupedWork/9ed454ee-43de-d783-beac-2d6bb9724805-eng,"Beren and Lúthien","Tolkien, J. R. R. (John Ronald Reuel), 1892-1973",9781328791825,,"Houghton Mifflin Harcourt; HarperCollins; HarperCollins Publishers","2017 - 2020",Boston,eBook;Book;eAudiobook,"Book::Fair Oaks: FICTION Tolkien, J. - On Shelf,Book::South Natomas: FICTION Tolkien, J. - On Shelf,Book::North Natomas: FICTION Tolkien, J. - On Shelf"
https://catalog.saclibrary.org/GroupedWork/4aa7185e-d382-bf19-5299-09c119ffc85b-eng,"Fade to black","Knight, Francis, 1969-",9780316217682,,"Orbit; Hachette Audio",2013,"New York",eBook;Book;eAudiobook,"Book::Central: FICTION Knight, F. - On Shelf"
https://catalog.saclibrary.org/GroupedWork/4cfa4a11-2e8d-e7f2-09b5-e4a895743430-eng,"Mystic dragon","Denzel, Jason",9780765382009,,"Macmillan Audio; Tor, a Tom Doherty Associates Book; Tor Publishing Group",2018,"New York",eBook;Book;eAudiobook,"Book::Central: SCIENCE FICTION Denzel, J. - On Shelf,Book::North Natomas: SCIENCE FICTION Denzel, J. - Checked Out"
https://catalog.saclibrary.org/GroupedWork/b25d1243-cf5e-2655-1f7f-dd923538bdc4-eng,"Moonshadow: a moonshadow novel","Harrison, Thea",9780997120189,,"Teddy Harrison LLC",2016,"[United States]",eBook;Book,"Book::Southgate: FICTION Harrison, T. - Checked Out"
https://catalog.saclibrary.org/GroupedWork/03cd092a-ffd2-cf45-0e7a-1c70cc996e73-eng,"A blight of blackwings","Hearne, Kevin",9780345548573,,"Del Rey; Random House Worlds; Books on Tape",2020,"New York",eAudiobook;Book;eBook,"Book::Carmichael: SCIENCE FICTION Hearne, K. - On Shelf,Book::Central: SCIENCE FICTION Hearne, K. - On Shelf,Book::Fair Oaks: SCIENCE FICTION Hearne, K. - On Shelf"
https://catalog.saclibrary.org/GroupedWork/817ab97b-150a-0181-329a-ab1011921fb2-eng,"Five broken blades","Corland, Mai",9781649376985,,"Recorded Books, Inc.; Entangled Publishing, LLC; Red Tower Books",2024,"Shrewsbury, PA",eAudiobook;eBook;Book,"Book::Central: SCIENCE FICTION Corland, M. - On Shelf,Book::Belle Cooledge: SCIENCE FICTION Corland, M. - On Shelf,Book::Elk Grove: SCIENCE FICTION Corland, M. - On Shelf"
https://catalog.saclibrary.org/GroupedWork/938441ab-af4b-3273-d040-740b942ddce1-eng,"Stands a shadow","Buchanan, Col, 1973-",9780230744820,,"Tor; Tor Publishing Group",2011,"New York",eBook;Book,"Book::Rio Linda: SCIENCE FICTION Buchanan, C. - On Shelf"
https://catalog.saclibrary.org/GroupedWork/02ef1b54-47c1-e414-249b-be5ec1fa48be-eng,"Dark lycan","Feehan, Christine",9780425268339,,"Books on Tape; Penguin Publishing Group; Berkley Books",2013,"New York",eAudiobook;Book;eBook,"Book::Valley Hi-North Laguna: FICTION Feehan, C. - On Shelf,Book::Folsom Adult: SCIENCE FICTION Feehan, C. - On Shelf,Book::Woodland Public Library: FICTION Feehan, C. - On Shelf"
https://catalog.saclibrary.org/GroupedWork/03edc764-06eb-b079-1d39-80f1766ed4c0-eng,"Storm warning","Lackey, Mercedes",9780886776114,,"Astra Publishing House; DAW Books","1994 - 1995","New York",eBook;Book,
https://catalog.saclibrary.org/GroupedWork/f730e121-5947-28fe-ab07-fd25fcf2f3a4-eng,"The sun and the void","Romero Lacruz, Gabriela",9780316336543,,"Orbit; Hachette Audio",2023,"New York, NY",eAudiobook;Book;eBook,"Book::Central: SCIENCE FICTION Romero Lacruz, G. - On Shelf,Book::Galt: SCIENCE FICTION Romero Lacruz, G. - On Hold Shelf,Book::South Natomas: SCIENCE FICTION Romero Lacruz, G. - On Shelf"
https://catalog.saclibrary.org/GroupedWork/1c450122-e452-5e3f-ab62-993c7015db97-eng,"Winds of fate","Lackey, Mercedes",9780886774899,,"Astra Publishing House; DAW Books","1991 - 1992","New York",eBook;Book,
https://catalog.saclibrary.org/GroupedWork/ea590bc0-206b-a2be-9a8e-03a2be1dbf39-eng,Ledge,"McEwan, Stacey",9781915202161,,"Watkins Media; Angry Robot",2022,"London, UK",eBook;Book,"Book::Central: SCIENCE FICTION McEwan, S. - On Shelf,Book::Fair Oaks: SCIENCE FICTION McEwan, S. - On Shelf,Book::Franklin: SCIENCE FICTION McEwan, S. - On Shelf"
https://catalog.saclibrary.org/GroupedWork/e4c6b1cc-146f-9f74-6110-032f0bc0cc1c-eng,Beyond,"Lackey, Mercedes",9780756417338,,"Tantor Media, Inc.; DAW Books, Inc; Astra Publishing House; Tantor Media, Inc",2021,"New York, NY",eAudiobook;Book;eBook,"Book::Central: SCIENCE FICTION Lackey, M. - On Shelf,Book::South Natomas: SCIENCE FICTION Lackey, M. - On Shelf,Book::Pocket-Greenhaven: SCIENCE FICTION Lackey, M. - On Shelf"
https://catalog.saclibrary.org/GroupedWork/b5e7d01e-7ff6-9279-8a72-4292559248bc-eng,"The stone door","Carrington, Leonora, 1917-2011",9781681378947,,"New York Review Books",2025,"New York",eBook;Book,"Book::Central: FICTION Carrington, L. - On Shelf,Book::Colonial Heights: FICTION Carrington, L. - On Shelf,Book::Elk Grove: FICTION Carrington, L. - On Shelf"
https://catalog.saclibrary.org/GroupedWork/c458097c-27df-116c-ebd0-2772b8680b9c-eng,"Edge of Dawn","Adrian, Lara",9780345532602,,"Delacorte Press; Random House Publishing Group; Books on Tape",2013,"New York",eAudiobook;Book;eBook,"Book::Rancho Cordova: FICTION Adrian, L. - On Shelf"
https://catalog.saclibrary.org/GroupedWork/4bdd5e86-24ec-da84-1362-d64d7fa3bfb3-eng,"The fires of heaven","Jordan, Robert, 1948-2007",9780765334640,,"Distributed by St. Martin's Press; TOR; Books on Tape; Tor Publishing Group","1993 - 2011","New York",eAudiobook;Book;eBook,"Book::Carmichael: SCIENCE FICTION Jordan, R. - On Shelf,Book::Central: SCIENCE FICTION Jordan, R. - Checked Out,Book::Colonial Heights: SCIENCE FICTION Jordan, R. - On Shelf"
https://catalog.saclibrary.org/GroupedWork/8078bc63-3518-2a16-3854-63fb57f0243e-eng,Prophet,"Larson, R. J., 1960-",9780764209710,,"Oasis Audio; Bethany House; Baker Publishing Group",2012,"Bloomington, Minn",eBook;eAudiobook;Book,"Book::Central: FICTION Larson, R. - On Shelf"
https://catalog.saclibrary.org/GroupedWork/a2fa2638-d361-b177-3037-44f8886e671b-eng,"The keeper of magical things","Leong, Julie",9780593815946,,"Ace; Penguin Publishing Group; Books on Tape",2025,"New York",eAudiobook;eBook;Book,"Book::Carmichael: SCIENCE FICTION Leong, J. - On Shelf,Book::Central New Books - 4th Floor: SCIENCE FICTION Leong, J. - Checked Out,Book::Colonial Heights: SCIENCE FICTION Leong, J. - On Shelf"
https://catalog.saclibrary.org/GroupedWork/98eb4513-b03e-8117-298d-07f2e8de2108-eng,"The Jasmine throne","Suri, Tasha",9780316538510,,"Orbit; Hachette Audio",2021,"New York, NY",eAudiobook;Book;eBook,"Book::Carmichael: SCIENCE FICTION Suri, T. - Checked Out,Book::Central: SCIENCE FICTION Suri, T. - On Shelf,Book::Belle Cooledge: SCIENCE FICTION Suri, T. - Checked Out"
https://catalog.saclibrary.org/GroupedWork/8d32fe26-781f-7361-a1f6-422f5e648ea6-eng,"Firewalk: a novel","Roberson, Chris",9781597808798,,"Tantor Media, Inc.; Start Publishing Llc; Night Shade Books",2016,"New York",eBook;Book;eAudiobook,"Book::Sylvan Oaks: SCIENCE FICTION Roberson, C. - On Shelf"
https://catalog.saclibrary.org/GroupedWork/d1838525-1096-34fa-2b6b-51438d855c5f-eng,"If it's for my daughter, I'd even defeat a Demon Lord: Volume 4","Chirolu (Light novel author)",9781718353039,,"J-Novel Club; J Novel Club","2018 - 2019","[San Antonio, Texas]",eBook;Book,"Book::South Natomas Teen Area: TEEN FICTION Chirolu - On Shelf,Book::North Natomas: TEEN FICTION Chirolu - On Shelf,Book::Valley Hi-North Laguna Teen Area: TEEN FICTION Chirolu - On Shelf"
https://catalog.saclibrary.org/GroupedWork/72ae2bfa-6deb-fddb-2f57-de70c82c58c7-eng,"The little shop of found things","Brackston, Paula",9781250072436,,"St. Martin's Press; St. Martin's Publishing Group; Macmillan Audio",2018,"New York",eAudiobook;Book;eBook,"Book::Carmichael: FICTION Brackston, P. - On Shelf,Book::Central: FICTION Brackston, P. - On Shelf,Book::Belle Cooledge: FICTION Brackston, P. - On Shelf"
https://catalog.saclibrary.org/GroupedWork/af82a630-def5-409b-d985-97c87386496a-eng,"Fruiting bodies: stories","Harlan, Kathryn",9781324021223,,"W. W. Norton & Company; OrangeSky Audio; W.W. Norton & Company",2022,"New York, NY",eBook;Book;eAudiobook,"Book::Arcade: FICTION Harlan, K. - Checked Out,Book::Carmichael: FICTION Harlan, K. - On Shelf,Book::Fair Oaks: FICTION Harlan, K. - In Transit"
https://catalog.saclibrary.org/GroupedWork/1d07438b-1e5f-e461-5615-7e678816151f-eng,"Blue Diablo","Aguirre, Ann",9780451462640,,"Roc; Penguin Publishing Group",2009,"New York",eBook;Book,"Book::Belle Cooledge: FICTION Aguirre, A. - Checked Out"
https://catalog.saclibrary.org/GroupedWork/8ec35b04-58d3-5886-9e20-3253aade7ff9-eng,"Beyond the hanging wall","Douglass, Sara",9780765304490,,"TOR; Voyager; Tor Publishing Group","2003 - 2010","New York",eBook;Book,
https://catalog.saclibrary.org/GroupedWork/07beb99f-1197-b714-fc53-e710eb22c937-eng,"Once in a blue moon","Green, Simon R., 1955-",9780451414663,,"Recorded Books, Inc.; Roc; JABberwocky Literary Agency, Inc.; Penguin Publishing Group","2014 - 2015","New York, New York",eBook;Book;eAudiobook,"Book::South Natomas: SCIENCE FICTION Green, S. - On Shelf"
https://catalog.saclibrary.org/GroupedWork/6263807f-5d9a-69e2-1811-924ec1113003-eng,"Beasts of extraordinary circumstance","Lang, Ruth Emmie",9781250112040,,"Highbridge Company; St. Martin's Press; St. Martin's Publishing Group; HighBridge",2017,"New York",eAudiobook;Book;eBook,"Book::North Natomas: FICTION Lang, R. - On Shelf,Book::Woodland Public Library: FICTION Lang, R. - On Shelf"
https://catalog.saclibrary.org/GroupedWork/2c6ee3ce-2237-29e8-9180-2f5459c26ba9-eng,Acheron,"Kenyon, Sherrilyn, 1965-",9780312362157,,"St. Martin's Press; St. Martin's Publishing Group; Macmillan Audio; Thorndike Press","2008 - 2009","New York; Waterville, Me","eAudiobook;Large Print;Book;eBook",
https://catalog.saclibrary.org/GroupedWork/761e5df5-8a23-62cf-3c49-a3a23c3b2df4-eng,"The nature of a pirate","Dellamonica, A. M",9780765334510,,"Tor; Tor Publishing Group",2016,"New York",eBook;Book,"Book::Arcade: SCIENCE FICTION Dellamonica, A. - On Shelf"
https://catalog.saclibrary.org/GroupedWork/d8b32bad-5a1e-9fe8-a291-ff0338c04c09-eng,Damsel,"Skye, Evelyn",9780593599402,,"Random House Worlds; Books on Tape",2023,"New York",eAudiobook;Book;eBook,"Book::Carmichael: SCIENCE FICTION Skye, E. - On Shelf,Book::Central: SCIENCE FICTION Skye, E. - On Shelf,Book::Franklin: SCIENCE FICTION Skye, E. - On Shelf"
https://catalog.saclibrary.org/GroupedWork/a076a8c6-8438-dda0-2e8c-1d15c06f386f-eng,"The grief of stones","Addison, Katherine",9781250813893,,"Tor; Macmillan Audio; Tor Publishing Group",2022,"New York",eAudiobook;Book;eBook,"Book::Arcade: SCIENCE FICTION Addison, K. - Checked Out,Book::Carmichael: SCIENCE FICTION Addison, K. - On Shelf,Book::Central: SCIENCE FICTION Addison, K. - On Shelf"
https://catalog.saclibrary.org/GroupedWork/05ed45a9-8edf-d563-0607-16a74bf22bfe-eng,"Stiletto: a novel","O'Malley, Daniel",9780316228046,,"Hachette Audio; Little, Brown and Company",2016,"New York",eAudiobook;eBook;Book,"Book::Central: SCIENCE FICTION O'Malley, D. - Checked Out,Book::Woodland Public Library: FICTION O'Malley, D. - On Shelf"
https://catalog.saclibrary.org/GroupedWork/72131704-d9eb-43b4-a76f-c49b60165ed6-eng,Dawnshard,"Sanderson, Brandon",9781250850553,,"Recorded Books, Inc.; Dragonsteel, LLC; Tor; GraphicAudio","2020 - 2024","New York",eAudiobook;eBook;Book,"Book::Carmichael: SCIENCE FICTION Sanderson, B. - On Shelf,Book::Central: SCIENCE FICTION Sanderson, B. - Checked Out,Book::Franklin: SCIENCE FICTION Sanderson, B. - Checked Out"
https://catalog.saclibrary.org/GroupedWork/d022fc36-a1d4-d042-768f-a877fe14db5c-eng,"Igniting fate","Louise, Jean (Jean-Paul)",9781335010056,,"Harper, an imprint of HarperCollins Publishers; Harlequin Audio; HarlequinAudio; Harlequin",2025,"New York, NY",eAudiobook;Book;eBook,"Book::Elk Grove Teen Area: TEEN FICTION Louise, J. - On Shelf,Book::Franklin Teen: TEEN FICTION Louise, J. - On Shelf,Book::McKinley Children's Area: TEEN FICTION Louise, J. - On Shelf"
https://catalog.saclibrary.org/GroupedWork/80a52274-def1-af19-dbef-afe0758179a7-eng,"Amber and ashes","Weis, Margaret",9780786932573,,"Wizards of the Coast; Wizards of the Coast Publishing","2004 - 2011","Renton, WA",eBook;Book,
https://catalog.saclibrary.org/GroupedWork/e453b022-6772-7bec-ffcf-77fc9a545407-eng,"It happened one doomsday","MacNaughton, Laurence, 1975-",9781633881877,,"Pyr; Pyr, an imprint of Prometheus Books",2016,"Amherst, N.Y",eBook;Book,"Book::Central: SCIENCE FICTION MacNaughton, L. - On Shelf,Book::South Natomas: SCIENCE FICTION MacNaughton, L. - On Shelf"
https://catalog.saclibrary.org/GroupedWork/6d7c83fa-4249-b4e9-dce9-d4d101011498-eng,"The estate","Jost, Sarah, 1984-",9781728262734,,"Sourcebooks; Sourcebooks Landmark",2024,"Naperville, Illinois",eBook;Book,"Book::Central: FICTION Jost, S. - On Shelf,Book::Belle Cooledge: FICTION Jost, S. - On Shelf,Book::South Natomas: FICTION Jost, S. - On Shelf"
https://catalog.saclibrary.org/GroupedWork/bb820084-9891-cd25-2d62-b6c61e0dc15c-eng,"Amari and the metalwork menace","Alston, B. B",9780063340022,,"HarperCollins; Youth Large Print; Storytide",2026,"[Place of publication not identified]","eAudiobook;Large Print;Book;eBook","Book::Carmichael Children's Area: CHILDREN FICTION Alston, B. - On Shelf,Book::Central Kids Place - Lower Level: CHILDREN FICTION Alston, B. - In Transit,Book::Colonial Heights Children's Area: CHILDREN FICTION Alston, B. - On Shelf"
https://catalog.saclibrary.org/GroupedWork/af3f66a8-e882-a2b3-86fc-4dce9cce3b20-eng,"The Russian cage","Harris, Charlaine",9781481494991,,"Saga Press; Recorded Books, Inc.; S&S/Saga Press",2021,London,eAudiobook;Book;eBook,"Book::Arcade: SCIENCE FICTION Harris, C. - On Shelf,Book::Central: SCIENCE FICTION Harris, C. - On Shelf,Book::Del Paso Heights: SCIENCE FICTION Harris, C. - On Shelf"
https://catalog.saclibrary.org/GroupedWork/eec87330-c26e-c2ad-d8e4-ff1466d0cee9-eng,"Steal the dragon","Briggs, Patricia",9780441002733,,"Ace Books; Penguin Publishing Group; Books on Tape","1995 - 2011","New York",eAudiobook;Book;eBook,"Book::Fair Oaks: SCIENCE FICTION Briggs, P. - On Shelf,Book::Galt: SCIENCE FICTION Briggs, P. - On Shelf"
https://catalog.saclibrary.org/GroupedWork/1e645171-e41f-9d7d-6b9b-2c243241b335-eng,"A light in the flame","Armentrout, Jennifer L",9781957568041,,"Blue Box Press; Evil Eye Concepts, Incorporated",2022,"[St. Augustine, Florida]",eBook;Book,"Book::Arcade: FICTION Armentrout, J. - On Shelf,Book::Rancho Cordova: FICTION Armentrout, J. - Checked Out,Book::Southgate: FICTION Armentrout, J. - On Shelf"
https://catalog.saclibrary.org/GroupedWork/8974b3fa-47a5-1a0c-9735-8d4db14fa5e9-eng,"The story of the stone","Hughart, Barry",9780385246361,,"Random House Worlds; Foundation Books/Doubleday","1988 - 2011","New York",eBook;Book,
https://catalog.saclibrary.org/GroupedWork/f3b75eff-d18c-7e23-cae6-d7e780f0bbe0-eng,"The unfortunate side effects of heartbreak and magic: a novel","Randall, Breanne",9781639105731,,"CROOKED LANE BOOKS; Alcove Press; Blackstone Publishing","2023 - 2024","New York, NY",eAudiobook;eBook;Book,"Book::Colonial Heights: FICTION Randall, B. - On Shelf,Book::Belle Cooledge: FICTION Randall, B. - On Shelf,Book::Fair Oaks: FICTION Randall, B. - On Shelf"
https://catalog.saclibrary.org/GroupedWork/6a0ecd70-bee8-526b-e27f-a4b89158fdd3-eng,"A queen in hiding","Kozloff, Sarah",9781250168542,,"Tor; Macmillan Audio",2020,"New York",eAudiobook;Book,"Book::Arcade: SCIENCE FICTION Kozloff, S. - On Shelf,Book::Carmichael: SCIENCE FICTION Kozloff, S. - On Shelf,Book::North Natomas: SCIENCE FICTION Kozloff, S. - On Shelf"
https://catalog.saclibrary.org/GroupedWork/00f0e2d9-0f98-dfc3-d846-97613ddbe25f-eng,"The starlight heir: a novel","Howard, Amalie",9780063355842,,"Avon, an imprint of HarperCollinsPublishers; HarperCollins",2025,"New York, NY",eAudiobook;Book;eBook,"Book::Carmichael: SCIENCE FICTION Howard, A. - On Shelf,Book::Central: SCIENCE FICTION Howard, A. - In Transit,Book::Colonial Heights: SCIENCE FICTION Howard, A. - On Shelf"
https://catalog.saclibrary.org/GroupedWork/e30751e1-b479-a507-925a-592b0a33505b-eng,"Kingdom of shadow and light","Moning, Karen Marie",9780399593697,,"Delacorte Press; Random House Publishing Group",2021,"New York",eBook;Book,"Book::Arcade: SCIENCE FICTION Moning, K. - On Shelf,Book::Central: SCIENCE FICTION Moning, K. - On Shelf,Book::Colonial Heights: SCIENCE FICTION Moning, K. - On Shelf"
https://catalog.saclibrary.org/GroupedWork/e31eda6a-cd1f-eef5-9446-39df93c39c40-eng,"The nameless land","Elliott, Kate, 1958-",9781250338648,,"Tor Publishing Group",2025,"New York",eBook;Book,"Book::Central New Books - 4th Floor: SCIENCE FICTION Elliott, K. - On Shelf,Book::Colonial Heights: SCIENCE FICTION Elliott, K. - On Shelf,Book::Del Paso Heights: SCIENCE FICTION Elliott, K. - On Shelf"
https://catalog.saclibrary.org/GroupedWork/f10003da-6632-1e22-e6b2-835c76a163e9-eng,"The lamb will slaughter the lion","Killjoy, Margaret, 1982-",9780765397362,,"Tor; Tor Publishing Group",2017,"New York, NY",eBook;Book,"Book::Orangevale: SCIENCE FICTION Killjoy, M. - On Shelf,Book::Southgate: SCIENCE FICTION Killjoy, M. - On Shelf"
https://catalog.saclibrary.org/GroupedWork/a181ace0-834b-c20b-8060-bbe040f20c8d-eng,"The world we make","Jemisin, N. K",9780316509893,,Orbit,2022,"New York, NY",eBook;Book,"Book::Arcade: SCIENCE FICTION Jemisin, N. - On Shelf,Book::Belle Cooledge: SCIENCE FICTION Jemisin, N. - On Shelf,Book::Elk Grove: SCIENCE FICTION Jemisin, N. - On Shelf"
https://catalog.saclibrary.org/GroupedWork/9a670fd5-ddd4-851a-73b9-0e62346cc288-eng,"The sharpest blade","Williams, Sandy",9780425265888,,"Ace; Sandy Williams; Penguin Publishing Group","2013 - 2014","New York",eBook;Book,"Book::Valley Hi-North Laguna: SCIENCE FICTION Williams, S. - On Shelf"
https://catalog.saclibrary.org/GroupedWork/988044ea-9ff5-8d2f-7456-1d7eb4d929b7-eng,"Winter's heart","Jordan, Robert, 1948-2007",9780765337801,,"Books on Tape; Tor Fantasy; Tor Publishing Group","2000 - 2011","New York",eAudiobook;Book;eBook,"Book::Central: SCIENCE FICTION Jordan, R. - On Shelf,Book::South Natomas: SCIENCE FICTION Jordan, R. - On Shelf,Book::North Natomas: SCIENCE FICTION Jordan, R. - On Shelf"
https://catalog.saclibrary.org/GroupedWork/1a1d87e4-77c4-5832-11bb-b5a1897b4cd0-eng,"King of battle and blood","St. Clair, Scarlett",9781728258416,,"Bloom Books; Tantor Media, Inc; Sourcebooks","2021 - 2022","Naperville, Illinois",eAudiobook;eBook;Book,"Book::Carmichael: SCIENCE FICTION St. Clair, S. - On Shelf,Book::Central: SCIENCE FICTION St. Clair, S. - On Shelf,Book::Franklin: SCIENCE FICTION St. Clair, S. - On Shelf"
https://catalog.saclibrary.org/GroupedWork/cc506b14-2289-d111-031e-67662eb90b1d-eng,"Soul taken","Briggs, Patricia",9780440001614,,"Ace; Books on Tape; Penguin Publishing Group",2022,"New York",eAudiobook;Book;eBook,"Book::Carmichael: SCIENCE FICTION Briggs, P. - On Shelf,Book::Central: SCIENCE FICTION Briggs, P. - On Shelf,Book::Fair Oaks: SCIENCE FICTION Briggs, P. - On Shelf"
https://catalog.saclibrary.org/GroupedWork/9fff2a1f-a057-13fd-22b1-275f5d0b745a-eng,"A witch in time","Sayers, Constance",9780316493598,,"Orbit; Hachette Audio; Redhook",2020,"New York, NY",eAudiobook;Book;eBook,"Book::Central: FICTION Sayers, C. - On Shelf,Book::Elk Grove: FICTION Sayers, C. - On Shelf,Book::South Natomas: FICTION Sayers, C. - On Shelf"
https://catalog.saclibrary.org/GroupedWork/565872dd-3f67-7786-83f2-c60c2c81b5b9-eng,"Soul of the fire","Goodkind, Terry",9780812551495,,"A Tor; RosettaBooks","1999 - 2015","New York",eBook;Book,
https://catalog.saclibrary.org/GroupedWork/39d54020-9300-47f2-f84b-499b79f42de8-eng,"The ladies of Grace Adieu and other stories","Clarke, Susanna",9781596912519,,"Bloomsbury USA; Macmillan Audio; Distributed to the trade by Holtzbrinck Publishers; Bloomsbury Publishing","2006 - 2008","New York",eAudiobook;Book;eBook,
https://catalog.saclibrary.org/GroupedWork/bcdba0a2-a7b3-846e-cfe4-0508c50fe09f-eng,"Sweep of the blade","Andrews, Ilona",9781080143986,,"NYLA; GraphicAudio; NYLA Publishing","2019 - 2022","New York",eAudiobook;eBook;Book,"Book::Central: SCIENCE FICTION Andrews, I. - On Shelf,Book::Sylvan Oaks: SCIENCE FICTION Andrews, I. - On Shelf"
https://catalog.saclibrary.org/GroupedWork/aabbfd95-fd21-15b9-b9ae-dad906fe7b5d-eng,"The naming song","Berry, Jedediah",9781250907981,,"Tor, Tor Publishing Group; Macmillan Audio; Tor Publishing Group",2024,"New York",eAudiobook;Book;eBook,"Book::Central: SCIENCE FICTION Berry, J. - Checked Out,Book::Franklin: SCIENCE FICTION Berry, J. - On Shelf,Book::Rancho Cordova: SCIENCE FICTION Berry, J. - On Shelf"
https://catalog.saclibrary.org/GroupedWork/c8c8358b-46ff-eda6-03fc-a17d5e616cf4-eng,"The Myth manifestation: a SPI Files novel","Shearin, Lisa",9781620512708,,"Word River Press; NLA Digital LLC",2018,"Denver, CO",eBook;Book,"Book::Arcade: SCIENCE FICTION Shearin, L. - On Shelf,Book::South Natomas: SCIENCE FICTION Shearin, L. - On Shelf"
https://catalog.saclibrary.org/GroupedWork/edc89404-50d6-ef33-f83a-379a3be1b3db-eng,Mitosis,"Sanderson, Brandon",9781473209350,,"Random House Children's Books; Gollancz","2013 - 2014",London,eBook;Book,
https://catalog.saclibrary.org/GroupedWork/26819f42-75e7-3d8c-0def-ac49a5b781ce-eng,Thunderbird,"Wendig, Chuck",9781481448710,,"Saga Press; S&S/Saga Press",2017,"New York",eBook;Book,"Book::Carmichael: SCIENCE FICTION Wendig, C. - On Shelf,Book::Franklin: SCIENCE FICTION Wendig, C. - On Shelf,Book::South Natomas: SCIENCE FICTION Wendig, C. - On Shelf"
https://catalog.saclibrary.org/GroupedWork/44c1d630-ef60-a309-7234-917f88ed5701-eng,"The Judas blossom","Aryan, Stephen, 1977-",9781915202192,,"Watkins Media; Angry Robot",2023,London,eBook;Book,"Book::Arcade: SCIENCE FICTION Aryan, S. - On Shelf,Book::Carmichael: SCIENCE FICTION Aryan, S. - On Shelf,Book::Central: SCIENCE FICTION Aryan, S. - On Shelf"
https://catalog.saclibrary.org/GroupedWork/22a4aa36-302b-2c1e-86c1-16d79e0b2cba-eng,"The Goblin Emperor","Addison, Katherine",9780765326997,,"Tantor Media, Inc.; Tor; Macmillan Audio; Tor Publishing Group","2014 - 2021","New York",eAudiobook;Book;eBook,"Book::Central: SCIENCE FICTION Addison, K. - On Shelf,Book::Colonial Heights: SCIENCE FICTION Addison, K. - On Shelf,Book::Galt: SCIENCE FICTION Addison, K. - OFF CAMPUS"
https://catalog.saclibrary.org/GroupedWork/a238fc53-5c07-8dd9-c0ed-a50b4708c8e6-eng,Chimera,"Barth, John, 1930-",9780618131709,,"Houghton Mifflin; Deep Vellum Publishing","2001 - 2023",Boston,eBook;Book,"Book::Central: FICTION Barth, J. - On Shelf"
https://catalog.saclibrary.org/GroupedWork/dfc08087-368b-70dc-dd72-997d7182e6c8-eng,"Order of swans","Deveraux, Jude",9780778368427,,"MIRA Books; Harlequin Audio; HarlequinAudio; Mira",2025,"Toronto, Ontario, Canada",eAudiobook;Book;eBook,"Book::Carmichael: FICTION Deveraux, J. - On Shelf,Book::Central: FICTION Deveraux, J. - On Shelf,Book::Belle Cooledge: FICTION Deveraux, J. - On Shelf"
https://catalog.saclibrary.org/GroupedWork/25822d84-711d-4678-844b-528b910d6d76-eng,"Warrior of the wind","Okungbowa, Suyi Davies",9780316428972,,"Orbit; Hachette Audio",2023,"New York, NY",eAudiobook;Book;eBook,"Book::Arcade: SCIENCE FICTION Okungbowa, S. - Checked Out,Book::Central: SCIENCE FICTION Okungbowa, S. - On Shelf,Book::Franklin: SCIENCE FICTION Okungbowa, S. - On Shelf"
https://catalog.saclibrary.org/GroupedWork/60f5fdb6-2962-a69b-e0c9-01e333db61f3-eng,"The city in the middle of the night","Anders, Charlie Jane",9780765379962,,"Recorded Books, Inc.; Tor; Tor Publishing Group",2019,"New York",eAudiobook;eBook;Book,"Book::McKinley: SCIENCE FICTION Anders, C. - On Shelf,Book::Pocket-Greenhaven: SCIENCE FICTION Anders, C. - On Shelf,Book::Valley Hi-North Laguna: SCIENCE FICTION Anders, C. - On Shelf"
https://catalog.saclibrary.org/GroupedWork/f6feea4d-efd7-dcd7-79fa-ced0b73f5c42-eng,"Yoke of stars","Lemberg, R. B",9781616964184,,"Tachyon; Tachyon Publications",2024,"San Francisco",eBook;Book,"Book::Carmichael: SCIENCE FICTION Lemberg, R. - On Shelf,Book::Central: SCIENCE FICTION Lemberg, R. - On Shelf,Book::McKinley: SCIENCE FICTION Lemberg, R. - Checked Out"
https://catalog.saclibrary.org/GroupedWork/b3fe5835-f158-8203-b86e-7890248a3024-eng,"The amberglow candy store","Kurisu, Hiyoko",9780593854921,,"G. P. Putnam's Sons; Penguin Publishing Group; Books on Tape",2025,"New York",eAudiobook;Book;eBook,"Book::Carmichael: FICTION Kurisu, H. - Checked Out,Book::Central: FICTION Kurisu, H. - On Shelf,Book::Sylvan Oaks: FICTION Kurisu, H. - On Shelf"
https://catalog.saclibrary.org/GroupedWork/ad2b84f3-c5ce-6d7b-7c31-2241fc647270-eng,"The hills have spies","Lackey, Mercedes",9780756413170,,"DAW Books, Inc; Astra Publishing House",2018,"New York, NY",eBook;Book,"Book::Arcade: SCIENCE FICTION Lackey, M. - On Shelf,Book::Rio Linda: SCIENCE FICTION Lackey, M. - On Shelf,Book::Folsom Adult: SCIENCE FICTION Lackey, M. - On Shelf"
https://catalog.saclibrary.org/GroupedWork/2b24f26f-9618-3f71-ea69-0da5f959c23a-eng,"Cast in oblivion","Sagara, Michelle, 1963-",9780778307846,,"MIRA Books; Harlequin Audio; HarlequinAudio; Mira",2019,"Toronto, Ontario, Canada",eAudiobook;eBook;Book,"Book::North Natomas: SCIENCE FICTION Sagara, M. - On Shelf,Book::Southgate: SCIENCE FICTION Sagara, M. - On Shelf"
https://catalog.saclibrary.org/GroupedWork/21157507-e379-9d3a-f69b-65312a87ade1-eng,"The Tinkerers","Carlson, Caroline (Children's author)",9781536230505,,"Candlewick Press; Books on Tape",2025,"Somerville, Massachusetts",eAudiobook;Book;eBook,"Book::Central Kids Place - Lower Level: CHILDREN FICTION Carlson, C. - On Shelf,Book::Belle Cooledge Children's Area: CHILDREN FICTION Carlson, C. - On Shelf,Book::Elk Grove Kids' Place: CHILDREN FICTION Carlson, C. - Checked Out"
https://catalog.saclibrary.org/GroupedWork/d98e6ff7-bd3c-982c-a2bf-2b5861152412-eng,"The Ickabog","Rowling, J. K",9781338732870,,"Scholastic Inc.; Brilliance Audio; Scholastic Inc","2020 - 2021","[Grand Haven, Michigan]; New York, NY","Audiobook - CD;eBook;Book","Book::Arcade Children's Area: CHILDREN FICTION Rowling, J. - On Shelf,Book::Carmichael Children's Area: CHILDREN FICTION Rowling, J. - On Shelf,Book::Central Kids Place - Lower Level: CHILDREN FICTION Rowling, J. - On Shelf"
https://catalog.saclibrary.org/GroupedWork/20906d23-39e0-38a5-af27-9eb7a3e00293-eng,Spymaster,"Weis, Margaret",9780765381071,,"Tantor Media, Inc.; Tor; Tor Publishing Group","2017 - 2020","New York",eBook;Book;eAudiobook,"Book::Carmichael: SCIENCE FICTION Weis, M. - On Shelf,Book::South Natomas: SCIENCE FICTION Weis, M. - Checked Out,Book::Sylvan Oaks: SCIENCE FICTION Weis, M. - On Shelf"
https://catalog.saclibrary.org/GroupedWork/bb391246-dc7f-f382-aedc-9cc8e4eb4184-eng,"Kill the Queen: a crown of shards novel","Estep, Jennifer",9780062797612,,"HarperCollins; Harper Voyager, An Imprint of HarperCollins Publishers; HarperAudio",2018,"New York, NY",eAudiobook;eBook;Book,"Book::Carmichael: SCIENCE FICTION Estep, J. - On Shelf,Book::Franklin: SCIENCE FICTION Estep, J. - On Shelf,Book::McClatchy: SCIENCE FICTION Estep, J. - On Shelf"
https://catalog.saclibrary.org/GroupedWork/0860e407-1bbc-41ce-cc6a-74cc9d14f1c1-eng,"The wind through the keyhole: a dark tower novel","King, Stephen, 1947-",9781451658903,,"Recorded Books, Inc.; Scribner",2012,"New York",eAudiobook;Book;eBook,"Book::Southgate: SCIENCE FICTION King, S. - On Shelf,Book::Sylvan Oaks: SCIENCE FICTION King, S. - On Shelf,Book::Colusa Main Branch Adult Collection: Fic - On Shelf"
https://catalog.saclibrary.org/GroupedWork/4c8e9d9c-5554-973c-5fd4-6e40e7bee066-eng,"Pulling the wings off angels","Parker, K. J",9781250835765,,"Tordotcom; Tor Publishing Group",2022,"New York",eBook;Book,"Book::Arcade: SCIENCE FICTION Parker, K. - On Shelf,Book::Carmichael: SCIENCE FICTION Parker, K. - On Shelf,Book::Central: SCIENCE FICTION Parker, K. - On Shelf"
https://catalog.saclibrary.org/GroupedWork/70455105-92c4-f53d-b1de-2531dd75b080-eng,"Shaman's crossing","Hobb, Robin",9780060758288,,"HighBridge, a division of Recorded Books; HarperCollins; EOS","2005 - 2009","New York",eAudiobook;Book;eBook,
https://catalog.saclibrary.org/GroupedWork/e423767e-6239-adce-d442-3d4007edaeeb-eng,"Bridge of dreams: [an Ephemera novel]","Bishop, Anne",9780451463814,,"ROC; Penguin Publishing Group",2012,"New York, New York",eBook;Book,"Book::Central: SCIENCE FICTION Bishop, A. - On Shelf,Book::Pocket-Greenhaven: SCIENCE FICTION Bishop, A. - On Shelf,Book::Valley Hi-North Laguna: SCIENCE FICTION Bishop, A. - On Shelf"
https://catalog.saclibrary.org/GroupedWork/cc128f77-28ea-e1cb-f6bd-b9470d9aa163-eng,"The dragons of Deepwood Fen","Beaulieu, Bradley P",9780756418120,,"Astra Publishing House; DAW Books",2023,"New York",eBook;Book,"Book::Arcade: SCIENCE FICTION Beaulieu, B. - Checked Out,Book::Central: SCIENCE FICTION Beaulieu, B. - On Shelf,Book::South Natomas: SCIENCE FICTION Beaulieu, B. - On Shelf"
https://catalog.saclibrary.org/GroupedWork/bd81d699-7c70-b8b8-5163-22fc900999ae-eng,"The barrow","Smylie, Mark (Mark S.)",9781616148911,,"Tantor Media, Inc.; Start Publishing Llc; Pyr",2014,"Amherst, NY",eBook;Book;eAudiobook,"Book::Pocket-Greenhaven: SCIENCE FICTION Smylie, M. - On Shelf"
https://catalog.saclibrary.org/GroupedWork/a7521cee-1ba8-9f01-7567-caf6353d6487-eng,"Ink & sigil","Hearne, Kevin",9781984821256,,"Del Rey; Random House Worlds; Books on Tape",2020,"New York",eAudiobook;Book;eBook,"Book::Central: SCIENCE FICTION Hearne, K. - Checked Out,Book::Valley Hi-North Laguna: SCIENCE FICTION Hearne, K. - On Shelf,Book::Folsom Adult: SCIENCE FICTION Hearne, K. - On Shelf"
https://catalog.saclibrary.org/GroupedWork/b1e94127-b60e-f940-2667-5f664a255b15-eng,"Cormorant run","Saintcrow, Lilith",9780316277969,,"Orbit; Hachette Audio",2017,"New York, NY",eBook;Book;eAudiobook,"Book::Central: SCIENCE FICTION Saintcrow, L. - On Shelf"
https://catalog.saclibrary.org/GroupedWork/b1f13f91-9861-ce19-3c3e-6cc246526117-eng,"Dark song","Feehan, Christine",9780593099834,,"Recorded Books, Inc.; Berkley",2020,"New York",eAudiobook;Book,"Book::Arcade: FICTION Feehan, C. - On Shelf,Book::Central: FICTION Feehan, C. - On Shelf,Book::Belle Cooledge: FICTION Feehan, C. - On Shelf"
https://catalog.saclibrary.org/GroupedWork/a01cbd98-905a-66d4-8f96-33f9bf755d54-eng,"The Knights of Crystallia","Sanderson, Brandon",9780765378989,,"Recorded Books, Inc.; Starscape","2012 - 2016","New York",Book;eAudiobook,"Book::Galt Children's Area: CHILDREN FICTION Sanderson, B. - On Shelf,Book::South Natomas Children's Area: CHILDREN FICTION Sanderson, B. - On Shelf,Book::Orangevale: CHILDREN FICTION Sanderson, B. - On Shelf"
https://catalog.saclibrary.org/GroupedWork/79fe21b3-968f-4952-35f3-649a5f523431-eng,"Dragon rider","Matharu, Taran",9780063227576,,"Harper Voyager, an imprint of HarperCollinsPublishers; HarperCollins; HarperAudio",2024,"New York, NY",eAudiobook;eBook;Book,"Book::Arcade: SCIENCE FICTION Matharu, T. - On Shelf,Book::Carmichael: SCIENCE FICTION Matharu, T. - On Shelf,Book::Central: SCIENCE FICTION Matharu, T. - On Shelf"
https://catalog.saclibrary.org/GroupedWork/97cb2919-7835-f793-262e-8ec8ef7ee335-eng,"In shade and shadow: a novel of the noble dead","Hendee, Barb",9780451462503,,"Roc; Penguin Publishing Group",2009,"New York",eBook;Book,
https://catalog.saclibrary.org/GroupedWork/9a76b865-fdc7-c8dc-ea4e-1f9afdf7000a-eng,Flyaway,"Jennings, Kathleen (Illustrator)",9781250260499,,"Tor.com; Macmillan Audio",2020,"New York",eAudiobook;Book,"Book::Central: FICTION Jennings, K. - On Shelf,Book::Fair Oaks: FICTION Jennings, K. - On Shelf,Book::McKinley: FICTION Jennings, K. - On Shelf"
https://catalog.saclibrary.org/GroupedWork/d593c96c-d9c9-35d2-1616-0b89cdddfeec-eng,"Mother of death and dawn","Broadbent, Carissa",9781250405401,,"Tantor Media, Inc; Bramble, Tor Publishing Group","2022 - 2026","New York",eAudiobook;Book,"Book::Central New Books - 4th Floor: SCIENCE FICTION Broadbent, C. - On Shelf,Book::Galt: SCIENCE FICTION Broadbent, C. - On Shelf,Book::Pocket-Greenhaven: SCIENCE FICTION Broadbent, C. - On Shelf"
https://catalog.saclibrary.org/GroupedWork/b68c9560-b53a-528c-fda1-d431868a65a3-eng,"Primal mirror","Singh, Nalini, 1977-",9780593440735,,"Tantor Media, Inc; Berkley; Penguin Publishing Group",2024,"New York",eAudiobook;eBook;Book,"Book::Arcade: FICTION Singh, N. - On Shelf,Book::Central: FICTION Singh, N. - On Shelf,Book::Belle Cooledge: FICTION Singh, N. - On Shelf"
https://catalog.saclibrary.org/GroupedWork/774b61f5-36c1-6406-a1d4-f4d5a53953df-eng,"Black sci-fi short stories: anthology of new & classic tales",,9781839644801,,"Flame Tree Publishing",2021,London,Book,"Book::Central: SCIENCE FICTION Black - On Shelf,Book::Colonial Heights: SCIENCE FICTION Black - Checked Out,Book::Colusa Main Branch Adult Collection: Fic - On Shelf"
https://catalog.saclibrary.org/GroupedWork/9ea7c0ad-6823-9bc6-8e58-a4ffdd0629fc-eng,"Red country","Abercrombie, Joe",9780316187213,,"Orbit; Hachette Audio; Dreamscape Media","2012 - 2013","New York",eAudiobook;Book;eBook,
https://catalog.saclibrary.org/GroupedWork/d5f7f316-7520-047d-6b6f-12684d76aa18-eng,"Six scorched roses: a Crowns of Nyaxia novella","Broadbent, Carissa",9781957779034,,"Podium Audio; Carissa Broadbent",2023,"[United States]",eAudiobook;Book,"Book::Central: SCIENCE FICTION Broadbent, C. - On Shelf,Book::Belle Cooledge: SCIENCE FICTION Broadbent, C. - On Shelf,Book::Galt: SCIENCE FICTION Broadbent, C. - Checked Out"
https://catalog.saclibrary.org/GroupedWork/b5f1bb5e-7367-16bc-0565-59ee970d2d39-eng,"All the hearts you eat","Piper, Hailey",9781803367644,,"Titan Books; Blackstone Publishing; Titan","2024 - 2025",London,eAudiobook;Book;eBook,"Book::Central: FICTION Piper, H. - Display,Book::Belle Cooledge: FICTION Piper, H. - Display,Book::Fair Oaks: FICTION Piper, H. - Checked Out"
https://catalog.saclibrary.org/GroupedWork/f2040d30-ddb0-8d63-491b-8a6239fa18ec-eng,"Iced: a Dani O'Malley novel","Moning, Karen Marie",9780385344401,,"Delacorte Press; Random House Publishing Group",2012,"New York",eBook;Book,
https://catalog.saclibrary.org/GroupedWork/b60a4891-3368-08ee-3b6c-eb959bfcbffa-eng,"Long live the queen","Locke, Kate, 1971-",9780316196147,,"Orbit; Hachette Audio",2013,"New York, NY",eAudiobook;Book;eBook,"Book::Elk Grove: SCIENCE FICTION Locke, K. - OFF CAMPUS"
https://catalog.saclibrary.org/GroupedWork/d0f5788c-e6f4-cc9a-89fd-cf2151976496-eng,"Moontide and magic rise","Russell, Sean, 1952-",9780756414108,,"Astra Publishing House; DAW Books",2018,"New York",eBook;Book,"Book::McKinley: SCIENCE FICTION Russell, S. - On Shelf,Book::South Natomas: SCIENCE FICTION Russell, S. - On Shelf"
https://catalog.saclibrary.org/GroupedWork/2d419e65-42a7-f221-309a-5305f482557a-eng,"A curse for true love","Garber, Stephanie",9781250851208,,"Macmillan Audio; Flatiron Books",2023,"New York; New York, NY","eAudiobook;Audiobook - CD;eBook;Book","Book::Central Teen Area - 3rd Floor: TEEN FICTION Garber, S. - In Transit,Book::Valley Hi-North Laguna Teen Area: TEEN FICTION Garber, S. - In Transit,Book::Folsom Teen Room: TEEN FICTION Garber, S. - Checked Out"
https://catalog.saclibrary.org/GroupedWork/b4badad3-35fe-acc9-8824-16a95722c137-eng,"This savage song","Schwab, Victoria",9780062380852,,"Greenwillow Books; HarperCollins; Greenwillow Books, an imprint of HarperCollins Publishers","2016 - 2020","New York, NY",eBook;Book;eAudiobook,"Book::Rancho Cordova: TEEN FICTION Schwab, V. - On Shelf,Book::Sacramento Public Library Storage: TEEN FICTION Schwab, V. - On Shelf"
https://catalog.saclibrary.org/GroupedWork/25177511-a024-8f30-dead-8977edc34d3f-eng,"Harry Potter and the Goblet of Fire","Rowling, J. K",9780747550990,,"Listening Library; Scholastic; Thorndike Press; Bloomsbury; Pottermore Publishing","2000 - 2024","New York; London; Thorndike, ME","eAudiobook;Audiobook - CD;eBook;Large Print;Book","Book::Central Kids Place - Lower Level: CHILDREN FICTION Rowling, J. - Checked Out,Book::Central Kids Place - Lower Level: ON ORDER - On Order,Book::Franklin Children's: CHILDREN FICTION Rowling, J. - On Hold Shelf"
https://catalog.saclibrary.org/GroupedWork/5d6e40f2-4167-6784-5b20-39034159f366-eng,"Raising steam: a Discworld novel","Pratchett, Terry",9780385538268,,"Knopf Doubleday Publishing Group; Books on Tape; Doubleday",2014,"New York",eAudiobook;eBook;Book,"Book::Central: SCIENCE FICTION Pratchett, T. - On Shelf,Book::Valley Hi-North Laguna: SCIENCE FICTION Pratchett, T. - On Shelf,Book::Sutter County Main Branch: SCIENCE FICTION Pratchett, T. - On Shelf"
https://catalog.saclibrary.org/GroupedWork/09e744c8-4a0a-84b8-d618-3e278c6e1078-eng,"Dirty 20: a novel","Schweigart, Bill",9781368114578,,"Hyperion Avenue",2026,"Los Angeles",Book,"Book::Carmichael: FICTION Schweigart, B. - Checked Out,Book::Central New Books - 4th Floor: FICTION Schweigart, B. - On Shelf,Book::Rancho Cordova: FICTION Schweigart, B. - Checked Out"
https://catalog.saclibrary.org/GroupedWork/4254b78f-e3bf-230e-9669-031116d5ef27-eng,"Devil may cry","Kenyon, Sherrilyn, 1965-",9780312369507,,"St. Martin's Press; Macmillan Audio",2007,"New York",eAudiobook;Book,"Book::Arcade: FICTION Kenyon, S. - On Shelf,Book::Sutter County Main Branch: FICTION Kenyon, S. - On Shelf"
https://catalog.saclibrary.org/GroupedWork/cfa8bad3-7d35-7033-4b3a-4f80cd9932a4-eng,"The undetectables","Smyth, Courtney",9781803364780,,"Tantor Media, Inc; Titan Books; Titan","2023 - 2024",London,eAudiobook;Book;eBook,"Book::Carmichael: SCIENCE FICTION Smyth, C. - On Shelf,Book::Central: SCIENCE FICTION Smyth, C. - Display,Book::North Natomas: SCIENCE FICTION Smyth, C. - On Shelf"
https://catalog.saclibrary.org/GroupedWork/32995cf2-47cf-2f87-d902-f8e9f3e79852-eng,"The blasted lands","Moore, James A. (James Arthur), 1965-",9780857663924,,"Watkins Media; Angry Robot",2014,"New York",eBook;Book,"Book::Carmichael: SCIENCE FICTION Moore, J. - On Shelf,Book::Central: SCIENCE FICTION Moore, J. - On Shelf"
https://catalog.saclibrary.org/GroupedWork/1a6c7b3d-fe50-f61c-4580-2df8b2ff6f53-eng,"Reincarnation blues: a novel","Poore, Michael",9780399178481,,"Del Rey; Random House Worlds; Books on Tape",2017,"New York",eAudiobook;Book;eBook,"Book::Colonial Heights: SCIENCE FICTION Poore, M. - On Hold Shelf,Book::McKinley: SCIENCE FICTION Poore, M. - On Shelf,Book::Folsom Adult: SCIENCE FICTION Poore, M. - On Shelf"
https://catalog.saclibrary.org/GroupedWork/bc2f1e60-dda3-0052-2c17-77752b27b87d-eng,"The last dragonslayer","Fforde, Jasper",9780544104716,,"Harcourt; Clarion Books; HarperCollins",2012,"Boston [MA]",eBook;Book,"Book::Franklin Teen: TEEN FICTION Fforde, J. - On Shelf,Book::South Natomas Teen Area: TEEN FICTION Fforde, J. - On Shelf,Book::Rancho Cordova: TEEN FICTION Fforde, J. - Checked Out"
https://catalog.saclibrary.org/GroupedWork/3a1f119a-208d-dd38-8bbf-fc06d776e00e-eng,"The marvelous land of Oz","Baum, L. Frank (Lyman Frank), 1856-1919",9781581180220,,"Interactive Media; Project Gutenberg; Start Publishing LLC; Dreamscape Media; HarperCollins Canada; LRS; Left of Brain Books; Findaway Voices; DigiCat","1997 - 2024","Los Angeles, CA","Large Print;eBook;eAudiobook","Large Print::Belle Cooledge Children's Area: CHILDREN LARGE PRINT FICTION Baum - On Shelf"
https://catalog.saclibrary.org/GroupedWork/5824abb1-09d3-7675-24a3-75f10fd49de8-eng,"The unfinished land","Bear, Greg, 1951-",9781328589903,,"Houghton Mifflin Harcourt; HarperCollins; Harper Voyager; HarperAudio",2021,Boston,eBook;Book;eAudiobook,"Book::Arcade: SCIENCE FICTION Bear, G. - On Shelf,Book::Central: SCIENCE FICTION Bear, G. - On Shelf,Book::Rio Linda: SCIENCE FICTION Bear, G. - On Shelf"
https://catalog.saclibrary.org/GroupedWork/ebffc926-a5a9-e239-5630-ec2b3814a34f-eng,"Fledgling: a novel","Butler, Octavia E",9780446696166,,"Recorded Books, Inc.; Seven Stories Press; Blackstone Publishing","2005 - 2020","New York",eAudiobook;eBook;Book,"Book::Colonial Heights: SCIENCE FICTION Butler, O. - Checked Out,Book::Fair Oaks: SCIENCE FICTION Butler, O. - Checked Out,Book::McClatchy: SCIENCE FICTION Butler, O. - On Shelf"
https://catalog.saclibrary.org/GroupedWork/e2f5d85a-7203-91f7-91b2-557c7a509a0c-eng,"The Familiar: Volume 2, Into the forest","Danielewski, Mark Z",9780375714962,,"Knopf Doubleday Publishing Group; Pantheon Books",2015,"New York",eBook;Book,"Book::Central: FICTION Danielewski, M. v.2 - On Shelf,Book::Franklin: FICTION Danielewski, M. v.2 - On Shelf"
https://catalog.saclibrary.org/GroupedWork/ea11f4db-3a72-377e-bf91-a1ecb66a9192-eng,"The seascape tattoo","Niven, Larry",9780765378736,,"Tor; Blackstone Publishing",2016,"New York",eAudiobook;Book,"Book::Galt: SCIENCE FICTION Niven, L. - On Shelf,Book::North Sacramento-Hagginwood: SCIENCE FICTION Niven, L. - On Shelf"
https://catalog.saclibrary.org/GroupedWork/57e80f2d-cddb-7753-6e37-31eab6657089-eng,"The sunlit man","Sanderson, Brandon",9781250899712,,"Dragonsteel, LLC; Dragonsteel Entertainment, LLC; Tor, Tor Publishing Group; GraphicAudio","2023 - 2025","New York",eAudiobook;eBook;Book,"Book::Arcade: SCIENCE FICTION Sanderson, B. - On Hold Shelf,Book::Carmichael: SCIENCE FICTION Sanderson, B. - On Shelf,Book::Central: SCIENCE FICTION Sanderson, B. - Checked Out"
https://catalog.saclibrary.org/GroupedWork/75e7cbf0-1696-b841-7e10-4a1e493becad-eng,"Kiss of snow: ","Singh, Nalini, 1977-",9780425242094,,"Berkley Sensation; Tantor Media, Inc; Penguin Publishing Group",2011,"New York",eAudiobook;eBook;Book,"Book::Valley Hi-North Laguna: FICTION Singh, N. - On Shelf,Book::Sutter County Main Branch: FICTION Singh, N. - On Shelf"
https://catalog.saclibrary.org/GroupedWork/376f125f-d536-1691-e0ff-1a5be353a566-eng,"Exile's honor: a novel of Valdemar","Lackey, Mercedes",9780756400859,,"Tantor Media, Inc.; Astra Publishing House; Tantor Media, Inc; Distributed by Penguin Putnam; DAW Books","2002 - 2019","New York",eAudiobook;Book;eBook,"Book::Central: SCIENCE FICTION Lackey, M. - On Shelf,Book::South Natomas: SCIENCE FICTION Lackey, M. - On Shelf"
https://catalog.saclibrary.org/GroupedWork/c58fcc61-2039-df3b-32a1-e64061de5d00-eng,"Dorothy and the wizard in Oz","Baum, L. Frank (Lyman Frank), 1856-1919",9780688098261,,"Reilly and Britton; Project Gutenberg; Start Publishing LLC; Reilly & Lee; Books of Wonder; Dreamscape Media; HarperCollins Canada; Morrow; The Well-Trained Mind Press; The Reilly & Lee Co; DigiCat","1905 - 2025","New York; [s.l.]; Chicago",eBook;Book;eAudiobook,
https://catalog.saclibrary.org/GroupedWork/1aa4477c-cd43-4242-767c-3144bafbb391-eng,"Renegade's magic","Hobb, Robin",9780060758301,,"Recorded Books, Inc.; HighBridge, a division of Recorded Books; HarperCollins; Eos","2008 - 2009","New York",eAudiobook;Book;eBook,
https://catalog.saclibrary.org/GroupedWork/0892d1c2-214b-65bf-d3cd-26c43b82f414-eng,"The serpent called mercy","Lau, Roanne",9780756419448,,"Astra Publishing House; DAW Books",2025,"New York",eBook;Book,"Book::Carmichael: SCIENCE FICTION Lau, R. - On Shelf,Book::Central: SCIENCE FICTION Lau, R. - On Shelf,Book::Colonial Heights: SCIENCE FICTION Lau, R. - On Shelf"
https://catalog.saclibrary.org/GroupedWork/3e4a2eb8-18bd-4e3f-d86f-00af4e2c0c3a-eng,"The consumption of magic","Klune, TJ",9781635335583,,"Dreamspinner Press",2017,"Tallahassee, Fl",eBook;Book,"Book::Franklin: SCIENCE FICTION Klune, T. - OFF CAMPUS"
https://catalog.saclibrary.org/GroupedWork/73449081-8fec-5dbb-c9d8-350c43e20470-eng,Projections,"Porter, S. E",9780765396778,,"Tor Publishing Group",2024,"New York",eBook;Book,"Book::Central: FICTION Porter, S. - On Shelf,Book::Belle Cooledge: FICTION Porter, S. - On Shelf,Book::Fair Oaks: FICTION Porter, S. - On Shelf"
https://catalog.saclibrary.org/GroupedWork/29f93165-4dd2-f6b2-1169-c5bcf5dc1bce-eng,Lothaire,"Cole, Kresley",9781439136829,9781442346758,"Simon & Schuster Audio; Gallery Books",2012,"New York","eAudiobook;Audiobook - CD;Book;eBook",
https://catalog.saclibrary.org/GroupedWork/15211536-0e97-0cdb-0a46-2b1800327327-eng,"Black city dragon","Knaak, Richard A",9781633884946,,Pyr,2019,"Jersey City, New Jersey",eBook;Book,"Book::South Natomas: SCIENCE FICTION Knaak, R. - On Shelf,Book::Sylvan Oaks: SCIENCE FICTION Knaak, R. - On Shelf"
https://catalog.saclibrary.org/GroupedWork/4dfc3b86-d430-117a-c071-1be5b6d07962-eng,"We'll always have Paris: stories","Bradbury, Ray, 1920-2012",9780061670138,,"HarperLuxe; William Morrow; HarperCollins; HarperAudio","2009 - 2020","New York; New York, N.Y","Large Print;eBook;Book;eAudiobook","Book::Arcade: SCIENCE FICTION Bradbury, R. - On Shelf,Book::Folsom Adult: FICTION Bradbury, R. - On Shelf"
https://catalog.saclibrary.org/GroupedWork/74a7eccd-8ad9-bd84-00a2-79923637f4a1-eng,"The high mountain court","Mulford, A. K",9780063296824,,"Harper Voyager, an imprint of HarperCollinsPublishers; HarperCollins","2022 - 2023","New York, NY",eBook;Book,"Book::Central: SCIENCE FICTION Mulford, A. - On Shelf,Book::Belle Cooledge: SCIENCE FICTION Mulford, A. - On Shelf,Book::Fair Oaks: SCIENCE FICTION Mulford, A. - On Shelf"
https://catalog.saclibrary.org/GroupedWork/9cc137a7-7fac-2a81-cd96-2a5f697054e6-eng,"When the king comes home","Stevermer, Caroline",9780312872144,,"Tor; Open Road Media","2000 - 2022","New York",eBook;Book,"Book::Central: SCIENCE FICTION Stevermer - On Shelf"
https://catalog.saclibrary.org/GroupedWork/ebb5a566-7fc1-aa57-7a59-d773f47c36dd-eng,"Galatea: a short story","Miller, Madeline",9780063280519,,"HarperCollins; Ecco, an imprint of HarperCollins Publishers","2013 - 2023","New York, NY",eAudiobook;eBook;Book,"Book::Carmichael: FICTION Miller, M. - On Shelf,Book::Central: FICTION Miller, M. - Checked Out,Book::Galt: FICTION Miller, M. - On Shelf"
https://catalog.saclibrary.org/GroupedWork/b661cd32-498f-3b9c-1710-e3fa7ea66bff-eng,"The book of heaven","Storace, Patricia",9780375408069,,"Knopf Doubleday Publishing Group; Pantheon Books",2014,"New York",eBook;Book,"Book::Central: FICTION Storace, P. - On Shelf,Book::Pocket-Greenhaven: FICTION Storace, P. - On Shelf"
https://catalog.saclibrary.org/GroupedWork/7676e915-84e5-c6c2-41bc-e49215a58c0d-eng,"A betrayal in winter","Abraham, Daniel",9780765313416,,"Tor; Tantor Media, Inc","2007 - 2014","New York",eAudiobook;Book,"Book::Elk Grove: SCIENCE FICTION Abraham, D. - OFF CAMPUS"
https://catalog.saclibrary.org/GroupedWork/408a3a9a-a84f-5562-dd3d-f2d3424a9005-eng,Phantom,"Goodkind, Terry",9780765344328,,"Tor; Tor Trade; Tor Publishing Group","2006 - 2011","New York",eBook;Book,"Book::Central: ON ORDER - On Order,Book::Sacramento Public Library: ON ORDER - On Order"
https://catalog.saclibrary.org/GroupedWork/fc04f673-2679-91de-e325-0d2d74311c77-eng,"A knight of the seven kingdoms","Martin, George R. R",9780345533487,9780147526359,"Bantam Books; Random House Worlds; Penguin Random House LLC; Books on Tape",2015,"New York; [New York]","eAudiobook;Audiobook - CD;eBook;Book","Book::Fair Oaks: SCIENCE FICTION Martin, G. - In Transit,Book::Galt: SCIENCE FICTION Martin, G. - In Transit,Book::South Natomas: SCIENCE FICTION Martin, G. - On Hold Shelf"
https://catalog.saclibrary.org/GroupedWork/0de8cc5b-715d-9352-4e1f-cca13123addc-eng,"Gilded cage","James, Vic",9780425284155,,"Del Rey; Random House Worlds; Books on Tape",2017,"New York",eAudiobook;Book;eBook,"Book::Carmichael: SCIENCE FICTION James, V. - On Shelf,Book::Central: SCIENCE FICTION James, V. - On Shelf,Book::Franklin: SCIENCE FICTION James, V. - On Shelf"
https://catalog.saclibrary.org/GroupedWork/bc1b57d2-5af3-d878-6330-dfd2262be8fc-eng,"A song of ash and moonlight","Legrand, Claire, 1986-",9781728232027,,"Sourcebooks Casablanca; Dreamscape Media; Sourcebooks",2024,"Naperville, Illinois",eAudiobook;eBook;Book,"Book::Arcade: SCIENCE FICTION Legrand, C. - On Shelf,Book::Central: SCIENCE FICTION Legrand, C. - On Shelf,Book::Belle Cooledge: SCIENCE FICTION Legrand, C. - On Shelf"
https://catalog.saclibrary.org/GroupedWork/68d33dec-32bc-f9e6-cee5-02f99f7f8591-eng,"Daughter of darkness","Brooks, Terry",9780593357415,,"Del Rey; Random House Worlds; Books on Tape",2022,"New York",eAudiobook;Book;eBook,"Book::Arcade: SCIENCE FICTION Brooks, T. - On Shelf,Book::Central: SCIENCE FICTION Brooks, T. - On Shelf,Book::Belle Cooledge: SCIENCE FICTION Brooks, T. - On Shelf"
https://catalog.saclibrary.org/GroupedWork/7091f994-e9f3-1834-69e1-b41fc409bb8c-eng,"Throne of nightmares: a novel","Maniscalco, Kerri",9780316557924,,"Hachette Audio; Little, Brown and Company",2026,"[Place of publication not identified]",eAudiobook;eBook;Book,"Book::Arcade: SCIENCE FICTION Maniscalco, K. - On Shelf,Book::Central New Books - 4th Floor: SCIENCE FICTION Maniscalco, K. - Checked Out,Book::Fair Oaks: SCIENCE FICTION Maniscalco, K. - Checked Out"
https://catalog.saclibrary.org/GroupedWork/4611ae9b-b886-cb27-03c2-af919dbcae82-eng,"The court war: a novel","Malan, Violette",9780756418946,,"Tantor Media, Inc; DAW Books","2023 - 2024","New York; New York, NY",Book;eAudiobook,"Book::Central: SCIENCE FICTION Malan, V. - On Shelf,Book::Franklin: SCIENCE FICTION Malan, V. - On Shelf,Book::McClatchy: SCIENCE FICTION Malan, V. - On Shelf"
https://catalog.saclibrary.org/GroupedWork/f04dd496-8494-a634-140b-8ae89c0f7db0-eng,"The Brotherhood of the Wheel","Belcher, R. S",9780765380289,,"Tom Doherty Associates, LLC; Tor Publishing Group",2016,"New York",eBook;Book,"Book::Carmichael: SCIENCE FICTION Belcher, R. - Checked Out,Book::Central: SCIENCE FICTION Belcher, R. - On Shelf,Book::Rio Linda: SCIENCE FICTION Belcher, R. - On Shelf"
https://catalog.saclibrary.org/GroupedWork/582a3266-cb56-721a-ffbc-a5641a486340-eng,"Jonathan Strange & Mr. Norrell","Clarke, Susanna",9781582346038,,"Macmillan Audio; Distributed to the trade by Holtzbrinck Publishers; Bloomsbury; Bloomsbury Publishing","2004 - 2024","New York",eAudiobook;eBook;Book,"Book::Central: SCIENCE FICTION Clarke, S. - Checked Out,Book::Colonial Heights: SCIENCE FICTION Clarke, S. - On Shelf,Book::Fair Oaks: SCIENCE FICTION Clarke, S. - In Transit"
https://catalog.saclibrary.org/GroupedWork/69159409-ea9e-12c8-148c-057cde43b8b9-eng,"Onyx & ivory","Arnett, Mindee",9780062652669,,"HarperCollins; Balzer + Bray, an imprint of HarperCollins Publishers",2018,"New York, NY",eAudiobook;eBook;Book,
https://catalog.saclibrary.org/GroupedWork/73d12b26-cd1c-78aa-0d63-0384e9c05340-eng,"A sorceress comes to call","Kingfisher, T",9781250244079,,"Tor, Tor Publishing Group; Macmillan Audio; Tor Publishing Group",2024,"New York",eAudiobook;eBook;Book,"Book::Arcade: SCIENCE FICTION Kingfisher, T. - Checked Out,Book::Carmichael: SCIENCE FICTION Kingfisher, T. - On Shelf,Book::Belle Cooledge: SCIENCE FICTION Kingfisher, T. - On Shelf"
https://catalog.saclibrary.org/GroupedWork/959e0361-769d-8cd3-94f6-41667ffdf182-eng,"The wandering fire","Kay, Guy Gavriel",9780877957850,,"Recorded Books, Inc.; Arbor House; Penguin Publishing Group","1986 - 2020","New York",eAudiobook;Book;eBook,
https://catalog.saclibrary.org/GroupedWork/46e30430-9d08-83e6-2be2-fdd7d90b6426-eng,"The conductors","Glover, Nicole",9780358197058,,"Mariner Books, Houghton Mifflin Harcourt; HarperCollins; Harper Voyager; HarperAudio",2021,Boston,eAudiobook;eBook;Book,"Book::McKinley: SCIENCE FICTION Glover, N. - On Shelf,Book::South Natomas: SCIENCE FICTION Glover, N. - On Shelf,Book::Orangevale: SCIENCE FICTION Glover, N. - Checked Out"
https://catalog.saclibrary.org/GroupedWork/4d689ca9-b6c0-c0f2-0759-c0746cc13922-eng,"The Jasad crown","Hashem, Sara",9780316478243,,"Orbit; Hachette Audio",2025,"New York, NY",eAudiobook;Book;eBook,"Book::McKinley: SCIENCE FICTION Hashem, S. - On Shelf,Book::North Sacramento-Hagginwood: SCIENCE FICTION Hashem, S. - On Shelf,Book::Rio Linda: SCIENCE FICTION Hashem, S. - Checked Out"
https://catalog.saclibrary.org/GroupedWork/3fe82fe3-0a8d-d9f1-32b0-d439e4c1dcca-eng,"Naamah's kiss","Carey, Jacqueline, 1964-",9780446198035,,"Tantor Media, Inc.; Tantor Media, Inc; Grand Central Pub; Grand Central Publishing",2009,"New York",eAudiobook;eBook;Book,"Book::Central: SCIENCE FICTION Carey, J. - On Shelf,Book::Sutter County Main Branch: SCIENCE FICTION Carey, J. - On Shelf"
https://catalog.saclibrary.org/GroupedWork/6e7cfdc6-fcc4-1f64-0d69-5153c2eca164-eng,"Free agent","Nelson, J. C",9780425272671,,"Tantor Media, Inc.; Ace Books; Penguin Publishing Group","2014 - 2015","New York",eBook;Book;eAudiobook,"Book::Valley Hi-North Laguna: SCIENCE FICTION Nelson, J. - On Shelf"
https://catalog.saclibrary.org/GroupedWork/92fa1001-8865-fa83-feb8-11efecd882ba-eng,"The shattered Vigil","Carr, Patrick W",9780764213472,,"Tantor Media, Inc.; Bethany House Publishers; Baker Publishing Group",2016,"Minneapolis, Minnesota",eBook;Book;eAudiobook,"Book::Central: FICTION Carr, P. - On Shelf"
https://catalog.saclibrary.org/GroupedWork/42292565-986b-7721-e5b5-e8c69864c847-eng,"Year of the Mer","Lewis, L. D",9781668060957,,"Saga Press; S&S/Saga Press; Simon & Schuster Audio",2026,"New York",eAudiobook;Book;eBook,"Book::Carmichael: SCIENCE FICTION Lewis, L. - OFF CAMPUS,Book::Central New Books - 4th Floor: SCIENCE FICTION Lewis, L. - On Shelf,Book::Rancho Cordova: SCIENCE FICTION Lewis, L. - Checked Out"
https://catalog.saclibrary.org/GroupedWork/01dc48fe-c3d5-27d4-b5fa-e9fc9fa86e67-eng,"The Ragpicker King","Clare, Cassandra",9780525620020,,"Del Rey; Random House Worlds; Books on Tape",2025,"New York",eAudiobook;eBook;Book,"Book::Carmichael: SCIENCE FICTION Clare, C. - On Shelf,Book::Central: SCIENCE FICTION Clare, C. - On Shelf,Book::Colonial Heights: SCIENCE FICTION Clare, C. - On Shelf"
https://catalog.saclibrary.org/GroupedWork/fff8d8f5-009b-9c17-6114-f50f1889be9d-eng,"Lady Hotspur","Gratton, Tessa",9780765392497,,"Tor; Macmillan Audio",2020,"New York",eAudiobook;Book,"Book::Central: SCIENCE FICTION Gratton, T. - On Shelf,Book::Galt: SCIENCE FICTION Gratton, T. - On Shelf,Book::McKinley: SCIENCE FICTION Gratton, T. - On Shelf"
https://catalog.saclibrary.org/GroupedWork/f500c939-10af-0a59-4cfa-6b59974e07c4-eng,"Rosemary and rue","McGuire, Seanan",9780756405717,,"PublishDrive; Astra Publishing House; DAW","2009 - 2024","New York",eAudiobook;Book;eBook,"Book::Carmichael: SCIENCE FICTION McGuire, S. - On Shelf,Book::Belle Cooledge: SCIENCE FICTION McGuire, S. - On Shelf,Book::Southgate: SCIENCE FICTION McGuire, S. - On Shelf"
https://catalog.saclibrary.org/GroupedWork/401df871-4991-0f88-30c4-850be8ed46e1-eng,"Acorna's people","McCaffrey, Anne",9780061050947,,"HarperPrism; HarperCollins; HarperCollins e-books","1999 - 2009","New York",eBook;Book,
https://catalog.saclibrary.org/GroupedWork/12c7c506-e9ed-a728-f554-d9b186099508-eng,"Bradbury stories: 100 of his most celebrated tales","Bradbury, Ray, 1920-",9780060542429,,"William Morrow; HarperCollins","2003 - 2013","New York",eBook;Book,
https://catalog.saclibrary.org/GroupedWork/601c797a-a16d-2530-8fbe-2fc2aef7cfc1-eng,"The memory hunters","Tsai, Mia",9781645662082,,"Recorded Books, Inc.; Erewhon, an imprint of Kensington Publishing Corp; Erewhon Books",2025,"New York, NY",eAudiobook;Book;eBook,"Book::Central: SCIENCE FICTION Tsai, M. - On Shelf,Book::Colonial Heights: SCIENCE FICTION Tsai, M. - On Shelf,Book::Belle Cooledge: SCIENCE FICTION Tsai, M. - On Shelf"
https://catalog.saclibrary.org/GroupedWork/6c5cd01c-85ad-c6f7-a863-1dd0c17a3a99-eng,"The bone shard emperor","Stewart, Andrea (Andrea G.)",9780316541503,,"Orbit; Hachette Audio",2021,"New York, NY",eAudiobook;Book;eBook,"Book::Carmichael: SCIENCE FICTION Stewart, A. - On Shelf,Book::Central: SCIENCE FICTION Stewart, A. - On Shelf,Book::Elk Grove: SCIENCE FICTION Stewart, A. - On Shelf"
https://catalog.saclibrary.org/GroupedWork/586ab43c-42d1-d3ef-dbba-37058781294f-eng,"The devil's diadem","Douglass, Sara",9780062004338,,"Harper Voyager",2011,"New York",eBook;Book,
https://catalog.saclibrary.org/GroupedWork/3eba3a0c-ca80-ae1e-8426-9fc9e5f19697-eng,"The black unicorn","Brooks, Terry",9780345335289,,"Random House Worlds; Ballantine Books; Books on Tape","1988 - 2022","New York",eAudiobook;Book;eBook,
https://catalog.saclibrary.org/GroupedWork/a1aafed0-1881-1942-3743-aed43f4a0118-eng,Midnight,"Derr, Megan",9781936202638,,"Less Than Three Press; Megan Derr; Less Than Three Press, LLC","2011 - 2019","[United States]",eBook;Book,"Book::Central: FICTION Derr, M. - On Shelf"
https://catalog.saclibrary.org/GroupedWork/5696347c-2361-41a4-0f37-2dc678557737-eng,"Dead man in a ditch","Arnold, Luke",9780316455862,,"Orbit; Hachette Audio",2020,"New York, NY",eAudiobook;Book;eBook,"Book::Central: SCIENCE FICTION Arnold, L. - On Shelf,Book::Galt: SCIENCE FICTION Arnold, L. - On Shelf,Book::South Natomas: SCIENCE FICTION Arnold, L. - On Shelf"
https://catalog.saclibrary.org/GroupedWork/7ca618e4-de1a-7deb-f1d0-cc8b207bc388-eng,"All those explosions were someone else's fault","Gardner, James Alan",9780765392633,,"Tom Doherty Associates; Tor Publishing Group",2017,"New York",eBook;Book,"Book::Central: SCIENCE FICTION Gardner, J. - On Shelf,Book::Pocket-Greenhaven: SCIENCE FICTION Gardner, J. - On Shelf"
https://catalog.saclibrary.org/GroupedWork/a31432b2-92de-6d08-cfc5-e891f79b92d6-eng,"The hexologists","Bancroft, Josiah",9780316443302,,"Orbit; Hachette Audio",2023,"New York, NY",eAudiobook;Book;eBook,"Book::Carmichael: SCIENCE FICTION Bancroft, J. - On Shelf,Book::Central: SCIENCE FICTION Bancroft, J. - On Shelf,Book::Franklin: SCIENCE FICTION Bancroft, J. - On Shelf"
https://catalog.saclibrary.org/GroupedWork/28288498-ec11-d45d-a528-7018ccfb7fae-eng,"What became of magic","Crutcher, Paige",9781250905529,,"St. Martin's Publishing Group; St. Martin's Griffin; Macmillan Audio",2023,"New York",eAudiobook;eBook;Book,"Book::Carmichael: FICTION Crutcher, P. - On Shelf,Book::Central: FICTION Crutcher, P. - On Shelf,Book::Elk Grove: FICTION Crutcher, P. - On Shelf"
https://catalog.saclibrary.org/GroupedWork/bedfdfb3-c74b-8869-b3ce-f9b21553ca34-eng,"The unbroken","Clark, C. L. (Cherae L.)",9780316542753,,"Orbit; Hachette Audio",2021,"New York",eAudiobook;Book;eBook,"Book::Orangevale: SCIENCE FICTION Clark, C. - On Shelf,Book::Sylvan Oaks: SCIENCE FICTION Clark, C. - On Shelf,Book::Woodland Public Library: FICTION Clark, C. - Checked Out"
https://catalog.saclibrary.org/GroupedWork/02dd62f5-04ce-15ad-844b-7fad2888ea0a-eng,"Princeps' fury","Butcher, Jim, 1971-",9780441017966,,"Ace Books; Books on Tape; Penguin Publishing Group",2008,"New York",eAudiobook;Book;eBook,"Book::Central: SCIENCE FICTION Butcher, J. - On Shelf,Book::Colonial Heights: SCIENCE FICTION Butcher, J. - On Shelf,Book::Belle Cooledge: SCIENCE FICTION Butcher, J. - On Shelf"
https://catalog.saclibrary.org/GroupedWork/ee5dfe0c-0000-5749-bbe9-b18c3cb737bf-eng,"The talisman: a novel","King, Stephen, 1947-",9781451697216,,"Viking; Putnam; Simon & Schuster Audio; Pocket Books; Gallery Books; Random House; Random House Publishing Group","1984 - 2018","New York; New York, N.Y",eAudiobook;Book;eBook,"Book::Carmichael: FICTION King, S. - On Shelf,Book::Central: FICTION King, S. - On Shelf,Book::Fair Oaks: FICTION King, S. - Checked Out"
https://catalog.saclibrary.org/GroupedWork/5907be4a-5ba2-83f6-2973-29f616a522f5-eng,"A blade of black steel","Marshall, Alex (Novelist)",9780316340663,,"Orbit; Hachette Audio",2016,"New York",eBook;Book;eAudiobook,"Book::Carmichael: SCIENCE FICTION Marshall, A. - On Shelf,Book::South Natomas: SCIENCE FICTION Marshall, A. - On Shelf"
https://catalog.saclibrary.org/GroupedWork/a36f5dfa-0f1a-af8e-666a-00eea609be65-eng,"Odd spirits","Gibson, S. T",9781915998590,,"Watkins Media; Tantor Media, Inc; Angry Robot",2024,"London, UK",eBook;Book;eAudiobook,"Book::Central: FICTION Gibson, S. - Checked Out,Book::Elk Grove: FICTION Gibson, S. - On Shelf,Book::Rio Linda: FICTION Gibson, S. - On Shelf"
https://catalog.saclibrary.org/GroupedWork/c50c70d8-c1ff-9fa3-cc3b-bebb259f5cf3-eng,"Royal airs: an Elemental Blessings novel","Shinn, Sharon",9780425261712,,"Ace Hardcover; Penguin Publishing Group",2013,"New York",eBook;Book,"Book::Carmichael: SCIENCE FICTION Shinn, S. - On Shelf"
https://catalog.saclibrary.org/GroupedWork/8d657d0b-d3e2-b6aa-4d44-04fa2ee41b67-eng,"The white-luck warrior","Bakker, R. Scott",9781590204641,,"Recorded Books, Inc.; Abrams; ABRAMS, Inc.; The Overlook Press","2011 - 2012","New York",eBook;Book;eAudiobook,"Book::Central: SCIENCE FICTION Bakker, R. - On Shelf,Book::McKinley: SCIENCE FICTION Bakker, R. - On Shelf"
https://catalog.saclibrary.org/GroupedWork/97b4493c-cada-572f-d6dd-55b46039e98c-eng,"The beast: a novel of the Black Dagger Brotherhood","Ward, J. R., 1969-",9780349409139,,"New American Library; Penguin Publishing Group; Books on Tape",2016,"New York, New York",eAudiobook;Book;eBook,"Book::Central: FICTION Ward, J. - On Shelf,Book::South Natomas: FICTION Ward, J. - On Shelf,Book::Folsom Adult: SCIENCE FICTION Ward, J. - On Shelf"
https://catalog.saclibrary.org/GroupedWork/8615553a-d06e-5ea9-14cd-b6a7e93976aa-eng,"Wildwood whispers","Reece, Willa",9780316591768,,"Hachette Audio; Redhook",2021,"New York",eAudiobook;Book,"Book::Carmichael: FICTION Reece, W. - On Shelf,Book::Central: FICTION Reece, W. - On Shelf,Book::Fair Oaks: FICTION Reece, W. - On Shelf"
https://catalog.saclibrary.org/GroupedWork/b2eb5224-e01f-1adf-cb45-aedab8ea7560-eng,"The book of doors: a novel","Brown, Gareth",9780063323988,,"HarperCollins; William Morrow, an imprint of HarperCollinsPublishers",2024,"New York, NY",eAudiobook;eBook;Book,"Book::Central: FICTION Brown, G. - Checked Out,Book::Elk Grove: FICTION Brown, G. - Checked Out,Book::Fair Oaks: FICTION Brown, G. - Checked Out"
https://catalog.saclibrary.org/GroupedWork/1d670463-34e5-988c-f179-8b34c29e29ec-eng,"The eye of Verishten","Barron, K. E",9781989071038,,"Bear Hill Publishing; Foul Fantasy Fiction/Bear Hill Publishing","2017 - 2019","Edmonton, AB, Canada",eBook;Book,"Book::Central: SCIENCE FICTION Barron, K. - On Shelf,Book::North Natomas: SCIENCE FICTION Barron, K. - On Shelf,Book::Pocket-Greenhaven: SCIENCE FICTION Barron, K. - On Shelf"
https://catalog.saclibrary.org/GroupedWork/5cdd2ba5-6d2f-d307-a747-2bd9e1100598-eng,"The rise of Ransom City","Gilman, Felix",9780765329400,,"Tor; Tor Publishing Group",2012,"New York",eBook;Book,"Book::Central: SCIENCE FICTION Gilman, F. - On Shelf,Book::South Natomas: SCIENCE FICTION Gilman, F. - On Shelf"
https://catalog.saclibrary.org/GroupedWork/6233bca7-c0aa-4fa6-162f-e0bc1d3f0e18-eng,"VenCo: a novel","Dimaline, Cherie, 1975-",9780063054899,,"HarperCollins; HarperAudio; William Morrow, an imprint of HarperCollinsPublishers",2023,"New York, NY",eAudiobook;eBook;Book,"Book::Central: FICTION Dimaline, C. - On Shelf,Book::Fair Oaks: FICTION Dimaline, C. - In Transit,Book::South Natomas: FICTION Dimaline, C. - On Shelf"
https://catalog.saclibrary.org/GroupedWork/bcdb4f7c-3a3c-69ef-7763-9636674c76e1-eng,Lucero,"Motayne, Maya",9780062842794,,"HarperCollins; Balzer + Bray, an imprint of HarperCollins Publishers; Storytide",2023,"New York, NY",eAudiobook;eBook;Book,"Book::Central Teen Area - 3rd Floor: TEEN FICTION Motayne, M. - On Shelf,Book::Elk Grove Teen Area: TEEN FICTION Motayne, M. - On Shelf,Book::Franklin Teen: TEEN FICTION Motayne, M. - On Shelf"
https://catalog.saclibrary.org/GroupedWork/32d96401-771e-c1fe-c87f-a34982d0c50a-eng,Wrath,"Gwynne, John, 1968-",9780316386340,,Orbit,2016,"New York, NY",eBook;Book,"Book::Central: SCIENCE FICTION Gwynne, J. - On Shelf,Book::Sylvan Oaks: SCIENCE FICTION Gwynne, J. - On Shelf"
https://catalog.saclibrary.org/GroupedWork/4cfaf3fe-9cf7-c576-8122-6b8f2e14958e-eng,"Dragon unleashed","Draven, Grace",9780451489777,,"Ace; Books on Tape; Penguin Publishing Group",2020,"New York",eAudiobook;Book;eBook,"Book::Central: SCIENCE FICTION Draven, G. - On Shelf,Book::Valley Hi-North Laguna: SCIENCE FICTION Draven, G. - On Shelf"
https://catalog.saclibrary.org/GroupedWork/ff06180f-ccda-6c7c-a921-5510ded31846-eng,"Into the Broken Lands","Huff, Tanya",9780756415242,,"Astra Publishing House; Daw Books, Inc",2022,"New York, NY",eBook;Book,"Book::Carmichael: SCIENCE FICTION Huff, T. - On Shelf,Book::Central: SCIENCE FICTION Huff, T. - On Shelf,Book::Elk Grove: SCIENCE FICTION Huff, T. - On Shelf"
https://catalog.saclibrary.org/GroupedWork/1d2c63bc-d190-14d7-d00c-3ac1a9ed97b3-eng,Riven,"Arnett, Mindee",9780063057838,,"Clarion Books; Balzer + Bray, an imprint of HarperCollinsPublishers; HarperCollins",2023,"New York",eAudiobook;eBook;Book,"Book::Central Teen Area - 3rd Floor: TEEN FICTION Arnett, M. - On Shelf,Book::South Natomas Teen Area: TEEN FICTION Arnett, M. - On Shelf,Book::Southgate Teen Area: TEEN FICTION Arnett, M. - On Shelf"
https://catalog.saclibrary.org/GroupedWork/b7d89898-adb8-6426-373b-e23cb8896cf2-eng,"Raven's strike","Briggs, Patricia",9780441013128,072742007999,"Ace Books; Books on Tape; Penguin Publishing Group","2005 - 2011","New York",eAudiobook;Book;eBook,"Book::Del Paso Heights: SCIENCE FICTION Briggs, P. - On Shelf,Book::North Sacramento-Hagginwood: SCIENCE FICTION Briggs, P. - On Shelf"
https://catalog.saclibrary.org/GroupedWork/9811289f-f8de-bb69-2484-13d5334f242f-eng,"The broken tower","Braffet, Kelly, 1976-",9780778331797,,"MIRA Books; Harlequin Audio; HarlequinAudio; Mira",2022,"Toronto, Ontario, Canada",eAudiobook;eBook;Book,"Book::Central: SCIENCE FICTION Braffet, K. - On Shelf"
https://catalog.saclibrary.org/GroupedWork/7c7e29f3-c013-e689-91e3-70a6ed1a14a7-eng,"The late great wizard","Hanover, Sara",9780756414344,,"Astra Publishing House; DAW Books",2018,"New York",eBook;Book,"Book::Carmichael: SCIENCE FICTION Hanover, S. - On Shelf,Book::Central: SCIENCE FICTION Hanover, S. - On Shelf,Book::Franklin: SCIENCE FICTION Hanover, S. - On Shelf"
https://catalog.saclibrary.org/GroupedWork/f16458b4-7ef4-c469-2711-f4e9e95be5ee-eng,"The mortal word: an invisible library novel","Cogman, Genevieve",9780399587443,,"Ace; Penguin Publishing Group",2018,"New York",eBook;Book,"Book::Belle Cooledge: SCIENCE FICTION Cogman, G. - On Shelf,Book::Elk Grove: SCIENCE FICTION Cogman, G. - On Shelf,Book::Franklin: SCIENCE FICTION Cogman, G. - On Shelf"
https://catalog.saclibrary.org/GroupedWork/3d6d17dd-b9c4-8f3a-48c2-3ff8ab4ea479-eng,"The gray wolf throne: A Seven Realms Novel","Chima, Cinda Williams",9781423118251,,"Recorded Books, Inc.; Hyperion; Little, Brown Books for Young Readers",2011,"New York",eAudiobook;Book;eBook,
https://catalog.saclibrary.org/GroupedWork/2f25f311-d719-c4a4-4830-2894d061b3db-eng,"Demons of good and evil","Harrison, Kim, 1966-",9780593437544,,"Ace; Penguin Publishing Group; Books on Tape",2023,"New York",eAudiobook;Book;eBook,"Book::Isleton: FICTION Harrison, K. - On Shelf,Book::South Natomas: FICTION Harrison, K. - On Shelf,Book::North Natomas: FICTION Harrison, K. - On Shelf"
https://catalog.saclibrary.org/GroupedWork/7dd559a6-d362-a510-7930-3426ee0cd498-eng,"Hunting ground","Briggs, Patricia",9780441017386,,"Ace Books; Dreamscape Media; Penguin Publishing Group; Penguin Random House Audio Publishing Group","2009 - 2014","New York",eAudiobook;Book;eBook,"Book::Elk Grove: SCIENCE FICTION Briggs, P. - On Shelf,Book::Franklin: SCIENCE FICTION Briggs, P. - On Shelf,Book::McClatchy: SCIENCE FICTION Briggs, P. - On Shelf"
https://catalog.saclibrary.org/GroupedWork/698be358-65b2-771f-d4f7-dd6da8175e87-eng,Foundation,"Lackey, Mercedes",9780756405762,,"DAW Books, Inc; Astra Publishing House",2008,"New York",eBook;Book,"Book::Arcade: SCIENCE FICTION Lackey, M. - On Shelf,Book::Elk Grove: SCIENCE FICTION Lackey, M. - On Shelf,Book::Galt: SCIENCE FICTION Lackey, M. - On Shelf"
https://catalog.saclibrary.org/GroupedWork/68dd66ee-7745-a37f-7bcf-e7e3a1ff8369-eng,"A stroke of the pen: the lost stories","Pratchett, Terry",9780063376199,,"HarperCollins; Harper",2023,"New York",eAudiobook;Book;eBook,"Book::Central: SCIENCE FICTION Pratchett, T. - On Shelf,Book::Galt: SCIENCE FICTION Pratchett, T. - On Shelf,Book::North Natomas: SCIENCE FICTION Pratchett, T. - On Shelf"
https://catalog.saclibrary.org/GroupedWork/e63d080a-7e00-5c81-ea4b-e089dc1e2d88-eng,"The Sky-Blue wolves: a novel of the change","Stirling, S. M",9780451490681,,"Recorded Books, Inc.; Berkley, an imprint of Penguin Random House LLC; Penguin Publishing Group",2018,"New York, New York",eBook;Book;eAudiobook,"Book::Arcade: SCIENCE FICTION Stirling, S. - On Shelf,Book::Fair Oaks: SCIENCE FICTION Stirling, S. - On Shelf,Book::South Natomas: SCIENCE FICTION Stirling, S. - On Shelf"
https://catalog.saclibrary.org/GroupedWork/cf921c75-b55e-a0b6-3d5a-0fb87f30c28f-eng,"Daemons are forever","Green, Simon R., 1955-",9780451462084,,"Recorded Books, Inc.; Roc; JABberwocky Literary Agency, Inc.; Penguin Publishing Group","2008 - 2024","New York",eAudiobook;eBook;Book,
