Link,Title,Author,ISBN,UPC,Publisher,"Publish Date","Place of Publication",Format,"Location & Call Number"
https://catalog.saclibrary.org/GroupedWork/0516d9dc-6d25-09b0-4e51-894a81a73613-spa,"Animales fantásticos y dónde encontrarlos: guión original de la película","Rowling, J. K",9788498387902,,"Salamandra; Pottermore Publishing",2017,Barcelona,eBook;Book,"Book::Central Kids Place - Lower Level: SPANISH CHILDREN 822.914 R884 2017 - On Shelf,Book::Sacramento Public Library Storage: SPANISH CHILDREN 822.914 R884 2017 - On Hold Shelf"
https://catalog.saclibrary.org/GroupedWork/50d6d09c-8fdb-6443-3a73-b27870b56edb-spa,Reckless,"Roberts, Lauren, 2002-",9786073850568,,"ALFAGUARA IJC; Penguin Random House Audio; Alfaguara",2024,Barcelona,eAudiobook;eBook;Book,"Book::Carmichael Teen Area: SPANISH TEEN FICTION Roberts, L. - On Shelf,Book::Central Teen Area - 3rd Floor: SPANISH TEEN FICTION Roberts, L. - Checked Out,Book::Colonial Heights: SPANISH TEEN FICTION Roberts, L. - On Shelf"
https://catalog.saclibrary.org/GroupedWork/b796743a-0e6d-1749-edb5-b9ddb7d5fa2c-spa,"Seis de cuervos","Bardugo, Leigh",9788416387588,,"BookaVivo; Hidra","2016 - 2024","[Place of publication not identified]",eAudiobook;Book,
https://catalog.saclibrary.org/GroupedWork/243ee5a5-b142-63af-2f8d-b235574f6d80-spa,"Sirena Esmeralda y la fiesta del océano","Muncaster, Harriet",9786073846783,,Alfaguara,2024,"Ciudad de Mexico",Book,"Book::Central Kids Place - Lower Level: SPANISH MOVING UP Muncaster, H. - On Shelf,Book::Del Paso Heights Children's Area: SPANISH MOVING UP Muncaster, H. - On Shelf,Book::Elk Grove Kids' Place: SPANISH MOVING UP Muncaster, H. - On Shelf"
https://catalog.saclibrary.org/GroupedWork/b13c95c5-2ebb-9a78-92c5-d1b493293439-spa,"El linaje perdido","Santamaría, Jara, 1990-",9788417736910,,"Penguin Random House Audio; B de Blok","2020 - 2021",Barcelona,eAudiobook;Book,
https://catalog.saclibrary.org/GroupedWork/1f17626e-4eaf-19bb-c40a-aafbf89c639f-spa,"El sobrino del mago","Lewis, C. S. (Clive Staples), 1898-1963",9789561316744,,"Rayo; HarperCollins; Grupo Nelson; Editorial Andrés Bello","2004 - 2024","New York, N.Y; Barcelona; Santiago de Chile",eAudiobook;eBook;Book,
https://catalog.saclibrary.org/GroupedWork/aa777bff-32d0-42f0-fbea-ec57e0f758b5-spa,"Alicia en el país de las maravillas","Carroll, Lewis, 1832-1898",9788491050742,,"ANAYA INFANTIL Y JUVENIL; Penguin Clásicos; Rosetta Edu; Knopf Doubleday Publishing Group; Lebooks Editora; Ecos Eternos; Laberinto; Letra Impresa; Ediciones Akal; Audiolibros Colección; Ediciones Rialp, S.A.","2003 - 2024",Barcelona,eBook;Book;eAudiobook,"Book::Central: SPANISH FICTION Carroll, L. - On Shelf"
https://catalog.saclibrary.org/GroupedWork/f8350cc3-e450-799d-f58c-e76807e299ee-spa,"Chaos & flame","Gratton, Tessa",9788419252807,,Puck,2024,Argentina,Book,"Book::Arcade Teen Area: SPANISH TEEN FICTION Gratton, T. - On Shelf,Book::Central Teen Area - 3rd Floor: SPANISH TEEN FICTION Gratton, T. - On Shelf,Book::Colonial Heights: SPANISH TEEN FICTION Gratton, T. - On Shelf"
https://catalog.saclibrary.org/GroupedWork/4541f669-9d19-6938-5797-94eded997ec9-spa,"La Princesa de Negro y la batalla del baño","Hale, Shannon",9781644733844,,Beascoa,2023,"Miami, FL",Book,"Book::Central Kids Place - Lower Level: SPANISH MOVING UP Hale, S. - Checked Out,Book::Courtland Children's Area: SPANISH MOVING UP Hale, S. - On Shelf,Book::McKinley Children's Area: SPANISH MOVING UP Hale, S. - Checked Out"
https://catalog.saclibrary.org/GroupedWork/2441449b-e059-44b6-cd72-053dfc447bca-spa,"Una vecina muy mágica","Battault, Paule",9786073846868,,"B De Blok, Penguin Random House Grupo Editorial",2024,"Ciudad de Mexico",Book,"Book::Carmichael Children's Area: SPANISH MOVING UP Battault, P. - On Shelf,Book::Central Kids Place - Lower Level: SPANISH MOVING UP Battault, P. - On Shelf,Book::Courtland Children's Area: SPANISH MOVING UP Battault, P. - On Shelf"
https://catalog.saclibrary.org/GroupedWork/75c870d1-7346-d1fe-0ea6-118643b93c55-spa,"El cuarto aprendiz","Hunter, Erin",9788418174292,,Salamandra,2021,Barcelona,Book,"Book::Central Kids Place - Lower Level: SPANISH CHILDREN FICTION Hunter, E. - On Shelf,Book::Colonial Heights Children's Area: SPANISH CHILDREN FICTION Hunter, E. - On Shelf,Book::Del Paso Heights Children's Area: SPANISH CHILDREN FICTION Hunter, E. - On Shelf"
https://catalog.saclibrary.org/GroupedWork/c3c1db19-8ab5-ff5d-e112-576c6c72c417-spa,"El ojo del cementerio","Dahl, Michael",9781496585356,,"Capstone; Stone Arch Books, a Capstone imprint","2019 - 2020","North Mankato, Minnesota",eBook;Book,"Book::Central Kids Place - Lower Level: SPANISH CHILDREN FICTION Dahl, M. - On Shelf,Book::Franklin Children's: SPANISH CHILDREN FICTION Dahl, M. - On Shelf"
https://catalog.saclibrary.org/GroupedWork/48cfaa14-b710-edef-23a5-4589158faeb8-spa,"Un hilo infinito","Mafi, Tahereh",9788419252753,,Puck,2024,Madrid,Book,"Book::Arcade Teen Area: SPANISH TEEN FICTION Mafi, T. - On Shelf,Book::Central Teen Area - 3rd Floor: SPANISH TEEN FICTION Mafi, T. - On Shelf,Book::South Natomas Teen Area: SPANISH TEEN FICTION Mafi, T. - On Shelf"
https://catalog.saclibrary.org/GroupedWork/122c85a6-878d-fb26-d027-0771a5b6e6de-spa,"Los viajes de Gulliver","Swift, Jonathan, 1667-1745",9788418008955,,"Anders Producciones; Molino","2021 - 2022","Barcelona; Spain",Book,"Book::Arcade Children's Area: SPANISH CHILDREN FICTION Swift, J. - On Shelf,Book::Central Kids Place - Lower Level: SPANISH CHILDREN FICTION Swift, J. - On Shelf,Book::Courtland Children's Area: SPANISH CHILDREN FICTION Swift, J. - On Shelf"
https://catalog.saclibrary.org/GroupedWork/3a283d57-372f-05f5-f32c-48f06772b200-spa,"Dioses y monstruos","Mahurin, Shelby",9788419252975,,Puck,2024,Argentina,Book,"Book::Arcade Teen Area: SPANISH TEEN FICTION Mahurin, S. - On Shelf,Book::Carmichael Teen Area: SPANISH TEEN FICTION Mahurin, S. - On Shelf,Book::Central Teen Area - 3rd Floor: SPANISH TEEN FICTION Mahurin, S. - On Shelf"
https://catalog.saclibrary.org/GroupedWork/fff9ac90-06a7-6384-f09d-c12a4a6d90f2-spa,"Donde mora la oscuridad","Poranek, A. B",9788419252517,,Puck,2024,Argentina,Book,"Book::Carmichael Teen Area: SPANISH TEEN FICTION Poranek, A. - On Shelf,Book::Central Teen Area - 3rd Floor: SPANISH TEEN FICTION Poranek, A. - On Shelf,Book::Colonial Heights: SPANISH TEEN FICTION Poranek, A. - On Shelf"
https://catalog.saclibrary.org/GroupedWork/94c1cb6e-daad-fb21-1b7c-3b029202c2ce-spa,"La torre de Nerón","Riordan, Rick",9788418038938,,"Penguin Random House Audio; Montena","2020 - 2026",Barcelona,eAudiobook;Book,"Book::Courtland Children's Area: SPANISH CHILDREN FICTION Riordan, R. - On Shelf,Book::Sacramento Public Library Storage: SPANISH CHILDREN FICTION Riordan, R. - On Shelf"
https://catalog.saclibrary.org/GroupedWork/9143e3f8-899c-6b1e-5148-36748f0734aa-spa,"Espino gris","Smith, Crystal (Crystal Campbell)",9786075572635,,"Gran Travesía",2020,México,Book,"Book::Arcade Teen Area: SPANISH TEEN FICTION Smith, C. - On Shelf,Book::Carmichael Teen Area: SPANISH TEEN FICTION Smith, C. - On Shelf,Book::Central Teen Area - 3rd Floor: SPANISH TEEN FICTION Smith, C. - On Shelf"
https://catalog.saclibrary.org/GroupedWork/e6c388f9-dcbc-3019-176a-b67492164ccd-spa,"Algo extremadamente raro ha ocurrido en Huggabie Falls","Cece, Adam",9788417128272,,"Duomo Ediciones","2018 - 2021","Milán; Milan",Book,"Book::Arcade Children's Area: SPANISH CHILDREN FICTION Cece, A. - Checked Out,Book::Central Kids Place - Lower Level: SPANISH CHILDREN FICTION Cece, A. - On Shelf,Book::Belle Cooledge Children's Area: SPANISH CHILDREN FICTION Cece, A. - On Shelf"
https://catalog.saclibrary.org/GroupedWork/1d8b30b3-8fdc-41df-6e80-c9d9fc505d74-spa,"Isadora Moon en el castillo encantado","Muncaster, Harriet",9788420486338,,Alfaguara,2017,Barcelona,Book,"Book::Carmichael Children's Area: SPANISH MOVING UP Muncaster, H. - On Shelf,Book::Central Kids Place - Lower Level: SPANISH MOVING UP Muncaster, H. - On Shelf,Book::Franklin Children's: SPANISH MOVING UP Muncaster, H. - On Shelf"
https://catalog.saclibrary.org/GroupedWork/2cd6ec6c-e9b0-92fd-3043-35a542fe5615-spa,Witchlings,"Ortega, Claribel A",9788419521415,,"Duomo Ediciones",2023,"Milán [Italy]",Book,"Book::Central Kids Place - Lower Level: SPANISH CHILDREN FICTION Ortega, C. - On Shelf,Book::Galt Children's Area: SPANISH CHILDREN FICTION Ortega, C. - On Shelf,Book::Folsom Children's Area: SPANISH CHILDREN FICTION Ortega, C. - On Shelf"
https://catalog.saclibrary.org/GroupedWork/7fed89f5-6d20-d57e-1c02-6b4b2617e8bc-spa,"La pequeña gaticornia","Hale, Shannon",9786073826631,,"MOLINO; Serres/Penguin Random House Grupo Editorial","2021 - 2023",Barcelona,"Picture Book;eBook","Picture Book::Central Kids Place - Lower Level: SPANISH PICTURE BOOK Hale, S. - On Shelf,Picture Book::Colonial Heights Children's Area: SPANISH PICTURE BOOK Hale, S. - Checked Out,Picture Book::Fair Oaks Children's Area: SPANISH PICTURE BOOK Hale, S. - On Shelf"
https://catalog.saclibrary.org/GroupedWork/8bed1aff-f0c1-b0da-9be5-457430d75e98-spa,"El mapa de hojas","Townsend, Yarrow",9788419004918,,"Duomo ediciones",2023,"Milán [Italia]",Book,"Book::Arcade Children's Area: SPANISH CHILDREN FICTION Townsend, Y. - On Shelf,Book::Central Kids Place - Lower Level: SPANISH CHILDREN FICTION Townsend, Y. - On Shelf,Book::Courtland Children's Area: SPANISH CHILDREN FICTION Townsend, Y. - On Shelf"
https://catalog.saclibrary.org/GroupedWork/9d650e1d-5173-429e-8a42-990b25baddf7-spa,"La brújula dorada","Pullman, Philip, 1946-",9788417092566,,"Roca Editorial","2017 - 2018",Barcelona,eAudiobook;Book,
https://catalog.saclibrary.org/GroupedWork/3a1e6567-8751-4369-f0ce-002bebb2463b-spa,"La mirada secreta","Hunter, Erin",9788498388213,,"Publicacions y Ediciones Salamandra, S.A; SALAMANDRA INFANTIL Y JUVENIL","2017 - 2018",Barcelona,eBook;Book,
https://catalog.saclibrary.org/GroupedWork/03029555-ce1b-a94b-5eee-069e234df14b-spa,Nightbane,"Aster, Alex",9788419507228,,"ALFAGUARA IJC; Penguin Random House Audio; Alfaguara",2023,Barcelona,eAudiobook;Book;eBook,
https://catalog.saclibrary.org/GroupedWork/bb7f5743-cf1f-3436-800f-c56d0754a2c1-spa,"Elfos en el quinto piso","Cavallo, Francesca",9786073197281,,"Penguin Random House",2020,"Ciudad de México",Book,"Book::Carmichael Children's Area: SPANISH CHILDREN FICTION Cavallo, F. - On Shelf,Book::Central Kids Place - Lower Level: SPANISH CHILDREN FICTION Cavallo, F. - On Shelf,Book::Elk Grove Kids' Place: SPANISH CHILDREN FICTION Cavallo, F. - On Shelf"
https://catalog.saclibrary.org/GroupedWork/d25b77ca-f667-1ad0-05b3-3e732fc7cb0b-spa,"Isadora Moon va al ballet","Muncaster, Harriet",9788420485843,,Alfaguara,2017,Barcelona,Book,"Book::Central Kids Place - Lower Level: SPANISH MOVING UP Muncaster, H. - On Shelf,Book::Fair Oaks Children's Area: SPANISH MOVING UP Muncaster, H. - On Shelf,Book::Martin Luther King, Jr. Children's Area: SPANISH MOVING UP Muncaster, H. - On Shelf"
https://catalog.saclibrary.org/GroupedWork/c9349096-5252-0dcc-8a03-080edff303f0-spa,"La piel de las sirenas","Bowen, Natasha",9788417922559,,Montena,2021,Barcelona,Book,"Book::Central Teen Area - 3rd Floor: SPANISH TEEN FICTION Bowen, N. - On Shelf,Book::Del Paso Heights Teen Area: SPANISH TEEN FICTION Bowen, N. - On Shelf,Book::Galt Teen Area: SPANISH TEEN FICTION Bowen, N. - On Shelf"
https://catalog.saclibrary.org/GroupedWork/67f4ce22-311c-90fe-f868-23ad61ec65f1-spa,"Los hijos del rey","Mahurin, Shelby",9788417854126,,"X Puck",2021,Argentina,Book,"Book::Arcade Teen Area: SPANISH TEEN FICTION Mahurin, S. - On Shelf,Book::Carmichael Teen Area: SPANISH TEEN FICTION Mahurin, S. - On Shelf,Book::Valley Hi-North Laguna Teen Area: SPANISH TEEN FICTION Mahurin, S. - On Shelf"
https://catalog.saclibrary.org/GroupedWork/14365f08-e6bc-7bca-ac23-4834115f8789-spa,Fearful,"Roberts, Lauren, 2002-",9788410190610,,"Alfaguara Juvenil; ALFAGUARA IJC; Penguin Random House Audio","2025 - 2026",Barcelona,eAudiobook;Book;eBook,"Book::Central Teen Area - 3rd Floor: ON ORDER - On Order,Book::Central Teen Area - 3rd Floor: SPANISH TEEN FICTION Roberts, L. - On Shelf,Book::Del Paso Heights Teen Area: SPANISH TEEN FICTION Roberts, L. - On Shelf"
https://catalog.saclibrary.org/GroupedWork/d812e0ed-5b7e-6c94-a9bd-b3eca16e4831-spa,"Entes de huesos","Lloyd-Jones, Emily",9788419252838,,Puck,2024,Argentina,Book,"Book::Central Teen Area - 3rd Floor: SPANISH TEEN FICTION Lloyd-Jones, E. - On Shelf,Book::Fair Oaks Teen Area: SPANISH TEEN FICTION Lloyd-Jones, E. - On Shelf,Book::South Natomas Teen Area: SPANISH TEEN FICTION Lloyd-Jones, E. - Checked Out"
https://catalog.saclibrary.org/GroupedWork/7c0229b4-0ca0-7b2a-3439-1a00527230ca-spa,"La portadora de la piedra","Kibuishi, Kazu, 1978-",9788427218895,,"RBA Molino",2019,Barcelona,"Graphic Novel/Manga","Graphic Novel/Manga::Central Kids Place - Lower Level: SPANISH CHILDREN GRAPHIC NOVEL Amulet bk.1 - On Shelf,Graphic Novel/Manga::Colonial Heights Children's Area: SPANISH CHILDREN GRAPHIC NOVEL Amulet bk.1 - On Shelf,Graphic Novel/Manga::Elk Grove Kids' Place: SPANISH CHILDREN GRAPHIC NOVEL Amulet bk.1 - On Shelf"
https://catalog.saclibrary.org/GroupedWork/b9f5a283-b7e5-8582-b0e5-97114c4995b2-spa,"El fuego del dragón","Blue, Beatrice, 1991-",9789878206097,,"El Gato de Hojalata",2024,"Buenos Aires, Argentina","Picture Book","Picture Book::Central Kids Place - Lower Level: SPANISH PICTURE BOOK Blue, B. - On Shelf,Picture Book::Colonial Heights Children's Area: SPANISH PICTURE BOOK Blue, B. - On Shelf,Picture Book::McKinley Children's Area: SPANISH PICTURE BOOK Blue, B. - Checked Out"
https://catalog.saclibrary.org/GroupedWork/b9fc8c5d-4c95-d934-60f0-22e6f18e9364-spa,"Los días de la sombra","Bodoc, Liliana, 1958-",9789584513311,,"Verticales de Bolsillo",2008,Bogotá,Book,"Book::Central: SPANISH FICTION Bodoc, L. - On Shelf"
https://catalog.saclibrary.org/GroupedWork/fa30d1e2-5879-b15d-48cb-54faae34271c-spa,"El jardín de los malditos","Pool, Katy Rose",9788419252708,,Puck,2024,Argentina,Book,"Book::Central Teen Area - 3rd Floor: SPANISH TEEN FICTION Pool, K. - On Shelf,Book::North Natomas: SPANISH TEEN FICTION Pool, K. - On Shelf,Book::Rancho Cordova: SPANISH TEEN FICTION Pool, K. - On Shelf"
https://catalog.saclibrary.org/GroupedWork/f4278e73-35db-40e6-db18-2010bd8815d9-spa,"Un encantamiento frágil","Saft, Allison",9781250892836,,Puck,2024,Argentina,Book,"Book::Carmichael Teen Area: SPANISH TEEN FICTION Saft, A. - On Shelf,Book::Central Teen Area - 3rd Floor: SPANISH TEEN FICTION Saft, A. - On Shelf,Book::South Natomas Teen Area: SPANISH TEEN FICTION Saft, A. - On Shelf"
https://catalog.saclibrary.org/GroupedWork/bb25b9f7-eb3c-6d7a-8040-e352526dbff9-spa,"Hija de humo y hueso","Taylor, Laini",9786073828512,,"Debolsillo; ALFAGUARA IJC; Penguin Random House Audio","2013 - 2024","Ciudad de México",eAudiobook;Book;eBook,"Book::Central Teen Area - 3rd Floor: SPANISH TEEN FICTION Taylor, L. - On Shelf,Book::Del Paso Heights Teen Area: SPANISH TEEN FICTION Taylor, L. - On Shelf,Book::North Natomas: SPANISH TEEN FICTION Taylor, L. - On Shelf"
https://catalog.saclibrary.org/GroupedWork/ddd57316-c477-cc1e-8edc-10e8520b47d4-spa,Mañanaland,"Ryan, Pam Muñoz",9781338670097,,"Scholastic Inc.; Scholastic Inc","2020 - 2025","New York, NY",eAudiobook;eBook;Book,"Book::Colonial Heights Children's Area: SPANISH CHILDREN FICTION Ryan, P. - On Shelf"
https://catalog.saclibrary.org/GroupedWork/ab74fd35-f4d8-ab20-fed3-75e4a621c981-spa,"Trece días para arreglar a papá","Lee, Isaura",9788494939686,,DiQueSí,2019,Madrid,Book,"Book::Franklin Children's: SPANISH CHILDREN FICTION Lee, I. - On Shelf,Book::Rancho Children's Area: SPANISH CHILDREN FICTION Lee, I. - On Shelf,Book::Valley Hi-North Laguna Children's Area: SPANISH CHILDREN FICTION Lee, I. - On Shelf"
https://catalog.saclibrary.org/GroupedWork/7da5b5a6-5d18-3dae-fb9d-62c690da9bbd-spa,"Isadora Moon va al colegio","Muncaster, Harriet",9788420485188,,Alfaguara,2017,Barcelona,Book,"Book::Arcade Children's Area: SPANISH MOVING UP Muncaster, H. - On Shelf,Book::Central Kids Place - Lower Level: SPANISH MOVING UP Muncaster, H. - On Shelf,Book::Courtland Children's Area: SPANISH MOVING UP Muncaster, H. - On Shelf"
https://catalog.saclibrary.org/GroupedWork/3435af25-fd48-af53-9a58-e9f11dd568d0-spa,"Alas de fuego: el oscuro secreto","Sutherland, Tui, 1978-",9788427234789,,Molino,2023,Barcelona,Book,"Book::Central Kids Place - Lower Level: SPANISH CHILDREN FICTION Sutherland, T. - On Shelf,Book::Colonial Heights Children's Area: SPANISH CHILDREN FICTION Sutherland, T. - Checked Out,Book::Del Paso Heights Children's Area: SPANISH CHILDREN FICTION Sutherland, T. - On Shelf"
https://catalog.saclibrary.org/GroupedWork/d9e76284-81a4-53ab-6fdc-8f6b9779ec86-spa,"El dragon de la noche","Santamaría, Jara, 1990-",9788418054389,,"B de Block",2021,Barcelona,Book,"Book::Central Kids Place - Lower Level: SPANISH CHILDREN FICTION Santamaria, J. - On Shelf,Book::Franklin Children's: SPANISH CHILDREN FICTION Santamaria, J. - On Shelf,Book::Sacramento Public Library Storage: SPANISH CHILDREN FICTION Santamaria, J. - On Shelf"
https://catalog.saclibrary.org/GroupedWork/a4376929-7406-6f4b-23e3-409a73f0ec4d-spa,"Fuego y hielo","Hunter, Erin",9788498384604,,"Penguin Random House Audio; SALAMANDRA INFANTIL Y JUVENIL; Salamandra","2012 - 2022",Barcelona,eAudiobook;Book;eBook,
https://catalog.saclibrary.org/GroupedWork/5513439c-0990-570b-fe9a-a98b5e984b0f-spa,"El niño que llegó con la niebla","Sánchez Ibarzábal, Paloma",9788491422648,,Algar,2019,Alzira,Book,"Book::Elk Grove Kids' Place: SPANISH CHILDREN FICTION Sanchez Ibarzabal, P. - On Shelf,Book::Pocket-Greenhaven Kids' Place: SPANISH CHILDREN FICTION Sanchez Ibarzabal, P. - On Shelf,Book::Valley Hi-North Laguna Children's Area: SPANISH CHILDREN FICTION Sanchez Ibarzabal, P. - On Shelf"
https://catalog.saclibrary.org/GroupedWork/a7023bd5-a824-19ba-aadd-37964fd02b95-spa,"Mystical: El despertar de la magia","Álvarez, Marta, 1994-",9788424661564,,LaGalera,2017,Barcelona,Book,"Book::Colonial Heights: SPANISH TEEN FICTION Alvarez, M. - On Shelf,Book::Courtland Teen Area: SPANISH TEEN FICTION Alvarez, M. - On Shelf,Book::Fair Oaks Teen Area: SPANISH TEEN FICTION Alvarez, M. - On Shelf"
https://catalog.saclibrary.org/GroupedWork/c6b96cb3-d629-a1da-f551-2b473f00149e-spa,"Isadora Moon celebra su cumpleanos","Muncaster, Harriet",9788420485836,,Alfaguara,2017,Barcelona,Book,"Book::Arcade Children's Area: SPANISH MOVING UP Muncaster, H. - On Shelf,Book::North Natomas Children's Area: SPANISH MOVING UP Muncaster, H. - On Shelf,Book::North Sacramento-Hagginwood Children's Area: SPANISH MOVING UP Muncaster, H. - On Shelf"
https://catalog.saclibrary.org/GroupedWork/576f1c95-c181-7f9f-c4a5-5bd7b4efe5cf-spa,"El libro sangrante","Dahl, Michael",9781496585363,,"Capstone; Stone Arch Books, a Capstone imprint","2019 - 2020","North Mankato, Minnesota",eBook;Book,"Book::Central Kids Place - Lower Level: SPANISH CHILDREN FICTION Dahl, M. - On Shelf,Book::North Sacramento-Hagginwood Children's Area: SPANISH CHILDREN FICTION Dahl, M. - On Shelf"
https://catalog.saclibrary.org/GroupedWork/d12ee6d9-bcc1-6c16-d5e1-e34646718c64-spa,"Luz estelar","Hunter, Erin",9788498387438,,"SALAMANDRA INFANTIL Y JUVENIL; Salamandra",2016,Barcelona,eBook;Book,
https://catalog.saclibrary.org/GroupedWork/b255c282-d14a-4cad-2b0a-5ff6bea1119b-spa,Sinsajo,"Collins, Suzanne",9788427200388,,"Molino/Penguin Random House Grupo Editorial; MOLINO; Molino; Penguin Random House Audio","2012 - 2025","Cuidad de Mexico; Barcelona",eAudiobook;eBook;Book,"Book::Arcade Teen Area: SPANISH TEEN FICTION Collins, S. - On Shelf,Book::Carmichael Teen Area: SPANISH TEEN FICTION Collins, S. - On Shelf,Book::Central Teen Area - 3rd Floor: SPANISH TEEN FICTION Collins, S. - On Shelf"
https://catalog.saclibrary.org/GroupedWork/a21652bf-05b7-39e8-b42e-bce29d13f6ce-spa,"Isadora Moon se mete en un lio","Muncaster, Harriet",9788420486321,,Alfaguara,2017,Barcelona,Book,"Book::Central Kids Place - Lower Level: SPANISH MOVING UP Muncaster, H. - On Shelf,Book::McKinley Children's Area: SPANISH MOVING UP Muncaster, H. - On Shelf,Book::North Highlands-Antelope Children's Area: SPANISH MOVING UP Muncaster, H. - Checked Out"
https://catalog.saclibrary.org/GroupedWork/b049c79f-0c85-a827-4867-5fb70d4a2b85-spa,"La travesía del viajero del alba","Lewis, C. S. (Clive Staples), 1898-1963",9788408059295,,"Rayo; Planeta]; HarperCollins; Grupo Nelson","2005 - 2023","New York, N.Y; [Barcelona",eAudiobook;eBook;Book,
https://catalog.saclibrary.org/GroupedWork/d47984b2-ccdc-af4b-49fc-3520850988c6-spa,"Alas de fuego: 2, La heredera perdida","Sutherland, Tui, 1978-",9788427208766,,RBA,2020,Barcelona,Book,"Book::Elk Grove Kids' Place: SPANISH CHILDREN FICTION Sutherland, T. - On Shelf,Book::North Natomas Children's Area: SPANISH CHILDREN FICTION Sutherland, T. - OFF CAMPUS,Book::Pocket-Greenhaven Kids' Place: SPANISH CHILDREN FICTION Sutherland, T. - On Shelf"
https://catalog.saclibrary.org/GroupedWork/e7c51542-b618-21a7-16d9-8c8a05a33f7e-spa,"La mansión de los secretos","Columbus, Chris",9788420460017,,Alfaguara,2022,Barcelona,Book,"Book::Central Kids Place - Lower Level: SPANISH CHILDREN FICTION Columbus, C. - On Shelf,Book::Galt Children's Area: SPANISH CHILDREN FICTION Columbus, C. - On Shelf,Book::Rancho Children's Area: SPANISH CHILDREN FICTION Columbus, C. - On Shelf"
https://catalog.saclibrary.org/GroupedWork/c276ad0d-eb1e-984f-be42-a0235fa43100-spa,"Immortal dark","Girma, Tigest",9786073850667,,"ALFAGUARA IJC; Alfaguara",2024,Barcelona,eBook;Book,"Book::Central Teen Area - 3rd Floor: SPANISH TEEN FICTION Girma, T. - On Shelf,Book::North Natomas: SPANISH TEEN FICTION Girma, T. - On Shelf,Book::Valley Hi-North Laguna Teen Area: SPANISH TEEN FICTION Girma, T. - On Shelf"
https://catalog.saclibrary.org/GroupedWork/f2501a2e-be75-a952-6aef-83b798141a78-spa,"Hijos de virtud y venganza","Adeyemi, Tomi",9788427213470,,"MOLINO; RBA Molino; Penguin Random House Audio","2020 - 2023",Barcelona,eAudiobook;Book;eBook,"Book::Arcade Teen Area: SPANISH TEEN FICTION Adeyemi, T. - On Shelf,Book::Central Teen Area - 3rd Floor: SPANISH TEEN FICTION Adeyemi, T. - On Shelf,Book::South Natomas Teen Area: SPANISH TEEN FICTION Adeyemi, T. - On Shelf"
https://catalog.saclibrary.org/GroupedWork/f4db12ff-1fb3-363a-85b7-b4cd82af3879-spa,"El vals de la bruja","Martínez, Belén, 1990-",9788410239081,,Puck,2024,Argentina,Book,"Book::Arcade Teen Area: SPANISH TEEN FICTION Martinez, B. - On Shelf,Book::Central Teen Area - 3rd Floor: SPANISH TEEN FICTION Martinez, B. - On Shelf,Book::Belle Cooledge Teen Area: SPANISH TEEN FICTION Martinez, B. - In Transit"
https://catalog.saclibrary.org/GroupedWork/b3e393e2-1de0-dd0a-4a46-91eedcf24895-spa,"Corona de medianoche","Maas, Sarah J",9798890981554,,"Alfaguara Infantil; ALFAGUARA JUVENIL; Penguin Random House Audio","2022 - 2024","México, D.F",eAudiobook;Book;eBook,
https://catalog.saclibrary.org/GroupedWork/d6b26b4a-02d0-3e9d-6151-29c9d5b50edd-spa,Renegados,"Meyer, Marissa",9789877473834,,"V&R Editoras; VRYA; Vergara & Riba","2015 - 2018","Buenos Aires",eBook;Book,"Book::Belle Cooledge Teen Area: SPANISH TEEN FICTION Meyer, M. - On Shelf,Book::Orangevale: SPANISH TEEN FICTION Meyer, M. - On Shelf,Book::Sacramento Public Library Storage: SPANISH TEEN FICTION Meyer, M. - On Shelf"
https://catalog.saclibrary.org/GroupedWork/d98e6ff7-bd3c-982c-a2bf-2b5861152412-spa,"El ickabog","Rowling, J. K",9786073197748,,Salamandra,2020,Barcelona,Book,"Book::Central Kids Place - Lower Level: SPANISH CHILDREN FICTION Rowling, J. - On Shelf,Book::McClatchy Children's Area: SPANISH CHILDREN FICTION Rowling, J. - On Shelf,Book::Sacramento Public Library Storage: SPANISH CHILDREN FICTION Rowling, J. - On Shelf"
https://catalog.saclibrary.org/GroupedWork/00fcc03e-ce4c-f081-4967-553d90071f72-spa,Valiente,"Armentrout, Jennifer L",9788417421939,,Titania,2023,Argentina,Book,"Book::Central: SPANISH FICTION Armentrout, J. - On Shelf,Book::Fair Oaks: SPANISH FICTION Armentrout, J. - On Shelf,Book::Franklin: SPANISH FICTION Armentrout, J. - On Shelf"
https://catalog.saclibrary.org/GroupedWork/d5946c44-bde6-68f1-95e3-dcb80237f8da-spa,"Queridas hadas madrinas","Peyron, Gabriela",9786075670836,,Edelvives,2020,Mexico,Book,"Book::Colonial Heights Children's Area: SPANISH MOVING UP Peyron, G. - On Shelf,Book::Belle Cooledge Children's Area: SPANISH MOVING UP Peyron, G. - On Shelf,Book::Rancho Children's Area: SPANISH MOVING UP Peyron, G. - On Shelf"
https://catalog.saclibrary.org/GroupedWork/f4e40fc2-6a36-149c-fced-3e1dd219d851-spa,"La magia desaparecida","Elliott, Rebecca",9781536494884,,"Branches/Scholastic Inc",2025,"New York",Book,"Book::Colonial Heights Children's Area: SPANISH MOVING UP Elliott, R. - On Shelf,Book::Rancho Cordova Children's Area: SPANISH MOVING UP Elliott, R. - Checked Out,Book::Walnut Grove Children's Area: SPANISH MOVING UP Elliott, R. - On Shelf"
https://catalog.saclibrary.org/GroupedWork/1272c6e8-cde8-b097-c22e-9f5e0ffb581e-spa,"Hijas del nuevo mundo","Longarela, Andrea",9786073851787,,"ALFAGUARA IJC; Alfaguara",2024,"Ciudad de ̌Mxico",eBook;Book,
https://catalog.saclibrary.org/GroupedWork/2b3e4397-6cfc-b3bb-05c6-34a91cc62b50-spa,"Huérfanos del errante","Alcalá, Costa",9788419252760,,Puck,2024,Argentina,Book,"Book::Arcade Teen Area: SPANISH TEEN FICTION Alcala, C. - On Shelf,Book::Central Teen Area - 3rd Floor: SPANISH TEEN FICTION Alcala, C. - On Shelf,Book::North Natomas: SPANISH TEEN FICTION Alcala, C. - On Shelf"
https://catalog.saclibrary.org/GroupedWork/37a547ba-6050-5e8b-38c7-30d0fcfac39c-spa,"Trono destrozado","Aveyard, Victoria",9786075572079,,"Gran Travesia",2020,"Ciudad de Mexico",Book,"Book::Central Teen Area - 3rd Floor: SPANISH TEEN FICTION Aveyard, V. - On Shelf,Book::Sacramento Public Library Storage: SPANISH TEEN FICTION Aveyard, V. - On Shelf"
https://catalog.saclibrary.org/GroupedWork/b0b00ce7-69a3-fcb8-9d14-930a7ab05226-spa,"El libro de los secretos vivientes","Roux, Madeleine, 1985-",9788418774409,,"HarperCollins Ibérica S.A.; HarperCollins Ibérica",2023,Madrid,eAudiobook;eBook;Book,
https://catalog.saclibrary.org/GroupedWork/4aa166d6-e548-aa4c-0bb9-f87ea0b5957f-spa,"La elefanta del mago","DiCamillo, Kate",9788427901131,,"Lectorum Publications, Inc; Noguer","2010 - 2022","Barcelona; New Jersey, USA",Book,"Book::Del Paso Heights Children's Area: SPANISH CHILDREN FICTION DiCamillo, K. - On Shelf,Book::Galt Children's Area: SPANISH CHILDREN FICTION DiCamillo, K. - On Shelf,Book::Sacramento Public Library Children: SPANISH CHILDREN FICTION DiCamillo, K. - In Processing"
https://catalog.saclibrary.org/GroupedWork/c1837722-ba21-cbb2-b86d-2cccae1898f0-spa,Eragon,"Paolini, Christopher",9788496284326,,"FonoLibro Inc.; ROCA EDITORIAL; Roca Bolsillo; Fonolibro; Roca Editorial; ROCA INFANTIL","2006 - 2023",Barcelona,eAudiobook;Book;eBook,
https://catalog.saclibrary.org/GroupedWork/831f54ee-c969-8c41-b6a1-e62f0ba0ee92-spa,"Una magia impregnada de veneno","Lin, Judy I",9786070798351,,"Cross Books",2023,"Ciudad de México",Book,"Book::Central Teen Area - 3rd Floor: SPANISH TEEN FICTION Lin, J. - On Shelf,Book::Courtland Teen Area: SPANISH TEEN FICTION Lin, J. - On Shelf,Book::Del Paso Heights Teen Area: SPANISH TEEN FICTION Lin, J. - On Shelf"
https://catalog.saclibrary.org/GroupedWork/9795982e-8640-2227-7134-3509c4bb84f0-spa,"Hojas de dedalera","Álvarez, Victoria",9788427241596,,Molino,2024,Barcelona,Book,"Book::Central Teen Area - 3rd Floor: SPANISH TEEN FICTION Alvarez, V. - On Shelf,Book::Colonial Heights: SPANISH TEEN FICTION Alvarez, V. - On Shelf,Book::North Natomas: SPANISH TEEN FICTION Alvarez, V. - On Shelf"
https://catalog.saclibrary.org/GroupedWork/3b544874-2506-da89-b9a8-c128fedddb67-spa,"Predadores y presas","Gray, Ayana",9786070799518,,"Editorial Planeta Mexicana, bajo el sello editorial Crossbooks M.R",2023,"Ciudad de México",Book,"Book::Carmichael Teen Area: SPANISH TEEN FICTION Gray, A. - On Shelf,Book::Del Paso Heights Teen Area: SPANISH TEEN FICTION Gray, A. - On Shelf,Book::Franklin Teen: SPANISH TEEN FICTION Gray, A. - On Shelf"
https://catalog.saclibrary.org/GroupedWork/a53875d4-57f2-b8bd-3029-a570a024a532-spa,"Zodíaco: cuídate del 13' signo","Russell, Romina",9789876095525,,"Del Nuevo Extremo",2015,"Buenos Aires, Argentina",Book,"Book::Franklin Teen: SPANISH TEEN FICTION Russell, R. - On Shelf,Book::Valley Hi-North Laguna Teen Area: SPANISH TEEN FICTION Russell, R. - On Shelf"
https://catalog.saclibrary.org/GroupedWork/0656c2ea-6c2f-c4a5-384a-52ed3c74be34-spa,"El otoño de las lucíernagas","McCall, Guadalupe Garcia",9781643797014,,"Tu Books, an imprint of Lee & Low Books",2025,"New York",Book,"Book::Central Teen Area - 3rd Floor: SPANISH TEEN FICTION McCall, G. - On Shelf,Book::Franklin Teen: SPANISH TEEN FICTION McCall, G. - On Shelf,Book::North Natomas: SPANISH TEEN FICTION McCall, G. - On Shelf"
https://catalog.saclibrary.org/GroupedWork/52802442-2b0d-57d2-233e-eee2741b1802-spa,"El ataque de los murcielagos","Dahl, Michael",9781496585387,,"Stone Arch Books, a Capstone imprint",2020,"North Mankato, Minnesota",Book,"Book::Arcade Children's Area: SPANISH CHILDREN FICTION Dahl, M. - On Shelf,Book::Central Kids Place - Lower Level: SPANISH CHILDREN FICTION Dahl, M. - On Shelf"
https://catalog.saclibrary.org/GroupedWork/fa8dfebe-fe45-dfc2-3528-8b4fa738aa61-spa,"Humo the tortilla making dragon: a bilingual story","Barrera, Frankie",9781736330616,,"Talisman Press",2021,"Elk Grove, CA",Book,"Book::Central Kids Place - Lower Level: SPANISH CHILDREN FICTION Barrera, F. - On Shelf,Book::Sacramento Public Library Storage: SPANISH CHILDREN FICTION Barrera, F. - On Shelf"
https://catalog.saclibrary.org/GroupedWork/03226ed6-bc92-1697-7bc1-cac6add7dd63-spa,"Dragones y malvaviscos","Citro, Asia",9781943147748,,"Innovation Press",2020,"Seattle, WA",Book,"Book::Central Kids Place - Lower Level: SPANISH MOVING UP Citro, A. - On Shelf,Book::Galt Children's Area: SPANISH MOVING UP Citro, A. - On Shelf,Book::McClatchy Children's Area: SPANISH MOVING UP Citro, A. - On Shelf"
https://catalog.saclibrary.org/GroupedWork/e6d17c32-fd1c-8e16-62f7-a30318c48c53-spa,"La Princesa de Negro y la feria de ciencias","Hale, Shannon",9781644733820,,"Beascoa, Penguin Random House Grupo Editorial",2023,"Miami, FL",Book,"Book::Central Kids Place - Lower Level: SPANISH MOVING UP Hale, S. - Checked Out,Book::Isleton Children's Area: SPANISH MOVING UP Hale, S. - On Shelf,Book::McKinley Children's Area: SPANISH MOVING UP Hale, S. - Checked Out"
https://catalog.saclibrary.org/GroupedWork/d5d29a7f-92ae-90b4-8aa1-aed447f517e5-spa,"En territorio salvaje","Hunter, Erin",9788498384215,,"Penguin Random House Audio; Salamandra","2014 - 2021",Barcelona,eAudiobook;Book,
https://catalog.saclibrary.org/GroupedWork/8f418e2e-5af0-05f4-30f3-ce2d2ac3f7d5-spa,"El tragico destino de Birdie Bloom","Beltz, Temre",9788492918584,,Puck,2019,Argentina,Book,"Book::Central Kids Place - Lower Level: SPANISH CHILDREN FICTION Beltz, T. - On Shelf,Book::Sacramento Public Library Storage: SPANISH CHILDREN FICTION Beltz, T. - On Shelf"
https://catalog.saclibrary.org/GroupedWork/fe3f9da0-9625-87cd-2b86-3dda39513039-spa,"Bestias y bellas: doce cuentos de hadas tenebrosos","Chainani, Soman",9788419252821,,"X Puck",2024,Argentina,Book,"Book::Central Teen Area - 3rd Floor: SPANISH TEEN FICTION Chainani, S. - On Shelf,Book::Isleton Teen Area: SPANISH TEEN FICTION Chainani, S. - On Shelf,Book::North Natomas: SPANISH TEEN FICTION Chainani, S. - On Shelf"
https://catalog.saclibrary.org/GroupedWork/b04533a3-c2f6-94a7-31cb-0896de1e9e5b-spa,"Coronas gemelas","Doyle, Catherine, 1990-",9788419266262,,"Editorial Hidra",2022,[Spain?],Book,"Book::Carmichael Teen Area: SPANISH TEEN FICTION Doyle, C. - On Shelf,Book::Central Teen Area - 3rd Floor: SPANISH TEEN FICTION Doyle, C. - On Shelf,Book::North Natomas: SPANISH TEEN FICTION Doyle, C. - On Shelf"
https://catalog.saclibrary.org/GroupedWork/a765a917-3b6e-3b1c-77bc-c0661948d3f8-spa,Bienhallada,"Meadows, Jodi",9788418027734,,"Fandom Books",2024,Madrid,Book,"Book::Arcade Teen Area: SPANISH TEEN FICTION Meadows, J. - On Shelf,Book::Central Teen Area - 3rd Floor: SPANISH TEEN FICTION Meadows, J. - On Shelf,Book::South Natomas Teen Area: SPANISH TEEN FICTION Meadows, J. - On Shelf"
https://catalog.saclibrary.org/GroupedWork/26f7e69c-5582-6943-2759-5ec5eeaac658-spa,"Semi humana","Armentrout, Jennifer L",9788417421922,,Titania,2023,Argentina,Book,"Book::Central: SPANISH FICTION Armentrout, J. - On Shelf,Book::Fair Oaks: SPANISH FICTION Armentrout, J. - On Shelf,Book::Rancho Cordova: SPANISH FICTION Armentrout, J. - On Shelf"
https://catalog.saclibrary.org/GroupedWork/e862cac0-d9f4-5874-5999-1bf4195bc55b-spa,"Un cuento al revés","Muhn, Naomi",9788419939159,,"Young Kiwi, publicado por Ediciones Kiwi S.L",2023,[Spain],Book,"Book::Central Teen Area - 3rd Floor: SPANISH TEEN FICTION Muhn, N. - On Shelf,Book::Elk Grove Teen Area: SPANISH TEEN FICTION Muhn, N. - On Shelf,Book::McClatchy Teen Area: SPANISH TEEN FICTION Muhn, N. - Checked Out"
https://catalog.saclibrary.org/GroupedWork/7ba6e788-1900-546b-22b5-26c86ffa3518-spa,"Hipocampos y burbujas","Citro, Asia",9781943147762,,"Innovation Press",2020,"Seattle, WA",Book,"Book::Central Kids Place - Lower Level: SPANISH MOVING UP Citro, A. - On Shelf,Book::Franklin Children's: SPANISH MOVING UP Citro, A. - On Shelf,Book::Sylvan Oaks Children's Area: SPANISH MOVING UP Citro, A. - On Shelf"
https://catalog.saclibrary.org/GroupedWork/42be1ddf-9315-38e8-9b60-347775108e82-spa,"Skulduggery Pleasant, detective esqueleto: Jugando con fuego","Landy, Derek",9788413182865,,"Ediciones SM",2020,"Boadilla del Monte, Madrid",Book,"Book::Elk Grove Kids' Place: SPANISH CHILDREN FICTION Landy, D. - On Shelf,Book::Valley Hi-North Laguna Children's Area: SPANISH CHILDREN FICTION Landy, D. - On Shelf"
https://catalog.saclibrary.org/GroupedWork/843a0d69-5c50-672b-936b-4c29bee50470-spa,"La familia lo es todo","Mack, Luz M",9780736443654,,"Random House Children's Books; Random House",2022,"New York",eBook;Book,
https://catalog.saclibrary.org/GroupedWork/6ee25a1e-f8f3-f20c-d8e3-49380c0de3a3-spa,"Una escuela patas arriba","Mlynowski, Sarah",9788427215795,,RBA,2019,Barcelona,Book,"Book::North Natomas Children's Area: SPANISH CHILDREN FICTION Mlynowski, S. - On Shelf,Book::Arbuckle Branch Library Juvenile Collection: SP J Fic - On Shelf,Book::Colusa Main Branch Juvenile Collection: SP J Fic - On Shelf"
https://catalog.saclibrary.org/GroupedWork/fcbadff2-2b88-1015-d492-3cb8c8100477-spa,"Casi hermanas","Romero, Ana",9786073195249,,"Penguin Random House Grupo Editorial",2021,"Ciudad de México",Book,"Book::Galt Children's Area: SPANISH CHILDREN FICTION Romero, A. - On Shelf,Book::Pocket-Greenhaven Kids' Place: SPANISH CHILDREN FICTION Romero, A. - On Shelf,Book::Rancho Children's Area: SPANISH CHILDREN FICTION Romero, A. - On Shelf"
https://catalog.saclibrary.org/GroupedWork/ee66e495-05de-a114-44fd-e399f70d4eb5-spa,"El corazón sobre la arena","Llompart, Jordi",9788448823900,,Lumen,2006,Barcelona,Book,"Book::South Natomas Children's Area: SPANISH CHILDREN FICTION Llompart, J. - On Shelf"
https://catalog.saclibrary.org/GroupedWork/3c29c5bf-5d80-7f3b-105b-e2cb34959cff-spa,"El secreto de Alallärä","Botella, Anabel, 1970-",9788494939655,,DiQueSi,2019,Madrid,Book,"Book::Valley Hi-North Laguna Children's Area: SPANISH CHILDREN FICTION Botella, A. - On Shelf,Book::Walnut Grove Children's Area: SPANISH CHILDREN FICTION Botella, A. - On Shelf,Book::Sacramento Public Library Storage: SPANISH CHILDREN FICTION Botella, A. - On Shelf"
https://catalog.saclibrary.org/GroupedWork/5a464b7b-3143-d93e-ed1f-c4ff9a3db425-spa,"Oscar: el unicornio hambriento","Carter, Lou, 1975-",9788491451952,,Picarona,2019,"Rubi - Barcelona","Picture Book","Picture Book::Central Kids Place - Lower Level: SPANISH PICTURE BOOK Carter, L. - On Shelf,Picture Book::Sacramento Public Library Storage: SPANISH PICTURE BOOK Carter, L. - On Shelf"
https://catalog.saclibrary.org/GroupedWork/37bdec57-3104-a934-656e-9840776722c0-spa,"Ula y Hop van a la escuela","Lilliput, Eric",9786073183758,,Alfaguara,2019,Barcelona,Book,"Book::Arcade Children's Area: SPANISH CHILDREN FICTION Lilliput, E. - On Shelf,Book::Elk Grove Kids' Place: SPANISH CHILDREN FICTION Lilliput, E. - On Shelf,Book::Galt Children's Area: SPANISH CHILDREN FICTION Lilliput, E. - On Shelf"
https://catalog.saclibrary.org/GroupedWork/5fad99d5-7abb-641d-a551-1b254cf6791f-spa,Calvina,"Frabetti, Carlo",9788467518504,,"Ediciones SM",2007,Madrid,Book,"Book::Valley Hi-North Laguna Children's Area: SPANISH CHILDREN FICTION Frabetti, C. - On Shelf"
https://catalog.saclibrary.org/GroupedWork/13577c66-5b84-1b79-784d-99f338ab3be1-spa,"Primos en tiempos de magia","Otheguy, Emma",9781665965781,,"Atheneum Books for Young Readers",2025,"Nueva York",eBook;Book,"Book::Arcade Children's Area: SPANISH CHILDREN FICTION Otheguy, E. - On Shelf,Book::Central Kids Place - Lower Level: SPANISH CHILDREN FICTION Otheguy, E. - On Shelf,Book::Courtland Children's Area: SPANISH CHILDREN FICTION Otheguy, E. - On Shelf"
https://catalog.saclibrary.org/GroupedWork/cb3f543a-b4a8-30db-b16b-5e0db217d711-spa,"Labremos sombras de oro","Kemmerer, Brigid",9788410239463,,Puck,2025,Argentina,Book,"Book::Central Teen Area - 3rd Floor: SPANISH TEEN FICTION Kemmerer, B. - On Shelf,Book::Fair Oaks Teen Area: SPANISH TEEN FICTION Kemmerer, B. - On Shelf,Book::Rio Linda Teen Area: SPANISH TEEN FICTION Kemmerer, B. - On Shelf"
https://catalog.saclibrary.org/GroupedWork/36c94c4e-c0a5-3400-6c7d-02d22a08deb8-spa,"Catwings: las aventuras de los gatos alados","Le Guin, Ursula K., 1929-2018",9788417749330,,Flamboyant,2019,Barcelona,Book,"Book::Colonial Heights Children's Area: SPANISH CHILDREN FICTION Le Guin, U. - On Shelf,Book::Franklin Children's: SPANISH CHILDREN FICTION Le Guin, U. - On Shelf,Book::Isleton Children's Area: SPANISH CHILDREN FICTION Le Guin, U. - On Shelf"
https://catalog.saclibrary.org/GroupedWork/14578cc6-d6cc-a319-e825-93bb643f53a0-spa,"Alas de ónix","Yarros, Rebecca",9786073923163,,"Planeta México; Planeta; BookaVivo",2025,"Ciudad de México; [Madrid, Spain]",eAudiobook;eBook;Book,"Book::Sylvan Oaks: SPANISH Fiction Yarros, R. - On Shelf,Book::Colusa Main Branch Teen Collection: SP YA Fic - On Shelf,Book::Arcade: SPANISH FICTION Yarros, R. - On Shelf"
https://catalog.saclibrary.org/GroupedWork/12288853-5a18-de82-e36b-5177cd64a201-spa,"El conjuro mágico","Mallorquí, César, 1953-",9788419191984,,Alfaguara,2023,Barcelona,Book,"Book::Central Kids Place - Lower Level: SPANISH MOVING UP Mallorqui, C. - On Shelf,Book::Fair Oaks Children's Area: SPANISH MOVING UP Mallorqui, C. - On Shelf,Book::North Natomas Children's Area: SPANISH MOVING UP Mallorqui, C. - On Shelf"
https://catalog.saclibrary.org/GroupedWork/5b74566c-2385-bea9-541b-7474c24ae6f9-spa,Bellum,"Benavent, Lydia A",9789876098359,,"Del Nuevo Extremo",2023,"Ciudad de Autónoma de Buenos Aires",Book,"Book::Central Teen Area - 3rd Floor: SPANISH TEEN FICTION Benavent, L. - On Shelf,Book::Isleton Teen Area: SPANISH TEEN FICTION Benavent, L. - On Shelf,Book::South Natomas Teen Area: SPANISH TEEN FICTION Benavent, L. - On Shelf"
https://catalog.saclibrary.org/GroupedWork/06e6ef56-5816-2a03-0da8-0e3c14ef8642-spa,"Hija de Esparta","Andrews, Claire M",9788418027185,,"Fandom Books",2021,Madrid,Book,"Book::Carmichael Teen Area: SPANISH TEEN FICTION Andrews, C. - On Shelf,Book::Del Paso Heights Teen Area: SPANISH TEEN FICTION Andrews, C. - On Shelf,Book::Elk Grove Teen Area: SPANISH TEEN FICTION Andrews, C. - On Shelf"
https://catalog.saclibrary.org/GroupedWork/ec0f63b0-4138-5d08-643c-4950ad836d68-spa,"Cosas que a veces pasan","Kasparavičius, Kęstutis",9788415357926,,Thule,2016,Barcelona,Book,"Book::Arcade Children's Area: SPANISH CHILDREN FICTION Kasparavicius, K. - On Shelf,Book::Colonial Heights Children's Area: SPANISH CHILDREN FICTION Kasparavicius, K. - On Shelf,Book::South Natomas Children's Area: SPANISH CHILDREN FICTION Kasparavicius, K. - On Shelf"
https://catalog.saclibrary.org/GroupedWork/eefe3392-1873-3295-7f1c-cad89662522a-spa,"Harry Potter y el misterio del príncipe","Rowling, J. K",9788478889907,,"Salamandra; Pottermore Publishing","2006 - 2020",Barcelona,eAudiobook;Book;eBook,
https://catalog.saclibrary.org/GroupedWork/75af230e-3190-6e1f-9e08-7e18d372db23-spa,"¡Somos las elegidas! =: We Are the Chosen Ones!","Serón, Iguazel",9788427241893,,Molino,2024,[Spain],Book,"Book::Arcade Children's Area: SPANISH MOVING UP Seron, I. - On Shelf,Book::Central Kids Place - Lower Level: SPANISH MOVING UP Seron, I. - On Shelf,Book::Elk Grove Kids' Place: SPANISH MOVING UP Seron, I. - On Shelf"
https://catalog.saclibrary.org/GroupedWork/5d901569-06cb-0321-68fe-5b2947ce850f-spa,"Monstruos y moho","Citro, Asia",9781943147755,,"Innovation Press",2020,"Seattle, WA",Book,"Book::Central Kids Place - Lower Level: SPANISH MOVING UP Citro, A. - On Shelf,Book::Orangevale: SPANISH MOVING UP Citro, A. - On Shelf,Book::Sylvan Oaks Children's Area: SPANISH MOVING UP Citro, A. - On Shelf"
https://catalog.saclibrary.org/GroupedWork/6afb4acb-224d-8c64-9d63-32edffe8a04d-spa,"Trolardy y el misterio de Tutankarbón","Trolerotutos, (YouTube content creator)",9786070784682,,"MR (Martínez Roca/ Editorial Planeta Mexicana)",2022,"Ciudad de México",Book,"Book::Fair Oaks Children's Area: SPANISH CHILDREN FICTION Trolerotutos - On Shelf,Book::Isleton Children's Area: SPANISH CHILDREN FICTION Trolerotutos - On Shelf,Book::South Natomas Children's Area: SPANISH CHILDREN FICTION Trolerotutos - On Shelf"
https://catalog.saclibrary.org/GroupedWork/11417719-2793-28f7-de63-82e5f427f188-spa,"El último héroe del Olimpo","Riordan, Rick",9788498383133,,"Penguin Random House Audio; SALAMANDRA INFANTIL Y JUVENIL; Salamandra","2010 - 2021",Barcelona,eAudiobook;Book;eBook,
https://catalog.saclibrary.org/GroupedWork/cb52377d-0a99-3631-1f98-ae09a634a29a-spa,"Magia, meleduras de pala y compañía","Kalengula, Catherine, 1972-",9788491455769,,Picarona,2022,"Barcelona, España",Book,"Book::Central Kids Place - Lower Level: SPANISH CHILDREN FICTION Kalengula, C. - On Shelf,Book::Courtland Children's Area: SPANISH CHILDREN FICTION Kalengula, C. - On Shelf,Book::Fair Oaks Children's Area: SPANISH CHILDREN FICTION Kalengula, C. - On Shelf"
https://catalog.saclibrary.org/GroupedWork/4b5ea78d-defc-98ab-ba11-28e2fd35f210-spa,"Dragones de hielo","Galán, Ana",9788408182498,,"Planeta S. A. Editorial",2018,Barcelona,Book,"Book::Galt Children's Area: SPANISH MOVING UP Galan, A. - On Shelf,Book::McKinley Children's Area: SPANISH MOVING UP Galan, A. - On Shelf,Book::Sylvan Oaks Children's Area: SPANISH MOVING UP Galan, A. - On Shelf"
https://catalog.saclibrary.org/GroupedWork/abb208c9-4f6b-1e7d-564f-a2ccc1750e83-spa,"El guardián del árbol","Ouyessad, Myriam, 1976-",9788426143952,,"Editorial Juventud",2016,Barcelona,"Picture Book","Picture Book::Central Kids Place - Lower Level: SPANISH PICTURE BOOK Ouyessad, M. - On Shelf,Picture Book::Sacramento Public Library Storage: SPANISH PICTURE BOOK Ouyessad, M. - On Shelf"
https://catalog.saclibrary.org/GroupedWork/e27da174-f925-ad49-ae01-6f9bc256e10a-spa,"El rey oscuro","Pacat, C. S",9788416517756,,"Ediciones Urano",2022,Madrid,Book,"Book::Central: SPANISH TEEN FICTION Pacat, C. - On Shelf,Book::Courtland: SPANISH TEEN FICTION Pacat, C. - On Shelf,Book::Elk Grove Teen Area: SPANISH TEEN FICTION Pacat, C. - On Shelf"
https://catalog.saclibrary.org/GroupedWork/3c55282b-292f-b140-9568-379a517aac79-spa,"Senor Aburrimiento","Mañas, Pedro",9788494746246,,"Editorial Libre Albedrio",2018,Spain,"Picture Book","Picture Book::Central Kids Place - Lower Level: SPANISH PICTURE BOOK Manas, P. - On Shelf,Picture Book::Southgate Children's Area: SPANISH PICTURE BOOK Manas, P. - On Shelf,Picture Book::Arbuckle Branch Library Children's Collection: SP E - On Shelf"
https://catalog.saclibrary.org/GroupedWork/8f2b5f7c-b35e-e339-3c57-35bdabfebceb-spa,"La fiesta de dragonero","Lacey, Josh",9788494573590,,"Ediciones Ekaré",2017,Barcelona,Book,"Book::Rio Linda Children's Area: SPANISH CHILDREN FICTION Lacey, J. - On Shelf,Book::Sacramento Public Library Storage: SPANISH CHILDREN FICTION Lacey, J. - On Shelf"
https://catalog.saclibrary.org/GroupedWork/303300a4-45d8-164a-17f7-c6c17793a798-spa,"Flora y Ulises: las aventuras iluminadas","DiCamillo, Kate",9786077354123,,"Oceano expres; Grantravesia; Oceano Expres; Oceano Exprés","2014 - 2024","Barcelona; Barcelona, Espana; Mexico; Barcelona España",Book,"Book::Arcade Children's Area: SPANISH CHILDREN FICTION DiCamillo, K. - On Shelf,Book::Central Kids Place - Lower Level: SPANISH CHILDREN FICTION DiCamillo, K. - On Shelf,Book::Elk Grove Kids' Place: SPANISH CHILDREN FICTION DiCamillo, K. - On Shelf"
https://catalog.saclibrary.org/GroupedWork/b7c478b1-7362-d695-6c75-b6c3bc4795cf-spa,"Ava y la lechuza","López, Diana",9798890985187,,"Kokila Books",2026,"New York",Book,"Book::Arcade Children's Area:  - On Shelf,Book::Belle Cooledge Children's Area:  - On Shelf,Book::Rancho Cordova Children's Area:  - On Shelf"
https://catalog.saclibrary.org/GroupedWork/3e24f0ec-335c-6c24-d88a-e0b70e3a51e3-spa,"Animales fantásticos y dónde encontrarlos","Rowling, J. K",9788498387940,,"Salamandra; Pottermore Publishing","2017 - 2021","Barcelona, Spain",eAudiobook;Book;eBook,"Book::Central Kids Place - Lower Level: SPANISH CHILDREN FICTION Rowling, J. - On Shelf,Book::Colonial Heights Children's Area: SPANISH CHILDREN FICTION Rowling, J. - On Shelf,Book::Elk Grove Kids' Place: SPANISH CHILDREN FICTION Rowling, J. - Checked Out"
https://catalog.saclibrary.org/GroupedWork/876a5bc5-8eda-3e05-05fc-d903b9d45b8f-spa,"Bone: 1, Lejos de Boneville","Smith, Jeff, 1960 February 27-",9788493508883,,Astiberri,2006,Bilbao,"Graphic Novel/Manga","Graphic Novel/Manga::Central Kids Place - Lower Level: SPANISH CHILDREN GRAPHIC NOVEL Bone v.1 - On Shelf"
https://catalog.saclibrary.org/GroupedWork/9b483928-e4ec-10e2-ce21-1efde331c93b-spa,"El tejedor de pesadillas","Santamaría, Jara, 1990-",9788417736323,,"Penguin Random House Audio; B de Block","2020 - 2021",Barcelona,eAudiobook;Book,
https://catalog.saclibrary.org/GroupedWork/59cc6818-78cf-7bff-1ac5-30af14ecd016-spa,"El Guardián y el Rey Lobo","Peterson, Andrew, 1974-",9781430083641,,"B&H Publishing",2026,Nashville,Book,"Book::Arcade Children's Area: SPANISH CHILDREN FICTION Peterson, A. - On Shelf,Book::Del Paso Heights Children's Area: SPANISH CHILDREN FICTION Peterson, A. - On Shelf,Book::Elk Grove Kids' Place: SPANISH CHILDREN FICTION Peterson, A. - On Shelf"
https://catalog.saclibrary.org/GroupedWork/f85dd2bd-10ed-a2e7-54f0-c937b6c20065-spa,"La tierra de la noche","Albert, Melissa",9788427221093,,"RBA Molino; Penguin Random House Audio","2020 - 2022",Barcelona,eAudiobook;Book,
https://catalog.saclibrary.org/GroupedWork/69a1d6f8-63d1-2c06-2eab-c251e9dcce43-spa,"Atlántida =: Waterfall","Kate, Lauren",9781101910627,,"Vintage Español, una división de Penguin Random House LLC",2015,"Nueva York",Book,"Book::South Natomas Teen Area: SPANISH TEEN FICTION Kate, L. - On Shelf"
https://catalog.saclibrary.org/GroupedWork/c3de320d-c4b3-3ea1-9672-bf49987ff081-spa,"La serpiente y las alas de la noche","Broadbent, Carissa",9788408292487,,"Planeta México; Planeta; Planeta Publishing; Planeta Audio","2024 - 2025","Barcelona; Barcelona, Spain",eAudiobook;Book;eBook,"Book::Central Teen Area - 3rd Floor: SPANISH TEEN FICTION Broadbent, C. - On Shelf,Book::North Natomas: SPANISH TEEN FICTION Broadbent, C. - On Shelf,Book::Southgate Teen Area: SPANISH TEEN FICTION Broadbent, C. - On Shelf"
https://catalog.saclibrary.org/GroupedWork/98bc1581-f698-509a-71a4-f09e3fe8f9f0-spa,"Las sardinas vuelan de noche","Palacio Obón, Martha Riva, 1975-",9786076212066,,"Castillo De La Lectura",2015,"México, D. F",Book,"Book::Central Kids Place - Lower Level: SPANISH MOVING UP Palacio Obon, M. - On Shelf,Book::Colonial Heights Children's Area: SPANISH MOVING UP Palacio Obon, M. - On Shelf,Book::Sacramento Public Library Storage: SPANISH MOVING UP Palacio Obon, M. - On Shelf"
https://catalog.saclibrary.org/GroupedWork/e1639bb2-f189-2dcf-8801-caeced541fdb-spa,"Alexa, el hada reportera de moda","Meadows, Daisy",9780545723596,,"Scholastic Inc",2015,"New York, NY",Book,"Book::Fair Oaks Children's Area: SPANISH MOVING UP Meadows, D. - On Shelf,Book::Franklin Children's: SPANISH MOVING UP Meadows, D. - On Shelf,Book::Galt Children's Area: SPANISH MOVING UP Meadows, D. - On Shelf"
https://catalog.saclibrary.org/GroupedWork/39a1930a-d31a-2a51-7ea2-17c17a6c6275-spa,"Iris y el cachorro de dragón","Elliott, Rebecca",9781338767520,,"Scholastic Inc",2021,"New York, NY",Book,"Book::Courtland Children's Area: SPANISH MOVING UP Elliot, R. - On Shelf,Book::Orangevale: SPANISH MOVING UP Elliot, R. - On Shelf,Book::Sylvan Oaks Children's Area: SPANISH MOVING UP Elliot, R. - On Shelf"
https://catalog.saclibrary.org/GroupedWork/7bbbd458-9676-5f96-bea9-0d1ac536be38-spa,"Claudia, el hada de los accesorios","Meadows, Daisy",9780545723626,,"Scholastic, Inc",2015,"New York, NY",Book,"Book::Belle Cooledge Children's Area: SPANISH MOVING UP Meadows, D. - On Shelf,Book::Franklin Children's: SPANISH MOVING UP Meadows, D. - On Shelf,Book::Rancho Children's Area: SPANISH MOVING UP Meadows, D. - On Shelf"
https://catalog.saclibrary.org/GroupedWork/f7950536-1cb1-7998-d0e8-1e9861f62031-spa,"Un momento favorable","L'Engle, Madeleine",9786075279503,,"Editorial Oceano de Mexico",2019,Mexico,Book,"Book::Arcade Teen Area: SPANISH TEEN FICTION L'Engle, M. - On Shelf,Book::Valley Hi-North Laguna Teen Area: SPANISH TEEN FICTION L'Engle, M. - On Shelf,Book::Sacramento Public Library Storage: SPANISH TEEN FICTION L'Engle, M. - On Shelf"
https://catalog.saclibrary.org/GroupedWork/9825b6eb-dceb-88b5-fc37-4e12169a2f29-spa,"Brooke, el hada fot©đgrafa","Meadows, Daisy",9780545723558,,"Scholastic Inc",2015,"New York, NY",Book,"Book::Pocket-Greenhaven Kids' Place: SPANISH MOVING UP Meadows, D. - On Shelf,Book::Sacramento Public Library Storage: SPANISH MOVING UP Meadows, D. - On Shelf,Book::Woodland Public Library Children's Area: SPANISH CHILDREN FICTION Meadows, D. - On Shelf"
https://catalog.saclibrary.org/GroupedWork/abd808a6-8d76-a662-2e6a-f9c411303f96-spa,"La cabellera del señor Antunes","Ruiz Johnson, Mariana",9786077749066,,CIDCLI,2009,"México, D. F","Picture Book","Picture Book::Arcade Children's Area: SPANISH PICTURE BOOK Ruiz Johnson, M. - Checked Out,Picture Book::Central Kids Place - Lower Level: SPANISH PICTURE BOOK Ruiz Johnson, M. - On Shelf,Picture Book::Franklin Children's: SPANISH PICTURE BOOK Ruiz Johnson, M. - On Shelf"
https://catalog.saclibrary.org/GroupedWork/f5764862-49d1-e2f0-6b87-c293b79315bf-spa,"La última batalla","Lewis, C. S. (Clive Staples), 1898-1963",9780060884314,,"Rayo; HarperCollins; Grupo Nelson","2005 - 2024","New York, N.Y",eAudiobook;eBook;Book,
https://catalog.saclibrary.org/GroupedWork/a686ad1a-454b-ed2d-bc8a-a28c0ec051cc-spa,"Ébano Salvaje","Smith, Crystal Simone",9786075575926,,"GranTravesia/Editorial Urano de Mexico",2022,Mexico,Book,"Book::Arcade Teen Area: SPANISH TEEN FICTION Smith, C. - On Shelf,Book::Central Teen Area - 3rd Floor: SPANISH TEEN FICTION Smith, C. - On Shelf,Book::Belle Cooledge Teen Area: SPANISH TEEN FICTION Smith, C. - On Shelf"
https://catalog.saclibrary.org/GroupedWork/04b78d1e-d7b0-f396-edb1-d66859b9fba8-spa,"Hijos de la magia","Longarela, Andrea",9786073843515,,"ALFAGUARA IJC; Alfaguara",2024,Barcelona,eBook;Book,
https://catalog.saclibrary.org/GroupedWork/e2be9e6b-5c74-8b6e-602b-ccb5c130c308-spa,"La casa de Hades","Riordan, Rick",9788490430910,,"MONTENA; Penguin Random House Audio; Montena","2014 - 2024",Barcelona,eAudiobook;Book;eBook,
https://catalog.saclibrary.org/GroupedWork/2c649feb-f83a-ea8c-11e7-2529d0dccc24-spa,"Wigetta: el efecto Mariposa",Vegetta777,9786070796005,,Planeta,2015,"México, D.F",Book,"Book::Elk Grove Kids' Place: SPANISH CHILDREN FICTION Vegetta777 - On Shelf,Book::Fair Oaks Children's Area: SPANISH CHILDREN FICTION Vegetta777 - On Shelf,Book::South Natomas Children's Area: SPANISH CHILDREN FICTION Vegetta777 - On Shelf"
https://catalog.saclibrary.org/GroupedWork/6834aae4-03d0-9a46-a633-1f8128cb6e5a-spa,"El último gnomo","Salvador Sáez, David, 1981-",9788412730517,,"Editorial Sargantana",2023,"[Valencia, Spain]",Book,"Book::Arcade Children's Area: SPANISH CHILDREN FICTION Salvador Saez, D. - On Shelf,Book::Belle Cooledge Children's Area: SPANISH CHILDREN FICTION Salvador Saez, D. - On Shelf,Book::Pocket-Greenhaven Kids' Place: SPANISH CHILDREN FICTION Salvador Saez, D. - On Shelf"
https://catalog.saclibrary.org/GroupedWork/726048ca-6a58-a380-0592-f8adbf93959a-spa,"Witchlings: Los juegos de la rana dorada","Ortega, Claribel A",9788419521682,,"Duomo Ediciones",2024,Barcelona,Book,"Book::Arcade Children's Area: SPANISH CHILDREN FICTION Ortega, C. - On Shelf,Book::Central Kids Place - Lower Level: SPANISH CHILDREN FICTION Ortega, C. - On Shelf,Book::Elk Grove Kids' Place: SPANISH CHILDREN FICTION Ortega, C. - On Shelf"
https://catalog.saclibrary.org/GroupedWork/b5e9a413-55cb-4d92-aa94-548f77b321e8-spa,"Las memorias de Fenrai","Ramírez Lomelí, Claudia, 1991-",9786070772870,,"Editorial Planeta Mexicana",2020,"Ciudad de Mexico",Book,"Book::Isleton Teen Area: SPANISH TEEN FICTION Ramirez Lomeli, C. - On Shelf,Book::Sacramento Public Library Storage: SPANISH TEEN FICTION Ramirez Lomeli, C. - On Shelf"
https://catalog.saclibrary.org/GroupedWork/34a372bd-fb9c-8645-1d21-36773efdef62-spa,"El niño brujo","Ostertag, Molly Knox",9788417222109,,"HarperCollins Ibérica, S.A; HarperCollins Ibérica S.A.","2020 - 2021",Madrid,"Graphic Novel/Manga;eComic","Graphic Novel/Manga::Central Kids Place - Lower Level: SPANISH CHILDREN GRAPHIC NOVEL Ostertag, M. - Checked Out,Graphic Novel/Manga::Sacramento Public Library Storage: SPANISH CHILDREN GRAPHIC NOVEL Ostertag, M. - On Shelf"
https://catalog.saclibrary.org/GroupedWork/55c55eae-8f52-edb7-8d11-c536cace3077-spa,"Donde los árboles cantan","Gallego García, Laura, 1977-",9788467550030,,"Ediciones SM",2022,Madrid,Book,"Book::Carmichael Teen Area: SPANISH TEEN FICTION Gallego Garcia, L. - On Shelf,Book::Southgate Teen Area: SPANISH TEEN FICTION Gallego Garcia, L. - On Shelf"
https://catalog.saclibrary.org/GroupedWork/e6868c06-9449-32b2-5603-47bdcfe407e7-spa,"Incendiary: los poderes de los morias","Córdova, Zoraida",9788419252890,,Puck,2024,Madrid,Book,"Book::Arcade Teen Area: SPANISH TEEN FICTION Cordova, Z. - On Shelf,Book::Central Teen Area - 3rd Floor: SPANISH TEEN FICTION Cordova, Z. - On Shelf,Book::Valley Hi-North Laguna Teen Area: SPANISH TEEN FICTION Cordova, Z. - On Shelf"
https://catalog.saclibrary.org/GroupedWork/f6f763c0-7638-4e04-4178-969aad5fa949-spa,"La niña arcoíris","Colasanti, Marina, 1937-",9789583055218,,"Panamericana Editorial",2017,"Bogotá D. C., Colombia","Picture Book","Picture Book::Pocket-Greenhaven Kids' Place: SPANISH PICTURE BOOK Colasanti, M. - On Shelf,Picture Book::Rancho Children's Area: SPANISH PICTURE BOOK Colasanti, M. - On Shelf,Picture Book::Sacramento Public Library Storage: SPANISH PICTURE BOOK Colasanti, M. - On Shelf"
https://catalog.saclibrary.org/GroupedWork/8fcbd7c6-7e75-686f-eb78-66cdc045e8c5-spa,"Promesas crueles","Ross, Rebecca (Rebecca J.)",9788419252654,,"Urano World",2024,"Madrid, Spain",Book,"Book::Carmichael Teen Area: SPANISH TEEN FICTION Ross, R. - On Shelf,Book::Central Teen Area - 3rd Floor: SPANISH TEEN FICTION Ross, R. - On Shelf,Book::Elk Grove Teen Opening Day Collection: ON ORDER - On Order"
https://catalog.saclibrary.org/GroupedWork/377ede79-0cdc-90a3-24ca-39f0d27517af-spa,"La caída del príncipe de fuego","Kova, Elise",9788419030122,,Umbriel,2023,Argentina,Book,"Book::Central: SPANISH FICTION Kova, E. - On Shelf,Book::Fair Oaks: SPANISH FICTION Kova, E. - On Shelf,Book::South Natomas: SPANISH FICTION Kova, E. - On Shelf"
https://catalog.saclibrary.org/GroupedWork/639c1c61-88e2-c82f-6f1f-ef861b14fee3-spa,"El valle de los lobos","Gallego García, Laura, 1977-",9788467508895,,"Ediciones SM",2006,Madrid,Book,"Book::Southgate Teen Area: SPANISH TEEN FICTION Gallego Garcia, L. - On Shelf"
https://catalog.saclibrary.org/GroupedWork/a32225dd-4b54-2b61-85c8-584dacd2315c-spa,"El secreto de la dragona del agua","West, Tracey, 1965-",9788427224933,,Molino,2023,Barcelona,Book,"Book::Central Kids Place - Lower Level: SPANISH MOVING UP West, T. - On Shelf,Book::Galt Children's Area: SPANISH MOVING UP West, T. - On Shelf,Book::Isleton Children's Area: SPANISH MOVING UP West, T. - On Shelf"
https://catalog.saclibrary.org/GroupedWork/72712253-109d-837c-ae90-88058121432f-spa,"Magalina y el gran misterio","Douyé, Sylvia, 1973-",9788420452098,,Alfaguara,2019,Barcelona,"Graphic Novel/Manga","Graphic Novel/Manga::Elk Grove Kids' Place: SPANISH CHILDREN GRAPHIC NOVEL Douye, S. - On Shelf,Graphic Novel/Manga::South Natomas Children's Area: SPANISH CHILDREN GRAPHIC NOVEL Douye, S. - On Shelf,Graphic Novel/Manga::North Natomas Children's Area: SPANISH CHILDREN GRAPHIC NOVEL Douye, S. - On Shelf"
https://catalog.saclibrary.org/GroupedWork/e83dc284-b010-c5d1-f60f-1004a8d4d6ff-spa,"Harry Potter y la cámara secreta","Rowling, J. K",9788498389739,,"Salamandra; Pottermore Publishing","2015 - 2020",Barcelona,eAudiobook;Book;eBook,
https://catalog.saclibrary.org/GroupedWork/c5a9ae4f-2bd9-838a-31af-6ae0672ddd64-spa,"El campamento de hechicería","García-Rojo, Patricia, 1984-",9788410489530,,Alfaguara,2025,Barcelona,Book,"Book::Colonial Heights Children's Area: SPANISH CHILDREN FICTION Garcia-Rojo, P. - Checked Out,Book::McKinley Children's Area: SPANISH CHILDREN FICTION Garcia-Rojo, P. - On Shelf,Book::North Natomas Children's Area: SPANISH CHILDREN FICTION Garcia-Rojo, P. - On Shelf"
https://catalog.saclibrary.org/GroupedWork/acb7066d-3628-d3b7-90f2-33a09d92f0a9-spa,"Los cuentos de Beedle el bardo","Rowling, J. K",9788498381962,,Salamandra,"2008 - 2017",Barcelona,Book,"Book::Carmichael Children's Area: SPANISH CHILDREN FICTION Rowling, J. - On Shelf,Book::Colonial Heights Children's Area: SPANISH CHILDREN FICTION Rowling, J. - On Shelf,Book::Sacramento Public Library Storage: SPANISH CHILDREN FICTION Rowling, J. - On Shelf"
https://catalog.saclibrary.org/GroupedWork/5ac6c081-e3a7-1259-4e51-a71f432c359e-spa,"Blancaflor, la heroina con poderes secretos: un cuento de Latinoamerica","Spiegelman, Nadja",9781943145577,,"TOON Books",2021,"New York","Graphic Novel/Manga","Graphic Novel/Manga::Central Kids Place - Lower Level: SPANISH CHILDREN GRAPHIC 741.5 S755 2021 - On Shelf,Graphic Novel/Manga::Belle Cooledge Children's Area: SPANISH CHILDREN GRAPHIC 741.5 S755 2021 - On Shelf,Graphic Novel/Manga::Del Paso Heights Children's Area: SPANISH CHILDREN GRAPHIC 741.5 S755 2021 - On Shelf"
https://catalog.saclibrary.org/GroupedWork/13ee0c2e-997a-cac4-e13b-86762291c30c-spa,Marcada,"Cast, P. C",9788427222427,,"Penguin Random House Grupo Editorial",2023,Barcelona,Book,"Book::Central Teen Area - 3rd Floor: SPANISH TEEN FICTION Cast, P. - On Shelf,Book::McKinley Children's Area: SPANISH TEEN FICTION Cast, P. - On Shelf,Book::Valley Hi-North Laguna Teen Area: SPANISH TEEN FICTION Cast, P. - On Shelf"
https://catalog.saclibrary.org/GroupedWork/07d1cc2d-f1c7-ab2d-5c45-8b926e209b8d-spa,"Mirabella y la clase de pociones","Muncaster, Harriet",9781668879498,,Alfaguara,"2021 - 2022","Cuidad de México; [Barcelona]",Book,"Book::Carmichael Children's Area: SPANISH MOVING UP Muncaster, H. - On Shelf,Book::Del Paso Heights Children's Area: SPANISH MOVING UP Muncaster, H. - On Shelf,Book::Fair Oaks Children's Area: SPANISH MOVING UP Muncaster, H. - On Shelf"
https://catalog.saclibrary.org/GroupedWork/f341c5e2-2252-07ee-6062-4712f3aff039-spa,"El secreto del río","Ibañez, Isabel (Novelist)",9788419252678,,Puck,2024,Madrid,Book,"Book::Arcade Teen Area: SPANISH TEEN FICTION Ibanez, I. - On Shelf,Book::Central Teen Area - 3rd Floor: SPANISH TEEN FICTION Ibanez, I. - On Shelf,Book::Rancho Cordova: SPANISH TEEN FICTION Ibanez, I. - On Shelf"
https://catalog.saclibrary.org/GroupedWork/b5e80b09-4a05-4845-99e7-90ede8b62160-spa,Exilio,"Hunter, Erin",9788498389449,,"SALAMANDRA INFANTIL Y JUVENIL; Ediciones Salamandra",2019,Barcelona,eBook;Book,
https://catalog.saclibrary.org/GroupedWork/c9d76b22-bc8c-759d-cc22-f0ac843fb664-spa,"Trono de cristal","Maas, Sarah J",9789798890987,,"Alfaguara Infantil; ALFAGUARA JUVENIL; Penguin Random House Audio","2022 - 2024","México, D.F",eAudiobook;Book;eBook,
https://catalog.saclibrary.org/GroupedWork/767b972b-b8d3-d485-98a5-cae9f2dbc82b-spa,Silencio,"Fitzpatrick, Becca",9788420434254,,"Alfaguara; B De Block","2018 - 2024","Barcelona; Ciudad de México",Book,"Book::Arcade Teen Area: SPANISH TEEN FICTION Fitzpatrick, B. - On Shelf,Book::Central Teen Area - 3rd Floor: SPANISH TEEN FICTION Fitzpatrick, B. - On Shelf,Book::South Natomas Teen Area: SPANISH TEEN FICTION Fitzpatrick, B. - On Shelf"
https://catalog.saclibrary.org/GroupedWork/d647c6d4-edb3-f820-049f-0aa615c4797e-spa,"Azmina, el dragón dorado de purpurina","Mara, Maddy",9781339043692,,"Scholastic Inc",2024,"[New York]",Book,"Book::Colonial Heights Children's Area: SPANISH MOVING UP Mara, M. - On Shelf,Book::Franklin Children's: SPANISH MOVING UP Mara, M. - On Shelf,Book::North Natomas Children's Area: SPANISH MOVING UP Mara, M. - On Shelf"
https://catalog.saclibrary.org/GroupedWork/bcb2fe91-49e9-8641-b3f8-170c612fd3fa-spa,Fearless,"Roberts, Lauren, 2002-",9786073857666,,"ALFAGUARA IJC; Penguin Random House Audio; Alfaguara",2025,Barcelona,eAudiobook;Book;eBook,"Book::Central Teen Area - 3rd Floor: SPANISH TEEN FICTION Roberts, L. - On Shelf"
https://catalog.saclibrary.org/GroupedWork/0fbcc0af-cb64-1b65-8bf1-51f525ea207f-spa,"El principito","Saint-Exupéry, Antoine de, 1900-1944",9788419275479,,"Enrique Sainz Editores; Valhalla Audiobooks; Paw Prints; VoTrading; Pages Planet Publishing; LA CASE Books; Author's Republic; Emecé Argentina; Babelcube Inc.; HN Publishing; Letra Impresa; Disonex; Distribuido por YOYO Music; Audiolibros Colección; Salamandra","1986 - 2025","México, D.F; Barcelona; Bogota, Colombia; North Miami Beach, FL","eAudiobook;Audiobook - CD;eBook;Book",
https://catalog.saclibrary.org/GroupedWork/afa654b7-f9f3-0eb5-374f-6beb67ff88f4-spa,"La maldición del amor verdadero","Garber, Stephanie",9788419252951,,Puck,2024,Argentina,Book,"Book::Arcade Teen Area: SPANISH TEEN FICTION Garber, S. - On Shelf,Book::Central Teen Area - 3rd Floor: SPANISH TEEN FICTION Garber, S. - On Shelf,Book::North Natomas: SPANISH TEEN FICTION Garber, S. - On Shelf"
https://catalog.saclibrary.org/GroupedWork/6c8d77b4-4dfa-95cd-c699-b369e53f6626-spa,"Mago menor","Kingfisher, T",9786075578750,,"Gran Travesía",2024,"Tlanlnepantla de Baz, Estado de México",Book,"Book::Central Teen Area - 3rd Floor: SPANISH TEEN FICTION Kingfisher, T. - On Shelf,Book::Colonial Heights: SPANISH TEEN FICTION Kingfisher, T. - On Shelf,Book::South Natomas Teen Area: SPANISH TEEN FICTION Kingfisher, T. - On Shelf"
https://catalog.saclibrary.org/GroupedWork/d9ad6760-b25a-7e67-e222-09145bb26c16-spa,"Lily Medialuna: 1, Las gemas mágicas","Bonet, Xavier, 1979-",9788448860738,,Beascoa,2022,Barcelona,"Graphic Novel/Manga","Graphic Novel/Manga::Central Kids Place - Lower Level: SPANISH CHILDREN GRAPHIC NOVEL Lily v.1 - On Shelf,Graphic Novel/Manga::North Natomas Children's Area: SPANISH CHILDREN GRAPHIC NOVEL Lily v.1 - On Shelf,Graphic Novel/Manga::Sylvan Oaks Children's Area: SPANISH CHILDREN GRAPHIC NOVEL Lily v.1 - On Shelf"
https://catalog.saclibrary.org/GroupedWork/36c3086f-f34a-8270-b090-5b6959c39ffa-spa,"Hiraeth: el final de la travesía. 1","Kamatani, Yuhki",9786073823838,,"Distrito Manga",2023,"Ciudad de Mexico","Graphic Novel/Manga","Graphic Novel/Manga::Belle Cooledge Teen Area: SPANISH TEEN MANGA Hiraeth v.1 - In Transit,Graphic Novel/Manga::South Natomas Teen Area: SPANISH TEEN MANGA Hiraeth v.1 - On Shelf,Graphic Novel/Manga::North Sacramento-Hagginwood Teen Area: SPANISH TEEN MANGA Hiraeth v.1 - On Shelf"
https://catalog.saclibrary.org/GroupedWork/e63d6553-b8ee-b9b3-f2dc-c63859c329e6-spa,"Guía para amantes de las mascotas peligrosas: versión: dragones","Hirst, Lindsay",9788491458722,,Picarona,2026,Barcelona,"Picture Book","Picture Book::Sylvan Oaks Children's Area: SPANISH PICTURE BOOK Hirst, L. - On Shelf,Picture Book::Valley-Hi North Laguna Children's Area: SPANISH PICTURE BOOK Hirst, L. - On Shelf"
https://catalog.saclibrary.org/GroupedWork/baeacbee-ed8a-4e6b-70a2-4b4860ff5c33-spa,"Trolardy y el pan dorado","Trolerotutos, (YouTube content creator)",9786070777073,,"MR (Martínez Roca/ Editorial Planeta Mexicana)",2022,"Ciudad de México",Book,"Book::Galt Children's Area: SPANISH CHILDREN FICTION Trolerotutos - On Shelf,Book::McKinley Children's Area: SPANISH CHILDREN FICTION Trolerotutos - Checked Out,Book::Rancho Children's Area: SPANISH CHILDREN FICTION Trolerotutos - On Shelf"
https://catalog.saclibrary.org/GroupedWork/20b0186c-f2ec-8f01-df5c-4baed0d35506-spa,"El heredero oscuro","Pacat, C. S",9788419030825,,Umbriel,2024,Argentina,Book,"Book::Arcade Teen Area: SPANISH TEEN FICTION Pacat, C. - On Shelf,Book::Carmichael Teen Area: SPANISH TEEN FICTION Pacat, C. - On Shelf,Book::Central Teen Area - 3rd Floor: SPANISH TEEN FICTION Pacat, C. - On Shelf"
https://catalog.saclibrary.org/GroupedWork/b975a0a6-4922-4e59-dc8b-2cd908934bff-spa,Brisingr,"Paolini, Christopher",9788492429370,,"Roca Editorial de Libros; Penguin Random House Grupo Editorial; Roca Editorial; ROCA INFANTIL","2008 - 2023","Miami, FL; Barcelona",eBook;Book,
https://catalog.saclibrary.org/GroupedWork/c25faf8f-cce4-98b5-2634-7767681ea0b7-spa,Powerless,"Roberts, Lauren, 2002-",9788410190399,,"Alfaguara Infantil; ALFAGUARA IJC; Penguin Random House Audio; Alfaguara","2024 - 2025",Barcelona,eAudiobook;Book;eBook,"Book::McClatchy Teen Area: SPANISH TEEN FICTION Roberts, L. - On Shelf,Book::North Sacramento-Hagginwood Teen Area: SPANISH TEEN FICTION Roberts, L. - On Hold Shelf"
https://catalog.saclibrary.org/GroupedWork/f245fc13-1f0a-8c03-db3c-34418653c9a4-spa,"Wigetta: un viaje mâagico",Vegetta777,9786070727122,,"Editorial Planeta",2015,Barcelona,Book,"Book::Valley Hi-North Laguna Children's Area: SPANISH CHILDREN FICTION Vegetta777 - On Shelf"
https://catalog.saclibrary.org/GroupedWork/927f0905-28ef-13fe-5c29-2b14401a80d4-spa,"Mundo umbrío: Las traición","Sandoval, Jaime Alfonso, 1972-",9786073189378,,Montena,2023,"Ciudad de México",Book,"Book::Carmichael Teen Area: SPANISH TEEN FICTION Sandoval, J. - On Shelf,Book::North Natomas: SPANISH TEEN FICTION Sandoval, J. - On Shelf,Book::Sylvan Oaks Teen Area: SPANISH TEEN FICTION Sandoval, J. - On Shelf"
https://catalog.saclibrary.org/GroupedWork/172d219e-c8b9-9cbf-4f08-2e8205f657e7-spa,"El león, la bruja y el ropero","Lewis, C. S. (Clive Staples), 1898-1963",9780060842536,,"HarperCollins; Grupo Nelson; FonoLibro; Harper Trophy","2002 - 2023","New York; [Coral Gables, FL]","eAudiobook;Audiobook - CD;eBook;Book","Book::Galt Children's Area: SPANISH CHILDREN FICTION Lewis, C. - On Hold Shelf,Book::Woodland Public Library Children's Area: SPANISH CHILDREN Lewis, C. - On Shelf"
https://catalog.saclibrary.org/GroupedWork/d0230244-4824-0ddc-5c6a-eacfff1ab6bc-spa,"La panza del Tepozteco","Agustín, José",9786073820899,,Alfaguara,2023,"Mexico City",Book,"Book::McKinley Children's Area: SPANISH TEEN FICTION Agustin, J. - On Shelf,Book::Orangevale: SPANISH TEEN FICTION Agustin, J. - On Shelf"
https://catalog.saclibrary.org/GroupedWork/ba899bbc-720e-4421-d0f3-a68a5b5b076f-spa,"El principito =: Le petit prince","Saint-Exupéry, Antoine de, 1900-1944",9786079593087,,didalibros,2020,"Ciudad de México",Book,"Book::Central Kids Place - Lower Level: SPANISH CHILDREN FICTION Saint-Exupery, A. - On Shelf,Book::Fair Oaks Children's Area: SPANISH CHILDREN FICTION Saint-Exupery, A. - On Shelf,Book::Galt Children's Area: SPANISH CHILDREN FICTION Saint-Exupery, A. - On Shelf"
https://catalog.saclibrary.org/GroupedWork/65aa9bdd-b76f-6539-c7d8-48394bf6f92a-spa,"Isadora Moon y el hada de los dientes","Muncaster, Harriet",9786073805612,,Alfaguara,2021,Barcelona,Book,"Book::Fair Oaks Children's Area: SPANISH MOVING UP Muncaster, H. - On Shelf,Book::Isleton Children's Area: SPANISH MOVING UP Muncaster, H. - On Shelf,Book::South Natomas Children's Area: SPANISH MOVING UP Muncaster, H. - On Shelf"
https://catalog.saclibrary.org/GroupedWork/2616e445-1563-3578-3e54-6fddf28b0ec7-spa,"Mondragó: El árbol Dragón","Galan, Ana",9788444149356,,Everest,2013,"León (España)",Book,"Book::Valley Hi-North Laguna Children's Area: SPANISH CHILDREN FICTION Galan, A. - On Shelf"
https://catalog.saclibrary.org/GroupedWork/15909370-c7bd-a1a2-0e3c-1e880df1e6e4-spa,"Mondragó: El arbopán","Galan, Ana",9788444149332,,Everest,2013,"León (España)",Book,"Book::South Natomas Children's Area: SPANISH CHILDREN FICTION Galan, A. - On Shelf"
https://catalog.saclibrary.org/GroupedWork/6a06202d-de92-fa86-9aee-d3a0f1fcba9f-spa,"Mirabella y la escuela de magia","Muncaster, Harriet",9788420440866,,Alfaguara,2021,"Barcelona; [Barcelona]",Book,"Book::Belle Cooledge Children's Area: SPANISH MOVING UP Muncaster, H. - On Shelf,Book::Courtland Children's Area: SPANISH MOVING UP Muncaster, H. - On Shelf,Book::Rancho Children's Area: SPANISH MOVING UP Muncaster, H. - On Shelf"
https://catalog.saclibrary.org/GroupedWork/db97644f-f218-a5d6-08c5-040340dfdb0d-spa,Lightlark,"Aster, Alex",9788419191755,,"ALFAGUARA IJC; Penguin Random House Audio; Alfaguara",2023,Barcelona,eAudiobook;Book;eBook,
https://catalog.saclibrary.org/GroupedWork/7ffab0b7-7f33-4f3e-b09a-6b40667c9159-spa,"Mía fantasía: El secreto del dragón","Roca, Elisenda, 1963-",9788491019466,,"Combel Editorial",2023,Barcelona,Book,"Book::Colonial Heights Children's Area: SPANISH MOVING UP Roca, E. - On Shelf,Book::Sylvan Oaks Children's Area: SPANISH MOVING UP Roca, E. - On Shelf,Book::Sacramento Public Library Storage: SPANISH MOVING UP Roca, E. - On Shelf"
https://catalog.saclibrary.org/GroupedWork/91aad988-634f-c194-1bcb-1ca450f028b8-spa,"Alas de hierro","Yarros, Rebecca",9786073925037,,"Planeta México; Editorial Planeta México; Planeta; BookaVivo",2024,"Barcelona; Ciudad de México",eAudiobook;eBook;Book,"Book::Central: SPANISH FICTION Yarros, R. - On Shelf,Book::North Sacramento-Hagginwood: SPANISH FICTION Yarros, R. - Checked Out,Book::Orangevale: SPANISH FICTION Yarros, R. - On Shelf"
https://catalog.saclibrary.org/GroupedWork/bc1e0ddf-86ed-c949-0627-b2ee2466f870-spa,"Lightfall 1/ Lightfall 1: La ultima Llama/ the Girl & the Galdurian","Probert, Tim",9788418279997,,"Harpercollins Espanol",2024,Madrid,"Graphic Novel/Manga","Graphic Novel/Manga::Galt Children's Area: SPANISH CHILDREN GRAPHIC NOVEL Lightfall v.1 - On Shelf,Graphic Novel/Manga::Rancho Children's Area: SPANISH CHILDREN GRAPHIC NOVEL Lightfall v.1 - On Shelf,Graphic Novel/Manga::Southgate Children's Area: SPANISH CHILDREN GRAPHIC NOVEL Lightfall v.1 - On Shelf"
https://catalog.saclibrary.org/GroupedWork/05593023-c92c-faf8-3cf3-f91a852ff440-spa,"Las Islas de los Dioses","Kaufman, Amie",9788419252548,,"Puck, Urano World Spain",2024,Argentina,Book,"Book::Arcade Teen Area: SPANISH TEEN FICTION Kaufman, A. - On Shelf,Book::Central Teen Area - 3rd Floor: SPANISH TEEN FICTION Kaufman, A. - On Shelf,Book::North Natomas: SPANISH TEEN FICTION Kaufman, A. - On Shelf"
https://catalog.saclibrary.org/GroupedWork/8c97f423-62a3-5707-b33c-bb6f41d67b1f-spa,"Solos: Tomo 3","Vehlmann, Fabien, 1972-",9788415850922,,Dibbuks,2015,"Madrid, Spain","Graphic Novel/Manga","Graphic Novel/Manga::Carmichael Teen Area: SPANISH TEEN GRAPHIC NOVEL Vehlmann, F. v.3 - On Shelf,Graphic Novel/Manga::Orangevale: SPANISH TEEN GRAPHIC NOVEL Vehlmann, F. v.3 - On Shelf"
https://catalog.saclibrary.org/GroupedWork/9f9eaee1-9b7d-87f6-aa62-2eaabeffe210-spa,"¡Un cumpleaños muy dulce!","Quirón, Aurora",9788410269712,,"B De Block",2025,Barcelona,Book,"Book::Fair Oaks Children's Area: SPANISH MOVING UP Quiron, A. - On Shelf,Book::McKinley Children's Area: SPANISH MOVING UP Quiron, A. - Checked Out,Book::Orangevale: SPANISH MOVING UP Quiron, A. - On Shelf"
https://catalog.saclibrary.org/GroupedWork/58f3bfa7-32ad-53b2-2b0c-44b1f49fe301-spa,"Cenicienta ha muerto","Bayron, Kalynn",9788418027222,,"Fandom Books",2020,Madrid,Book,"Book::Carmichael Teen Area: SPANISH TEEN FICTION Bayron, K. - On Shelf,Book::Franklin Teen: SPANISH TEEN FICTION Bayron, K. - On Shelf,Book::North Natomas: SPANISH TEEN FICTION Bayron, K. - Display"
https://catalog.saclibrary.org/GroupedWork/dc9e21df-bc84-7c5f-6017-778f7b0d7743-spa,"La Princesa de Negro y la cita misteriosa","Hale, Shannon",9781644733837,,Beascoa,2023,"Miami, FL",Book,"Book::Central Kids Place - Lower Level: SPANISH MOVING UP Hale, S. - Checked Out,Book::Courtland Children's Area: SPANISH MOVING UP Hale, S. - On Shelf,Book::Del Paso Heights Children's Area: SPANISH MOVING UP Hale, S. - On Shelf"
https://catalog.saclibrary.org/GroupedWork/eecb904e-4dc8-22ce-1ed7-c4e398903d77-spa,"Capitán Nudo y su estúpida sombra","Engbers, Victor",9789878283807,,"Limonero, a",2023,"Buenos Aires",Book,"Book::Arcade Children's Area: SPANISH CHILDREN FICTION Engbers, V. - On Shelf,Book::Carmichael Children's Area: SPANISH CHILDREN FICTION Engbers, V. - On Shelf,Book::Galt Children's Area: SPANISH CHILDREN FICTION Engbers, V. - On Shelf"
https://catalog.saclibrary.org/GroupedWork/92da2285-d63d-3e46-5296-cad7a8791826-spa,"La princesa y el dragón","Tur, Míriam Bonastre",9788418900693,,EntreDos,2024,"[Blanes, Spain]","Picture Book","Picture Book::Arcade Children's Area: SPANISH PICTURE BOOK Tur, M. - Checked Out,Picture Book::Central Kids Place - Lower Level: SPANISH PICTURE BOOK Tur, M. - On Shelf,Picture Book::Elk Grove Kids' Place: SPANISH PICTURE BOOK Tur, M. - On Shelf"
https://catalog.saclibrary.org/GroupedWork/e2745acf-e45d-9619-e43e-864115013f35-spa,"Los chicos del cementerio: (Cemetery Boys)","Thomas, Aiden",9788412189568,,"Kakao Books",2021,[Barcelona],Book,"Book::Arcade Teen Area: SPANISH TEEN FICTION Thomas, A. - On Shelf,Book::Franklin Teen: SPANISH TEEN FICTION Thomas, A. - On Shelf,Book::Valley Hi-North Laguna Teen Area: SPANISH TEEN FICTION Thomas, A. - On Shelf"
https://catalog.saclibrary.org/GroupedWork/621e4d52-8222-20c7-ab67-522eee86bc95-spa,"Mil latidos del corazón","Cass, Kiera",9781644737606,,"Roca Editorial de Libros; Roca Editorial",2022,Barcelona,eBook;Book,
https://catalog.saclibrary.org/GroupedWork/7ae723b5-f197-3195-2dd8-5a10b8ee8332-spa,"Una Corte de llamas plateadas","Maas, Sarah J",9786070780585,,"Grup Editorial Planeta",2021,Argentina,Book,"Book::Central: SPANISH FICTION Maas, S. - On Shelf,Book::Belle Cooledge: SPANISH FICTION Maas, S. - On Shelf,Book::Del Paso Heights: SPANISH FICTION Maas, S. - On Shelf"
https://catalog.saclibrary.org/GroupedWork/528a1ee7-b3ff-b283-daa6-f2e6c927a13a-spa,"Luces blancas","Alvahuante, Carlos",9786076211885,,"Castillo de la lectura",2015,"México, D.F",Book,"Book::Arcade Teen Area: SPANISH TEEN FICTION Alvahuante, C. - On Shelf,Book::Carmichael Teen Area: SPANISH TEEN FICTION Alvahuante, C. - On Shelf,Book::North Natomas: SPANISH TEEN FICTION Alvahuante, C. - On Shelf"
https://catalog.saclibrary.org/GroupedWork/8d613674-5a96-430a-b457-d457bd97dfb0-spa,"Harry Potter y el prisionero de Azkaban","Rowling, J. K",9788478886555,,"Salamandra; Pottermore Publishing","2001 - 2020",Barcelona,eAudiobook;Book;eBook,"Book::Fair Oaks Children's Area: SPANISH CHILDREN FICTION Rowling, J. - On Shelf,Book::Galt Children's Area: SPANISH CHILDREN FICTION Rowling, J. - On Shelf,Book::Folsom Children's Area: SPANISH CHILDREN FICTION Rowling, J. - On Shelf"
https://catalog.saclibrary.org/GroupedWork/8e15772a-8d65-84bc-cb88-23f620af1a00-spa,"Una promesa audaz y mortal","Kemmerer, Brigid",9788417854409,,Puck,2022,Madrid,Book,"Book::Arcade Teen Area: SPANISH TEEN FICTION Kemmerer, B. - On Shelf,Book::Carmichael Teen Area: SPANISH TEEN FICTION Kemmerer, B. - On Shelf,Book::Courtland Teen Area: SPANISH TEEN FICTION Kemmerer, B. - On Shelf"
https://catalog.saclibrary.org/GroupedWork/1e8077f1-c883-708e-e892-aaab8349370c-spa,"Sangre y espina","Owen, Margaret, 1986-",9788419252210,,Puck,2024,Madrid,Book,"Book::Central Teen Area - 3rd Floor: SPANISH TEEN FICTION Owen, M. - On Shelf,Book::South Natomas Teen Area: SPANISH TEEN FICTION Owen, M. - On Shelf,Book::North Natomas: SPANISH TEEN FICTION Owen, M. - On Shelf"
https://catalog.saclibrary.org/GroupedWork/37fd1641-6c6d-66d4-6290-21adb947bcdc-spa,"Mirabella y el verano de hadas","Muncaster, Harriet",9786073842983,,Alfaguara,2024,"Ciudad de México",Book,"Book::Belle Cooledge Children's Area: SPANISH MOVING UP Muncaster, H. - Checked Out,Book::Courtland Children's Area: SPANISH MOVING UP Muncaster, H. - On Shelf,Book::North Natomas Children's Area: SPANISH MOVING UP Muncaster, H. - On Shelf"
https://catalog.saclibrary.org/GroupedWork/802be22c-ea27-a520-c3f8-86a4b0d77391-spa,"Johnny Zapatos y el secreto de la gran reina Egipcia","Endsjø, Chris",9788412501339,,Diquesí,2022,Madrid,Book,"Book::Arcade Children's Area: SPANISH CHILDREN FICTION Endsjo, C. - On Shelf,Book::Carmichael Children's Area: SPANISH CHILDREN FICTION Endsjo, C. - On Shelf,Book::Central Kids Place - Lower Level: SPANISH CHILDREN FICTION Endsjo, C. - On Shelf"
https://catalog.saclibrary.org/GroupedWork/0c1d90da-818c-bd6b-8263-ec9ca83f0a3f-spa,"Un flechazo a la luna","Pan, Emily X. R",9788417854911,,Puck,2024,Madrid,Book,"Book::Arcade Teen Area: SPANISH TEEN FICTION Pan, E. - On Shelf,Book::Central Teen Area - 3rd Floor: SPANISH TEEN FICTION Pan, E. - On Shelf,Book::Rio Linda Teen Area: SPANISH TEEN FICTION Pan, E. - On Shelf"
https://catalog.saclibrary.org/GroupedWork/41e67101-71e8-82a2-04d5-612a9866ed3f-spa,"Nacidos en la inundación","Hunter, Erin",9788418797910,,Salamandra,2023,Barcelona,Book,"Book::Central Kids Place - Lower Level: SPANISH CHILDREN FICTION Hunter, E. - On Shelf,Book::Colonial Heights Children's Area: SPANISH CHILDREN FICTION Hunter, E. - On Shelf,Book::Franklin Children's: SPANISH CHILDREN FICTION Hunter, E. - On Shelf"
https://catalog.saclibrary.org/GroupedWork/8cc401ee-f8d0-b74f-5bd5-c63a1f92a80a-spa,"La espada del tiempo","Riordan, Rick",9788490434819,,Montena,2016,[Barcelona],Book,"Book::Colonial Heights Children's Area: SPANISH CHILDREN FICTION Riordan, R. - On Shelf,Book::Rancho Children's Area: SPANISH CHILDREN FICTION Riordan, R. - On Shelf,Book::Colusa Main Branch Juvenile Collection: SP J Fic - On Shelf"
https://catalog.saclibrary.org/GroupedWork/cd12ca4d-4394-91ed-d78b-8de9a449fa30-spa,"La maldición del Campamento Júpiter","Riordan, Rick",9788418798283,,"MONTENA; Montena, [an imprint of] Penguin Random House Grupo Editorial",2022,Barcelona,eBook;Book,
https://catalog.saclibrary.org/GroupedWork/5f6505cb-0a36-94ec-9b58-8276a0cfb3b6-spa,"Escuela de dragones: El rescate de la dragona del sol","West, Tracey, 1965-",9788427224926,,Molino,2022,Barcelona,Book,"Book::Central Kids Place - Lower Level: SPANISH MOVING UP West, T. - On Shelf,Book::Galt Children's Area: SPANISH MOVING UP West, T. - On Shelf,Book::North Sacramento-Hagginwood Children's Area: SPANISH MOVING UP West, T. - On Shelf"
https://catalog.saclibrary.org/GroupedWork/27a79a24-2207-3a44-62ec-cac498501b58-spa,"Iris el valiente =: Bo the brave","Elliott, Rebecca",9781338849165,,"Scholastic Inc.; Scholastic Inc",2022,"New York, NY",eBook;Book,"Book::Elk Grove Kids' Place: SPANISH MOVING UP Elliott, R. - On Shelf,Book::North Natomas Children's Area: SPANISH MOVING UP Elliott, R. - On Shelf,Book::Orangevale: SPANISH MOVING UP Elliott, R. - On Shelf"
https://catalog.saclibrary.org/GroupedWork/70c545d7-09f4-90bd-c5aa-3332ca073251-spa,"Si rompemos las barreras","Callejas, Alba G",9788410079083,,"Plataforma Editorial Neo",2024,Barcelona,Book,"Book::Central Teen Area - 3rd Floor: SPANISH TEEN FICTION Callejas, A. - On Shelf,Book::South Natomas Teen Area: SPANISH TEEN FICTION Callejas, A. - On Shelf,Book::North Natomas: SPANISH TEEN FICTION Callejas, A. - On Shelf"
https://catalog.saclibrary.org/GroupedWork/e37b06e7-01f1-e967-20dc-af173239f4e8-spa,"Lo que le contó el jaguar","Méndez, Alexandra V",9781646142460,,"Edicones LQ",2023,"Montclair [New Jersey]",Book,"Book::Carmichael Children's Area: SPANISH CHILDREN FICTION Mendez, A. - On Shelf,Book::Del Paso Heights Children's Area: SPANISH CHILDREN FICTION Mendez, A. - On Shelf,Book::North Sacramento-Hagginwood Children's Area: SPANISH CHILDREN FICTION Mendez, A. - On Shelf"
https://catalog.saclibrary.org/GroupedWork/4c6eb5c1-e1f7-1943-4a73-48476afcaf80-spa,"Reino de ladrones","Bardugo, Leigh",9788416387595,,"Editorial Hidra; BookaVivo","2017 - 2024","[Madrid, España]",eAudiobook;Book,
https://catalog.saclibrary.org/GroupedWork/ff0b8cd6-9616-b714-b97a-144800d9e1d0-spa,"La maldición del titán","Riordan, Rick",9788498382921,,"Penguin Random House Audio; Salamandra","2009 - 2021",Barcelona,eAudiobook;Book,
https://catalog.saclibrary.org/GroupedWork/c19cf3d9-bf85-c4b4-9553-3448edeba78b-spa,"El mar de los monstruos","Riordan, Rick",9788418173202,,"Salamandra Bolsillo; Penguin Random House Audio; Salamandra","2014 - 2021","Barcelona; [Barcelona]",eAudiobook;Book,
https://catalog.saclibrary.org/GroupedWork/a79d0523-3bf0-a647-b0b1-8eaad8a1bc33-spa,"Isadora Moon juega a ser doctora","Muncaster, Harriet",9786073862141,,Alfaguara,2026,"[Madrid, Spain]",Book,"Book::Carmichael Children's Area: SPANISH MOVING UP Muncaster, H. - On Shelf,Book::Colonial Heights Children's Area: SPANISH MOVING UP Muncaster, H. - On Shelf,Book::North Sacramento-Hagginwood Children's Area: SPANISH MOVING UP Muncaster, H. - On Shelf"
https://catalog.saclibrary.org/GroupedWork/16fba29b-aefb-0854-b910-3e8dc3fcab59-spa,"Harold y el lápiz color morado","Johnson, Crockett, 1906-1975",9781404691667,,"Harper Arco Iris",1995,"[New York]","Picture Book","Picture Book::Central Kids Place - Lower Level: SPANISH PICTURE BOOK Johnson, C. - On Shelf"
https://catalog.saclibrary.org/GroupedWork/d74b2a35-fa23-1b8b-2d29-3c6031791790-spa,"Pokémon: La batalla final de Ash : ¡el último combate del entrenador!",,9788410050310,,"Montena, Penguin Random House Grupo Editorial",2024,Barcelona,Book,"Book::Colonial Heights Children's Area: SPANISH MOVING UP Pokemon - On Shelf,Book::Elk Grove Kids' Place: SPANISH MOVING UP Pokemon - On Shelf,Book::Pocket-Greenhaven Kids' Place: SPANISH MOVING UP Pokemon - On Shelf"
https://catalog.saclibrary.org/GroupedWork/4149d246-62a3-9a0e-6bb6-cf46d1837368-spa,"El ladrón del rayo","Riordan, Rick",9788415470304,,"SALAMANDRA INFANTIL Y JUVENIL; Penguin Random House Audio; Salamandra; Ediciones Salamandra","2011 - 2024","Miami, FL; Barcelona",eAudiobook;Book;eBook,"Book::Arcade Children's Area: SPANISH CHILDREN FICTION Riordan, R. - In Transit,Book::Central Kids Place - Lower Level: SPANISH CHILDREN FICTION Riordan, R. - On Shelf,Book::Colonial Heights Children's Area: SPANISH CHILDREN FICTION Riordan, R. - On Shelf"
https://catalog.saclibrary.org/GroupedWork/8b756aee-88a7-f319-d932-b6d39947ffb9-spa,"Oreimo: 2 : mi hermana no puede ser asi de linda","Fushimi, Tsukasa",7503018245607,,"Editorial Kamite S.A",2016,Mexico,"Graphic Novel/Manga","Graphic Novel/Manga::Carmichael Teen Area: SPANISH TEEN MANGA Oreimo: Mi v.2 - On Shelf,Graphic Novel/Manga::Belle Cooledge Teen Area: SPANISH TEEN MANGA Oreimo: Mi v.2 - On Shelf,Graphic Novel/Manga::Franklin Teen: SPANISH TEEN MANGA Oreimo: Mi v.2 - On Shelf"
https://catalog.saclibrary.org/GroupedWork/99d1a72d-c1f0-ce57-2e8c-0a53e1c28955-spa,"El bosque de los troles","Holmvall, John, 1975-",9788416817153,,"Thule Ediciones, SL",2017,Barcelona,"Graphic Novel/Manga","Graphic Novel/Manga::Colonial Heights Children's Area: SPANISH CHILDREN GRAPHIC NOVEL Holmvall, J. - On Shelf,Graphic Novel/Manga::Courtland Children's Area: SPANISH CHILDREN GRAPHIC NOVEL Holmvall, J. - On Shelf,Graphic Novel/Manga::Southgate Children's Area: SPANISH CHILDREN GRAPHIC NOVEL Holmvall, J. - On Shelf"
https://catalog.saclibrary.org/GroupedWork/2ad3dd5e-d718-396a-cab7-a05b63831367-spa,"Oreimo: 1 : mi hermana no puede ser asi de linda","Fushimi, Tsukasa",7503018245508,,"Editorial Kamite S.A",2016,Mexico,"Graphic Novel/Manga","Graphic Novel/Manga::Arcade Teen Area: SPANISH TEEN MANGA Oreimo: Mi v.1 - On Shelf,Graphic Novel/Manga::Galt Teen Area: SPANISH TEEN MANGA Oreimo: Mi v.1 - On Shelf,Graphic Novel/Manga::South Natomas Teen Area: SPANISH TEEN MANGA Oreimo: Mi v.1 - On Shelf"
https://catalog.saclibrary.org/GroupedWork/bc0cd161-38da-c4c1-8a12-ec09c4e6e423-spa,"Tyra, el hada diseñadora","Meadows, Daisy",9780545723602,,"Scholastic Inc",2015,"New York, NY",Book,"Book::Fair Oaks Children's Area: SPANISH MOVING UP Meadows, D. - On Shelf,Book::Franklin Children's: SPANISH MOVING UP Meadows, D. - On Shelf,Book::Galt Children's Area: SPANISH MOVING UP Meadows, D. - On Shelf"
https://catalog.saclibrary.org/GroupedWork/8740f132-661e-fa59-4c4b-df3f7790d9d4-spa,"Mundo umbrío: Las dos muertes","Sandoval, Jaime Alfonso, 1972-",9786073183604,,Montena,2023,"Ciudad de México",Book,"Book::North Natomas: SPANISH TEEN FICTION Sandoval, J. - On Shelf,Book::Rancho Cordova: SPANISH TEEN FICTION Sandoval, J. - On Shelf,Book::Southgate Teen Area: SPANISH TEEN FICTION Sandoval, J. - On Shelf"
https://catalog.saclibrary.org/GroupedWork/20c7b8ae-7bd0-1647-0467-02f3faf3a570-spa,"Oreimo: 3 : mi hermana no puede ser asi de linda","Fushimi, Tsukasa",7503018245737,,"Editorial Kamite S.A",2016,Mexico,"Graphic Novel/Manga","Graphic Novel/Manga::Arcade Teen Area: SPANISH TEEN MANGA Oreimo: Mi v.3 - On Shelf,Graphic Novel/Manga::Belle Cooledge Teen Area: SPANISH TEEN MANGA Oreimo: Mi v.3 - On Shelf,Graphic Novel/Manga::McClatchy Teen Area: SPANISH TEEN MANGA Oreimo: Mi v.3 - On Shelf"
https://catalog.saclibrary.org/GroupedWork/124bd960-7c7c-fc42-c288-01e9eebb0ef4-spa,Zhara,"Jae-Jones, S",9788419252555,,Puck,2024,Argentina,Book,"Book::Central Teen Area - 3rd Floor: SPANISH TEEN FICTION Jae-Jones, S. - On Shelf,Book::North Natomas: SPANISH TEEN FICTION Jae-Jones, S. - On Shelf,Book::Rancho Cordova: SPANISH TEEN FICTION Jae-Jones, S. - On Shelf"
https://catalog.saclibrary.org/GroupedWork/afdf022f-ed33-cc00-c43e-014ad1e5bcee-spa,"Mía fantasía: ¡Rescatemos a Vinilo!","Roca, Elisenda, 1963-",9788491019114,,Combel,2022,Barcelona,Book,"Book::Colonial Heights Children's Area: SPANISH MOVING UP Roca, E. - On Shelf,Book::Walnut Grove Children's Area: SPANISH MOVING UP Roca, E. - On Shelf,Book::Sacramento Public Library Storage: SPANISH MOVING UP Roca, E. - On Shelf"
https://catalog.saclibrary.org/GroupedWork/b0835e1c-a4cb-a755-68cb-125e59d09970-spa,"El Unicornio de las letras: una libélula sin volar y un invento genial","Oro, Begoña",9788448868963,,Beascoa,2024,Barcelona,"Easy Reader","Easy Reader::Colonial Heights Children's Area: SPANISH EASY READER 1 Oro, B. - On Shelf"
https://catalog.saclibrary.org/GroupedWork/4b1e7c3b-a968-d9d7-8ad0-923fbe48ea3b-spa,Eldest,"Paolini, Christopher",9788419498557,,"Roca Editorial de Libros; FonoLibro Inc.; ROCA EDITORIAL; Penguin Random House Grupo Editorial; Fonolibro; Roca Editorial","2005 - 2023","Miami, FL; Barcelona",eBook;eAudiobook;Book,
https://catalog.saclibrary.org/GroupedWork/8943f06e-40a0-2fcf-6398-5998fa0dc434-spa,"¡Un Cole Lleno de Magia!!","Quirón, Aurora",9788410269194,,"B de Blok",2025,"Barcelona, Spain",Book,"Book::Carmichael Children's Area: SPANISH MOVING UP Quiron, A. - On Shelf,Book::Fair Oaks Children's Area: SPANISH MOVING UP Quiron, A. - On Shelf,Book::McKinley Children's Area: SPANISH MOVING UP Quiron, A. - Checked Out"
https://catalog.saclibrary.org/GroupedWork/6df04095-9724-5066-7ebc-897a17ddff9b-spa,"Alas de sangre =: Fourth wing","Yarros, Rebecca",9786073901802,,"Editorial Planeta México",2023,"Ciudad de México",Book,"Book::Colonial Heights: SPANISH FICTION Yarros, R. - On Shelf,Book::Colusa Main Branch Teen Collection: SP YA Fic - On Shelf,Book::Sacramento Public Library Storage: SPANISH FICTION Yarros, R. - On Shelf"
https://catalog.saclibrary.org/GroupedWork/7485b258-5f6a-b1f5-72c6-6aefc69bc10e-spa,"¡Pociones a montones!","Quirón, Aurora",9788410269149,,"B de Blok",2025,"Barcelona, Spain",Book,"Book::Belle Cooledge Children's Area: SPANISH MOVING UP Quiron, A. - On Shelf,Book::Del Paso Heights Children's Area: SPANISH MOVING UP Quiron, A. - On Shelf,Book::Elk Grove Kids' Place: SPANISH MOVING UP Quiron, A. - On Shelf"
https://catalog.saclibrary.org/GroupedWork/34711348-b49a-4d9f-8477-f0326d19d1ab-spa,"Oreimo: 4 : mi hermana no puede ser asi de linda","Fushimi, Tsukasa",7503018246383,,"Editorial Kamite S.A",2016,Mexico,"Graphic Novel/Manga","Graphic Novel/Manga::Arcade Teen Area: SPANISH TEEN MANGA Oreimo: Mi v.4 - On Shelf,Graphic Novel/Manga::Fair Oaks Teen Area: SPANISH TEEN MANGA Oreimo: Mi v.4 - On Shelf,Graphic Novel/Manga::South Natomas Teen Area: SPANISH TEEN MANGA Oreimo: Mi v.4 - On Shelf"
https://catalog.saclibrary.org/GroupedWork/218f2687-44ce-6725-57ca-31b47ed0506c-spa,"Cardcaptor Sakura: Clear card. 1","CLAMP (Mangaka group)",7500588020115,,"Editorial Kamite",2022,Mexico,"Graphic Novel/Manga","Graphic Novel/Manga::Belle Cooledge Teen Area: SPANISH TEEN MANGA Cardcaptor Sakura v.1 - On Shelf,Graphic Novel/Manga::Rancho Cordova: SPANISH TEEN MANGA Cardcaptor Sakura v.1 - On Shelf,Graphic Novel/Manga::Southgate Teen Area: SPANISH TEEN MANGA Cardcaptor Sakura v.1 - On Shelf"
https://catalog.saclibrary.org/GroupedWork/b12bc970-c4c2-9bf4-6e30-2fa6cb210053-spa,"Los lobos del hielo","Kaufman, Amie",9788417222130,,HarperKids,2018,Madrid,Book,"Book::Central Kids Place - Lower Level: SPANISH CHILDREN FICTION Kaufman, A. - On Shelf,Book::Sacramento Public Library Storage: SPANISH CHILDREN FICTION Kaufman, A. - On Shelf"
https://catalog.saclibrary.org/GroupedWork/deee7ea6-2b9b-8110-a0ca-35ee6504ea5e-spa,Powerful,"Roberts, Lauren, 2002-",9786073848824,,"ALFAGUARA IJC; Penguin Random House Audio; Alfaguara",2024,"Ciudad de México",eAudiobook;eBook;Book,"Book::Central Teen Area - 3rd Floor: SPANISH TEEN FICTION Roberts, L. - On Shelf,Book::Belle Cooledge Teen Area: SPANISH TEEN FICTION Roberts, L. - On Shelf,Book::Fair Oaks Teen Area: SPANISH TEEN FICTION Roberts, L. - On Shelf"
https://catalog.saclibrary.org/GroupedWork/a503d03f-1ecb-2b16-b47e-d74b609bb2de-spa,"La escuela del bien y del mal","Chainani, Soman",9788492918430,,Puck,"2019 - 2022",Argentina,Book,
https://catalog.saclibrary.org/GroupedWork/002553d7-0c91-37a1-514a-870978e394da-spa,"El bosque de corazones","Kuzniar, M. A",9788410239678,,Puck,2025,Argentina,Book,"Book::Central Teen Area - 3rd Floor: SPANISH TEEN FICTION Kuzniar, M. - On Shelf,Book::Elk Grove Teen Area: SPANISH TEEN FICTION Kuzniar, M. - On Shelf,Book::Fair Oaks Teen Area: SPANISH TEEN FICTION Kuzniar, M. - On Shelf"
https://catalog.saclibrary.org/GroupedWork/7268cc6c-50b2-c690-3975-7da17239c465-spa,"El trono del prisionero","Black, Holly",9788419252739,,Puck,2024,Madrid,Book,"Book::Central Teen Area - 3rd Floor: SPANISH TEEN FICTION Black, H. - On Shelf,Book::Colonial Heights: SPANISH TEEN FICTION Black, H. - On Shelf,Book::North Natomas: SPANISH TEEN FICTION Black, H. - On Shelf"
https://catalog.saclibrary.org/GroupedWork/9c32017d-911f-667a-83c5-4a618a17b122-spa,"Harry Potter y el prisionero de Azkaban: [illustrated edition]","Rowling, J. K",9788498388275,,Salamandra,2017,Barcelona,Book,"Book::Fair Oaks Children's Area: SPANISH CHILDREN FICTION Rowling, J. - On Shelf,Book::Sacramento Public Library Storage: SPANISH CHILDREN FICTION Rowling, J. - On Shelf"
https://catalog.saclibrary.org/GroupedWork/657170c4-f3d5-e3e1-855c-74b429b56e5d-spa,"Jennifer, el hada estilista","Meadows, Daisy",9780545723572,,"Scholastic Inc",2015,"New York, NY",Book,"Book::Arcade Children's Area: SPANISH MOVING UP Meadows, D. - On Shelf,Book::Central Kids Place - Lower Level: SPANISH MOVING UP Meadows, D. - On Shelf,Book::Courtland Children's Area: SPANISH MOVING UP Meadows, D. - On Shelf"
https://catalog.saclibrary.org/GroupedWork/d5dd47ba-d2db-0faa-d50e-493204365b1a-spa,"Thorn season","Azar, Kiera",9786073936187,,"Planeta Mexicana; Editorial Planeta Mexicana",2025,"Ciudad de México",Book,"Book::Central Teen Area - 3rd Floor: SPANISH TEEN FICTION Azar, K. - On Shelf,Book::Elk Grove Teen Area: ON ORDER - On Order,Book::Galt Teen Area: SPANISH TEEN FICTION Azar, K. - On Shelf"
https://catalog.saclibrary.org/GroupedWork/c3e61d4f-dfdf-7e01-fb24-e764da1b3955-spa,"Unicornio (y caballo)","Miles, David (David W.)",9788491452362,,Picarona,2019,Barcelona,"Picture Book","Picture Book::Central Kids Place - Lower Level: SPANISH PICTURE BOOK Miles, D. - On Shelf,Picture Book::Colonial Heights Children's Area: SPANISH PICTURE BOOK Miles, D. - Checked Out,Picture Book::Arbuckle Branch Library Children's Collection: SP E - On Shelf"
https://catalog.saclibrary.org/GroupedWork/53a386cf-1b83-29d8-2a21-9564f3a98443-spa,"El camino perdido","Fléchais, Amélie",9788416435463,,"Kraken Ediciones",2019,Madrid,"Graphic Novel/Manga","Graphic Novel/Manga::Arcade Children's Area: SPANISH CHILDREN GRAPHIC NOVEL Flechais, A. - On Shelf,Graphic Novel/Manga::Central Kids Place - Lower Level: SPANISH CHILDREN GRAPHIC NOVEL Flechais, A. - On Shelf,Graphic Novel/Manga::Franklin Children's: SPANISH CHILDREN GRAPHIC NOVEL Flechais, A. - On Shelf"
https://catalog.saclibrary.org/GroupedWork/9f9106cd-30a0-6ab0-4f5c-b89a56056b8a-spa,"Iris y la sirenita","Elliott, Rebecca",9781339043678,,"Scholastic Inc",2024,"New York, NY",Book,"Book::Carmichael Children's Area: SPANISH MOVING UP Elliott, R. - On Shelf,Book::Belle Cooledge Children's Area: SPANISH MOVING UP Elliott, R. - On Shelf,Book::Del Paso Heights Children's Area: SPANISH MOVING UP Elliott, R. - On Shelf"
https://catalog.saclibrary.org/GroupedWork/f7c0a3b8-1ea3-5b69-1e8c-936fca98d20a-spa,"Hush, hush","Fitzpatrick, Becca",9788466644174,,"B de Blok, Penguin Random House Grupo Editorial; Ediciones B","2010 - 2023",Barcelona,Book,"Book::Arcade Teen Area: SPANISH TEEN FICTION Fitzpatrick, B. - On Shelf,Book::Central Teen Area - 3rd Floor: SPANISH TEEN FICTION Fitzpatrick, B. - On Shelf,Book::Courtland Teen Area: SPANISH TEEN FICTION Fitzpatrick, B. - On Shelf"
https://catalog.saclibrary.org/GroupedWork/1a89f807-a784-9597-7fca-2c4424f42469-spa,"Miranda, el hada de la belleza","Meadows, Daisy",9780545723619,,"Scholastic Inc",2015,"New York, NY",Book,"Book::Elk Grove Kids' Place: SPANISH MOVING UP Meadows, D. - On Shelf,Book::Franklin Children's: SPANISH MOVING UP Meadows, D. - On Shelf,Book::North Natomas Children's Area: SPANISH MOVING UP Meadows, D. - On Shelf"
https://catalog.saclibrary.org/GroupedWork/0ef5b2db-b08e-b51d-7855-3b82c99ca0e1-spa,"Harry Potter y la piedra filosofal","Rowling, J. K",9788418174070,,"Salamandra; Emece Editores; Pottermore Publishing","1999 - 2025",Barcelona,eAudiobook;eBook;Book,"Book::Central Kids Place - Lower Level: SPANISH CHILDREN FICTION Rowling, J. - On Shelf,Book::Courtland Children's Area: SPANISH CHILDREN FICTION Rowling, J. - On Shelf,Book::Rancho Children's Area: SPANISH CHILDREN FICTION Rowling, J. - OFF CAMPUS"
https://catalog.saclibrary.org/GroupedWork/7562c7e4-5609-0177-23a8-a82223df43d9-spa,"Harry Potter y el prisionero of Azkaban","Rowling, J. K",9788418174117,,"Salamandra, Penguin Random House Grupo Editorial",2020,Barcelona,Book,"Book::Colonial Heights Children's Area: SPANISH CHILDREN FICTION Rowling, J. - On Shelf"
https://catalog.saclibrary.org/GroupedWork/b924c327-347f-88af-da13-2d250834ad1d-spa,"El origen de todas las cosas","Valenti, Karla",9798890981462,,"Vintage Español",2025,"Miami, FL",Book,"Book::Colonial Heights Children's Area: SPANISH MOVING UP Valenti, K. - On Shelf,Book::Pocket-Greenhaven Kids' Place: SPANISH MOVING UP Valenti, K. - On Shelf,Book::Southgate Children's Area: SPANISH MOVING UP Valenti, K. - On Shelf"
https://catalog.saclibrary.org/GroupedWork/364979ed-abd9-345f-d014-8adbe820d2b2-spa,"Alas de fuego: La profecía : novela gráfica","Sutherland, Tui, 1978-",9788427223516,,Molino,2024,Barcelona,"Graphic Novel/Manga","Graphic Novel/Manga::Central Kids Place - Lower Level: SPANISH CHILDREN GRAPHIC NOVEL Alas De Fuego v.1 - Checked Out,Graphic Novel/Manga::Colonial Heights Children's Area: SPANISH CHILDREN GRAPHIC NOVEL Alas De Fuego v.1 - On Shelf,Graphic Novel/Manga::Elk Grove Kids' Place: SPANISH CHILDREN GRAPHIC NOVEL Alas De Fuego v.1 - Checked Out"
https://catalog.saclibrary.org/GroupedWork/9e7ad4f2-f17e-72cc-4ea0-1620662dda0f-spa,"Blancanieves y los 77 enanitos","Calì, Davide, 1972-",9788469834923,,Anaya,2017,Madrid,"Picture Book","Picture Book::Rancho Children's Area: SPANISH PICTURE BOOK Cali, D. - On Shelf,Picture Book::Sacramento Public Library Storage: SPANISH PICTURE BOOK Cali, D. - On Shelf"
https://catalog.saclibrary.org/GroupedWork/54bfe43f-38a3-bf2a-7cbe-246a6e86682c-spa,"El leon, la bruja, y el ropero","Lewis, C. S. (Clive Staples), 1898-1963",9780060086619,,"FonoLibro Inc.; HarperCollins","2002 - 2009","New York",eAudiobook;Book,
https://catalog.saclibrary.org/GroupedWork/9609f271-4528-87d6-125c-c08db451092d-spa,"Harry Potter y las reliquias de la muerte","Rowling, J. K",9788498381467,,"Salamandra Bolsillo; distribuido por Lectorum; Ediciones Salamandra; Pottermore Publishing","2008 - 2020",Barcelona,eAudiobook;Book,"Book::Martin Luther King, Jr. Children's Area: SPANISH CHILDREN FICTION Rowling, J. - On Shelf,Book::Sacramento Public Library Storage: SPANISH CHILDREN FICTION Rowling, J. - On Shelf,Book::Maxwell Branch Library Juvenile Collection: SP J Fic - On Shelf"
https://catalog.saclibrary.org/GroupedWork/59137f42-b410-0552-0e51-d2ffde7cad24-spa,"Alas de fuego: La profecía","Sutherland, Tui, 1978-",9788427208711,,RBA,"2015 - 2020",Barcelona,Book,"Book::Galt Children's Area: SPANISH CHILDREN FICTION Sutherland, T. - On Shelf,Book::Martin Luther King, Jr. Children's Area: SPANISH CHILDREN FICTION Sutherland, T. - On Shelf,Book::Sacramento Public Library Storage: SPANISH CHILDREN FICTION Sutherland, T. - On Shelf"
https://catalog.saclibrary.org/GroupedWork/5268bc5d-8ab6-b69c-1077-5f791c4192ef-spa,"Trenza del mar esmeralda","Sanderson, Brandon",9788418037818,,"NOVA; Penguin Random House Audio",2023,Barcelona,eAudiobook;Book,
https://catalog.saclibrary.org/GroupedWork/9c25a25d-c2b5-c409-658a-b86a40349790-spa,"El corazón del rey: los secretos derrumban imperios","Bernal Lobo, Karine",9786073935074,,Planeta,2025,"Ciudad de México",Book,"Book::Central Teen Area - 3rd Floor: SPANISH TEEN FICTION Bernal Lobo, K. - On Shelf,Book::North Natomas: SPANISH TEEN FICTION Bernal Lobo, K. - On Shelf"
https://catalog.saclibrary.org/GroupedWork/7efd258d-e5a1-1ad0-b52b-7d35cae9f435-spa,"El ratón de biblioteca: I","Kazuki, Miya",9788416788866,,"Kitsune Books",2020,Barcelona,"Graphic Novel/Manga","Graphic Novel/Manga::Colonial Heights: SPANISH TEEN MANGA Raton de v.1 - On Shelf,Graphic Novel/Manga::Galt Teen Area: SPANISH TEEN MANGA Raton de v.1 - On Shelf,Graphic Novel/Manga::McClatchy Teen Area: SPANISH TEEN MANGA Raton de v.1 - On Shelf"
https://catalog.saclibrary.org/GroupedWork/44ebd24d-edbc-1e1c-b228-11a4ba9f271c-spa,"Las heroínas: una historia de amor y justicia","Grey, Melissa",9788419252876,,"Urano World",2024,Madrid,Book,"Book::Central Teen Area - 3rd Floor: SPANISH TEEN FICTION Grey, M. - On Shelf,Book::Belle Cooledge Teen Area: SPANISH TEEN FICTION Grey, M. - On Shelf,Book::North Natomas: SPANISH TEEN FICTION Grey, M. - On Shelf"
https://catalog.saclibrary.org/GroupedWork/785d8de6-72e6-9a47-dd02-288f9e62153d-spa,"La ira de Tláloc","Valenti, Karla",9798890981431,,"Vintage Español",2024,"Miami, FL",Book,"Book::Colonial Heights Children's Area: SPANISH MOVING UP Valenti, K. - On Shelf,Book::Fair Oaks Children's Area: SPANISH MOVING UP Valenti, K. - On Shelf,Book::McKinley Children's Area: SPANISH MOVING UP Valenti, K. - On Shelf"
https://catalog.saclibrary.org/GroupedWork/4a4bda6b-29d7-113a-4613-3a64a8d840f6-spa,"Evermore: el corazón de la serpiente","Holland, Sara",9788417545819,,Puck,2019,[Barcelona],Book,
https://catalog.saclibrary.org/GroupedWork/07dcf94f-0d49-044b-f0c8-8d75a622d456-spa,"Leyendas de la Serpiente Emplumada: 1, El ascenso del rey enano","Bowles, David (David O.)",9780593312698,,"Vintage Español",2021,"Miami, Florida","Graphic Novel/Manga","Graphic Novel/Manga::Arcade Children's Area: SPANISH CHILDREN GRAPHIC 299.784 B787 2021 - On Shelf,Graphic Novel/Manga::Central Kids Place - Lower Level: SPANISH CHILDREN GRAPHIC 299.784 B787 2021 - On Shelf,Graphic Novel/Manga::Colonial Heights Children's Area: SPANISH CHILDREN GRAPHIC 299.784 B787 2021 - On Shelf"
https://catalog.saclibrary.org/GroupedWork/c8bd4821-feea-2ae6-5e93-6ed6a5ef0be1-spa,"Minecraft: 3, El portal en ruinas","Monster, Sfé R",9788419802576,,"HarperCollins Ibérica",2024,Madrid,"Graphic Novel/Manga","Graphic Novel/Manga::Arcade Children's Area: SPANISH CHILDREN GRAPHIC NOVEL Minecraft v.3 - On Shelf,Graphic Novel/Manga::Carmichael Children's Area: SPANISH CHILDREN GRAPHIC NOVEL Minecraft v.3 - Checked Out,Graphic Novel/Manga::Del Paso Heights Children's Area: SPANISH CHILDREN GRAPHIC NOVEL Minecraft v.3 - On Shelf"
https://catalog.saclibrary.org/GroupedWork/a04a8121-4e9a-b500-2896-f38278741c46-spa,"Erase una vez y otras mentiras","Weir, Andy",9786073189118,,Montena,2020,"Cuidad de Mexico","Graphic Novel/Manga","Graphic Novel/Manga::Arcade Children's Area: SPANISH CHILDREN GRAPHIC NOVEL Weir, A. - On Shelf,Graphic Novel/Manga::Carmichael Children's Area: SPANISH CHILDREN GRAPHIC NOVEL Weir, A. - On Shelf,Graphic Novel/Manga::Colonial Heights Children's Area: SPANISH CHILDREN GRAPHIC NOVEL Weir, A. - On Shelf"
https://catalog.saclibrary.org/GroupedWork/e9b76f3a-a7b2-d459-d7c4-67f692fd4a82-spa,"La pirámide roja: novela gráfica","Riordan, Rick",9788417460617,,Montena,2019,Barcelona,"Graphic Novel/Manga","Graphic Novel/Manga::Colonial Heights Children's Area: SPANISH CHILDREN GRAPHIC NOVEL Riordan, R. - On Shelf,Graphic Novel/Manga::North Sacramento-Hagginwood Children's Area: SPANISH CHILDREN GRAPHIC NOVEL Riordan, R. - On Shelf,Graphic Novel/Manga::Walnut Grove Children's Area: SPANISH CHILDREN GRAPHIC NOVEL Riordan, R. - On Shelf"
https://catalog.saclibrary.org/GroupedWork/8c4fe8ef-bb83-b526-f532-a6f474f7ad00-spa,"Los bravos","Lacera, Megan",9780892394821,,"Children's Book Press, An Imprint of Lee & Low Books, Inc",2024,"New York","Graphic Novel/Manga","Graphic Novel/Manga::Central Kids Place - Lower Level: SPANISH CHILDREN GRAPHIC NOVEL Lacera, M. - On Shelf,Graphic Novel/Manga::Colonial Heights Children's Area: SPANISH CHILDREN GRAPHIC NOVEL Lacera, M. - On Shelf,Graphic Novel/Manga::Belle Cooledge Children's Area: SPANISH CHILDREN GRAPHIC NOVEL Lacera, M. - On Shelf"
https://catalog.saclibrary.org/GroupedWork/28e796eb-2c53-cd7d-45c6-9d571e1b120e-spa,"Una arruga en el tiempo: novela gráfica","Larson, Hope",9788417247027,,"Random Comics",2018,Barcelona,"Graphic Novel/Manga","Graphic Novel/Manga::Colonial Heights Children's Area: SPANISH CHILDREN GRAPHIC NOVEL L'Engle, M. - On Shelf,Graphic Novel/Manga::Sacramento Public Library Storage: SPANISH CHILDREN GRAPHIC NOVEL L'Engle, M. - On Shelf"
https://catalog.saclibrary.org/GroupedWork/6fbcad0d-b492-4ccb-380a-e2ce0547a541-spa,"Malvarina: Una ayudante sospechosa","Isern, Susanna",9788419401373,,Flamboyant,2023,Barcelona,Book,"Book::Central Kids Place - Lower Level: SPANISH MOVING UP Isern, S. - In Processing,Book::Sacramento Public Library Children: SPANISH MOVING UP Isern, S. - In Processing"
https://catalog.saclibrary.org/GroupedWork/17c86a63-90b9-b1d4-d0bb-eff37cdb326e-spa,"Ada Goth y el Festival de Mortilunio","Riddell, Chris",9788426387905,,Edelvives,2014,"[Zaragoza, España]",Book,
https://catalog.saclibrary.org/GroupedWork/2afede4f-d4a7-5aa9-18f4-5a33220fc059-spa,"Felice y La Llorona","López, Diana",9781644738047,,"VINTAGE ESPAÑOL INFANTIL JUVENIL; Vintage Español",2023,"New York",eBook;Book,
https://catalog.saclibrary.org/GroupedWork/79e91fc8-ebfe-4f4d-30ad-9a108fd3c246-spa,"El Museo Prehistórico","Gomdori Co",9786073825351,,Montena,2023,"Ciudad de México","Graphic Novel/Manga","Graphic Novel/Manga::Colonial Heights Children's Area: SPANISH CHILDREN GRAPHIC NOVEL Gomdori Co. v.1 - On Shelf,Graphic Novel/Manga::North Sacramento-Hagginwood Children's Area: SPANISH CHILDREN GRAPHIC NOVEL Gomdori Co. v.1 - On Shelf,Graphic Novel/Manga::Rancho Children's Area: SPANISH CHILDREN GRAPHIC NOVEL Gomdori Co. v.1 - On Shelf"
https://catalog.saclibrary.org/GroupedWork/4ca97623-67ff-4ca5-0904-6cb8c71f0d55-spa,"El caballo y el muchacho","Lewis, C. S. (Clive Staples), 1898-1963",9780060884253,,"Rayo; HarperCollins","2005 - 2012","New York, N.Y",eBook;Book,
https://catalog.saclibrary.org/GroupedWork/da2e90bc-086b-e307-5b88-f7acacddf6d1-spa,"La puerta del bosque","Albert, Melissa",9788427212527,,"MOLINO; RBA MOLINO",2018,Barcelona,eBook;Book,
https://catalog.saclibrary.org/GroupedWork/bf760d62-f6b7-5180-72b2-df0606e9eb3a-spa,"Alicia en el país de las maravillas","Carroll, Lewis, 1832-1898",9789585594692,,"Enlace Editorial",2020,Colombia,"Graphic Novel/Manga","Graphic Novel/Manga::Colonial Heights Children's Area: SPANISH CHILDREN GRAPHIC NOVEL Carroll, L. - On Shelf,Graphic Novel/Manga::Belle Cooledge Children's Area: SPANISH CHILDREN GRAPHIC NOVEL Carroll, L. - On Shelf,Graphic Novel/Manga::Elk Grove Kids' Place: SPANISH CHILDREN GRAPHIC NOVEL Carroll, L. - On Shelf"
https://catalog.saclibrary.org/GroupedWork/d85c6ee0-5700-66a6-5e1c-e944ca5f1eb5-spa,"El dragón de oro","Copons, Jaume, 1966-",9788491016625,,Combel,2022,Barcelona,"Graphic Novel/Manga","Graphic Novel/Manga::Colonial Heights Children's Area: SPANISH CHILDREN GRAPHIC NOVEL Bitmax & Co v.3 - On Shelf,Graphic Novel/Manga::Isleton Children's Area: SPANISH CHILDREN GRAPHIC NOVEL Bitmax & Co v.3 - On Shelf,Graphic Novel/Manga::South Natomas Children's Area: SPANISH CHILDREN GRAPHIC NOVEL Bitmax & Co v.3 - On Shelf"
https://catalog.saclibrary.org/GroupedWork/51a949c0-4f22-00d8-ae1b-ed0f7087bd15-spa,"Donde viven los monstruos","Sendak, Maurice",9788484648581,,"Alfaguara Infantil; HarperTrophy; Scholastic; Kalandraka","1996 - 2015","Madrid; [New York, N.Y.]; Pontevedra","Picture Book;Book",
https://catalog.saclibrary.org/GroupedWork/def5b781-57a4-56f5-d252-5a215e783f56-spa,"Celeste, el hada azul","Meadows, Daisy",9780545274159,,Scholastic,2011,"New York",Book,
https://catalog.saclibrary.org/GroupedWork/7f5a6b8e-476e-8ec0-128b-dd271dd640d8-spa,"La serpiente emplumada","Alonso, Alejandro",9786070934377,,"Editorial Porrúa",2020,México,Book,
https://catalog.saclibrary.org/GroupedWork/d1b76d26-ae79-e549-3777-522da8e85c50-spa,"La tierra de las historias: El regreso de la Hechicera","Colfer, Chris, 1990-",9789877472097,,VRYA,"2015 - 2017","Buenos Aires",eBook;Book,
https://catalog.saclibrary.org/GroupedWork/e867d054-ae04-1777-31c0-b540db8731f1-spa,"Meesh: una mala demonia","Lam, Michelle",9786073900829,,Destino,2023,"Ciudad de México","Graphic Novel/Manga","Graphic Novel/Manga::Carmichael Children's Area: SPANISH CHILDREN GRAPHIC NOVEL Meesh v.1 - On Shelf,Graphic Novel/Manga::Franklin Children's: SPANISH CHILDREN GRAPHIC NOVEL Meesh v.1 - On Shelf,Graphic Novel/Manga::Isleton Children's Area: SPANISH CHILDREN GRAPHIC NOVEL Meesh v.1 - On Shelf"
https://catalog.saclibrary.org/GroupedWork/5888fb9a-38ac-e471-47e8-39749e8fe649-spa,"Alas de fuego: La heredera perdida : novela gráfica","Sutherland, Tui, 1978-",9788427223523,,Molino,2022,Barcelona,"Graphic Novel/Manga","Graphic Novel/Manga::Carmichael Children's Area: SPANISH CHILDREN GRAPHIC NOVEL Alas De Fuego v.2 - On Shelf,Graphic Novel/Manga::Central Kids Place - Lower Level: SPANISH CHILDREN GRAPHIC NOVEL Alas De Fuego v.2 - Checked Out,Graphic Novel/Manga::Colonial Heights Children's Area: SPANISH CHILDREN GRAPHIC NOVEL Alas De Fuego v.2 - On Shelf"
https://catalog.saclibrary.org/GroupedWork/70a42559-cfed-92ae-97ff-693de815b204-spa,"El trono de fuego: novela gráfica","Riordan, Rick",9788417460891,,"Montena/Penguin Random House Grupo Editorial",2019,Barcelona,"Graphic Novel/Manga","Graphic Novel/Manga::Colonial Heights Children's Area: SPANISH CHILDREN GRAPHIC NOVEL Riordan, R. - On Shelf,Graphic Novel/Manga::Fair Oaks Children's Area: SPANISH CHILDREN GRAPHIC NOVEL Riordan, R. - On Shelf,Graphic Novel/Manga::McKinley Children's Area: SPANISH CHILDREN GRAPHIC NOVEL Riordan, R. - On Shelf"
https://catalog.saclibrary.org/GroupedWork/fe58bfce-05eb-bbee-295b-4af35147a1b4-spa,"La ultima batalla","Lewis, C. S. (Clive Staples), 1898-1963",9789561316751,,"Editorial Andres Bello",1997,"Barcelona; Santiago de Chile",Book,
https://catalog.saclibrary.org/GroupedWork/e216312f-ba15-b4dc-3f33-c09c7d655770-spa,"Cronicas de Hiraia : Destino prohibido","Zamora, Alba, 2001-",9788427238473,,Molino,2023,Barcelona,Book,
https://catalog.saclibrary.org/GroupedWork/6ccaacbd-b32e-1a43-de3c-e744afcc3a8a-spa,"Los dioses del norte: La leyenda del bosque","Santamaría, Jara, 1990-",9788417424343,,"B de Blok",2019,"Barcelona, Spain",Book,
https://catalog.saclibrary.org/GroupedWork/fe7f1784-99a1-5bba-0c30-726ee7788a47-spa,"El ciclo del Eterno Emperador","Gallego García, Laura, 1977-",9781644734643,,Montena,2021,Barcelona,Book,
https://catalog.saclibrary.org/GroupedWork/e35408b9-505c-0df0-b4da-6000001637d9-spa,"Stealing snow","Paige, Danielle (Novelist)",9788416700684,,Rocaeditorial,2017,Barcelona,Book,
https://catalog.saclibrary.org/GroupedWork/00947870-f7f3-50fe-1ec5-d9b354534e33-spa,"James y el melocotón gigante","Dahl, Roald",9788420435244,,Santillana,1996,"Miami, FL",Book,
https://catalog.saclibrary.org/GroupedWork/2df1e888-2822-129d-97d5-4a98112b319a-spa,"Elena, Pipa y el dragón","Barceló Chico, Isabel",9788418552908,,"Editorial Sargantana",2023,España,Book,
https://catalog.saclibrary.org/GroupedWork/7324ed18-1fd0-8c53-b7e6-0226edf228c4-spa,"Horton escucha a Quién!","Seuss, Dr",9781984848277,,"Lectorum Publications; Random House","2003 - 2019","New York","Picture Book;Book","Picture Book::Carmichael Children's Area: SPANISH PICTURE BOOK Seuss, D. - Checked Out"
https://catalog.saclibrary.org/GroupedWork/bcc83587-6686-e942-4651-0f952009f797-spa,"Bitmax & Co: La fiesta de Areta. 6","Copons, Jaume, 1966-",9788491018063,,Combel,2022,Barcelona,"Graphic Novel/Manga","Graphic Novel/Manga::Central Kids Place - Lower Level: SPANISH CHILDREN GRAPHIC NOVEL Bitmax & Co v.6 - On Shelf,Graphic Novel/Manga::Colonial Heights Children's Area: SPANISH CHILDREN GRAPHIC NOVEL Bitmax & Co v.6 - On Shelf,Graphic Novel/Manga::Belle Cooledge Children's Area: SPANISH CHILDREN GRAPHIC NOVEL Bitmax & Co v.6 - On Shelf"
https://catalog.saclibrary.org/GroupedWork/1938d4b3-9207-982d-1f41-6746092dfed3-spa,"El anteojo asombroso","DiTerlizzi, Tony",9788466612807,,"Ediciones B",2008,Barcelona,Book,
https://catalog.saclibrary.org/GroupedWork/dc8e813e-8f70-2de2-ba90-f9be29f1f502-spa,"La frase de la muerte","Dahl, Michael",9781669080794,,"Capstone; Stone Arch Books","2024 - 2025","North Mankato, Minnesota",eBook;Book,
https://catalog.saclibrary.org/GroupedWork/eca18024-ef26-633b-0011-ab90bb015701-spa,"Feather girl: la chica que tenía pájaros en la cabeza","Hurley, Tonya",9788420486376,,Alfaguara,2021,Barcelona,Book,
https://catalog.saclibrary.org/GroupedWork/ca522ddb-fa84-60bc-ecdd-7412e5e1e068-spa,"18 historias de princesas y de hadas",,9788496939042,,"Libros del Atril; Pirueta",2009,Barcelona,Book,
https://catalog.saclibrary.org/GroupedWork/3236b54c-44c8-3934-2a01-77eb4d201fa3-spa,"Vicnix: transformados en animales","Invictor (YouTuber)",9786073828604,,Altea,2023,"Ciudad de México",Book,
https://catalog.saclibrary.org/GroupedWork/605e166e-e35f-1f1f-7ac9-0c40fce6020a-spa,Lore,"Bracken, Alexandra",9788417854294,,Puck,2021,"Buenos Aires",Book,
https://catalog.saclibrary.org/GroupedWork/9aedd6f8-4434-a8b0-a0c1-01300d398572-spa,"La verdadera historia de Peter Pan","Ronda, Magela",9788448852450,,Lumen,2019,"Barcelona, Spain",Book,
https://catalog.saclibrary.org/GroupedWork/800aca88-20f3-7980-7df9-9332d8ee72cd-spa,"Un cuento de magia","Colfer, Chris, 1990-",9786078712274,,"VR Editoras",2020,México,Book,
https://catalog.saclibrary.org/GroupedWork/b6ef1f5c-0d48-66a4-778c-8f93ee704fb0-spa,"Créele a tus ojos","Doerrfeld, Cori",9781541579354,,"Graphic Universe",2020,Minneapolis,Book,
https://catalog.saclibrary.org/GroupedWork/1c5e4b0c-92a7-0513-9609-7eb8217077a7-spa,"Animales fantásticos y dónde encontrarlos","Scamander, Newt",9788498388237,,Salamandra,2017,Barcelona,Book,
https://catalog.saclibrary.org/GroupedWork/a1723feb-91f6-307d-df79-80779de18ac2-spa,"La nina halcon","Elliott, Joseph",9786075572185,,"Gran Travesia",2020,"Cuidad de Mexico",Book,
https://catalog.saclibrary.org/GroupedWork/09e93a79-c254-e4ea-153e-f1547a56029f-spa,"El maravilloso mago de Oz","Baum, L. Frank (Lyman Frank), 1856-1919",9789583066511,,"Panamericana Editorial; Combel; Laberinto","2021 - 2024","Columbia; Barcelona",eBook;Book,
https://catalog.saclibrary.org/GroupedWork/e319162c-751f-a653-e3af-e4cd9bde08e8-spa,Wisteria,"Grace, Adalyn",9788410085312,,Umbriel,2024,Madrid,Book,
https://catalog.saclibrary.org/GroupedWork/fff2bbd8-197d-d648-182c-aedf6a88da39-spa,"Lightfall: Libro dos, La sombra del pájaro","Probert, Tim",9788418774683,,"HarperCollins Ibérica, S.A",2025,Madrid,"Graphic Novel/Manga","Graphic Novel/Manga::South Natomas Children's Area: SPANISH CHILDREN GRAPHIC NOVEL Lightfall v.2 - On Shelf,Graphic Novel/Manga::Orangevale: SPANISH CHILDREN GRAPHIC NOVEL Lightfall v.2 - On Shelf,Graphic Novel/Manga::Rio Linda Children's Area: SPANISH CHILDREN GRAPHIC NOVEL Lightfall v.2 - On Shelf"
https://catalog.saclibrary.org/GroupedWork/c3ae8edb-68a2-1d08-e1b1-622d96ed3cf0-spa,"La princesa Espadachina","Hughes, Hollie",9788491452270,,Picarona,2019,Barcelona,Book,
https://catalog.saclibrary.org/GroupedWork/ba7df885-0ac1-b967-6f26-44741134f478-spa,"Cuentos de brujas a medianoche","Blyton, Enid",9788427236462,,"Molino, Penguin Random House Grupo Editorial",2023,Barcelona,Book,
https://catalog.saclibrary.org/GroupedWork/e6ce13cd-f183-f956-37e5-83ab776547c0-spa,"El libro fantástico","DiTerlizzi, Tony",9788466612791,,"Ediciones B",2003,Barcelona,Book,
https://catalog.saclibrary.org/GroupedWork/04f40e92-b38c-b3ed-e4d5-ceac95023d62-spa,"Unicornia: Una fiesta del revés","Punset, Ana, 1981-",9786073834056,,Montena,2023,Barcelona,Book,
https://catalog.saclibrary.org/GroupedWork/c035feb3-d1dc-d604-801a-288e61045876-spa,"El Hada: reina de los dientes","Joyce, William, 1957-",9788483432594,,"Editorial Bambú",2014,Barcelona,Book,
https://catalog.saclibrary.org/GroupedWork/f103c747-be0b-2a4e-746d-9746569a01f2-spa,"Petalos de papel","Parente, Iria G., 1993-",9786073821124,,Molino,2022,"Cuidad de Mexico",Book,
https://catalog.saclibrary.org/GroupedWork/412ef203-9ec2-adc2-bbc1-920514543b52-spa,"Everless: la hechicera y el alquimista","Holland, Sara",9788496886889,,Puck,2018,Argentina,Book,
https://catalog.saclibrary.org/GroupedWork/4b7f1ddf-e629-aa39-fa85-64af07a3175d-spa,"El rey marcado","Bardugo, Leigh",9788418002229,,"Editorial Hidra",2019,Spain,Book,
https://catalog.saclibrary.org/GroupedWork/54ace592-19b9-726d-e137-6cc6e8e3bcdc-spa,"La casa maldita","Mariño, Ricardo, 1957-",9786070133312,,Loqueleo,2017,"Ciudad de México",Book,
https://catalog.saclibrary.org/GroupedWork/45bd4ddc-0e2f-a355-205b-5d4ef29e3864-spa,"Anna Kadabra: El club de la luna llena","Mañas, Pedro",9786070777936,,"Planeta Junior",2021,"Ciudad de México",Book,
https://catalog.saclibrary.org/GroupedWork/6d7a5d60-687e-329f-152b-633d16ad3c66-spa,"La academia: 1, Ocaso","Llanes, Nerea, 1996-",9786073926492,,Crossbooks,2025,Barcelona,Book,
https://catalog.saclibrary.org/GroupedWork/e7b9e6ed-61c7-9de7-d58d-70a18983e657-spa,"La nación de las bestias: luna de hueso","Palova, Mariana",9786075578002,,"Editorial Océano de México",2023,"Tlalnepantla de Baz [México]",Book,
https://catalog.saclibrary.org/GroupedWork/32011760-fa9b-1a32-ab29-b353be333fae-spa,"Harry Potter y el cáliz de fuego","Rowling, J. K",9781644732106,,"Salamandra Bolsillo; Pottermore Publishing","2015 - 2023",Barcelona,eAudiobook;eBook;Book,"Book::Colonial Heights Children's Area: SPANISH CHILDREN FICTION Rowling, J. - On Shelf,Book::Colusa Main Branch Juvenile Collection: SP J Fic - On Shelf"
https://catalog.saclibrary.org/GroupedWork/75d848ab-d742-fd1c-5ee1-4d31f24c6997-spa,"James y el melocoton gigante","Dahl, Roald",9788491221296,,Loqueleo,2016,Madrid,Book,
https://catalog.saclibrary.org/GroupedWork/8c1458b5-ee9a-deca-938c-01b4871e73a9-spa,"La llegada del cometa","Jansson, Tove",9788418637933,,salamandra,2022,"Barcelona [España / Spain]",Book,
https://catalog.saclibrary.org/GroupedWork/63e92414-c6ab-08f6-ab70-8da7a470f904-spa,"Que historia tan loca, Minimoni!","Bonilla, Rocio, 1970-",9788000078700,,"Albatros Media",2026,Prague,Book,
https://catalog.saclibrary.org/GroupedWork/1605e22d-8ebf-8e56-ff8c-b04ac26172d1-spa,"Malvarina: quiero ser bruja","Isern, Susanna",9788418304668,,"Editorial Flamboyant",2022,Barcelona,eBook;Book,"Book::Sylvan Oaks Children's Area: SPANISH MOVING UP Isern, S. - Checked Out,Book::Sacramento Public Library Storage: SPANISH MOVING UP Isern, S. - On Shelf"
https://catalog.saclibrary.org/GroupedWork/ad9b602b-9a26-b9a0-441d-04f230bb1c0f-spa,"Crónicas de Hiraia : Promesas cautivas","Zamora, Alba, 2001-",9788427241824,,Molino,2024,Barcelona,Book,
https://catalog.saclibrary.org/GroupedWork/c829705b-8be4-4d19-d026-86d9dd74f068-spa,"La rebelión de la reina","Ross, Rebecca (Rebecca J.)",9788492918003,,"Ediciones Urano",2018,Madrid,Book,
https://catalog.saclibrary.org/GroupedWork/69eb66d9-40e8-36ab-aee7-ef04e2fc4431-spa,"Dos chicas en los confines del mundo","Robson, Laura Brooke",9788417854010,,Puck,2023,[Madrid],Book,
https://catalog.saclibrary.org/GroupedWork/c3d219d2-0ca9-f9ed-8d6a-681a11b29c97-spa,"Duendes caseros: hasta en la tostadora!","Lovera, María Gabriela, 1972-",9788441436251,,EDAF,2016,Madrid,Book,
https://catalog.saclibrary.org/GroupedWork/96833794-b868-6e65-f6b8-4c83f99d8c5d-spa,"La abuela pirata","Mercader, Assumpta, 1966-",9788417210915,,"Editorial el Pirata","2020 - 2023","Sabadell (Barcelona)",eBook;Book,"Book::Arcade Children's Area: SPANISH CHILDREN FICTION Mercader, A. - On Shelf,Book::Carmichael Children's Area: SPANISH CHILDREN FICTION Mercader, A. - On Shelf,Book::Central Kids Place - Lower Level: SPANISH CHILDREN FICTION Mercader, A. - On Shelf"
https://catalog.saclibrary.org/GroupedWork/1f6de4c4-e11a-410a-73cc-f9d50f6e218b-spa,"La espada de cristal","Aveyard, Victoria",9786075270180,,GranTravesía,2016,"Barcelona, España",Book,
https://catalog.saclibrary.org/GroupedWork/ee8cc8aa-63c7-4dad-25ed-0decb5c6a550-spa,"Dragones en el Cielo","Andricaín, Sergio",9786078442034,,"el naranjo",2015,"México, D. F",Book,
https://catalog.saclibrary.org/GroupedWork/5b0ea89b-bf7f-2c1c-d1a0-cc9a63685cb8-spa,"Mentiras que le cantamos al mar","Underwood, Sarah, 1999-",9788418027628,,"Fandom Books",2023,Madrid,Book,
https://catalog.saclibrary.org/GroupedWork/9bb55d8c-e1c6-e837-5feb-e6a190275fe2-spa,"Fairy Oak: 4, Capitán Grisam et l'amour","Gnone, Elisabetta, 1965-",9788418538964,,"Duomo Ediciones",2023,"[Barcelona, Spain]",Book,
https://catalog.saclibrary.org/GroupedWork/45c9262e-edd9-1f8d-f635-d1d60f593f90-spa,"Lightfall: Libro tres, Los tiempos oscuros","Probert, Tim",9788419802477,,"HarperCollins Ibérica, S.A",2025,Madrid,"Graphic Novel/Manga","Graphic Novel/Manga::Arcade Children's Area: SPANISH CHILDREN GRAPHIC NOVEL Lightfall v.3 - On Shelf,Graphic Novel/Manga::Carmichael Children's Area: SPANISH CHILDREN GRAPHIC NOVEL Lightfall v.3 - On Shelf,Graphic Novel/Manga::Galt Children's Area: SPANISH CHILDREN GRAPHIC NOVEL Lightfall v.3 - On Shelf"
https://catalog.saclibrary.org/GroupedWork/25b077b6-eda6-d536-60ef-070a17f3bb03-spa,"Una corona de sombras","Levenseller, Tricia",9786070796937,,"Editorial Planeta Mexicana, S.A. de C.V., bajo el sello editorial Crossbooks",2023,"Ciudad de México",Book,
https://catalog.saclibrary.org/GroupedWork/e9bb113f-8b5b-4aca-4841-bdfa9fe9395b-spa,"La gran prueba","Galán, Ana",9788408228196,,Destino,2020,Barcelona,Book,
https://catalog.saclibrary.org/GroupedWork/c4b4cb4d-6df0-b58f-e0dc-026c3a758dbc-spa,"La coleccionista de palabras","Wimmer, Sonja",9788493824068,,"Cuento de Luz",2011,Madrid,"Picture Book","Picture Book::Galt Children's Area: SPANISH PICTURE BOOK Wimmer, S. - Checked Out,Picture Book::Colusa Main Branch Children's Collection: SP E - On Shelf"
https://catalog.saclibrary.org/GroupedWork/b4cc8ed2-6112-eb55-2ff3-b21ea7802ac1-spa,"Aventura a cuentagotas","Mark, Josephine, 1981-",9786071678393,,"Fondo de Cultura Económica",2023,México,"Graphic Novel/Manga","Graphic Novel/Manga::Colonial Heights Children's Area: SPANISH CHILDREN GRAPHIC NOVEL Mark, J. - On Shelf,Graphic Novel/Manga::Elk Grove Kids' Place: SPANISH CHILDREN GRAPHIC NOVEL Mark, J. - On Shelf,Graphic Novel/Manga::Fair Oaks Children's Area: SPANISH CHILDREN GRAPHIC NOVEL Mark, J. - On Shelf"
https://catalog.saclibrary.org/GroupedWork/20921c51-26ae-abc9-df53-8be320cd0772-spa,"Dragonario: un catálogo de dragonas y dragones","Gu, Raquel, 1972-",9788416075454,,"B de Blok",2015,"Barcelona (España)",Book,
https://catalog.saclibrary.org/GroupedWork/bf788b8f-bd09-f0e8-bb38-dabd8787708f-spa,"Olga de papel: El viaje extraordinario","Gnone, Elisabetta, 1965-",9788417128593,,"Duomo Ediciones",2017,Barcelona,Book,
https://catalog.saclibrary.org/GroupedWork/db520576-63d6-ee4e-7397-bed84101269d-spa,"Mondragó: El árbol del Tule","Galan, Ana",9788444149349,,Everest,2013,"León (España)",Book,
https://catalog.saclibrary.org/GroupedWork/02f6c08b-33c6-63dd-1150-3abf1046f11d-spa,"Tormenta de guerra","Aveyard, Victoria",9786075277035,,GranTravesía,2018,"Ciudad de México",Book,
https://catalog.saclibrary.org/GroupedWork/ab107f1b-440d-136c-5ef8-cc34a20c3984-spa,"Matar un reino","Christo, Alexandra",9786075276137,,"Editorial Océano",2018,Barcelona,Book,
https://catalog.saclibrary.org/GroupedWork/e94cc08e-0f49-f10d-4338-a8829ac6942b-spa,"Leyenda de fuego y plomo","Palova, Mariana",9786075572307,,"Gran Travesía",2020,"Ciudad de México",Book,
https://catalog.saclibrary.org/GroupedWork/b49c5de8-148c-fd35-8d99-c9e5144c93ce-spa,"La última bruja","Santamaría, Jara, 1990-",9788418688805,,"B de Blok",2023,"Barcelona, España [Spain]",Book,
https://catalog.saclibrary.org/GroupedWork/dc362eab-1cec-5451-3c7f-f0686a6e16c7-spa,"El hijo del trueno","Cervantes, J. C. (Jennifer C.)",9788427217171,,"RBA Libros",2019,Barcelona,Book,
https://catalog.saclibrary.org/GroupedWork/59c765a4-740e-1381-8f33-fb3946660811-spa,"Jack Escarcha: el final es el principio","Joyce, William, 1957-",9788483435953,,"Bambú Editorial",2020,Barcelona,Book,
https://catalog.saclibrary.org/GroupedWork/da44dcb6-49df-4302-f827-167374ad6cae-spa,"Los viajes de Gulliver =: Gulliver's travels","Fernández Defez, Francisco José",9786074537086,,Sélector,2020,"Ciudad de México",Book,
https://catalog.saclibrary.org/GroupedWork/b110d897-e5eb-2c6e-a8df-bf5c016fa520-spa,"La última bruja: La venganza de las meigas","Santamaría, Jara, 1990-",9788419522207,,"B de Blok (Penguin Random House Grupo Editorial)",2023,"Barcelona, Spain",Book,
https://catalog.saclibrary.org/GroupedWork/c887057a-5acc-fc27-da72-672079e1632c-spa,"Las crónicas de Narnia","Lewis, C. S. (Clive Staples), 1898-1963",9780061199004,,Rayo,2005,"New York, N.Y",Book,
https://catalog.saclibrary.org/GroupedWork/c870e6bd-c25f-51f1-2df7-409d4288a37b-spa,"Dragon Ball super: Vol. 1","Toriyama, Akira, 1955-2024",9788491460008,,"Editorial Planeta",2017,Barcelona,Book,
https://catalog.saclibrary.org/GroupedWork/8d04100d-25dc-7587-10ad-81287c4b8f6f-spa,"Las Aventuras de Alicia en el País de las Maravillas","Carroll, Lewis, 1832-1898",9788498014167,,Blume,2009,Barcelona,Book,
https://catalog.saclibrary.org/GroupedWork/a79d1d91-0942-34a9-1672-bf43f9d450b2-spa,"La tierra de las historias: [6], Los mundos colisionan","Colfer, Chris, 1990-",9789877476101,,"VR Editoras, S. A. de C. V",2020,"Ciudad de México [Mexico]",Book,
https://catalog.saclibrary.org/GroupedWork/43d4993e-08d2-5ebb-ad6a-7ccf29b35885-spa,"Luces del Norte: la brújula dorada","Pullman, Philip, 1946-",9788466636223,,"Ediciones B, Grupo Zeta",2007,Barcelona,Book,
https://catalog.saclibrary.org/GroupedWork/9eb2a3ab-bb88-9215-da8a-f5cbd73b26fa-spa,"Luciérnaga y la búsqueda de la ardilla negra","Sweet, J. H",9788496939301,,"Pirueta Editorial",2008,Barcelona,Book,
https://catalog.saclibrary.org/GroupedWork/f9af113e-11be-1398-4689-15a197251e74-spa,"La jaula del rey","Aveyard, Victoria",9786075271415,,"Gran Travesía",2017,"Barcelona, España",Book,
https://catalog.saclibrary.org/GroupedWork/aef8d879-7aa4-f799-164b-27bc115a61a7-spa,"El castillo ambulante","Jones, Diana Wynne 1934-2011",9788416858781,,"NOCTURNA; Nocturna Ediciones","2018 - 2019",Madrid,eBook;Book,
https://catalog.saclibrary.org/GroupedWork/02c36cfb-b90c-78e0-4dae-ad7ab1f55a24-spa,Noctámbula,"Meadows, Jodi",9788418027727,,"Fandom Books",2022,Madrid,Book,
https://catalog.saclibrary.org/GroupedWork/071781e3-5cee-f7aa-09fd-2f8cf08e1342-spa,"Todos somos villanos","Foody, Amanda",9788418359972,,"Editorial Hidra",2022,[Madrid],Book,
https://catalog.saclibrary.org/GroupedWork/3b76738f-cdf5-d2e9-40b9-c18f5c18116f-spa,"Una maldición de plata y huesos","Bracken, Alexandra",9788419252227,,Puck,2023,Argentina,Book,
https://catalog.saclibrary.org/GroupedWork/570ea25b-8a84-d2a6-090d-baf79b449c90-spa,Incarceron,"Fisher, Catherine, 1957-",9788427200470,,Molino,2010,Barcelona,Book,
https://catalog.saclibrary.org/GroupedWork/2337a9b1-a208-a2f1-ad17-f84c57071208-spa,"El viajero del tiempo","Mallorquí, César, 1953-",9788419366290,,Alfaguara,2023,Barcelona,Book,
https://catalog.saclibrary.org/GroupedWork/542ebcb8-be3f-3d90-3584-305ca3a7836a-spa,"El gran mago del mundo","Nuño, Fran, 1973-",9788415241751,,"Cuento de Luz",2012,Madrid,"Picture Book",
https://catalog.saclibrary.org/GroupedWork/073898e0-9a4f-dc8c-f7ce-2b276f7df84d-spa,"Legado, o, La cripta de las almas","Paolini, Christopher",9788499183398,,Rocaeditorial,2011,Barcelona,Book,
https://catalog.saclibrary.org/GroupedWork/e75ebffb-95af-7f56-84ec-5dfe50b3a067-spa,"El laberinto en llamas","Riordan, Rick",9788490439494,,Montena,2018,Barcelona,Book,
https://catalog.saclibrary.org/GroupedWork/1f0b959c-0e9a-1759-0122-b4c6199a364e-spa,"Desafía me","Mafi, Tahereh",9788492918782,,Puck,2024,Madrid,Book,
https://catalog.saclibrary.org/GroupedWork/6efc0d4b-78bf-bbbd-11b2-2dac9840dbff-spa,"Corazón de hielo","Littler, Jamie",9788427216822,,RBA,2019,Barcelona,Book,
https://catalog.saclibrary.org/GroupedWork/f4fe9449-0776-7f68-ad13-5f576cbb4373-spa,"¡Al escenario!","Mlynowski, Sarah",9788427215818,,RBA,2020,Barcelona,Book,
https://catalog.saclibrary.org/GroupedWork/595b4773-0633-3066-9af0-f759fffd31f8-spa,"Furthermore: la tierra del más allá","Mafi, Tahereh",9788417854140,,"X Puck",2021,Argentina,Book,
https://catalog.saclibrary.org/GroupedWork/4d743ce2-672a-eb9e-5a23-3e0b53a47665-spa,Snapdragon,"Leyh, Kat",9788467944570,,"Editorial Astronave",2021,Barcelona,"Graphic Novel/Manga","Graphic Novel/Manga::Sacramento Public Library Children: ON ORD 05/18/26 Spanish Children Fiction - In Processing"
https://catalog.saclibrary.org/GroupedWork/59163cfe-886a-b954-fbee-a0d0d6768ea3-spa,"El Baobab","Galán, Ana",9788408228219,,Destino,2020,Barcelona,Book,
https://catalog.saclibrary.org/GroupedWork/12057431-e49f-b67e-190d-332207fa7c3b-spa,"La casa en Hoarder Hill","Lish, Mikki",9786070779862,,"Planeta Junior",2021,"Cuidad de México",Book,
https://catalog.saclibrary.org/GroupedWork/53be9f3f-20b6-9d35-8426-ab8a21a498bf-spa,"Villanas perfectas","Torres, Jennifer, 1980-",9781339043685,,"Scholastic Inc",2024,"New York, NY",Book,
https://catalog.saclibrary.org/GroupedWork/57f57744-537f-6972-e82e-d5b9821c9601-spa,"El guardián del fuego","Cervantes, J. C. (Jennifer C.)",9788427219847,,"MOLINO; RBA Molino",2020,Barcelona,eBook;Book,
https://catalog.saclibrary.org/GroupedWork/dcf99ca9-57ae-6511-b27b-f7f7e7fd8c97-spa,"Fuego en el cielo: la magia vive","Jordan, Sophie",9788410298408,,Montena,2024,Barcelona,Book,
https://catalog.saclibrary.org/GroupedWork/c981cc7c-8f80-8c6a-ba90-eefb4eac2233-spa,Brujarella,"Barrenetxea, Iban, 1973-",9788415357667,,"NARRATORES; Thule","2014 - 2021",Barcelona,Book;eAudiobook,"Book::Rancho Children's Area: SPANISH CHILDREN FICTION Barrenetxea, I. - On Shelf,Book::Sacramento Public Library Storage: SPANISH CHILDREN FICTION Barrenetxea, I. - On Shelf,Book::Fair Oaks Children's Area: SPANISH CHILDREN FICTION Barrenetxea, I. - On Shelf"
https://catalog.saclibrary.org/GroupedWork/db7b9969-e925-ea51-7346-49895ad3c522-spa,"La guía del mago frugal para sobrevivir en la Inglaterra del medievo","Sanderson, Brandon",9788418037900,,"Penguin Random House Grupo",2023,Spain,Book,
https://catalog.saclibrary.org/GroupedWork/cc345738-b50f-f4a2-1989-18a681379d83-spa,"Inheritance, o, La Cripta de las Almas","Paolini, Christopher",9788419498571,,"Penguin Random House Grupo Editorial",2023,"Miami, FL",Book,
https://catalog.saclibrary.org/GroupedWork/80958450-bd99-1d15-8a66-7bf1cffde873-spa,"Steelstriker: destructora de imperios","Lu, Marie, 1984-",9788419252340,,Puck,2023,Argentina,Book,
https://catalog.saclibrary.org/GroupedWork/c62df140-f421-12d6-59e3-ada44876fbe6-spa,"Serafina y el bastón maligno","Beatty, Robert, 1963-",9788420485256,,Alfaguara,2017,Barcelona,Book,
https://catalog.saclibrary.org/GroupedWork/b0ea53cc-114c-b8bf-ac73-c18de8713d3b-spa,"Hiedra, el hada verde","Meadows, Daisy",9780545239882,,Scholastic,2010,"New York",Book,
https://catalog.saclibrary.org/GroupedWork/8afedceb-edd4-327f-f58a-4f7dc60f877c-spa,"El viaje de Zero","Burton, Tim, 1958-",9786073922715,,"Planeta Cómic",2024,"Barcelona, Spain","Graphic Novel/Manga","Graphic Novel/Manga::Sacramento Public Library Children: SPANISH CHILDREN GRAPHIC NOVEL Disney - In Processing"
https://catalog.saclibrary.org/GroupedWork/01540281-702d-c91f-b0e2-4b8e023d75e5-spa,"El proyecto de Wendy","Osborne, Melissa Jane",9786075271149,,"Editorial Oceano, S.L",2018,Barcelona,Book,
https://catalog.saclibrary.org/GroupedWork/52b92a9c-600f-9d49-cfe3-5c63540a24ed-spa,"Dragon Ball super: 4, Última oportunidad para la esperanza","Toriyama, Akira, 1955-",9788416636501,,"Planeta Cómic, Editorial Planeta",2019,Barcelona,Book,
https://catalog.saclibrary.org/GroupedWork/4895503a-4b07-e88e-8d72-0ad1661e2289-spa,"Dragon Ball super: 5, ¡Batalla final! Adiós, Trunks","Toriyama, Akira, 1955-2024",9788413410135,,"Planeta Cómic, Editorial Planeta",2020,Barcelona,Book,
https://catalog.saclibrary.org/GroupedWork/208a72a8-e8de-c0b5-2a70-aa6f69b1e7cc-spa,"Dragon Ball super: 3, El plan cero humanos","Toriyama, Akira, 1955-2024",9788416636495,,"Planeta Cómic, Editorial Planeta",2019,Barcelona,Book,
https://catalog.saclibrary.org/GroupedWork/d4f55320-98c8-684a-02b0-49bd15e0205c-spa,"Dragon Ball super: 2, ¡¡Se proclama el universo campeón!!","Toriyama, Akira, 1955-2024",9788491468295,,"Planeta Cómic, Editorial Planeta",2018,Barcelona,Book,
https://catalog.saclibrary.org/GroupedWork/53e9aa5b-ac53-f5c7-6deb-c033b0a499ad-spa,"La daga","Pullman, Philip, 1946-",9788417092573,,"Roca Editorial",2017,Barcelona,Book,
https://catalog.saclibrary.org/GroupedWork/b6d547d9-5bcf-b95c-3100-a833d5475749-spa,"La noche del borrador","Dahl, Michael",9781669014331,,"Capstone; Stone Arch Books, a Capstone imprint",2023,"North Mankato, Minnesota",eBook;Book,"Book::Arcade Children's Area: SPANISH CHILDREN FICTION Dahl, M. - On Shelf,Book::Carmichael Children's Area: SPANISH CHILDREN FICTION Dahl, M. - On Shelf,Book::Central Kids Place - Lower Level: SPANISH CHILDREN FICTION Dahl, M. - On Shelf"
https://catalog.saclibrary.org/GroupedWork/760d2ce6-897b-65ff-53bf-091896da07ae-spa,"La nación de las bestias: El señor del Sabbath","Palova, Mariana",9786075278261,,"Gran Travesía",2019,"Ciudad de México",Book,
https://catalog.saclibrary.org/GroupedWork/d60dc1b5-dbfc-6047-cd02-1710a6665341-spa,"Scaredy bat y las medusas desaparecidas","Bowman, Marina J",9781950341481,,"Code Pineapple",2022,"[Long Beach, CA]",Book,
https://catalog.saclibrary.org/GroupedWork/cea043ad-6e01-7bd9-8a3d-c1d3c15d6b2d-spa,"Ambar, el hada anaranjada","Meadows, Daisy",9780329862893,,Scholastic,2009,"New York",Book,
https://catalog.saclibrary.org/GroupedWork/e7a85edf-5083-fa59-e09c-9b86edd82b70-spa,Bloodmarked,"Deonn, Tracy",9788418509544,,Wonderbooks,2023,Barcelona,Book,
https://catalog.saclibrary.org/GroupedWork/464e01a2-68ca-4061-22a2-968b44fc3925-spa,"El misterio del capìtn","Aragón, Emilio, 1959-",9788410190368,,"Alfaguara Infantil",2024,Barcelona,Book,
https://catalog.saclibrary.org/GroupedWork/d7f548f6-11bf-306f-1dad-c48c7b31aade-spa,"El catalejo lacado","Pullman, Philip, 1946-",9788417092580,,"Roca Editorial",2017,Barcelona,Book,
https://catalog.saclibrary.org/GroupedWork/c48f8ffe-0c33-65d4-0dc7-550d3122d97f-spa,Foxglove,"Grace, Adalyn",9788419030610,,Umbriel,2023,Argentina,Book,
https://catalog.saclibrary.org/GroupedWork/add93bfb-3407-4a8e-fc59-93dc1324b788-spa,"Corona cruel","Aveyard, Victoria",9786075270951,,GranTravesía,2017,"Ciudad de México",Book,
https://catalog.saclibrary.org/GroupedWork/ba469093-fac6-dc5f-6bc9-96b6fdee5feb-spa,Oscuros,"Kate, Lauren",9786073843201,,"Knopf Doubleday Publishing Group; Penguin Random House Audio; Ediciones B","2012 - 2024","Ciudad de Mexico",eAudiobook;eBook;Book,"Book::Central Teen Area - 3rd Floor: SPANISH TEEN FICTION Kate, L. - On Shelf,Book::McKinley Children's Area: SPANISH TEEN FICTION Kate, L. - On Shelf,Book::Pocket-Greenhaven Teen Area: SPANISH TEEN FICTION Kate, L. - On Shelf"
https://catalog.saclibrary.org/GroupedWork/470b16a7-3290-a0c0-2814-9946df0358f1-spa,"La maldición del mediano","LeoTube, 2013-",9786070789021,,Destino,2022,Barcelona,"Graphic Novel/Manga",
https://catalog.saclibrary.org/GroupedWork/c930fca3-bfd6-e0ed-6fe6-31a98eb1191a-spa,Divergente,"Roth, Veronica",9788427201187,,"MOLINO; Molino; Penguin Random House Audio","2012 - 2022",Barcelona,eAudiobook;eBook;Book,
https://catalog.saclibrary.org/GroupedWork/8ea94614-ecfb-45e9-48cd-c3feff2df852-spa,Coraline,"Gaiman, Neil",9788418637032,,"SALAMANDRA INFANTIL Y JUVENIL; Penguin Random House Audio; Salamandra","2020 - 2021",Barcelona,eAudiobook;Book;eBook,"Book::Elk Grove Kids' Place: SPANISH CHILDREN FICTION Gaiman, N. - On Shelf,Book::Galt Children's Area: SPANISH CHILDREN FICTION Gaiman, N. - On Shelf,Book::Valley Hi-North Laguna Children's Area: SPANISH CHILDREN FICTION Gaiman, N. - On Shelf"
https://catalog.saclibrary.org/GroupedWork/b905c6a1-26ec-a8bc-a61a-a855e2f2948f-spa,"La leyenda de Greg","Rylander, Chris",9788417305901,,"Roca Editorial",2019,Barcelona,Book,
https://catalog.saclibrary.org/GroupedWork/c9823637-b2eb-fba0-f9cf-faa93d2cc9df-spa,"Malvarina: Bruja en prácticas","Isern, Susanna",9788419401052,,"Flamboyant; Editorial Flamboyant",2022,Barcelona,eBook;Book,"Book::Sacramento Public Library Children: SPANISH MOVING UP Isern, S. - In Processing"
https://catalog.saclibrary.org/GroupedWork/0bcfe2db-9851-53ac-f3cb-cc0617fe3a3d-spa,"El gato con botas","Perrault, Charles, 1628-1703",9780374361587,,"Stickybooks; Mirasol, Libros Juveniles, Farrar, Straus, Giroux; Author's Republic; Laberinto; Findaway Voices","1991 - 2022","New York",eBook;Book;eAudiobook,
https://catalog.saclibrary.org/GroupedWork/6e7acb86-05cb-768f-e024-5c65dff1063b-spa,"Dragones y tacos 2: la continuación","Rubin, Adam, 1983-",9781549096617,,"Books on Tape; Puffin Books; Penguin Young Readers Group","2018 - 2021","New York, NY",eAudiobook;Book;eBook,
https://catalog.saclibrary.org/GroupedWork/8f0bfc7e-ff29-334f-a3ff-0048914702ec-spa,"Skeletina y el entremundo","Jaramillo, Susie",9781250851055,,"Macmillan Audio; Roaring Brook Press; Vox Publishing, a Library Ideas Company; Encantos / Roaring Brook Press","2022 - 2024","Vienna, VA; New York, NY","Picture Book;eBook;Read-Along;eAudiobook","Picture Book::Central Kids Place - Lower Level: SPANISH PICTURE BOOK Jaramillo, S. - On Shelf,Picture Book::Elk Grove Kids' Place: SPANISH PICTURE BOOK Jaramillo, S. - On Shelf,Picture Book::Franklin Children's: SPANISH PICTURE BOOK Jaramillo, S. - On Shelf"
https://catalog.saclibrary.org/GroupedWork/c5810b0f-1d78-7818-d56a-652aafba0654-spa,"Ratoncito y la caja","Canetti, Yanitzia, 1967-",9780593888711,,"Books on Tape; Penguin Young Readers; Penguin Young Readers Group",2025,"New York","Easy Reader;eAudiobook;eBook","Easy Reader::Arcade Children's Area: SPANISH EASY READER 3 Canetti, Y. - On Shelf,Easy Reader::Central Kids Place - Lower Level: SPANISH EASY READER 3 Canetti, Y. - On Shelf,Easy Reader::Elk Grove Kids' Place: SPANISH EASY READER 3 Canetti, Y. - On Shelf"
https://catalog.saclibrary.org/GroupedWork/04dc597f-e5a3-af41-8615-b098c3c83eba-spa,"Al otro lado","Sendak, Maurice",9788484648611,,Kalandraka,2015,Pontevedra,"Picture Book",
https://catalog.saclibrary.org/GroupedWork/c5db710f-eb49-a52c-269c-5be5e2108ecc-spa,"La primera pijamada de Uni","Rosenthal, Amy Krouse",9780593484098,,"Random House Children's Books; Random House; Books on Tape",2022,"New York","Easy Reader;eAudiobook;eBook","Easy Reader::Central Kids Place - Lower Level: SPANISH EASY READER 2 Rosenthal, A. - On Shelf,Easy Reader::Colonial Heights Children's Area: SPANISH EASY READER 2 Rosenthal, A. - On Shelf,Easy Reader::Belle Cooledge Children's Area: SPANISH EASY READER 2 Rosenthal, A. - On Shelf"
https://catalog.saclibrary.org/GroupedWork/369ebaec-8db7-53b0-5f94-827e2187929f-spa,"Doce sustos y un perico","Sandoval, Jaime Alfonso, 1972-",9786073171687,,"MONTENA; Montena",2019,"Mexico City",eBook;Book,"Book::Pocket-Greenhaven Kids' Place: SPANISH CHILDREN FICTION Sandoval, J. - On Shelf,Book::Valley Hi-North Laguna Children's Area: SPANISH CHILDREN FICTION Sandoval, J. - On Shelf,Book::Sacramento Public Library Storage: SPANISH CHILDREN FICTION Sandoval, J. - On Shelf"
https://catalog.saclibrary.org/GroupedWork/0e8790c4-8454-047a-f909-e7d1dc41b5e8-spa,"La princesa de los duendes","Elliott, Rebecca",9781338874129,,"Scholastic Inc.; Scholastic Inc",2023,"New York, NY",eBook;Book,"Book::Central Kids Place - Lower Level: SPANISH MOVING UP Elliott, R. - On Shelf,Book::Courtland Children's Area: SPANISH MOVING UP Elliott, R. - On Shelf,Book::Galt Children's Area: SPANISH MOVING UP Elliott, R. - On Shelf"
https://catalog.saclibrary.org/GroupedWork/ab6787ee-c522-58b6-93b6-edd00e6553a3-spa,"La última cuentista","Higuera, Donna Barba",9781646143023,,"Wonder Book; Levine Querido","2022 - 2023",Montclair,eAudiobook;eBook;Book,"Book::Central Kids Place - Lower Level: SPANISH CHILDREN FICTION Higuera, D. - On Shelf,Book::Fair Oaks Children's Area: SPANISH CHILDREN FICTION Higuera, D. - On Shelf,Book::Franklin Children's: SPANISH CHILDREN FICTION Higuera, D. - On Shelf"
https://catalog.saclibrary.org/GroupedWork/d58d9a41-c0dd-d996-70a4-664af6f5a8a8-spa,"Quidditch a través de los tiempos","Rowling, J. K",9788498387926,,"Salamandra en colaboración con Whizz Hard Books; Pottermore Publishing","2016 - 2021",Barcelona,eAudiobook;Book;eBook,"Book::Courtland Children's Area: SPANISH CHILDREN FICTION Rowling, J. - On Shelf,Book::Valley Hi-North Laguna Children's Area: SPANISH CHILDREN FICTION Rowling, J. - On Shelf,Book::Sacramento Public Library Storage: SPANISH CHILDREN FICTION Rowling, J. - On Shelf"
https://catalog.saclibrary.org/GroupedWork/a0c5ef9a-9a67-dd84-d9bc-0fcd37bcd1ba-spa,"Cartas de Otro Mundo","Taylor, Emily J",9788410239357,,Puck,2025,Argentina,Book,
https://catalog.saclibrary.org/GroupedWork/f86df2a5-4182-4d81-016b-4d8804c59464-spa,"The darkening","Mara, Sunya",9788419478023,,"Elastic Books",2023,Barcelona,eBook;Book,
https://catalog.saclibrary.org/GroupedWork/d993f82a-6822-b39b-3207-65f0fa00d4fd-spa,"En llamas","Collins, Suzanne",9788427202139,,"MOLINO; Molino; Penguin Random House Audio","2010 - 2024",Barcelona,eAudiobook;eBook;Book,"Book::Arcade Teen Area: SPANISH TEEN FICTION Collins, S. - On Shelf,Book::Carmichael Teen Area: SPANISH TEEN FICTION Collins, S. - On Shelf,Book::Central Teen Area - 3rd Floor: SPANISH TEEN FICTION Collins, S. - On Shelf"
https://catalog.saclibrary.org/GroupedWork/7f743f07-8d03-4c12-32bb-71952a1e8446-spa,"El oráculo oculto","Riordan, Rick",9780525433330,,"MONTENA; Penguin Random House Audio; Montena","2016 - 2024",Barcelona,eAudiobook;Book;eBook,
https://catalog.saclibrary.org/GroupedWork/c972c11b-f71f-cc0c-5a7c-ca0fae0e52c6-spa,"El nuevo mundo","Godoy, Ariana",9786073832403,,"Wattpad by Montena; Penguin Random House Audio",2023,"[Miami, Florida",eAudiobook;Book,
https://catalog.saclibrary.org/GroupedWork/4527ce3e-8120-282d-238a-03d63c42a3d6-spa,"La batalla del laberinto","Riordan, Rick",9788418173424,,"Salamandra Bolsillo; Penguin Random House Audio; SALAMANDRA INFANTIL Y JUVENIL; Salamandra","2012 - 2021","Barcelona; [Barcelona]",eAudiobook;Book;eBook,
https://catalog.saclibrary.org/GroupedWork/d52726ed-64c6-74e3-7e66-5481dba32553-spa,"Vlad, el vampirito fabuloso","Drago, Flavia Z",9781536233339,,"Candlewick Press",2023,"Somerville, Massachusetts","Picture Book;eBook","Picture Book::Colonial Heights Children's Area: SPANISH PICTURE BOOK Drago, F. - On Shelf,Picture Book::Del Paso Heights Children's Area: SPANISH PICTURE BOOK Drago, F. - On Shelf,Picture Book::McClatchy Children's Area: SPANISH PICTURE BOOK Drago, F. - On Shelf"
https://catalog.saclibrary.org/GroupedWork/07917415-9171-56d7-43bd-58213b847c58-spa,"La verdad sobre el sofá","Rubin, Adam, 1983-",9780593699867,,"Books on Tape; G. P. Putnam's Sons",2024,"New York","eAudiobook;Picture Book","Picture Book::Arcade Children's Area: SPANISH PICTURE BOOK Rubin, A. - On Shelf,Picture Book::Central Kids Place - Lower Level: SPANISH PICTURE BOOK Rubin, A. - On Shelf,Picture Book::South Natomas Children's Area: SPANISH PICTURE BOOK Rubin, A. - Checked Out"
https://catalog.saclibrary.org/GroupedWork/8eacd304-7282-0434-84ac-e431fccf85ad-spa,"Hija de la tierra","Longarela, Andrea",9786073837934,,"ALFAGUARA IJC; Alfaguara",2023,Barcelona,eBook;Book,
https://catalog.saclibrary.org/GroupedWork/9d8b4a16-06fc-ac36-3f1e-b1dc94a7c149-spa,"Vampirita y la turba enfurecida","Llanos, Mariana",9781478890478,,"Reycraft Books",2024,"New Rochelle, NY",eBook;Book,"Book::Carmichael Children's Area: SPANISH MOVING UP Llanos, M. - On Shelf,Book::Central Kids Place - Lower Level: SPANISH MOVING UP Llanos, M. - Checked Out,Book::Valley Hi-North Laguna Children's Area: SPANISH MOVING UP Llanos, M. - On Shelf"
https://catalog.saclibrary.org/GroupedWork/0f4ae386-3d75-378d-51f6-f8b6c41b35b0-spa,"Verdad a la vista","Doerrfeld, Cori",9781728420196,,"Graphic Universe; Lerner Publishing Group",2021,Minneapolis,"Graphic Novel/Manga;eComic","Graphic Novel/Manga::Central Kids Place - Lower Level: SPANISH CHILDREN GRAPHIC NOVEL Cici v.2 - On Shelf,Graphic Novel/Manga::Colonial Heights Children's Area: SPANISH CHILDREN GRAPHIC NOVEL Cici v.2 - On Shelf,Graphic Novel/Manga::North Sacramento-Hagginwood Children's Area: SPANISH CHILDREN GRAPHIC NOVEL Cici v.2 - On Shelf"
https://catalog.saclibrary.org/GroupedWork/8a42416f-82fc-1b06-6ada-2bc3aabc4548-spa,"El dador","Lowry, Lois",9780358354734,,"Houghton Mifflin Harcourt; Everest; HarperCollins","1993 - 2021","León, [Spain]; Boston; León [Spain]",eBook;Book,"Book::South Natomas Teen Area: SPANISH TEEN FICTION Lowry, L. - On Shelf,Book::Barber Branch: SPANISH CHILDREN FICTION Lowry, L. - On Shelf,Book::Colusa Main Branch Juvenile Collection: SP J Fic - On Shelf"
https://catalog.saclibrary.org/GroupedWork/32c47d1e-8033-dbc5-9e5e-c9f0f13a404d-spa,"La revelación","Godoy, Ariana",9781644736470,,"MONTENA; Wattpad by Montena; Penguin Random House Audio",2023,"Miami, Florida",eAudiobook;Book;eBook,
https://catalog.saclibrary.org/GroupedWork/8c6f3543-c71f-fa32-69fc-a3fbf41aaa30-spa,"El libro del cementerio","Gaiman, Neil",9788499180304,,"Roca Editorial de Libros; SAGA Egmont; Rocaeditorial","2009 - 2022",Barcelona,eBook;eAudiobook;Book,
https://catalog.saclibrary.org/GroupedWork/09b98085-493a-f2eb-53b5-2d8d045fdb75-spa,"León de biblioteca","Knudsen, Michelle",9788493486310,,"Ediciones Ekaré",2015,"Barcelona, España","Picture Book",
https://catalog.saclibrary.org/GroupedWork/d17a65c6-8d07-04fb-d0dc-491749130593-spa,Insurgente,"Roth, Veronica",9781489825902,,"MOLINO; Molino; Penguin Random House Audio","2012 - 2022",Barcelona,eAudiobook;Book;eBook,
https://catalog.saclibrary.org/GroupedWork/c60d93e1-8a6c-2cb0-638c-72dd68d410c6-spa,"Créele a tus ojos","Doerrfeld, Cori",9781728412887,,"Graphic Universe; Lerner Publishing Group",2020,Minneapolis,"Graphic Novel/Manga;eComic","Graphic Novel/Manga::Arcade Children's Area: SPANISH CHILDREN GRAPHIC NOVEL Cici v.1 - On Shelf,Graphic Novel/Manga::Carmichael Children's Area: SPANISH CHILDREN GRAPHIC NOVEL Cici v.1 - On Shelf,Graphic Novel/Manga::Central Kids Place - Lower Level: SPANISH CHILDREN GRAPHIC NOVEL Cici v.1 - On Shelf"
https://catalog.saclibrary.org/GroupedWork/8f51cd8c-7919-427e-cfc2-bc976ae1181a-spa,"Gustavo, el fantasmita tímido","Drago, Flavia Z",9781666554113,,"Dreamscape Media; Candlewick Press",2020,"Somerville, Massachusetts","eAudiobook;Picture Book;eBook","Picture Book::Carmichael Children's Area: SPANISH PICTURE BOOK Drago, F. - Checked Out,Picture Book::Central Kids Place - Lower Level: SPANISH PICTURE BOOK Drago, F. - On Shelf,Picture Book::Courtland Children's Area: SPANISH PICTURE BOOK Drago, F. - On Shelf"
https://catalog.saclibrary.org/GroupedWork/01788f88-a7fd-93f6-7e51-69b5aca64d75-spa,"Otra Cucarachita Martina: basado en un cuento folclórico caribeño","Canetti, Yanitzia, 1967-",9798217049790,,"Penguin Young Readers; Penguin Young Readers Group",2025,"New York","Easy Reader;eBook","Easy Reader::Arcade Children's Area: SPANISH EASY READER 3 Canetti, Y. - On Shelf,Easy Reader::Central Kids Place - Lower Level: SPANISH EASY READER 3 Canetti, Y. - On Shelf,Easy Reader::Colonial Heights Children's Area: SPANISH EASY READER 3 Canetti, Y. - On Shelf"
https://catalog.saclibrary.org/GroupedWork/9a34c023-3bb8-385f-4e70-e404a4559aa4-spa,"La puerta del tiempo","Baccalario, Pierdomenico",9788484412922,,"Montena Mondadori; MONTENA; Montena","2006 - 2021","Barcelona; [Barcelona, Spain]",eBook;Book,"Book::Central Kids Place - Lower Level: SPANISH CHILDREN FICTION Baccalario, P. - On Shelf,Book::Colonial Heights Children's Area: SPANISH CHILDREN FICTION Baccalario, P. - On Shelf,Book::Courtland Children's Area: SPANISH CHILDREN FICTION Baccalario, P. - On Shelf"
https://catalog.saclibrary.org/GroupedWork/12aa07b1-fbc2-366b-f616-040d494965eb-spa,Pinocho,"Collodi, Carlo, 1826-1890",9788491456865,,"Ediciones Obelisco S. L; Panamericana Editorial; Laberinto; Audiolibros Colección","2014 - 2023",Barcelona,eBook;Book;eAudiobook,"Book::Arcade Children's Area: SPANISH CHILDREN 398.2 C714 2023 - On Shelf,Book::Carmichael Children's Area: SPANISH CHILDREN 398.2 C714 2023 - On Shelf,Book::Central Kids Place - Lower Level: SPANISH CHILDREN 398.2 C714 2023 - On Shelf"
https://catalog.saclibrary.org/GroupedWork/241ad734-01c3-e71b-4003-3c0017af7a2c-spa,"Moby Dick","Melville, Herman, 1819-1891",9788491457473,,"Penguin Clásicos; SAGA Egmont; Panamericana Editorial; NARRATORES; Fonolibro; Picarona","2014 - 2024",Barcelona,eAudiobook;eBook;Book,"Book::Central Kids Place - Lower Level: SPANISH CHILDREN FICTION Melville, H. - On Shelf,Book::Galt Children's Area: SPANISH CHILDREN FICTION Melville, H. - On Shelf,Book::Isleton Children's Area: SPANISH CHILDREN FICTION Melville, H. - On Shelf"
https://catalog.saclibrary.org/GroupedWork/92536fff-0f8b-2725-07c2-934dd8b074fc-spa,"La primera regla del punk: una novela","Pérez, Celia C., 1972-",9780525567165,,"Vintage Espanol, una division de Penguin Random House LLC; VINTAGE ESPAÑOL; Books on Tape",2019,"Nueva York",eAudiobook;Book;eBook,"Book::Central Kids Place - Lower Level: SPANISH CHILDREN FICTION Perez, C. - On Shelf,Book::Sacramento Public Library Storage: SPANISH CHILDREN FICTION Perez, C. - On Shelf"
https://catalog.saclibrary.org/GroupedWork/a621096d-862f-b9dd-37cb-86ed77e1ab19-spa,"La quinta ola","Yancey, Rick",9788427204225,,"RBA; Penguin Random House Audio","2016 - 2022",Barcelona,eAudiobook;Book,
https://catalog.saclibrary.org/GroupedWork/0f860133-636c-d4d7-8ba6-dc5fd2d71bb0-spa,"¡Stitch!: Volumen 2","Tsukirino, Yumi",9781427881502,,"Tokyopop Inc",2025,"Marina del Rey, CA",Book,
https://catalog.saclibrary.org/GroupedWork/2c4a6e7a-772f-1616-b341-f3059c871c3b-spa,"Amanecer en la cosecha","Collins, Suzanne",9798890983626,,"MOLINO; Molino; Penguin Random House Audio",2025,Barcelona,eAudiobook;Book;eBook,"Book::Central Teen Area - 3rd Floor: SPANISH TEEN FICTION Collins, S. - On Shelf,Book::Colusa Main Branch Teen Collection: SP YA Fic - On Shelf,Book::Sacramento Public Library Storage: SPANISH TEEN FICTION Collins, S. - On Shelf"
https://catalog.saclibrary.org/GroupedWork/d1dfb214-423d-8c5b-f7c0-c95ec4e11328-spa,"Greenwood: 1, La hechicera Urania ; El gran concurso de pasteles","Canepa, Barbara, 1969-",9788448870423,,Beascoa,2025,Barcelona,Book,
https://catalog.saclibrary.org/GroupedWork/c1dde616-185d-6b38-725b-7d9a5408f3db-spa,"Hombre Mosca y los extraterrestrezz","Arnold, Tedd",9781549087271,,"Scholastic Inc.; Scholastic Inc","2018 - 2019","New York, NY",eBook;Book,
https://catalog.saclibrary.org/GroupedWork/23cb263e-2b3d-4ebe-e853-8c33129f6993-spa,"El reino del dragón de oro","Allende, Isabel",9780060591717,,"Penguin Random House Audio; Debolsillo; Rayo","2004 - 2023","Barcelona; New York, NY",eAudiobook;Book,"Book::Rancho Cordova: SPANISH TEEN FICTION Allende, I. - On Shelf,Book::Arbuckle Branch Library Teen Collection: SP YA Fic - On Shelf,Book::Colusa Main Branch Teen Collection: SP YA Fic - Checked Out"
https://catalog.saclibrary.org/GroupedWork/966fddf7-2b31-4338-fb5a-b3332ddc8788-spa,"La sombra de la serpiente","Riordan, Rick",9788484418900,,"Penguin Random House Audio; Montena","2013 - 2022",Barcelona,eAudiobook;Book,
https://catalog.saclibrary.org/GroupedWork/6577cc30-2d87-9790-e558-0a248055606b-spa,"El héroe perdido","Riordan, Rick",9780345804136,,"MONTENA; Knopf Doubleday Publishing Group; Vintage Español; Penguin Random House Audio","2013 - 2023","Nueva York",eAudiobook;eBook;Book,
https://catalog.saclibrary.org/GroupedWork/5ab925ae-d313-690c-7159-d3a8cbb913dd-spa,"Sol de medianoche","Meyer, Stephenie, 1973-",9788420456591,,"Penguin Random House Audio; Alfaguara","2020 - 2021",Barcelona,eAudiobook;Book,"Book::Valley Hi-North Laguna Teen Area: SPANISH TEEN FICTION Meyer, S. - On Shelf,Book::Walnut Grove Teen Area: SPANISH TEEN FICTION Meyer, S. - On Shelf,Book::Sacramento Public Library Storage: SPANISH TEEN FICTION Meyer, S. - On Shelf"
https://catalog.saclibrary.org/GroupedWork/587d523a-b84e-b14f-2915-2747eedaa0c6-spa,"Luna nueva","Meyer, Stephenie, 1973-",9789705800238,,"Santillana; Penguin Random House Audio; Alfaguara","2007 - 2018","México; Doral, FL",eAudiobook;Book,
https://catalog.saclibrary.org/GroupedWork/def86e48-85b6-0fee-c08f-84b90a0d2a3b-spa,"Dragones y tacos","Rubin, Adam, 1983-",9780606367936,,"Puffin Books, an imprint of Penguin Group (USA); Books on Tape; Penguin Young Readers Group","2015 - 2021","New York, NY","eAudiobook;Picture Book;Book;eBook","Picture Book::Colonial Heights Children's Area: SPANISH PICTURE BOOK Rubin, A. - On Shelf,Picture Book::Sacramento Public Library Storage: SPANISH PICTURE BOOK Rubin, A. - On Hold Shelf"
https://catalog.saclibrary.org/GroupedWork/de81594c-51c6-60f2-e44b-c6f069ec2fe8-spa,"La luna embrujada","Cervantes, Angela",9781546134121,,"Scholastic Inc.; Scholastic Inc",2024,Barcelona,eBook;Book,"Book::Arcade Children's Area: SPANISH CHILDREN FICTION Cervantes, A. - On Shelf,Book::Colonial Heights Children's Area: SPANISH CHILDREN FICTION Cervantes, A. - On Shelf,Book::Galt Children's Area: SPANISH CHILDREN FICTION Cervantes, A. - On Shelf"
https://catalog.saclibrary.org/GroupedWork/ce2593b5-7bfd-7a41-665f-eac3c17ba583-spa,Amanecer,"Meyer, Stephenie, 1973-",9786071100337,,"Santillana; Penguin Random House Audio; Alfaguara","2008 - 2020","[México]; Doral, Fla",eAudiobook;Book,
https://catalog.saclibrary.org/GroupedWork/e2ffea26-d397-12d5-fa0c-44f1f6a7f074-spa,Eclipse,"Meyer, Stephenie, 1973-",9781603960229,,"ALFAGUARA IJC; Penguin Random House Audio; Alfaguara","2008 - 2021","Miami, FL",eAudiobook;Book;eBook,
https://catalog.saclibrary.org/GroupedWork/f346e4d3-b018-a613-0a39-b24b4a32bc0a-spa,"Treinta me habla de amor","Narváez-Varela, Alessandra",9781643797502,,"Cinco Puntos, un sello de Lee & Low Books Inc; Lee & Low Books",2024,"Nueva York",eBook;Book,"Book::Arcade Teen Area: SPANISH TEEN FICTION Narvaez-Varela, A. - On Shelf,Book::Central Teen Area - 3rd Floor: SPANISH TEEN FICTION Narvaez-Varela, A. - On Shelf,Book::South Natomas Teen Area: SPANISH TEEN FICTION Narvaez-Varela, A. - On Shelf"
https://catalog.saclibrary.org/GroupedWork/ebc0b15e-971e-c7cf-dba6-76325a391b27-spa,"Bartolomé y el glúpiti","Seuss, Dr",9780593177709,,"Random House",2020,"New York","Picture Book",
https://catalog.saclibrary.org/GroupedWork/1ea9842c-312c-b295-47de-a59b4020d46b-spa,"Rebelión en la granja","Orwell, George, 1903-1950",9788499890951,,"Debolsillo; Grupo Sin Fronteras SAS; Zig-Zag; Lebooks Editora; Independently Published; Panamericana Editorial; Minotauro México; Fonolibro; Penguin Random House Audio","2013 - 2024",Barcelona,eAudiobook;eBook;Book,"Book::Central: SPANISH FICTION Orwell, G. - On Shelf,Book::Elk Grove Opening Day Collection: ON ORDER - On Order,Book::Valley Hi-North Laguna: SPANISH FICTION Orwell, G. - Checked Out"
https://catalog.saclibrary.org/GroupedWork/ca2300d1-1576-1c40-3283-fe6a9009fdbd-spa,"La ciudad de las bestias","Allende, Isabel",9780060510329,,"Debolsillo; PLAZA & JANÉS; Rayo; Rayo/HarperCollins; Penguin Random House Audio","2002 - 2018","New York; New York, N.Y; Barcelona",eAudiobook;eBook;Book,"Book::Arcade Teen Area: SPANISH TEEN FICTION Allende, I. - On Shelf,Book::Central Teen Area - 3rd Floor: SPANISH TEEN FICTION Allende, I. - On Shelf,Book::Colonial Heights: SPANISH TEEN FICTION Allende, I. - On Shelf"
https://catalog.saclibrary.org/GroupedWork/ba086648-2719-55c7-9fff-64e0c0ea218c-spa,"Harry Potter y la Orden del Fénix","Rowling, J. K",9788478888849,,"Salamandra Bolsillo; Salamandra; Pottermore Publishing","2004 - 2020",Barcelona,eAudiobook;Book;eBook,
https://catalog.saclibrary.org/GroupedWork/5786b22d-6c9a-f941-b802-c84541afb821-spa,"El hijo de Neptuno","Riordan, Rick",9780345805393,,"Penguin Random House Audio; Vintage Español, una división de Random House, Inc; Knopf Doubleday Publishing Group","2013 - 2023","Nueva York",eAudiobook;eBook;Book,
https://catalog.saclibrary.org/GroupedWork/d69696fd-2d84-db29-327b-d005295bec83-spa,"El mar infinito","Yancey, Rick",9788427208278,,"RBA Libros; Penguin Random House Audio","2014 - 2023",Barcelona,eAudiobook;Book,
https://catalog.saclibrary.org/GroupedWork/53f64922-c1a1-8f78-d508-bc46c44f50ef-spa,"20,000 leguas de viaje submarino","Verne, Jules, 1828-1905",9781434280503,,"Capstone; Editorial Molino; Letra Impresa; Audiolibros Colección","1972 - 2023",Barcelona,eBook;Book;eAudiobook,
https://catalog.saclibrary.org/GroupedWork/cded0949-256d-3766-ab73-91127ca90297-spa,"Dentro de mi imaginación","Arteaga, Marta",9788415241102,,"Cuento de Luz","2012 - 2013",Madrid,eBook;Book,
https://catalog.saclibrary.org/GroupedWork/4855e688-777f-cd73-145d-1c7c167aaecf-spa,"Orgullo, prejuicio, tú y yo","Lippincott, Rachael",9788418050848,,"Penguin Random House Audio; Nube de Tinta",2023,Barcelona,eAudiobook;Book,
https://catalog.saclibrary.org/GroupedWork/4ecf7fe2-f4cb-c0db-2c95-7367ee25c2a6-spa,"El trono de fuego","Riordan, Rick",9788484418771,,"MONTENA; Knopf Doubleday Publishing Group; Vintage Español; Penguin Random House Audio; Montena","2012 - 2022","Nueva York; [Barcelona]",eAudiobook;eBook;Book,"Book::Colonial Heights Children's Area: SPANISH CHILDREN FICTION Riordan, R. - On Shelf,Book::Sacramento Public Library Storage: SPANISH CHILDREN FICTION Riordan, R. - On Shelf"
https://catalog.saclibrary.org/GroupedWork/0c130f2c-bd4b-87e2-f160-6a4e0fdd29a8-spa,"El Hombre Lomo","Dahl, Michael",9781669081081,,"Capstone; Stone Arch Books, a Capstone imprint","2024 - 2025","North Mankato, Minnesota",eBook;Book,
https://catalog.saclibrary.org/GroupedWork/76079968-085a-459b-c4f2-28b8da8d5ba3-spa,"El jardín secreto","Burnett, Frances Hodgson, 1849-1924",9788420440026,,"Editorial Cõ; Alfaguara; Audiolibros Colección","2020 - 2022",Barcelona,eBook;Book;eAudiobook,
https://catalog.saclibrary.org/GroupedWork/dabe2ad0-cc73-642b-6ee2-733df6f72277-spa,"La panaderia encantada","Ku, Pyŏng-mo, 1976-",9786078237944,,"Nostra Ediciones",2015,"Mexico, D.F",Book,"Book::Arcade Teen Area: SPANISH TEEN FICTION Ku, P. - On Shelf,Book::Carmichael Teen Area: SPANISH TEEN FICTION Ku, P. - On Shelf,Book::Central Teen Area - 3rd Floor: SPANISH TEEN FICTION Ku, P. - On Shelf"
https://catalog.saclibrary.org/GroupedWork/d92bb103-c0d3-db83-c769-dabfece92fa5-spa,"Mil soles lejanos","Ramos Revillas, Antonio, 1977-",9786078442492,,"El Naranjo",2017,"Ciudad de México",Book,"Book::Courtland Children's Area: SPANISH CHILDREN FICTION Ramos Revillas, A. - On Shelf,Book::McKinley Children's Area: SPANISH CHILDREN FICTION Ramos Revillas, A. - On Shelf,Book::South Natomas Children's Area: SPANISH CHILDREN FICTION Ramos Revillas, A. - On Shelf"
https://catalog.saclibrary.org/GroupedWork/cb4e1912-a509-6af7-acb7-f23c15c558ff-spa,"Manual de un héroe para las vacaciones de verano","Cartaya, Pablo",9798890983145,,"Vintage Español",2025,"Miami, FL",Book,"Book::Arcade Children's Area: SPANISH CHILDREN FICTION Cartaya, P. - On Shelf,Book::Colonial Heights Children's Area: SPANISH CHILDREN FICTION Cartaya, P. - On Shelf,Book::Belle Cooledge Children's Area: SPANISH CHILDREN FICTION Cartaya, P. - On Shelf"
https://catalog.saclibrary.org/GroupedWork/12675d12-467b-ed81-357d-91940295a5ef-spa,Tormento,"Kate, Lauren",9780307745125,,"Knopf Doubleday Publishing Group; Vintage Español","2011 - 2012","Nueva York",eBook;Book,
https://catalog.saclibrary.org/GroupedWork/ae451d07-8798-0ac4-22b0-ae844b46fb14-spa,"Raíces del mundo","Guczka, Christel",9786070939389,,"Editorial Porrúa",2022,México,Book,"Book::Central Kids Place - Lower Level: SPANISH MOVING UP Guczka, C. - On Shelf,Book::Sacramento Public Library Storage: SPANISH MOVING UP Guczka, C. - On Shelf"
https://catalog.saclibrary.org/GroupedWork/605b8b00-49e2-7d01-168b-134553863594-spa,"Donde llevan los sueños","Ferrándiz, Elena",,,"Cuento de Luz",2023,"Madrid [España / Spanish]","Picture Book","Picture Book::Carmichael Children's Area: SPANISH PICTURE BOOK Ferrandi, E. - On Shelf,Picture Book::Colonial Heights Children's Area: SPANISH PICTURE BOOK Ferrandi, E. - On Shelf,Picture Book::Fair Oaks Children's Area: SPANISH PICTURE BOOK Ferrandi, E. - On Shelf"
https://catalog.saclibrary.org/GroupedWork/540448b8-eb7e-a9c5-c886-362f4a391260-spa,"¡Cuánto color!","Bermejo, Raul",9788414034040,,Edelvives,2024,"Zaragoza, Spain","Picture Book","Picture Book::South Natomas Children's Area: SPANISH PICTURE BOOK Bermejo, R. - On Shelf,Picture Book::Sacramento Public Library Storage: SPANISH PICTURE BOOK Bermejo, R. - On Shelf"
https://catalog.saclibrary.org/GroupedWork/4b693f99-ffe3-8dcf-a6b7-5454770df51f-spa,"El Niño","Ryan, Pam Muñoz",9781546176473,,"Scholastic Inc.; Scholastic",2025,"New York",eAudiobook;Book;eBook,"Book::Colonial Heights Children's Area: SPANISH CHILDREN FICTION Ryan, P. - On Shelf,Book::Fair Oaks Children's Area: SPANISH CHILDREN FICTION Ryan, P. - On Shelf,Book::Orangevale: SPANISH CHILDREN FICTION Ryan, P. - On Shelf"
https://catalog.saclibrary.org/GroupedWork/27b14530-7894-6dc4-aa32-c1a7ed4d248f-spa,"Rooster y el diablo bailarin","López, Diana",9781644738023,,"Vintage Español",2024,"Miami, FL",Book,"Book::Del Paso Heights Children's Area: SPANISH CHILDREN FICTION Lopez, D. - On Shelf,Book::Fair Oaks Children's Area: SPANISH CHILDREN FICTION Lopez, D. - On Shelf,Book::Isleton Children's Area: SPANISH CHILDREN FICTION Lopez, D. - On Shelf"
https://catalog.saclibrary.org/GroupedWork/c85d9c4d-bad4-7957-212a-0640de24d8b5-spa,"Los hermanos que cosechaban cuentos de Hadas","Iturralde, Edna, 1948-",9786070129575,,Loqueleo,2016,México,Book,
https://catalog.saclibrary.org/GroupedWork/da2ce0fa-50c7-3e7e-7200-12e69466c98e-spa,"Flox de los colores","Gnone, Elisabetta, 1965-",9788418538988,,"Duomo Ediciones",2024,"Milán, [Italy]",Book,
https://catalog.saclibrary.org/GroupedWork/905fbec0-9c59-229f-f107-f061fc685067-spa,"El dulce y alocado verano de Mimi","LaRocca, Rajani",9788417805982,,"Roca Editorial de Libros",2020,Barcelona,Book,
https://catalog.saclibrary.org/GroupedWork/3d7bf7b4-5cc0-dce3-2c21-88ac835ccae6-spa,"Cómo dan las buenas noches los dinosaurios?","Yolen, Jane",9780439317351,,"Scholastic Inc.; Scholastic","2001 - 2002","New York","Picture Book;eAudiobook",
