Link,Title,Author,ISBN,UPC,Publisher,"Publish Date","Place of Publication",Format,"Location & Call Number"
https://catalog.saclibrary.org/GroupedWork/ad8db3da-059f-5f3a-b77e-97629d447333-eng,"Horror for weenies: everything you need to know about the films you're too scared to watch","Hughes, Emily C",9781683694250,,"Tantor Media, Inc; Quirk Books",2024,Philadelphia,Book;eAudiobook,"Book::Carmichael: 791.4361 H893 2024 - On Shelf,Book::Central: 791.4361 H893 2024 - On Shelf,Book::Belle Cooledge: 791.4361 H893 2024 - On Shelf"
https://catalog.saclibrary.org/GroupedWork/6e012727-6d1e-489b-116d-96e34020628b-eng,"Horror stories: a memoir","Phair, Liz",9780525511984,,"Random House; Books on Tape",2019,"New York",eAudiobook;Book,"Book::Colonial Heights: BIOGRAPHY Phair, L. 2019 - On Shelf,Book::Fair Oaks: BIOGRAPHY Phair, L. 2019 - On Shelf"
https://catalog.saclibrary.org/GroupedWork/b0a1ca39-5eca-b484-64b7-9c681a5eae69-eng,"Horror: the 100 best books",,9780881844177,,"Carroll & Graf Publishers",1988,"New York",Book,"Book::Central: REFERENCE 823.08 H816 1988     823.08 H816 1988 - On Shelf"
https://catalog.saclibrary.org/GroupedWork/3519ccea-fe56-36cb-1cc9-f79942dd7509-eng,"Horror: a connoisseur's guide to literature and film","Wolf, Leonard",9780816021970,,"Facts on File",1989,"New York",Book,"Book::Central: 809.3872 W854 1989 - On Shelf,Book::Sutter County Main Branch: 809.3872 WOL - On Shelf"
https://catalog.saclibrary.org/GroupedWork/b3d14ae1-58d5-a5fa-9920-98981b1f0755-eng,"The horrors of Fox Hollow farm: unraveling the history & hauntings of a serial killer's home","Estep, Richard, 1973-",9780738758558,,"Llewellyn Publications; Llewellyn",2019,"Woodbury, Minnesota",eBook;Book,"Book::Central: 364.15232 B347ze 2019 - On Shelf,Book::South Natomas: 364.15232 B347ze 2019 - On Shelf,Book::Valley Hi-North Laguna: 364.15232 B347ze 2019 - Checked Out"
https://catalog.saclibrary.org/GroupedWork/47ea6bd1-3e3a-8169-1345-2b8953e7faf6-eng,"Why I love horror: essays on horror literature",,9781668205099,,"Saga Press, an imprint of Simon & Schuster, LLC",2025,"New York, New York",Book,"Book::Central New Books - 4th Floor: 809.38738 W629 2025 - OFF CAMPUS,Book::Pocket-Greenhaven: 809.38738 W629 2025 - On Shelf,Book::Valley Hi-North Laguna: 809.38738 W629 2025 - Checked Out"
https://catalog.saclibrary.org/GroupedWork/08d1894b-ef74-f0c0-d481-24bf48fcf542-eng,"Classic horror writers",,9780791022016,,"Chelsea House Publishers",1993,"New York",Book,"Book::Central: 823.0873 C614 1994 - On Shelf"
https://catalog.saclibrary.org/GroupedWork/2a5a636a-0587-8e15-610a-be15eb2f4c2d-eng,"Monster, she wrote: the women who pioneered horror & speculative fiction","Kröger, Lisa",9781683691389,,"Quirk Books; Blackstone Publishing","2019 - 2020",Philadelphia,eBook;Book;eAudiobook,"Book::Arcade: 809.89287 K933 2019 - On Shelf,Book::Central: 809.89287 K933 2019 - On Shelf,Book::North Natomas: 809.89287 K933 2019 - On Hold Shelf"
https://catalog.saclibrary.org/GroupedWork/c623ba1c-e92e-e420-2935-4f8c8f9a499c-eng,"Nightmare fuel: the science of horror films","Nesseth, Nina",9781250765215,,"Tantor Media, Inc; Nightfire",2022,"New York",eAudiobook;Book,"Book::Central: 791.436164 N464 2022 - On Shelf,Book::Belle Cooledge: 791.436164 N464 2022 - On Shelf"
https://catalog.saclibrary.org/GroupedWork/5da5cd78-2856-72a7-9aae-e5d1e6566b64-eng,"Feral and hysterical: Mother Horror's ultimate reading guide to dark and disturbing fiction by women","Hartmann, Sadie",9798890032973,,"Page Street Publishing; Page Street Publishing Co",2025,"Salem, MA",eBook;Book,"Book::Central: 028.9 H333 2025 - On Shelf,Book::Elk Grove: 028.9 H333 2025 - On Shelf,Book::McKinley: 028.9 H333 2025 - On Shelf"
https://catalog.saclibrary.org/GroupedWork/2bf27fb1-e017-6350-324c-1bdbbed94b7a-eng,"How to survive a horror movie","Grahame-Smith, Seth",9781683691464,,"Quirk Books",2019,Philadelphia,Book,"Book::Central: 791.4361 G742 2019 - On Shelf"
https://catalog.saclibrary.org/GroupedWork/5f5cdbaa-0e93-e12a-c6a8-fdb15a8b97ab-eng,"Dark carnivals: modern horror and the origins of American empire","Poole, W. Scott, 1971-",9781640094369,,"Counterpoint; Catapult; Highbridge Company",2022,"Berkeley, California",eBook;Book;eAudiobook,"Book::Central: 791.436164 P822 2022 - On Shelf,Book::Belle Cooledge: 791.436164 P822 2022 - On Shelf,Book::Franklin: 791.436164 P822 2022 - On Shelf"
https://catalog.saclibrary.org/GroupedWork/974569d7-1b1b-fd7e-a34d-46d1668d5335-eng,"Scream with me: horror films and the rise of American feminism (1968-1980)","Johnson, Eleanor, 1979-",9781668087640,,"Simon & Schuster Audio; Atria Books",2025,"New York",eAudiobook;Book;eBook,"Book::Arden-Dimick: 791.436164 J668 2025 - Checked Out,Book::Central New Books - 4th Floor: 791.436164 J668 2025 - Checked Out,Book::Pocket-Greenhaven: 791.436164 J668 2025 - On Shelf"
https://catalog.saclibrary.org/GroupedWork/e0855946-fbe0-7f40-397b-aea0cf7faa1d-eng,"It came from the closet: queer reflections on horror",,9781952177798,,"The Feminist Press at the City University of New York",2022,"New York City",Book,"Book::Carmichael: 791.436164 V185 2022 - On Shelf,Book::Central: 791.436164 V185 2022 - On Shelf,Book::Elk Grove: 791.436164 V185 2022 - On Shelf"
https://catalog.saclibrary.org/GroupedWork/acd2d7ec-ef7d-49d1-26ab-dbbf0307e108-eng,"Killing the witches: the horror of Salem, Massachusetts","O'Reilly, Bill",9781250283320,,"St. Martin's Press; St. Martin's Publishing Group; Macmillan Audio",2023,"New York",eAudiobook;Book;eBook,"Book::Central: 974.45 O667 2023 - On Shelf,Book::McKinley: 974.45 O667 2023 - Checked Out,Book::North Natomas: 974.45 O667 2023 - On Shelf"
https://catalog.saclibrary.org/GroupedWork/0288ec33-d3d4-200e-f9b5-fed76b11ee6e-eng,"Wasteland: the Great War and the origins of modern horror","Poole, W. Scott, 1971-",9781640090934,,"Counterpoint; Blackstone Publishing","2018 - 2019","Berkeley, California",Book;eAudiobook,"Book::Carmichael: 791.4361 P822 2018 - On Shelf,Book::Central: 791.4361 P822 2018 - On Shelf"
https://catalog.saclibrary.org/GroupedWork/43732a9b-f827-b5a5-4073-44f080df4bbb-eng,"Paperbacks from Hell: the twisted history of '70s and '80s horror fiction","Hendrix, Grady",9781594749810,,"Quirk Books; Blackstone Publishing","2017 - 2018",Philadelphia,eBook;Book;eAudiobook,"Book::Central: 809.38738 H498 2017 - On Shelf,Book::North Natomas: 809.38738 H498 2017 - On Shelf,Book::Valley Hi-North Laguna: 809.38738 H498 2017 - On Shelf"
https://catalog.saclibrary.org/GroupedWork/dba88392-de36-aa74-3c6e-917ffded2016-eng,"A place of darkness: the rhetoric of horror in early American cinema","Phillips, Kendall R",9781477315514,,"University of Texas Press",2018,Austin,eBook;Book,"Book::Central: 791.436164 P561 2018 - On Shelf"
https://catalog.saclibrary.org/GroupedWork/2e26a6b5-0cab-5472-de1a-d3a346666cf2-eng,"The disenlightenment: politics, horror, and entertainment","Mamet, David",9780063455092,,"Broadside Books; HarperCollins",2025,"New York",eBook;Book,"Book::Central: 704.9 M264 2025 - On Shelf,Book::Colonial Heights: 704.9 M264 2025 - On Shelf,Book::Franklin: 704.9 M264 2025 - On Shelf"
https://catalog.saclibrary.org/GroupedWork/91244428-a13b-b1e1-5ae9-05e0add48a66-eng,"Anatomy of horror: the masters of occult fiction","Barclay, Glen St. John, 1930-",9780312034085,,"St. Martin's Press",1979,"New York",Book,"Book::Central: 823.09 B244 1979 - On Shelf"
https://catalog.saclibrary.org/GroupedWork/96795809-a5e0-a5ae-7d5e-321e71b7ea82-eng,"Absolute pleasure: queer reflections on Rocky Horror",,9781558613508,,"The Feminist Press at the City University of New York",2025,"New York City",Book,"Book::Central New Books - 4th Floor: 791.4372 A164 2025 - On Shelf,Book::Franklin: 791.4372 A164 2025 - On Shelf"
https://catalog.saclibrary.org/GroupedWork/5dc3deca-912c-1196-c390-b82e7d444dc2-eng,"American scary: a history of horror, from Salem to Stephen King and beyond","Dauber, Jeremy, 1973-",9781643753560,,"Algonquin Books of Chapel Hill",2024,"Chapel Hill, North Carolina",Book,"Book::Central: 813.08738 D235 2024 - On Shelf,Book::Colonial Heights: 813.08738 D235 2024 - On Shelf,Book::Courtland: 813.08738 D235 2024 - On Shelf"
https://catalog.saclibrary.org/GroupedWork/7c0962d8-fb36-8691-2176-2a918f56223e-eng,"The Ides of tomorrow: original science fiction tales of horror",,9780316129701,,"Little, Brown",1976,Boston,Book,"Book::Central: SCIENCE FICTION - On Shelf"
https://catalog.saclibrary.org/GroupedWork/18fb9290-cc35-0199-078e-b44bc0bdb6a9-eng,"Shock value: how a few eccentric outsiders gave us nightmares, conquered Hollywood, and invented modern horror","Zinoman, Jason",9781594203022,,"Tantor Media, Inc.; Penguin Books",2011,"New York",Book;eAudiobook,"Book::Central: 791.436164 Z78 2011 - On Shelf"
https://catalog.saclibrary.org/GroupedWork/1744c351-4162-dccd-9853-b5edd6a38cdc-eng,"Vampira: dark goddess of horror","Poole, W. Scott, 1971-",9781593765439,,"Soft Skull Press",2014,"Berkeley, California",Book,"Book::Carmichael: 791.45028 P822 2014 - On Shelf"
https://catalog.saclibrary.org/GroupedWork/d9670782-3a02-2250-34d5-3c7b6daf4d60-eng,"POE: 19 new tales of suspense, dark fantasy, and horror inspired by Edgar Allan Poe",,9781844165957,,Solaris,2009,"Nottingham, UK",Book,"Book::Central: FICTION Poe - On Shelf"
https://catalog.saclibrary.org/GroupedWork/2aae5440-c116-7271-ba40-62c502cb4c2a-eng,"Body horror: captitalism, fear, misogyny, jokes","Moore, Anne Elizabeth",9781940430881,,"Curbside Splendor Publishing Co",2017,"Chicago, Illinois",Book,"Book::Central: 305.4201 M821 2017 - On Shelf"
https://catalog.saclibrary.org/GroupedWork/0cb64a0b-678a-a240-92a0-e81bd7926f02-eng,"Complete story of the San Francisco horror",,,,"Hubert D. Russell",1906,"[San Francisco?",Book,"Book::Sacramento Room: SPE 979.461051 C737 1906 CAL VAU - Library Use Only,Book::Colusa Main Branch Adult Collection: LC 979.461 C - Library Use Only"
https://catalog.saclibrary.org/GroupedWork/a09d1d4b-3ff3-1610-bf43-e6540d880148-eng,"She's under here: a love story, a horror story, a reckoning","Palmer, Karen, 1976-",9781643757544,,"Algonquin Books of Chapel Hill / Little Brown and Company; Hachette Audio",2025,"New York",eAudiobook;Book,"Book::Colonial Heights: 362.8292 P174 2025 - Checked Out,Book::Belle Cooledge: 362.8292 P174 2025 - Checked Out,Book::Del Paso Heights: 362.8292 P174 2025 - On Shelf"
https://catalog.saclibrary.org/GroupedWork/d24d2dfb-833b-501f-2669-27d6956657fe-eng,"Hollywood horror: from gothic to cosmic","Vieira, Mark A., 1950-",9780810945357,,"Harry N. Abrams",2003,"New York",Book,"Book::Central: OVERSIZE 791.436164 V658 2003 - On Shelf"
https://catalog.saclibrary.org/GroupedWork/5473f7f3-eb68-4001-73ec-86b33914e7f7-eng,"Heart of American darkness: bewilderment and horror on the early frontier","Parkinson, Robert G",9781324091776,,"Highbridge Company; W.W. Norton & Company",2024,"New York, NY",Book;eAudiobook,"Book::Central: 973.2 P248 2024 - On Shelf,Book::Belle Cooledge: 973.2 P248 2024 - On Shelf,Book::Franklin: 973.2 P248 2024 - On Shelf"
https://catalog.saclibrary.org/GroupedWork/2bd359cf-04b7-7ecd-0e72-6cddf4c0594b-eng,"Divergent terror: The crossroads of queerness and horror",,9781737463382,,"Off Limits Press",2022,"[Place of publication not identified]",Book,"Book::Carmichael: 808.84 D618 2022 - OFF CAMPUS,Book::Central: 808.84 D618 2022 - On Shelf"
https://catalog.saclibrary.org/GroupedWork/ada4cd94-3f35-e719-0b74-08829b136738-eng,"The lost peace: leadership in a time of horror and hope, 1945-1953","Dallek, Robert",9780061628665,,"HarperCollins; HarperAudio; Harper",2010,"New York, N.Y",eBook;Book;eAudiobook,"Book::Central: 909.824 D146 2010 - On Shelf,Book::Elk Grove: 909.824 D146 2010 - On Shelf"
https://catalog.saclibrary.org/GroupedWork/6da4b7a6-c18b-4c67-72b9-4924360ef9b2-eng,"The walking dead: Book 14, A continuing story of survival horror","Kirkman, Robert",9781534303294,,Image,2017,"Portland, OR","Graphic Novel/Manga","Graphic Novel/Manga::Central: GRAPHIC NOVEL Kirkman, R. v. 14 - On Shelf,Graphic Novel/Manga::South Natomas: GRAPHIC NOVEL Kirkman, R. v. 14 - On Shelf,Graphic Novel/Manga::Folsom Adult: GRAPHIX Kirkman, R. v.14 - On Shelf"
https://catalog.saclibrary.org/GroupedWork/b1a41826-9c83-b772-ac32-260ecf396779-eng,"Hell put to shame: the 1921 murder farm massacre and the horror of America's second slavery","Swift, Earl, 1958-",9780063265387,,"HarperCollins; Mariner Books",2024,"New York",eAudiobook;Book;eBook,"Book::Carmichael: 976.04 S977 2024 - On Shelf,Book::Central: 976.04 S977 2024 - On Shelf,Book::Fair Oaks: 976.04 S977 2024 - On Shelf"
https://catalog.saclibrary.org/GroupedWork/20e0488f-01b5-7c98-545f-6717cfb9dc8e-eng,"The Somme: heroism and horror in the First World War","Gilbert, Martin, 1936-2015",9780805083019,,"H. Holt",2006,"New York",Book,"Book::Valley Hi-North Laguna: 940.4272 G465 2006 - On Shelf"
https://catalog.saclibrary.org/GroupedWork/7907c917-fd21-d9ea-6571-e99423af8d3c-eng,"The Amityville horror","Anson, Jay, 1921-1980",9781982138264,,"Prentice-Hall; Blackstone Publishing","1977 - 2010","Englewood Cliffs, N.J",eAudiobook;Book,"Book::North Natomas: 133.42 A622 1977 - Checked Out"
https://catalog.saclibrary.org/GroupedWork/12928f80-e8ec-750f-8322-66928102dcd9-eng,"""Image of that horror"": history, prophecy, and apocalypse in King Lear","Wittreich, Joseph Anthony",9780873280839,,"Huntington Library",1984,"San Marino, Calif",Book,"Book::Central: 822.33 T4W832 1984 - On Shelf"
https://catalog.saclibrary.org/GroupedWork/a3724185-31db-8674-4ce0-059b6ede767f-eng,"The horrors of Andersonville: life and death inside a Civil War prison","Gourley, Catherine, 1950-",9780761342120,,"Twenty-First Century Books",2010,Minneapolis,Book,
https://catalog.saclibrary.org/GroupedWork/c244ad69-e97f-257b-0972-52265686587d-eng,"House of psychotic women: an autobiographical topography of female neurosis in horror and exploitation films","Janisse, Kier-La",9781913051211,,"Tantor Media, Inc.; FAB Press Ltd","2022 - 2023","Godalming, England",Book;eAudiobook,"Book::Central: 791.436164 J338 2022 - Checked Out"
https://catalog.saclibrary.org/GroupedWork/63977dee-fb2c-61eb-9666-8e5469fb1554-eng,"All his father's sins: the trail of terrifying horror that led to Gerald & Charlene Gallego","Biondi, Ray",,,"Angel Press",1986,"Monterey, CA",Book,"Book::Sacramento Room: SPE 364.1523 G166zb 1986 CAL - Library Use Only,Book::Sacramento Room: SPE 364.1523 G166zb 1986 SAA - Library Use Only"
https://catalog.saclibrary.org/GroupedWork/52d8ca07-3726-655c-e832-2a9f1cb4b76e-eng,"Captive in Iran: a remarkable true story of hope and triumph amid the horror of Tehran's brutal Evin Prison",,9781414383040,,"Tyndale Momentum, an Imprint of Tyndale House Publishers, Inc",2013,"[Carol Stream, IL]",Book,"Book::Central: 365.45092 R839 2013 - On Shelf"
https://catalog.saclibrary.org/GroupedWork/0b7f2008-b77b-39a6-1fd5-cb13afd9215c-eng,"The ultimate RPG character backstory guide: prompts and activities to create compelling characters for horror, sci-fi, x-punk, and more","D'Amato, James",9781507217917,,"Adams Media",2022,"New York",Book,"Book::Central: 793.93 D155 2022 - On Shelf,Book::Rancho Cordova: 793.93 D155 2022 - On Shelf,Book::Sylvan Oaks: 793.93 D155 2022 - On Shelf"
https://catalog.saclibrary.org/GroupedWork/d1de58a3-3de7-6ac4-79bb-61c07ec9cce1-eng,"Morbidly curious: a scientist explains why we can't look away","Scrivner, Coltan",9780143137344,,"Penguin Books; Penguin Publishing Group; Books on Tape",2025,"New York, NY",eAudiobook;Book;eBook,"Book::Arden-Dimick: 155.937 S434 2025 - Checked Out,Book::Central: 155.937 S434 2025 - Checked Out,Book::Franklin: 155.937 S434 2025 - On Shelf"
https://catalog.saclibrary.org/GroupedWork/45c33945-809d-6ff9-0468-129070ed3173-eng,"Uzumaki: spiral into horror","Itō, Junji, 1963-",9781421561325,,VIZ,2010,"San Francisco, CA","Graphic Novel/Manga","Graphic Novel/Manga::Central: MANGA Ito, J. - Checked Out,Graphic Novel/Manga::Colusa Main Branch Adult Collection: Fic - On Hold Shelf"
https://catalog.saclibrary.org/GroupedWork/d4df86b2-5ef4-e9d9-5a0d-1fb503ee251d-eng,"Edgar Allan Poe","Poe, Edgar Allan, 1809-1849",9780806908205,,"Viking Press; Sterling Publishing; Naxos Audiobooks; Sterling Pub. Co","1945 - 2008","New York",Book;eAudiobook,"Book::Franklin Children's: CHILDREN FICTION Poe, E. - On Shelf,Book::Colonial Heights Children's Area: CHILDREN 811 P743 1995 - On Shelf,Book::Franklin Children's: CHILDREN 811 P743 1995 - On Shelf"
https://catalog.saclibrary.org/GroupedWork/8a4d3b49-2a29-cae2-c629-8721aabed3db-eng,"The complete tales and poems of Edgar Allan Poe","Poe, Edgar Allan, 1809-1849",9780394716787,,"Knopf Doubleday Publishing Group; Xist Publishing; Vintage Books","1975 - 2016","New York",eBook;Book,"Book::Franklin: 818 P743com 1975 - Checked Out,Book::Galt: 818 P743com 1975 - On Shelf,Book::McClatchy: 818 P743com 1975 - Checked Out"
https://catalog.saclibrary.org/GroupedWork/627d6193-6007-d35a-d366-26005960e27b-eng,"The weird world of Eerie Publications: comic gore that warped millions of young minds!","Howlett, Mike",9781932595871,,"Feral House",2010,"Port Townsend, WA",eBook;Book,"Book::Valley Hi-North Laguna: 741.53164 E26zh 2010 - On Shelf"
https://catalog.saclibrary.org/GroupedWork/5f8bc092-3510-b6e6-1e84-34e8db1e41ba-eng,"On writing: a memoir of the craft","King, Stephen, 1947-",9781982159375,,"Simon & Schuster Audio; Scribner","2000 - 2020","New York; New York, NY",eAudiobook;Book;eBook,"Book::Arcade: 813.54 K545 2020 - Checked Out,Book::Carmichael: 813.54 K545 2020 - On Shelf,Book::Sylvan Oaks: 813.54 K545 2020 - Checked Out"
https://catalog.saclibrary.org/GroupedWork/a653dc55-3ba4-c020-60d1-c6b966f5306b-eng,"50 great horror stories",,9780517136713,,Bell,1971,"New York",Book,
https://catalog.saclibrary.org/GroupedWork/47ef2022-8762-c644-ec77-5d4eb40af700-eng,"The world's greatest horror stories",,9780760769881,,"Barnes & Noble Books",2004,"New York",Book,
https://catalog.saclibrary.org/GroupedWork/731bf016-fa8a-a895-35ce-ad235a744848-eng,"Incarnations: three plays","Barker, Clive, 1952-",9780061052446,,HarperPrism,1995,"New York",Book,"Book::Central: 822.914 B255 1995 - On Shelf"
https://catalog.saclibrary.org/GroupedWork/08b92310-d374-4b73-797a-68d628974dfe-eng,"Helen house","Upadhyaya, Kayla Kumari",9781941681213,,"Burrow Press",2022,"Orlando, FL",Book,"Book::Central: FICTION Upadhyaya, K. - On Shelf,Book::Galt: FICTION Upadhyaya, K. - On Shelf,Book::Sacramento Public Library: FICTION Upadhyaya, K. - OFF CAMPUS"
https://catalog.saclibrary.org/GroupedWork/9c3dc88a-8b24-52a5-e584-86678c576046-eng,"The raven","Poe, Edgar Allan, 1809-1849",9780143122364,,"Penguin Classics; [s.n.]; Phoemixx Classics Ebooks; Dreamscape Media; Harper & Brothers; The Radio Reading Room; KCP Poetry; Findaway Voices","1884 - 2025","New York; [s.l.]; London; Toronto",eBook;Book;eAudiobook,"Book::McKinley Children's Area: TEEN 811 P743 2006 - On Shelf,Book::Sylvan Oaks Teen Area: TEEN 811 P743 2006 - On Shelf,Book::Folsom Adult: 811.3 POE 2006 - On Shelf"
https://catalog.saclibrary.org/GroupedWork/2029a659-e928-2b0b-17f6-b0113d7bba53-eng,"Read on-- horror fiction","Pulliam, June Michele",9781591581765,,"Libraries Unlimited",2006,"Westport, Conn",Book,
https://catalog.saclibrary.org/GroupedWork/d9c517d3-bd41-cbea-f59c-d5f7f396f346-eng,Tombs,"Itō, Junji, 1963-",9781974736041,,"VIZ Media, LLC",2023,"San Francisco, CA","Graphic Novel/Manga","Graphic Novel/Manga::Carmichael: MANGA Ito, J. - Checked Out,Graphic Novel/Manga::Central: MANGA Ito, J. - Checked Out,Graphic Novel/Manga::Colonial Heights: MANGA Ito, J. - Checked Out"
https://catalog.saclibrary.org/GroupedWork/f12580d1-722c-3fe8-c13d-493c639de8ca-eng,"Lovesickness: Junji Ito story collection","Itō, Junji, 1963-",9781974719846,,"VIZ Media LLC",2021,",San Francisco","Graphic Novel/Manga","Graphic Novel/Manga::Central: MANGA Ito, J. - On Shelf,Graphic Novel/Manga::Colonial Heights: MANGA Ito, J. - Checked Out,Graphic Novel/Manga::Valley Hi-North Laguna: MANGA Ito, J. - On Hold Shelf"
https://catalog.saclibrary.org/GroupedWork/5b904263-4b64-f8fc-dcd0-ebcef2e1b710-eng,Soichi,"Itō, Junji, 1963-",9781974739028,,"VIZ Media, LLC",2023,"San Francisco, CA","Graphic Novel/Manga","Graphic Novel/Manga::Carmichael: MANGA Ito, J. - Checked Out,Graphic Novel/Manga::Colonial Heights: MANGA Ito, J. - Checked Out,Graphic Novel/Manga::Rancho Cordova: MANGA Ito, J. - On Shelf"
https://catalog.saclibrary.org/GroupedWork/4e7a283c-56ac-3df8-a0ba-cce6c29e9030-eng,"Haunted heart: the life and times of Stephen King","Rogak, Lisa, 1962-",9780312377328,,"Thomas Dunne Books/St. Martin's Griffin; St. Martin's Publishing Group; Thomas Dunne Books","2009 - 2010","New York",eBook;Book,"Book::Central: BIOGRAPHY King, S. 2010 - On Shelf"
https://catalog.saclibrary.org/GroupedWork/52793c8c-61f4-769c-00f5-bb763d43891b-eng,"One-eyed doll","Preller, James",9781250040954,,"Feiwel and Friends",2014,"New York",Book,"Book::Del Paso Heights Children's Area: CHILDREN FICTION Preller, J. - On Shelf,Book::Franklin Children's: CHILDREN FICTION Preller, J. - On Shelf,Book::South Natomas Children's Area: CHILDREN FICTION Preller, J. - On Shelf"
https://catalog.saclibrary.org/GroupedWork/1b2d84f7-03f1-d937-69d6-1cc7e11643dc-eng,"Double Dead","Wendig, Chuck",9781907992414,,"Abaddon Books",2011,"Oxford, UK",Book,"Book::Carmichael: FICTION Wendig, C. - On Shelf"
https://catalog.saclibrary.org/GroupedWork/0e1d0569-4e12-167c-6ae5-10798892118d-eng,"Complete stories and poems of Edgar Allan Poe","Poe, Edgar Allan, 1809-1849",9780385074070,,"Knopf Doubleday Publishing Group; Doubleday","1966 - 2012","Garden City, N.Y",eBook;Book,"Book::Central: FICTION Poe, E. - On Shelf,Book::South Natomas: FICTION Poe, E. - On Shelf,Book::Southgate: FICTION Poe, E. - Checked Out"
https://catalog.saclibrary.org/GroupedWork/71f53615-e7fd-7e83-a7ad-584a6c1c0746-eng,"Monsters in the movies: 100 years of cinematic nightmares","Landis, John, 1950-",9780756683702,,"DK Pub",2011,"New York",Book,"Book::Central: OVERSIZE 791.4367 L257 2011 - On Shelf"
https://catalog.saclibrary.org/GroupedWork/81943319-3d4c-cf5a-e899-5d69d8142deb-eng,"Gothicka: vampire heroes, human gods, and the new supernatural","Nelson, Victoria",9780674050143,,"Harvard University Press",2012,"Cambridge, Mass",Book,"Book::Central: 700.415 N431 2012 - On Shelf"
https://catalog.saclibrary.org/GroupedWork/f29d1b1b-4bbf-bf1d-9287-9f77310aec2b-eng,"Everyone loves a good train wreck: why we can't look away","Wilson, Eric, 1967-",9780374150334,,"Sarah Crichton Books",2012,"New York",Book,"Book::Central: 155.935 W747 2012 - On Shelf"
https://catalog.saclibrary.org/GroupedWork/8576e8d7-c1ed-5553-5730-5b8b3d6e7712-eng,"The vines: a novel","Rice, Christopher, 1979-",9781477826638,,47North,2014,"Seattle, WA",Book,"Book::Belle Cooledge: FICTION Rice, C. - On Shelf,Book::Fair Oaks: FICTION Rice, C. - On Shelf"
https://catalog.saclibrary.org/GroupedWork/2ff621b6-11f3-3379-1d6a-36add400b0a2-eng,"Hidden horrors: Japanese war crimes in World War II","Tanaka, Toshiyuki, 1949-",9780813327174,,"Westview Press",1996,"Boulder, Colo",Book,"Book::Central: 940.5405 T161 1996 - On Shelf,Book::Sutter County Main Branch: 940.5405 TAN - On Shelf,Book::Woodland Public Library: 940.5405 Tan 1996 - On Shelf"
https://catalog.saclibrary.org/GroupedWork/3a61d204-11f5-83c9-a202-7f6cf0df464c-eng,"The two Sams: ghost stories","Hirshberg, Glen, 1966-",9780786712557,,"Carroll & Graf Publishers",2003,"New York",Book,"Book::North Natomas: FICTION Hirshberg - On Shelf"
https://catalog.saclibrary.org/GroupedWork/9a6a7ba9-3ba4-4db2-4eec-230af8d47a2b-eng,"Wonderland: Vol. 4","Ishikawa, Yugo, 1960-",9781642757323,,"Seven Seas Entertainment",2019,"[Los Angeles, California]","Graphic Novel/Manga","Graphic Novel/Manga::Central Teen Area - 3rd Floor: TEEN MANGA Wonderland v.4 - On Shelf,Graphic Novel/Manga::McClatchy Teen Area: TEEN MANGA Wonderland v.4 - On Shelf,Graphic Novel/Manga::North Natomas: TEEN MANGA Wonderland v.4 - On Shelf"
https://catalog.saclibrary.org/GroupedWork/972581dd-edcc-78ed-37b0-18e5846901e3-eng,"Double walker","Conrad, Michael W",9781506730899,,"Dark Horse Books",2022,"Milwaukie, OR","Graphic Novel/Manga","Graphic Novel/Manga::Carmichael: GRAPHIC NOVEL Conrad, M. - Checked Out,Graphic Novel/Manga::Central: GRAPHIC NOVEL Conrad, M. - On Shelf,Graphic Novel/Manga::Franklin: GRAPHIC NOVEL Conrad, M. - On Shelf"
https://catalog.saclibrary.org/GroupedWork/aa2bcf8f-7789-12cc-fb4e-351fcc9f436c-eng,"The lost work of Stephen King: a guide to unpublished manuscripts, story fragments, alternative versions, and oddities","Spignesi, Stephen J",9780806523903,,"Citadel; Carol Pub. Group","1998 - 2002","New York; Secaucus, N.J",Book,"Book::Central: 813.54 K54zs2L 2002 - On Shelf"
https://catalog.saclibrary.org/GroupedWork/9ea788b2-88a0-70d9-59c1-df10d54b3656-eng,"When we talk to the dead : a novel","Chorão, Ian",9798892423519,,"Crooked Lane Books",2025,"New York",Book,"Book::Arden-Dimick: FICTION Chorao, I. - Checked Out,Book::Central: FICTION Chorao, I. - On Shelf,Book::Belle Cooledge: FICTION Chorao, I. - Checked Out"
https://catalog.saclibrary.org/GroupedWork/163fe7f2-491d-e53f-412a-e09aaf907dd0-eng,"Fire road: the Napalm girl's journey through the horrors of war to faith, forgiveness, and peace","Kim Phúc, 1963-",9781496424303,,"Tyndale Momentum, the nonfiction imprint of Tyndale House Publishers, Inc",2017,"Carol Stream, Illinois",Book,"Book::Central: 248.4 T422 2017 - On Shelf"
https://catalog.saclibrary.org/GroupedWork/49e8e345-7619-53ef-5c04-d2a2510a2263-eng,"H.P. Lovecraft's The colour out of space","Tanabe, Gou, 1975-",9781506746326,,"Dark Horse Manga a division of Dark Horse Comics LLC",2025,"Milwaukie, OR","Graphic Novel/Manga","Graphic Novel/Manga::Central: MANGA Lovecraft, H. - On Shelf,Graphic Novel/Manga::Colonial Heights: MANGA Lovecraft, H. - On Shelf,Graphic Novel/Manga::Elk Grove: MANGA Lovecraft, H. - Checked Out"
https://catalog.saclibrary.org/GroupedWork/ed4cac1a-b371-7a16-b246-347743b0e7dc-eng,"Ronin Island: Volume one, Together in strength","Pak, Greg",9781684154593,,"BOOM! Studios",2019,"Los Angeles, CA","Graphic Novel/Manga","Graphic Novel/Manga::Carmichael Teen Area: TEEN GRAPHIC NOVEL Pak, G. v.1 - On Shelf,Graphic Novel/Manga::Central Teen Area - 3rd Floor: TEEN GRAPHIC NOVEL Pak, G. v.1 - On Shelf,Graphic Novel/Manga::Elk Grove Teen Area: TEEN GRAPHIC NOVEL Pak, G. v.1 - On Shelf"
https://catalog.saclibrary.org/GroupedWork/b565c5a3-bd40-977c-e9cd-90d093a9a9ce-eng,"The conjuring: the lover",,9781779515087,,"DC Comics",2022,"Burbank, CA","Graphic Novel/Manga","Graphic Novel/Manga::Central: GRAPHIC NOVEL The Conjuring - On Shelf,Graphic Novel/Manga::Franklin: GRAPHIC NOVEL The Conjuring - On Shelf"
https://catalog.saclibrary.org/GroupedWork/15bf0adc-cfcc-ae83-74f9-414920ab9a01-eng,"The sleep of reason",,9780970873118,,"Iron Circus Comics",2014,[Chicago?],"Graphic Novel/Manga","Graphic Novel/Manga::Central: GRAPHIC NOVEL Sleep - On Shelf"
https://catalog.saclibrary.org/GroupedWork/9d579fa1-a88d-aa76-aa96-4478518256b5-eng,"The laughing corpse","Hamilton, Laurell K",9780425204665,,"Berkley Books",2005,"New York",Book,"Book::Belle Cooledge: FICTION Hamilton, L. - On Shelf,Book::South Natomas: FICTION Hamilton, L. - On Shelf,Book::North Natomas: FICTION Hamilton, L. - On Shelf"
https://catalog.saclibrary.org/GroupedWork/2309ae3e-d904-daf2-ef3d-39edd21d9a09-eng,"Through a night of horrors: voices from the 1900 Galveston storm",,9781585442287,,"Texas A & M University Press",2000,"College Station",Book,"Book::Central: 976.4139 G111 2000 - On Shelf"
https://catalog.saclibrary.org/GroupedWork/7ed3b2a3-acca-9dd5-c3cc-c5fd53ddbc6f-eng,"Wonderland: Volume 5","Ishikawa, Yugo, 1960-",9781645052272,,"Seven Seas",2020,"New York","Graphic Novel/Manga","Graphic Novel/Manga::Courtland Teen Area: TEEN MANGA Wonderland v.5 - On Shelf,Graphic Novel/Manga::Franklin Teen: TEEN MANGA Wonderland v.5 - On Shelf,Graphic Novel/Manga::Rancho Cordova: TEEN MANGA Wonderland v.5 - On Shelf"
https://catalog.saclibrary.org/GroupedWork/820b4ab7-0f1a-fcaf-8dae-e194779ae046-eng,"So deadly, so perverse: 50 years of Italian Giallo fillms, [Volume 1: 1963-1973]","Howarth, Troy, 1977-",9781936168507,,"Midnight Marquee Press, Inc",2015,"Baltimore, Maryland, U.S.A",Book,"Book::Central: 791.437 H853 2015 v.1 - On Shelf"
https://catalog.saclibrary.org/GroupedWork/4b8a2700-c397-9d6c-459c-5184a5f0be0e-eng,"So deadly, so perverse: 50 years of Italian Giallo fillms, [Volume 2: 1974-2013]","Howarth, Troy, 1977-",9781936168583,,"Midnight Marquee Press, Inc",2015,"Baltimore, Maryland, U.S.A",Book,"Book::Central: 791.437 H853 2015 v.2 - On Shelf"
https://catalog.saclibrary.org/GroupedWork/82cfe4a9-06d5-7eee-aeb5-d9efed7a6ae4-eng,"Sycorax's daughters",,9781941958445,,"Cedar Groves Publishing",2017,"San Francisco",Book,"Book::Central: FICTION Sycorax's - On Shelf"
https://catalog.saclibrary.org/GroupedWork/50038090-6de5-bc93-f8b1-13f51cf4a886-eng,"Knitmare on Elm Street: 20 projects that go bump in the night","Simpson, Hannah",9780762444175,,"Running Press",2012,"Philadelphia, Pennsylvania",Book,"Book::Central: 746.432 S613 2012 - On Shelf"
https://catalog.saclibrary.org/GroupedWork/c74c9ab7-7bdf-91bb-37fa-1b838a50abaa-eng,"The haunted world of Mario Bava","Howarth, Troy, 1977-",9781936168453,,"BearManor Media; Midnight Marquee Press, Inc","2014 - 2018","Baltimore, Maryland, U.S.A",eBook;Book,"Book::Central: 791.430233 B353zh 2014 - On Shelf"
https://catalog.saclibrary.org/GroupedWork/776259a1-6fbd-ac1e-0dff-dc425ab36d7f-eng,"The unseen: [1] : it begins ; rest in peace","Cusick, Richie Tankersley",9780142423363,,Speak,2012,"New York",Book,"Book::Franklin Teen: TEEN FICTION Cusick, R. v.1 - On Shelf,Book::Sacramento Public Library Storage: TEEN FICTION Cusick, R. v.1 - On Shelf"
https://catalog.saclibrary.org/GroupedWork/024bb3ca-de09-7d36-caeb-74cdcd226b96-eng,Ibitsu,"Ryō, Haruto",9781975353315,,"Yen Press",2018,"New York, NY","Graphic Novel/Manga","Graphic Novel/Manga::Elk Grove: MANGA Ibitsu - Checked Out,Graphic Novel/Manga::Rancho Cordova: MANGA Ibitsu - On Shelf,Graphic Novel/Manga::Sylvan Oaks: MANGA Ibitsu - Checked Out"
https://catalog.saclibrary.org/GroupedWork/5103bae2-27da-a62b-1299-778831e9308b-eng,"H.P. Lovecraft's At the mountains of madness: The second volume","Tanabe, Gou, 1975-",9781506710235,,"Dark Horse Manga",2019,"Milwaukie, Oregon","Graphic Novel/Manga","Graphic Novel/Manga::Colonial Heights: MANGA H.P. Lovecraft's v.2 - On Shelf,Graphic Novel/Manga::Belle Cooledge: MANGA H.P. Lovecraft's v.2 - On Shelf,Graphic Novel/Manga::Rio Linda: MANGA Lovecraft, H. v.2 - On Shelf"
https://catalog.saclibrary.org/GroupedWork/5cf2a412-2d88-4453-c193-a26e857d3765-eng,"Gyo: the death-stench creeps","Itō, Junji, 1963-",9781421579153,,"VIZ Media, LLC",2015,"San Francisco, CA","Graphic Novel/Manga","Graphic Novel/Manga::Colonial Heights: MANGA Ito, J. - Checked Out,Graphic Novel/Manga::Fair Oaks: MANGA Gyo - On Shelf,Graphic Novel/Manga::Southgate: MANGA Ito, J. - On Shelf"
https://catalog.saclibrary.org/GroupedWork/c675bf31-7891-303b-2015-e9eb41ad3b40-eng,"The complete works of Edgar Allan Poe","Poe, Edgar Allan, 1809-1849",,,"Thomas Y. Crowell & Co",1902,"New York",Book,"Book::Sacramento Room: 818 P743c4 1902 v.8 SPE - Library Use Only,Book::Sacramento Room: 818 P743c4 1902 v.9              SPE - Library Use Only,Book::Sacramento Room: 818 P743c4 1902 v.10 SPE - Library Use Only"
https://catalog.saclibrary.org/GroupedWork/d3d254b4-3861-9ddc-1bce-92bfb61320f4-eng,Britannia,"Milligan, Peter",9781682151853,,"Valiant Entertainment LLC",2017,"New York, NY","Graphic Novel/Manga","Graphic Novel/Manga::Central: GRAPHIC NOVEL Milligan, P. - On Shelf"
https://catalog.saclibrary.org/GroupedWork/92f82865-293b-f4b1-afe1-496d8fdb18a5-eng,"Mummy dogs and other horrifying snacks","Vega, Ali",9781512428889,,"Lerner Publishing Group; Lerner Publications",2017,Minneapolis,eBook;Book,"Book::Carmichael Children's Area: CHILDREN 641.5123 V422 2017 - On Shelf,Book::Orangevale: CHILDREN 641.5123 V422 2017 - On Shelf,Book::Rio Linda Children's Area: CHILDREN 641.5123 V422 2017 - On Shelf"
https://catalog.saclibrary.org/GroupedWork/c5d03030-3b86-c65a-27c6-ee31a77698ef-eng,"I was feeling epic: an oral history of The Vampire Diaries","Highfill, Samantha",9780593475959,,"Plume; Penguin Publishing Group",2025,"New York, NY",eBook;Book,"Book::Central: 791.4572 H638 2025 - On Shelf,Book::Colonial Heights: 791.4572 H638 2025 - On Shelf,Book::South Natomas: 791.4572 H638 2025 - On Shelf"
https://catalog.saclibrary.org/GroupedWork/88341abf-6209-58b2-ff20-1c3141405640-eng,"California sorcery",,9780441008087,,"Ace Books",2001,"New York",Book,"Book::Central: SCIENCE FICTION California - On Shelf"
https://catalog.saclibrary.org/GroupedWork/7c7ce5f3-adfd-b6fd-816e-ae751dece5c8-eng,"American Vampire: Volume seven","Snyder, Scott",9781401248826,,"DC Comics/Vertigo",2015,"Burbank, CA","Graphic Novel/Manga","Graphic Novel/Manga::Arcade: GRAPHIC NOVEL Snyder, S. v.7 - On Shelf,Graphic Novel/Manga::Central: GRAPHIC NOVEL Snyder, S. v.7 - On Shelf,Graphic Novel/Manga::Belle Cooledge: GRAPHIC NOVEL Snyder, S. v.7 - On Shelf"
https://catalog.saclibrary.org/GroupedWork/f90759e1-dd51-db48-c7d0-8f071b364235-eng,"Frankenstein's creation: the book, the monster, and human reality","Ketterer, David",9780920604304,,"University of Victoria",1979,"[Victoria, B.C.]",Book,"Book::Central: 823 S545zk 1979 - On Shelf"
https://catalog.saclibrary.org/GroupedWork/4c2f741d-4a1a-f7ae-8793-3c1eed62876a-eng,"Circus of the damned","Hamilton, Laurell K",9780425201398,,"Berkley Books",2007,"New York",Book,"Book::Central: FICTION Hamilton, L. - On Shelf,Book::Belle Cooledge: FICTION Hamilton, L. - On Shelf,Book::Fair Oaks: FICTION Hamilton, L. - On Shelf"
https://catalog.saclibrary.org/GroupedWork/2bc9858d-dc94-ad2c-2701-21e22aa4dccd-eng,"Murder by design: the unsane cinema of Dario Argento","Howarth, Troy, 1977-",9781644301166,,"Midnight Marquee Press, Inc",2020,"Baltimore, Maryland, U.S.A",Book,"Book::Central: 791.430233 A691zh 2020 - On Shelf"
https://catalog.saclibrary.org/GroupedWork/ce2acdf3-6127-f575-e95a-f99743a667fe-eng,"The Gothic tradition in fiction","MacAndrew, Elizabeth, 1924-",9780231046749,,"Columbia University Press",1979,"New York",Book,"Book::Central: 823.09 M114 1979 - On Shelf"
https://catalog.saclibrary.org/GroupedWork/d767423c-5dba-bdd4-05bd-a1842ff06717-eng,"Locke & Key: small world","Hill, Joe",9781631408465,,"IDW Publishing, a division of Idea and Design Works, LLC",2016,"San Diego, CA","Graphic Novel/Manga","Graphic Novel/Manga::Central Teen Area - 3rd Floor: TEEN GRAPHIC NOVEL Locke & Key - On Shelf,Graphic Novel/Manga::Belle Cooledge Teen Area: TEEN GRAPHIC NOVEL Locke & Key - On Shelf,Graphic Novel/Manga::North Sacramento-Hagginwood Teen Area: TEEN GRAPHIC NOVEL Locke & Key - On Shelf"
https://catalog.saclibrary.org/GroupedWork/3f1e2a63-503d-782f-1605-2b2bee9c3535-eng,"Splintered visions: Lucio Fulci and his films","Howarth, Troy, 1977-",9781936168613,,"Midnight Marquee Press, Inc",2015,"Baltimore, Maryland, U.S.A",Book,"Book::Central: 791.430233 F962zh 2015 - On Shelf"
https://catalog.saclibrary.org/GroupedWork/fa1ececb-d9f1-6603-d62a-8624937904ed-eng,"Uncanny valley girls","Lisowski, Zefyr, 1994-",9780063413993,,"Harper Perennial",2025,"New York",Book,"Book::Arcade: 306.768 L771 2025 - Checked Out,Book::Central: 306.768 L771 2025 - On Shelf,Book::Fair Oaks: 306.768 L771 2025 - Checked Out"
https://catalog.saclibrary.org/GroupedWork/c41d0493-4540-e0c5-f79c-0d407be54108-eng,"We have demons","Snyder, Scott",9781506728339,,"Dark Horse Books",2022,"Milwaukie, OR","Graphic Novel/Manga","Graphic Novel/Manga::Belle Cooledge: GRAPHIC NOVEL We Have - Checked Out,Graphic Novel/Manga::Franklin: GRAPHIC NOVEL We Have - On Shelf,Graphic Novel/Manga::Woodland Public Library: GRAPHIC NOVEL Snyder, S. - On Shelf"
https://catalog.saclibrary.org/GroupedWork/965262cc-fd36-60b4-38f1-7e6a7ada892d-eng,"Thrillers: 100 must-reads",,9781933515564,,"Oceanview Pub",2010,"Longboat Key, Fla",Book,"Book::Fair Oaks: 809.3872 T531 2010 - Checked Out,Book::North Natomas: 809.3872 T531 2010 - On Shelf"
https://catalog.saclibrary.org/GroupedWork/ae714f5d-4b88-2c5f-29e6-55982519204a-eng,"The nasty: the complete series","Lees, John",9781638492092,,"Vault Comics",2024,"[place of publication not identifed]","Graphic Novel/Manga","Graphic Novel/Manga::Arcade: GRAPHIC NOVEL Lees, J. - On Shelf,Graphic Novel/Manga::Carmichael: GRAPHIC NOVEL Lees, J. - On Shelf,Graphic Novel/Manga::Central: GRAPHIC NOVEL Lees, J. - On Shelf"
https://catalog.saclibrary.org/GroupedWork/5b76c34e-c908-ffa9-c065-3d952a170d62-eng,"Zombillenium: Vol. 3, Control freaks","Pins, Arthur de",9781561639564,,NBM,2015,"New York","Graphic Novel/Manga","Graphic Novel/Manga::Fair Oaks Teen Area: TEEN GRAPHIC NOVEL Pins, A. v.3 - On Shelf"
https://catalog.saclibrary.org/GroupedWork/2bc7556c-771e-38c8-f9ce-a226409458a9-eng,"The literature of terror: a history of Gothic fictions from 1765 to the present day","Punter, David",9780582489219,,Longmans,1980,"New York; London",Book,"Book::Central: 823.09 P984 1980 - On Shelf"
https://catalog.saclibrary.org/GroupedWork/f205b2b9-19ab-cf65-cfa9-21232497c906-eng,"The unknown Poe: an anthology of fugitive writings by Edgar Allan Poe","Poe, Edgar Allan, 1809-1849",9780872861107,,"City Lights Books",1980,"San Francisco, Calif",Book,"Book::Central: 818 P743u 1980 - On Shelf"
https://catalog.saclibrary.org/GroupedWork/4e4201e5-3eb1-ecaf-4142-3aa26b37e1e5-eng,"Bram Stoker","Roth, Phyllis A",9780805768282,,"Twayne Publishers",1982,Boston,Book,"Book::Carmichael: 823 S874zr 1982 - On Shelf,Book::Central: 823 S874zr 1982 - On Shelf"
https://catalog.saclibrary.org/GroupedWork/e1b474d1-8ffc-48f1-fdf5-f4861422c8df-eng,"Joey Drew Studios employee handbook: updated edition","Spinner, Cala",9781339032269,,"AFK, an imprint of Scholastic Inc",2024,"New York",Book,"Book::Central Teen Area - 3rd Floor: TEEN 794.85 B459zs 2024 - On Shelf,Book::Rio Linda Teen Area: TEEN 794.85 B459zs 2024 - On Shelf"
https://catalog.saclibrary.org/GroupedWork/a56d68b2-4f61-2071-2a86-0f4e2cfb0b92-eng,"D.Gray-man: Vol. 23, Searching for Allen Walker","Hoshino, Katsura",9781421550855,,"Viz Media",2012,"San Francisco","Graphic Novel/Manga","Graphic Novel/Manga::Carmichael: MANGA D.Gray-Man v.23 - On Shelf,Graphic Novel/Manga::Valley Hi-North Laguna: MANGA D.Gray-Man v.23 - On Shelf"
https://catalog.saclibrary.org/GroupedWork/032f0fa0-8a5f-d705-2b99-2fde1a861f13-eng,"Stephen King: the first decade, Carrie to Pet sematary","Reino, Joseph",9780805775129,,"Twayne Publishers",1988,Boston,Book,"Book::Central: 813.54 K54zr 1988 - On Shelf"
https://catalog.saclibrary.org/GroupedWork/5cc466a8-f8f2-de56-8e37-04541d7750fb-eng,"Something in the blood: the untold story of Bram Stoker, the man who wrote Dracula","Skal, David J",9781631490101,,"Highbridge Company; HighBridge; Liveright Publishing Corporation, a division of W.W. Norton & Company",2016,"New York",eAudiobook;Book,"Book::Central: BIOGRAPHY Stoker, B. 2016 - On Shelf"
https://catalog.saclibrary.org/GroupedWork/4d25873f-1d66-dc77-be21-9a608923f1ed-eng,"Tokyo ghoul: 8","Ishida, Sui",9781421580432,,"VIZ Media, LLC",2016,"San Francisco, CA","Graphic Novel/Manga","Graphic Novel/Manga::Arcade Teen Area: TEEN MANGA Tokyo Ghoul v.8 - On Shelf,Graphic Novel/Manga::Rancho Cordova: TEEN MANGA Tokyo Ghoul v.8 - On Shelf,Graphic Novel/Manga::Valley Hi-North Laguna Teen Area: TEEN MANGA Tokyo Ghoul v.8 - Checked Out"
https://catalog.saclibrary.org/GroupedWork/161897d3-c1d6-caef-4dec-31c8f90f8022-eng,"They live","Lethem, Jonathan",9781593762780,,"Distributed by Publishers Group West; Soft Skull Press",2010,"Berkeley, CA",Book,"Book::Valley Hi-North Laguna: 791.4372 T421zL 2010 - On Shelf"
https://catalog.saclibrary.org/GroupedWork/568b134f-b6c2-ef1c-bd44-07aee4c31fc3-eng,"Stephen King: the second decade, Danse macabre to The dark half","Magistrale, Tony",9780805739572,,"Maxwell Macmillan International; Twayne Publishers; Maxwell Macmillan Canada",1992,"New York; Toronto",Book,"Book::Pocket-Greenhaven: 813.54 K54zr 1992 - On Shelf"
https://catalog.saclibrary.org/GroupedWork/1b3a0615-2b86-8df7-188a-75d5f7afe59b-eng,"Showman killer: Heartless hero, Volume 1","Jodorowsky, Alejandro",9781782761396,,"Titan Comics",2015,London,"Graphic Novel/Manga","Graphic Novel/Manga::Central: GRAPHIC NOVEL Jodorowsky, A. v.1 - On Shelf,Graphic Novel/Manga::Sylvan Oaks: GRAPHIC NOVEL Jodorowsky, A. - On Shelf"
https://catalog.saclibrary.org/GroupedWork/92189043-6815-9ad1-9532-c64b7e062747-eng,"Ode to Kirihito","Tezuka, Osamu, 1928-1989",9781647291198,,Kodansha,2022,"[New York, New York]","Graphic Novel/Manga","Graphic Novel/Manga::Elk Grove: MANGA Ode To - On Shelf,Graphic Novel/Manga::Fair Oaks: MANGA Ode To - Checked Out,Graphic Novel/Manga::Franklin: MANGA Ode To - On Shelf"
https://catalog.saclibrary.org/GroupedWork/42411fb9-4f2c-4e17-bf3f-721ce4e4b759-eng,"The Endurance of Frankenstein: essays on Mary Shelley's novel",,9780520036123,,"University of California Press",1979,Berkeley,Book,"Book::Central: 823 S545ze 1979 - On Shelf"
https://catalog.saclibrary.org/GroupedWork/8ae88be1-d3b1-0a7a-652b-0633378ba279-eng,"Among the living: celebrating 40 years of Anthrax",,9781940878591,,"Z2 Comics",2021,"[New York]","Graphic Novel/Manga","Graphic Novel/Manga::Arcade: GRAPHIC NOVEL Among - On Shelf,Graphic Novel/Manga::Central: GRAPHIC NOVEL Among - On Shelf,Graphic Novel/Manga::North Natomas: GRAPHIC NOVEL Among - On Shelf"
https://catalog.saclibrary.org/GroupedWork/2f7d2557-e334-b936-c85f-2e0ef79087ba-eng,"The dark tower: The Gunslinger : the little sisters of Eluria","King, Stephen, 1947-",9780785149323,,"Marvel Worldwide",2011,"New York","Graphic Novel/Manga","Graphic Novel/Manga::Carmichael: GRAPHIC NOVEL King, S. - On Shelf,Graphic Novel/Manga::North Natomas: GRAPHIC NOVEL King, S. - On Shelf"
https://catalog.saclibrary.org/GroupedWork/7d1ef533-8bd1-be3d-4282-a650a4c5c9ad-eng,"Scooby apocalypse: Volume 2","Giffen, Keith",9781401273736,,"DC Comics",2017,"Burbank, CA","Graphic Novel/Manga","Graphic Novel/Manga::Central Teen Area - 3rd Floor: TEEN GRAPHIC NOVEL Scooby-Doo v.2 - On Shelf,Graphic Novel/Manga::Sacramento Public Library Storage: TEEN GRAPHIC NOVEL Scooby-Doo v.2 - On Shelf"
https://catalog.saclibrary.org/GroupedWork/7eec37f1-4c85-c6c9-96ea-0916d4075a61-eng,"Something is killing the children: Volume five","Tynion, James, IV",9781684158539,,"BOOM! Studios",2022,"Los Angeles, California","Graphic Novel/Manga","Graphic Novel/Manga::Central: GRAPHIC NOVEL Something Is v.5 - On Shelf,Graphic Novel/Manga::Orangevale: GRAPHIC NOVEL Something Is v.5 - Checked Out,Graphic Novel/Manga::Valley Hi-North Laguna: GRAPHIC NOVEL Something Is v.5 - On Shelf"
https://catalog.saclibrary.org/GroupedWork/cb8c5434-b6ac-4fd8-98f9-a3e7dc293a75-eng,"In the mountains of madness: the life, death, and extraordinary afterlife of H.P. Lovecraft","Poole, W. Scott, 1971-",9781593766474,,"Soft Skull Press",2016,Berkeley,Book,"Book::Central: BIOGRAPHY Lovecraft, H. 2016 - On Shelf,Book::Valley Hi-North Laguna: BIOGRAPHY Lovecraft, H. 2016 - On Shelf"
https://catalog.saclibrary.org/GroupedWork/1ca15aa8-b019-6488-3fb4-58f002778cb8-eng,"Can't stop cursing you: 2","Koba, Kensuke",9781975321703,,"Yen Press",2021,"New York, NY","Graphic Novel/Manga","Graphic Novel/Manga::Colonial Heights: MANGA Can't Stop v.2 - On Shelf,Graphic Novel/Manga::Franklin: MANGA Can't Stop v.2 - On Shelf,Graphic Novel/Manga::South Natomas: MANGA Can't Stop v.2 - Checked Out"
https://catalog.saclibrary.org/GroupedWork/2f558de4-48ee-aad4-0ab6-8cc5b5f323c7-eng,"The twilight and other zones: the dark world of Richard Matheson",,9780806531137,,"Citadel; Turnaround [distributor]",2009,"New York; London",Book,"Book::Arcade: 813.54 T972 2009 - On Shelf"
https://catalog.saclibrary.org/GroupedWork/c479f48e-0c2a-d345-0908-73f00f950068-eng,"Let me out","Nahil, Emmett",9781637152362,,"Oni Press",2023,"Portland, OR","Graphic Novel/Manga","Graphic Novel/Manga::Central: GRAPHIC NOVEL Nahil, E. - Checked Out,Graphic Novel/Manga::Franklin: GRAPHIC NOVEL Nahil, E. - On Shelf,Graphic Novel/Manga::Orangevale: GRAPHIC NOVEL Nahil, E. - On Shelf"
https://catalog.saclibrary.org/GroupedWork/49126bce-6a5d-05a2-f7e3-6ddd8345a3b2-eng,"I am a hero: Omnibus 9","Hanazawa, Kengo, 1974-",9781506708300,,"Dark Horse Books",2019,"Milwaukie, OR","Graphic Novel/Manga","Graphic Novel/Manga::Belle Cooledge: MANGA I Am v.9 - On Shelf,Graphic Novel/Manga::Fair Oaks: MANGA I Am v.9 - On Shelf,Graphic Novel/Manga::Rancho Cordova: MANGA I Am v.9 - On Shelf"
https://catalog.saclibrary.org/GroupedWork/5fc958eb-6c02-fdc8-b63c-5026c8ec2808-eng,"Maniac of New York: Vol. 1, The death train","Kalan, Elliott, 1981-",9781949028713,,"AfterShock Comics",2021,"Sherman Oaks, Calif","Graphic Novel/Manga","Graphic Novel/Manga::Arcade: GRAPHIC NOVEL Maniac of New York v.1 - On Shelf,Graphic Novel/Manga::Carmichael: GRAPHIC NOVEL Maniac of New York v.1 - On Shelf,Graphic Novel/Manga::Courtland: GRAPHIC NOVEL Maniac of New York v.1 - On Shelf"
https://catalog.saclibrary.org/GroupedWork/c37c0ad4-50ea-631d-6896-1e2e92b536bd-eng,"Ann Radcliffe","Murray, E. B. (Eugene Bernard), 1927-",,,"Twayne Publishers",1972,"New York",Book,"Book::Central: 823 R125zm 1972 - On Shelf"
https://catalog.saclibrary.org/GroupedWork/4d8d91a5-03d2-fe50-de10-1c6cd69333c9-eng,"Man-eaters: Volume four","Cain, Chelsea",9781534321120,,"Image Comics, Inc",2022,"Portland, OR","Graphic Novel/Manga","Graphic Novel/Manga::Belle Cooledge Teen Area: TEEN GRAPHIC NOVEL Man-Eaters v.4 - On Shelf,Graphic Novel/Manga::North Natomas: TEEN GRAPHIC NOVEL Man-Eaters v.4 - Checked Out,Graphic Novel/Manga::Valley Hi-North Laguna Teen Area: TEEN GRAPHIC NOVEL Man-Eaters v.4 - On Shelf"
https://catalog.saclibrary.org/GroupedWork/286476b0-eabf-1dd0-9565-f018d16e6025-eng,"Something is killing the children: Volume three","Tynion, James, IV",9781684157075,,"BOOM! Studios",2021,"Los Angeles, California","Graphic Novel/Manga","Graphic Novel/Manga::Franklin: GRAPHIC NOVEL Something is v.3 - On Shelf"
https://catalog.saclibrary.org/GroupedWork/f4066a5a-7145-0022-9e74-47574c41c959-eng,"Head full of ghosts: a novel","Tremblay, Paul G",9780062363237,,"HarperCollins Publishers",2015,"[Place of publication not identified]",Book,"Book::Central: FICTION Tremblay, P. - Checked Out"
https://catalog.saclibrary.org/GroupedWork/01ab7d83-ff2d-b4aa-be4f-8e4fe9557616-eng,"American vampire: Vol. 3","Snyder, Scott",9781401233341,,"DC Comics",2012,"New York","Graphic Novel/Manga","Graphic Novel/Manga::Arcade: GRAPHIC NOVEL Snyder, S. v.3 - On Shelf,Graphic Novel/Manga::Carmichael: GRAPHIC NOVEL Snyder, S. v.3 - On Shelf,Graphic Novel/Manga::Central: GRAPHIC NOVEL Snyder, S. v.3 - On Shelf"
https://catalog.saclibrary.org/GroupedWork/5b29cd13-7ba8-e079-1647-47d37b6218d0-eng,"The walking dead: No Turning Back Volume 25, No turning back","Kirkman, Robert",9781632156594,,"Image Comics, Inc",2016,"Berkeley, California","Graphic Novel/Manga","Graphic Novel/Manga::Carmichael: GRAPHIC NOVEL Kirkman, R. v.25 - On Shelf,Graphic Novel/Manga::Rio Linda: GRAPHIC NOVEL Kirkman, R. v.25 - Checked Out"
https://catalog.saclibrary.org/GroupedWork/2bea5305-48f4-b5c9-3485-b84f32c33b73-eng,"Mary Shelley's Frankenstein: tracing the myth","Small, Christopher",9780822932765,,"University of Pittsburgh Press",1973,[Pittsburgh],Book,"Book::Central: 823 S545zs 1973 - On Shelf"
https://catalog.saclibrary.org/GroupedWork/e15a3363-7f34-0453-cec4-9418b16ec91b-eng,"Tales from the gas station: Volume one","Townsend, Jack",9781732827837,,"[Jack Townsend]",2018,"[Place of publication not identified]",Book,"Book::Central: FICTION Townsend, J. - Checked Out,Book::Valley Hi-North Laguna: FICTION Townsend, J. - In Transit"
https://catalog.saclibrary.org/GroupedWork/c8707386-75ce-0fd0-9f0e-d8ea958dfe7a-eng,"Sleeping beauties: a graphic novel, part 1","King, Stephen, 1947-",9781684057603,,"IDW Publishing, a division of Idea and Design Works",2020,"San Diego, California","Graphic Novel/Manga","Graphic Novel/Manga::Arcade: GRAPHIC NOVEL King, S. pt.1 - On Shelf,Graphic Novel/Manga::Belle Cooledge: GRAPHIC NOVEL King, S. pt.1 - On Shelf,Graphic Novel/Manga::Valley Hi-North Laguna: GRAPHIC NOVEL King, S. pt.1 - Checked Out"
https://catalog.saclibrary.org/GroupedWork/6f076a87-60bf-0371-2dcc-cc17e20ff5ef-eng,"October faction: Open season","Niles, Steve",9781684055272,,"Idea & Design Works",2019,"San Diego, CA","Graphic Novel/Manga","Graphic Novel/Manga::Central: GRAPHIC NOVEL Niles, S. - On Shelf,Graphic Novel/Manga::Franklin: GRAPHIC NOVEL Niles, S. - On Shelf"
https://catalog.saclibrary.org/GroupedWork/d3bcda83-150d-6ae9-6c24-de668015244d-eng,"Something is killing the children: Volume nine","Tynion, James, IV",9798892153683,,"BOOM! Studios",2026,"North Hollywood, CA","Graphic Novel/Manga","Graphic Novel/Manga::Carmichael: GRAPHIC NOVEL Something Is v.9 - On Shelf,Graphic Novel/Manga::Central New Books - 4th Floor: GRAPHIC NOVEL Something Is v.9 - On Shelf,Graphic Novel/Manga::Rio Linda: GRAPHIC NOVEL Something Is v.9 - On Shelf"
https://catalog.saclibrary.org/GroupedWork/67b40263-9c32-9206-840e-8d6cb0481ec5-eng,"Bram Stoker: a biography of the author of Dracula","Belford, Barbara",9780306810985,,"Da Capo Press",2002,"Cambridge, Mass",Book,"Book::Central: BIOGRAPHY Stoker, B. 2002 - On Shelf"
https://catalog.saclibrary.org/GroupedWork/6c9b0042-9529-b058-a57d-6c4ad5d3059c-eng,"No sharks in the Med and other stories","Lumley, Brian",9781596064348,,"DavidNiallWilson; Subterranean Press","2012 - 2022","Burton, MI",eBook;Book,
https://catalog.saclibrary.org/GroupedWork/40a207cc-925a-3d5c-b75a-5e6df325d806-eng,"Stranger things: Volume one, The other side","Houser, Jody",9781506709765,,"Dark Horse Books",2019,"Burbank, CA","Graphic Novel/Manga","Graphic Novel/Manga::Central: GRAPHIC NOVEL Houser, J. v.1 - Checked Out,Graphic Novel/Manga::Rio Linda: GRAPHIC NOVEL Houser, J. v.1 - On Shelf,Graphic Novel/Manga::Sylvan Oaks: GRAPHIC NOVEL Houser, J. v.1 - On Shelf"
https://catalog.saclibrary.org/GroupedWork/c795925a-3074-c604-fb57-b62710575710-eng,"The promised Neverland: 8, The forbidden game","Shirai, Kaiu",9781974702299,,"VIZ Media, LLC",2019,"San Francisco, CA","Graphic Novel/Manga","Graphic Novel/Manga::Arcade Teen Area: TEEN MANGA Promised Neverland v.8 - On Shelf,Graphic Novel/Manga::Central Teen Area - 3rd Floor: TEEN MANGA Promised Neverland v.8 - On Shelf,Graphic Novel/Manga::Elk Grove Teen Area: TEEN MANGA Promised Neverland v.8 - On Shelf"
https://catalog.saclibrary.org/GroupedWork/c2f49813-c08c-c7ee-747c-9a48e0732f2a-eng,"Strange things: the malevolent North in Canadian literature","Atwood, Margaret, 1939-",9780198119760,,"Clarendon Press; Oxford University Press",1995,"New York; Oxford",Book,"Book::Central: 813.09 A887 1995 - On Shelf"
https://catalog.saclibrary.org/GroupedWork/c038685d-034a-b214-12e6-c05641ffaf75-eng,"Zom 100: bucket list of the dead. Volume two","Aso, Haro, 1980-",9781974720668,,"VIZ Media, LLC",2021,"San Francisco, California","Graphic Novel/Manga","Graphic Novel/Manga::Colonial Heights: MANGA Zom 100 v.2 - On Shelf,Graphic Novel/Manga::Belle Cooledge: MANGA Zom 100 v.2 - On Shelf,Graphic Novel/Manga::Fair Oaks: MANGA Zom 100 v.2 - On Shelf"
https://catalog.saclibrary.org/GroupedWork/5fa7dd67-d0b1-b816-be45-e1c8ff12906d-eng,"Hell's paradise =: jigokuraku. 2","Kaku, Yuji",9781974713219,,"VIZ Media, LLC",2020,"San Francisco, CA","Graphic Novel/Manga","Graphic Novel/Manga::Carmichael: MANGA Hell's Paradise v.2 - On Shelf,Graphic Novel/Manga::Colonial Heights: MANGA Hell's Paradise v.2 - Checked Out,Graphic Novel/Manga::Fair Oaks: MANGA Hell's Paradise v.2 - On Shelf"
https://catalog.saclibrary.org/GroupedWork/6e140da7-8385-4965-5388-b558f21d1010-eng,"The Kurosagi corpse delivery service: [volume] 12","Ōtsuka, Eiji, 1958-",9781595826862,,"Dark Horse Comics",2012,"Milwaukie, OR","Graphic Novel/Manga","Graphic Novel/Manga::Elk Grove: MANGA Kurosagi Corpse v.12 - On Shelf,Graphic Novel/Manga::Woodland Public Library: GRAPHIC NOVEL Otsuka, E. v.12 - On Shelf"
https://catalog.saclibrary.org/GroupedWork/4c9186ac-97cc-fbb9-284c-3f57444de335-eng,"Alfred Hitchcock: architect of anxiety, 1899-1980","Duncan, Paul",9783822815915,,Taschen,2003,Köln,Book,"Book::Central: 791.430233 H674zd 2003 - On Shelf"
https://catalog.saclibrary.org/GroupedWork/2a25d6ea-47f0-0be0-046c-f7da040e0559-eng,"In search of Frankenstein","Florescu, Radu",9780821206140,,"New York Graphic Society",1975,Boston,Book,"Book::Central: 823 S545zf 1975 - On Shelf"
https://catalog.saclibrary.org/GroupedWork/df36343e-0688-b9ee-de52-5844af38f47d-eng,"The silvery moon","Allison, John, 1976-",9781506724744,,"Dark Horse Books",2021,"Milwaukie, OR","Graphic Novel/Manga","Graphic Novel/Manga::Central: GRAPHIC NOVEL Steeple v.2 - On Shelf,Graphic Novel/Manga::Belle Cooledge: GRAPHIC NOVEL Steeple v.2 - On Shelf,Graphic Novel/Manga::Franklin: GRAPHIC NOVEL Steeple v.2 - On Shelf"
https://catalog.saclibrary.org/GroupedWork/350c646e-63a2-5a95-c39c-c36f8afc3c8b-eng,"The autumnal: Vol. 1","Kraus, Daniel, 1975-",9781939424792,,"Vault Comics",2021,"Missoula, Montana","Graphic Novel/Manga","Graphic Novel/Manga::Carmichael: GRAPHIC NOVEL Kraus, D. v.1 - On Shelf,Graphic Novel/Manga::North Natomas: GRAPHIC NOVEL Kraus, D. v.1 - On Shelf,Graphic Novel/Manga::Rio Linda: GRAPHIC NOVEL Kraus, D. v.1 - On Shelf"
https://catalog.saclibrary.org/GroupedWork/c10df564-12c3-0dc2-519e-d313d0fac0ef-eng,"The immortal Hulk: Vol. 4, Abomination","Ewing, Al, 1977-",9781302916671,,"Marvel Worldwide, Inc",2019,"New York, NY","Graphic Novel/Manga","Graphic Novel/Manga::Elk Grove Teen Area: TEEN GRAPHIC NOVEL Hulk v.4 - On Shelf,Graphic Novel/Manga::Franklin Teen: TEEN GRAPHIC NOVEL Hulk v.4 - On Shelf,Graphic Novel/Manga::Sacramento Public Library Storage: TEEN GRAPHIC NOVEL Hulk v.4 - On Shelf"
https://catalog.saclibrary.org/GroupedWork/6a84e401-973a-28f1-a191-be8bafd6b555-eng,"Zom 100: bucket list of the dead. 9","Aso, Haro, 1980-",9781974734061,,"VIZ Media, LLC",2023,"San Francisco, CA","Graphic Novel/Manga","Graphic Novel/Manga::Carmichael: MANGA Zom 100 v.9 - On Shelf,Graphic Novel/Manga::Central: MANGA Zom 100 v.9 - On Shelf,Graphic Novel/Manga::Franklin: MANGA Zom 100 v.9 - On Shelf"
https://catalog.saclibrary.org/GroupedWork/b364c9d3-1181-4b34-8a28-f295ede0a586-eng,"Dorohedoro: 12","Hayashida, Kyū, 1977-",9781421533865,,"VIZ Media, LLC",2014,"San Francisco, CA","Graphic Novel/Manga","Graphic Novel/Manga::Central: MANGA Dorohedoro v.12 - Checked Out,Graphic Novel/Manga::Colonial Heights: MANGA Dorohedoro v.12 - On Shelf,Graphic Novel/Manga::McClatchy: MANGA Dorohedoro v.12 - On Shelf"
https://catalog.saclibrary.org/GroupedWork/4d3fac87-0e13-098e-4c1a-954681cc0de7-eng,"Gantz: Vol. 1","Oku, Hiroya",9781593079499,,"Dark Horse Manga",2008,"Milwaukie, Or","Graphic Novel/Manga","Graphic Novel/Manga::Franklin: MANGA Gantz v.1 - On Shelf"
https://catalog.saclibrary.org/GroupedWork/5d916725-29dd-f10d-cdf7-1f26e0f2c60a-eng,"Monsters in the archives","Bicks, Caroline, 1966-",9780593736722,,Hogarth,2026,London,Book,"Book::Central New Books - 4th Floor: 813.54 K545zb 2026 - Checked Out,Book::South Natomas: 813.54 K545zb 2026 - Checked Out,Book::North Natomas: 813.54 K545zb 2026 - Checked Out"
https://catalog.saclibrary.org/GroupedWork/ae45c5d1-2143-522a-5d83-4edad9ea3e10-eng,"Freaky folklore: terrifying tales of the world's most elusive monsters and enigmatic cryptids","Darkness Prevails",9781577154419,,"Wellfleet Press, an imprint of The Quarto Group",2024,"New York, NY",Book,
https://catalog.saclibrary.org/GroupedWork/f7d7ea12-0150-b3a4-f39b-66eb91f61b75-eng,"Gantz: 19","Oku, Hiroya",9781595828132,,"Dark Horse",2011,"Milwaukie, Or","Graphic Novel/Manga","Graphic Novel/Manga::Elk Grove: MANGA Gantz v.19 - On Shelf"
https://catalog.saclibrary.org/GroupedWork/39f46c3f-f693-104c-5fa4-215f3e7e256e-eng,"The vampire companion: the official guide to Anne Rice's The vampire chronicles","Ramsland, Katherine M., 1953-",9780345379221,,"Ballantine Books",1993,"New York",Book,"Book::Central: 813.54 R495zrv 1993 - Checked Out,Book::Woodland Public Library: REFERENCE 813.54 Ric - Library Use Only"
https://catalog.saclibrary.org/GroupedWork/1186854e-6988-3327-0563-5f319f0133b9-eng,"Three Complete Novels Dean R. Koontz: a new collection","Koontz, Dean R. (Dean Ray), 1945-",9780517073698,,"Wings Books",1992,"New York",Book,
https://catalog.saclibrary.org/GroupedWork/7722112c-796b-a5c4-e9c1-2846aefa5955-eng,"Stephen King's danse macabre","King, Stephen, 1947-",9780425181607,,"Berkley Books",2001,"New York",Book,
https://catalog.saclibrary.org/GroupedWork/a4e5aaa2-9b6f-f0cd-d3c4-443e60cb5eee-eng,"Jojo's bizarre adventure: Part 1 : phantom blood. 01","Araki, Hirohiko, 1960-",9781421578798,,"VIZ Media, LLC",2015,"San Francisco, CA","Graphic Novel/Manga","Graphic Novel/Manga::Elk Grove Teen Area: TEEN MANGA JoJo's Bizarre pt.1 v.1 - On Hold Shelf,Graphic Novel/Manga::South Natomas Teen Area: TEEN MANGA JoJo's Bizarre pt.1 v.1 - Checked Out,Graphic Novel/Manga::Southgate Teen Area: TEEN MANGA JoJo's Bizarre pt.1 v.1 - Checked Out"
https://catalog.saclibrary.org/GroupedWork/5a504372-ace1-1922-19ca-1b8a35391e6f-eng,"The nightmare reader","Haining, Peter",9780385022156,,Doubleday,1973,"Garden City, N.Y",Book,
https://catalog.saclibrary.org/GroupedWork/6bee52c4-16b4-97fa-6cb8-855631c51607-eng,"Great tales of terror and the supernatural",,9780679601289,,"Modern Library",1994,"New York",Book,
https://catalog.saclibrary.org/GroupedWork/a9b29e03-9d21-7387-02a9-5e22d143cfc3-eng,"Haunted: end of days","Mountford, Lee",9798872594833,,,2023,England,Book,
https://catalog.saclibrary.org/GroupedWork/d8edb164-f466-1a09-26ae-cbcfbc290d79-eng,"The poet and the vampyre: the curse of Byron and the birth of literature's greatest monsters","Stott, Andrew McConnell, 1969-",9781605986142,,"Pegasus Books",2014,"New York",Book,"Book::Carmichael: 820.9145 S888 2014 - On Shelf"
https://catalog.saclibrary.org/GroupedWork/3e45e6aa-e8a2-27f4-2c31-c59c107412b4-eng,"Stranger things: tales from Hawkins","Houser, Jody",9781506727677,,"Dark Horse Books",2024,"Milwaukie, OR",Book,
https://catalog.saclibrary.org/GroupedWork/ec8cb3cb-b8ed-0b1f-33e2-eec0f24a9849-eng,"Venus in the blind spot","Itō, Junji, 1963-",9781974715473,,"VIZ Media, LLC",2020,"San Francisco, CA","Graphic Novel/Manga","Graphic Novel/Manga::Arcade: MANGA Ito, J. - Checked Out,Graphic Novel/Manga::Rancho Cordova: MANGA Ito, J. - Checked Out"
https://catalog.saclibrary.org/GroupedWork/a401cead-7953-b486-7982-cf8b3c23fc52-eng,"Lovecraft unbound: twenty stories",,9781595821461,,"Dark Horse Books",2009,"Milwaukie, OR",Book,
https://catalog.saclibrary.org/GroupedWork/1a7d7260-e841-0e36-4663-71602bc1a568-eng,"The Female Gothic",,9780920792063,,"Eden Press",1983,Montréal,Book,"Book::Central: 823.0872 F329 1983 - Checked Out"
https://catalog.saclibrary.org/GroupedWork/d5747320-7399-c923-9b7d-ac103c03ec6c-eng,"Hollywood's Stephen King","Magistrale, Tony",9780312293208,,"Palgrave Macmillan",2003,"New York",Book,
https://catalog.saclibrary.org/GroupedWork/1039afb6-9d8c-01fd-3341-2fb722208591-eng,"Comes the blind fury","Saul, John",9780440114758,,"Dell Pub. Co",1980,"New York",Book,
https://catalog.saclibrary.org/GroupedWork/f31ba6a9-4492-32ea-e370-6fbf235121ed-eng,"The voyage","Moreci, Michael",9781506727684,,"Dark Horse Books",2024,"Milwaukie, OR",Book,
https://catalog.saclibrary.org/GroupedWork/aa0bb646-02e4-79ee-9329-c7fbb4d740dd-eng,"The works of Edgar Allan Poe","Poe, Edgar Allan, 1809-1849",9781406832297,,"Echo Library",2007,Middlesex,Book,
https://catalog.saclibrary.org/GroupedWork/164497fe-1f1e-664b-dd97-07b8d6616eba-eng,"Poetry and tales","Poe, Edgar Allan, 1809-1849",9780940450189,,"Distributed to the trade in the U.S. and Canada by the Viking Press; Literary Classics of the U.S",1984,"New York, N.Y",Book,
https://catalog.saclibrary.org/GroupedWork/7e678de9-b5f4-8f98-aa49-d1a27a597498-eng,"Dark delicacies",,9780786715862,,"Carroll & Graf Publishers; Distributed by Publishers Group West",2005,"New York, NY; [Emeryville, Calif.]",Book,
https://catalog.saclibrary.org/GroupedWork/d5fb96a3-766a-314d-ce45-ac654c0f88d8-eng,"The complete Stephen King universe: a guide to the worlds of Stephen King","Wiater, Stan",9780312324902,,"St. Martins's Griffin",2006,"New York",Book,
https://catalog.saclibrary.org/GroupedWork/c9989362-8c0d-cd47-09c1-31fab8e73424-eng,"The Tales of Poe",,9781555460112,,"Chelsea House Publishers",1987,"New York",Book,
https://catalog.saclibrary.org/GroupedWork/3733279d-96de-2331-8384-a3d1d5f27a71-eng,"Selected stories and poems","Poe, Edgar Allan, 1809-1849",,,"Grolier Inc",1969,,Book,
https://catalog.saclibrary.org/GroupedWork/e774b121-f450-0314-c44e-ef685fcd04a1-eng,"Dark omen: a Northern Michigan Asylum novel","Erickson, J. R",9781734302851,,"J.R. Erickson",2020,"[Place of publication not identified]",Book,
https://catalog.saclibrary.org/GroupedWork/002c09ec-0953-5f3c-c543-186f3070b025-eng,"Bitter ground: a Northern Michigan Asylum novel","Erickson, J. R",9798690246907,,"J.R. Erickson",2020,"[Place of publication not identified]",Book,
https://catalog.saclibrary.org/GroupedWork/f8d086fc-0188-51a6-2bb1-ce464db5a87e-eng,"The monsters: Mary Shelley and the curse of Frankenstein","Hoobler, Dorothy",9780316000789,,"Little, Brown and Company; Little, Brown","2006 - 2009","New York",eBook;Book,
https://catalog.saclibrary.org/GroupedWork/a4e920ba-6f01-15e4-9006-d7b1aa8fa025-eng,"His father's son","Little, Bentley",9781615235537,,Signet,2009,London,Book,
https://catalog.saclibrary.org/GroupedWork/bc57fc30-2433-a052-6113-bdd106dcc4d0-eng,"Rohan at the Louvre","Araki, Hirohiko, 1960-",9781561636150,,"NBM Comics Lit",2012,"New York","Graphic Novel/Manga","Graphic Novel/Manga::North Natomas: GRAPHIC NOVEL Araki, H. - Checked Out"
https://catalog.saclibrary.org/GroupedWork/8163da84-9f7d-b6b2-ddcc-fd55de822799-eng,"Locke & Key: Heaven and Earth","Hill, Joe",9781684051816,,"IDW Publishing",2017,"San Diego, CA","Graphic Novel/Manga;eComic","Graphic Novel/Manga::Arcade Teen Area: TEEN GRAPHIC NOVEL Locke & Key - On Shelf,Graphic Novel/Manga::Central Teen Area - 3rd Floor: TEEN GRAPHIC NOVEL Locke & Key - On Shelf,Graphic Novel/Manga::Courtland Teen Area: TEEN GRAPHIC NOVEL Locke & Key - On Shelf"
https://catalog.saclibrary.org/GroupedWork/64e0e703-10c2-3217-5258-9f2554e6a507-eng,"Rag doll bones: a Northern Michigan Asylum novel","Erickson, J. R",9781734302820,,"J.R. Erickson",2019,"[Place of publication not identified]",Book,
https://catalog.saclibrary.org/GroupedWork/e08ab9eb-3411-74c9-6796-0e3730c61f94-eng,Satania,"Vehlmann, Fabien, 1972-",9781681121437,,"Nantier, Beall, Minoustchine Graphic Novels; NBM Publishing",2017,"New York","Graphic Novel/Manga;eComic","Graphic Novel/Manga::Central: GRAPHIC NOVEL Vehlmann, F. - On Shelf,Graphic Novel/Manga::Fair Oaks: GRAPHIC NOVEL Vehlmann, F. - On Shelf,Graphic Novel/Manga::Franklin: GRAPHIC NOVEL Vehlmann, F. - On Shelf"
https://catalog.saclibrary.org/GroupedWork/9c2fc342-8cc3-5546-99b7-f22121707152-eng,"Stephen King","Wukovits, John F., 1944-",9781560065623,,"Lucent Books",1999,"San Diego, CA",Book,
https://catalog.saclibrary.org/GroupedWork/1e04ad4c-510f-e79f-df0f-43b447e74cc3-eng,"Kingsway West","Pak, Greg",9781616559762,,"Dark Horse Books; Dark Horse Comics",2017,"Milwaukie, OR","Graphic Novel/Manga;eComic","Graphic Novel/Manga::Carmichael: GRAPHIC NOVEL Pak, G. - On Shelf,Graphic Novel/Manga::Central: GRAPHIC NOVEL Pak, G. - On Shelf,Graphic Novel/Manga::Galt: GRAPHIC NOVEL Pak, G. - On Shelf"
https://catalog.saclibrary.org/GroupedWork/cf0ab8d7-3af5-3846-300a-9ca76618c478-eng,"The Klarkash-Ton cycle: Clark Ashton Smith's Cthulhu mythos fiction",,9781568821603,,Chaosium,2008,"[Place of publication not identified]",Book,
https://catalog.saclibrary.org/GroupedWork/d85e1e52-4629-bef2-83fe-fefc9c8e36bd-eng,"Mary Shelley's Frankenstein",,9780877547464,,"Chelsea House Publishers",1987,"New York",Book,
https://catalog.saclibrary.org/GroupedWork/f7068866-6bfb-81c3-bbde-0ed5db34073c-eng,"Dear creature","Case, Jonathan",9780765331113,,"Dark Horse Comics; Tor","2011 - 2016","New York","Graphic Novel/Manga;eComic","Graphic Novel/Manga::Colonial Heights: GRAPHIC NOVEL Case, J. - On Shelf"
https://catalog.saclibrary.org/GroupedWork/1fa814f3-a29a-4972-a3f9-ff6f295efa33-eng,"Stranger things: Science camp","Houser, Jody",9781506715766,,"Dark Horse Books",2021,"Milwaukee, Oregon","Graphic Novel/Manga","Graphic Novel/Manga::Central: GRAPHIC NOVEL Houser, J. - Checked Out,Graphic Novel/Manga::Folsom Adult: GRAPHIX Stranger V.4 - Checked Out"
https://catalog.saclibrary.org/GroupedWork/6269718e-fd99-03fd-6ce0-190044147cb1-eng,"The walking dead omnibus: vol. 1","Kirkman, Robert",9781607065036,,"Image Comics",2013,"Berkeley, California","Graphic Novel/Manga",
https://catalog.saclibrary.org/GroupedWork/c66b9442-e1bd-7598-7e9d-fab6874cd641-eng,"Green river killer: a detective story","Jensen, Jeff",9781506710877,,"Dark Horse Books; Dark Horse Comics, LLC.; Dark Horse Comics","2011 - 2019",Milwaukie,"Graphic Novel/Manga;eComic","Graphic Novel/Manga::Carmichael: GRAPHIC 364.15232 J546 2019 - Checked Out,Graphic Novel/Manga::Central: GRAPHIC 364.15232 J546 2019 - On Shelf,Graphic Novel/Manga::Rio Linda: GRAPHIC 364.15232 J546 2019 - On Shelf"
https://catalog.saclibrary.org/GroupedWork/9d22ac4e-391a-f906-de83-6773a6e8e214-eng,"My pretty vampire","Skelly, Katie, 1985-",9781683960201,,"Fantagraphics Books",2017,"Seattle, Washington","Graphic Novel/Manga;eComic","Graphic Novel/Manga::Courtland: GRAPHIC NOVEL Skelly, K. - On Shelf,Graphic Novel/Manga::North Natomas: GRAPHIC NOVEL Skelly, K. - On Shelf"
https://catalog.saclibrary.org/GroupedWork/55279930-7d94-d315-fc06-6e6cf7f417b0-eng,"Gosnell: the untold story of America's most prolific serial killer","McElhinney, Ann",9781621574552,,"Skyhorse Publishing; Regnery Publishing, a division of Salem Media Group",2017,"Washington, DC",eBook;Book,"Book::Central: 364.1 M478 2017 - On Shelf,Book::Rancho Cordova: 364.1 M478 2017 - On Shelf"
https://catalog.saclibrary.org/GroupedWork/b542723e-e63d-fb79-d781-b5da03058a3d-eng,Jim,"Woodring, Jim",9781606997529,,"Fantagraphics Books",2014,"Seattle, Washington","Graphic Novel/Manga;eComic","Graphic Novel/Manga::Carmichael: GRAPHIC NOVEL Woodring, J. - On Shelf,Graphic Novel/Manga::Franklin: GRAPHIC NOVEL Woodring, J. - On Shelf"
https://catalog.saclibrary.org/GroupedWork/b2dbe6a1-712d-a835-74c9-8560f6e3c87a-eng,"How y'all doing?: misadventures and mischief from a life well lived","Jordan, Leslie, 1955-2022",9780063076198,,"HarperCollins; HarperAudio; William Morrow, an imprint of HarperCollinsPublishers",2021,"New York, NY",eAudiobook;eBook;Book,"Book::Carmichael: 817 J824 2021 - On Shelf,Book::Central: 817 J824 2021 - Display,Book::McClatchy: 817 J824 2021 - On Shelf"
https://catalog.saclibrary.org/GroupedWork/c67b98e8-9725-35c2-a340-7c9065e6c11a-eng,"Hungry hearts: essays on courage, desire, and belonging",,9780593229620,,"The Dial Press",2021,"New York",Book,"Book::Central: 808.84 W225 2021 - On Shelf,Book::North Natomas: 808.84 W225 2021 - On Shelf,Book::Rancho Cordova: 808.84 W225 2021 - On Shelf"
https://catalog.saclibrary.org/GroupedWork/29997b73-1ff8-7877-fcbf-c904d7f8ea54-eng,"The house of lost horizons: a Sarah Jewell mystery","Mignola, Mike",9781506720067,,"Dark Horse Books; Dark Horse Comics",2022,"Milwaukie, OR","Graphic Novel/Manga;eComic","Graphic Novel/Manga::Courtland: GRAPHIC NOVEL Mignola, M. - On Shelf,Graphic Novel/Manga::Southgate: GRAPHIC NOVEL Mignola, M. - On Shelf"
https://catalog.saclibrary.org/GroupedWork/8c40ffc5-4f36-3b8e-b94d-293f62606fb1-eng,"Hellboy in Hell","Mignola, Mike",9781506703633,,"Dark Horse Books",2017,"Milwaukie, OR","Graphic Novel/Manga",
https://catalog.saclibrary.org/GroupedWork/e2ae0164-058d-3f86-ebc3-b2b8203eb6b4-eng,"The walking dead: Volume 15, We find ourselves","Kirkman, Robert",9781607064404,,"Image Comics",2011,"Berkeley, CA","Graphic Novel/Manga;eComic","Graphic Novel/Manga::Central: GRAPHIC NOVEL Kirkman, R. v.15 - On Shelf,Graphic Novel/Manga::Fair Oaks: GRAPHIC NOVEL Kirkman, R. v.15 - On Shelf,Graphic Novel/Manga::Folsom Adult: GRAPHIX Kirkman, R. v.15 - On Shelf"
https://catalog.saclibrary.org/GroupedWork/98bb0660-5662-37ea-31f1-1398efdde5d0-eng,"The walking dead: Volume 32, Rest in peace","Kirkman, Robert",9781534312418,,"Image Comics, Inc; Image Comics",2019,"Portland, OR","Graphic Novel/Manga;eComic","Graphic Novel/Manga::Central: GRAPHIC NOVEL Kirkman, R. v.32 - On Shelf,Graphic Novel/Manga::Elk Grove: GRAPHIC NOVEL Kirkman, R. v.32 - On Shelf,Graphic Novel/Manga::South Natomas: GRAPHIC NOVEL Kirkman, R. v.32 - On Shelf"
https://catalog.saclibrary.org/GroupedWork/3ba9b3dc-d409-e710-da42-83096008fdca-eng,"The lady from the black lagoon: Hollywood monsters and the lost legacy of Milicent Patrick","O'Meara, Mallory",9781335937803,,"Harlequin Audio; HarlequinAudio; Harlequin; Hanover Square Press",2019,"Toronto, Ontario, Canada",eAudiobook;eBook;Book,"Book::Central: BIOGRAPHY Patrick, M. 2019 - On Shelf,Book::Galt: BIOGRAPHY Patrick, M. 2019 - Checked Out,Book::Orangevale: BIOGRAPHY Patrick, M. 2019 - On Shelf"
https://catalog.saclibrary.org/GroupedWork/8d44f6cb-973d-e4e1-da93-ae53721aed4d-eng,"The Sandman: The wake","Gaiman, Neil",9781563892790,,"DC Comics",1997,"New York, NY","Graphic Novel/Manga",
https://catalog.saclibrary.org/GroupedWork/ed723542-0b5a-c8e4-f577-95abe49ce51f-eng,"Black Hammer: secret origins","Lemire, Jeff",9781616557867,,"Dark Horse Books",2017,"Milwaukie, OR","Graphic Novel/Manga","Graphic Novel/Manga::Sylvan Oaks: GRAPHIC NOVEL Black Hammer - On Shelf"
https://catalog.saclibrary.org/GroupedWork/9f955cb2-1248-91e9-8533-a91169805753-eng,"The Flash: united they fall","Simone, Gail",9781779502605,,"DC Comics",2020,"Burbank, CA","Graphic Novel/Manga","Graphic Novel/Manga::Orangevale: TEEN GRAPHIC NOVEL Flash - On Shelf,Graphic Novel/Manga::Sacramento Public Library Storage: TEEN GRAPHIC NOVEL Flash - On Shelf"
https://catalog.saclibrary.org/GroupedWork/a1ad2e35-8543-ca40-0f75-35dca6040c90-eng,Aura,"Fuentes, Carlos",9780374107017,,"Farrar, Straus and Giroux; Farrar, Straus and Giroux]","1975 - 2013","[New York",eBook;Book,
https://catalog.saclibrary.org/GroupedWork/d5ec8450-5d19-8ae0-722a-d134eebfde5a-eng,"Tokyo ghoul: Volume 3","Ishida, Sui",9781421580388,,"VIZ Media; VIZ Media LLC",2015,"San Francisco, CA","Graphic Novel/Manga;eComic","Graphic Novel/Manga::North Natomas: TEEN MANGA Tokyo Ghoul v.3 - Checked Out,Graphic Novel/Manga::Valley Hi-North Laguna Teen Area: TEEN MANGA Tokyo Ghoul v.3 - Checked Out,Graphic Novel/Manga::Folsom Teen Room: TEEN GRAPHIX Ishida, S. v.3 - On Hold Shelf"
https://catalog.saclibrary.org/GroupedWork/900add51-85ac-98f2-1663-de36b0c6242b-eng,"Rick and Morty: Volume 4",,9781620103777,,"Oni Press/Adult Swim",2017,"Portland, OR","Graphic Novel/Manga","Graphic Novel/Manga::Arcade Teen Area: TEEN GRAPHIC NOVEL Rick and Morty v.4 - Checked Out,Graphic Novel/Manga::Galt Teen Area: TEEN GRAPHIC NOVEL Rick and Morty v.4 - On Shelf,Graphic Novel/Manga::Rio Linda Teen Area: TEEN GRAPHIC NOVEL Rick and Morty v.4 - On Shelf"
https://catalog.saclibrary.org/GroupedWork/1bdd067c-61c0-fdcf-6f65-ba24894a123b-eng,"The suspicions of Mr. Whicher: a shocking murder and the undoing of a great Victorian detective","Summerscale, Kate, 1965-",9780802715357,,"Highbridge Company; Distributed to the trade by Macmillan; Walker & Company","2008 - 2009","New York",Book;eAudiobook,"Book::Arcade: 364.1523 W571zs 2009 - On Shelf,Book::Central: 364.1523 W571zs 2009 - In Transit,Book::Belle Cooledge: 364.1523 W571zs 2009 - On Shelf"
https://catalog.saclibrary.org/GroupedWork/4ea02e39-ed0d-b8a5-f837-961fb7e2da76-eng,"Table Talk: The Threepenny Review",,9781619024571,,Counterpoint,2015,"Berkeley, California",Book,"Book::Central: 809 T113 2015 - On Shelf"
https://catalog.saclibrary.org/GroupedWork/9dd95635-88ae-0807-1761-15415226da1e-eng,"Doctor Faustus","Marlowe, Christopher, 1564-1593",9780451527790,,"Signet Classic; Open Road Media; SC Active Business Development SRL","1969 - 2020","New York",eBook;Book,"Book::Valley Hi-North Laguna: 822 M349d2 2001 - Checked Out"
https://catalog.saclibrary.org/GroupedWork/cc03d364-d682-ffb5-7d7a-eecb93499f42-eng,"Cirque du Freak: Volume 10, The lake of souls","Shan, Darren",9780316176071,,Yen,2011,"New York, NY","Graphic Novel/Manga",
https://catalog.saclibrary.org/GroupedWork/7e421de5-96ac-9347-4ab0-03c901f0931d-eng,"Underground U.S.A: filmmaking beyond the Hollywood canon",,9781903364499,,"Wallflower Press",2002,"New York; London",Book,"Book::Central: 791.430232 U55 2002 - On Shelf"
https://catalog.saclibrary.org/GroupedWork/1622592d-1cc4-ffb3-33e3-be3219b3bd45-eng,"The ultimate RPG game master's worldbuilding guide: prompts and activities to create and customize your own game world","D'Amato, James",9781507215517,,"Adams Media",2021,Avon,Book,"Book::Central: 793.93 D155 2021 - On Shelf,Book::South Natomas: 793.93 D155 2021 - On Shelf,Book::North Sacramento-Hagginwood: 793.93 D155 2021 - On Shelf"
https://catalog.saclibrary.org/GroupedWork/e1b6cf1c-2e24-8639-84fd-9144c60d635e-eng,"The facemaker: a visionary surgeon's battle to mend the disfigured soldiers of World War I","Fitzharris, Lindsey, 1982-",9780374282301,,"Farrar, Straus and Giroux; Macmillan Audio",2022,"New York",eAudiobook;Book;eBook,"Book::Central: 617.092 G481 2022 - On Shelf,Book::North Natomas: 617.092 G481 2022 - On Shelf,Book::Rancho Cordova: 617.092 G481 2022 - On Shelf"
https://catalog.saclibrary.org/GroupedWork/67da3293-d5b7-54f4-00f2-680d1adf0ade-eng,"The Darcy myth: Jane Austen, literary heartthrobs, and the monsters they taught us to love","Feder, Rachel",9781683693574,,"Quirk Books; Blackstone Publishing","2023 - 2024",Philadelphia,Book;eAudiobook,"Book::Carmichael: 823.7 F293 2023 - On Shelf,Book::Central: 823.7 F293 2023 - On Shelf,Book::Elk Grove: 823.7 F293 2023 - Checked Out"
https://catalog.saclibrary.org/GroupedWork/eac2b2ea-86a1-ec0d-f3aa-817e731cdef4-eng,"Slime: a natural history","Wedlich, Susanne",9781685890209,,"Melville House",2022,Brooklyn,Book,"Book::Central: 570 W393 2022 - On Shelf,Book::Elk Grove: 570 W393 2022 - On Shelf,Book::McKinley: 570 W393 2022 - On Shelf"
https://catalog.saclibrary.org/GroupedWork/9e45e9cf-3e36-1672-c20c-aae5653661f3-eng,"The B list: the National Society of Film Critics on the low-budget beauties, genre-bending mavericks, and cult classics we love",,9780306815669,,"Da Capo Press",2008,"Cambridge, MA",Book,"Book::Carmichael: 791.4375 B111 2008 - On Shelf"
https://catalog.saclibrary.org/GroupedWork/896398a1-fca1-54bd-a2a5-f6dd7a57b17b-eng,"A silent fire: the story of inflammation, diet, and disease","Ravella, Shilpa",9780393541908,,"W. W. Norton & Company; Blackstone Publishing; W.W. Norton & Company","2022 - 2023","New York, New York",eAudiobook;Book;eBook,"Book::Arcade: 616.0473 R252 2022 - On Shelf,Book::Central: 616.0473 R252 2022 - On Shelf,Book::Rancho Cordova: 616.0473 R252 2022 - Checked Out"
https://catalog.saclibrary.org/GroupedWork/bd323a6d-8f75-efc4-ceac-626116d2e9f0-eng,"Fallen idols: twelve statues that made history","Von Tunzelmann, Alex, 1977-",9780063081673,,"HarperCollins; HarperCollins Publishers; Harper",2021,"New York, NY",eAudiobook;Book;eBook,"Book::Central: 306.9 V948 2021 - On Shelf,Book::Fair Oaks: 306.9 V948 2021 - On Shelf,Book::South Natomas: 306.9 V948 2021 - On Shelf"
https://catalog.saclibrary.org/GroupedWork/07ea55f6-c804-29c8-a3c0-e2fb0d4bbddf-eng,"Betrayal at Little Gibraltar: a German fortress, a treacherous American general, and the battle to end World War I","Walker, William T., Jr",9781501117893,,Scribner,2016,"Oregon; New York","Audiobook - CD;Book","Book::Central: 940.436 W186 2016 - On Shelf,Book::Southgate: 940.436 W186 2016 - On Shelf"
https://catalog.saclibrary.org/GroupedWork/7472a9fa-27e5-e671-448a-2830eef0b806-eng,"Being seen: one deafblind woman's fight to end ableism","Sjunneson, Elsa, 1985-",9781982152376,,"Tiller Press; Simon & Schuster Audio; S&S/Simon Element",2021,"New York",eAudiobook;Book;eBook,"Book::Arcade: 362.41092 S625 2021 - On Shelf,Book::Carmichael: 362.41092 S625 2021 - On Shelf,Book::Central: 362.41092 S625 2021 - On Shelf"
https://catalog.saclibrary.org/GroupedWork/04907e1d-9378-4509-f547-98426e1d6a1e-eng,"Grace, under pressure: a girl with Asperger's and her marathon mom","Walker, Sophie",9781608682256,,"New World Library",2013,"Novato, CA",eBook;Book,"Book::Central: 362.3092 W184 2013 - On Shelf,Book::Elk Grove: 362.3092 W184 2013 - On Shelf"
https://catalog.saclibrary.org/GroupedWork/26f39a0a-a118-04ff-0d78-994f02a52685-eng,"French San Francisco","Chalmers, Claudine, 1948-",9780738555843,,"Arcadia Pub",2007,"Charleston, SC",Book,"Book::Central: 979.461 C438 2007 - On Shelf"
https://catalog.saclibrary.org/GroupedWork/56f3a6ad-0201-797e-bced-1b59a402a678-eng,"A newer world: Kit Carson, John C. Frémont, and the claiming of the American West","Roberts, David, 1943-",9780684834825,,"Simon & Schuster",2000,"New York",Book,"Book::Sacramento Room: SPE 978.02092 C321zr 2000 CAL - Library Use Only,Book::Folsom Adult: 978.02092 ROB - On Shelf,Book::Sutter County Main Branch: 978.02 ROB - On Shelf"
https://catalog.saclibrary.org/GroupedWork/c83abee4-cc1c-a8dc-084c-4fa02cdb24d9-eng,"This gulf of fire: the destruction of Lisbon, or apocalypse in the age of science and reason","Molesky, Mark",9780307267627,,"Alfred A. Knopf; Knopf Doubleday Publishing Group",2015,"New York",eBook;Book,"Book::Central: 946.942 M719 2015 - On Shelf"
https://catalog.saclibrary.org/GroupedWork/f6213af5-b16d-27c8-d8b7-6424b69cbb3c-eng,"Empire of the summer moon: Quanah Parker and the rise and fall of the Comanches, the most powerful Indian tribe in American history","Gwynne, S. C. (Samuel C.), 1953-",9781416591054,,"Simon & Schuster Audio; Scribner; Tantor Audio","2010 - 2016","New York; [Old Saybrook, Conn.]","eAudiobook;Audiobook - CD;eBook;Book","Book::Pocket-Greenhaven: 970.3 P242zg 2010 - Checked Out,Book::Barber Branch: 970.3 GWY - In Transit,Book::Folsom Adult: 970.3 GWY 2010 - Checked Out"
https://catalog.saclibrary.org/GroupedWork/d3b1477a-e786-ded3-168e-4ceba456f54e-eng,"Churchill and the king: the wartime alliance of Winston Churchill and George VI","Weisbrode, Kenneth",9780670025763,,Viking,2013,"New York",Book,"Book::Central: 941.083 W426 2013 - On Shelf,Book::Woodland Public Library: 941.083 Wei 2013 - On Shelf"
https://catalog.saclibrary.org/GroupedWork/5fa029ef-7fdb-099d-eb49-5151b12d018b-eng,"River of the gods: genius, courage, and betrayal in the search for the source of the Nile","Millard, Candice",9780385543101,,"Knopf Doubleday Publishing Group; Random House Large Print; Books on Tape; Penguin Random House Audio; Doubleday",2022,"New York; [New York]","eAudiobook;Audiobook - CD;Large Print;Book;eBook","Book::Arcade: 916.2043 M645 2022 - On Shelf,Book::Carmichael: 916.2043 M645 2022 - On Shelf,Book::Central Travel Collection - 4th Floor: 916.2043 M645 2022 - On Shelf"
https://catalog.saclibrary.org/GroupedWork/5fd4af81-c3a3-4518-82f0-ce04b9ea293f-eng,"Stupid TV, be more funny: how the golden era of the Simpsons changed television--and America--forever","Siegel, Alan",9781538742846,,"Hachette Audio; Grand Central; Grand Central Publishing",2025,"New York",eAudiobook;Book;eBook,"Book::Franklin: 791.4572 S613zs 2025 - On Shelf,Book::McKinley: 791.4572 S613zs 2025 - On Shelf,Book::Rancho Cordova: 791.4572 S613zs 2025 - On Shelf"
https://catalog.saclibrary.org/GroupedWork/f197d3c7-8521-2694-8ff1-2c5a9642758c-eng,"T.S. Eliot: an imperfect life","Gordon, Lyndall",9781324123231,,"W. Norton & Company",2026,"New York",Book,"Book::Arcade: BIOGRAPHY Eliot, T. 2026 - On Shelf,Book::Central New Books - 4th Floor: BIOGRAPHY Eliot, T. 2026 - On Shelf,Book::Walnut Grove: BIOGRAPHY Eliot, T. 2026 - On Shelf"
https://catalog.saclibrary.org/GroupedWork/cc18b12b-f938-0720-9931-73264afb8747-eng,"Quietly hostile: essays","Irby, Samantha",9780593315699,,"Vintage Books, a division of Penguin Random House LLC; Knopf Doubleday Publishing Group; Books on Tape",2023,"New York",eAudiobook;Book;eBook,"Book::Arcade: 814.6 I653 2023 - On Shelf,Book::Carmichael: 814.6 I653 2023 - On Shelf,Book::Franklin: 814.6 I653 2023 - Checked Out"
https://catalog.saclibrary.org/GroupedWork/05b0541d-5040-bc23-2226-e91276865e64-eng,"Spine poems: an eclectic collection of found verse for book lovers","Simon, Annette (Annette Dauphin)",9780063208223,,"Harper Design",2022,"New York, NY",Book,"Book::Central: 811.6 S594 2022 - On Shelf,Book::Franklin: 811.6 S594 2022 - On Shelf,Book::Orangevale: 811.6 S594 2022 - On Shelf"
https://catalog.saclibrary.org/GroupedWork/ae5bd2b3-c33c-b8eb-27ea-58543993e466-eng,"A hunger to kill: a serial killer, a determined detective, and the quest for a confession that changed a small town forever","Mager, Kim",9781250274885,,"St. Martin's Press; St. Martin's Publishing Group; Macmillan Audio",2024,"New York",eAudiobook;Book;eBook,"Book::Arcade: 364.1523 M192 2024 - On Shelf,Book::Central: 364.1523 M192 2024 - On Shelf,Book::Elk Grove: 364.1523 M192 2024 - Checked Out"
https://catalog.saclibrary.org/GroupedWork/86a95ed2-de92-7b32-a0e0-ba79b0d0a2d2-eng,"The Cambridge companion to fantasy literature",,9780521728737,,"Cambridge University Press",2012,"New York; Cambridge",Book,"Book::Central: 823.0876608 C178 2013 - On Hold Shelf"
https://catalog.saclibrary.org/GroupedWork/46eff520-50e1-4bbf-ecf9-2a5e8c788499-eng,"The education of Corporal John Musgrave: Vietnam and its aftermath","Musgrave, John, 1948-",9780451493569,,"Books on Tape; Alfred A. Knopf",2021,"New York",eAudiobook;Book,"Book::Central: BIOGRAPHY Musgrave, J. 2021 - On Shelf,Book::Fair Oaks: BIOGRAPHY Musgrave, J. 2021 - On Shelf,Book::McKinley: BIOGRAPHY Musgrave, J. 2021 - On Shelf"
https://catalog.saclibrary.org/GroupedWork/f14ab2c3-3020-5d4d-b59d-6198ec29f9b8-eng,"Boundless: upgrade your brain, optimize your body & defy aging","Greenfield, Ben",9781628603972,,"Victory Belt Publishing Inc; Findaway Voices",2020,"Las Vegas",Book;eAudiobook,"Book::Central: 613.7 G812 2020 - Checked Out,Book::North Sacramento-Hagginwood: 613.7 G812 2020 - On Shelf,Book::Rio Linda: 613.7 G812 2020 - On Shelf"
https://catalog.saclibrary.org/GroupedWork/4a833fb5-0ff5-6927-fb59-34ff869396a8-eng,"Serenity in the storm: living through chaos by leaning on Christ","McEnany, Kayleigh",9781637587294,,"christianaudio.com; Liberatio Protocol",2023,"New York",eBook;Book;eAudiobook,"Book::Carmichael: 261.7 M141 2023 - On Shelf,Book::Franklin: 261.7 M141 2023 - On Shelf"
https://catalog.saclibrary.org/GroupedWork/d6580868-aa9e-1440-bd00-d3a27877b08a-eng,"Endpapers: a family story of books, war, escape, and home","Wolff, Alexander",9780802158253,,"Tantor Media, Inc.; Atlantic Monthly Press; Grove Atlantic",2021,"New York",eBook;Book;eAudiobook,"Book::Arcade: 909 W855 2021 - On Shelf,Book::Carmichael: 909 W855 2021 - On Shelf,Book::Central: 909 W855 2021 - On Shelf"
https://catalog.saclibrary.org/GroupedWork/21747b3d-1d3a-82bc-ec79-f1d215e77f2a-eng,"Europe against the Jews: 1880-1945","Aly, Götz, 1947-",9781250170170,,"Metropolitan Books",2020,"New York",Book,"Book::Carmichael: 305.8924 A477 2020 - On Shelf,Book::Central: 305.8924 A477 2020 - On Shelf,Book::Fair Oaks: 305.8924 A477 2020 - On Shelf"
https://catalog.saclibrary.org/GroupedWork/8fba0ff7-060d-cb11-79ca-6e9e3423312a-eng,"Vagabond: a memoir","Curry, Tim",9780306835841,,"Hachette Audio; Grand Central Publishing",2025,"New York",eAudiobook;Book;eBook,"Book::Arcade: BIOGRAPHY Curry, T. 2025 - On Hold Shelf,Book::Central: BIOGRAPHY Curry, T. 2025 - On Shelf,Book::Pocket-Greenhaven: BIOGRAPHY Curry, T. 2025 - Checked Out"
https://catalog.saclibrary.org/GroupedWork/5c9bbdd7-aa51-d665-426a-d2278e7aca49-eng,Spare,"Harry, Prince, Duke of Sussex, 1984-",9780593593806,,"Random House Large Print; Random House; Random House Publishing Group; Books on Tape; Random House Audio",2023,"New York; Koeln","eAudiobook;Audiobook - CD;eBook;Large Print;Book","Book::Arcade: BIOGRAPHY Harry 2023 - On Shelf,Book::Arden-Dimick: BIOGRAPHY Harry 2023 - Checked Out,Book::Carmichael: BIOGRAPHY Harry 2023 - Checked Out"
https://catalog.saclibrary.org/GroupedWork/2c3a03ec-f370-2f84-30c2-e826b2473c39-eng,"Famine: a short history","Ó Gráda, Cormac",9780691122373,,"Princeton University Press",2009,"Princeton, N.J",Book,"Book::Carmichael: 363.809 O87 2009 - On Shelf"
https://catalog.saclibrary.org/GroupedWork/4288b65d-b036-b41f-1347-7538f8611f23-eng,"No human involved: the serial murder of Black women and girls and the deadly cost of police indifference","Neely, Cheryl L",9780807004562,,"Beacon Press",2025,Boston,eBook;Book,"Book::Central: 362.88082 N379 2025 - On Shelf,Book::Colonial Heights: 362.88082 N379 2025 - On Shelf,Book::North Natomas: 362.88082 N379 2025 - On Shelf"
https://catalog.saclibrary.org/GroupedWork/5a75bbfc-70f8-0110-68ec-98db13d77f9f-eng,"Philip Roth: stung by life","Zipperstein, Steven J., 1950-",9780300251555,,"Yale University Press",2025,"New Haven",Book,"Book::Central New Books - 4th Floor: BIOGRAPHY Roth, P. 2025 - On Shelf"
https://catalog.saclibrary.org/GroupedWork/6fb9bde0-2849-f615-5d73-9f82d27c7ce1-eng,"How to read Nietzsche","Ansell-Pearson, Keith, 1960-",9780393328219,,Norton,2005,"New York",Book,"Book::Valley Hi-North Laguna: 193 N677za3 2005 - On Shelf"
https://catalog.saclibrary.org/GroupedWork/6c9f4b07-b4e3-b915-7bf6-2665e06e22d2-eng,"Mao's great famine: the history of China's most devastating catastrophe, 1958-1962","Dikötter, Frank",9780802777683,,"Walker & Co; Walker Books",2010,"New York",eBook;Book,"Book::Central: 951.055 D575 2010 - On Shelf"
https://catalog.saclibrary.org/GroupedWork/3181ab76-8940-fa04-d2c4-d6c2cad4c261-eng,"Killing the SS: the hunt for the worst war criminals in history","O'Reilly, Bill",9781250165541,,"Henry Holt and Company; Henry Holt and Co.; Macmillan Audio; Wheeler Publishing, a part of Gale, a Cengage Company",2018,"New York; Farmington Hills, Mich","eAudiobook;Audiobook - CD;Large Print;Book;eBook","Book::Arcade: 940.5405 O66 2018 - On Shelf,Book::Central: 940.5405 O66 2018 - On Shelf,Book::Elk Grove: 940.5405 O66 2018 - On Shelf"
https://catalog.saclibrary.org/GroupedWork/150b42d4-71b1-6469-b43b-bbfe7bbe0bc4-eng,"Stamped from the beginning: the definitive history of racist ideas in America","Kendi, Ibram X",9781568585987,,"Tantor Media, Inc.; Nation Books; PublicAffairs","2016 - 2023","New York",eBook;Book;eAudiobook,"Book::Arcade: 305.8 K335 2016 - On Shelf,Book::Central: 305.8 K335 2016 - On Shelf,Book::Belle Cooledge: 305.8 K335 2016 - Checked Out"
https://catalog.saclibrary.org/GroupedWork/4e5adb85-e5bc-757c-cc59-34bce648cd29-eng,"Master of shadows: the secret diplomatic career of the painter Peter Paul Rubens","Lamster, Mark, 1969-",9780385523790,,"Nan A Talese/Doubleday",2009,"New York",Book,"Book::Pocket-Greenhaven: 759.9493 R895zL 2009 - On Shelf"
https://catalog.saclibrary.org/GroupedWork/aafcf296-7e5a-6c02-ec46-3c2ad88cdc5e-eng,"A mystery of mysteries: the death and life of Edgar Allan Poe","Dawidziak, Mark, 1956-",9781250792495,,"St. Martin's Press; St. Martin's Publishing Group; Blackstone Publishing",2023,"New York",eAudiobook;Book;eBook,"Book::Central: BIOGRAPHY Poe, E. 2023 - On Shelf,Book::Del Paso Heights: BIOGRAPHY Poe, E. 2023 - On Shelf,Book::North Natomas: BIOGRAPHY Poe, E. 2023 - On Shelf"
https://catalog.saclibrary.org/GroupedWork/75009ab9-4fd7-f61c-9330-96f2fe6a82f5-eng,"Dad is fat","Gaffigan, Jim",9780385349055,,"Crown; Books on Tape",2013,"New York",eAudiobook;eBook;Book,"Book::Carmichael: 814.6 G131 2013 - On Shelf,Book::South Natomas: 814.6 G131 2013 - On Shelf,Book::Southgate: 814.6 G131 2013 - On Shelf"
https://catalog.saclibrary.org/GroupedWork/fd06a296-98d2-0ebc-4b57-f72f9effc3ba-eng,"Hymns of the Republic: the story of the final year of the American Civil War","Gwynne, S. C. (Samuel C.), 1953-",9781501116223,,"Simon & Schuster Audio; Scribner",2019,"New York",eAudiobook;Book;eBook,"Book::Carmichael: 973.3 G995 2019 - On Shelf,Book::Central: 973.3 G995 2019 - On Shelf,Book::Sylvan Oaks: 973.3 G995 2019 - On Shelf"
https://catalog.saclibrary.org/GroupedWork/5d33e41c-6b9b-b3cf-9676-92da5d44c6a5-eng,"Infested: how the bed bug infiltrated our bedrooms and took over the world","Borel, Brooke",9780226041933,,"Univ. of Chicago Press; The University of Chicago Press",2015,Chicago,eBook;Book,"Book::Central: 595.754 B731 2015 - On Shelf"
https://catalog.saclibrary.org/GroupedWork/256ffe5b-b000-b91a-eeb6-8e0ec625e482-eng,"Ship ablaze: the tragedy of the steamboat General Slocum","O'Donnell, Edward T., 1963-",9780767909068,,"Tantor Media, Inc.; Broadway Books","2004 - 2017","New York",Book;eAudiobook,"Book::Central: 910.916346 G326zo 2004 - Checked Out"
https://catalog.saclibrary.org/GroupedWork/1e510b01-5308-9a4e-5306-141a3b785ac3-eng,"The malevolent volume","Reed, Justin Phillip",9781566895927,,"Recorded Books, Inc.; Coffee House Press",2020,"Minneaplis, MN",eBook;Book;eAudiobook,"Book::Carmichael: 811.6 R324m 2020 - On Shelf,Book::Central: 811.6 R324m 2020 - On Shelf,Book::Rancho Cordova: 811.6 R324m 2020 - On Shelf"
https://catalog.saclibrary.org/GroupedWork/85295fb5-e47f-296a-5301-62db8599558a-eng,"Oathbreakers: the war of brothers that shattered an empire and made Medieval Europe","Gabriele, Matthew",9780063336674,,"Harper, an imprint of HarperCollinsPublishers",2024,"New York, NY",Book,"Book::Arcade: 944.01 G118 2024 - On Shelf,Book::Carmichael: 944.01 G118 2024 - On Shelf,Book::Central: 944.01 G118 2024 - On Shelf"
https://catalog.saclibrary.org/GroupedWork/6ca44c95-b2dd-1cbf-fa32-891d1759d17b-eng,"The happiest man on Earth: the beautiful life of an Auschwitz survivor","Jaku, Eddie",9780063097698,,"HarperCollins; Harper, an imprint of HarperCollinsPublishers",2021,"New York, NY",eAudiobook;eBook;Book,"Book::Fair Oaks: BIOGRAPHY Jaku, E. 2021 - On Hold Shelf,Book::Folsom Reading Room: BIOGRAPHY Jaku, E. 2021 - On Shelf,Book::Sutter Branch: BIOGRAPHY JAKU - On Shelf"
https://catalog.saclibrary.org/GroupedWork/0a231925-4a6a-0885-0f90-e4ab528b7de8-eng,"Bye Felipe: disses, dick pics, and other delights of modern dating","Tweten, Alexandra",9780762463749,,"Hachette Audio; Running Press",2018,Philadelphia,eBook;Book;eAudiobook,"Book::South Natomas: 306.73 T971 2018 - On Shelf"
https://catalog.saclibrary.org/GroupedWork/173a74fc-163e-c644-7edb-21add9e75c3d-eng,"Uncanny: the origins of fear","Itō, Junji, 1963-",9781974747306,,"VIZ Media",2024,"[San Francisco, California]",Book,"Book::Carmichael: 709.2 I894 2024 - On Shelf,Book::Central: 709.2 I894 2024 - OFF CAMPUS,Book::Colonial Heights: 709.2 I894 2024 - On Shelf"
https://catalog.saclibrary.org/GroupedWork/aeb64025-b315-4b30-2daa-3470322d5d9c-eng,"The end of solitude: selected essays on culture and society","Deresiewicz, William, 1964-",9781250858641,,"Henry Holt and Company",2022,"New York",Book,"Book::Carmichael: 301 D431 2022 - On Shelf,Book::Central: 301 D431 2022 - On Shelf,Book::Fair Oaks: 301 D431 2022 - On Shelf"
https://catalog.saclibrary.org/GroupedWork/540ffa98-4a67-e7b5-66b8-46583a1ebae8-eng,"Vacationland: true stories from painful beaches","Hodgman, John",9780735224803,,"Viking; Random House Large Print; Penguin Publishing Group; Books on Tape",2017,"New York","eAudiobook;Large Print;eBook;Book","Book::Central: 791.45028 H689 2017 - On Shelf,Book::Elk Grove: 791.45028 H689 2017 - On Shelf,Book::Rio Linda: 791.45028 H689 2017 - On Shelf"
https://catalog.saclibrary.org/GroupedWork/4d15fd1b-439f-ee52-f586-d17fab6b5127-eng,"True indie: life and death in filmmaking","Coscarelli, Don",9781250193247,,"St. Martin's Press; St. Martin's Publishing Group; Macmillan Audio",2018,"New York",eAudiobook;eBook;Book,"Book::Central: BIOGRAPHY Coscarelli, D. 2018 - On Shelf,Book::South Natomas: BIOGRAPHY Coscarelli, D. 2018 - On Shelf,Book::North Natomas: BIOGRAPHY Coscarelli, D. 2018 - On Shelf"
https://catalog.saclibrary.org/GroupedWork/b57ffe93-74e9-7738-0058-ce76cc9a9afd-eng,"The last book on the left: stories of murder and mayhem from history's most notorious serial killers","Kissel, Ben",9781328566317,,"Houghton Mifflin Harcourt; HarperCollins; HarperAudio; Mariner Books",2020,Boston,eAudiobook;eBook;Book,
https://catalog.saclibrary.org/GroupedWork/5e3f3094-03cc-4d10-5ae8-11c0a115f7a5-eng,"The lost girls: the true story of the Cleveland abductions and the incredible rescue of Michelle Knight, Amanda Berry, and Gina DeJesus","Glatt, John",9781250036360,,"St. Martin's Press; St. Martin's Publishing Group; Tantor Media, Inc",2015,"New York",eAudiobook;Book;eBook,"Book::Carmichael: 364.154 C355zg 2015 - Checked Out,Book::Central: 364.154 C355zg 2015 - Checked Out"
https://catalog.saclibrary.org/GroupedWork/ba789ae2-a699-9a94-6de7-ed2adf2c01fc-eng,"An iron wind: Europe under Hitler","Fritzsche, Peter, 1959-",9780465057740,,"Tantor Media, Inc.; Basic Books",2016,"New York",eBook;Book;eAudiobook,"Book::Central: 940.534 F919 2016 - On Shelf,Book::Rio Linda: 940.534 F919 2016 - On Shelf"
https://catalog.saclibrary.org/GroupedWork/9eb849ee-40be-3d1a-7a5c-5f0305b49576-eng,"Barracoon: the story of the last 'black cargo'","Hurston, Zora Neale",9780062748201,,"Amistad; HarperCollins; Harper Audio",2018,"New York","eAudiobook;Audiobook - CD;eBook;Book","Book::Arcade: BIOGRAPHY Lewis, C. 2018 - On Shelf,Book::Carmichael: BIOGRAPHY Lewis, C. 2018 - On Shelf,Book::Central: BIOGRAPHY Lewis, C. 2018 - On Shelf"
https://catalog.saclibrary.org/GroupedWork/f169dcd9-167a-c2f4-83cc-e498f8e1a81d-eng,"The call is coming from inside the house: essays","McOuat, Allyson",9781770417557,,"Tantor Media, Inc.; ECW Press",2024,"Toronto, Ontario",eBook;Book;eAudiobook,"Book::Central: 808.84 M171 2024 - On Shelf,Book::Orangevale: 808.84 M171 2024 - On Shelf,Book::Rio Linda: 808.84 M171 2024 - On Shelf"
https://catalog.saclibrary.org/GroupedWork/2135f0b4-cf24-c13c-446d-342306e97ad7-eng,"Home cooking: a writer in the kitchen","Colwin, Laurie",9780307474414,,"Vintage Books; Open Road Media","2010 - 2014","New York",eBook;Book,"Book::Central: 641.092 C727 2010 - Checked Out,Book::North Natomas: 641.092 C727 2010 - On Shelf,Book::Pocket-Greenhaven: 641.092 C727 2010 - On Shelf"
https://catalog.saclibrary.org/GroupedWork/ba459e64-b96d-2249-1a7f-1d5c64b72d57-eng,"Genreflecting: a guide to popular reading interests",,9781598848410,,"Libraries Unlimited",2013,"Santa Barbara, California",Book,"Book::Central: 813.016 H531 2013 - On Shelf,Book::Central Reference - 4th Floor: REFERENCE 813.016 H531 2013 - Library Use Only"
https://catalog.saclibrary.org/GroupedWork/90432021-7000-0d3a-a204-b34442ca4e54-eng,"Gunfight: my battle against the industry that radicalized America","Busse, Ryan",9781541768734,,"Hachette Audio; PublicAffairs",2021,"New York",eAudiobook;Book,"Book::South Natomas: 338.476234 B981 2021 - On Shelf,Book::Sylvan Oaks: 338.476234 B981 2021 - On Shelf,Book::Valley Hi-North Laguna: 338.476234 B981 2021 - On Shelf"
https://catalog.saclibrary.org/GroupedWork/3ec949ab-7978-3469-87a5-947d096a198a-eng,"Why we did it: a travelogue from the Republican road to Hell","Miller, Tim, 1981-",9780063161474,,"HarperCollins; HarperAudio; Harper, an imprint of HarperCollinsPublishers",2022,"New York, NY",eAudiobook;eBook;Book,"Book::Carmichael: 324.2734 M651 2022 - On Shelf,Book::Central: 324.2734 M651 2022 - On Shelf,Book::Belle Cooledge: 324.2734 M651 2022 - Checked Out"
https://catalog.saclibrary.org/GroupedWork/33c80bc1-dd99-c2a9-4108-8a92dae54e9a-eng,"The diary of a young girl: the definitive edition","Frank, Anne, 1929-1945",9780553577129,,"Listening Library; Random House/Listening Library; Random House Publishing Group; Books on Tape; Anchor Books/Doubleday; Arts & Science Academic Publishing; Doubleday; Bantam,  c1997","1995 - 2019","New York; New York, N.Y","eAudiobook;Audiobook - CD;eBook;Book","Book::Elk Grove: 940.548 F828 1995 - In Transit,Book::Galt: 940.548 F828 1995 - On Shelf,Book::Pocket-Greenhaven: 940.548 F828 1995 - On Shelf"
https://catalog.saclibrary.org/GroupedWork/f9c8efe1-7f7d-13f5-3a81-c03db551b8f1-eng,"The club: where American women artists found refuge in Belle Époque Paris","Dasal, Jennifer, 1980-",9781639731305,,"Bloomsbury Publishing",2025,"New York",eAudiobook;Book;eBook,"Book::Carmichael: 709.44 D229 2025 - On Shelf,Book::Central: 709.44 D229 2025 - On Shelf,Book::North Natomas: 709.44 D229 2025 - On Shelf"
https://catalog.saclibrary.org/GroupedWork/8e25d0eb-2485-c4f2-204b-5a16fa46698a-eng,"A crochet world of creepy creatures and cryptids: 40 amigurumi patterns for adorable monsters, mythical beings and more","Gustafson, Rikki",9781645675389,,"Page Street Publishing",2022,"Salem, MA",Book,"Book::Central: 746.434041 G982 2022 - On Shelf,Book::Galt: 746.434041 G982 2022 - On Shelf,Book::Rancho Cordova: 746.434041 G982 2022 - On Shelf"
https://catalog.saclibrary.org/GroupedWork/9345bf5a-112c-e5cb-db48-ba3403d1923e-eng,"The Book of Revelation: a biography","Beal, Timothy K. (Timothy Kandler), 1963-",9780691145839,,"Princeton University Press",2018,"Princeton, N.J",Book,"Book::Pocket-Greenhaven: 228 B366 2018 - On Shelf,Book::Rancho Cordova: 228 B366 2018 - Checked Out"
https://catalog.saclibrary.org/GroupedWork/004e7d90-0dee-5df7-281f-8eba25cc00a6-eng,"The book of phobias & manias: a history of obsession","Summerscale, Kate, 1965-",9780593489758,,"Penguin Books; Books on Tape",2022,"[New York, New York]",eAudiobook;Book,"Book::Central: 150.9 S955 2022 - On Shelf,Book::Courtland: 150.9 S955 2022 - On Shelf,Book::Fair Oaks: 150.9 S955 2022 - On Shelf"
https://catalog.saclibrary.org/GroupedWork/f1f22434-b96d-ecc9-85cf-b34f3b4c97b7-eng,"The girl who survived Auschwitz","Leibovits, Sara",9780008640590,,"One More Chapter",2023,London,Book,"Book::Arcade: 940.5318 E374 2023 - Checked Out,Book::Carmichael: 940.5318 E374 2023 - On Shelf,Book::Central: 940.5318 E374 2023 - Checked Out"
https://catalog.saclibrary.org/GroupedWork/31149e9e-aec9-ba42-47df-4cb1e511aca4-eng,"The school that escaped the Nazis: the true story of the schoolteacher who defied Hitler","Cadbury, Deborah",9781541751194,,"Hachette Audio; PublicAffairs",2022,"New York",eAudiobook;Book;eBook,"Book::Arcade: 940.5318 C121 2022 - On Shelf,Book::Central: 940.5318 C121 2022 - On Shelf,Book::Fair Oaks: 940.5318 C121 2022 - On Shelf"
https://catalog.saclibrary.org/GroupedWork/e1e12161-887c-9717-0d74-a0e500087111-eng,"The year of goodbyes: a true story of friendship, family and farewells","Levy, Debbie",9781423129011,,"Disney-Hyperion Books; Little, Brown Books for Young Readers","2010 - 2015","New York",eBook;Book,"Book::Colonial Heights Children's Area: CHILDREN 811.6 L668 2010 - On Shelf"
https://catalog.saclibrary.org/GroupedWork/5873f16b-f8e9-1fc6-f1b6-822d9f1f67a0-eng,"Around the world in seventy-two days and other writings","Bly, Nellie, 1864-1922",9780143107408,,"Penguin Books; Penguin Publishing Group",2014,"New York, New York",eBook;Book,"Book::Central: 070.92 B661 2014 - On Shelf,Book::Southgate: 070.92 B661 2014 - On Shelf"
https://catalog.saclibrary.org/GroupedWork/2e7b0598-d437-f6f5-0113-d4589b285976-eng,"Kearny's march: the epic journey that created the American southwest, 1846-1847","Groom, Winston, 1944-2020",9780307270962,,"Alfred A. Knopf",2011,"New York",Book,"Book::Arcade: 979.02 K24zg 2011 - On Shelf,Book::Central: 979.02 K24zg 2011 - On Shelf,Book::Folsom Adult: 979.02 GRO 2011 - On Shelf"
https://catalog.saclibrary.org/GroupedWork/9fc5aed7-d32f-ab31-26e2-a1bd4134a282-eng,"Adulthood is a myth: a ""Sarah's Scribbles"" collection","Andersen, Sarah (Sarah C.)",9781449474195,,"Andrews McMeel; Andrews McMeel Publishing",2016,"Kansas City","Graphic Novel/Manga;eComic","Graphic Novel/Manga::Carmichael: GRAPHIC 741.5 A544 2016 - On Shelf,Graphic Novel/Manga::Colonial Heights: GRAPHIC 741.5 A544 2016 - On Shelf,Graphic Novel/Manga::Isleton: GRAPHIC 741.5 A544 2016 - On Shelf"
https://catalog.saclibrary.org/GroupedWork/c5c8c4a0-066a-bd37-a1c3-9b899cf0ae6b-eng,"Best climbs, Joshua Tree National Park: the best sport and trad routes in the park","Gaines, Bob, 1959-",9781493039395,,"FalconGuides, An imprint of the Rowman & Littlefield Publishing Group, Inc",2019,"Lanham, MD",Book,"Book::Arcade: 796.52223 G142 2019 - On Shelf,Book::Central: 796.52223 G142 2019 - On Shelf,Book::Fair Oaks: 796.52223 G142 2019 - On Shelf"
https://catalog.saclibrary.org/GroupedWork/a857cdb1-014c-3884-1b3b-c59767061dc5-eng,"Flyboys: a true story of courage","Bradley, James, 1954-",9780316105842,,"Hachette Audio; Little, Brown and Company; Little, Brown","2003 - 2005",Boston,"eAudiobook;Large Print;Book;eBook","Book::Carmichael: 940.545 B811 2003 - On Shelf,Book::Franklin: 940.545 B811 2003 - On Shelf,Book::Southgate: 940.545 B811 2003 - On Shelf"
https://catalog.saclibrary.org/GroupedWork/d7746f77-09de-d6c4-800f-e9537e4aa3b0-eng,"Aftermath: life in the fallout of the Third Reich, 1945-1955","Jähner, Harald, 1953-",9780593319734,,"Alfred A. Knopf; Knopf Doubleday Publishing Group",2022,"New York",eBook;Book,"Book::Carmichael: 943.0875 J252 2022 - On Shelf,Book::Central: 943.0875 J252 2022 - On Shelf,Book::Fair Oaks: 943.0875 J252 2022 - On Shelf"
https://catalog.saclibrary.org/GroupedWork/02be207a-df34-fb1a-4902-4b2d223d2378-eng,"The great war and the birth of modern medicine: a history","Helling, Thomas, 1947-",9781643138992,,"Pegasus Books; Blackstone Publishing",2022,"New York, NY",eBook;Book;eAudiobook,"Book::Central: 940.475 H477 2022 - On Shelf,Book::Elk Grove: 940.475 H477 2022 - Checked Out,Book::Fair Oaks: 940.475 H477 2022 - On Shelf"
https://catalog.saclibrary.org/GroupedWork/ac41b126-2dd5-ea06-7c19-7d9e4328265f-eng,"Girl, interrupted","Kaysen, Susanna, 1948-",9780679746041,,"Vintage Books; Knopf Doubleday Publishing Group","1994 - 2013","New York",eBook;Book,"Book::Colonial Heights: 362.2 K23 1994 - On Shelf,Book::Franklin: 362.2 K23 1994 - On Hold Shelf,Book::McClatchy: 362.2 K23 1994 - Checked Out"
https://catalog.saclibrary.org/GroupedWork/79e0a26a-8458-70a4-e232-2c710e32ec2c-eng,"The worst journey in the world: Antarctic 1910-1913","Cherry-Garrard, Apsley, 1886-1959",9781620113622,,"Project Gutenberg; Duke Classics; Benediction Classics",2007,Oxford,eBook;Book,
https://catalog.saclibrary.org/GroupedWork/09ce8229-6b1f-4654-ade7-12b741b16716-eng,"A world lit only by fire: the medieval mind and the Renaissance : portrait of an age","Manchester, William, 1922-2004",9780316545310,,"Little, Brown and Company; Little, Brown; Blackstone Publishing","1992 - 2009",Boston,eAudiobook;Book;eBook,
https://catalog.saclibrary.org/GroupedWork/a666061b-9f16-8bf3-c873-2130b46a04c6-eng,"Darkest hour: how Churchill brought England back from the brink","McCarten, Anthony, 1961-",9780062749512,,"HarperCollins; HarperAudio; HarperCollins Publishers",2017,"New York",eAudiobook;eBook;Book,"Book::Arcade: 941.084 C563zm 2017 - On Shelf,Book::Carmichael: 941.084 C563zm 2017 - On Shelf,Book::Central: 941.084 C563zm 2017 - On Shelf"
https://catalog.saclibrary.org/GroupedWork/4484f65f-100a-8458-145f-729dcad1400f-eng,"Shot: 101 survivors of gun violence in America","Shorr, Kathy, 1957-",9781576878330,,"PowerHouse Books",2017,"Brooklyn, NY",Book,"Book::Central: 778 S559 2017 - On Shelf"
https://catalog.saclibrary.org/GroupedWork/fa996074-6d91-8730-3737-5d649803d5e1-eng,"Hellfire boys: the birth of the U.S. Chemical Warfare Service and the race for the world's deadliest weapons","Emery, Theo",9780316264105,,"Little, Brown and Company",2017,"New York",eBook;Book,"Book::Arcade: 358.34 E538 2017 - On Shelf,Book::North Natomas: 358.34 E538 2017 - On Shelf"
https://catalog.saclibrary.org/GroupedWork/8645affa-e0db-aa92-d06e-301e96264e1d-eng,"Kasher in the rye: the true tale of a white boy from Oakland who became a drug addict, criminal, mental patient, and then turned 16","Kasher, Moshe",9781538768730,,"Hachette Audio; Grand Central Pub; Grand Central Publishing",2012,"New York",eAudiobook;Book;eBook,"Book::Carmichael: 792.76028 K191 2012 - On Shelf,Book::Central: 792.76028 K191 2012 - On Shelf,Book::Elk Grove: 792.76028 K191 2012 - Checked Out"
https://catalog.saclibrary.org/GroupedWork/cabddb01-7531-0fc5-8060-468a4f473b8e-eng,"The assassination of the archduke: Sarajevo 1914 and the romance that changed the world","King, Greg, 1964-",9781250000163,,"St. Martin's Press; St. Martin's Publishing Group; Blackstone Publishing",2013,"New York",eAudiobook;eBook;Book,"Book::Central: 943.60441 K528 2013 - On Shelf,Book::Fair Oaks: 943.60441 K528 2013 - On Shelf,Book::Pocket-Greenhaven: 943.60441 K528 2013 - On Shelf"
https://catalog.saclibrary.org/GroupedWork/eec1ca83-935b-49e7-d426-207505bbd83f-eng,"Unlikeable female characters: the women pop culture wants you to hate","Bogutskaya, Anna",9781728274744,,"Tantor Media, Inc.; Sourcebooks Inc; Tantor Media, Inc; Sourcebooks",2023,"Naperville, Illinois",eAudiobook;eBook;Book,"Book::Central: 305.43 B675 2023 - On Shelf,Book::Colonial Heights: 305.43 B675 2023 - On Shelf,Book::Elk Grove: 305.43 B675 2023 - On Shelf"
https://catalog.saclibrary.org/GroupedWork/23113a40-b6c0-bbd2-4265-ab79d823fd0f-eng,Night,"Wiesel, Elie, 1928-2016",9780374500016,,"Thorndike Press, a part of Gale, a Cengage Company; Hill and Wang; Recorded Books, Inc.; Audio Bookshelf,LLC; Recorded Books; Farrar, Straus and Giroux; Audio Bookshelf","2000 - 2020","New York; Waterville; Prince Frederick, Md; Northport, ME","eAudiobook;Audiobook - CD;eBook;Large Print;Book","Book::Central: 940.5318 W6512n 2017 - Checked Out,Book::Belle Cooledge: 940.5318 W6512n 2017 - On Shelf,Book::Rio Linda: 940.5318 W6512n 2017 - Checked Out"
https://catalog.saclibrary.org/GroupedWork/3d71a7ca-0ef3-074b-6180-eb64e68788ef-eng,"Not quite a genius","Dern, Nate",9781501122200,,"Simon & Schuster Audio; Simon &Schuster",2017,"New York; New York, NY","Audiobook - CD;Book;eAudiobook","Book::Central: 814.6 D436 2017 - On Shelf"
https://catalog.saclibrary.org/GroupedWork/b04c471c-57ce-07f4-ad36-02addc178b40-eng,"Los Angeles","Mayo, Morrow",,,"A.A. Knopf",1933,"New York",Book,"Book::Sacramento Room: SPE 979.494 M473 1933 CAL VAU - Library Use Only"
https://catalog.saclibrary.org/GroupedWork/dc4ee556-8e46-e605-6386-1242543afb52-eng,"The perilous West: seven amazing explorers and the founding of the Oregon Trail","Morris, Larry E",9781442211124,,"Rowman & Littlefield Publishers",2012,"Lanham, Maryland",Book,"Book::Central: 978.01 M876 2012 - On Shelf,Book::Southgate: 978.01 M876 2012 - On Shelf"
https://catalog.saclibrary.org/GroupedWork/ff1b7775-96e7-e9d0-a0ce-c116dee7cc57-eng,"Nothing is wrong and here is why: essays","Petri, Alexandra",9781324006459,,"Highbridge Company; HighBridge; W.W. Norton & Company",2020,"New York, NY",eAudiobook;Book,"Book::Central: 973.933 P495 2020 - On Shelf,Book::Franklin: 973.933 P495 2020 - On Shelf,Book::North Natomas: 973.933 P495 2020 - On Shelf"
https://catalog.saclibrary.org/GroupedWork/34321ba8-95c0-5349-bf87-e455b1423734-eng,"We who are alive and remain: untold stories from the band of brothers","Brotherton, Marcus",9780425227633,,"Berkley Caliber; Tantor Media, Inc.; Tantor Media, Inc",2009,"New York",eAudiobook;Book,"Book::Central: 940.541273 B874 2009 - On Shelf,Book::Colusa Main Branch Adult Collection: 940.541273 B - On Shelf,Book::Folsom Adult: 940.54127 BRO 2009 - On Shelf"
https://catalog.saclibrary.org/GroupedWork/8cc0b257-ecb0-ceff-ecef-840f7a5b94ca-eng,"The demon of unrest: a saga of hubris, heartbreak, and heroism at the dawn of the Civil War","Larson, Erik, 1954-",9780385348744,,"Crown; Random House Large Print; Books on Tape; Random House Audio",2024,"New York; [United States]","eAudiobook;Audiobook - CD;eBook;Large Print;Book","Book::Arcade: 973.7 L334 2024 - On Shelf,Book::Carmichael: 973.7 L334 2024 - Checked Out,Book::Central: 973.7 L334 2024 - On Shelf"
https://catalog.saclibrary.org/GroupedWork/618faf83-18fa-b726-5e14-c51767f76360-eng,"A great and glorious adventure: a history of the Hundred Years War and the birth of Renaissance England","Corrigan, Gordon",9781605985794,,"Pegasus Books",2014,"New York",eBook;Book,"Book::Central: 944.025 C825 2014 - On Shelf,Book::Elk Grove: 944.025 C825 2014 - On Shelf,Book::Pocket-Greenhaven: 944.025 C825 2014 - On Shelf"
https://catalog.saclibrary.org/GroupedWork/096035b8-29f4-a479-8496-78873a7c8c4d-eng,"Fear and fury: the Reagan eighties, the Bernie Goetz shootings, and the rebirth of white rage","Thompson, Heather Ann, 1963-",9780593702093,,"Knopf Doubleday Publishing Group; Pantheon Books; Books on Tape",2026,"New York",eAudiobook;Book;eBook,"Book::Central New Books - 4th Floor: 973.927 T472 2026 - Checked Out,Book::Belle Cooledge: 973.927 T472 2026 - Checked Out,Book::Franklin: 973.927 T472 2026 - Checked Out"
https://catalog.saclibrary.org/GroupedWork/db357653-3cb9-b7e0-937d-7cc99c1ada00-eng,"My name means fire: a memoir","Yaghmaian, Atash",9780807020722,,"Beacon Press",2025,Boston,eAudiobook;Book;eBook,"Book::Arcade: 362.76 Y128 2025 - On Shelf,Book::Central: 362.76 Y128 2025 - On Shelf,Book::Colonial Heights: 362.76 Y128 2025 - On Shelf"
https://catalog.saclibrary.org/GroupedWork/0ff893a2-5c32-7551-2d2b-12af97d107c8-eng,"The lady and her monsters: a tale of dissections, attempts to reanimate dead tissue, and the writing of Mary Shelley's Frankenstein","Montillo, Roseanne",9780062025838,,"Willam Morrow",2013,"New York",Book,"Book::Central: 823.7 S545zm2 2013 - On Shelf,Book::North Natomas: 823.7 S545zm2 2013 - On Shelf,Book::Valley Hi-North Laguna: 823.7 S545zm2 2013 - On Shelf"
https://catalog.saclibrary.org/GroupedWork/205656c0-8069-7023-1318-455bc092b2ee-eng,"The survivors: a story of war, inheritance, and healing","Frankel, Adam P",9780062258588,,"HarperCollins; Harper, an imprint of HarperCollinsPublishers; Harper",2019,"New York, NY",eBook;Book,"Book::Central: 940.5318 F8292 2019 - On Shelf,Book::Franklin: 940.5318 F8292 2019 - On Shelf,Book::North Natomas: 940.5318 F8292 2019 - On Shelf"
https://catalog.saclibrary.org/GroupedWork/8e3f15cb-2246-ddc9-95e5-02572ed593d0-eng,"Deadpool kills the Marvel Universe","Bunn, Cullen",9780785164036,,"Marvel Enterprises; Marvel Worldwide, Inc.",2012,"New York","Graphic Novel/Manga;eComic","Graphic Novel/Manga::Carmichael Teen Area: TEEN GRAPHIC NOVEL Deadpool - On Shelf,Graphic Novel/Manga::Central Teen Area - 3rd Floor: TEEN GRAPHIC NOVEL Deadpool - On Shelf,Graphic Novel/Manga::Fair Oaks Teen Area: TEEN GRAPHIC NOVEL Deadpool - On Shelf"
https://catalog.saclibrary.org/GroupedWork/f393b875-0b33-b9da-0b26-a664965df5a2-eng,"Funny because it's true: how The Onion created modern American news satire","Wenc, Christine",9780762484430,,"Hachette Audio; Running Press",2025,Philadelphia,eAudiobook;Book;eBook,"Book::Carmichael: 070.44 W468 2025 - On Shelf,Book::Central: 070.44 W468 2025 - On Shelf,Book::Fair Oaks: 070.44 W468 2025 - On Shelf"
https://catalog.saclibrary.org/GroupedWork/68845993-7ec7-f705-c5a5-7be72325aeb9-eng,"One long night: a global history of concentration camps","Pitzer, Andrea",9780316303590,,"Hachette Audio; Little, Brown and Company",2017,"New York",eAudiobook;eBook;Book,"Book::Carmichael: 365.45 P692 2017 - OFF CAMPUS,Book::Central: 365.45 P692 2017 - On Shelf,Book::South Natomas: 365.45 P692 2017 - On Shelf"
https://catalog.saclibrary.org/GroupedWork/0d1ba989-169a-2666-785d-09ca6c87e2fd-eng,"Shirley Jackson: a rather haunted life","Franklin, Ruth",9780871403131,,"Blackstone Publishing; Liveright; Liveright Publishing Corporation","2016 - 2017","New York",eAudiobook;Book;eBook,"Book::Central: BIOGRAPHY Jackson, S. 2016 - On Shelf,Book::North Natomas: BIOGRAPHY Jackson, S. 2016 - On Shelf,Book::Folsom Reading Room: BIOGRAPHY Jackson, S. 2016 - On Shelf"
https://catalog.saclibrary.org/GroupedWork/fb0a9c98-9b97-5b23-270a-d2c958169f9f-eng,"Abortion: our bodies, their lies, and the truths we use to win","Valenti, Jessica",9780593800232,,"Crown; Books on Tape",2024,"New York",eAudiobook;Book;eBook,"Book::Carmichael: 362.19888 V155 2024 - On Shelf,Book::Central: 362.19888 V155 2024 - On Shelf,Book::Colonial Heights: 362.19888 V155 2024 - On Shelf"
https://catalog.saclibrary.org/GroupedWork/75980932-979c-faa2-e399-ad20dc7fe760-eng,"Yes to life: in spite of everything","Frankl, Viktor E. (Viktor Emil), 1905-1997",9780807005552,,"Beacon Press",2020,Boston,eAudiobook;Book;eBook,"Book::South Natomas: 150.195 F831 2020 - Checked Out,Book::Woodland Public Library: 150.19 Fra 2020 - On Shelf"
https://catalog.saclibrary.org/GroupedWork/8e2151f8-523a-75b3-594a-d4548ed88552-eng,"Ripped from the headlines!: the shocking true stories behind the movies' most memorable crimes","Schechter, Harold",9781542041829,,"Little A",2020,"New York",Book,"Book::Carmichael: 364 S314 2020 - On Shelf,Book::Central: 364 S314 2020 - On Shelf,Book::Galt: 364 S314 2020 - On Shelf"
https://catalog.saclibrary.org/GroupedWork/2ed4c5e6-1b58-5777-eddf-47d853ed1e4c-eng,"A fort of nine towers: an Afghan family story","Omar, Qais Akbar",9780374157647,,"Farrar, Straus and Giroux",2013,"New York",Book,"Book::McKinley: 958.104 O547 2013 - On Shelf,Book::North Natomas: 958.104 O547 2013 - On Shelf,Book::Pocket-Greenhaven: 958.104 O547 2013 - On Shelf"
https://catalog.saclibrary.org/GroupedWork/d9344c2e-8278-f2ef-c119-d79cf0e9f7cb-eng,"Open heart: a cardiac surgeon's stories of life and death on the operating table","Westaby, Stephen",9780465094837,,"Basic Books; Hachette Audio",2017,"New York",eAudiobook;eBook;Book,"Book::Central: 617.412 W522 2017 - On Shelf,Book::Belle Cooledge: 617.412 W522 2017 - On Shelf,Book::McKinley: 617.412 W522 2017 - On Shelf"
https://catalog.saclibrary.org/GroupedWork/5c8abddd-320a-0871-eb92-d0c6fd15348f-eng,Hostage,"Sharabi, Eli, 1972-",9780063489790,,"Harper Influence, an imprint of HarperCollinsPublishers; HarperCollins",2025,"New York, NY",eAudiobook;Book;eBook,"Book::Carmichael: 956.9405 S531 2025 - On Shelf,Book::Central New Books - 4th Floor: 956.9405 S531 2025 - On Shelf,Book::Belle Cooledge: 956.9405 S531 2025 - On Shelf"
https://catalog.saclibrary.org/GroupedWork/75135a31-a413-bacd-70aa-c51e8022d420-eng,"The sisterhood of Ravensbruck: How an Intrepid Band of Frenchwomen Resisted the Nazis in Hitler's All-female Concentration Camp","Olson, Lynne",9780593732304,,"Random House",2025,"New York, NY",Book,"Book::Carmichael: 940.53185 O526 2025 - On Shelf,Book::Central: 940.53185 O526 2025 - On Shelf,Book::Colonial Heights: 940.53185 O526 2025 - On Shelf"
https://catalog.saclibrary.org/GroupedWork/c43fb25c-c8cf-537c-d8aa-9dae2aec321d-eng,"Women of the underground: music : cultural innovators speak for themselves",,9781933149196,,"Manic D Press",2010,"San Francisco",Book,"Book::Carmichael: 781.660922 W872 2010 - On Shelf"
https://catalog.saclibrary.org/GroupedWork/3771c135-7c35-da18-e48d-586204f7fa36-eng,"Madhouse at the end of the Earth: the Belgica's journey into the dark Antarctic night","Sancton, Julian",9781984824332,,"Crown; Books on Tape",2021,"New York",eAudiobook;Book;eBook,"Book::Rancho Cordova: 998.9 S212 2021 - On Shelf,Book::Valley Hi-North Laguna: 998.9 S212 2021 - Checked Out,Book::Folsom Adult: 998.9 SAN 2021 - On Shelf"
https://catalog.saclibrary.org/GroupedWork/5aee6342-4996-faee-2729-3c1a47fad1d3-eng,"The Black Death","Ziegler, Philip",9780061718984,,"John Day Co; Sutton; Harper Perennial Modern Classics","1969 - 2009","New York; Wolfeboro Falls, NH]; [Stroud, Gloucestershire",Book,"Book::Central: 614.5732 Z664 2009 - On Shelf"
https://catalog.saclibrary.org/GroupedWork/61a80e56-700b-9ede-fae1-5a905b0caebf-eng,"He said, she said: lessons, stories, and mistakes from my transgender journey","Gigi Gorgeous, 1992-",9780525573425,,"Harmony Books",2019,"New York",Book,"Book::Central: BIOGRAPHY Gorgeous, G. 2019 - On Shelf"
https://catalog.saclibrary.org/GroupedWork/cf35ff62-ae8c-1c5f-a859-c0a95f70fe81-eng,"The long reckoning: a story of war, peace, and redemption in Vietnam","Black, George, 1949-",9780593534106,,"Alfred A. Knopf",2023,"New York",Book,"Book::Carmichael: 959.70431 B627 2023 - On Shelf,Book::Central: 959.70431 B627 2023 - On Shelf,Book::Belle Cooledge: 959.70431 B627 2023 - On Shelf"
https://catalog.saclibrary.org/GroupedWork/1ccd861c-fd24-0013-d60c-f9c9143d28c8-eng,"A marriage at sea: a true story of love, obsession, and shipwreck","Elmhirst, Sophie",9780593854280,,"Riverhead Books; Books on Tape; Penguin Publishing Group; Center Point Large Print",2025,"New York; Thorndike, Maine","eAudiobook;eBook;Large Print;Book","Book::Arcade: 910.9164 E483 2025 - On Shelf,Book::Carmichael: 910.9164 E483 2025 - Checked Out,Book::Central New Books - 4th Floor: 910.9164 E483 2025 - In Transit"
https://catalog.saclibrary.org/GroupedWork/881a6141-d9e8-cafb-6962-76d0e5a14ca6-eng,"Dance or die: from stateless refugee to international ballet star : a memior","Joudeh, Ahmad",9781623545130,,Imagine,2021,"Watertown, MA",Book,"Book::Central: BIOGRAPHY Joudeh, A. 2021 - On Shelf,Book::Fair Oaks: BIOGRAPHY Joudeh, A. 2021 - On Shelf,Book::Isleton: BIOGRAPHY Joudeh, A. 2021 - On Shelf"
https://catalog.saclibrary.org/GroupedWork/12957602-8fca-072a-1e67-bc5df040294e-eng,"The stranger beside me","Rule, Ann",9780393868494,,"Simon & Schuster Audio; W.W. Norton & Company","1992 - 2022","New York, NY",eAudiobook;Book,"Book::Carmichael: 364.1523 B942zr 2022 - Checked Out,Book::Pocket-Greenhaven: 364.1523 B942zr 2022 - On Shelf,Book::Sutter County Main Branch: 364.1523 RUL - On Shelf"
https://catalog.saclibrary.org/GroupedWork/b849e881-c27d-364c-12db-175f9f0fe6ee-eng,"The Penguin book of demons",,9780143137863,,"Penguin Books",2024,"[New York]",Book,"Book::Galt: 133.42 B887 2024 - Checked Out,Book::Isleton: 133.42 B887 2024 - On Shelf,Book::Rancho Cordova: 133.42 B887 2024 - On Shelf"
https://catalog.saclibrary.org/GroupedWork/d033109a-cbcf-a6f1-742e-ec1b18d39853-eng,"Revolutionary mothers: women in the struggle for America's independence","Berkin, Carol",9781400075324,,"Tantor Media, Inc.; Knopf Doubleday Publishing Group; Vintage Books","2006 - 2018","New York",eBook;Book;eAudiobook,"Book::Central: 973.3082 B512 2006 - On Shelf,Book::Colusa Main Branch Adult Collection: 973.3082 B - Display"
https://catalog.saclibrary.org/GroupedWork/2d1afe1d-e93d-03b2-1419-1f7af8aa09a3-eng,"The end of everything: how wars descend into annihilation","Hanson, Victor Davis",9781541673526,,"Basic Books",2024,"New York",eBook;Book,"Book::Belle Cooledge: 355 H251 2024 - On Shelf,Book::Franklin: 355 H251 2024 - On Shelf,Book::North Natomas: 355 H251 2024 - On Shelf"
https://catalog.saclibrary.org/GroupedWork/0c90aacc-d1cd-5631-5a80-dd85377f3f66-eng,"The 9/11 report: a graphic adaptation","Jacobson, Sidney",9780809057399,,"Hill and Wang",2006,"New York","Graphic Novel/Manga","Graphic Novel/Manga::Carmichael: GRAPHIC 973.931 J17 2006 - On Shelf"
https://catalog.saclibrary.org/GroupedWork/df565b1a-b052-bd02-a36a-d72f307e07c1-eng,"Frankenstein and the birth of science","Levy, Joel, 1971-",9780233005355,,"Andre Deutsch",2018,London,Book,"Book::Central: 509 L668 2018 - On Shelf,Book::South Natomas: 509 L668 2018 - On Shelf,Book::Rancho Cordova: 509 L668 2018 - On Shelf"
https://catalog.saclibrary.org/GroupedWork/5ef9f3e9-ec2a-963d-48c2-a2a125c2b6eb-eng,"Becoming Superman: a writer's journey from poverty to Hollywood with stops along the way at murder, madness, mayhem, movie stars, cults, slums, sociopaths, and war crimes","Straczynski, J. Michael, 1954-",9780062857842,,HarperCollins,2019,"New York",Book,"Book::Central: BIOGRAPHY Straczynski, J. 2019 - On Shelf,Book::Fair Oaks: BIOGRAPHY Straczynski, J. 2019 - On Shelf,Book::Rancho Cordova: BIOGRAPHY Straczynski, J. 2019 - On Shelf"
https://catalog.saclibrary.org/GroupedWork/a3695ef2-d624-7478-292a-6ef9d8d4cf35-eng,"Everybody's doin' it: sex, music, and dance in New York, 1840-1917","Cockrell, Dale",9780393608946,,"HighBridge; W.W. Norton & Company; Highbridge Company",2019,"New York",eAudiobook;Book,"Book::Carmichael: 781.640747 C666 2019 - On Shelf,Book::Central: 781.640747 C666 2019 - On Shelf"
https://catalog.saclibrary.org/GroupedWork/757b0cea-8523-6c5e-0d94-0f6cc94f3490-eng,"Antifa: the anti-fascist handbook","Bray, Mark (Political activist)",9781612197036,,"Melville House; Blackstone Publishing","2017 - 2018","Brooklyn, NY",eAudiobook;Book,"Book::Sylvan Oaks: 320.533 B827 2017 - On Shelf,Book::Folsom Adult: 320.533 BRA 2017 - On Shelf"
https://catalog.saclibrary.org/GroupedWork/23eace1f-00d4-0f35-a288-c82742729bc5-eng,"Every drop of blood: the momentous second inauguration of Abraham Lincoln","Achorn, Edward",9780802148742,,"Atlantic Monthly Press; Grove Atlantic",2020,"New York",eBook;Book,"Book::Carmichael: 973.7 A179 2020 - On Shelf,Book::Central: 973.7 A179 2020 - On Shelf,Book::Rancho Cordova: 973.7 A179 2020 - In Transit"
https://catalog.saclibrary.org/GroupedWork/7820fa37-cceb-ea12-d907-a980b0347357-eng,"From Russia with blood: the Kremlin's ruthless assassination program and Vladimir Putin's secret war on the West","Blake, Heidi",9780316417235,,"Mulholland Books/ Little, Brown and Company; Little, Brown and Company",2019,"New York",eBook;Book,"Book::Carmichael: 364.1524 B636 2019 - On Shelf,Book::Central: 364.1524 B636 2019 - On Shelf,Book::Pocket-Greenhaven: 364.1524 B636 2019 - On Shelf"
https://catalog.saclibrary.org/GroupedWork/005ee28a-c877-ae57-1d76-fc25b6b8a03f-eng,"Democracy, if we can keep it: the ACLU's 100-year fight for rights in America","Cose, Ellis",9781620973837,,"The New Press",2020,"New York",eBook;Book,"Book::Carmichael: 323.0973 C834 2020 - On Shelf,Book::Central: 323.0973 C834 2020 - On Shelf,Book::Belle Cooledge: 323.0973 C834 2020 - Checked Out"
https://catalog.saclibrary.org/GroupedWork/95f1fe28-21c5-8b44-879f-a8103079fd66-eng,"Last boat out of Shanghai: the epic story of the Chinese who fled Mao's revolution","Zia, Helen",9780345522320,,"Tantor Media, Inc.; Tantor Media, Inc; Ballantine Books; Random House Publishing Group",2019,"New York",eAudiobook;Book;eBook,"Book::Arden-Dimick: 951.042 Z64 2019 - Checked Out,Book::Carmichael: 951.042 Z64 2019 - On Shelf,Book::McKinley: 951.042 Z64 2019 - On Shelf"
https://catalog.saclibrary.org/GroupedWork/ea012d4b-ed9e-07bf-3df6-5d3b87e409bc-eng,"Questions I am asked about the Holocaust","Fried, Hedi",9781947534599,,"Scribe; Scribble, an imprint of Scribe Publications","2019 - 2023","Brunswick, Victoria; Melbourne",Book,"Book::Carmichael Children's Area: CHILDREN 940.5318 F899 2023 - On Shelf,Book::Central Kids Place - Lower Level: CHILDREN 940.5318 F899 2023 - On Shelf,Book::Galt Children's Area: CHILDREN 940.5318 F899 2023 - On Shelf"
https://catalog.saclibrary.org/GroupedWork/b1eb6085-2380-6bbe-4e2b-11119fc7d18c-eng,"Quackery: a brief history of the worst ways to cure everything","Kang, Lydia",9780761189817,,"Tantor Media, Inc.; Workman Publishing Company; Workman Publishing","2017 - 2018","New York",eBook;Book;eAudiobook,"Book::Central: 615.856 K163 2017 - On Shelf,Book::North Natomas: 615.856 K163 2017 - Checked Out,Book::Pocket-Greenhaven: 615.856 K163 2017 - On Shelf"
https://catalog.saclibrary.org/GroupedWork/e389cbbc-d27e-10a8-d0a1-cfd673896c52-eng,"A mother's reckoning: living in the aftermath of tragedy","Klebold, Sue",9781101902752,,"Crown Publishers; Crown; Thorndike Press, a part of Gale, Cengage Learning; Books on Tape",2016,"New York; Farmington Hills, Mich","eAudiobook;Audiobook - CD;eBook;Large Print;Book","Book::Southgate: 373.78882 K638 2016 - Checked Out,Book::Sylvan Oaks: 373.78882 K638 2016 - On Shelf,Large Print::Central: LARGE PRINT 373.78882 K638 2016 - On Shelf"
https://catalog.saclibrary.org/GroupedWork/d140ab0b-3f04-3362-0c81-2f5d1b71e054-eng,"War: an enquiry","Grayling, A. C",9780300175349,,"Yale University Press",2017,"New Haven",eBook;Book,"Book::Central: 355.0201 G783 2017 - On Shelf"
https://catalog.saclibrary.org/GroupedWork/ed15ff04-8a96-b03e-f91b-86af2b630826-eng,"American rebels: how the Hancock, Adams, and Quincy families fanned the flames of revolution","Sankovitch, Nina",9781250163288,,"Macmillan Audio; St. Martin's Press; St. Martin's Publishing Group",2020,"New York",eAudiobook;eBook;Book,"Book::Carmichael: 974.47 S227 2020 - On Shelf,Book::Central: 974.47 S227 2020 - On Shelf,Book::North Natomas: 974.47 S227 2020 - On Shelf"
https://catalog.saclibrary.org/GroupedWork/3d090f8c-4a35-a254-0b54-c3d584848f16-eng,"Women we buried, women we burned: a memoir","Snyder, Rachel Louise",9781635579123,,"Highbridge Company; HighBridge; Bloomsbury Publishing",2023,"New York",eAudiobook;Book;eBook,"Book::Central: 070.92 S675 2023 - Display,Book::Elk Grove: 070.92 S675 2023 - On Shelf,Book::North Sacramento-Hagginwood: 070.92 S675 2023 - On Shelf"
https://catalog.saclibrary.org/GroupedWork/5bf6ced1-f4d3-d3e1-9464-ae4e9929af73-eng,"Armageddon: what the Bible really says about the end","Ehrman, Bart D",9781982147990,,"Simon & Schuster",2023,"New York",eBook;Book,"Book::Central: 236.9 E339 2023 - On Shelf,Book::Rancho Cordova: 236.9 E339 2023 - On Shelf"
https://catalog.saclibrary.org/GroupedWork/4c37b8bd-2a69-5191-1a61-372532d1f7e5-eng,"Apology to the young addict: a memoir","Brown, James, 1957-",9781640092860,,"Counterpoint; Catapult; Highbridge Company; HighBridge",2020,"Berkeley, California",eAudiobook;Book;eBook,"Book::Carmichael: 813.54 B878 2020 - On Shelf,Book::Central: 813.54 B878 2020 - On Shelf"
https://catalog.saclibrary.org/GroupedWork/f6b02c50-079c-debd-bac3-1aa09d2b1a91-eng,"Tropic of squalor: poems","Karr, Mary",9780062699824,,"Harper, an imprint of HarperCollins Publishers; HarperCollins; HarperAudio",2018,"New York",eBook;Book;eAudiobook,"Book::Carmichael: 811.54 K18t 2018 - On Shelf,Book::Central: 811.54 K18t 2018 - On Shelf,Book::Fair Oaks: 811.54 K18t 2018 - On Shelf"
https://catalog.saclibrary.org/GroupedWork/d229a688-ec5d-2129-ed18-db6d4c9d49fc-eng,"Endless forms: the secret world of wasps","Sumner, Seirian",9780063029927,,"HarperCollins; Harper",2022,"New York",eAudiobook;eBook;Book,"Book::Carmichael: 595.79 S596 2022 - On Shelf,Book::Central: 595.79 S596 2022 - On Shelf,Book::Belle Cooledge: 595.79 S596 2022 - Checked Out"
https://catalog.saclibrary.org/GroupedWork/f4a91911-7b8c-9a75-216b-8a1a0eee9a91-eng,"The best land under heaven: the Donner Party in the age of Manifest Destiny","Wallis, Michael, 1945-",9780871407696,,"Liveright; Liveright Publishing Corporation, a division of W.W. Norton & Company",2017,"New York",eBook;Book,"Book::Carmichael: 979.403 W214 2017 - On Shelf,Book::Fair Oaks: 979.403 W214 2017 - On Shelf,Book::North Natomas: 979.403 W214 2017 - On Shelf"
https://catalog.saclibrary.org/GroupedWork/e4f84fa8-1ad6-b237-28bb-00cc5bcd07a8-eng,"The perfect other: a memoir of my sister","Leddy, Kyleigh",9780358469346,,"HarperCollins; HarperAudio; Harper, an imprint of HarperCollinsPublishers",2022,"New York, NY",eAudiobook;eBook;Book,"Book::Central: 306.8754 L472 2022 - On Shelf,Book::Belle Cooledge: 306.8754 L472 2022 - On Shelf,Book::Franklin: 306.8754 L472 2022 - On Shelf"
https://catalog.saclibrary.org/GroupedWork/52371926-3c6a-8f84-8597-b8c028012410-eng,"Analyzing 59 classic films: a millennial's view","Wietchy, Timothy",9781546777632,,CreateSpace,2017,"North Charleston, SC",Book,"Book::Central: 791.437 W652 2017 - On Shelf"
https://catalog.saclibrary.org/GroupedWork/9d56c812-1202-c918-931d-48b2219d05db-eng,"Midnight in Chernobyl: the untold story of the world's greatest nuclear disaster","Higginbotham, Adam",9781501134616,,"Simon & Schuster Audio; Thorndike Press; Simon & Schuster","2019 - 2020","Waterville, Maine; New York; [New York, N.Y.]","Large Print;Audiobook - CD;Book;eBook","Book::Elk Grove: 363.1799 C521zh 2019 - Checked Out,Book::Fair Oaks: 363.1799 C521zh 2019 - Checked Out,Book::Franklin: 363.1799 C521zh 2019 - On Shelf"
https://catalog.saclibrary.org/GroupedWork/f29461d7-bd2a-da27-24b1-72c0409ba497-eng,"Edgar Allan Poe: the fever called living","Collins, Paul, 1969-",9780544261877,,"New Harvest/Houghton Mifflin Harcourt",2014,Boston,Book,"Book::Central: BIOGRAPHY Poe, E. 2014 - On Shelf,Book::Rancho Cordova: BIOGRAPHY Poe, E. 2014 - On Shelf"
https://catalog.saclibrary.org/GroupedWork/97279ba7-5695-efd2-16e5-2c01fc7ab954-eng,"We're here: the best queer speculative fiction 2020",,9781952086274,,"Neon Hemlock Press",2021,"[United States]",Book,"Book::Valley Hi-North Laguna: SCIENCE FICTION We're 2020 - On Shelf"
https://catalog.saclibrary.org/GroupedWork/10864792-84db-b53d-25bc-99297dcd6ecf-eng,"The story of World War II","Miller, Donald L., 1944-",9780743211987,,"Blackstone Publishing; Simon & Schuster","2001 - 2013","New York",eAudiobook;Book,"Book::Central: 940.53 M647 2001 - On Shelf"
https://catalog.saclibrary.org/GroupedWork/1b5d4280-ef53-c051-2ed9-8c2f0d1a70f1-eng,"Battle ready: memoir of a SEAL warrior medic","Donald, Mark L",9780312600754,,"St. Martin's Press; Macmillan Audio",2013,"New York",eAudiobook;Book,"Book::North Natomas: 359.0092 D675 2013 - On Shelf,Book::Southgate: 359.0092 D675 2013 - On Shelf"
https://catalog.saclibrary.org/GroupedWork/f3eb089e-aa3d-313d-8e68-b710a42fd1c0-eng,"Yours cruelly, Elvira: memoirs of the mistress of the dark","Elvira, 1951-",9780306874352,,"Hachette Books",2021,"New York",Book,"Book::Central: BIOGRAPHY Elvira 2021 - On Shelf,Book::Colonial Heights: BIOGRAPHY Elvira 2021 - On Shelf,Book::Elk Grove: BIOGRAPHY Elvira 2021 - Checked Out"
https://catalog.saclibrary.org/GroupedWork/ab2182aa-eca1-8534-504b-ac47be6b1723-eng,"My promised land: the triumph and tragedy of Israel","Shavit, Ari",9780385521703,,"Spiegel & Grau; Random House Publishing Group; Books on Tape",2013,"New York",eAudiobook;eBook;Book,"Book::Franklin: 956.054 S533 2013 - On Shelf,Book::Sutter County Main Branch: 956.054 SHA - On Shelf,Book::Williams Branch Library Adult Collection: 956.054 S - On Shelf"
https://catalog.saclibrary.org/GroupedWork/953c9210-3c7c-863d-810d-1de5519595d7-eng,"Ida B. the queen: the extraordinary life and legacy of Ida B. Wells","Duster, Michelle",9781982129811,,"One Signal Publishers/Atria; Atria/One Signal Publishers",2021,"New York",eBook;Book,"Book::Central: BIOGRAPHY Wells-Barnet, I. 2021 - On Shelf,Book::Colonial Heights: BIOGRAPHY Wells-Barnet, I. 2021 - On Shelf,Book::Elk Grove: BIOGRAPHY Wells-Barnet, I. 2021 - Checked Out"
https://catalog.saclibrary.org/GroupedWork/505d9a75-ff82-3e2b-c0c7-0bb1bf914b01-eng,"Fasten your seat belts: the passionate life of Bette Davis","Quirk, Lawrence J",9780062795533,,"William Morrow Paperbacks; HarperCollins; William Morrow, an imprint of HarperCollins Publishers",2018,"New York",eBook;Book,"Book::Carmichael: BIOGRAPHY Davis, B. 2018 - On Shelf,Book::Central: BIOGRAPHY Davis, B. 2018 - Checked Out,Book::North Natomas: BIOGRAPHY Davis, B. 2018 - On Shelf"
https://catalog.saclibrary.org/GroupedWork/f30ee057-7b00-0f82-c6bf-5b49749a1548-eng,"The tragic mind: fear, fate, and the burden of power","Kaplan, Robert D., 1952-",9780300263862,,"Yale University Press",2023,"New Haven",Book,"Book::Central: 327.101 K175 2023 - On Shelf,Book::Elk Grove: 327.101 K175 2023 - On Shelf"
https://catalog.saclibrary.org/GroupedWork/35389dd8-24a8-bd81-ae41-451014d22c9e-eng,"The classic slave narratives",,9780451532138,,"Signet Classics",2012,"New York, N.Y",Book,"Book::Arcade: 973.0496 G259 2012 - On Shelf,Book::Central: 973.0496 G259 2012 - On Shelf,Book::Elk Grove: 973.0496 G259 2012 - On Shelf"
https://catalog.saclibrary.org/GroupedWork/50be71f1-b079-224e-7667-bd9ddab5df0b-eng,"Einstein's war: how relativity triumphed amid the vicious nationalism of World War I","Stanley, Matthew, 1975-",9781524745417,,"Dutton; Books on Tape",2019,"[New York, New York]",eAudiobook;Book,"Book::Rancho Cordova: 530.1109 S788 2019 - On Shelf,Book::Valley Hi-North Laguna: 530.1109 S788 2019 - Checked Out,Book::Woodland Public Library: 530.1109 Sta 2019 - On Shelf"
https://catalog.saclibrary.org/GroupedWork/f983fb9a-e48f-68cb-2e96-6223f924bf0b-eng,"The boy who followed his father into Auschwitz: a true story of family and survival","Dronfield, Jeremy",9780063019317,,"HarperCollins; Harper",2020,"New York",eBook;Book,"Book::Carmichael: 940.5318 K646zd 2020 - On Shelf,Book::Belle Cooledge: 940.5318 K646zd 2020 - On Shelf,Book::Orangevale: 940.5318 K646zd 2020 - Checked Out"
https://catalog.saclibrary.org/GroupedWork/e2922bd5-6658-e27a-4008-06942139b240-eng,"The indifferent stars above: the harrowing saga of a Donner Party bride","Brown, Daniel James, 1951-",9781615237692,,"William Morrow; HarperCollins; Tantor Media","2009 - 2014","New York; [Old Saybrook, Conn.]","Audiobook - CD;eAudiobook;Book;eBook","Book::Carmichael: 979.403 F748zb 2009 - Checked Out,Book::Sacramento Room: SPE 979.403 F748zb 2009 CAL - Library Use Only,Book::Valley Hi-North Laguna: 979.403 F748zb 2009 - Checked Out"
https://catalog.saclibrary.org/GroupedWork/89592532-d20c-584f-fd67-19aebc21e951-eng,"Mutual aid: building solidarity during this crisis (and the next)","Spade, Dean, 1977-",9781839762123,,"Tantor Media, Inc.; Verso","2020 - 2021",London,Book;eAudiobook,"Book::Arcade: 342.73 S732 2020 - Checked Out,Book::Central: 342.73 S732 2020 - Checked Out,Book::McKinley: 342.73 S732 2020 - On Shelf"
https://catalog.saclibrary.org/GroupedWork/7df2f9ba-5fa1-9d28-6b03-24a226445fe7-eng,"Every day is a gift: a memoir","Duckworth, Tammy, 1968-",9781538718506,,"Hachette Audio; Twelve; Grand Central Publishing",2021,"New York",eAudiobook;Book;eBook,"Book::Arcade: BIOGRAPHY Duckworth, T. 2021 - On Shelf,Book::Carmichael: BIOGRAPHY Duckworth, T. 2021 - On Shelf,Book::Central: BIOGRAPHY Duckworth, T. 2021 - On Shelf"
https://catalog.saclibrary.org/GroupedWork/59cbe997-4d1a-682e-a8e7-71e28e4c71dd-eng,"Superior: the return of race science","Saini, Angela, 1980-",9780807076910,,"Beacon Press",2019,Boston,eAudiobook;Book;eBook,"Book::Carmichael: 501 S132 2019 - On Shelf,Book::Central: 501 S132 2019 - On Shelf,Book::Orangevale: 501 S132 2019 - On Shelf"
https://catalog.saclibrary.org/GroupedWork/eac8c4be-9939-0369-86a0-2365831daade-eng,Thousands,"Darst, Lightsey",9781566894920,,"Coffee House Press",2017,Minneapolis,eBook;Book,"Book::Central: 811.6 D225 2017 - On Shelf,Book::Elk Grove: 811.6 D225 2017 - On Shelf"
https://catalog.saclibrary.org/GroupedWork/d6976088-9ee3-a64f-1120-6e99ebb1486e-eng,"The Women's Orchestra of Auschwitz: a story of survival","Sebba, Anne",9781250287595,,"St. Martin's Press; St. Martin's Publishing Group; Macmillan Audio",2025,"New York, NY",eAudiobook;Book;eBook,"Book::Arden-Dimick: 940.531743 S443 2025 - Checked Out,Book::Central: 940.531743 S443 2025 - On Shelf,Book::Colonial Heights: 940.531743 S443 2025 - On Shelf"
https://catalog.saclibrary.org/GroupedWork/e24da880-c9e9-b131-5e0c-d9bc4c286e7b-eng,"On being Jewish now: reflections from authors and advocates",,9798991140232,,"Zibby Books",2024,"New York",Book,"Book::Central: 305.8924 W978 2024 - On Shelf,Book::Fair Oaks: 305.8924 W978 2024 - Checked Out,Book::Rancho Cordova: 305.8924 W978 2024 - On Shelf"
https://catalog.saclibrary.org/GroupedWork/a453fecc-ff07-8d2d-0788-03090927de5c-eng,"Investigating zombies and the living dead","Kamberg, Mary-Lane, 1948-",9781622758722,,"Britannica Educational Publishing in association with Rosen Educational Services; Britannica Educational Publishing","2014 - 2015","New York",eBook;Book,"Book::Carmichael Children's Area: CHILDREN 398.21 K152 2015 - On Shelf,Book::Belle Cooledge Children's Area: CHILDREN 398.21 K152 2015 - On Shelf,Book::Rancho Children's Area: CHILDREN 398.21 K152 2015 - On Shelf"
https://catalog.saclibrary.org/GroupedWork/5a108ef9-0543-78c0-3855-5a2fb1fd0597-eng,"Deep down dark: the untold stories of 33 men buried in a Chilean mine, and the miracle that set them free","Tobar, Héctor, 1963-",9780374280604,,"Farrar, Straus and Giroux; Macmillan Audio; Farrar Straus & Giroux",2014,"New York",eAudiobook;Book;eBook,"Book::Central: 363.119622 T628 2014 - On Shelf,Book::Franklin: 363.119622 T628 2014 - Checked Out,Book::South Natomas: 363.119622 T628 2014 - On Shelf"
https://catalog.saclibrary.org/GroupedWork/e18df616-25d1-d5a9-7dda-9380ea7fc289-eng,"Doctors from hell: the horrific account of Nazi experiments on humans","Spitz, Vivien",9781591810322,,"Tantor Media, Inc.; Sentient Publications","2005 - 2021","Boulder, CO",eBook;Book;eAudiobook,"Book::Carmichael: 174.28 S761 2005 - On Shelf,Book::Franklin: 174.28 S761 2005 - On Shelf"
https://catalog.saclibrary.org/GroupedWork/9b134ea2-ea87-d002-6550-29711befe83b-eng,"Krakatoa: the day the world exploded, August 27, 1883","Winchester, Simon",9780066212852,,"Harper-Collins; HarperCollins","2003 - 2013","New York",eAudiobook;eBook;Book,
https://catalog.saclibrary.org/GroupedWork/200ec049-b5ae-0a94-7019-f363acdf2af0-eng,"That was awkward: the art & etiquette of the awkward hug","Flake, Emily, 1977-",9781984879585,,"Viking, an imprint of Penguin Random House LLC",2019,"New York",Book,"Book::Carmichael: 818.602 F576 2019 - On Shelf,Book::Central: 818.602 F576 2019 - On Shelf,Book::North Natomas: 818.602 F576 2019 - On Shelf"
https://catalog.saclibrary.org/GroupedWork/be38494f-b1f1-9135-d4c2-e1218522e1e0-eng,"Coming home: adapted for young adults","Griner, Brittney",9798217027033,,"Bright Matter Books",2026,"New York, NY",Book,"Book::Central Teen Area - 3rd Floor: TEEN BIOGRAPHY Griner, B. 2026 - On Shelf,Book::Colonial Heights: TEEN BIOGRAPHY Griner, B. 2026 - On Shelf,Book::Elk Grove Teen Area: TEEN BIOGRAPHY Griner, B. 2026 - Checked Out"
https://catalog.saclibrary.org/GroupedWork/d43e2dca-5e01-2fff-6a9f-a2cdefba9807-eng,"The watchmaker's daughter: the true story of World War II heroine Corrie Ten Boom","Loftis, Larry",9780063234581,,"Harper Collins Publishers; HarperCollins; William Morrow, an imprint of HarperCollinsPublishers",2023,"[United States]; New York, NY","eAudiobook;Audiobook - CD;eBook;Book","Book::Central: BIOGRAPHY Ten Boom, C. 2023 - Checked Out,Book::Colonial Heights: BIOGRAPHY Ten Boom, C. 2023 - On Shelf,Book::Elk Grove: BIOGRAPHY Ten Boom, C. 2023 - On Shelf"
https://catalog.saclibrary.org/GroupedWork/3acced58-77c4-efcf-aae8-b350b9918661-eng,"Steve McQueen, King of Cool: tales of a lurid life : another hot, startling, and unauthorized celebrity biography","Porter, Darwin",9781936003051,,"Distributed in the U.S. by the National Book Network; Blood Moon Productions",2009,"New York; London",Book,"Book::North Natomas: BIOGRAPHY McQueen, S. 2009 - On Shelf"
https://catalog.saclibrary.org/GroupedWork/c79b76e2-3c2d-097a-525a-aa4e88694657-eng,"My favorite thing is monsters: Book one","Ferris, Emil",9781606999592,,"Fantagraphics Books",2016,"Seattle, Washington","Graphic Novel/Manga","Graphic Novel/Manga::Colonial Heights: GRAPHIC NOVEL Ferris, E. bk.1 - On Shelf,Graphic Novel/Manga::Southgate: GRAPHIC NOVEL Ferris, E. bk.1 - Checked Out,Graphic Novel/Manga::Sylvan Oaks: GRAPHIC NOVEL Ferris, E. bk.1 - On Shelf"
https://catalog.saclibrary.org/GroupedWork/17c29957-1139-2415-c070-a29d28b586b3-eng,"The sun and her stars: Salka Viertel and Hitler's exiles in the golden age of Hollywood","Rifkind, Donna",9781590517215,,"Scribd Audio; Other Press",2020,"New York",eBook;Book;eAudiobook,"Book::Central: BIOGRAPHY Viertel, S. 2020 - On Shelf,Book::Franklin: BIOGRAPHY Viertel, S. 2020 - On Shelf,Book::Southgate: BIOGRAPHY Viertel, S. 2020 - On Shelf"
https://catalog.saclibrary.org/GroupedWork/86814f36-e9b1-a670-234b-28c0d4981af0-eng,"In defense of witches: the legacy of the witch hunts and why women are still on trial","Chollet, Mona, 1973-",9781250271419,,"St. Martin's Press; St. Martin's Publishing Group; Macmillan Audio",2022,"New York",eAudiobook;Book;eBook,"Book::Arden-Dimick: 305.42 C547 2022 - Checked Out,Book::Central: 305.42 C547 2022 - On Shelf,Book::North Sacramento-Hagginwood: 305.42 C547 2022 - On Shelf"
https://catalog.saclibrary.org/GroupedWork/e80b0fff-7b25-07a6-fafb-84c07962df7d-eng,"Unmasked: my life solving America's cold cases","Holes, Paul",9781250622808,,"Celadon Books; Macmillan Audio",2022,"New York",eAudiobook;Book;eBook,"Book::Arcade: 363.250973 H729 2022 - On Shelf,Book::Carmichael: 363.250973 H729 2022 - Checked Out,Book::Central: 363.250973 H729 2022 - On Shelf"
https://catalog.saclibrary.org/GroupedWork/9f6de2dc-42e9-8888-46f4-f07a70369f44-eng,"Every man for himself and God against all: a memoir","Herzog, Werner, 1942-",9780593490297,,"Books on Tape; Penguin Press",2023,"New York",eAudiobook;Book,"Book::Carmichael: 791.43023 H582 2023 - Checked Out,Book::Central: 791.43023 H582 2023 - On Shelf,Book::Belle Cooledge: 791.43023 H582 2023 - Checked Out"
https://catalog.saclibrary.org/GroupedWork/8e8a3a54-161b-08ee-7abb-e76bf7289185-eng,"Racketeer for life: fighting the culture of death from the sidewalk to the Supreme Court, a memoir","Scheidler, Joseph M., 1927-",9781618908506,,"TAN Books; Author's Republic","2016 - 2017","Charlotte, North Carolina",eBook;Book;eAudiobook,"Book::Central: 362.19888 S318 2016 - On Shelf"
https://catalog.saclibrary.org/GroupedWork/ad091001-6b74-d3d6-6d99-a323aaa2165e-eng,"Love thy neighbor: a muslim doctor's struggle for home in rural america","Virji, Ayaz",9780525577201,,"Convergent; Books on Tape",2019,"New York, New York",eAudiobook;Book,"Book::Arcade: 305.697 V818 2019 - On Shelf,Book::Central: 305.697 V818 2019 - On Shelf,Book::South Natomas: 305.697 V818 2019 - On Shelf"
https://catalog.saclibrary.org/GroupedWork/154a00ec-672a-a92a-031c-0e732580f934-eng,"Brown album: essays on exile and identity","Khakpour, Porochista",9780525564713,,"Books on Tape; Vintage Books, a division of Penguin Random House LLC",2020,"[New York",eAudiobook;Book,"Book::Central: 304.873 K451 2020 - Checked Out,Book::North Sacramento-Hagginwood: 304.873 K451 2020 - In Transit"
https://catalog.saclibrary.org/GroupedWork/3ab8c3f0-fcc2-fa64-9ab2-b8338d2eec3e-eng,"The selfishness of others: an essay on the fear of narcissism","Dombek, Kristin, 1972-",9780865478237,,"Farrar, Straus and Giroux",2016,"New York",eBook;Book,"Book::Central: 155.232 D667 2016 - On Shelf"
https://catalog.saclibrary.org/GroupedWork/1ccb31ea-dd9b-5275-d4d8-6496eecb1810-eng,"Junius and Albert's adventures in the Confederacy: a Civil War odyssey","Carlson, Peter, 1952-",9781610391542,,"Highbridge Company; PublicAffairs",2013,"New York",eBook;Book;eAudiobook,"Book::Arcade: 973.771 R521 2013 - On Shelf,Book::Central: 973.771 R521 2013 - On Shelf,Book::Valley Hi-North Laguna: 973.771 R521 2013 - On Shelf"
https://catalog.saclibrary.org/GroupedWork/fbb16c97-41c0-1c9b-3a6e-0250d463eae1-eng,"The Axeman of New Orleans: the true story","Davis, Miriam C",9781613748688,,"Tantor Media, Inc.; Chicago Review Press; Tantor Media, Inc",2017,"Chicago, Illinois",eAudiobook;eBook;Book,"Book::Arcade: 364.1523 D263 2017 - On Shelf,Book::Central: 364.1523 D263 2017 - On Shelf,Book::North Natomas: 364.1523 D263 2017 - On Shelf"
https://catalog.saclibrary.org/GroupedWork/a2ca4f31-e215-a99b-75d7-16b061a36206-eng,"Mad enchantment: Claude Monet and the painting of the water lilies","King, Ross, 1962-",9781632860125,,"Bloomsbury USA",2016,"New York",eBook;Book,"Book::Carmichael: 759.4 M742zk1 2016 - On Shelf,Book::Central: 759.4 M742zk1 2016 - On Shelf,Book::McKinley: 759.4 M742zk1 2016 - On Shelf"
https://catalog.saclibrary.org/GroupedWork/87595881-ff14-1131-4bfc-ebc9d6d51ff7-eng,"1,000-yard stare: a Marine's eye view of the Vietnam War","Waszkiewicz, Marc C",9780811717922,,"Stackpole Books",2017,"Guilford, Connecticut",Book,"Book::Carmichael: 959.704345 W323 2017 - On Shelf,Book::Central: 959.704345 W323 2017 - On Shelf,Book::Sylvan Oaks: 959.704345 W323 2017 - On Shelf"
https://catalog.saclibrary.org/GroupedWork/e2b2116a-4eab-de32-105a-465a5b7b239f-eng,"The Holocaust: a new history","Rees, Laurence, 1957-",9781610398442,,"PublicAffairs, an imprint of Perseu Books, LLC; Hachette Audio; PublicAffairs",2017,"New York",eBook;eAudiobook;Book,"Book::Arcade: 940.5318 R328 2017 - On Shelf,Book::Carmichael: 940.5318 R328 2017 - On Shelf,Book::Central: 940.5318 R328 2017 - On Shelf"
https://catalog.saclibrary.org/GroupedWork/62822378-350f-6373-c208-7564b6a08e0e-eng,"ISIS: the state of terror","Stern, Jessica, 1958-",9780062395542,,"HarperCollins; HarperAudio; Ecco; Ecco Press, an imprint of HarperCollins Publisher",2015,"New York, N.Y",eAudiobook;eBook;Book,"Book::Central: 327.117 S839 2015 - On Shelf,Book::Rancho Cordova: 327.117 S839 2015 - On Shelf,Book::Woodland Public Library: 363.325 Ste 2015 - On Shelf"
https://catalog.saclibrary.org/GroupedWork/9f5db857-06d6-3dcb-ce36-ecd37ce9b032-eng,"Cannibalism: a perfectly natural history","Schutt, Bill",9781616207434,,"Algonquin Books of Chapel Hill; Highbridge Company; Little, Brown and Company",2017,"Chapel Hill, North Carolina",eBook;Book;eAudiobook,"Book::Arcade: 394.9 S396 2017 - Checked Out,Book::Carmichael: 394.9 S396 2017 - On Shelf,Book::Colonial Heights: 394.9 S396 2017 - On Shelf"
https://catalog.saclibrary.org/GroupedWork/33fbe70e-a505-fdfe-dcf2-d2d6864a6154-eng,"The Nazis knew my name: a remarkable story of survival and courage in Auschwitz","Hellinger, Magda, 1916-2006",9781982181222,,"Simon & Schuster Audio; Atria Books","2021 - 2022","New York",eAudiobook;Book,"Book::Central: BIOGRAPHY Hellinger, M. 2021 - On Shelf,Book::Fair Oaks: BIOGRAPHY Hellinger, M. 2021 - On Shelf,Book::Galt: BIOGRAPHY Hellinger, M. 2021 - On Shelf"
https://catalog.saclibrary.org/GroupedWork/69b49238-6a80-691a-33e4-1cd347642361-eng,"Better than we found it: conversations to help save the world","Joseph, Frederick (Activist)",9781536233025,,"Candlewick Press; Blackstone Publishing","2022 - 2024","Somerville, Massachusetts",eBook;Book;eAudiobook,"Book::Central Teen Area - 3rd Floor: TEEN 322.4 J833 2022 - Checked Out,Book::Elk Grove Teen Area: TEEN 322.4 J833 2022 - On Shelf,Book::Fair Oaks Teen Area: TEEN 322.4 J833 2022 - On Shelf"
https://catalog.saclibrary.org/GroupedWork/0082035f-6e1e-abcc-6059-65f21effb75d-eng,"Impounded: Dorothea Lange and the censored images of Japanese American internment","Lange, Dorothea",9780393060737,,"W.W. Norton",2006,"New York",Book,"Book::Elk Grove: 940.547273 L274 2006 - Checked Out,Book::Sacramento Room: SPE 940.547273 L274 2006 CAL - Library Use Only,Book::Sutter County Main Branch: 940.547273 LAN - Checked Out"
https://catalog.saclibrary.org/GroupedWork/cf254134-3790-7069-22ec-701cc65fa4e0-eng,"Ripper: the secret life of Walter Sickert","Cornwell, Patricia Daniels",9781503936874,,"Thomas & Mercer",2017,Seattle,Book,"Book::Belle Cooledge: 364.1523 C821 2017 - On Shelf,Book::Galt: 364.1523 C821 2017 - On Shelf,Book::South Natomas: 364.1523 C821 2017 - On Shelf"
https://catalog.saclibrary.org/GroupedWork/9e34d5cf-173d-620a-0edb-0700745a0cb6-eng,"The people are going to rise like the waters upon your shore: a story of American rage","Sexton, Jared Yates",9781619029569,,"Counterpoint; Catapult; Highbridge Company",2017,"Berkeley, CA",eBook;Book;eAudiobook,"Book::Central: 323.6 S518 2017 - On Shelf,Book::North Sacramento-Hagginwood: 323.6 S518 2017 - On Shelf"
https://catalog.saclibrary.org/GroupedWork/0455f012-b4e6-af91-1f5b-fd9b311cadab-eng,"Send: why people email so badly and how to do it better","Shipley, David, 1963-",9780307270603,,"Alfred A. Knopf; Knopf Doubleday Publishing Group",2008,"New York",eBook;Book,"Book::Arcade: 658.0546 S557 2008 - On Shelf"
https://catalog.saclibrary.org/GroupedWork/727f820d-70de-b212-7fa6-0a44f474b8d8-eng,"The wicked boy: the mystery of a Victorian child murderer","Summerscale, Kate, 1965-",9781594205781,,"Recorded Books, Inc.; Penguin Press",2016,"New York",eAudiobook;Book,"Book::Fair Oaks: 364.1523 S955 2016 - On Shelf,Book::Valley Hi-North Laguna: 364.1523 S955 2016 - On Shelf,Book::Woodland Public Library: 364.1523 Sum 2016 - On Shelf"
https://catalog.saclibrary.org/GroupedWork/cf3f45fc-46d0-6d7d-47da-d9ec752a0447-eng,"Resistance: how women saved democracy from Donald Trump","Rubin, Jennifer",9780062982131,,"William Morrow; HarperCollins; HarperAudio; William Morrow, an imprint of HarperCollinsPublishers",2021,"New York, NY",eBook;Book;eAudiobook,"Book::Carmichael: 324.2 R896 2021 - On Shelf,Book::Central: 324.2 R896 2021 - On Shelf,Book::North Natomas: 324.2 R896 2021 - On Shelf"
https://catalog.saclibrary.org/GroupedWork/bac2eecf-89b5-cd7f-8188-2752ee71e456-eng,"They all love Jack: busting the Ripper","Robinson, Bruce, 1946-",9780062296375,,"Infinitum Nihil, Harper; HarperCollins; HarperAudio; Harper",2015,"New York",eBook;Book;eAudiobook,"Book::Belle Cooledge: 364.1523 R658 2015 - On Hold Shelf,Book::McKinley: 364.1523 R658 2015 - On Shelf"
https://catalog.saclibrary.org/GroupedWork/54531944-7562-4993-3055-87f04c5ffcd0-eng,"The stolen wealth of slavery: a case for reparations","Montero, David",9780306827174,,"Hachette Audio; Legacy Lit; Grand Central Publishing",2024,"New York",eAudiobook;Book;eBook,"Book::Central: 381.44 M778 2024 - On Shelf,Book::McKinley: 381.44 M778 2024 - On Shelf,Book::Valley Hi-North Laguna: 381.44 M778 2024 - On Shelf"
https://catalog.saclibrary.org/GroupedWork/d76fe21e-b353-f8dc-19b1-479730b859e7-eng,"Ordinary heroes: a memoir of 9/11","Pfeifer, Joseph, 1956-",9780593330258,,"Portfolio/Penguin; Books on Tape",2021,"New York, NY",eAudiobook;Book,"Book::Carmichael: 973.931 P525 2021 - On Shelf,Book::Central: 973.931 P525 2021 - On Shelf,Book::Elk Grove: 973.931 P525 2021 - On Shelf"
https://catalog.saclibrary.org/GroupedWork/9898bb94-bba4-8b9a-3cac-362e0781f578-eng,"Indignity: a life reimagined","Ypi, Lea, 1979-",9780374614096,,"Farrar, Straus and Giroux; Macmillan Audio",2025,"New York",eAudiobook;Book;eBook,"Book::Central New Books - 4th Floor: 949.6503 Y85 2025 - Checked Out,Book::Franklin: 949.6503 Y85 2025 - On Shelf,Book::North Natomas: 949.6503 Y85 2025 - On Shelf"
https://catalog.saclibrary.org/GroupedWork/181c7dc8-76d4-d99c-c71a-45f4db5bd647-eng,"Andrew Jackson and the miracle of New Orleans: the battle that shaped America's destiny","Kilmeade, Brian",9780735213234,,"Sentinel; Penguin Publishing Group; Books on Tape",2017,"New York, New York",eAudiobook;eBook;Book,"Book::Carmichael: 973.56 J12zk 2017 - On Shelf,Book::Central: 973.56 J12zk 2017 - On Shelf,Book::South Natomas: 973.56 J12zk 2017 - On Shelf"
https://catalog.saclibrary.org/GroupedWork/4bf5b574-d3e3-2518-331e-b63e838858c5-eng,"Bamboo promise: prison without walls","Houn, Vicheara",9781458206329,,"Abbott Press, a division of Writer's Digest",2012,"Bloomington, IN",Book,"Book::Central: 959.604 H839 2012 - On Shelf"
https://catalog.saclibrary.org/GroupedWork/5b5b9d9a-2eea-c9aa-8c23-e18e22b5439c-eng,"Michael Curtiz: a life in film","Rode, Alan K., 1954-",9780813173917,,"The University Press of Kentucky; Blackstone Publishing","2017 - 2022",Lexington,eBook;Book;eAudiobook,"Book::Central: 791.430233 C981zr 2017 - OFF CAMPUS"
https://catalog.saclibrary.org/GroupedWork/73a9cb6b-613a-3fd4-95cc-0fa0d5125522-eng,"The prosecutor: one man's battle to bring Nazis to justice","Fairweather, Jack",9780593238943,,"Crown; Books on Tape",2025,"New York",eAudiobook;Book;eBook,"Book::Central: 940.5318 F172 2025 - On Shelf,Book::Colonial Heights: 940.5318 F172 2025 - On Shelf,Book::Fair Oaks: 940.5318 F172 2025 - On Shelf"
https://catalog.saclibrary.org/GroupedWork/1929c476-4bef-3cc6-c93e-012d70326f81-eng,"The spinning magnet: the electromagnetic force that created the modern world - and could destroy it","Mitchell, Alanna",9781101985168,,"Dutton; Books on Tape",2018,"New York, New York",eAudiobook;Book,"Book::Carmichael: 538.7 M681 2018 - On Shelf,Book::Fair Oaks: 538.7 M681 2018 - On Shelf,Book::Pocket-Greenhaven: 538.7 M681 2018 - On Shelf"
https://catalog.saclibrary.org/GroupedWork/35a522f8-12e0-4d1d-f4cb-4b2776666382-eng,"The antelope's strategy: living in Rwanda after the genocide","Hatzfeld, Jean",9780374271039,,"Farrar, Straus and Giroux","2009 - 2010","New York",eBook;Book,"Book::Franklin: 967.571 H367 2009 - On Shelf"
https://catalog.saclibrary.org/GroupedWork/722586e9-ab08-fd06-bd56-5a48f590ace6-eng,"39 new saints you should know","O'Neel, Brian",9780867169287,,"BookBaby; Servant Books","2010 - 2023","Cincinnati, Oh",eBook;Book,"Book::Central: 282.0922 O582 2010 - On Shelf,Book::Pocket-Greenhaven: 282.0922 O582 2010 - On Shelf"
https://catalog.saclibrary.org/GroupedWork/730d1134-d1e1-ddb9-60e5-1cd2e957b18a-eng,"California exposures: envisioning myth and history","White, Richard, 1947-",9780393243062,,"Highbridge Company; W. W. Norton & Company",2020,"New York",Book;eAudiobook,"Book::Carmichael: 979.4 W587 2020 - On Shelf,Book::Central: 979.4 W587 2020 - On Shelf,Book::Rancho Cordova: 979.4 W587 2020 - On Shelf"
https://catalog.saclibrary.org/GroupedWork/170b4c63-0199-5889-42ef-36a82b1fa999-eng,Remina,"Itō, Junji, 1963-",9781974717477,,"VIZ Media, LLC",2020,"San Francisco, CA","Graphic Novel/Manga","Graphic Novel/Manga::Carmichael: MANGA Ito, J. - In Transit,Graphic Novel/Manga::Central: MANGA Ito, J. - OFF CAMPUS,Graphic Novel/Manga::Rancho Cordova: MANGA Ito, J. - On Hold Shelf"
https://catalog.saclibrary.org/GroupedWork/e8675688-628b-58fe-f158-5ed3c286c92c-eng,"A scandal in Königsberg","Clark, Christopher M",9798217060948,,"Penguin Press",2026,"New York, NY",Book,"Book::Central New Books - 4th Floor: 947.2407 C529 2026 - LINK+ PAGED,Book::Galt: 947.2407 C529 2026 - Checked Out,Book::McKinley: 947.2407 C529 2026 - On Shelf"
https://catalog.saclibrary.org/GroupedWork/167d8883-072d-545d-eb96-b462273fb1b2-eng,"The trial of Lizzie Borden: a true story","Robertson, Cara",9781501168376,,"Simon & Schuster Audio; Simon & Schuster",2019,"New York",eAudiobook;Book,"Book::Carmichael: 345.744 B728zr 2019 - On Shelf,Book::Central: 345.744 B728zr 2019 - On Shelf,Book::Rio Linda: 345.744 B728zr 2019 - On Shelf"
https://catalog.saclibrary.org/GroupedWork/a0bfe32e-c041-59ea-a906-fb344787128c-eng,"Ruth Asawa: an artist takes shape","Nakahira, Sam, 1997-",9781947440098,,"Getty Publications",2024,"Los Angeles","Graphic Novel/Manga","Graphic Novel/Manga::Carmichael Teen Area: TEEN GRAPHIC BIOGRAPHY Asawa, R. 2024 - On Shelf,Graphic Novel/Manga::Central Teen Area - 3rd Floor: TEEN GRAPHIC BIOGRAPHY Asawa, R. 2024 - On Shelf,Graphic Novel/Manga::Colonial Heights: TEEN GRAPHIC BIOGRAPHY Asawa, R. 2024 - On Shelf"
https://catalog.saclibrary.org/GroupedWork/7d4e4971-eae3-469c-8812-634d14afa285-eng,"Where the birds never sing: the true story of the 92nd Signal Battalion and the liberation of Dachau","Sacco, Jack",9780060096663,,"HarperCollins; Harper; ReganBooks","2004 - 2011","New York",eBook;Book,
https://catalog.saclibrary.org/GroupedWork/71947b36-5ce0-c03c-4546-b6ed9ad9751d-eng,"The kingdom of surfaces: poems","Mao, Sally Wen",9781644452370,,"Recorded Books, Inc.; Graywolf Press",2023,"Minneapolis, Minnesota",Book;eAudiobook,"Book::Central: 811.6 M296 2023 - On Shelf,Book::Colonial Heights: 811.6 M296 2023 - On Shelf,Book::Galt: 811.6 M296 2023 - On Shelf"
https://catalog.saclibrary.org/GroupedWork/cbc5d0e4-2705-c247-1569-7347e5403b37-eng,"The reason for the darkness of the night: Edgar Allan Poe and the forging of American science","Tresch, John, 1972-",9780374247850,,"Farrar, Straus and Giroux; Tantor Media, Inc",2021,"New York",eAudiobook;Book,"Book::Central: 818.309 T796 2021 - On Shelf,Book::Elk Grove: 818.309 T796 2021 - On Shelf,Book::Franklin: 818.309 T796 2021 - On Shelf"
https://catalog.saclibrary.org/GroupedWork/44fc0393-6b34-acfa-fdb2-bd81c6aee189-eng,"Violent screen: a critic's 13 years on the front lines of movie mayhem","Hunter, Stephen, 1946-",9780385316521,,"Delta; Bancroft Press","1995 - 1996","New York",eBook;Book,
https://catalog.saclibrary.org/GroupedWork/a42788a1-bbcf-22a3-9fd9-5e20c937f6ea-eng,"A bright and blinding sun: a World War II story of survival, love, and redemption","Brotherton, Marcus",9780316318914,,"Hachette Audio; Little, Brown and Company",2022,"New York",eAudiobook;Book,"Book::Carmichael: 355.031 B874 2022 - On Shelf,Book::Central: 355.031 B874 2022 - On Shelf,Book::Belle Cooledge: 355.031 B874 2022 - On Shelf"
https://catalog.saclibrary.org/GroupedWork/f255fb2c-8164-f7a6-e0dc-f874206972e3-eng,"Immortal Hulk: Vol. 1, Or is he both?","Ewing, Al, 1977-",9781302912550,,"Marvel Worldwide",2018,"New York, NY","Graphic Novel/Manga","Graphic Novel/Manga::Carmichael Teen Area: TEEN GRAPHIC NOVEL Hulk v.1 - On Shelf,Graphic Novel/Manga::McClatchy Teen Area: TEEN GRAPHIC NOVEL Hulk v.1 - Checked Out,Graphic Novel/Manga::North Sacramento-Hagginwood Teen Area: TEEN GRAPHIC NOVEL Hulk v.1 - On Shelf"
https://catalog.saclibrary.org/GroupedWork/c19b5a84-1223-a691-8549-d788cb2491a7-eng,"Reporting war: how foreign correspondents risked capture, torture and death to cover World War II","Moseley, Ray, 1932-",9780300224665,,"Yale University Press",2017,"New Haven",eBook;Book,"Book::Elk Grove: 070.44994 M898 2017 - On Shelf,Book::North Natomas: 070.44994 M898 2017 - On Shelf,Book::Sylvan Oaks: 070.44994 M898 2017 - On Shelf"
https://catalog.saclibrary.org/GroupedWork/c73b967e-1e27-ad5c-4d0b-5c814c91f7ec-eng,"Create dangerously: the immigrant artist at work","Danticat, Edwidge, 1969-",9780691140186,,"Knopf Doubleday Publishing Group; Princeton University Press","2010 - 2011",Princeton,eBook;Book,"Book::Franklin: 814.6 D193 2010 - On Shelf"
https://catalog.saclibrary.org/GroupedWork/51976ce1-4d85-5ebe-c679-b32f095578d2-eng,"What you have heard is true: a memoir of witness and resistance","Forché, Carolyn",9780525560395,,"Penguin Publishing Group; Books on Tape; Penguin Press",2019,"New York",eAudiobook;Book;eBook,"Book::Carmichael: 972.84052 F698 2019 - On Shelf,Book::Central: 972.84052 F698 2019 - On Shelf,Book::Elk Grove: 972.84052 F698 2019 - On Shelf"
https://catalog.saclibrary.org/GroupedWork/35fabe40-4925-2eaa-c25a-2312fd7068ae-eng,"The survivor: how I made it through six concentration camps and became a Nazi hunter","Lewkowicz, Josef",9781400249527,,"Harper Horizon",2025,"[New York, New York]",eAudiobook;Book;eBook,"Book::Central: 940.5318 L678 2025 - On Shelf,Book::Colonial Heights: 940.5318 L678 2025 - On Shelf,Book::Galt: 940.5318 L678 2025 - On Shelf"
https://catalog.saclibrary.org/GroupedWork/a948c231-5ea4-7b45-27e8-35a71449bcfc-eng,"When Paris sizzled: the 1920s Paris of Hemingway, Chanel, Cocteau, Cole Porter, Josephine Baker, and their friends","McAuliffe, Mary, 1943-",9781442253322,,"Rowman & Littlefield Publishers; Rowman & Littlefield; Bloomsbury Publishing",2016,Lanham,eBook;Book,"Book::Southgate: 944.36108 M117 2016 - On Shelf"
https://catalog.saclibrary.org/GroupedWork/2f52c412-791f-0bf5-4cca-c9ff3064456b-eng,"Designing and drawing animatronics","Schröder, Claudia",9798246964286,,"Claudia Schröder",2026,Germany,Book,"Book::Arcade Teen Area: TEEN 743.896 S381 2026 - On Shelf,Book::Elk Grove Teen Area: TEEN 743.896 S381 2026 - On Shelf,Book::Franklin Teen: TEEN 743.896 S381 2026 - On Shelf"
https://catalog.saclibrary.org/GroupedWork/a20bd065-0787-8593-31bb-9c8bed958061-eng,"The ambulance drivers: Hemingway, Dos Passos, and a friendship made and lost in war","Morris, James McGrath",9780306823831,,"Hachette Audio; Da Capo Press; Grand Central Publishing",2017,Boston,eBook;Book;eAudiobook,"Book::Central: 813.52 H488zm 2017 - On Shelf,Book::South Natomas: 813.52 H488zm 2017 - On Shelf,Book::Pocket-Greenhaven: 813.52 H488zm 2017 - On Shelf"
https://catalog.saclibrary.org/GroupedWork/c3405671-7f96-6c6f-5ddc-1ed7b555a023-eng,"The stretcher bearers","Beaman, Reid",9781682476192,,"Dead Reckoning; Naval Institute Press",2022,"Annapolis, Maryland","Graphic Novel/Manga;eComic","Graphic Novel/Manga::Carmichael: GRAPHIC NOVEL Beaman, R. - On Shelf,Graphic Novel/Manga::Central: GRAPHIC NOVEL Beaman, R. - On Shelf,Graphic Novel/Manga::North Natomas: GRAPHIC NOVEL Beaman, R. - On Shelf"
https://catalog.saclibrary.org/GroupedWork/c6a158d2-4e18-a65b-f150-de7643202f27-eng,"Story of a secret state: my report to the world","Karski, Jan, 1914-2000",9781589019836,,"Georgetown University Press",2013,"Washington, DC",Book,"Book::Central: 940.5318 K188 2013 - On Shelf,Book::Elk Grove: 940.5318 K188 2013 - On Shelf,Book::Rancho Cordova: 940.5318 K188 2013 - On Shelf"
https://catalog.saclibrary.org/GroupedWork/3a2a9fa1-e534-860e-bc52-c08deb88ef64-eng,"Without a prayer: the death of Lucas Leonard and how one church became a cult","Ashline, Susan",9781643130729,,"Pegasus Crime; Pegasus Books",2019,"New York",eBook;Book,"Book::Central: 364.1523 A826 2019 - On Shelf,Book::Belle Cooledge: 364.1523 A826 2019 - On Shelf,Book::North Natomas: 364.1523 A826 2019 - On Shelf"
https://catalog.saclibrary.org/GroupedWork/e172e818-d9bf-46e7-44e6-d8a402e069ab-eng,"Genocide bad: notes on Palestine, Jewish history and collective liberation","Kern, Sim, 1986-",9781623716363,,"Interlink Books; Echo Point Books and Media, LLC",2025,"Northampton, MA",eAudiobook;Book,"Book::Belle Cooledge: 956.943 K397 2025 - Checked Out,Book::Valley Hi-North Laguna: 956.943 K397 2025 - Checked Out"
https://catalog.saclibrary.org/GroupedWork/266964fa-ecfa-716a-d3d5-dc15cc4c0a59-eng,"Hell's traces: one murder, two families, thirty-five Holocaust memorials","Ripp, Victor",9780865478336,,"Tantor Media, Inc.; Farrar, Straus and Giroux",2017,"New York",eBook;Book;eAudiobook,"Book::Central: 940.531864 R593 2017 - On Shelf,Book::Pocket-Greenhaven: 940.531864 R593 2017 - On Shelf,Book::Southgate: 940.531864 R593 2017 - On Shelf"
https://catalog.saclibrary.org/GroupedWork/b80d43ae-ed3f-e423-4d23-f6ea5eaf3689-eng,"Berserk: 40","Miura, Kentarō",9781506714981,,"Dark Horse Manga",2019,"Milwaukie, OR","Graphic Novel/Manga","Graphic Novel/Manga::Central: MANGA Berserk v.40 - On Shelf,Graphic Novel/Manga::Franklin: MANGA Berserk v.40 - On Shelf,Graphic Novel/Manga::North Sacramento-Hagginwood: MANGA Berserk v.40 - On Shelf"
https://catalog.saclibrary.org/GroupedWork/7c3ad386-9097-2fda-66d4-94b8a7cea4bb-eng,"A visitor's guide to Jane Austen's England","Wilkes, Sue",9781781592649,,"Pen & Sword Books; Tantor Media, Inc.; Pen & Sword History","2014 - 2021","Barnsley, South Yorkshire",eBook;Book;eAudiobook,"Book::Central: 823.7 A933zw2 2014 - On Shelf"
https://catalog.saclibrary.org/GroupedWork/0624248d-139a-469f-1990-f0553e2bbdc4-eng,"We wish to inform you that tomorrow we will be killed with our families: stories from Rwanda","Gourevitch, Philip, 1961-",9780312243357,,"Farrar, Straus, and Giroux; Macmillan Audio; Blackstone Publishing; Picador USA","1999 - 2019","New York",eAudiobook;Book,"Book::Central: 967.571 G714 1999 - Checked Out,Book::Franklin: 967.571 G714 1999 - On Shelf,Book::Sylvan Oaks: 967.571 G714 1999 - Checked Out"
https://catalog.saclibrary.org/GroupedWork/9fe25073-50ce-8adf-6502-acd7a5f6de34-eng,"The angel makers: arsenic, a midwife, and modern history's most astonishing murder ring","McCracken, Patti",9780063275034,,"HarperCollins; William Morrow, an imprint of HarperCollinsPublishers",2023,"New York, NY",eAudiobook;Book;eBook,"Book::Central: 364.1523 M132 2023 - On Shelf,Book::Rancho Cordova: 364.1523 M132 2023 - Checked Out,Book::Southgate: 364.1523 M132 2023 - On Shelf"
https://catalog.saclibrary.org/GroupedWork/b900fd64-d427-a489-342c-711f8019b008-eng,"The Auschwitz photographer: the forgotten story of the WWII prisoner who documented thousands of lost souls","Crippa, Luca, 1964-",9781728244044,,"Tantor Media, Inc.; Sourcebooks Inc; Sourcebooks","2021 - 2022","Naperville, Illinois",eBook;Book;eAudiobook,"Book::Central: 940.5318 B823 2021 - On Shelf,Book::Galt: 940.5318 B823 2021 - On Shelf,Book::Pocket-Greenhaven: 940.5318 B823 2021 - On Shelf"
https://catalog.saclibrary.org/GroupedWork/f224537c-d70e-7070-363e-a634d2a69c74-eng,"The envious siblings: and other morbid nursery rhymes","Blair, Landis",9780393651621,,"W. W. Norton & Company",2019,"New York",Book,"Book::North Natomas: 811.6 B635 2019 - Checked Out,Book::Rio Linda: 811.6 B635 2019 - On Shelf"
https://catalog.saclibrary.org/GroupedWork/3b2fb233-2096-dce2-44d7-b75d3eeacd2a-eng,"Survivor café: the legacy of trauma and the labyrinth of memory","Rosner, Elizabeth",9781619029545,,"Counterpoint; Catapult; Novel Audio",2017,"Berkeley, California",eBook;Book;eAudiobook,"Book::Central: 155.93 R822 2017 - On Shelf,Book::Pocket-Greenhaven: 155.93 R822 2017 - On Shelf,Book::Rancho Cordova: 155.93 R822 2017 - Checked Out"
https://catalog.saclibrary.org/GroupedWork/828bc51d-762b-467c-bd11-3eccd3ea56d4-eng,"A life in secrets: Vera Atkins and the missing agents of WWII","Helm, Sarah",9780385508452,,"Books on Tape; Nan A. Talese","2005 - 2018","New York",eAudiobook;Book,"Book::Central: 940.5486 A874zh 2005 - On Shelf,Book::Sutter County Main Branch: 940.54 HEL - On Shelf,Book::Woodland Public Library: 940.54 Hel 2005 - On Shelf"
https://catalog.saclibrary.org/GroupedWork/ef86ec78-e6ec-56ce-3ce1-192ca0b2c22f-eng,"Where black stars rise","Shammas, Nadia",9781250750174,,Nightfire,2022,"New York","Graphic Novel/Manga","Graphic Novel/Manga::Carmichael: GRAPHIC NOVEL Shammas, N. - On Shelf,Graphic Novel/Manga::Central: GRAPHIC NOVEL Shammas, N. - On Shelf,Graphic Novel/Manga::Elk Grove: GRAPHIC NOVEL Shammas, N. - On Shelf"
https://catalog.saclibrary.org/GroupedWork/13e42e39-c36f-ed29-350a-1d5c909a9916-eng,"365 days","Glasser, Ronald J",9780807600269,,"George Braziller; Open Road Media","2013 - 2023","New York",eBook;Book,"Book::Carmichael: 959.37043 G549 2023 - On Shelf,Book::Central: 959.37043 G549 2023 - On Shelf,Book::McKinley: 959.37043 G549 2023 - On Shelf"
https://catalog.saclibrary.org/GroupedWork/5e3b5939-21f9-8a49-c873-240395b920aa-eng,"Devil dogs: fighting Marines of World War I","Clark, George B., 1926-",9781612512150,,"U.S. Naval Institute; Naval Institute Press",2013,"Annapolis, Md",eBook;Book,"Book::Central: 940.3 C593 2013 - On Shelf"
https://catalog.saclibrary.org/GroupedWork/748ec441-0f38-3e2f-3572-c1794b450120-eng,"The trip to Echo Spring: on writers and drinking","Laing, Olivia",9781250039569,,"Picador; Blackstone Publishing","2013 - 2019","New York",eBook;Book;eAudiobook,"Book::Central: 810.9353 L187 2014 - On Shelf"
https://catalog.saclibrary.org/GroupedWork/8ff3af26-ddc7-1f76-9172-8399ddabf822-eng,"Heretic: why Islam needs a reformation now","Hirsi Ali, Ayaan, 1969-",9780062333933,,"Harper, an imprint of HarperCollins Publishers; HarperCollins; Harper",2015,"New York",eAudiobook;Book;eBook,"Book::Central: 297.27 A398 2015 - On Shelf,Book::North Natomas: 297.27 A398 2015 - On Shelf"
https://catalog.saclibrary.org/GroupedWork/b6c61e42-73b7-8847-065e-67ac62a34991-eng,"Witches of America","Mar, Alex",9780374291372,,"Tantor Media, Inc; Sarah Crichton Books- Farrar, Straus and Giroux",2015,"New York",eAudiobook;Book,"Book::Rancho Cordova: 299.94 M298 2015 - On Shelf,Book::Sylvan Oaks: 299.94 M298 2015 - On Shelf"
https://catalog.saclibrary.org/GroupedWork/5aca3931-aaf0-82bc-58b4-614871b4b9ec-eng,"The soldiers' story: Vietnam in their own words","Steinman, Ron, 1934-",9781435136021,,"Fall River Press; Quarto Publishing Group USA","2000 - 2015","New York",eBook;Book,"Book::Orangevale: 979.70433 S684 2011 - On Shelf"
https://catalog.saclibrary.org/GroupedWork/21edbe11-58ba-64f2-6566-67ffe9cab2b3-eng,"Reminiscences of the Civil War","Gordon, John Brown, 1832-1904",9780809442058,,"Time-Life Books; Charles Scribner's Sons; Blackstone Publishing","1904 - 2021","New York; [Alexandria, Va.]",eBook;Book;eAudiobook,"Book::Central: 973.782 G663 1981 - On Shelf,Book::Stonyford Branch Library Adult Collection: 973.7 G - On Shelf"
https://catalog.saclibrary.org/GroupedWork/cc1f3da7-84c2-e06e-a29f-625de2d86996-eng,"Fire weather: a true story from a hotter world","Vaillant, John",9781524732851,,"Alfred A. Knopf; Books on Tape",2023,"New York",eAudiobook;Book,"Book::Carmichael: 363.379 V131 2023 - On Shelf,Book::Central: 363.379 V131 2023 - On Shelf,Book::Colonial Heights: 363.379 V131 2023 - On Shelf"
https://catalog.saclibrary.org/GroupedWork/1c3e9dd5-3525-215a-9e04-0fa4516d923b-eng,"Who killed these girls?: the unsolved murders that rocked a Texas town","Lowry, Beverly",9780307739889,,"Vintage Books",2017,"New York",Book,"Book::Central: 364.1523 L921 2017 - On Shelf"
https://catalog.saclibrary.org/GroupedWork/18aa2521-9846-7cd6-3b07-eb89f38d1f19-eng,"The Buddhist on death row: how one man found light in the darkest place","Sheff, David",9781982128456,,"Simon & Schuster Audio; Simon & Schuster",2020,"New York; [New York, NY]","eAudiobook;Audiobook - CD;Book","Book::Arcade: 294.3002 D542 2020 - On Shelf,Book::Arden-Dimick: 294.3002 D542 2020 - Checked Out,Book::Central: 294.3002 D542 2020 - On Shelf"
https://catalog.saclibrary.org/GroupedWork/953b41ec-eac2-68c2-9e38-e9e2292f2711-eng,"The big cheat: how Donald Trump fleeced America and enriched himself and his family","Johnston, David Cay, 1948-",9781982178031,,"Simon & Schuster; Simon & Schuster Audio",2021,"New York",eAudiobook;Book,"Book::Carmichael: 973.933 T871zj 2021 - On Shelf,Book::Central: 973.933 T871zj 2021 - On Hold Shelf,Book::Franklin: 973.933 T871zj 2021 - On Shelf"
https://catalog.saclibrary.org/GroupedWork/a31bbd8a-c9b5-7683-9c93-95db850112ff-eng,"The sugar barons: family, corruption, empire, and war in the West Indies","Parker, Matthew",9780802717443,,"Tantor Media, Inc.; Walker & Co; Walker Books",2011,"New York",eBook;Book;eAudiobook,"Book::Arcade: 338.1736 P242 2011 - On Shelf,Book::Carmichael: 338.1736 P242 2011 - On Shelf"
https://catalog.saclibrary.org/GroupedWork/8244db73-01dd-77a7-102f-6f6804171b51-eng,"In the garden of the righteous: the heroes who risked their lives to save Jews during the Holocaust","Hurowitz, Richard",9780063037236,,"HarperCollins; HarperAudio; Harper, an imprint of HarperCollinsPublishers",2023,"New York, NY",eAudiobook;eBook;Book,"Book::Carmichael: 940.5318 H966 2023 - On Shelf,Book::Central: 940.5318 H966 2023 - On Shelf,Book::Franklin: 940.5318 H966 2023 - On Shelf"
https://catalog.saclibrary.org/GroupedWork/0424dea2-54e5-825c-0c0d-84efbb177fba-eng,"A cave in the clouds: a young woman's escape from ISIS","Ahmed, Badeeah Hassan",9781773212357,,"Annick Press",2019,Toronto,eBook;Book,"Book::Carmichael Teen Area: TEEN 303.484 A286 2019 - On Shelf,Book::Central Teen Area - 3rd Floor: TEEN 303.484 A286 2019 - On Shelf,Book::North Natomas: TEEN 303.484 A286 2019 - On Shelf"
https://catalog.saclibrary.org/GroupedWork/6c5ed519-c10b-060a-b794-54c53cb6dab5-eng,"A serial killer's daughter: my story of faith, love, and overcoming","Rawson, Kerri",9781400201754,,"Nelson Books, an imprint of Thomas Nelson; Thomas Nelson",2019,"Nashville, TN",eBook;Book;eAudiobook,"Book::McClatchy: 364.1 R262 2019 - On Shelf,Book::Rancho Cordova: 364.1 R262 2019 - On Shelf,Book::Sutter County Main Branch: 364.1 RAW - On Shelf"
https://catalog.saclibrary.org/GroupedWork/8c8e856b-bcb1-0acf-52b9-f0e2741df391-eng,"The splendid and the vile: : a saga of Churchill, family, and defiance during the Blitz","Larson, Erik, 1954-",9780385348737,,"Crown; [Penguin Random House Large Print]; Penguin Random House; Books on Tape","2019 - 2020","New York; [New York]","eAudiobook;Audiobook - CD;eBook;Large Print;Book","Book::Arcade: 940.542121 L334 2020 - On Shelf,Book::Carmichael: 940.542121 L334 2020 - On Shelf,Book::Central: 940.542121 L334 2020 - Checked Out"
https://catalog.saclibrary.org/GroupedWork/c1b7424a-7be1-2861-b566-1b011cec95e2-eng,"You all grow up and leave me: a memoir of teenage obsession","Weiss, Piper, 1978-",9780062456588,,"HarperAudio; William Morrow, an Imprint of HarperCollinsPublishers; HarperCollins",2018,"New York",eAudiobook;eBook;Book,"Book::Carmichael: 364.15 W432 2018 - On Shelf,Book::Central: 364.15 W432 2018 - On Shelf,Book::South Natomas: 364.15 W432 2018 - On Shelf"
https://catalog.saclibrary.org/GroupedWork/ea6c5571-9708-0b79-563c-a9af92313fde-eng,Rifqa,"El-Kurd, Mohammed",9781642596601,,"Haymarket Books",2021,"Chicago, IL",eBook;Book,"Book::Central: 811 E37 2021 - On Shelf,Book::Rancho Cordova: 811 E37 2021 - Checked Out"
https://catalog.saclibrary.org/GroupedWork/efffcd94-af73-f4c5-7983-971b957ffe55-eng,"Leftover in China: the women shaping the world's next superpower","Lake, Roseann",9780393254631,,"W.W. Norton & Company; Highbridge Company",2018,"New York",Book;eAudiobook,"Book::Central: 305.40951 L192 2018 - On Shelf,Book::Belle Cooledge: 305.40951 L192 2018 - On Shelf,Book::Franklin: 305.40951 L192 2018 - On Shelf"
https://catalog.saclibrary.org/GroupedWork/6c49037e-90a7-b55b-93f5-01b3d8d078d6-eng,"Something that may shock and discredit you","Lavery, Daniel M",9781982105211,,"Simon & Schuster Audio; Atria Books",2020,"New York",eAudiobook;Book;eBook,"Book::Central: 814.6 L399 2020 - On Shelf,Book::McKinley: 814.6 L399 2020 - On Shelf,Book::South Natomas: 814.6 L399 2020 - On Shelf"
https://catalog.saclibrary.org/GroupedWork/ce868216-220e-1c30-64c0-7874e2616d26-eng,"The mangroves: a novella","Campbell, John L",9781477595695,,"John L. Campbell",2012,"United States",Book,"Book::Central: FICTION Campbell, J. - On Shelf"
https://catalog.saclibrary.org/GroupedWork/fa67d7a3-3df4-6b94-7e97-a07378cfcd29-eng,"A higher call: an incredible true story of combat and chivalry in the war-torn skies of World War II","Makos, Adam",9780425252864,,"Blackstone Audio, Inc; Blackstone Publishing; Penguin Publishing Group; Berkley Books","2012 - 2013","New York; [Ashland, OR]","eAudiobook;Audiobook - CD;Book;eBook",
https://catalog.saclibrary.org/GroupedWork/f3a7827f-495e-f00d-b509-a928bf196bc3-eng,"Thrill me: essays on fiction","Percy, Benjamin",9781555977597,,"Graywolf; Graywolf Press",2016,"Minneapolis, MN",eBook;Book,"Book::Central: 808 P431 2016 - On Shelf,Book::Galt: 808 P431 2016 - On Shelf"
https://catalog.saclibrary.org/GroupedWork/4e253741-4729-24ad-ca81-67f9f8cbd2a4-eng,"Shadows before dawn: finding the light of self-love through your darkest times","Swan, Teal, 1984-",9781401947194,,"Hay House, Inc; Hay House",2015,"Carlsbad, California",eBook;Book,"Book::Pocket-Greenhaven: 158.1 S972 2015 - On Shelf"
https://catalog.saclibrary.org/GroupedWork/e60d11ed-164b-3a3f-fb63-4059813b3941-eng,"Storm of steel","Jünger, Ernst, 1895-1998",9780143108252,,"Penguin Books; Findaway Voices","2016 - 2023","New York",Book;eAudiobook,"Book::Central: 940.4144 J953 2016 - Checked Out,Book::Colonial Heights: 940.4144 J953 2016 - On Shelf"
https://catalog.saclibrary.org/GroupedWork/03cdbd05-7219-6d8a-80bc-da0d5eed08dc-eng,"Hell and good company: the Spanish Civil War and the world it made","Rhodes, Richard, 1937-",9781451696219,,"Simon & Schuster Audio; Simon & Schuster",2015,"New York",Book;eAudiobook,"Book::Carmichael: 946.081 R477 2015 - Checked Out,Book::Central: 946.081 R477 2015 - On Shelf,Book::Franklin: 946.081 R477 2015 - On Shelf"
https://catalog.saclibrary.org/GroupedWork/5bc2bdef-2790-8bb0-4a3f-4442d8e75276-eng,"A fire in the wilderness: the first battle between Ulysses S. Grant and Robert E. Lee","Reeves, John, 1962-",9781643137001,,"Tantor Media, Inc.; Pegasus Books","2021 - 2022","New York",eBook;Book;eAudiobook,"Book::Central: 973.7 R332 2021 - On Shelf,Book::Galt: 973.7 R332 2021 - On Shelf,Book::McKinley: 973.7 R332 2021 - Checked Out"
https://catalog.saclibrary.org/GroupedWork/247f2686-d7bd-a13a-be84-63cf69570b1e-eng,"H. H. Holmes: the true history of the White City Devil","Selzer, Adam",9781510713437,,"Skyhorse Publishing; Skyhorse; Dreamscape Media","2017 - 2019","New York, NY",eAudiobook;eBook;Book,"Book::Elk Grove: 364.15232 H751zs 2017 - On Shelf,Book::North Natomas: 364.15232 H751zs 2017 - On Shelf"
https://catalog.saclibrary.org/GroupedWork/1e74d248-ce16-621f-94af-47377a53d89b-eng,"Feverland: a memoir in shards","Lemon, Alex",9781571313362,,"Milkweed Editions",2017,"Minneapolis, Minnesota",eBook;Book,"Book::Carmichael: 811.6 L556f 2017 - On Shelf"
https://catalog.saclibrary.org/GroupedWork/59ba4b26-2404-29f1-b62b-e48fcc404d43-eng,"Libby Prison breakout: the daring escape from the notorious Civil War prison","Wheelan, Joseph",9781586487164,,PublicAffairs,2010,"New York",eBook;Book,"Book::Central: 973.772 W561 2010 - On Shelf"
https://catalog.saclibrary.org/GroupedWork/2f53a8d0-e7e3-4608-cb3b-6c8565f85780-eng,"Rabid: a cultural history of the world's most diabolical virus","Wasik, Bill",9780670023738,,"Viking; Blackstone Publishing; Penguin Publishing Group",2012,"New York",eAudiobook;Book;eBook,"Book::Central: 614.563 W3198 2012 - Checked Out"
https://catalog.saclibrary.org/GroupedWork/91dd3e2d-85c9-dc8c-3dca-19a7197f7cc5-eng,Monica,"Clowes, Daniel",9781683968825,,"Fantagraphics Books, Inc",2023,"Seattle, Washington","Graphic Novel/Manga","Graphic Novel/Manga::Central: GRAPHIC NOVEL Clowes, D. - On Shelf,Graphic Novel/Manga::Fair Oaks: GRAPHIC NOVEL Clowes, D. - On Shelf,Graphic Novel/Manga::North Natomas: GRAPHIC NOVEL Clowes, D. - On Shelf"
https://catalog.saclibrary.org/GroupedWork/d8a05e0c-aa0b-670e-beaa-2b0d3a20a7d8-eng,"Alice's piano: the life of Alice Herz-Sommer","Müller, Melissa, 1967-",9781250007414,,"St. Martin's Press; St. Martin's Publishing Group",2012,"New York",eBook;Book,"Book::Central: BIOGRAPHY Herz-Sommer, A. 2012 - On Shelf,Book::Sylvan Oaks: BIOGRAPHY Herz-Sommer, A. 2012 - On Shelf,Book::Valley Hi-North Laguna: BIOGRAPHY Herz-Sommer, A. 2012 - On Shelf"
https://catalog.saclibrary.org/GroupedWork/32abcd56-95ec-91e9-b882-1e7786238267-eng,"Monstrously funny cartoons","Hart, Christopher, 1957-",9780823007165,,Watson-Guptill,2014,Berkeley,Book,"Book::Carmichael Children's Area: CHILDREN 741.51 H325m 2014 - On Shelf,Book::North Natomas Children's Area: CHILDREN 741.51 H325m 2014 - On Shelf,Book::Sylvan Oaks Children's Area: CHILDREN 741.51 H325m 2014 - On Shelf"
https://catalog.saclibrary.org/GroupedWork/707788b6-fe54-d0bf-7e6a-4736f9fb9e82-eng,"Red famine: Stalin's war on Ukraine","Applebaum, Anne, 1964-",9780385538855,,"Knopf Doubleday Publishing Group; Books on Tape; Doubleday",2017,"New York",eAudiobook;eBook;Book,"Book::Central: 947.7084 A648 2017 - On Shelf,Book::Franklin: 947.7084 A648 2017 - On Shelf,Book::South Natomas: 947.7084 A648 2017 - On Shelf"
https://catalog.saclibrary.org/GroupedWork/9e2f2d96-6f76-2d12-7ef5-aca57f5925e3-eng,"In the shadow of liberty: the invisible history of immigrant detention in the United States","Minian, Ana Raquel, 1983-",9780593654255,,"Viking; Books on Tape",2024,"[New York]",eAudiobook;Book,"Book::Carmichael: 365.4709 M665 2024 - On Shelf,Book::Central: 365.4709 M665 2024 - On Shelf,Book::Pocket-Greenhaven: 365.4709 M665 2024 - On Shelf"
https://catalog.saclibrary.org/GroupedWork/bb3205f5-7bf2-8935-91e3-3e1536f6a9ff-eng,"The secret history of Vladimir Nabokov","Pitzer, Andrea",9781605984117,,"Distributed by W.W. Norton; Pegasus Books; Blackstone Publishing","2013 - 2021","New York",eBook;Book;eAudiobook,"Book::Central: 813 N117zp2 2013 - On Shelf"
https://catalog.saclibrary.org/GroupedWork/f9fff384-bd90-c867-cc05-e81608b1fca1-eng,"Making the monster: the science behind Mary Shelley's Frankenstein","Harkup, Kathryn",9781472933737,,"Bloomsbury Sigma; Bloomsbury Publishing",2018,London,eBook;Book,"Book::Elk Grove: 509 H282 2018 - On Shelf"
https://catalog.saclibrary.org/GroupedWork/924b1edd-788b-24c9-43f7-463bfa28c46b-eng,"The story of September 11, 2001","Tracy, Kathleen",9781584156932,,"Mitchell Lane; Mitchell Lane Publishers",2009,"Hockessin, Del",eBook;Book,"Book::Walnut Grove Children's Area: CHILDREN 973.931 T761 2009 - On Shelf"
https://catalog.saclibrary.org/GroupedWork/3f3fa894-65fb-246d-8a1c-f469795ccfe5-eng,"Résistance: a woman's journal of struggle and defiance in occupied France","Humbert, Agnès",9781596915596,,Bloomsbury,2008,"New York",Book,"Book::Central: 940.5344 H919zh 2008 - On Shelf,Book::Elk Grove: 940.5344 H919zh 2008 - On Shelf,Book::Franklin: 940.5344 H919zh 2008 - On Shelf"
https://catalog.saclibrary.org/GroupedWork/67632ae4-d919-e0b7-bcc1-53f9df5f0428-eng,"A castle in wartime: one family, their missing sons, and the fight to defeat the Nazis","Bailey, Catherine",9780525559290,,"Viking; Books on Tape",2019,"[New York]",eAudiobook;Book,"Book::Central: 940.5317 B154 2019 - On Shelf,Book::Fair Oaks: 940.5317 B154 2019 - On Shelf,Book::Woodland Public Library: 943.086 Bai 2019 - On Shelf"
https://catalog.saclibrary.org/GroupedWork/05a5b111-342b-2590-4514-ae8d6c95aac1-eng,"The weight of ghosts: on love and loss and motherhood and writing","Halaby, Laila",9781636281346,,"Red Hen Press",2023,"Pasadena, CA",Book,"Book::Central: 813.6 H157 2023 - On Shelf,Book::Franklin: 813.6 H157 2023 - On Shelf,Book::Pocket-Greenhaven: 813.6 H157 2023 - LINK+ PAGED"
https://catalog.saclibrary.org/GroupedWork/d79991a7-0742-25d1-703d-d5908745d506-eng,"Blood on the tracks: Volume 3","Oshimi, Shūzō",9781949980783,,"Vertical Comics, an imprint of Kodansha USA Publishing, LLC",2020,"New York","Graphic Novel/Manga","Graphic Novel/Manga::Colonial Heights: MANGA Blood On v.3 - On Shelf,Graphic Novel/Manga::Fair Oaks: MANGA Blood On v.3 - On Hold Shelf,Graphic Novel/Manga::Franklin: MANGA Blood On v.3 - On Shelf"
https://catalog.saclibrary.org/GroupedWork/c37ca478-fb59-707a-c65c-4e63b0f09c1c-eng,"Champagne supernovas: Kate Moss, Marc Jacobs, Alexander McQueen, and the '90s renegades who remade fashion","Callahan, Maureen",9781451640533,,"Simon & Schuster",2014,"New York",Book,"Book::Central: 746.920922 C156 2014 - On Shelf,Book::Courtland: 746.920922 C156 2014 - On Shelf,Book::McKinley: 746.920922 C156 2014 - Checked Out"
https://catalog.saclibrary.org/GroupedWork/3fce636a-b393-ab2e-8ab9-9307b45045a5-eng,"Long haul: hunting the highway serial killers","Figliuzzi, Frank",9780063265158,,"HarperCollins; HarperAudio; Mariner Books",2024,"New York",eAudiobook;eBook;Book,"Book::Carmichael: 364.15232 F472 2024 - On Shelf,Book::Central: 364.15232 F472 2024 - Checked Out,Book::Franklin: 364.15232 F472 2024 - On Shelf"
https://catalog.saclibrary.org/GroupedWork/50541e12-c5a2-c086-a96f-6c17d8e73330-eng,"Miss Lizzie's war: the double life of southern belle spy Elizabeth Van Lew","Agonito, Rosemary",9780762780129,,"Globe Pequot; Globe Pequot Press",2012,"Guilford, Connecticut",eBook;Book,"Book::Central: BIOGRAPHY Van Lew, E. 2012 - On Shelf,Book::Walnut Grove: BIOGRAPHY Van Lew, E. 2012 - On Shelf"
https://catalog.saclibrary.org/GroupedWork/f7b52686-5fbf-ca29-c460-12211d87ae9f-eng,"Demystifying Shariah: what it is, how it works, and why it's not taking over our country","Ali-Karamali, Sumbul, 1964-",9780807038000,,"Beacon Press",2020,Boston,eBook;Book,"Book::Arcade: 340.59 A398 2020 - On Shelf,Book::Central: 340.59 A398 2020 - On Shelf,Book::Elk Grove: 340.59 A398 2020 - On Shelf"
https://catalog.saclibrary.org/GroupedWork/3d50c5e3-d3da-a22f-4eef-d992b7794239-eng,"Our family dreams: the Fletchers' adventures in nineteenth-century America","Smith, Daniel Blake",9781137279811,,"St. Martin's Press; St. Martin's Publishing Group",2016,"New York City",eBook;Book,"Book::Central: 973.50922 F613zs 2016 - On Shelf,Book::Franklin: 973.50922 F613zs 2016 - On Shelf"
https://catalog.saclibrary.org/GroupedWork/d16c06a3-0d95-32f4-4103-3cbc7670e4a2-eng,"Girl: my childhood and the Second World War","Frankel, Alona",9780253022288,,"Indiana University Press",2016,Bloomington,eBook;Book,"Book::Central: 940.5318 F829 2016 - On Shelf"
https://catalog.saclibrary.org/GroupedWork/a327e561-d8b0-3daf-ba77-060ef63848ab-eng,"In the shadows of Paris: the Nazi concentration camp that dimmed the city of light","Sinclair, Anne",9781733395861,,"Kales Press",2021,"San Diego, California",Book,"Book::Carmichael: 940.5318 S616 2021 - On Shelf,Book::Central: 940.5318 S616 2021 - On Shelf,Book::Valley Hi-North Laguna: 940.5318 S616 2021 - On Shelf"
https://catalog.saclibrary.org/GroupedWork/19c4aecf-80d2-a56f-ab53-fd41a6d6eed0-eng,"A few minor adjustments: a memoir of healing","Kephart, Cherie",9781947127012,,"Bazi Publishing",2017,"San Diego, CA",Book,"Book::Carmichael: 362.1092 K38 2017 - On Shelf,Book::Rancho Cordova: 362.1092 K38 2017 - On Shelf"
https://catalog.saclibrary.org/GroupedWork/1663ed68-8f47-291f-31c3-4cc390e9ef24-eng,"The girl and the bombardier: a true story of resistance and rescue in Nazi-occupied France","Ankeny, Susan Tate",9781635767179,,"Highbridge Company; HighBridge; Diversion Books; Diversion Books, a division of Diversion Publishing Corp",2020,"New York, NY",eAudiobook;eBook;Book,"Book::North Natomas: 940.5344 A611 2020 - On Shelf"
https://catalog.saclibrary.org/GroupedWork/4d0fe1ef-8b6d-42c6-e48c-0456ba12654e-eng,"The devil's castle: Nazi eugenics, euthanasia, and how psychiatry's troubled history reverberates today","Antonetta, Susanne, 1956-",9781640094024,,Counterpoint,2025,"Los Angeles",Book,"Book::Colonial Heights: 363.92 A634 2025 - On Shelf,Book::Pocket-Greenhaven: 363.92 A634 2025 - On Shelf"
https://catalog.saclibrary.org/GroupedWork/d2d83092-6f19-22ca-6bd7-878faef01356-eng,"Party time ; and, The new world order: two plays","Pinter, Harold, 1930-2008",9780802133526,,"Grove Press",1993,"New York",Book,"Book::Carmichael: 822.914 P659 1993 - On Shelf,Book::Central: 822.914 P659 1993 - On Shelf,Book::Pocket-Greenhaven: 822.914 P659 1993 - On Shelf"
https://catalog.saclibrary.org/GroupedWork/524b9bf4-f403-d58d-e1a9-5cfa22403443-eng,"Shots on the bridge: police violence and cover-up in the wake of Katrina","Greene, Ronnie",9780807033500,,"Tantor Media, Inc.; Beacon Press",2015,Boston,Book;eAudiobook,"Book::Rio Linda: 364.132 G811 2015 - On Shelf"
https://catalog.saclibrary.org/GroupedWork/b6cdb546-e9b0-5c1c-3e29-58ac20b1ed5c-eng,"Wolfpack: inside Hitler's U-boat war","Moorhouse, Roger",9781541604728,,"Basic Books",2025,"New York",Book,"Book::Carmichael: 940.5451 M825 2025 - On Shelf,Book::Central: 940.5451 M825 2025 - On Shelf,Book::Elk Grove: 940.5451 M825 2025 - Checked Out"
https://catalog.saclibrary.org/GroupedWork/e8df7b4e-dbe1-1e55-6f8b-ee2373ec1c2f-eng,"Into the void: from birth to Black Sabbath--and beyond","Butler, Geezer, 1949-",9780063242500,,"Dey St., an imprint of William Morrow; HarperCollins; HarperAudio",2023,"New York, NY",eBook;Book;eAudiobook,"Book::Franklin: 782.4216 B985 2023 - On Shelf,Book::Galt: 782.4216 B985 2023 - On Shelf,Book::Sylvan Oaks: 782.4216 B985 2023 - On Shelf"
https://catalog.saclibrary.org/GroupedWork/7dfbd0a0-71c8-b045-53f4-e7cc8e300b35-eng,"A day in September: the battle of Antietam and the world it left behind","Budiansky, Stephen",9781324035756,,"W.W. Norton & Company",2024,"New York, NY",Book,"Book::Central: 973.7336 B927 2024 - On Shelf,Book::Colonial Heights: 973.7336 B927 2024 - On Shelf,Book::Elk Grove: 973.7336 B927 2024 - On Shelf"
https://catalog.saclibrary.org/GroupedWork/cb3dc9e0-6129-d673-c2f0-f05adcb74915-eng,"The choice: embrace the possible","Eger, Edith Eva",9781501130793,,"Simon & Schuster Audio; Scribner",2017,"New York",eAudiobook;Book;eBook,"Book::Carmichael: 940.5318 E496 2017 - Checked Out,Book::Central: 940.5318 E496 2017 - Checked Out,Book::South Natomas: 940.5318 E496 2017 - Checked Out"
https://catalog.saclibrary.org/GroupedWork/f1e0a40d-406a-2058-361c-37608c095ea1-eng,"We heard the heavens then: a memoir of Iran","Minu-Sepehr, Aria",9781451652185,,"Free Press",2012,"New York",Book,"Book::Central: 955.053 M668 2012 - On Shelf,Book::Elk Grove: 955.053 M668 2012 - On Shelf,Book::North Natomas: 955.053 M668 2012 - On Shelf"
https://catalog.saclibrary.org/GroupedWork/d3435550-8917-16b5-b2c1-b8bc6423b907-eng,"Being Jewish after the destruction of Gaza: a reckoning","Beinart, Peter",9780593803899,,"Alfred A. Knopf; Knopf Doubleday Publishing Group; Books on Tape",2025,"New York",eAudiobook;Book;eBook,"Book::Central: 956.94055 B422 2025 - On Shelf,Book::Orangevale: 956.94055 B422 2025 - Checked Out,Book::Pocket-Greenhaven: 956.94055 B422 2025 - Checked Out"
https://catalog.saclibrary.org/GroupedWork/53c624de-576b-4334-899f-5a535af4f940-eng,"A study in emerald","Albuquerque, Rafael, 1981-",9781506703930,,"Dark Horse Books",2018,"Milwaukie, OR","Graphic Novel/Manga","Graphic Novel/Manga::Arcade: GRAPHIC NOVEL Gaiman, N. - On Shelf,Graphic Novel/Manga::Central: GRAPHIC NOVEL Gaiman, N. - Checked Out,Graphic Novel/Manga::South Natomas: GRAPHIC NOVEL Gaiman, N. - On Shelf"
https://catalog.saclibrary.org/GroupedWork/4ed224c6-fcf8-4741-c4f2-1507f50bb2ac-eng,"Hell in the Pacific: a Marine rifleman's journey from Guadalcanal to Peleliu","McEnery, Jim, 1919-",9781451659139,,"Tantor Media, Inc.; Simon & Schuster","2012 - 2015","New York",Book;eAudiobook,"Book::Central: 940.545973 M1419 2012 - On Shelf"
https://catalog.saclibrary.org/GroupedWork/3855cf7e-9f2f-c414-31b3-2977caa95c7b-eng,"Murder on the home front: a true story of morgues, murderers, and mysteries during the London Blitz","Lefebure, Molly",9781455576067,,"Hachette Audio; Grand Central Publishing",2014,"New York",eBook;Book;eAudiobook,"Book::Central: 614.1 L488 2014 - On Shelf"
https://catalog.saclibrary.org/GroupedWork/cd043e26-5d81-e941-9001-045ebcc4c879-eng,"Haunted: on ghosts, witches, vampires, zombies, and other monsters of the natural and supernatural worlds","Braudy, Leo",9780300203806,,"Tantor Media, Inc.; Yale University Press","2016 - 2023","New Haven",Book;eAudiobook,"Book::Central: 306.4 B825 2016 - On Shelf"
https://catalog.saclibrary.org/GroupedWork/a0749c89-4717-2dd6-dbad-97c80d3850e8-eng,"Nazi billionaires: the dark history of Germany's wealthiest dynasties","Jong, David de (Journalist)",9781328497888,,"HarperCollins; HarperAudio; Mariner Books",2022,"New York, NY",eBook;Book;eAudiobook,"Book::Arcade: 940.54 D327 2022 - Checked Out,Book::Carmichael: 940.54 D327 2022 - On Shelf,Book::Central: 940.54 D327 2022 - On Shelf"
https://catalog.saclibrary.org/GroupedWork/5ec12189-c447-6fff-55b9-142310f1106d-eng,"Midnight in America: darkness, sleep, and dreams during the Civil War","White, Jonathan W., 1979-",9781469632049,,"The University of North Carolina Press",2017,"Chapel Hill",eBook;Book,"Book::Central: 154.630973 W585 2017 - On Shelf"
https://catalog.saclibrary.org/GroupedWork/70b413f4-ea1f-44f3-5aef-9c4193c3bdb8-eng,"The general's niece: the little-known de Gaulle who fought to free occupied France","Bowers, Paige",9781613736098,,"Chicago Review Press",2017,"Chicago, Illinois",eBook;Book,"Book::Central: 940.5344 G269zb 2017 - On Shelf"
https://catalog.saclibrary.org/GroupedWork/51f99d22-cffc-b376-d9d4-9f1e141d0dee-eng,"Fifty things that aren't my fault: essays from the grown-up years","Guisewite, Cathy",9780735218420,,"Books on Tape; G.P. Putnam's Sons",2019,"New York",eAudiobook;Book,"Book::Carmichael: 818.602 G967 2019 - On Shelf,Book::Central: 818.602 G967 2019 - On Shelf,Book::Elk Grove: 818.602 G967 2019 - On Shelf"
https://catalog.saclibrary.org/GroupedWork/01b3dae0-3e15-ee6c-68a9-b93607b2992d-eng,"My queer war","Lord, James",9780374217488,,"Farrar, Straus and Giroux",2010,"New York",eBook;Book,"Book::Franklin: 940.5449 L866 2010 - On Shelf"
https://catalog.saclibrary.org/GroupedWork/320944d1-7e56-d397-0564-360bb19439c9-eng,"Stephen King on the big screen","Browning, Mark, 1966-",9781841502458,,"Intellect; Intellect Books",2009,"Chicago, USA; Bristol, UK",eBook;Book,"Book::Rio Linda: 791.4375 K54zb 2009 - On Shelf"
https://catalog.saclibrary.org/GroupedWork/3f97dba2-423d-b9f2-5682-67f4a0cbbaec-eng,"Incarceration nations: a journey to justice in prisons around the world","Dreisinger, Baz, 1976-",9781590517277,,"Tantor Media, Inc.; Other Press",2016,"New York",eBook;Book;eAudiobook,"Book::Central: 365 D771 2016 - On Shelf,Book::Southgate: 365 D771 2016 - On Shelf"
https://catalog.saclibrary.org/GroupedWork/bf6f7f8c-0aab-cd96-59af-08dadf232135-eng,"The Churchill factor: how one man made history","Johnson, Boris",9781594633027,,"Books on Tape; Riverhead Books, a member of Penguin Group (USA)",2014,"New York; [Westminster, MD]","eAudiobook;Audiobook - CD;Book","Book::Central: 941.084 C563zj4 2014 - On Shelf,Book::Pocket-Greenhaven: 941.084 C563zj4 2014 - On Shelf"
https://catalog.saclibrary.org/GroupedWork/811ac184-56fb-0d58-0cd3-8a92cb728b57-eng,"Brothers in arms: the epic story of the 761st tank battalion, WWII's forgotten heroes","Abdul-Jabbar, Kareem, 1947-",9780385503389,,"Crown; Broadway Books",2004,"New York",eBook;Book,"Book::South Natomas: 940.5421 U58za2 2004 - On Shelf"
https://catalog.saclibrary.org/GroupedWork/cde4563b-0c2d-dfb4-fd59-516afcf75602-eng,"You ain't heard nothin' yet: interviews with stars from Hollywood's golden era","Bawden, James",9780813174211,,"The University Press of Kentucky; University Press of Kentucky",2017,"Lexington, Kentucky",eBook;Book,"Book::Central: 791.43028 B354 2017 - On Shelf,Book::North Natomas: 791.43028 B354 2017 - Checked Out"
https://catalog.saclibrary.org/GroupedWork/c9a19bc7-a1d8-0f80-e6d7-af39a6c0d3a5-eng,"The selected letters of Norman Mailer","Mailer, Norman",9781400066230,,"Random House",2014,"New York",Book,"Book::Central: 813.54 M219s 2014 - On Shelf,Book::Woodland Public Library: 813.54 Mai 2014 - On Shelf"
https://catalog.saclibrary.org/GroupedWork/dd4f3994-6feb-1000-bd5a-e36e4ec6ed41-eng,"Landing on the edge of eternity: twenty-four hours at Omaha Beach","Kershaw, Robert, 1950-",9781681778662,,"Tantor Media, Inc.; Pegasus Books","2018 - 2019","New York",Book;eAudiobook,"Book::Carmichael: 940.542142 K417 2018 - On Shelf,Book::Central: 940.542142 K417 2018 - On Shelf,Book::South Natomas: 940.542142 K417 2018 - On Shelf"
https://catalog.saclibrary.org/GroupedWork/74fd9165-f4dd-01d4-7c34-d450ba2607fc-eng,"The rising: murder, heartbreak, and the power of human resilience in an American town","D'Agostino, Ryan",9780804140164,,"Crown Publishers; Crown",2015,"New York",eBook;Book,"Book::Central: 364.1523 D127 2015 - On Shelf"
https://catalog.saclibrary.org/GroupedWork/b6702aa5-63e4-00ba-8f63-fb275e679486-eng,"Chanel's Riviera: glamour, decadence, and survival in peace and war, 1930-1944","De Courcy, Anne",9781250177070,,"St. Martin's Press; St. Martin's Publishing Group; Macmillan Audio",2020,"New York",eAudiobook;Book;eBook,"Book::Central: 944.940815 D297 2020 - On Shelf,Book::Franklin: 944.940815 D297 2020 - On Shelf,Book::Galt: 944.940815 D297 2020 - On Shelf"
https://catalog.saclibrary.org/GroupedWork/ca3e297e-224b-fc28-31d3-cbfb5c75f045-eng,"The pact: a UFC champion, a boy with cancer, and their promise to win the ultimate battle","Garbrandt, Cody",9780785216810,,"W Publishing Group, an imprint of Thomas Nelson; Thomas Nelson",2018,"Nashville, Tennessee",Book;eAudiobook,"Book::Carmichael: 796.8092 G214 2018 - On Shelf,Book::South Natomas: 796.8092 G214 2018 - On Shelf,Book::North Natomas: 796.8092 G214 2018 - On Shelf"
https://catalog.saclibrary.org/GroupedWork/05d37c55-aa36-17a0-99ec-f829c5519f01-eng,"Fracture: life and culture in the West, 1918-1938","Blom, Philipp, 1970-",9780465022496,,"Tantor Media, Inc.; Basic Books; Basic Books, a member of the Perseus Books Group",2015,"New York",eBook;Book;eAudiobook,"Book::Arcade: 909.82 B653 2015 - On Shelf,Book::Elk Grove: 909.82 B653 2015 - On Shelf,Book::Valley Hi-North Laguna: 909.82 B653 2015 - On Shelf"
https://catalog.saclibrary.org/GroupedWork/551dda54-a643-3c92-1a74-bd3fffeb3432-eng,"Kissing the sword: a prison memoir","Pārsīʹpūr, Shahrnūsh",9781558618169,,"The Feminist Press at the City University of New York",2013,"New York, NY",Book,"Book::Central: 891.558 P26 2013 - On Shelf"
https://catalog.saclibrary.org/GroupedWork/0cdedc63-0533-e3b4-a739-8fc4edfffcb0-eng,"Ruin and renewal: civilizing Europe after World War II","Betts, Paul, 1963-",9781541672468,,"Basic Books",2020,"New York",Book,"Book::Central: 909.824 B565 2020 - On Shelf,Book::Fair Oaks: 909.824 B565 2020 - On Shelf,Book::Isleton: 909.824 B565 2020 - Checked Out"
https://catalog.saclibrary.org/GroupedWork/c4067623-27d5-f314-6977-07730adec315-eng,"The cave: a secret underground hospital and one woman's story of survival in Syria","Ballour, Amani",9781426222740,,"National Geographic; National Geographic Digital",2024,"Washington, D.C",eBook;Book,"Book::Central: 610.92 A441 2024 - On Shelf,Book::Franklin: 610.92 A441 2024 - On Shelf,Book::Pocket-Greenhaven: 610.92 A441 2024 - On Shelf"
https://catalog.saclibrary.org/GroupedWork/d177a554-9a04-d692-b3ed-0b4dec2f2f2d-eng,"Hollywood dreams made real: Irving Thalberg and the rise of M-G-M","Vieira, Mark A., 1950-",9780810972346,,Abrams,2008,"New York",Book,"Book::Central: 791.43023 T365zv 2008 - On Shelf"
https://catalog.saclibrary.org/GroupedWork/b128e3ce-5576-3f44-5506-167bd9457351-eng,"Demonic foes: my twenty-five years as a psychiatrist investigating possessions, diabolic attacks, and the paranormal","Gallagher, Richard (Psychiatrist)",9780062876478,,"Harper One, an imprint of HarperCollins Publishers; HarperCollins",2020,"New York, NY",eAudiobook;Book,"Book::Central: 291 G162 2020 - On Shelf,Book::Valley Hi-North Laguna: 291 G162 2020 - On Shelf"
https://catalog.saclibrary.org/GroupedWork/10fedff6-773d-f886-5f9c-976821821433-eng,"Death in the air: the true story of a serial killer, the great London smog, and the strangling of a city","Dawson, Kate Winkler",9780316506861,,"Hachette Books; Hachette Audio; Grand Central Publishing",2017,"New York, NY",eBook;Book;eAudiobook,"Book::Carmichael: 364.15232 D272 2017 - On Shelf,Book::Central: 364.15232 D272 2017 - On Shelf,Book::Belle Cooledge: 364.15232 D272 2017 - On Shelf"
https://catalog.saclibrary.org/GroupedWork/20ed5b69-31ec-5262-39cb-1300e278302f-eng,"Batman: Arkham Asylum 15th anniversary edition","Morrison, Grant",9781401204242,,"DC Comics",2004,"New York, N.Y","Graphic Novel/Manga","Graphic Novel/Manga::Central Teen Area - 3rd Floor: TEEN GRAPHIC NOVEL Batman - On Shelf"
https://catalog.saclibrary.org/GroupedWork/0c5571dc-a92e-462e-8eba-346a17c6e1db-eng,"Shaking the gates of hell: a search for family and truth in the wake of the civil rights revolution","Archibald, John, 1963-",9780525658115,,"Alfred A. Knopf; Books on Tape",2021,"New York",eAudiobook;Book,"Book::Arcade: 976.1092 A673 2021 - On Shelf,Book::Central: 976.1092 A673 2021 - On Shelf,Book::North Natomas: 976.1092 A673 2021 - On Shelf"
https://catalog.saclibrary.org/GroupedWork/55c50a7c-87b6-7655-6e59-a162fed36f51-eng,"Madam Secretary: a memoir","Albright, Madeleine Korbel",9780062265463,,HarperCollins,2013,"New York",Book,"Book::North Sacramento-Hagginwood: BIOGRAPHY Albright, M. 2013 - On Shelf"
https://catalog.saclibrary.org/GroupedWork/081be260-7d0d-4ebe-7b0c-5994ce0f2ae4-eng,"Sails and shadows: how the Portuguese opened the Atlantic and launched the slave trade","Seed, Patricia",9780520415874,,"University of California Press",2026,"Oakland, California",Book,"Book::Arcade: 381.44 S451 2026 - Checked Out,Book::Central New Books - 4th Floor: 381.44 S451 2026 - On Shelf,Book::McKinley: 381.44 S451 2026 - Checked Out"
https://catalog.saclibrary.org/GroupedWork/c3a038ee-1adb-ecd2-c9fb-699fa038cd57-eng,"Seven women: and the secret of their greatness","Metaxas, Eric",9780718021832,,"Nelson Books, an imprint of Thomas Nelson; Thomas Nelson","2015 - 2016","Nashville, Tennessee",eBook;Book,"Book::Carmichael: 270.0922 M587s 2015 - On Shelf,Book::Central: 270.0922 M587s 2015 - On Shelf"
https://catalog.saclibrary.org/GroupedWork/80bd773c-20ca-4d79-2aa4-80e6d2676939-eng,"Justice for animals: our collective responsibility","Nussbaum, Martha C. (Martha Craven), 1947-",9781982102500,,"Simon & Schuster Audio; Simon & Schuster","2022 - 2023","New York",Book;eAudiobook,"Book::Arcade: 179.3 N975 2022 - On Shelf,Book::Central: 179.3 N975 2022 - On Shelf,Book::Elk Grove: 179.3 N975 2022 - On Shelf"
https://catalog.saclibrary.org/GroupedWork/7d126520-61d8-5cee-5828-60f2c08ae53a-eng,"Columbine: 25th anniversary memorial edition","Cullen, Dave, 1961-",9781538766842,,Twelve,2024,"New York",Book,"Book::Central: 373.78882 C726zc 2024 - OFF CAMPUS,Book::Colonial Heights: 373.78882 C726zc 2024 - On Shelf,Book::McKinley: 373.78882 C726zc 2024 - Checked Out"
https://catalog.saclibrary.org/GroupedWork/e6ace8bc-80ce-81b6-93dc-0fd071c386a2-eng,"Puella magi Tart magica: the legend of ""Jeanne d'Arc."" 4","Magica Quartet (Firm)",9780316560207,,"Yen Press",2017,"New York","Graphic Novel/Manga","Graphic Novel/Manga::Belle Cooledge Teen Area: TEEN MANGA Puella Magi v.4 - On Shelf,Graphic Novel/Manga::Sacramento Public Library Storage: TEEN MANGA Puella Magi v.4 - On Shelf"
https://catalog.saclibrary.org/GroupedWork/613a03f2-861d-8359-8ebd-bb44ac062f48-eng,"A Mountain on My Back: Memoir of A Chinese Woman","Shen, Youfeng",9781790345687,,"Youfeng Shen",2018,"United States",Book,"Book::Central Local Author - 2nd Floor: 305.488 S546 2018 - On Shelf"
https://catalog.saclibrary.org/GroupedWork/437045bf-86ea-155a-2dd7-350eded427e3-eng,"The memory of music","Collins, Olive",9781838530570,,"Olive Collins",2019,"[Place of publication not identified]",Book,"Book::Central: FICTION Collins, O. - On Shelf,Book::Arbuckle Branch Library Adult Collection: Fic - On Shelf"
https://catalog.saclibrary.org/GroupedWork/ae142cef-1c45-73a8-c3fb-d1585247b950-eng,"Survivors of slavery: modern-day slave narratives","Murphy, Laura (Laura T.)",9780231164238,,"Columbia University Press",2014,"New York",eBook;Book,"Book::Southgate: 306.36209 M978 2014 - On Shelf"
https://catalog.saclibrary.org/GroupedWork/51e31176-21a6-4268-7eba-f16e97caa80e-eng,"A tragic honesty: the life and work of Richard Yates","Bailey, Blake",9780312287214,,Picador,"2003 - 2013","New York",eBook;Book,"Book::Central: BIOGRAPHY Yates, R. 2003 - On Shelf"
https://catalog.saclibrary.org/GroupedWork/80b99f67-9f89-9613-aa82-8a1a67106a39-eng,"The boy who followed his father into Auschwitz","Dronfield, Jeremy",9780241359198,,"Michael Joseph",2019,London,Book,"Book::Central: 940.5318 K646zd 2019 - On Shelf"
https://catalog.saclibrary.org/GroupedWork/11e9b688-bcf5-47cd-b3cf-d9cee1d85ae4-eng,"A conspiracy of decency: the rescue of the Danish Jews during World War II","Werner, Emmy E",9780813339061,,"Basic Books; Westview Press","2002 - 2009","Boulder, Colo",eBook;Book,"Book::Central: 940.5318 W492 2002 - On Shelf"
https://catalog.saclibrary.org/GroupedWork/b01f8494-1654-cb31-7e75-bd96d25cadb7-eng,"A complex fate: William L. Shirer and the American century","Cuthbertson, Ken",9780773545441,,"McGill-Queen's University Press",2015,Montreal,Book,"Book::Central: 070.92 S558zc 2015 - On Shelf"
https://catalog.saclibrary.org/GroupedWork/4446590b-1377-1c56-744c-e8fb89f7cfdc-eng,"Classic Penguin: cover to cover",,9780143110132,,"Penguin Books, an imprint of Penguin Random House LLC",2016,"New York, New York",Book,"Book::Central: 741.64 B924 2016 - On Shelf,Book::Sylvan Oaks: 741.64 B924 2016 - On Shelf"
https://catalog.saclibrary.org/GroupedWork/3fe86f20-97ce-b5ba-6b4c-b3f809e07f39-eng,"Dr. Strange, surgeon supreme: Vol. 1, Under the knife","Waid, Mark, 1962-",9781302921057,,"Marvel Worldwide, Inc",2020,"New York, NY","Graphic Novel/Manga","Graphic Novel/Manga::Pocket-Greenhaven Teen Area: TEEN GRAPHIC NOVEL Doctor Strange v.1 - On Shelf,Graphic Novel/Manga::Sacramento Public Library Storage: TEEN GRAPHIC NOVEL Doctor Strange v.1 - On Shelf"
https://catalog.saclibrary.org/GroupedWork/e2859fa0-7e84-7376-40f2-14e5ced6288e-eng,"Original sins: the (mis)education of black and native children and the construction of American racism","Ewing, Eve L",9780593243701,,"One World; Random House Publishing Group; Books on Tape",2025,"New York",eAudiobook;Book;eBook,"Book::Central: 370.89 E953 2025 - On Shelf,Book::Colonial Heights: 370.89 E953 2025 - On Shelf,Book::Elk Grove: 370.89 E953 2025 - Checked Out"
https://catalog.saclibrary.org/GroupedWork/19f589f7-35ed-9663-1086-f1bbba60c410-eng,"Imperial gamble: Putin, Ukraine, and the new Cold War","Kalb, Marvin L",9780815726647,,"Brookings Institution Press",2015,"Washington, D.C",Book,
https://catalog.saclibrary.org/GroupedWork/96fa1a88-a09e-a8c2-ba1a-6d0006aa40f3-eng,"Apostles of revolution: Jefferson, Paine, Monroe and the struggle against the old order in America and Europe","Ferling, John E",9781632862099,,"Bloomsbury Publishing",2018,"New York",Book,"Book::Arcade: 973.3 F357a 2018 - On Shelf,Book::Carmichael: 973.3 F357a 2018 - On Shelf,Book::Central: 973.3 F357a 2018 - On Shelf"
https://catalog.saclibrary.org/GroupedWork/81bbf7d7-1ebf-15fe-6fe1-c02ff1854fd1-eng,"World War I: the American soldier experience","Keene, Jennifer D., 1962-",9780803234871,,"University of Nebraska Press",2011,Lincoln,Book,"Book::Central: 940.40973 W927 2011 - On Shelf,Book::Elk Grove: 940.40973 W927 2011 - On Shelf"
https://catalog.saclibrary.org/GroupedWork/f2f8c7f9-f4da-b67d-c21a-1926fbf8ef46-eng,"1939: a people's history of the coming of World War ii","Taylor, Fred, 1947-",9781324006794,,"W.W. Norton & Company",2020,"New York, NY",Book,"Book::Carmichael: 940.531 T241 2020 - On Shelf,Book::Central: 940.531 T241 2020 - On Shelf,Book::Orangevale: 940.531 T241 2020 - On Shelf"
https://catalog.saclibrary.org/GroupedWork/1d19cc7c-5dcb-b8ac-18f8-ccb12c62a8dd-eng,"The last days of the Romanovs: tragedy at Ekaterinburg","Rappaport, Helen",9780312379766,,"St. Martin's Press; Tantor Media, Inc","2009 - 2017","New York",eAudiobook;Book,"Book::Pocket-Greenhaven: 947.08 N599zr3 2009 - On Shelf,Book::Valley Hi-North Laguna: 947.08 N599zr3 2009 - On Shelf,Book::Colusa Main Branch Adult Collection: 947.08 R - On Shelf"
https://catalog.saclibrary.org/GroupedWork/a5ee186c-fcbf-d588-9ed5-f6c37553de77-eng,"Cold crematorium: reporting from the land of Auschwitz","Debreczeni, József, 1905-1978",9781250290533,,"St. Martin's Press; St. Martin's Publishing Group; Macmillan Audio","2023 - 2024","New York",eAudiobook;eBook;Book,"Book::Central: 940.5318 D288 2023 - On Shelf,Book::Pocket-Greenhaven: 940.5318 D288 2023 - On Shelf,Book::Rancho Cordova: 940.5318 D288 2023 - On Shelf"
https://catalog.saclibrary.org/GroupedWork/2b5e8826-f148-5b5e-7402-d36d7ece2da9-eng,"The ministry of truth: democracy, reality, and the Republicans' war on the recent past","Benen, Steve",9780063393677,,"HarperCollins; HarperAudio; Mariner Books",2024,"New York",eAudiobook;eBook;Book,"Book::Central: 320.973 B465 2024 - On Shelf,Book::Rio Linda: 320.973 B465 2024 - On Shelf,Book::Sylvan Oaks: 320.973 B465 2024 - On Shelf"
https://catalog.saclibrary.org/GroupedWork/23f88335-945e-20c2-49d6-fc1b8c8d59b5-eng,"Dawn of X: Volume 11","Brisson, Ed",9781302927684,,"Marvel Worldwide, Inc",2020,"New York, NY","Graphic Novel/Manga","Graphic Novel/Manga::Carmichael Teen Area: TEEN GRAPHIC NOVEL X-Men v.11 - On Shelf,Graphic Novel/Manga::Elk Grove Teen Area: TEEN GRAPHIC NOVEL X-Men v.11 - On Shelf,Graphic Novel/Manga::Franklin Teen: TEEN GRAPHIC NOVEL X-Men v.11 - On Shelf"
https://catalog.saclibrary.org/GroupedWork/03bc8119-b16c-84cb-fdc8-4b78e80bdad9-eng,"A brave face: two cultures, two families, and the Iraqi girl who bound them together","Marlowe, Barbara",9780785221364,,"W Publishing Group, an imprint of Thomas Nelson; Thomas Nelson",2019,"Nashville, Tennessee",eAudiobook;Book;eBook,"Book::Arcade: 248.4 M349 2019 - On Shelf,Book::Central: 248.4 M349 2019 - On Shelf,Book::South Natomas: 248.4 M349 2019 - On Shelf"
https://catalog.saclibrary.org/GroupedWork/d69d858b-4068-df83-f617-25f6cce9f20b-eng,"Finding comfort during hard times: a guide to healing after disaster, violence, and other community trauma","Johnson, Earl, 1950-",9781538127094,,"Tantor Media, Inc.; Rowman & Littlefield",2020,Lanham,Book;eAudiobook,"Book::Carmichael: 155.9 J667 2020 - On Shelf,Book::Central: 155.9 J667 2020 - On Shelf,Book::Elk Grove: 155.9 J667 2020 - On Shelf"
https://catalog.saclibrary.org/GroupedWork/3942eb3d-7204-abc4-7069-fa57d06f158a-eng,"Blood and ruins: the last imperial war, 1931-1945","Overy, Richard",9780670025169,,"Viking; Penguin Publishing Group",2022,"New York",eBook;Book,"Book::Carmichael: 940.53 O968 2022 - On Shelf,Book::Central: 940.53 O968 2022 - On Shelf,Book::Elk Grove: 940.53 O968 2022 - On Shelf"
https://catalog.saclibrary.org/GroupedWork/dfd81d01-fd0d-5622-5a8c-f052c6bd7b06-eng,"Hanns and Rudolph: the true story of the German Jew who tracked down and caught the Kommandant of Auschwitz","Harding, Thomas, 1968-",9781476711843,,"Simon & Schuster",2013,"New York",Book,"Book::Central: 940.55 H263 2013 - On Shelf,Book::Franklin: 940.55 H263 2013 - On Shelf"
https://catalog.saclibrary.org/GroupedWork/3e0f5ccd-cea2-edeb-5feb-bde10503ba53-eng,"A bookshop in Berlin: the rediscovered memoir of one woman's harrowing escape from the Nazis","Frenkel, Françoise, 1889-1975",9781501199844,,"Artia Books; Simon & Schuster Audio",2019,"New York; [New York]","eAudiobook;Audiobook - CD;Book","Book::Carmichael: 940.5318094 F879 2019 - On Shelf,Book::Central: 940.5318094 F879 2019 - On Shelf,Book::Galt: 940.5318094 F879 2019 - On Shelf"
https://catalog.saclibrary.org/GroupedWork/fa009c9d-8332-6079-fa9a-20ab468467a1-eng,"The world of Lore: dreadful places","Mahnke, Aaron",9781524798024,,"Del Rey",2018,"New York",Book,"Book::Arcade: 133.12 M215 2018 - On Shelf,Book::North Natomas: 133.12 M215 2018 - Checked Out"
https://catalog.saclibrary.org/GroupedWork/727e69d0-44d5-7a17-da8d-9805c2ec7af8-eng,"In the garden of beasts: love, terror, and an American family in Hitler's Berlin","Larson, Erik, 1954-",9780307408853,,"Crown; Books on Tape; Random House Audio",2011,"New York","eAudiobook;Audiobook - CD;eBook;Book","Book::Carmichael: 943.086 D639zL 2011 - Checked Out,Book::Colonial Heights: 943.086 D639zL 2011 - On Shelf,Book::Fair Oaks: 943.086 D639zL 2011 - On Shelf"
https://catalog.saclibrary.org/GroupedWork/b4a270b3-a736-9c50-13c9-f52127d2f50b-eng,"Farthest field: an Indian story of the Second World War","Karnad, Raghu",9780393248098,,"W.W. Norton & Company",2015,"New York",Book,"Book::Central: 940.541241 K186 2015 - On Shelf,Book::South Natomas: 940.541241 K186 2015 - On Shelf,Book::Sutter County Main Branch: 940.541241 KAR - On Shelf"
https://catalog.saclibrary.org/GroupedWork/e58853ed-4cdf-522e-23a8-050bf166d7bc-eng,"The coldest winter: a stringer in liberated Europe","Fox, Paula",9780805078060,,"Henry Holt and Co.; H. Holt","2005 - 2006","New York",eBook;Book,"Book::Central: 813.54 F793c 2005 - On Shelf,Book::Fair Oaks: 813.54 F793c 2005 - On Shelf"
https://catalog.saclibrary.org/GroupedWork/19ac90d4-7de9-5a34-054e-1738932b96d0-eng,"One dog at a time: saving the strays of Afghanistan","Farthing, Pen",9781250001955,,"St Martin's Griffin; St. Martin's Publishing Group","2010 - 2012","New York",eBook;Book,"Book::Sylvan Oaks: 636.0832 F247 2012 - On Shelf"
https://catalog.saclibrary.org/GroupedWork/4db7a5f1-7ae5-e2ee-a7e6-b2a214c55504-eng,"Journey's end","Sherriff, R. C. (Robert Cedric), 1896-1975",9781682661840,,"Brentano's; L.A. Theatre Works","1929 - 2024",,Book;eAudiobook,"Book::Central: 822 S553 - On Shelf"
https://catalog.saclibrary.org/GroupedWork/01dfd4e4-dcf9-0e77-8080-7592d8c7ccda-eng,"The future was now: madmen, mavericks, and the epic sci-fi summer of 1982","Nashawaty, Chris",9781250827050,,"Flatiron Books",2024,"New York",eBook;Book,"Book::Arcade: 791.4361 N253 2024 - On Shelf,Book::Central: 791.4361 N253 2024 - On Shelf,Book::North Sacramento-Hagginwood: 791.4361 N253 2024 - On Shelf"
https://catalog.saclibrary.org/GroupedWork/eba94e06-cc71-1ce0-cafb-ee24cdafa14a-eng,"Redhanded: an exploration of criminals, cannibals, cults, and what makes a killer tick","Bala, Suruthi",9780762473793,,"Hachette Audio; Running Press/Hachette",2021,Philadelphia,eAudiobook;Book,"Book::Carmichael: 364.15232 B171 2021 - On Shelf,Book::Central: 364.15232 B171 2021 - On Shelf,Book::Pocket-Greenhaven: 364.15232 B171 2021 - On Shelf"
https://catalog.saclibrary.org/GroupedWork/e996d700-53ce-c2f0-75d3-fb6c2802c6cc-eng,"Killadelphia: Vol. 1, Sins of the father","Barnes, Rodney (Producer)",9781534315693,,"Image Comics",2020,"Portland, OR","Graphic Novel/Manga","Graphic Novel/Manga::Central: GRAPHIC NOVEL Killadelphia v.1 - Checked Out,Graphic Novel/Manga::Colonial Heights: GRAPHIC NOVEL Killadelphia v.1 - On Shelf,Graphic Novel/Manga::Franklin: GRAPHIC NOVEL Killadelphia v.1 - On Shelf"
https://catalog.saclibrary.org/GroupedWork/bb5f9a22-b3c0-9e8d-2445-627107f57764-eng,"Maker of patterns: an autobiography through letters","Dyson, Freeman J",9780871403865,,"Liveright Publishing Corporation, a division of W.W. Norton & Company",2018,"New York",Book,"Book::Arcade: 530.092 I46 2018 - On Shelf,Book::Carmichael: 530.092 I46 2018 - On Shelf,Book::Southgate: 530.092 I46 2018 - On Shelf"
https://catalog.saclibrary.org/GroupedWork/bef6f318-c846-bbf5-dbb2-259c0f8219a4-eng,"Disqualified: Eddie Hart, Munich 1972, and the voices of the most tragic Olympics","Hart, Eddie, 1949-",9781606353127,,"The Kent State University Press",2017,"Kent, Ohio",eBook;Book,"Book::Central: 796.42092 H325 2017 - On Shelf,Book::Valley Hi-North Laguna: 796.42092 H325 2017 - On Shelf"
https://catalog.saclibrary.org/GroupedWork/256bb91d-a1cd-1323-5cc4-f1f0d5920dcc-eng,"Fallout: the Hiroshima cover-up and the reporter who revealed it to the world","Blume, Lesley M. M",9781982128517,,"Simon & Schuster Audio; Simon & Schuster",2020,"New York",eAudiobook;Book;eBook,"Book::Carmichael: 940.54252 B658 2020 - On Shelf,Book::Central: 940.54252 B658 2020 - On Shelf,Book::Elk Grove: 940.54252 B658 2020 - On Shelf"
https://catalog.saclibrary.org/GroupedWork/b502d24b-12d0-0244-e97c-1a787ce1ed7f-eng,"Mukiwa: a white boy in Africa","Godwin, Peter",9780871136213,,"Atlantic Monthly Press; Highbridge Company; Grove Atlantic","1996 - 2019","New York",eBook;Book;eAudiobook,"Book::Central: 968.9104 G592 1996 - On Shelf"
https://catalog.saclibrary.org/GroupedWork/6dc15751-f739-ec2f-0b5c-c97146e6761c-eng,"Resilience: two sisters and a story of mental illness","Close, Jessie",9781455548828,,"Hachette Audio; Grand Central Publishing",2015,"New York",eAudiobook;eBook;Book,"Book::Central: 616.895 C645 2015 - On Shelf,Book::North Natomas: 616.895 C645 2015 - On Shelf,Book::Rancho Cordova: 616.895 C645 2015 - On Shelf"
https://catalog.saclibrary.org/GroupedWork/5c863b80-94be-06f1-2061-6d1d9e5cfd73-eng,"Escape from the ghetto: a story of survival and resilience in World War II","Carr, John, 1949-",9781643138855,,"Pegasus Books",2022,"New York",eBook;Book,"Book::Central: 943.8053 C311 2022 - On Shelf,Book::Elk Grove: 943.8053 C311 2022 - On Shelf,Book::Franklin: 943.8053 C311 2022 - On Shelf"
https://catalog.saclibrary.org/GroupedWork/4daf3414-a69f-a32f-a55a-1f8c569a8628-eng,"The Second World War: a military history","Corrigan, Gordon",9780312577094,,"St. Martin's Publishing Group; Thomas Dunne Books",2011,"New York",eBook;Book,"Book::Central: 940.54 C825 2011 - On Shelf"
https://catalog.saclibrary.org/GroupedWork/b0366edc-b35d-a0ea-6ce4-372e26327423-eng,"How to be avant-garde: modern artists and the quest to end art","Falconer, Morgan",9781324051428,,"Tantor Media, Inc; W.W. Norton & Company",2025,"New York, NY",Book;eAudiobook,"Book::Carmichael: 709.04 F183 2025 - On Shelf,Book::Central: 709.04 F183 2025 - On Shelf,Book::Colonial Heights: 709.04 F183 2025 - On Shelf"
https://catalog.saclibrary.org/GroupedWork/3d075f34-1d2e-855c-7e27-4eaee79b309a-eng,"Black science: Vol. 6, Forbidden realms and hidden truths","Remender, Rick",9781534301825,,"Image Comics",2017,"Portland, OR","Graphic Novel/Manga","Graphic Novel/Manga::Arcade: GRAPHIC NOVEL Black Science v.6 - On Shelf,Graphic Novel/Manga::Central: GRAPHIC NOVEL Black Science v.6 - On Shelf,Graphic Novel/Manga::Del Paso Heights: GRAPHIC NOVEL Black Science v.6 - On Shelf"
https://catalog.saclibrary.org/GroupedWork/6911061b-bf6c-ca86-7381-249ddf03cec3-eng,"Freedom ship: the uncharted history of escaping slavery by sea","Rediker, Marcus",9780525558347,,Viking,2025,"New York, NY",Book,"Book::Colonial Heights: 973.7115 R317 2025 - On Shelf,Book::North Natomas: 973.7115 R317 2025 - On Shelf,Book::Pocket-Greenhaven: 973.7115 R317 2025 - On Shelf"
https://catalog.saclibrary.org/GroupedWork/b527413d-6441-d6dd-40c1-1d66b9d68bfb-eng,"An economist walks into a brothel: and other unexpected places to understand risk","Schrager, Allison",9780525533962,,"Books on Tape",2019,,eAudiobook;Book,"Book::Carmichael: 658 S377 2019 - On Shelf,Book::Central: 658 S377 2019 - On Shelf,Book::South Natomas: 658 S377 2019 - On Shelf"
https://catalog.saclibrary.org/GroupedWork/18868efa-69a8-0f39-43b4-bc52073fc5b2-eng,"Battle for the bird: Jack Dorsey, Elon Musk, and the $44 billion fight for Twitter's soul","Wagner, Kurt (Journalist)",9781668017357,,"Atria Books, an imprint of Simon & Schuster, LLC",2024,"New York",Book,"Book::Central: 302.30285 W133 2024 - On Shelf,Book::South Natomas: 302.30285 W133 2024 - On Shelf,Book::North Sacramento-Hagginwood: 302.30285 W133 2024 - On Shelf"
https://catalog.saclibrary.org/GroupedWork/7d38d594-3c2b-e345-a9f2-f5142678206b-eng,"Bamboo promise: the last straw. Vol. 2 : PTSD self-healing","Houn, Vicheara",9781532015021,,iUniverse,2017,"Bloomington, IN",Book,"Book::Central: 959.604 H839b 2017 v.2 - On Shelf"
https://catalog.saclibrary.org/GroupedWork/32ecd89a-1a8a-af17-a030-12d1b979f1f2-eng,"A fierce glory: Antietam-- the desperate battle that saved Lincoln and doomed slavery","Martin, Justin",9780306825255,,"Hachette Audio; Da Capo Press; Grand Central Publishing",2018,"New York",eBook;Book;eAudiobook,"Book::Central: 973.7 M381 2018 - On Shelf"
https://catalog.saclibrary.org/GroupedWork/88be04f7-7ed0-ce3e-6ec2-caf1eba2d00f-eng,"The house of beauty: lessons from the image industry","Sicardi, Arabelle",9780393531626,,"W. W. Norton & Company",2025,"New York, NY",Book,"Book::Carmichael: 646.72 S565 2025 - On Shelf,Book::Central: 646.72 S565 2025 - On Shelf,Book::North Sacramento-Hagginwood: 646.72 S565 2025 - On Shelf"
https://catalog.saclibrary.org/GroupedWork/5d2a42e4-5abc-3492-22a7-cff7b5cfb69f-eng,"Pol Pot: anatomy of a nightmare","Short, Philip",9780805080063,,"Henry Holt; Henry Holt and Co.","2005 - 2007","New York; New York, N.Y",eBook;Book,"Book::Central: 959.6042 S559 2006 - On Shelf"
https://catalog.saclibrary.org/GroupedWork/449e6d3c-30b0-b690-9e7f-7b67bc3ac849-eng,"The Chinese people at war: human suffering and social transformation, 1937-1945","Lary, Diana",9780521144100,,"Cambridge University Press",2010,"New York",Book,"Book::Central: 940.5351 L336 2010 - On Shelf"
https://catalog.saclibrary.org/GroupedWork/374867ab-49e2-55ef-a4e1-963e9e7eeec4-eng,"Unauthorized acts: risky tales from a Vietnam medic","Hinson, Criss",9781525504259,,FriesonPress,2017,"Victoria, BC",Book,"Book::Central: 959.7043092 H665 2017 - On Shelf,Book::South Natomas: 959.7043092 H665 2017 - On Shelf,Book::North Natomas: 959.7043092 H665 2017 - On Shelf"
https://catalog.saclibrary.org/GroupedWork/9ea265dd-f6d4-1176-07a5-da972b985e57-eng,"West Winging It: An Un-Presidential Memoir","Cunnane, Pat",9781501178290,,"Simon & Schuster Audio; Gallery Books",2018,"New York",Book;eAudiobook,"Book::Carmichael: 973.932 C973 2018 - On Shelf,Book::Central: 973.932 C973 2018 - On Shelf,Book::Orangevale: 973.932 C973 2018 - On Shelf"
https://catalog.saclibrary.org/GroupedWork/8319aaad-a4a6-eccc-d841-b45afed337ec-eng,"The magical language of others: a memoir","Koh, EJ, 1988-",9781947793385,,"Tin House Books",2020,"Portland, Oregon",Book,"Book::Central: 813.6 K791 2020 - On Shelf,Book::Fair Oaks: 813.6 K791 2020 - On Shelf,Book::McKinley: 813.6 K791 2020 - On Shelf"
https://catalog.saclibrary.org/GroupedWork/c4b99c9d-1472-cb7b-6390-b7b664a2efdc-eng,"Dear world: a Syrian girl's story of war and plea for peace","Alabed, Bana, 2009-",9781501178443,,"Simon & Schuster Audio; Simon & Schuster",2017,"New York",Book;eAudiobook,"Book::Central: 956.9104 A316 2017 - On Shelf,Book::North Natomas: 956.9104 A316 2017 - On Shelf,Book::Rio Linda: 956.9104 A316 2017 - On Shelf"
https://catalog.saclibrary.org/GroupedWork/0d04ee49-86eb-dd81-48c0-731f476f3026-eng,"Sexuality: a graphic guide","Barker, Meg-John, 1974-",9781785786532,,"Icon Books",2021,London,"Graphic Novel/Manga","Graphic Novel/Manga::Arcade: GRAPHIC 305.3 B255s 2021 - On Shelf,Graphic Novel/Manga::Central: GRAPHIC 305.3 B255s 2021 - On Shelf,Graphic Novel/Manga::Pocket-Greenhaven: GRAPHIC 305.3 B255s 2021 - Checked Out"
https://catalog.saclibrary.org/GroupedWork/cda41564-eac3-8a8c-d7ee-0d1af2c0b813-eng,"Collateral damage: America's war against Iraqi civilians","Hedges, Chris",9781568583730,,"Tantor Media, Inc.; Nation Books; PublicAffairs","2008 - 2009","New York",eBook;Book;eAudiobook,"Book::Carmichael: 956.704431 H453 2008 - On Shelf"
https://catalog.saclibrary.org/GroupedWork/1ffd9e4e-d07d-0d18-16cf-2a37d4079c76-eng,"Demon camp: a soldier's exorcism","Percy, Jennifer",9781451661989,,"Tantor Media, Inc.; Scribner",2014,"New York",Book;eAudiobook,"Book::Central: 616.85212 P431 2014 - On Shelf,Book::Elk Grove: 616.85212 P431 2014 - On Shelf,Book::Central: 616.85212 P431 2014 - OFF CAMPUS"
https://catalog.saclibrary.org/GroupedWork/cbec8c8d-1c6f-4e3a-0ed1-3ce76cb785ab-eng,"Murder on the Mississippi: the shocking crimes that shaped Abraham Lincoln","Ambar, Saladin M",9798895150214,,"Diversion Books",2025,US,Book,"Book::Central New Books - 4th Floor: 973.7 L736za 2025 - On Shelf,Book::Colonial Heights: 973.7 L736za 2025 - On Shelf,Book::Belle Cooledge: 973.7 L736za 2025 - Checked Out"
https://catalog.saclibrary.org/GroupedWork/09e0851f-05cb-3bec-694a-0a66606e5138-eng,"TCM underground: 50 must-see films from the world of classic cult and late-night cinema","De Chirico, Millie",9780762480005,,"Running Press",2022,Philadelphia,Book,"Book::Carmichael: 791.4365 D293 2022 - On Shelf,Book::Central: 791.4365 D293 2022 - On Shelf,Book::Elk Grove: 791.4365 D293 2022 - On Shelf"
https://catalog.saclibrary.org/GroupedWork/39c95155-317e-dffa-8a06-616bac24f958-eng,"Where there's hope: healing, moving forward, and never giving up","Smart, Elizabeth, 1987-",9781250115522,,"St. Martin's Press; Macmillan Audio",2018,"New York",eAudiobook;Book,"Book::Central: 158 S636 2018 - On Shelf,Book::South Natomas: 158 S636 2018 - On Shelf,Book::North Sacramento-Hagginwood: 158 S636 2018 - On Shelf"
https://catalog.saclibrary.org/GroupedWork/94ce13e6-3727-0e5a-310f-3aaaf51ac8a7-eng,"Helltown: the untold story of a serial killer on Cape Cod","Sherman, Casey, 1969-",9781728245959,,"Recorded Books, Inc.; Sourcebooks Inc; Sourcebooks",2022,"Naperville, Illinois",eAudiobook;eBook;Book,"Book::Carmichael: 364.1523 S553 2022 - On Shelf,Book::Central: 364.1523 S553 2022 - On Shelf,Book::Elk Grove: 364.1523 S553 2022 - On Shelf"
https://catalog.saclibrary.org/GroupedWork/df4c70d2-e8ca-55ab-beca-6df1c6335470-eng,"Renia's diary","Spiegel, Renia, 1924-1942",9781250244024,,"St. Martin's Press",2019,"New York",Book,"Book::Central: 940.5318 S7552 2019 - On Shelf,Book::Courtland: 940.5318 S7552 2019 - On Shelf,Book::Elk Grove: 940.5318 S7552 2019 - On Shelf"
https://catalog.saclibrary.org/GroupedWork/b2fb9166-5e6e-315b-3dd4-3e3d7337deac-eng,"""No one helped"": Kitty Genovese, New York City, and the myth of urban apathy","Gallo, Marcia M",9780801456640,,"Cornell University Press",2015,Ithaca,eBook;Book,"Book::Carmichael: 364.1523 G335zg 2015 - On Shelf,Book::South Natomas: 364.1523 G335zg 2015 - On Shelf,Book::Pocket-Greenhaven: 364.1523 G335zg 2015 - On Shelf"
https://catalog.saclibrary.org/GroupedWork/42b9a321-7f65-ebc6-1f8f-a615741252e9-eng,"Death march escape: the remarkable story of a man who twice escaped the Nazi Holocaust","Hersch, Jack J",9781526740229,,"Pen & Sword Books; Pen and Sword; Frontline Books",2018,London,eBook;Book;eAudiobook,"Book::Carmichael: 940.547 H571 2018 - On Shelf,Book::Central: 940.547 H571 2018 - On Shelf,Book::Franklin: 940.547 H571 2018 - On Shelf"
https://catalog.saclibrary.org/GroupedWork/022f6cf4-045d-92e4-6b42-dfe226d349d3-eng,"Racism: a very short introduction","Rattansi, Ali",9780192805904,,"Tantor Media, Inc.; Oxford University Press","2007 - 2020",Oxford,Book;eAudiobook,"Book::Franklin: 305.8 R237 2007 - On Shelf,Book::McKinley: 305.8 R237 2007 - On Shelf"
https://catalog.saclibrary.org/GroupedWork/68ac5556-14de-3d34-130e-b6384d08ac81-eng,"The art of Thai comics: a century of strips and stripes","Verstappen, Nicolas",9786164510364,,"River Books",2021,Bangkok,Book,"Book::Arcade: 741.59593 V565 2021 - Checked Out,Book::Central: 741.59593 V565 2021 - On Shelf"
https://catalog.saclibrary.org/GroupedWork/6b14e2b5-e505-b032-c50f-5ab68693d9c9-eng,"The incredible true story of Blondy Baruti: my unlikely journey from the Congo to Hollywood","Baruti, Blondy",9781501164996,,"Tantor Media, Inc.; Simon & Schuster",2018,"New York",Book;eAudiobook,"Book::Central: BIOGRAPHY Baruti, B. 2018 - On Shelf,Book::North Natomas: BIOGRAPHY Baruti, B. 2018 - On Shelf"
https://catalog.saclibrary.org/GroupedWork/e944d616-2747-e669-f42a-d18c980a9906-eng,"Standing my ground: a Capitol police officer's fight for accountability and good trouble after January 6th","Dunn, Harry (Police officer)",9780306831133,,"Hachette Books; Hachette Audio",2023,"New York",eAudiobook;Book,"Book::Carmichael: 973.933 D923 2023 - On Shelf,Book::Central: 973.933 D923 2023 - On Shelf,Book::Elk Grove: 973.933 D923 2023 - On Shelf"
https://catalog.saclibrary.org/GroupedWork/42ec9008-2bc7-2681-74d3-7e943ef4751a-eng,"Auschwitz report","Levi, Primo",9781844670925,,"Verso; Verso Books","2006 - 2015",London,eBook;Book,"Book::Central: 940.5318 L664 2006 - On Shelf"
https://catalog.saclibrary.org/GroupedWork/f8c4b885-4e3a-7ef8-cb5a-5a52beadbe35-eng,"The zealot and the emancipator: John Brown, Abraham Lincoln and the struggle for American freedom","Brands, H. W",9780385544009,,"Knopf Doubleday Publishing Group; Books on Tape; Doubleday",2020,"New York",eAudiobook;Book;eBook,"Book::Arcade: 326.80922 B819 2020 - On Shelf,Book::Central: 326.80922 B819 2020 - On Shelf,Book::North Natomas: 326.80922 B819 2020 - On Shelf"
https://catalog.saclibrary.org/GroupedWork/93caeb50-b91c-29e4-14c3-c8aa8a44708c-eng,"Surviving our catastrophes: resilience and renewal from Hiroshima to the COVID-19 pandemic","Lifton, Robert Jay, 1926-",9781620978153,,"The New Press",2023,"New York",eBook;Book,"Book::Carmichael: 155.935 L722 2023 - On Shelf,Book::Central: 155.935 L722 2023 - On Shelf,Book::Franklin: 155.935 L722 2023 - On Shelf"
https://catalog.saclibrary.org/GroupedWork/b0c4c945-3e41-a28e-1e1e-bee8f59dab71-eng,"Children into swans: fairy tales and the pagan imagination","Beveridge, Jan, 1945-",9780773543942,,"Mcgill-Queens Univ Press",2014,Montreal,Book,"Book::Central: 398.2094 B571 2014 - On Shelf"
https://catalog.saclibrary.org/GroupedWork/b8c0a85f-6f50-425a-0e4a-5018a0bcfdd5-eng,"Retribution: a US Marine's fight for justice, from the Russian gulag to Ukraine's front lines","Reed, Trevor, 1991-",9780063428546,,"William Morrow, an imprint of HarperCollinsPublishers",2026,"New York",Book,"Book::Central New Books - 4th Floor: 359.96 R326 2026 - On Shelf,Book::Belle Cooledge: 359.96 R326 2026 - On Shelf,Book::South Natomas: 359.96 R326 2026 - On Shelf"
https://catalog.saclibrary.org/GroupedWork/e0a34daf-9cda-b228-9404-7f47df753ac7-eng,"The bright ages: a new history of medieval Europe","Gabriele, Matthew",9780062980892,,"HarperCollins; HarperAudio; Harper, an imprint of HarperCollinsPublishers",2021,"New York, NY",eAudiobook;eBook;Book,"Book::Carmichael: 940.1 G118 2021 - Checked Out,Book::Central: 940.1 G118 2021 - On Shelf,Book::Franklin: 940.1 G118 2021 - On Shelf"
https://catalog.saclibrary.org/GroupedWork/2c459c3a-be7d-63b6-8153-2746df8c3663-eng,"Why we suffer and how we heal","Song, Suzan J",9780593581537,,Harmony,2026,"New York, NY",Book,"Book::Central New Books - 4th Floor: 158.1 S698 2026 - On Shelf,Book::Fair Oaks: 158.1 S698 2026 - On Shelf,Book::Pocket-Greenhaven: 158.1 S698 2026 - Checked Out"
https://catalog.saclibrary.org/GroupedWork/fb09b9e7-ef10-2a33-3f11-7c8af6d62d10-eng,"Burning down the house: how libertarian philosophy was corrupted by delusion and greed","Koppelman, Andrew",9781250280138,,"St. Martin's Press",2022,"New York",Book,"Book::Arcade: 320.512097 K837 2022 - On Shelf,Book::Central: 320.512097 K837 2022 - On Shelf,Book::Elk Grove: 320.512097 K837 2022 - On Shelf"
https://catalog.saclibrary.org/GroupedWork/eb71dd6e-16b3-b927-8a69-b1c69f601d88-eng,"Paradise General: riding the surge at a combat hospital in Iraq","Hnida, Dave",9781416599579,,"Tantor Media, Inc.; Simon & Schuster",2010,"New York",Book;eAudiobook,"Book::Central: 956.7044 H677zh 2010 - On Shelf"
https://catalog.saclibrary.org/GroupedWork/82b2c6ac-7e4c-34c3-1323-11a6a895ae1e-eng,"River run red: the Fort Pillow massacre in the American Civil War","Ward, Andrew, 1946-",9780670034406,,Viking,2005,"New York",Book,"Book::Central: 973.736 W256 2005 - On Shelf"
https://catalog.saclibrary.org/GroupedWork/2107efa6-694a-47fd-db0f-04360bf085cb-eng,"Stitches: a memoir--","Small, David, 1945-",9780393338966,,"W. W. Norton & Company; W.W. Norton & Co","2009 - 2016","New York","Graphic Novel/Manga;eComic","Graphic Novel/Manga::Fair Oaks: GRAPHIC 818 S635 2009 - On Shelf,Graphic Novel/Manga::McKinley: GRAPHIC 818 S635 2009 - On Shelf,Graphic Novel/Manga::North Natomas: GRAPHIC 818 S635 2009 - On Shelf"
https://catalog.saclibrary.org/GroupedWork/3afbbea7-89d2-911d-ce86-f963df5b47cd-eng,"My disappearing mother: a memoir of magic and loss in the country of dementia","Finnamore, Suzanne",9798888450154,,"Tantor Media, Inc.; Post Hill Press","2023 - 2024","New York",Book;eAudiobook,"Book::Arcade: 362.19683 F514 2023 - On Shelf,Book::Central: 362.19683 F514 2023 - On Shelf,Book::McKinley: 362.19683 F514 2023 - On Shelf"
https://catalog.saclibrary.org/GroupedWork/fca13eb0-699c-7836-af87-0c825d308200-eng,"The nation must awake: my witness to the Tulsa Race Massacre of 1921","Parrish, Mary E. Jones",9781595349439,,"Trinity University Press",2021,"San Antonio, Texas",eBook;Book,"Book::Arcade: 976.686 P261 2021 - On Shelf,Book::Carmichael: 976.686 P261 2021 - On Shelf,Book::Elk Grove: 976.686 P261 2021 - On Shelf"
https://catalog.saclibrary.org/GroupedWork/953d2ca2-b85a-2a40-1bc8-93312560191e-eng,Prisms,"Bendis, Brian Michael",9781779514370,,"DC Comics",2022,"Burbank, CA","Graphic Novel/Manga","Graphic Novel/Manga::Central Teen Area - 3rd Floor: TEEN GRAPHIC NOVEL Justice League v.1 - On Shelf,Graphic Novel/Manga::Fair Oaks Teen Area: TEEN GRAPHIC NOVEL Justice League v.1 - On Shelf,Graphic Novel/Manga::Sacramento Public Library Storage: TEEN GRAPHIC NOVEL Justice League v.1 - On Shelf"
https://catalog.saclibrary.org/GroupedWork/ef7c1f28-db20-82e2-11b9-4c0fe4b6e30c-eng,"Remember us: American sacrifice, Dutch freedom, and a forever promise forged in World War II","Edsel, Robert M",9781400337811,,"Harper Horizon, an imprint of HarperCollins Focus LLC",2025,"[Nashville, TN]",Book,"Book::Central: 940.5421 E24 2025 - On Shelf,Book::Colonial Heights: 940.5421 E24 2025 - On Shelf,Book::Franklin: 940.5421 E24 2025 - On Shelf"
https://catalog.saclibrary.org/GroupedWork/7260bede-53f0-544c-dfd9-4eaaeb14d75a-eng,"Les Parisiennes: how the women of Paris lived, loved, and died under Nazi occupation","Sebba, Anne",9781250048592,,"St. Martin's Press; St. Martin's Publishing Group; Macmillan Audio",2016,"New York",eAudiobook;Book;eBook,"Book::Central: 305.40944 S443 2016 - On Shelf,Book::Rancho Cordova: 305.40944 S443 2016 - On Shelf,Book::Valley Hi-North Laguna: 305.40944 S443 2016 - On Shelf"
https://catalog.saclibrary.org/GroupedWork/09de14f5-e6f7-1e6a-3602-63014966bc0b-eng,"For such a time as this: on being Jewish today","Cosgrove, Elliot J",9780063417472,,"Harvest, an imprint of William Morrow",2024,"New York",Book,"Book::Central: 296 C834 2024 - On Shelf,Book::Colonial Heights: 296 C834 2024 - On Shelf,Book::Elk Grove: 296 C834 2024 - On Shelf"
https://catalog.saclibrary.org/GroupedWork/72bb306b-85c4-e468-4bae-d83aa2c7bbe4-eng,"Why?: explaining the Holocaust","Hayes, Peter, 1946 September 7-",9780393254365,,"Ascent Audio; W.W. Norton & Company",2017,"New York",Book;eAudiobook,"Book::Carmichael: 940.5318 H418 2017 - On Shelf,Book::Central: 940.5318 H418 2017 - On Shelf,Book::Elk Grove: 940.5318 H418 2017 - On Shelf"
https://catalog.saclibrary.org/GroupedWork/7824bfdb-c46a-68b9-ad16-c924ede5a84f-eng,"Queen of all mayhem: the blood-soaked life & mysterious death of Belle Starr, the most dangerous woman in the West","Huckelbridge, Dane",9780063307018,,"HarperCollins; William Morrow, an imprint of HarperCollinsPublishers",2025,"New York, NY",eAudiobook;Book;eBook,"Book::Arcade: BIOGRAPHY Starr, B. 2025 - On Shelf,Book::Central: BIOGRAPHY Starr, B. 2025 - On Shelf,Book::Fair Oaks: BIOGRAPHY Starr, B. 2025 - On Shelf"
https://catalog.saclibrary.org/GroupedWork/5dce1b91-6347-c5fd-6318-0aad0533927f-eng,"Crusaders: an epic history of the wars for the holy lands","Jones, Dan, 1981-",9780525428312,,Viking,2019,"New York",Book,"Book::Carmichael: 909.07 J76 2019 - Checked Out,Book::Central: 909.07 J76 2019 - On Shelf,Book::Sylvan Oaks: 909.07 J76 2019 - On Shelf"
https://catalog.saclibrary.org/GroupedWork/e1e9b00a-8d10-7e3b-0909-1c364f7e1850-eng,"A biography of a mountain: the making and meaning of Mount Rushmore","Davis, Matthew Justin, 1977-",9781250285102,,"St. Martin's Press",2025,"New York",Book,"Book::Colonial Heights: 978.393 M928zd 2025 - On Shelf,Book::South Natomas: 978.393 M928zd 2025 - Checked Out,Book::Rancho Cordova: 978.393 M928zd 2025 - On Shelf"
https://catalog.saclibrary.org/GroupedWork/46e5810b-aeb5-edfa-ef0b-a91b26f5f91a-eng,"The final race: the incredible World War II story of the Olympian who inspired Chariots of fire","Eichinger, Eric",9781496419941,,"Tyndale Momentum, the nonfiction imprint of Tyndale House Publishers, Inc",2018,"Carol Stream, Illinois",Book,"Book::Franklin: 266.5209 E34 2018 - On Shelf,Book::South Natomas: 266.5209 E34 2018 - On Shelf,Book::Southgate: 266.5209 E34 2018 - On Shelf"
https://catalog.saclibrary.org/GroupedWork/31261c58-1045-61a7-e081-3364072a3c0a-eng,"Republican rescue: saving the party from truth deniers, conspiracy theorists, and the dangerous policies of Joe Biden","Christie, Chris",9781982187514,,"Threshold Editions; Simon & Schuster Audio",2021,"New York",Book;eAudiobook,"Book::Central: 320.52 C555 2021 - On Shelf,Book::Galt: 320.52 C555 2021 - On Shelf,Book::Woodland Public Library: 324.2734 Chr 2021 - On Shelf"
https://catalog.saclibrary.org/GroupedWork/ae4db3d2-69b3-7a34-7efb-5749d9b8813e-eng,"Autopsy of war: a personal history","Parrish, John A. (John Albert), 1939-",9780312654962,,"Thomas Dunne Books","2012 - 2024","New York",eBook;Book,"Book::North Natomas: 959.70437 P261 2012 - On Shelf"
https://catalog.saclibrary.org/GroupedWork/e0b4405d-48d6-513d-a62f-328e998115f7-eng,"Eliot Ness and the mad butcher: hunting America's deadliest unidentified serial killer at the dawn of modern criminology","Collins, Max Allan",9780062881977,,"HarperCollins; William Morrow, an imprint of HarperCollinsPublishers; Mariner Books",2020,"New York, NY",eAudiobook;eBook;Book,"Book::Arcade: 364.15232 N463zc 2020 - On Shelf,Book::Carmichael: 364.15232 N463zc 2020 - On Shelf,Book::Central: 364.15232 N463zc 2020 - On Shelf"
https://catalog.saclibrary.org/GroupedWork/446a2122-39ec-ece4-e07d-d1d4a79924c8-eng,"Renegade: what defending democracy taught me about life, liberty, and my country","Kinzinger, Adam",9780593654163,,"The Open Field/Penguin Life",2023,"[New York]",Book,"Book::Carmichael: 328.092 K569 2023 - On Shelf,Book::Central: 328.092 K569 2023 - On Shelf,Book::Elk Grove: 328.092 K569 2023 - On Shelf"
https://catalog.saclibrary.org/GroupedWork/02c1c110-b582-e06a-2ca0-253f95ce0c8f-eng,"The girl who escaped ISIS: this is my story","Khalaf, Farida",9781501131714,,"Simon & Schuster Audio; Atria Books",2016,"New York",Book;eAudiobook,"Book::Central: 363.325 K451 2016 - On Shelf,Book::Elk Grove: 363.325 K451 2016 - On Shelf,Book::South Natomas: 363.325 K451 2016 - On Shelf"
https://catalog.saclibrary.org/GroupedWork/409617d2-0e3e-3ac3-f673-3fe1f43f6cd7-eng,"The Penguin book of pirates",,9780143137511,,"Penguin Books",2024,"[New York]",Book,"Book::Carmichael: 910.45 H856 2024 - On Shelf,Book::Central: 910.45 H856 2024 - On Shelf,Book::Fair Oaks: 910.45 H856 2024 - On Shelf"
https://catalog.saclibrary.org/GroupedWork/0c09dbad-004b-488b-b144-a5d77b55cf30-eng,"Making room: three decades of fighting for beds, belonging, and a safe place for LGBTQ youth","Siciliano, Carl",9780593444245,,Convergent,2024,"New York",Book,"Book::Central: 306.76 S566 2024 - OFF CAMPUS,Book::South Natomas: 306.76 S566 2024 - On Shelf,Book::Rancho Cordova: 306.76 S566 2024 - Checked Out"
https://catalog.saclibrary.org/GroupedWork/90bc7b19-9168-a719-ed10-be1c058afcde-eng,"Pretty Jane and the viper of Kidbrooke Lane: a true story of Victorian law and disorder","Murphy, Paul Thomas, 1957-",9781605989822,,"Pegasus Crime; Blackstone Publishing",2016,"New York",Book;eAudiobook,"Book::Arcade: 364.1523 M978 2016 - On Shelf,Book::Central: 364.1523 M978 2016 - On Shelf,Book::Fair Oaks: 364.1523 M978 2016 - Checked Out"
https://catalog.saclibrary.org/GroupedWork/e0b5664e-1fb4-1926-1935-8b42065da100-eng,"The polygamist's daughter: a memoir","LeBaron, Anna",9781496417558,,"Tyndale Momentum; Blackstone Publishing; Tyndale House Publishers",2017,"Carol Stream, Illinois",eAudiobook;eBook;Book,
https://catalog.saclibrary.org/GroupedWork/efce8817-61e9-43ff-b64a-8117f3d8a2b8-eng,"The Trayvon generation","Alexander, Elizabeth, 1962-",9781538737897,,"Grand Central Publishing",2022,"New York",Book,"Book::Arcade: 305.896073 A375 2022 - On Shelf,Book::Central: 305.896073 A375 2022 - On Shelf,Book::Courtland: 305.896073 A375 2022 - On Shelf"
https://catalog.saclibrary.org/GroupedWork/7b643612-a0a8-f2fb-2dc7-d54644d5290a-eng,"The Great Famine: Northern Europe in the Early Fourteenth Century","Jordan, William Chester",9780691058917,,"Princeton University Press","1996 - 1997","Princeton, N.J","Online Content;eBook;Book",
https://catalog.saclibrary.org/GroupedWork/59226f78-3c18-c6a0-527a-68f205c5e456-eng,"Falling rocket: James Whistler, John Ruskin, and the battle for modern art","Murphy, Paul Thomas, 1957-",9781639364916,,"Pegasus Books",2023,"New York",eBook;Book,"Book::Central: 345.4202 M978 2023 - On Shelf,Book::North Natomas: 345.4202 M978 2023 - On Shelf,Book::Pocket-Greenhaven: 345.4202 M978 2023 - On Shelf"
https://catalog.saclibrary.org/GroupedWork/4c1fdd40-ba45-ad33-0ea5-bc98090bccd6-eng,"I love Russia: reporting from a lost country","Kosti͡uchenko, Elena, 1987-",9780593655269,,"Penguin Press",2023,"New York",Book,"Book::Central: 947.0862 K869 2023 - On Shelf,Book::Franklin: 947.0862 K869 2023 - On Shelf,Book::McKinley: 947.0862 K869 2023 - On Shelf"
https://catalog.saclibrary.org/GroupedWork/a12dee8c-5f32-c671-22fb-779ef55818f1-eng,"The last mission of the Wham Bam boys: courage, tragedy, and justice in World War II","Freeman, Gregory A",9780230108547,,"Palgrave Macmillan; St. Martin's Publishing Group",2011,"New York",eBook;Book,"Book::Elk Grove: 940.5405 F855 2011 - On Shelf"
https://catalog.saclibrary.org/GroupedWork/959ebe76-6b32-cc0f-8ee7-a61d33636dc2-eng,"Invisible men: the trailblazing Black artists of comic books","Quattro, Ken",9781684055869,,"YOE Books/IDW Publishing",2020,"San Diego, CA","Graphic Novel/Manga","Graphic Novel/Manga::Arcade: GRAPHIC 709.2396073 Q25 2020 - Checked Out,Graphic Novel/Manga::Central: GRAPHIC 709.2396073 Q25 2020 - On Shelf,Graphic Novel/Manga::Elk Grove: GRAPHIC 709.2396073 Q25 2020 - On Shelf"
https://catalog.saclibrary.org/GroupedWork/7d6901af-dbac-b541-9d65-c4240f3a81a0-eng,"Sex trafficking: inside the business of modern slavery : with a new preface","Kara, Siddharth",9780231180337,,"Columbia University Press",2017,"New York",Book,"Book::Belle Cooledge: 364.15 K18 2017 - On Shelf,Book::Woodland Public Library: 364.1534 Kar 2017 - On Shelf"
https://catalog.saclibrary.org/GroupedWork/a0578e0c-c631-598e-e007-ef9c67fa30d8-eng,"The frighteners: a journey through our cultural fascination with the macabre","Laws, Peter",9781510726765,,,2018,"Skyhorse Publishing",Book,"Book::Central: 306.1 L425 2018 - On Shelf,Book::South Natomas: 306.1 L425 2018 - On Shelf,Book::Sylvan Oaks: 306.1 L425 2018 - On Shelf"
https://catalog.saclibrary.org/GroupedWork/5be4691b-797c-e4af-d019-c208bdf44281-eng,"Hell if we don't change our ways: a memoir","Means, Brittany",9798985282894,,"Zibby Books LLC; Zibby Publishing",2023,"New York",eAudiobook;Book;eBook,"Book::Central: 305.488 M483 2023 - On Shelf,Book::Galt: 305.488 M483 2023 - On Shelf,Book::Rancho Cordova: 305.488 M483 2023 - On Hold Shelf"
https://catalog.saclibrary.org/GroupedWork/4a3c6145-ae97-bfbb-2538-59bc7f086359-eng,"A prayer before dawn: my nightmare in in Thailand's prisons","Moore, Billy",9781510702141,,"Skyhorse Publishing",2016,"New York",Book,"Book::Central: 356.6092 M821 2016 - On Shelf"
https://catalog.saclibrary.org/GroupedWork/dedd4ee4-bbef-025e-6994-ce8d1f6caec2-eng,"Bad sex: truth, pleasure, and an unfinished revolution","Aronowitz, Nona Willis, 1984-",9780593182765,,Plume,2022,"[New York]",Book,"Book::Central: 306.7 A769 2022 - On Shelf,Book::North Sacramento-Hagginwood: 306.7 A769 2022 - On Shelf,Book::Rio Linda: 306.7 A769 2022 - On Shelf"
https://catalog.saclibrary.org/GroupedWork/e0c90628-bf4d-a40b-168f-9b5993b9f3dd-eng,"18 and life on Skid Row","Bach, Sebastian",9780062265395,,"HarperCollins; Dey Street Books; HarperCollins Publishers","2015 - 2016","New York",eAudiobook;Book;eBook,"Book::Central: 782.42166 B118 2015 - On Shelf,Book::Fair Oaks: 782.42166 B118 2015 - On Shelf,Book::Sylvan Oaks: 782.42166 B118 2015 - On Shelf"
https://catalog.saclibrary.org/GroupedWork/27f50a17-277b-a614-14d3-9d02e1602688-eng,"When the world didn't end: a memoir","Turner, Guinevere",9780593237595,,"Crown; Books on Tape",2023,"New York",eAudiobook;Book;eBook,"Book::Carmichael: BIOGRAPHY Turner, G. 2023 - On Shelf,Book::Central: BIOGRAPHY Turner, G. 2023 - On Shelf,Book::McKinley: BIOGRAPHY Turner, G. 2023 - On Shelf"
https://catalog.saclibrary.org/GroupedWork/620d757a-830e-3f7f-ef0b-3e61d0e4d630-eng,"Waiting for contact: the search for extraterrestrial intelligence","Squeri, Lawrence Louis, 1942-",9780813062143,,"University Press of Florida",2016,Gainesville,Book,"Book::Sylvan Oaks: 576.839 S773 2016 - On Shelf"
https://catalog.saclibrary.org/GroupedWork/b2b19f0b-e218-5495-1852-a5ca2e1bed12-eng,"Danubia: a personal history of Habsburg Europe","Winder, Simon",9780374175290,,"Tantor Media, Inc.; Farrar, Straus and Giroux","2014 - 2018","New York",Book;eAudiobook,"Book::Central: 943 W763d 2014 - On Shelf,Book::Sylvan Oaks: 943 W763d 2014 - On Shelf"
https://catalog.saclibrary.org/GroupedWork/7f4b742f-87d0-11d3-cda4-ef218716f4f1-eng,"Forgotten ally: China's World War II, 1937-1945","Mitter, Rana, 1969-",9780618894253,,"Houghton Mifflin Harcourt",2013,Boston,eBook;Book,"Book::Central: 951.042 M685 2013 - On Shelf,Book::Valley Hi-North Laguna: 951.042 M685 2013 - On Shelf,Book::Sutter County Main Branch: 951.042 MIT - On Shelf"
https://catalog.saclibrary.org/GroupedWork/0ba2bd6f-568d-e9f7-c44d-f03429c4a3d4-eng,"The great rescue: American heroes, an iconic ship, and the race to save Europe in WWI","Hernon, Peter, 1947-",9780062433862,,"HarperCollins; HarperAudio; Harper, an imprint of HarperCollinsPublishers",2017,"New York, NY",eAudiobook;Book,"Book::Carmichael: 940.373 H558 2017 - On Shelf,Book::Central: 940.373 H558 2017 - On Shelf,Book::Franklin: 940.373 H558 2017 - On Shelf"
https://catalog.saclibrary.org/GroupedWork/525b854f-7160-ea24-cc70-41a27265037c-eng,"Remember us to life: a graphic memoir","Rubin Dranger, Joanna, 1970-",9780593836903,,"Ten Speed Graphic, an imprint of Ten Speed Press",2025,California,"Graphic Novel/Manga","Graphic Novel/Manga::Arcade: GRAPHIC 741.5948 R896 2025 - On Shelf,Graphic Novel/Manga::Central: GRAPHIC 741.5948 R896 2025 - On Shelf,Graphic Novel/Manga::Franklin: GRAPHIC 741.5948 R896 2025 - On Shelf"
https://catalog.saclibrary.org/GroupedWork/decbdf6e-920f-2d65-20a7-498502cceb53-eng,"Still: American silent motion picture photography","Shields, David S",9780226013268,,"The University of Chicago Press",2013,"Chicago; London",eBook;Book,"Book::Central: 791.430973 S555 2013 - On Shelf"
https://catalog.saclibrary.org/GroupedWork/a3789957-555f-0e18-c2b8-5a0e4b8070d6-eng,"Convict conditioning: how to bust free of all weakness using the lost secrets of supreme survival strength","Wade, Paul",9781942812159,,"Dragon Door Publications, Inc; Dragon Door Publications","2011 - 2018","Little Canada, Minn",eBook;Book,"Book::Carmichael: 613.713 W121 2018 - On Shelf,Book::North Sacramento-Hagginwood: 613.713 W121 2018 - On Shelf"
https://catalog.saclibrary.org/GroupedWork/c4d3d17f-c1ec-3ed1-9c01-478ffcc157bd-eng,"Captive: a mother's crusade to save her daughter from a terrifying cult","Oxenberg, Catherine, 1961-",9781982100650,,"Gallery Books",2018,"New York",Book,"Book::Elk Grove: 209.0973 O98 2018 - On Shelf,Book::Fair Oaks: 209.0973 O98 2018 - On Shelf,Book::Rancho Cordova: 209.0973 O98 2018 - On Shelf"
https://catalog.saclibrary.org/GroupedWork/0d593208-437e-52f8-eb78-2f09bdbc47ba-eng,"Kabul: the untold story of Biden's fiasco and the American warriors who fought to the end","Hasson, James, 1989-",9781546005308,,"Center Street",2023,"New York",Book,"Book::Franklin: 958.1047 D921 2023 - On Shelf,Book::North Natomas: 958.1047 D921 2023 - On Shelf,Book::Valley Hi-North Laguna: 958.1047 D921 2023 - On Shelf"
https://catalog.saclibrary.org/GroupedWork/890b895c-9727-e120-8829-441727c54a24-eng,"Baseless: my search for secrets in the ruins of the Freedom of Information Act","Baker, Nicholson",9780735215757,,"Books on Tape; Penguin Press",2020,"New York",eAudiobook;Book,"Book::Central: 358.38 B168 2020 - On Shelf,Book::Fair Oaks: 358.38 B168 2020 - On Shelf,Book::Pocket-Greenhaven: 358.38 B168 2020 - On Shelf"
https://catalog.saclibrary.org/GroupedWork/b23c24ac-d73b-6602-af1e-b65cbc6a2177-eng,"The embrace of unreason: France, 1914-1940","Brown, Frederick, 1934-",9780307742360,,"Alfred A. Knopf",2014,"New York",Book,"Book::Central: 944.0814 B877 2014 - On Shelf"
https://catalog.saclibrary.org/GroupedWork/9234b14c-22e7-5b9e-b259-a2c561228753-eng,"People love dead Jews: reports from a haunted present","Horn, Dara, 1977-",9780393531565,,"Recorded Books, Inc.; W. W. Norton & Company; W.W. Norton & Company",2021,"New York, NY",eAudiobook;Book;eBook,"Book::Arcade: 909.04924 H813 2021 - On Shelf,Book::Arden-Dimick: 909.04924 H813 2021 - Checked Out,Book::Central: 909.04924 H813 2021 - On Shelf"
https://catalog.saclibrary.org/GroupedWork/50e11293-bbb3-767c-7bfe-06f82eec99af-eng,"The family next door: the heartbreaking imprisonment of the thirteen Turpin siblings and their extraordinary rescue","Glatt, John",9781250202130,,"St. Martin's Press; St. Martin's Publishing Group",2019,"New York",eBook;Book,"Book::Arcade: 362.76092 G549 2019 - Checked Out,Book::Central: 362.76092 G549 2019 - On Shelf,Book::South Natomas: 362.76092 G549 2019 - On Shelf"
https://catalog.saclibrary.org/GroupedWork/cab9976f-4c6e-d52b-272e-22355ecc3d59-eng,"First to fight: the Polish War 1939","Moorhouse, Roger",9781847924605,,"The Bodley Head",2019,London,Book,"Book::Central: 940.542138 M825 2019 - On Shelf"
https://catalog.saclibrary.org/GroupedWork/37df73c5-283a-f870-3d07-4faba240a56e-eng,"Hollywood vampires: Johnny Depp, Amber Heard, and the celebrity exploitation machine","Loudenberg, Kelly",9780063333819,,"Dey St., and imprint of William Morrow",2025,"New York",Book,"Book::Carmichael: 791.4302 D423 2025 - On Shelf,Book::Central: 791.4302 D423 2025 - On Shelf,Book::Colonial Heights: 791.4302 D423 2025 - On Shelf"
https://catalog.saclibrary.org/GroupedWork/97b3cc3c-a96f-118a-9def-5be62c26379f-eng,"Stolen: a memoir","Gilpin, Elizabeth",9781538735442,,"Hachette Audio; Grand Central Publishing",2021,"New York",eAudiobook;Book;eBook,"Book::Central: 618.928521 G489 2021 - On Shelf,Book::North Natomas: 618.928521 G489 2021 - On Shelf,Book::North Sacramento-Hagginwood: 618.928521 G489 2021 - On Shelf"
https://catalog.saclibrary.org/GroupedWork/4a603711-b524-2cc7-e0b7-a69396beef34-eng,"Big kibble: the hidden dangers of the pet food industry and how to do better by our dogs","Buckley, Shawn Richard, 1964-",9781250260055,,"St. Martin's Press",2020,"New York",Book,"Book::Arcade: 338.476646 B924 2020 - On Shelf,Book::Central: 338.476646 B924 2020 - On Shelf,Book::South Natomas: 338.476646 B924 2020 - On Shelf"
https://catalog.saclibrary.org/GroupedWork/b6ee15f7-01a3-fcf9-9fc2-6bbece29a60c-eng,"My three dads: patriarchy on the Great Plains","Crispin, Jessa",9780226820101,,"The University of Chicago Press",2022,Chicago,Book,"Book::Carmichael: 306.0977 C932 2022 - On Shelf,Book::Central: 306.0977 C932 2022 - On Shelf,Book::Fair Oaks: 306.0977 C932 2022 - On Shelf"
https://catalog.saclibrary.org/GroupedWork/5f51f88d-8214-0f38-de59-d4ff28033054-eng,"The Boston way: how radicals opposed slavery and the Civil War","Kurlansky, Mark",9781567927658,,Godine,2025,Boston,Book,"Book::Central: 973.7114 K968 2025 - On Shelf,Book::Pocket-Greenhaven: 973.7114 K968 2025 - On Shelf,Book::Southgate: 973.7114 K968 2025 - On Shelf"
https://catalog.saclibrary.org/GroupedWork/db48d293-2b72-5729-e7b3-203987079e3a-eng,"Shock and awe: glam rock and its legacy from the seventies to the twenty-first century","Reynolds, Simon, 1963-",9780062279804,,"HarperCollins; Dey St., an imprint of William Morrow Publishers; HarperAudio",2016,"New York",eBook;Book;eAudiobook,"Book::Central: 782.42166 R465 2016 - On Shelf"
https://catalog.saclibrary.org/GroupedWork/a2a37f73-d819-8854-5cf5-01b3784f58e0-eng,"Lily's promise: holding on to hope through Auschwitz and beyond--a story for all generations","Ebert, Lily, 1923-",9780063230279,,"HarperCollins; HarperOne, an imprint of HarperCollinsPublishers; HarperAudio",2022,"New York, NY",eBook;Book;eAudiobook,"Book::Carmichael: 940.5318 E165 2022 - On Shelf,Book::Central: 940.5318 E165 2022 - On Shelf,Book::Franklin: 940.5318 E165 2022 - On Shelf"
https://catalog.saclibrary.org/GroupedWork/000d107e-d9ce-9d98-4c24-bd1ef2c42df4-eng,"Reporter: a memoir","Hersh, Seymour M",9780307263957,,"Alfred A. Knopf; Knopf Doubleday Publishing Group; Books on Tape",2018,"New York",eAudiobook;Book;eBook,"Book::Carmichael: 070.92 H572 2018 - On Shelf,Book::Central: 070.92 H572 2018 - On Shelf,Book::Franklin: 070.92 H572 2018 - On Shelf"
https://catalog.saclibrary.org/GroupedWork/5f9c63f2-8663-9da7-8ab4-8b46568fa910-eng,"This is your brain on parasites: how tiny creatures manipulate our behavior and shape society","McAuliffe, Kathleen",9780544192225,,"Houghton Mifflin Harcourt; HarperCollins; Mariner Books",2016,Boston,eBook;Book,"Book::Central: 612.8 M117 2016 - On Hold Shelf,Book::Orangevale: 612.8 M117 2016 - On Shelf,Book::Woodland Public Library: 612.8 McA 2016 - On Shelf"
https://catalog.saclibrary.org/GroupedWork/d61474df-8dcb-8e7f-30f5-647e40457839-eng,"Ghost of the innocent man: a true story of trial and redemption","Rachlin, Benjamin",9780316311496,,"Hachette Audio; Little, Brown and Company",2017,"New York",eAudiobook;eBook;Book,
https://catalog.saclibrary.org/GroupedWork/5663c286-42ad-f963-5254-29e93db07fa8-eng,"The gallery of miracles and madness: insanity, modernism, and Hitler's war on art","English, Charlie",9780525512059,,"Books on Tape; Random House",2021,"New York",eAudiobook;Book,"Book::Central: 700.943 E584 2021 - On Shelf,Book::McClatchy: 700.943 E584 2021 - Checked Out,Book::Rancho Cordova: 700.943 E584 2021 - On Shelf"
https://catalog.saclibrary.org/GroupedWork/fff11a21-cf60-1838-fbc8-bbe4d0c7611c-eng,"Mamaskatch: a Cree coming of age","McLeod, Darrel J",9781571313874,,"Milkweed Editions",2019,"Minneapolis, Minnesota",eBook;Book,"Book::Central: 971.200497 M478 2019 - On Shelf,Book::Isleton: 971.200497 M478 2019 - On Shelf,Book::Pocket-Greenhaven: 971.200497 M478 2019 - On Shelf"
https://catalog.saclibrary.org/GroupedWork/bbc318f9-c55f-c6fc-b1ef-e718eac98289-eng,"The Victorian and the romantic: a memoir, a love story, and a friendship across time","Stevens, Nell, 1985-",9780385543507,,"Knopf Doubleday Publishing Group; Doubleday",2018,"New York",eBook;Book,"Book::Central: 820.99287 G248zs 2018 - On Shelf,Book::Rio Linda: 820.99287 G248zs 2018 - On Shelf,Book::Valley Hi-North Laguna: 820.99287 G248zs 2018 - On Shelf"
https://catalog.saclibrary.org/GroupedWork/06f00e9c-9a4a-1efd-fad1-a4d7b32ab6f8-eng,"Ballad of the anarchist bandits: the crime spree that gripped Belle Époque Paris","Merriman, John M",9781568589886,,"Nation Books",2017,"New York",Book,"Book::Central: 944 M571 2017 - On Shelf"
https://catalog.saclibrary.org/GroupedWork/ecd277ae-7c09-2821-74ba-9a7bb23adc4e-eng,"Vanni: based on firsthand accounts of the Sri Lankan conflict","Dix, Benjamin, 1976-",9781637790618,,"Pennsylvania State University Press",2023,"University Park, PA","Graphic Novel/Manga","Graphic Novel/Manga::Arcade: GRAPHIC 305.9069 D619 2023 - On Shelf,Graphic Novel/Manga::Central: GRAPHIC 305.9069 D619 2023 - On Shelf,Graphic Novel/Manga::Sylvan Oaks: GRAPHIC 305.9069 D619 2023 - On Shelf"
https://catalog.saclibrary.org/GroupedWork/bedc1d18-aeea-60b8-2d73-bd01ba486efd-eng,"Gotti's boys: the mafia crew that killed for John Gotti","DeStefano, Anthony M",9780806539133,,"Tantor Media, Inc.; Citadel Press",2019,"New York, NY",eBook;Book;eAudiobook,"Book::Arcade: 364.106 D476 2019 - On Shelf,Book::Valley Hi-North Laguna: 364.106 D476 2019 - On Shelf,Book::Woodland Public Library: 364.106 DeS 2019 - On Shelf"
https://catalog.saclibrary.org/GroupedWork/be799545-0696-98aa-4ea3-988ed5ca92bc-eng,"A history of fake things on the Internet","Scheirer, Walter J",9781503632882,,"Stanford University Press",2024,"Stanford, CA",Book,"Book::Central: 302.231 S319 2024 - OFF CAMPUS,Book::Folsom Adult: 302.231 SCH 2024 - On Shelf"
https://catalog.saclibrary.org/GroupedWork/f727b5c4-7a20-2e7e-7cc1-9f74541cfed7-eng,"The invisible siege: the rise of coronaviruses and the search for a cure","Werb, Dan",9780593239230,,"Crown; Books on Tape",2022,"New York",eAudiobook;Book,"Book::Carmichael: 614.92414 W484 2022 - On Shelf,Book::Central: 614.92414 W484 2022 - On Shelf,Book::Sylvan Oaks: 614.92414 W484 2022 - On Shelf"
https://catalog.saclibrary.org/GroupedWork/f58243c2-162b-7d4d-e52e-3fcbc5856326-eng,"The last hunger season: a year in an African farm community on the brink of change","Thurow, Roger",9781610390675,,PublicAffairs,"2012 - 2013","New York",eBook;Book,"Book::Central: 338.1967 T542 2012 - On Shelf,Book::North Natomas: 338.1967 T542 2012 - On Shelf"
https://catalog.saclibrary.org/GroupedWork/db3056ca-eb90-1a93-fbbb-0d9b1a1d41a9-eng,"Living hell: the dark side of the Civil War","Adams, Michael C. C., 1945-",9781421412214,,"Tantor Media, Inc.; The Johns Hopkins University Press","2014 - 2023",Baltimore,Book;eAudiobook,"Book::Central: 973.71 A215 2014 - On Shelf"
https://catalog.saclibrary.org/GroupedWork/c00e45bc-652d-721f-bec7-a2f7d3019152-eng,"The man nobody killed: life, death, and art in Michael Stewart's New York","Green, Elon",9781250898227,,"Celadon Books; Macmillan Audio",2025,"New York",eAudiobook;Book;eBook,"Book::Arcade: 363.209747 S851zg 2025 - On Shelf,Book::Central: 363.209747 S851zg 2025 - On Shelf,Book::Colonial Heights: 363.209747 S851zg 2025 - On Shelf"
https://catalog.saclibrary.org/GroupedWork/64992738-4356-c576-44ae-ba50a3563369-eng,"Daphne Byrne","Marks, Laura, 1972-",9781779504654,,"DC Comics",2020,"Burbank, CA","Graphic Novel/Manga;eComic","Graphic Novel/Manga::Franklin: GRAPHIC NOVEL Marks, L. - On Shelf,Graphic Novel/Manga::Sylvan Oaks: GRAPHIC NOVEL Marks, L. - Checked Out"
https://catalog.saclibrary.org/GroupedWork/d33239e8-0bc5-42e9-ef3c-3b4b8bb00a0f-eng,Raven,"Wolfman, Marv",9781401268985,,"DC Comics",2017,"Burbank, CA","Graphic Novel/Manga","Graphic Novel/Manga::Elk Grove Teen Area: TEEN GRAPHIC NOVEL Wolfman, M. - On Shelf"
https://catalog.saclibrary.org/GroupedWork/3c077102-716b-ac55-0c70-993d3052ca1a-eng,"It's life as I see it: black cartoonists in Chicago 1940-1980",,9781681375618,,"New York Review Books",2021,"New York","Graphic Novel/Manga","Graphic Novel/Manga::Central: GRAPHIC 741.569773 N137 2021 - On Shelf,Graphic Novel/Manga::Franklin: GRAPHIC 741.569773 N137 2021 - On Shelf"
https://catalog.saclibrary.org/GroupedWork/478db663-692d-9951-aa02-c456869785df-eng,"Shiloh, 1862","Groom, Winston, 1944-2020",9781426208744,,"National Geographic Society; Disney Book Group",2012,"Washington, D.C",eBook;Book,"Book::Central: 973.731 G876 2012 - On Shelf,Book::Woodland Public Library: 973.731 Gro 2012 - On Shelf"
https://catalog.saclibrary.org/GroupedWork/6cc99771-f5cc-31c2-d341-60d3c79716fb-eng,"When I grow up: the lost autobiographies of six Yiddish teenagers","Krimstein, Ken",9781635573701,,Bloomsbury,2021,"New York","Graphic Novel/Manga","Graphic Novel/Manga::Central: GRAPHIC 940.5418 K927 2021 - On Shelf,Graphic Novel/Manga::Courtland: GRAPHIC 940.5418 K927 2021 - On Shelf,Graphic Novel/Manga::Isleton: GRAPHIC 940.5418 K927 2021 - On Shelf"
https://catalog.saclibrary.org/GroupedWork/885cda32-c418-543d-101f-a0ba819c26ab-eng,"Mexico: a 500-year history","Gillingham, Paul, 1973-",9780802164841,,"Atlantic Monthly Press; Simon & Schuster Audio",2025,"New York",eAudiobook;Book,"Book::Central New Books - 4th Floor: 972 G481 2025 - On Hold Shelf,Book::Belle Cooledge: 972 G481 2025 - Checked Out,Book::North Natomas: 972 G481 2025 - On Shelf"
https://catalog.saclibrary.org/GroupedWork/3f6214b0-23fd-61dc-bd9c-10cab5825e25-eng,"The diary of a young girl","Frank, Anne, 1929-1945",9780307594006,,"Alfred A. Knopf; Knopf Doubleday Publishing Group; Om Books International; Doubleday","1952 - 2021","New York; Utter Pradesh, India; Garden City, N.Y",eBook;Book,"Book::Central: 940.5318 F828 2010 - Checked Out,Book::Colonial Heights: 940.5318 F828 2010 - Checked Out,Book::North Sacramento-Hagginwood: 940.5318 F828 2010 - Checked Out"
https://catalog.saclibrary.org/GroupedWork/918e32de-cde5-79e0-71c1-9278c4c832b8-eng,"After the blast: the ecological recovery of Mount St. Helens","Wagner, Eric Loudon",9780295746937,,"University of Washington Press",2020,Seattle,Book,"Book::Central: 551.21 W132 2022 - On Shelf"
https://catalog.saclibrary.org/GroupedWork/baba135f-70f5-7591-a24a-988ad687b526-eng,"The book of Rosy: a mother's story of separation at the border","Pablo Cruz, Rosayra",9780062941923,,"HarperCollins; HarperOne, an imprint of HarperCollinsPublishers; HarperOne",2020,"New York, NY",eAudiobook;eBook;Book,"Book::Central: 362.87092 P112 2020 - On Shelf,Book::Courtland: 362.87092 P112 2020 - On Shelf,Book::Orangevale: 362.87092 P112 2020 - On Shelf"
https://catalog.saclibrary.org/GroupedWork/6061cbc6-0857-d3c4-62f1-b512457c8cd2-eng,"The Western Front: a history of the Great War, 1914-1918","Lloyd, Nick",9781631497940,,"Highbridge Company; W.W. Norton & Company",2021,"New York, NY",Book;eAudiobook,"Book::Central: 940.4144 L793 2021 - On Shelf,Book::Franklin: 940.4144 L793 2021 - On Shelf,Book::McKinley: 940.4144 L793 2021 - On Shelf"
https://catalog.saclibrary.org/GroupedWork/cd43957c-362c-078e-17a0-b1fa61b38c6c-eng,"Everyone's seen my tits: stories and reflections from an unlikely feminist","Hazell, Keeley",9781538742686,,"Hachette Audio; Grand Central; Grand Central Publishing",2025,"New York",eAudiobook;Book;eBook,"Book::Arcade: 791.43 H429 2025 - On Shelf,Book::Central: 791.43 H429 2025 - On Shelf,Book::Colonial Heights: 791.43 H429 2025 - On Shelf"
https://catalog.saclibrary.org/GroupedWork/d7842389-06e7-f788-b822-aef5d475dea8-eng,"Saved: my picture world","Keaton, Diane",9780847871285,,Rizzoli,2022,"New York",Book,"Book::Carmichael: OVERSIZE 790 K254 2022 - On Shelf,Book::Central: OVERSIZE 790 K254 2022 - On Shelf,Book::Rancho Cordova: OVERSIZE 790 K254 2022 - On Shelf"
https://catalog.saclibrary.org/GroupedWork/6dec3177-56e0-8969-664e-2790d1afd595-eng,"Worldly philosopher: the odyssey of Albert O. Hirschman","Adelman, Jeremy",9780691155678,,"Princeton University Press",2013,"Princeton, NJ",eBook;Book,"Book::Central: BIOGRAPHY Hirschman, A. 2013 - On Shelf"
https://catalog.saclibrary.org/GroupedWork/ce64c4db-0585-8d82-4216-bc511d038a06-eng,"Last to eat, last to learn: my life in Afghanistan fighting to educate women","Durrani, Pashtana",9780806542447,,"Citadel Press, Kensington Publishing Corp; Citadel Press",2024,"New York, NY",eBook;Book,"Book::Central: 303.484 D965 2024 - On Shelf,Book::Belle Cooledge: 303.484 D965 2024 - On Shelf,Book::Franklin: 303.484 D965 2024 - On Shelf"
https://catalog.saclibrary.org/GroupedWork/282fc34b-c154-9f98-eb48-d7d53162a8d8-eng,"The scandal of the century: and other writings","García Márquez, Gabriel, 1927-2014",9780525656425,,"Alfred A. Knopf",2019,"New York",Book,"Book::Carmichael: 864.64 M357 2019 - On Shelf,Book::Central: 864.64 M357 2019 - On Shelf,Book::McKinley: 864.64 M357 2019 - On Shelf"
https://catalog.saclibrary.org/GroupedWork/d27e96cc-9eaf-1a52-15c1-b986cd297cb9-eng,"The killer and Frank Lloyd Wright: the true story of mass murder in paradise","Sherman, Casey, 1969-",9781464241895,,"Sourcebooks; Books on Tape",2026,"Naperville, IL",eAudiobook;Book;eBook,"Book::Central New Books - 4th Floor: 720.92 W949zs 2026 - In Processing,Book::Central New Books - 4th Floor: ON ORDER - On Order,Book::Sacramento Public Library: 720.92 W949zs 2026 - In Processing"
https://catalog.saclibrary.org/GroupedWork/76dfc1e9-93ad-01c5-7913-5ba7a8e3d813-eng,"Pizza before we die: an eyewitness account in Gaza","Kanafani, Hassan",9781834050324,,"Arsenal Pulp Press",2026,"Vancouver, British Columbia",Book,"Book::Central New Books - 4th Floor: 956.9405 K161 2026 - Checked Out,Book::Belle Cooledge: 956.9405 K161 2026 - On Shelf,Book::Franklin: 956.9405 K161 2026 - On Shelf"
https://catalog.saclibrary.org/GroupedWork/783af3e5-83fd-0f44-05c6-e053dd2f7de5-eng,"Ten prayers that changed the world: extraordinary stories of faith that shaped the course of history","Isbouts, Jean-Pierre",9781426216442,,"National Geographic; Disney Book Group; National Geographic Digital; Blackstone Publishing",2016,"Washington, D.C",eBook;Book;eAudiobook,"Book::Central: 242.8 I76 2016 - On Shelf,Book::Sylvan Oaks: 242.8 I76 2016 - On Shelf"
https://catalog.saclibrary.org/GroupedWork/61268b6a-1d3b-8a9e-0bed-19deb926bd79-eng,"Hallyuwood =: Hallyuudŭ : the ultimate guide to Korean cinema","Meiresonne, Bastian",9780762489015,,"Black Dog & Leventhal Publishers",2025,"New York",Book,"Book::Central: 791.4309 M514 2025 - On Shelf,Book::Colonial Heights: 791.4309 M514 2025 - On Shelf,Book::Fair Oaks: 791.4309 M514 2025 - Checked Out"
https://catalog.saclibrary.org/GroupedWork/94869b6e-2570-32c1-88e1-6129943f4eb7-eng,"Defying Hitler: the Germans who resisted Nazi rule","Thomas, Gordon, 1933-2017",9780451489043,,"Books on Tape; Caliber",2019,"New York",eAudiobook;Book,"Book::Central: 943.086 T456 2019 - On Shelf,Book::Rancho Cordova: 943.086 T456 2019 - On Shelf,Book::Southgate: 943.086 T456 2019 - On Shelf"
https://catalog.saclibrary.org/GroupedWork/006126bd-770f-3ca7-397d-439398779155-eng,"First they killed my father: a daughter of Cambodia remembers","Ung, Loung",9781417732227,,"Tantor Media, Inc.; HarperCollins; Harper Perennial; Tantor Media, Inc; HarperCollinsPublishers","2000 - 2011","New York",eAudiobook;Book;eBook,
https://catalog.saclibrary.org/GroupedWork/6a2cff9f-9613-489f-2941-80fedca77aa1-eng,"Time of the magicians: Wittgenstein, Benjamin, Cassirer, Heidegger, and the decade that reinvented philosophy","Eilenberger, Wolfram, 1972-",9780525559665,,"Penguin Press",2020,"New York",Book,"Book::Central: 193 E349 2020 - On Shelf,Book::Rancho Cordova: 193 E349 2020 - On Shelf,Book::Southgate: 193 E349 2020 - Checked Out"
https://catalog.saclibrary.org/GroupedWork/7b0ca96b-fa4b-a7cb-a34d-07f8913192c1-eng,"Nero: matricide, music, and murder in imperial Rome","Everitt, Anthony",9780593133200,,"Random House",2022,"New York",Book,"Book::Central: 937.07 N449ze 2022 - On Shelf,Book::McKinley: 937.07 N449ze 2022 - On Shelf,Book::Valley Hi-North Laguna: 937.07 N449ze 2022 - On Shelf"
https://catalog.saclibrary.org/GroupedWork/061724d7-3ebd-93f8-6fb7-33c5e0932e4d-eng,"Trailed: one woman's quest to solve the Shenandoah murders","Miles, Kathryn, 1974-",9781616209094,,"Algonquin Books of Chapel Hill; Hachette Audio; Little, Brown and Company",2022,"Chapel Hill, North Carolina",eAudiobook;eBook;Book,"Book::Central: 364.1523 M643 2022 - On Shelf,Book::McKinley: 364.1523 M643 2022 - On Shelf,Book::North Natomas: 364.1523 M643 2022 - On Shelf"
https://catalog.saclibrary.org/GroupedWork/df32d38b-7a38-cdc7-4f8d-af63b3ba5838-eng,"""They can live in the desert but nowhere else"": a history of the Armenian genocide","Suny, Ronald Grigor",9780691175966,,"Princeton University Press",2015,"Princeton, New Jersey",eBook;Book,"Book::Central: 956.62 S958t 2015 - On Shelf"
https://catalog.saclibrary.org/GroupedWork/f569d5ee-28cb-8a2f-9491-a11883144e03-eng,"Code name: Lise: the true story of the woman who became WWII's most highly decorated spy","Loftis, Larry",9781501198656,,"Simon & Schuster Audio; Gallery Books",2019,"New York",eAudiobook;Book;eBook,"Book::Central: 940.548641 L829 2019 - Checked Out,Book::Elk Grove: 940.548641 L829 2019 - Checked Out,Book::North Natomas: 940.548641 L829 2019 - On Shelf"
https://catalog.saclibrary.org/GroupedWork/154c2106-a30e-c98e-ca04-d51782aaa09e-eng,"Panic in level 4: cannibals, killer viruses, and other journeys to the edge of science","Preston, Richard, 1954-",9781400064908,,"Random House; Books on Tape",2008,"New York; Westminster, Md","eAudiobook;Audiobook - CD;Book","Book::Fair Oaks: 616.024 P939 2008 - On Shelf,Book::Woodland Public Library: 616.024 Pre 2008 - On Shelf"
https://catalog.saclibrary.org/GroupedWork/1a03c634-7c1d-40b8-a094-f369731d328e-eng,"My battle against Hitler: faith, truth, and defiance in the shadow of the Third Reich","Von Hildebrand, Dietrich, 1889-1977",9780385347518,,Image,2014,"New York",Book,"Book::Central: 193 V946 2014 - On Shelf"
https://catalog.saclibrary.org/GroupedWork/f4007bcd-5613-847a-e0f8-fa5586c34c08-eng,"False premise, false promise: the disastrous reality of medicare for all","Pipes, Sally, 1945-",9781641770729,,"Encounter Books",2020,"New York, New York",Book,
https://catalog.saclibrary.org/GroupedWork/11af1ccd-5a76-c5bf-ffbb-f298ea1bc119-eng,"The Eastern Front: a history of the Great War, 1914-1918","Lloyd, Nick",9781324092711,,"Highbridge Company; W.W. Norton & Company",2024,"New York, NY",Book;eAudiobook,"Book::Carmichael: 940.4147 L793 2024 - On Shelf,Book::Central: 940.4147 L793 2024 - On Shelf,Book::Pocket-Greenhaven: 940.4147 L793 2024 - On Shelf"
https://catalog.saclibrary.org/GroupedWork/b8f7d4e4-e3f3-77c0-7008-9ef995bccc9f-eng,Plunge,"Hill, Joe",9781779506887,,"DC Comics",2020,"Burbank, CA","Graphic Novel/Manga;eComic","Graphic Novel/Manga::Carmichael: GRAPHIC NOVEL Hill, J. - On Shelf,Graphic Novel/Manga::Central: GRAPHIC NOVEL Hill, J. - On Shelf,Graphic Novel/Manga::Orangevale: GRAPHIC NOVEL Hill, J. - On Shelf"
https://catalog.saclibrary.org/GroupedWork/e7f16ff3-e278-519a-ce1f-14d04300ddd2-eng,"Blight: fungi and the coming pandemic","Monosson, Emily",9781324007012,,"Tantor Media, Inc.; W. W. Norton & Company; Tantor Media, Inc; W.W. Norton & Company",2023,"New York, NY",eAudiobook;Book;eBook,"Book::Central: 616.969 M751 2023 - On Shelf,Book::Belle Cooledge: 616.969 M751 2023 - On Shelf,Book::Pocket-Greenhaven: 616.969 M751 2023 - On Shelf"
https://catalog.saclibrary.org/GroupedWork/02dfb4e3-6d61-62d7-7f1b-326259c716d3-eng,"Fortune and glory: Volume 1","Bendis, Brian Michael",9781506730134,,"Dark Horse Books; Dark Horse Comics, LLC.",2023,Milwaukie,"Graphic Novel/Manga;eComic","Graphic Novel/Manga::Central: GRAPHIC 741.56973 B458 2023 v.1 - On Shelf,Graphic Novel/Manga::North Sacramento-Hagginwood: GRAPHIC 741.56973 B458 2023 v.1 - On Shelf,Graphic Novel/Manga::Orangevale: GRAPHIC 741.56973 B458 2023 v.1 - On Shelf"
https://catalog.saclibrary.org/GroupedWork/1f6e2a21-7209-b93a-4e40-05aa0f593722-eng,"Missoula: rape and the justice system in a college town","Krakauer, Jon",9780385538732,,"Knopf Doubleday Publishing Group; Randm House Audio; Books on Tape; Doubleday",2015,"New York","eAudiobook;Audiobook - CD;eBook;Book","Book::Carmichael: 364.1532 K893 2015 - On Shelf,Book::Central: 364.1532 K893 2015 - On Shelf,Book::Belle Cooledge: 364.1532 K893 2015 - On Shelf"
https://catalog.saclibrary.org/GroupedWork/8d9f36bf-ffca-a895-532d-8bb77550fd49-eng,"Whatever it took: an American paratrooper's extraordinary memoir of escape, survival, and heroism in the last days of World War II","Langrehr, Henry",9780063027428,,"HarperCollins; William Morrow, an imprint of HarperCollinsPublishers",2020,"New York, NY",eAudiobook;Book;eBook,"Book::Central: 940.53185 L285 2020 - On Shelf,Book::Valley Hi-North Laguna: 940.53185 L285 2020 - On Shelf,Book::Maxwell Branch Library Adult Collection: 940.53185 L - On Shelf"
https://catalog.saclibrary.org/GroupedWork/43a2cd14-e2b5-cd04-0c47-4e6c4ae6a86c-eng,"Waiting to be arrested at night: a Uyghur poet's memoir of China's genocide","Izgil, Tahir Hamut, 1969-",9780593491799,,"Penguin Press",2023,"New York",Book,"Book::Central: 323.151 I98 2023 - On Shelf,Book::Courtland: 323.151 I98 2023 - On Shelf,Book::Galt: 323.151 I98 2023 - On Shelf"
https://catalog.saclibrary.org/GroupedWork/606cfc36-db45-b818-7ed6-ffa6262cbd8f-eng,"The unofficial guide to Disneyland 2025","Kubersky, Seth",9781628091557,,"Unofficial Guides; he Unofficial Guides, an imprint of AdventureKeen",2024,"Birmingham, AL",eBook;Book,"Book::Central: 791.068 D612zk 2025 - On Shelf,Book::Belle Cooledge: 791.068 D612zk 2025 - Checked Out,Book::Franklin: 791.068 D612zk 2025 - On Shelf"
https://catalog.saclibrary.org/GroupedWork/6b2f6abc-57f2-43e2-d1f7-bef6560fc9eb-eng,"Black Saturday: an unfiltered account of the October 7th attack on Israel and the War in Gaza","Yingst, Trey",9780063420052,,"Fox News Books; HarperCollins",2024,"New York, NY",eAudiobook;eBook;Book,"Book::Carmichael: 956.94055 Y519 2024 - On Shelf,Book::Central: 956.94055 Y519 2024 - On Shelf,Book::McKinley: 956.94055 Y519 2024 - On Shelf"
https://catalog.saclibrary.org/GroupedWork/b4a55fc2-1886-98b5-8718-2a295d6fb891-eng,"Tales from the yawning portal",,9780786966097,,"Wizards of the Coast LLC",2017,"Renton, WA, USA",Book,
https://catalog.saclibrary.org/GroupedWork/e1092574-b32d-8948-cf4a-1b80d8af72d9-eng,"The iliad",Homer,9780451474346,,"Rare Treasure Editions; Signet Classics; Sterling Pub Co Inc; W. W. Norton & Company; Penguin; Lerner Publishing Group; Red and Black; Ecco; Naxos AudioBooks Ltd; Duke Classics; Penguin Books; CSS Books; Franklin Library; Harvard University Press; Viking; Parmenides Audio; W.W. Norton and Company; Farrar, Straus and Giroux; Naxos Audiobooks; Penguin Publishing Group; Free Press","1979 - 2025","New York; Las Vegas, NV; St. Petersburg, Fla; Franklin Center, Pa; New York, N.Y; London; Franklin, TN; New York, New York; Cambridge, Mass; Newbury, Berkshire, UK","Audiobook - CD;Online Content;eBook;eAudiobook;Book","Book::Central Kids Place - Lower Level: ON ORDER - On Order,Book::Sacramento Public Library: ON ORDER - On Order,Book::Carmichael: 883.01 H766zw 2023 - Checked Out"
https://catalog.saclibrary.org/GroupedWork/bd68f228-6bd6-5d52-fffb-c1a118af7a61-eng,"Notes from cyberground: Trumpland and my old Soviet feeling","Iossel, Mikhail",9780999541609,,"New Europe Books",2018,"Williamstown, Massachusetts",eBook;Book,"Book::Central: 817 I64 2018 - On Shelf"
https://catalog.saclibrary.org/GroupedWork/8b3030a5-0061-d39d-cabd-9e09d027c581-eng,"Dutch: a memoir of Ronald Reagan","Morris, Edmund",9780375756450,,"Random House; Random House Publishing Group","1999 - 2011","New York",eBook;Book,"Book::Central: BIOGRAPHY Reagan, R. 1999 - On Shelf,Book::Sacramento Room: 973.927 R287zm2 1999 CAL - Library Use Only,Book::Folsom Reading Room: BIOGRAPHY Reagan, R. 1999 - On Shelf"
https://catalog.saclibrary.org/GroupedWork/463a768e-d8c1-c4d9-8612-b9be6e46bb80-eng,"Kill or cure: an illustrated history of medicine","Parker, Steve, 1952-",9781465408426,,"DK Publishing",2013,"New York, New York",Book,"Book::Central: 610.9 P243 2013 - In Transit,Book::North Natomas: 610.9 P243 2013 - On Shelf"
https://catalog.saclibrary.org/GroupedWork/0bf5d78c-ac88-6df9-97d3-3f723f48a426-eng,"She kills: the murderous socialite, the cross-dressing bank robber, and other true crime tales","Hollandsworth, Skip",9780063068599,,"HarperCollins; Harper",2025,"New York, NY",eAudiobook;Book;eBook,"Book::Central: 364.1523 H737 2025 - On Shelf,Book::Colonial Heights: 364.1523 H737 2025 - Checked Out,Book::Franklin: 364.1523 H737 2025 - Checked Out"
https://catalog.saclibrary.org/GroupedWork/f028c09e-6c59-b6db-76db-0c2fc312aa5d-eng,"The third pole: mystery, obsession, and death on Mount Everest","Synnott, Mark",9781524745578,,"Dutton; Books on Tape; Penguin Publishing Group",2021,"New York",eAudiobook;Book;eBook,"Book::Arcade: 796.522092 S993 2021 - On Shelf,Book::Carmichael: 796.522092 S993 2021 - On Shelf,Book::Central: 796.522092 S993 2021 - On Shelf"
https://catalog.saclibrary.org/GroupedWork/c715890c-bc92-5a3a-d4e5-392e1b64d3ce-eng,"Reaganland: America's right turn, 1976-1980","Perlstein, Rick, 1969-",9781476793054,,"Simon & Schuster",2020,"New York",eBook;Book,"Book::Carmichael: 973.927 P451 2020 - On Shelf,Book::Central: 973.927 P451 2020 - On Shelf,Book::Elk Grove: 973.927 P451 2020 - On Shelf"
https://catalog.saclibrary.org/GroupedWork/3453aafe-ce68-1376-d5f2-90caf4483e42-eng,"The boy who followed his father into Auschwitz: a true story retold for young readers","Dronfield, Jeremy",9780063236172,,"Quill Tree Books; HarperCollins",2023,"New York, NY",eAudiobook;eBook;Book,"Book::Carmichael Children's Area: CHILDREN 940.5318 K646zd 2023 - On Shelf,Book::Central Kids Place - Lower Level: CHILDREN 940.5318 K646zd 2023 - On Shelf,Book::Belle Cooledge Children's Area: CHILDREN 940.5318 K646zd 2023 - In Transit"
https://catalog.saclibrary.org/GroupedWork/f61173b6-f4da-b3b6-982c-9433f3423030-eng,"The end: the defiance and destruction of Hitler's Germany, 1944-1945","Kershaw, Ian",9781594203145,,"Ascent Audio; Penguin Publishing Group; Penguin Press",2011,"New York",eBook;Book;eAudiobook,"Book::Franklin: 940.5343 K41 2011 - On Shelf,Book::Woodland Public Library: 940.5343 Ker 2011 - On Shelf"
https://catalog.saclibrary.org/GroupedWork/99cfbcaa-c0de-85c4-7f3a-eec874050068-eng,"Ten days in a mad-house","Bly, Nellie, 1864-1922",9781463695392,,"s.n; Mint Editions; Tantor Media, Inc; Dreamscape Media; Global Publishers; Open Road Media","2011 - 2023","Holland, Ohio; [S.l","eAudiobook;Audiobook - CD;eBook;Book","Book::Fair Oaks: 362.21 B661 2011 - Checked Out"
https://catalog.saclibrary.org/GroupedWork/ce4e24f3-13e7-61fe-83e7-fbebfe6a76dd-eng,"When Heaven and Earth Changed Places: A Vietnamese Woman's Journey from War to Peace","Hayslip, Le Ly",9780525431848,,"Knopf Doubleday Publishing Group; Anchor Books, a division of Random House LLC; Plume","1990 - 2017","New York",eBook;Book,"Book::Central: 959.70438 H425 2017 - On Shelf,Book::Rancho Cordova: 959.70438 H425 2017 - On Shelf,Book::Valley Hi-North Laguna: 959.70438 H425 2017 - On Shelf"
https://catalog.saclibrary.org/GroupedWork/55dfdd45-b964-683c-0f89-15f683889ec1-eng,"God's shadow: Sultan Selim, his Ottoman empire, and the making of the modern world","Mikhail, Alan, 1979-",9781631492396,,"Highbridge Company; Liveright; Liveright Publishing Corporation, a division of W.W. Norton & Company",2020,"New York",eBook;Book;eAudiobook,"Book::Arcade: 956.015 S465zm 2020 - On Shelf,Book::Central: 956.015 S465zm 2020 - On Shelf,Book::Galt: 956.015 S465zm 2020 - On Shelf"
https://catalog.saclibrary.org/GroupedWork/52a1313d-eccc-3c73-7c6e-08f87b352cff-eng,"Hiroshima: the last witnesses","Sheftall, M. G. (Mordecai G.)",9780593472255,,"Dutton; Books on Tape; Penguin Publishing Group",2024,"New York",eAudiobook;Book;eBook,"Book::Central: 940.54252 S542 2024 - On Shelf,Book::Colonial Heights: 940.54252 S542 2024 - On Shelf,Book::Fair Oaks: 940.54252 S542 2024 - On Shelf"
https://catalog.saclibrary.org/GroupedWork/c7ac991d-aa4d-e1f3-822d-322f435cc5e6-eng,"A land as God made it: Jamestown and the birth of America","Horn, James, 1953-",9780465030941,,"Basic Books","2005 - 2008","New York",eBook;Book,"Book::Central: 975.5425 H813 2005 - On Shelf,Book::North Natomas: 975.5425 H813 2005 - On Shelf"
https://catalog.saclibrary.org/GroupedWork/c3d2b1cb-839f-ae53-e292-d3b480fbc8d6-eng,"Rock on film: the movies that rocked the Big Screen","Goodman, Fred",9780762478439,,"Running Press",2022,"Philadelphia, PA",Book,"Book::Central: 791.436578 G653 2022 - On Shelf"
https://catalog.saclibrary.org/GroupedWork/9326a142-6b90-6140-5121-9af172cc6f51-eng,"Last stop Auschwitz: my story of survival from within the camp","De Wind, Eddy",9781538701430,,"Grand Central Publishing",2020,"New York",eBook;Book,"Book::Carmichael: 940.5318 D521 2020 - On Shelf,Book::Central: 940.5318 D521 2020 - On Shelf,Book::North Natomas: 940.5318 D521 2020 - On Shelf"
https://catalog.saclibrary.org/GroupedWork/01a75653-7d56-edb0-e17d-684950ff6cf8-eng,"And the show went on: cultural life in Nazi-occupied Paris","Riding, Alan",9780307268976,,"Tantor Media, Inc.; Alfred A. Knopf; Knopf Doubleday Publishing Group; Tantor Media, Inc",2010,"New York",eAudiobook;Book;eBook,"Book::Rio Linda: 944.361 R544 2010 - On Shelf"
https://catalog.saclibrary.org/GroupedWork/e789dbcb-6ee9-4271-44fa-e3b5f7938cba-eng,"The boy who was raised as a dog: and other stories from a child psychiatrist's notebook : what traumatized children can teach us about loss, love, and healing","Perry, Bruce D. (Bruce Duncan), 1955-",9780465094455,,"Basic Books; Hachette Audio","2017 - 2018","New York",eAudiobook;Book;eBook,"Book::South Natomas: 618.9289 P462 2017 - Checked Out,Book::Rio Linda: 618.9289 P462 2017 - Checked Out"
https://catalog.saclibrary.org/GroupedWork/74b8995a-6b14-4d06-bcdc-9be5a770d139-eng,"The Lumumba plot: the secret history of the CIA and a Cold War assassination","Reid, Stuart A",9781524748814,,"Alfred A. Knopf; Knopf Doubleday Publishing Group; Books on Tape",2023,"New York",eAudiobook;Book;eBook,"Book::Carmichael: 967.51031 R358 2023 - On Shelf,Book::Fair Oaks: 967.51031 R358 2023 - On Hold Shelf,Book::McKinley: 967.51031 R358 2023 - On Shelf"
https://catalog.saclibrary.org/GroupedWork/373541b1-3d06-430a-a731-e4552ae5d07d-eng,"Unreliable narrator: me, myself, and impostor syndrome","Nancherla, Aparna",9781984879806,,"Viking; Books on Tape; Penguin Publishing Group",2023,"[New York]",eAudiobook;Book;eBook,"Book::Arcade: 792.7028 N176 2023 - On Shelf,Book::Central: 792.7028 N176 2023 - On Shelf,Book::McClatchy: 792.7028 N176 2023 - On Shelf"
https://catalog.saclibrary.org/GroupedWork/4217e64a-5805-a8a6-d434-97b8f7284e65-eng,"When we sold God's eye: diamonds, murder, and a clash of worlds in the Amazon","Cuadros, Alex",9781538701508,,"GCP; Grand Central Publishing",2024,"New York",eBook;Book,"Book::Central: 305.8983 C961 2024 - On Shelf,Book::Colonial Heights: 305.8983 C961 2024 - On Shelf,Book::Galt: 305.8983 C961 2024 - On Shelf"
https://catalog.saclibrary.org/GroupedWork/d2797e58-c092-54fb-dd37-06dbc3028773-eng,"The man from the train: the solving of a century-old serial killer mystery","James, Bill, 1949-",9781476796260,,"Simon & Schuster Audio; Scribner",2017,"New York",eAudiobook;Book;eBook,"Book::Carmichael: 364.15232 J27 2017 - On Shelf,Book::Franklin: 364.15232 J27 2017 - On Shelf,Book::North Natomas: 364.15232 J27 2017 - On Shelf"
https://catalog.saclibrary.org/GroupedWork/a117f6d2-a266-2c66-44b8-ef2ee32bef45-eng,"Here we are now: the lasting impact of Kurt Cobain","Cross, Charles R",9780062308221,,"HarperCollins; It! Books, an imprint of HarperCollinsPublishers; HarperAudio",2014,"New York, NY",eBook;Book;eAudiobook,"Book::Central: 782.42166 C951 2014 - On Shelf,Book::Southgate: 782.42166 C951 2014 - On Shelf"
https://catalog.saclibrary.org/GroupedWork/b11071db-992d-2c49-83d0-e1da1167c5a0-eng,"Hitler's monsters: a supernatural history of the Third Reich","Kurlander, Eric, 1973-",9780300189452,,"Blackstone Publishing; Yale University Press","2017 - 2018","New Haven",eBook;Book;eAudiobook,"Book::Elk Grove: 943.086 K968 2017 - OFF CAMPUS"
https://catalog.saclibrary.org/GroupedWork/74b44b53-2727-a155-a1f7-f3a9c590dbbd-eng,"Dracula's daughters: the female vampire on film",,9780810892958,,"The Scarecrow Press, Inc",2014,Lanham,Book,"Book::Central: 791.43675 D757 2014 - On Shelf"
https://catalog.saclibrary.org/GroupedWork/8604365d-1423-fec0-a92a-1b87854e2720-eng,"Black noon: the year they stopped the Indy 500","Garner, Art",9781250017772,,"Thomas Dunne Books, St. Martin's Press; St. Martin's Publishing Group",2014,"New York",eBook;Book,"Book::Central: 796.72097 G234 2014 - Checked Out,Book::North Natomas: 796.72097 G234 2014 - On Shelf"
https://catalog.saclibrary.org/GroupedWork/ac9d112d-616e-7105-7a27-a2da6e3f3d54-eng,"Skyjack: the hunt for D.B. Cooper","Gray, Geoffrey",9780307451293,,"Books on Tape; Crown",2011,"New York",eAudiobook;Book;eBook,"Book::Carmichael: 364.1552 C777zg2 2011 - On Shelf,Book::Colonial Heights: 364.1552 C777zg2 2011 - On Shelf"
https://catalog.saclibrary.org/GroupedWork/e5ec583e-8577-96a1-4f59-d8521c10ede8-eng,"You will not have my hate","Leiris, Antoine",9780735222113,,"Penguin Publishing Group; Books on Tape; Penguin Press",2016,"New York",eAudiobook;Book;eBook,"Book::Central: 364.152092 L531 2016 - On Shelf,Book::Belle Cooledge: 364.152092 L531 2016 - On Shelf,Book::Fair Oaks: 364.152092 L531 2016 - On Shelf"
https://catalog.saclibrary.org/GroupedWork/f7ef9ed2-0889-bd9e-81e1-11db1a66d3d6-eng,"The ugly cry: a memoir","Henderson, Danielle",9780525559351,,"Viking; Books on Tape",2021,"[New York, New York]",eAudiobook;Book,"Book::Carmichael: 306.8745 H496 2021 - On Shelf,Book::Fair Oaks: 306.8745 H496 2021 - On Shelf,Book::South Natomas: 306.8745 H496 2021 - On Shelf"
https://catalog.saclibrary.org/GroupedWork/18ce01a2-ca33-b77d-5d10-d4e3a88f5c84-eng,"Courage under fire: under siege and outnumbered 58 to 1 on January 6","Sund, Steven A",9798200983636,,"Blackstone Publishing",2023,"Ashland, OR",eBook;Book;eAudiobook,"Book::Arcade: 363.20973 S957 2023 - On Shelf,Book::Central: 363.20973 S957 2023 - On Shelf,Book::Elk Grove: 363.20973 S957 2023 - On Shelf"
https://catalog.saclibrary.org/GroupedWork/a1ad517d-3cd6-eb52-c7c3-7af27f387031-eng,"Good-bye to all that: an autobiography","Graves, Robert, 1895-1985",9780385093309,,"Rare Treasure Editions; Independently Published; Andrii Ponomarenko; Anchor Books, Doubleday; Berghahn Books","1995 - 2025","New York; Providence, R.I",eBook;Book;eAudiobook,"Book::Central: 940.481 G776 1998 - Checked Out,Book::Central: BIOGRAPHY Graves, R. 1995 - On Shelf"
https://catalog.saclibrary.org/GroupedWork/9f4259ca-ae2a-38ac-faa9-cfdd5a38e32a-eng,"Indianapolis: the true story of the worst sea disaster in U.S. naval history and the fifty-year fight to exonerate an innocent man","Vincent, Lynn",9781501135941,,"Simon & Schuster Audio; Simon & Schuster",2018,"New York",eAudiobook;Book;eBook,"Book::Arden-Dimick: 940.5426 I398zv 2018 - Checked Out,Book::Carmichael: 940.5426 I398zv 2018 - On Shelf,Book::Central: 940.5426 I398zv 2018 - On Shelf"
https://catalog.saclibrary.org/GroupedWork/b59fd41c-03f2-ae5e-8293-bdd3b34d9bd6-eng,"Ship of fools: how a selfish ruling class is bringing America to the brink of revolution","Carlson, Tucker",9781501183669,,"Simon & Schuster Audio; Free Press",2018,"New York",eAudiobook;Book;eBook,"Book::Carmichael: 320.513097 C284 2018 - On Shelf,Book::Central: 320.513097 C284 2018 - On Shelf,Book::McKinley: 320.513097 C284 2018 - On Shelf"
https://catalog.saclibrary.org/GroupedWork/443b5af9-3d68-52c3-6331-245356d722b8-eng,"The escape artist: the man who broke out of Auschwitz to warn the world","Freedland, Jonathan, 1967-",9780063112339,,"Harper Collins Publishers; HarperCollins; HarperAudio; Harper, an imprint of HarperCollinsPublishers","2022 - 2024","[United States]; New York, NY","eAudiobook;Audiobook - CD;eBook;Book","Book::Carmichael: 909.04924 V978zf 2022 - On Shelf,Book::Central: 909.04924 V978zf 2022 - On Shelf,Book::Valley Hi-North Laguna: 909.04924 V978zf 2022 - On Shelf"
https://catalog.saclibrary.org/GroupedWork/d470d398-b331-8851-bc2d-7e183ada11a6-eng,"Waking the witch: reflections on women, magic, and power","Grossman, Pam",9781982100704,,"Simon & Schuster Audio; Gallery Books",2019,"New York",eAudiobook;Book;eBook,"Book::Sacramento Public Library: ON ORDER - On Order,Book::Sylvan Oaks: 133.43 G878 2019 - Checked Out"
https://catalog.saclibrary.org/GroupedWork/13515278-7ef2-d743-460d-ab351df8fc72-eng,"Grieving: dispatches from a wounded country","Rivera Garza, Cristina, 1964-",9781936932931,,"Feminist Press",2020,"New York, NY",Book,
https://catalog.saclibrary.org/GroupedWork/3f34b699-78ed-afa3-ab76-e856a2e79a3f-eng,"Keepers: the greatest films-and personal favorites-of a moviegoing lifetime","Schickel, Richard",9780375424595,,"Alfred A. Knopf; Knopf Doubleday Publishing Group",2015,"New York",eBook;Book,"Book::Central: 791.43 S331k 2015 - On Shelf"
https://catalog.saclibrary.org/GroupedWork/c555f65c-197c-2703-8bba-58fbda048ac7-eng,"Napoleon: the decline and fall of an empire : 1811-1821","Broers, Michael",9781639361779,,"Pegasus Books",2022,"New York",eBook;Book,"Book::Arden-Dimick: 944.05 N216zb3 2022 - Checked Out,Book::Central: 944.05 N216zb3 2022 - On Shelf,Book::Orangevale: 944.05 N216zb3 2022 - Checked Out"
https://catalog.saclibrary.org/GroupedWork/a903d705-2e44-4ec2-f0ab-63381033010a-eng,Columbine,"Cullen, Dave, 1961-",9780446546935,,"Blackstone Audio; Twelve; Grand Central Publishing",2009,"New York",eAudiobook;eBook;Book,
https://catalog.saclibrary.org/GroupedWork/e5e55b0a-84e5-5f44-96df-9d8a4d566e16-eng,"Who stole my pension?: how you can stop the looting","Kiyosaki, Robert T., 1947-",9781612681030,,"Plata Publishing; Plata Publishing, LLC.",2020,"Scottsdale, AZ",eBook;Book,"Book::Carmichael: 332.024014 K628 2020 - On Shelf,Book::Central: 332.024014 K628 2020 - On Shelf"
https://catalog.saclibrary.org/GroupedWork/d2528f58-7b09-718e-72ba-846dc4e5cc04-eng,"A time to betray: the astonishing double life of a CIA agent inside the Revolutionary Guards of Iran","Kahlili, Reza",9781439189030,,"Tantor Media, Inc.; Threshold Editions",2010,"New York",Book;eAudiobook,"Book::Carmichael: 356.1609 K12 2010 - On Shelf,Book::Central: 356.1609 K12 2010 - On Shelf,Book::Sutter County Main Branch: 356.1609 KAH - On Shelf"
https://catalog.saclibrary.org/GroupedWork/2759eaa3-2c53-9281-f21d-9dc032994368-eng,"Auschwitz: a new history","Rees, Laurence, 1957-",9781586483579,,"Public Affairs; PublicAffairs",2005,"New York",eBook;Book,"Book::Central: 940.5318 A932zr 2005 - OFF CAMPUS"
https://catalog.saclibrary.org/GroupedWork/c985056a-e945-2db1-d340-e7d634297ce2-eng,"The new rules of war: victory in the age of durable disorder","McFate, Sean",9780062843586,,"HarperCollins; HarperAudio; William Morrow, an imprint of HarperCollins Publishers",2019,"New York, NY",eAudiobook;eBook;Book,"Book::Central: 355.02 M143 2019 - On Shelf,Book::Franklin: 355.02 M143 2019 - On Shelf,Book::South Natomas: 355.02 M143 2019 - On Shelf"
https://catalog.saclibrary.org/GroupedWork/8253851b-db74-346b-84ea-51cc6dd100c0-eng,"Go see the principal: true tales from the school trenches","Brooks, Gerry (School principal)",9780738285061,,"Da Capo; Hachette Audio; Grand Central Publishing",2019,"New York, NY",eBook;Book;eAudiobook,
https://catalog.saclibrary.org/GroupedWork/c897ab99-b0ab-6234-5b52-8938eaef9935-eng,"The only plane in the sky: an oral history of 9/11","Graff, Garrett M., 1981-",9781501182204,,"Simon & Schuster Audio; Avid Reader Press/Simon & Schuster; Avid Reader Press / Simon & Schuster",2019,"New York; [New York]","Audiobook - CD;Book;eBook","Book::Arcade: 973.931 G736 2019 - On Shelf,Book::Carmichael: 973.931 G736 2019 - In Transit,Book::Central: 973.931 G736 2019 - On Shelf"
https://catalog.saclibrary.org/GroupedWork/ab53752c-c76f-b7f2-12af-6691b8a2e5f2-eng,"Stuck: why we can't (or won't) move on","Rufus, Anneli S",9781585426676,,"Jeremy P. Tarcher/Penguin",2008,"New York",Book,
https://catalog.saclibrary.org/GroupedWork/4347d695-14c5-ce0a-9a79-77509bbb662a-eng,"The way of the gun: a bloody journey into the world of firearms","Overton, Iain",9780062346063,,"Tantor Media, Inc.; HarperCollins; Harper","2016 - 2020","New York, NY",eBook;Book;eAudiobook,"Book::Central: 363.33 O967 2016 - On Shelf,Book::Southgate: 363.33 O967 2016 - On Shelf"
https://catalog.saclibrary.org/GroupedWork/017e93b5-adab-c4f7-9dd0-094204d0da65-eng,"Manson in his own words","Manson, Charles, 1934-",9780394555584,,"Grove Press; Grove Atlantic","1986 - 2007","New York",eBook;Book,
https://catalog.saclibrary.org/GroupedWork/dcc19993-1c89-8dfd-56b5-fd201acff055-eng,"#DoNotDisturb: how I ghosted my cell phone to take back my life","Bila, Jedediah",9780062797063,,"Broadside Books; HarperCollins",2018,"New York, NY",eAudiobook;Book;eBook,"Book::Central: 616.8584 B595 2018 - On Shelf,Book::North Natomas: 616.8584 B595 2018 - On Shelf,Book::Rancho Cordova: 616.8584 B595 2018 - On Shelf"
https://catalog.saclibrary.org/GroupedWork/b3d15d17-c902-e74a-0301-4260237ef945-eng,"A stranger in your own city: travels in the Middle East's long war","Abdul-Ahad, Ghaith",9780593536889,,"Books on Tape; Alfred A. Knopf",2023,"New York",eAudiobook;Book,"Book::Carmichael: 956.70443 A136 2023 - On Shelf,Book::Central: 956.70443 A136 2023 - On Shelf,Book::North Natomas: 956.70443 A136 2023 - On Shelf"
https://catalog.saclibrary.org/GroupedWork/0c1cf33e-d50c-93b0-496e-c0b9ff15dd37-eng,"Places and names: on war, revolution, and returning","Ackerman, Elliot",9780525559962,,"Books on Tape; Penguin Press",2019,"New York",eAudiobook;Book,"Book::Central: 973 A182 2019 - On Shelf,Book::Franklin: 973 A182 2019 - On Shelf,Book::North Natomas: 973 A182 2019 - On Shelf"
https://catalog.saclibrary.org/GroupedWork/d137c069-adb9-2669-f298-aeaf3ad5cbda-eng,"My Lai: Vietnam, 1968, and the descent into darkness","Jones, Howard, 1940-",9780195393606,,"Tantor Media, Inc.; Tantor Media, Inc; Oxford University Press",2017,"New York, NY",eAudiobook;Book,"Book::Central: 959.7043 J77 2017 - On Shelf,Book::Pocket-Greenhaven: 959.7043 J77 2017 - On Shelf,Book::Valley Hi-North Laguna: 959.7043 J77 2017 - Checked Out"
https://catalog.saclibrary.org/GroupedWork/9ef2c38f-c2f7-cef2-61c6-2e6c21b15311-eng,"Three women","Taddeo, Lisa",9781451642292,,"Thorndike Press, a part of Gale, a Cengage Company; Simon & Schuster Audio; Avid Reader Press; Avid Reader Press / Simon & Schuster",2019,"New York; Farmington Hills, Michigan; [New York]","eAudiobook;Audiobook - CD;Large Print;Book;eBook","Book::Carmichael: 306.7082 T121 2019 - Checked Out,Book::Central: 306.7082 T121 2019 - On Shelf,Book::Belle Cooledge: 306.7082 T121 2019 - On Shelf"
https://catalog.saclibrary.org/GroupedWork/f73e23bc-c41d-2323-54ab-1ef9f5433a99-eng,"American prison: a reporter's undercover journey into the business of punishment","Bauer, Shane",9780735223585,,"Penguin Publishing Group; Books on Tape; Penguin Random House Audio; Penguin Press",2018,"New York; New York, NY","eAudiobook;Audiobook - CD;Book;eBook","Book::Arcade: 365.973 B344 2018 - Checked Out,Book::Carmichael: 365.973 B344 2018 - On Shelf,Book::Belle Cooledge: 365.973 B344 2018 - On Shelf"
https://catalog.saclibrary.org/GroupedWork/d51c6c2e-e592-5c89-6d12-fae894f7b25b-eng,"Ladyparts: a memoir","Copaken, Deborah",9781984855473,,"Random House; Random House Publishing Group; Books on Tape",2021,"New York",eAudiobook;Book;eBook,"Book::Carmichael: 818.5403 C781 2021 - On Shelf,Book::Central: 818.5403 C781 2021 - On Shelf,Book::McKinley: 818.5403 C781 2021 - On Shelf"
https://catalog.saclibrary.org/GroupedWork/36dbcdb8-1bc1-4eb5-e846-cdf57990a105-eng,"The time traveler's guide to medieval England: a handbook for visitors to the fourteenth century","Mortimer, Ian, 1967-",9781439112892,,"Touchstone; Simon & Schuster","2009 - 2010","New York",eBook;Book,
https://catalog.saclibrary.org/GroupedWork/e7e1b9b2-ab78-c4f4-04ca-707cc2a0bf38-eng,"Untied: a memoir of family, fame, and floundering","Baxter, Meredith, 1947-",9780307719300,,"Crown; Random House; Crown Archetype",2011,"New York; [New York]","Audiobook - CD;eBook;Book","Book::Carmichael: BIOGRAPHY Baxter, M. 2011 - On Shelf,Book::South Natomas: BIOGRAPHY Baxter, M. 2011 - On Shelf,Book::Pocket-Greenhaven: BIOGRAPHY Baxter, M. 2011 - On Shelf"
https://catalog.saclibrary.org/GroupedWork/4482b6b4-2396-6e3f-a63a-a3ea74e75e2f-eng,"The boy from block 66","Regev, Limor",9789655753011,,"eBookPro Publishing",2021,"[Place of publication not identified]",Book,"Book::Colonial Heights: BIOGRAPHY Kessler, M. 2021 - OFF CAMPUS,Book::Isleton: BIOGRAPHY Kessler, M. 2021 - OFF CAMPUS,Book::South Natomas: BIOGRAPHY Kessler, M. 2021 - OFF CAMPUS"
https://catalog.saclibrary.org/GroupedWork/91e24258-2d7b-5ca4-5f95-ba787d80cc93-eng,Cockroaches,"Mukasonga, Scholastique",9780914671534,,"Archipelago; Blackstone Publishing","2016 - 2022","Brooklyn, NY",Book;eAudiobook,"Book::Central: 967.561943 M953 2016 - Checked Out"
https://catalog.saclibrary.org/GroupedWork/8c7c7900-3a58-66c4-f215-ed238b1d4956-eng,"A house unlocked","Lively, Penelope, 1933-",9780802117120,,"Grove Press; Grove Atlantic","2002 - 2007","New York",eBook;Book,"Book::Central: 823.914 L784h 2002 - Checked Out"
https://catalog.saclibrary.org/GroupedWork/c5090e5c-d022-1b73-4900-9a5994eb1ac1-eng,"Helmet for my pillow: from Parris Island to the Pacific : a young man's stirring account of combat in World War II","Leckie, Robert, 1920-2001",9780553593310,,"Bantam Books Trade Paperbacks",2010,"New York",Book,"Book::Galt: 940.548173 L461 2010 - Checked Out,Book::North Natomas: 940.548173 L461 2010 - OFF CAMPUS"
https://catalog.saclibrary.org/GroupedWork/c2047fbc-9ea1-796d-baa1-c305492c5a16-eng,"Orwell's roses","Solnit, Rebecca",9780593083369,,"Viking; Books on Tape; Penguin Publishing Group",2021,"[New York]",eAudiobook;Book;eBook,"Book::Carmichael: 828.912 S688 2021 - On Shelf,Book::Central: 828.912 S688 2021 - On Shelf,Book::Fair Oaks: 828.912 S688 2021 - On Shelf"
https://catalog.saclibrary.org/GroupedWork/83347a8b-2951-7922-8950-48babd46eb51-eng,"Daily rituals: how artists work","Currey, Mason",9780307273604,,"Alfred A. Knopf; Knopf Doubleday Publishing Group",2013,"New York",eBook;Book,"Book::Sylvan Oaks: 700.922 C976 2013 - Checked Out"
https://catalog.saclibrary.org/GroupedWork/5a72c3cd-fb92-c18f-98f9-26bd0a4773f1-eng,"A child's garden of verses","Stevenson, Robert Louis, 1850-1894",9780399555374,,"Racehorse; Otter-Barry Books; Project Gutenberg; Mission Audio; Rand, McNally and Company; Scribner; T.B. Mosher; Twin Sisters Digital Media; Golden Press; Harper; Henry Z. Walck, Inc; Chronicle Books; Twin Sisters IP, LLC.; Delacorte Press; Neeland Media LLC","1902 - 2020","[S. l.]; San Francisco; New York; Portland, Me; Chicago; New York, NY; Herfordshire",eBook;Book;eAudiobook,"Book::Carmichael Children's Area: OVERSIZE CHILDREN 821.8 S848 2017 - On Shelf,Book::Belle Cooledge Children's Area: OVERSIZE CHILDREN 821.8 S848 2017 - On Shelf,Book::Courtland Children's Area: OVERSIZE CHILDREN 821.8 S848 2017 - On Shelf"
https://catalog.saclibrary.org/GroupedWork/539f1978-5c79-6458-4085-b35babff880d-eng,"My bondage and my freedom","Douglass, Frederick, 1818-1895",9780140439182,,"Interactive Media; Wilder Publications, Inc.; Project Gutenberg; Ascent Audio; Olahauski Books; Barnes & Noble Books; Duke Classics; Penguin Books; Open Road Media; Miller, Orton & Mulligan; Dover Publications; Mint Editions; Naxos Audiobooks; TP Publications; Dancing Unicorn Books; Penguin Publishing Group; Neeland Media LLC; G&D Media","1855 - 2023","New York",eAudiobook;eBook;Book,"Book::Central: 973.8092 D737m 2003 - OFF CAMPUS,Book::Colonial Heights: 973.8092 D737m 2003 - On Shelf,Book::Martin Luther King, Jr. Pannell Collection: 973.8092 D737m 2003 - In Processing"
https://catalog.saclibrary.org/GroupedWork/75f52813-f24b-7190-fdf2-050e16ed5da0-eng,"The rape of Nanking: the forgotten holocaust of World War II","Chang, Iris",9780465068364,,"Basic Books; Penguin; Blackstone Publishing","1997 - 2014","New York; New York (State)",eAudiobook;Book;eBook,"Book::Carmichael: 951.042 C456 2011 - Checked Out,Book::Central: 951.042 C456 2011 - Checked Out,Book::McKinley: 951.042 C456 2011 - Checked Out"
https://catalog.saclibrary.org/GroupedWork/5aa0cdfa-446b-12e5-4397-cd9a37539cbe-eng,"Nerve: adventures in the science of fear","Holland, Eva",9781615196005,,"The Experiment; Dreamscape Media",2020,"New York",eBook;Book;eAudiobook,"Book::Carmichael: 152 H734 2020 - On Shelf,Book::Central: 152 H734 2020 - On Shelf,Book::Franklin: 152 H734 2020 - On Shelf"
https://catalog.saclibrary.org/GroupedWork/6a26c7ae-7b59-db7c-c182-a0e919aef89f-eng,"The war that ended peace: the road to 1914","MacMillan, Margaret, 1943-",9781400068555,,"Random House; Random House Publishing Group; Books on Tape",2013,"New York",eAudiobook;Book;eBook,"Book::Central: 940.311 M167 2013 - On Shelf,Book::Fair Oaks: 940.311 M167 2013 - Checked Out,Book::Sutter County Main Branch: 940.311 MAC - On Shelf"
https://catalog.saclibrary.org/GroupedWork/c2fe4a8f-f1c3-bf18-9a7b-7c51fa36977a-eng,"The Third Reich: a history of Nazi Germany","Childers, Thomas, 1946-",9781451651133,,"Simon & Schuster",2017,"New York",eBook;Book,"Book::Central: 943.086 C536 2017 - On Shelf,Book::Fair Oaks: 943.086 C536 2017 - On Shelf,Book::Valley Hi-North Laguna: 943.086 C536 2017 - On Shelf"
https://catalog.saclibrary.org/GroupedWork/f5ce1e69-8bd7-014e-64a8-f7ab635157a8-eng,"Zombies: the complete guide to the world of the living dead","Graves, Zachary",9780785826545,,"Chartwell Books",2010,"New York",Book,
https://catalog.saclibrary.org/GroupedWork/3a3fec34-1c25-a0df-5fb2-946f91c2606b-eng,"The way of the strangers: encounters with the Islamic State","Wood, Graeme (Journalist)",9780812988758,,"Random House; Random House Publishing Group","2016 - 2017","New York",eBook;Book,"Book::Central: 327.117 W875 2017 - On Shelf,Book::Belle Cooledge: 327.117 W875 2017 - On Shelf"
https://catalog.saclibrary.org/GroupedWork/d6864417-8eca-9cb7-6944-3d822f61e3cd-eng,"Tell my horse: voodoo and life in Haiti and Jamaica","Hurston, Zora Neale",9780060916497,,"HarperCollins; Perennial Library","1990 - 2009","New York",eBook;Book,
https://catalog.saclibrary.org/GroupedWork/d6efbd04-6b51-7321-914d-7ead496c91c4-eng,"A crack in the edge of the world: America and the great California earthquake of 1906","Winchester, Simon",9780060571993,,"Wheeler Pub; Blackstone Audio, Inc.; HarperCollins; Harper Audio","2005 - 2013","New York; Waterville, Me","eAudiobook;Audiobook - CD;Large Print;Book;eBook","Book::Central: 979.461 W759 2005 - On Shelf,Book::Sacramento Room: SPE 979.461 W759 2005 CAL - Library Use Only,Book::Folsom Adult: 979.461 WIN 2005 - On Shelf"
https://catalog.saclibrary.org/GroupedWork/832a2ee0-1e17-51ee-d33c-e3125842a77e-eng,"Shooting ghosts: a U.S. Marine, a combat photographer, and their journey back from war","Brennan, Thomas J. (Thomas James)",9780399562549,,"Viking; Penguin Publishing Group",2017,"New York, New York",eBook;Book,"Book::Central: 355.00922 B838 2017 - On Shelf"
https://catalog.saclibrary.org/GroupedWork/fe3575a3-15cd-be50-a9c9-ef894b7d828f-eng,"Scream: chilling adventures in the science of fear","Kerr, Margee",9781610394826,,PublicAffairs,2015,"New York",eBook;Book,"Book::Central: 302.17 K413 2015 - On Shelf,Book::Sylvan Oaks: 302.17 K413 2015 - On Shelf"
https://catalog.saclibrary.org/GroupedWork/207830e6-addc-d3c9-02fc-4f5f0a6abc74-eng,"Words from hell: unearthing the darkest secrets of English etymology","Zafarris, Jess",9781399808217,,Chambers,2024,London,Book,"Book::Central: 422 Z17 2024 - Checked Out"
https://catalog.saclibrary.org/GroupedWork/9fa64e83-02e3-78a3-2de0-fcca9d17913e-eng,"500 essential graphic novels: the ultimate guide","Kannenberg, Gene, Jr",9780061474514,,"Collins Design",2008,"New York",Book,
https://catalog.saclibrary.org/GroupedWork/106839b3-17ef-369e-5e7a-d7ccffaa9f34-eng,"The hundred-year walk: an Armenian odyssey","MacKeen, Dawn Anahid",9780618982660,,"Tantor Media, Inc.; Houghton Mifflin Harcourt; HarperCollins",2016,Boston,eBook;Book;eAudiobook,"Book::Central: 956.62 M154 2016 - On Shelf,Book::Pocket-Greenhaven: 956.62 M154 2016 - On Shelf,Book::Sutter County Main Branch: 956.62 MAC - On Shelf"
https://catalog.saclibrary.org/GroupedWork/5663bf7e-c28b-751f-7890-0e4a73bfb0ed-eng,"Anne Frank: the diary of a young girl","Frank, Anne, 1929-1945",9780671546830,,"Pocket Books; HN Publishing","1952 - 2018","New York",Book;eAudiobook,
https://catalog.saclibrary.org/GroupedWork/4a232000-ba89-f3a7-8273-b7720fe6ac7d-eng,"Coming home","Griner, Brittney",9780593801345,,"Alfred A. Knopf; Knopf Doubleday Publishing Group; Random House Children's Books; Books on Tape","2024 - 2026","New York",eAudiobook;Book;eBook,"Book::Carmichael: 796.323 G866 2024 - On Shelf,Book::Central: 796.323 G866 2024 - On Shelf,Book::Belle Cooledge: 796.323 G866 2024 - On Shelf"
https://catalog.saclibrary.org/GroupedWork/8f933f91-bace-b3b8-30e5-af2b8afb7bb3-eng,"We breed lions: confronting Canada's troubled hockey culture","Westhead, Rick",9781039012936,,"Random House Canada; Random House of Canada",2025,"Toronto, Ontario, Canada",eAudiobook;eBook;Book,"Book::Central New Books - 4th Floor: 796.962 W529 2025 - Checked Out,Book::Southgate: 796.962 W529 2025 - Checked Out"
https://catalog.saclibrary.org/GroupedWork/ae818655-71e1-6327-7393-533211980791-eng,"Gettysburg: the last invasion","Guelzo, Allen C",9780307594082,,"Alfred A. Knopf; Knopf Doubleday Publishing Group; Books on Tape",2013,"New York",eAudiobook;Book;eBook,"Book::Southgate: 973.7349 G925 2013 - On Shelf,Book::Colusa Main Branch Adult Collection: 973.7349 G - On Shelf,Book::Folsom Adult: 973.7349 GUE 2013 - On Shelf"
https://catalog.saclibrary.org/GroupedWork/9d966365-4360-d7b2-78fc-729d74fe1e5b-eng,"Shame and wonder: essays","Searcy, David, 1946-",9780812993943,,"Random House; Random House Publishing Group",2016,"New York",eBook;Book,"Book::Central: 814.54 S439 2016 - On Shelf,Book::Elk Grove: 814.54 S439 2016 - On Shelf"
https://catalog.saclibrary.org/GroupedWork/1067afdd-5a1d-7a57-f732-dee307cc0e45-eng,"Measure of a man: from Auschwitz survivor to presidents' tailor","Greenfield, Martin, 1928-",9781621575153,,"Skyhorse Publishing; Regnery Publishing, a Salem Communications Company","2014 - 2016","Washington, D.C",eBook;Book,
https://catalog.saclibrary.org/GroupedWork/888ae2c9-38ef-876e-a355-69204739f98f-eng,"Hell's half-acre: the untold story of the Benders, a serial killer family on the American frontier","Jonusas, Susan",9781984879837,,"Viking; Books on Tape",2022,"[New York]",eAudiobook;Book,"Book::Central: 364.15232 B458 2022 - On Shelf,Book::Belle Cooledge: 364.15232 B458 2022 - On Shelf,Book::Orangevale: 364.15232 B458 2022 - On Shelf"
https://catalog.saclibrary.org/GroupedWork/18d0f209-5cfc-4a0d-af70-a7d7aaab0140-eng,"Star Wars: the rise and fall of the Galactic Empire","Kempshall, Chris",9780744098822,,"DK Publishing",2024,"New York, NY",Book,"Book::Central: 791.4375 S795zk 2024 - Checked Out"
https://catalog.saclibrary.org/GroupedWork/f098131a-c05f-f9f0-a8c0-61f8444b958b-eng,"The humane economy: how innovators and enlightened consumers are transforming the lives of animals","Pacelle, Wayne",9780062389640,,"HarperCollins; HarperAudio; William Morrow, an imprint of HarperCollins Publishers",2016,"New York, NY",eBook;Book;eAudiobook,"Book::South Natomas: 179.3 P115h 2016 - On Shelf,Book::North Natomas: 179.3 P115h 2016 - On Shelf"
https://catalog.saclibrary.org/GroupedWork/711ed324-2d74-8538-1c9f-805c748fb428-eng,"Armageddon in retrospect: and other new and unpublished writings on war and peace","Vonnegut, Kurt",9780399155086,,"Putnam; Blackstone Publishing",2008,"New York",eAudiobook;Book,
https://catalog.saclibrary.org/GroupedWork/89435b62-aee9-77e5-0331-7a8f7b3bcfb0-eng,"Oh what a slaughter: massacres in the American West, 1846-1890","McMurtry, Larry",9780743250771,,"Tantor Media, Inc.; Simon & Schuster",2005,"New York",Book;eAudiobook,
https://catalog.saclibrary.org/GroupedWork/2608b260-20ae-d1b3-fa17-dac41e4933d6-eng,"Money: how the destruction of the dollar threatens the global economy--and what we can do about it","Forbes, Steve, 1947-",9780071823708,,"McGraw Hill LLC; McGraw-Hill Education",2014,"New York",eBook;Book,"Book::Central: 332.4 F695 2014 - On Shelf"
https://catalog.saclibrary.org/GroupedWork/223ffe28-2bc5-41ab-b70e-9bbee773a3c5-eng,"Last call: a true story of love, lust, and murder in queer New York","Green, Elon",9781250224354,,"Celadon Books; Macmillan Audio",2021,"New York",eAudiobook;Book,"Book::Carmichael: 364.15232 G795 2021 - On Shelf,Book::Central: 364.15232 G795 2021 - On Shelf,Book::Franklin: 364.15232 G795 2021 - On Shelf"
https://catalog.saclibrary.org/GroupedWork/e617e065-40d6-b459-93da-371a7aa7ef28-eng,"Genome: the autobiography of a species in 23 chapters","Ridley, Matt",9780060194970,,"HarperCollins; HarperAudio","2000 - 2013","New York",eBook;Book;eAudiobook,
https://catalog.saclibrary.org/GroupedWork/31ab59af-28a5-6579-7a3d-0303c643fd35-eng,"The last true story I'll ever tell: an accidental soldier's account of the War in Iraq","Crawford, John (Memoirist)",9781594482014,,"Tantor Media, Inc.; Riverhead Books","2005 - 2006","New York",Book;eAudiobook,
https://catalog.saclibrary.org/GroupedWork/4b5242d4-455b-679f-be29-4b950da8cfa5-eng,"The nine: the true story of a band of women who survived the worst of Nazi Germany","Strauss, Gwen",9781250239297,,"St. Martin's Press; St. Martin's Publishing Group; Macmillan Audio",2021,"New York",eAudiobook;Book;eBook,"Book::Carmichael: 940.531743 S912 2021 - On Shelf,Book::Central: 940.531743 S912 2021 - On Shelf,Book::Galt: 940.531743 S912 2021 - On Shelf"
https://catalog.saclibrary.org/GroupedWork/97f0e0d9-27e8-b71b-326b-9e897a801a57-eng,"Forget Me Not: the #1 Alzheimer's and dementia guide for professional and family caregivers","Kostiw, Debra",9781959096092,,"Answers About Alzheimer's",2022,"Rochester, New York",Book,
https://catalog.saclibrary.org/GroupedWork/febeec1a-75cb-672c-e7f5-e952f4356c56-eng,"The best business writing 2013",,9780231160759,,"Columbia University Press",2013,"New York",Book,"Book::Rio Linda: 650 B561 2013 - On Shelf"
https://catalog.saclibrary.org/GroupedWork/ba536eb1-3696-c4ab-3271-872e0ae6737f-eng,"Behind the scenes, or, Thirty years a slave, and four years in the White House","Keckley, Elizabeth, approximately 1818-1907",9781434441942,,"Eno Publishers; Wildside Press; Project Gutenberg; UNC at Chapel Hill Library; Dreamscape Media; Open Road Media; Wildside Press LLC","2011 - 2022","Hillsborough, NC; Lexington, KY",eBook;Book;eAudiobook,"Book::Valley Hi-North Laguna: 973.7092 K258 2016 - Checked Out"
https://catalog.saclibrary.org/GroupedWork/880ecff5-8f4d-e578-34bc-cf7576e068f3-eng,"Heart of a stranger: the story and spirit of an unlikely rabbi","Buchdahl, Angela, 1972-",9780593490174,,"Pamela Dorman Books/Viking",2025,"New York, NY",Book,"Book::Central New Books - 4th Floor: 296.83 B918 2025 - Checked Out,Book::Elk Grove: 296.83 B918 2025 - Checked Out,Book::Fair Oaks: 296.83 B918 2025 - Checked Out"
https://catalog.saclibrary.org/GroupedWork/cd7120c6-937c-c18a-6b8b-02969d149cf6-eng,"Generation kill: Devil Dogs, Iceman, Captain America, and the new face of American war","Wright, Evan",9780399151934,,"Penguin Publishing Group; G.P. Putnam's Sons","2004 - 2005","New York",eBook;Book,
https://catalog.saclibrary.org/GroupedWork/84629342-f329-8a69-495d-52f6eb5b1533-eng,"The long road home: a story of war and family","Raddatz, Martha",9780399153822,,"Tantor Media, Inc.; G. P. Putnam's Sons; Berkley Books","2007 - 2008","New York",Book;eAudiobook,"Book::Southgate: 956.7044 R125 2008 - Checked Out"
https://catalog.saclibrary.org/GroupedWork/fb5b15b2-5dba-5bb1-72e9-f891734a232e-eng,"In the days of rain: a daughter, a father, a cult","Stott, Rebecca",9780812989083,,"Spiegel & Grau; Random House Publishing Group; Books on Tape",2017,"New York",eAudiobook;Book;eBook,"Book::Central: 291.019 S888 2017 - On Shelf,Book::North Natomas: 291.019 S888 2017 - On Shelf,Book::Sylvan Oaks: 291.019 S888 2017 - On Shelf"
https://catalog.saclibrary.org/GroupedWork/88bf1df1-780b-fdba-8b7b-90ff18c6ce88-eng,"Terror to the wicked: America's first trial by jury that ended a war and helped to form a nation","Pearl, Tobey",9781101871713,,"Pantheon Books; Books on Tape",2021,"New York",eAudiobook;Book,"Book::Central: 364.1523 P359 2021 - On Shelf,Book::Franklin: 364.1523 P359 2021 - On Shelf,Book::Isleton: 364.1523 P359 2021 - On Shelf"
https://catalog.saclibrary.org/GroupedWork/3e162754-15ba-3ceb-74de-f0c58035429e-eng,"Free-range knitter: the yarn harlot writes again","Pearl-McPhee, Stephanie",9780740769474,,"Andrews McMeel Pub; Andrews McMeel Publishing","2008 - 2010","Kansas City",eBook;Book,
https://catalog.saclibrary.org/GroupedWork/cb680b6f-e972-ef7c-b9d1-e015c17e1025-eng,"Be gay, do comics!: queer history, memoir, and satire from The Nib",,9781684057771,,IDW,2020,"San Diego, CA","Graphic Novel/Manga","Graphic Novel/Manga::Central: GRAPHIC 741.5 B365 2020 - On Shelf,Graphic Novel/Manga::Colonial Heights: GRAPHIC 741.5 B365 2020 - Checked Out,Graphic Novel/Manga::Isleton: GRAPHIC 741.5 B365 2020 - Checked Out"
https://catalog.saclibrary.org/GroupedWork/df2c2e79-8cc6-4a19-89d0-4a04e0d7c2e9-eng,Stonehenge,"Hill, Rosemary",9780674031326,,"Harvard University Press",2008,"Cambridge, Mass",Book,
https://catalog.saclibrary.org/GroupedWork/bcf63fd6-f278-492e-8823-d235eda946a7-eng,"This has happened: an Italian family in Auschwitz","Sonnino, Piera, 1922-1999",9781403975089,,"St. Martin's Press; Palgrave Macmillan","2009 - 2024","New York",eBook;Book,
https://catalog.saclibrary.org/GroupedWork/21764a4d-5e3e-c6ce-5911-6ca104357e1e-eng,"Hollywood picks the classics: a guide for the beginner & the aficionado","Fraser, Afton",9780821261903,,"Bulfinch Press",2004,"New York",Book,
https://catalog.saclibrary.org/GroupedWork/ef5001b5-7923-ecee-9067-f699381fb112-eng,"The gene: an intimate history","Mukherjee, Siddhartha",9781476733500,,"Audioworks, an imprint of Simon & Schuster Audio Division; Simon & Schuster Audio; Scribner; Thorndike Press, a part of Gale, Cengage Learning",2016,"Waterville, Maine; New York; New York, NY","eAudiobook;Audiobook - CD;Large Print;Book;eBook","Book::Arcade: 616.042 M953 2016 - On Shelf,Book::Carmichael: 616.042 M953 2016 - On Shelf,Book::Elk Grove: 616.042 M953 2016 - On Shelf"
https://catalog.saclibrary.org/GroupedWork/92acc418-ba41-f1aa-0d4d-ac2950867803-eng,"Medieval sieges & siegecraft","Hindley, Geoffrey",9781602396333,,"Skyhorse Pub",2009,"New York, NY",Book,
https://catalog.saclibrary.org/GroupedWork/babe4f3a-9b56-dc7a-b3f4-e6cb360c4ab1-eng,"Four red sweaters: powerful true stories of women and the Holocaust","Adlington, Lucy, 1970-",9780063375130,,"HarperCollins; HarperCollins Publishers; Harper",2025,"New York; [United States]","eAudiobook;Audiobook - CD;Book;eBook","Book::Arcade: 940.5318 A237 2025 - On Shelf,Book::Carmichael: 940.5318 A237 2025 - On Shelf,Book::Central: 940.5318 A237 2025 - On Shelf"
https://catalog.saclibrary.org/GroupedWork/e218a26c-64c1-971d-c33c-32bec8f976c4-eng,"The secret Holocaust diaries: the untold story of Nonna Bannister","Bannister, Nonna, 1927-2004",9781414325460,,"Tyndale House Publishers","2009 - 2011","Carol Stream, Ill",eBook;Book,
https://catalog.saclibrary.org/GroupedWork/02ae2afb-4f57-004a-a463-c29d20868297-eng,"Sniper on the Eastern front: the memoirs of Sepp Allerberger Knights Cross","Wacker, Albrecht",9781844153176,,"Pen & Sword Books; Pen and Sword; [distributor] Pen & Sword Books Ltd; [distributor] Peribo Pty Ltd; Pen & Sword Books Ltd; [distributor] South Pacific Book Distributors Ltd","2008 - 2016",Barnsley,eBook;Book;eAudiobook,
https://catalog.saclibrary.org/GroupedWork/8fcd224f-aea2-3c68-d1ea-61ef8286ea20-eng,"Way of the Reaper: my greatest untold missions and the art of being a sniper","Irving, Nicholas",9781250088352,,"St. Martin's Press; Macmillan Audio",2016,"New York",eAudiobook;Book,
https://catalog.saclibrary.org/GroupedWork/e8b3fb0f-d4ec-ca73-09e4-f3d474236167-eng,"The light of truth: writings of an anti-lynching crusader","Wells-Barnett, Ida B., 1862-1931",9780143106821,,"Penguin Books",2014,"New York",Book,"Book::Martin Luther King, Jr. Pannell Collection: 364.134 W453 2014 - In Processing,Book::Folsom Adult: 364.134 WEL 2014 - Checked Out"
https://catalog.saclibrary.org/GroupedWork/4bd3b0ae-1d5d-3a6f-64bb-56b0ff35754f-eng,"An American childhood","Dillard, Annie",9780060915186,,"Recorded Books, Inc.; HarperPerennial; Harper & Row; HarperCollins; Blackstone Publishing","1987 - 2019","New York",eAudiobook;eBook;Book,"Book::Carmichael: 818.5409 D578 1987 - Checked Out,Book::Colusa Main Branch Adult Collection: B DILLARD D - On Shelf"
https://catalog.saclibrary.org/GroupedWork/c5794905-a784-5853-9979-2b39cc0ad4fc-eng,"Evil: a very short introduction","Russell, Luke",9780198819271,,"Oxford University Press",2022,Oxford,Book,
https://catalog.saclibrary.org/GroupedWork/969132fc-b316-6cad-f613-d465e2bfee94-eng,Chickenhawk,"Mason, Robert, 1942-",9780670215829,,"Recorded Books, Inc.; Viking Press; Penguin Publishing Group","1983 - 2015","New York",eBook;Book;eAudiobook,
https://catalog.saclibrary.org/GroupedWork/ea4f120f-b451-6ef0-6da9-0e2ce0c89e35-eng,"Metamorphosis: astonishing insect transformations","Soskin, Rupert",9781408173756,,Bloomsbury,2015,London,Book,"Book::Central: 595.70222 S715 2015 - Checked Out"
https://catalog.saclibrary.org/GroupedWork/a555482f-8059-78b0-808c-69dee88233c0-eng,"The conquest of the Incas","Hemming, John, 1935-",9780156223003,,"Tantor Media, Inc.; Harcourt, Brace, Jovanovich","1970 - 2022","New York",Book;eAudiobook,
https://catalog.saclibrary.org/GroupedWork/08d86e9f-06a5-f2a8-5930-0578564a3af4-eng,"No future without forgiveness","Tutu, Desmond",9780385496896,,"PRH Christian Publishing; Doubleday","1999 - 2009","New York",eBook;Book,
https://catalog.saclibrary.org/GroupedWork/7b9ffa07-6e7f-1023-963d-4583abb564b9-eng,"Twelve years a slave","Northup, Solomon, 1808-1863?",9780143106708,,"Two Pence Books; Interactive Media; Dreamscape Media; HarperCollins Canada; Global Publishers; Blackstone Publishing; Penguin Books; Open Road Media; Recorded Books, Inc.; Dover Publications; Mint Editions; Start Publishing LLC; Tantor Media, Inc; eStar Books; Dancing Unicorn Books; HarperCollins Publishers; Penguin Publishing Group; Sweet Cherry Publishing","2012 - 2024","Holland, Ohio; New York, New York","eAudiobook;Audiobook - CD;eBook;Book","Book::McClatchy: 306.362 N878 2013 - Checked Out,Book::Folsom Adult: 306.36209 NOR 2013 - On Shelf,Book::Sutter County Main Branch: 306.362 NOR - On Shelf"
https://catalog.saclibrary.org/GroupedWork/6c1c64b3-8d15-6330-a884-207d69bcd1cf-eng,"A storm in Flanders: the Ypres salient, 1914-1918 : tragedy and triumph on the Western Front","Groom, Winston, 1944-2020",9780802139986,,"Atlantic Monthly Press; Grove Atlantic","2002 - 2007","New York",eBook;Book,
https://catalog.saclibrary.org/GroupedWork/f0ad36be-27fe-30b9-b494-b06e3840a9a3-eng,"The Nazi mind: twelve warnings from history","Rees, Laurence, 1957-",9781541702332,,PublicAffairs,2025,"New York",Book,"Book::Central: 943.086 R328 2025 - In Transit,Book::Elk Grove: 943.086 R328 2025 - Checked Out,Book::Woodland Public Library: 943.086 Ree 2025 - On Hold Shelf"
https://catalog.saclibrary.org/GroupedWork/646a87a0-dbfe-fb6f-dd01-ea1287093f94-eng,"The Unspeakable mind: stories of trauma and healing from the frontlines of PTSD science","Jain, Shaili, 1974-",9780062469069,,"HarperCollins; HarperCollins Publishers; Harper",2019,"New York, NY",eBook;Book,"Book::Central: 616.8521 J256 2019 - On Shelf,Book::Colonial Heights: 616.8521 J256 2019 - Checked Out,Book::Rio Linda: 616.8521 J256 2019 - On Shelf"
https://catalog.saclibrary.org/GroupedWork/15031006-4fdc-927c-3be4-6f77b75d9bb0-eng,"Deep tears: post-war Hmong resistance in Laos (1975-1990)","Morrison, Gayle",9798372200159,,"Gayle L. Morrison",2023,"United States",Book,"Book::Central: 959.404 M879 2023 - Checked Out"
https://catalog.saclibrary.org/GroupedWork/1f850126-3071-5f83-a971-a76674091056-eng,"The showman: inside the invasion that shook the world and made a leader of Volodymyr Zelensky","Shuster, Simon",9780063307421,,"HarperCollins; HarperAudio; William Morrow, an imprint of HarperCollinsPublishers",2024,"New York, NY",eAudiobook;Book;eBook,"Book::Carmichael: 947.7086 Z49zs 2024 - On Shelf,Book::Central: 947.7086 Z49zs 2024 - On Shelf,Book::Franklin: 947.7086 Z49zs 2024 - On Shelf"
https://catalog.saclibrary.org/GroupedWork/54a8a78e-aaa0-8dac-c11f-135be12f656a-eng,"The far away brothers: two young migrants and the making of an American life","Markham, Lauren",9781101906200,,"Crown Publishers; Crown; Books on Tape",2017,"New York",eAudiobook;eBook;Book,"Book::Central: 305.868728 M345 2017 - On Shelf,Book::Belle Cooledge: 305.868728 M345 2017 - On Shelf,Book::Pocket-Greenhaven: 305.868728 M345 2017 - On Shelf"
https://catalog.saclibrary.org/GroupedWork/95236c36-c12a-587d-80f7-25f99619890b-eng,"The below","Miller, Scott T",9798891386013,,,2026,,Book,"Book::Belle Cooledge: SCIENCE FICTION Miller, S. - In Transit,Book::Fair Oaks: SCIENCE FICTION Miller, S. - Checked Out"
https://catalog.saclibrary.org/GroupedWork/81c0e6d4-5e5a-3734-f1db-c4e9dbb2c8fb-eng,"The anti-communist manifesto","Kelly, Jesse",9781668010877,,"Threshold Editions",2023,"New York",Book,
https://catalog.saclibrary.org/GroupedWork/7c5e6f5a-2160-e0e0-ab10-36a809cd2e0f-eng,"Saving America's Amazon: the threat to our nation's most biodiverse river system","Raines, Ben",9781588383389,,"NewSouth Books",2020,"Montgomery, AL",Book,
https://catalog.saclibrary.org/GroupedWork/e1d1d00d-9ea4-bb3d-867e-fbad145c1014-eng,"Trejo: my life of crime, redemption, and Hollywood","Trejo, Danny, 1944-",9781982150822,,"Simon & Schuster Audio; Atria Books",2021,"New York",eAudiobook;Book;eBook,"Book::North Natomas: BIOGRAPHY Trejo, D. 2021 - On Hold Shelf,Book::Rancho Cordova: BIOGRAPHY Trejo, D. 2021 - Checked Out,Book::Folsom Adult: 791.4302 TRE 2021 - Checked Out"
https://catalog.saclibrary.org/GroupedWork/4bf6f75c-f5c0-e187-a040-c6b2b64a25d2-eng,"Marilyn Monroe: the final years","Badman, Keith",9780312607142,,"St. Martin's Publishing Group; Thomas Dunne Books",2012,"New York",eBook;Book,"Book::Central: 791.43 M753zb2 2012 - Checked Out"
https://catalog.saclibrary.org/GroupedWork/582e04b7-f5f1-f5f3-2da0-6c5254dad902-eng,"Bury me already (it's nice down here): comics on pregnancy and parenthood","Wertz, Julia",9780762468287,,"Black Dog and Leventhal",2026,"New York","Graphic Novel/Manga","Graphic Novel/Manga::Central New Books - 4th Floor: GRAPHIC 306.87 W499 2026 - Checked Out,Graphic Novel/Manga::North Natomas: GRAPHIC 306.87 W499 2026 - Checked Out,Graphic Novel/Manga::Rancho Cordova: GRAPHIC 306.87 W499 2026 - Checked Out"
https://catalog.saclibrary.org/GroupedWork/04b42f25-ed33-2efd-8881-0674fe42a70a-eng,"Empire of destruction: a history of Nazi mass killing","Kay, Alex J",9780300234053,,"Yale Press Audio; Yale University Press",2021,"New Haven",Book;eAudiobook,
https://catalog.saclibrary.org/GroupedWork/8ff57182-6308-fd19-f13c-48b39bc0d0b3-eng,"Wicked bugs: the louse that conquered Napoleon's army & other diabolical insects","Stewart, Amy",9781565129603,,"Tantor Media, Inc.; Algonquin Books of Chapel Hill; Little, Brown and Company; Tantor Media, Inc",2011,"Chapel Hill, N.C",eAudiobook;eBook;Book,"Book::Belle Cooledge: 632.7 S849 2011 - On Shelf,Book::Folsom Adult: 632.7 STE 2011 - On Shelf,Book::Stonyford Branch Library Adult Collection: 632.7 S - On Shelf"
https://catalog.saclibrary.org/GroupedWork/6d1b0e07-4cbf-ce42-55be-83d1dcd3c554-eng,"War, peace, and all that jazz: 1918-1945","Hakim, Joy",9780195307382,,"Recorded Books, Inc.; Oxford University Press","2002 - 2006","New York",Book;eAudiobook,
https://catalog.saclibrary.org/GroupedWork/c28a52c5-3504-e5d8-f719-15732d428c51-eng,"It happened in old Santa Barbara","Tompkins, Walker A",,,"Santa Barbara National Bank",1976,"Santa Barbara, Calif",Book,"Book::Carmichael California Collection: CALIFORNIA 979.491 T662 1976 - Library Use Only"
https://catalog.saclibrary.org/GroupedWork/2361abae-87f1-7412-bcb0-45a4dfc8a96f-eng,"The Black Death: a global history of humanity's most devastating pandemic","Asbridge, Thomas S",9780593129166,,"Random House",2026,"New York",Book,"Book::Central New Books - 4th Floor: 940.192 A799 2026 - Checked Out,Book::Rio Linda: 940.192 A799 2026 - On Hold Shelf,Book::Southgate: 940.192 A799 2026 - Checked Out"
https://catalog.saclibrary.org/GroupedWork/8907c231-325f-7ca2-238e-3d00f4875a0c-eng,"I'm staying with my boys: the heroic life of Sgt. John Basilone, USMC","Proser, Jim",9780312611446,,"St. Martin's Publishing Group; St. Martin's Griffin",2010,"New York",eBook;Book,
https://catalog.saclibrary.org/GroupedWork/b0ae5e09-300b-26f1-67ac-b4df55760bf1-eng,"A chorus of stones: the private life of war","Griffin, Susan",9780385418577,,"Open Road Media; Doubleday","1992 - 2015","New York",eBook;Book,
https://catalog.saclibrary.org/GroupedWork/6279af0b-9fde-374b-323d-ac94e12cbc9f-eng,"My dress-up darling: 12","Fukuda, Shin'ichi (Manga artist)",9781646093038,,"Square Enix Manga & Books, a division of Square Enix, Inc",2024,"El Segundo, CA, USA","Graphic Novel/Manga","Graphic Novel/Manga::Central: MANGA My Dress-Up v.12 - Checked Out,Graphic Novel/Manga::Fair Oaks: MANGA My Dress-Up v.12 - Checked Out,Graphic Novel/Manga::Rancho Cordova: MANGA My Dress-Up v.12 - Checked Out"
https://catalog.saclibrary.org/GroupedWork/387001e1-a4c4-b085-e9f1-b132f7572d7b-eng,"IraqiGirl: diary of a teenage girl in Iraq",IraqiGirl,9781931859738,,"Haymarket Books; Trade distribution in the U.S. through Consortium Book Sales","2009 - 2017","[Minneapolis, Minn.]; Chicago, Ill",eBook;Book,
https://catalog.saclibrary.org/GroupedWork/aac1a3f9-1d7c-46e9-5fcf-88778bb17ebe-eng,"Monica's story","Morton, Andrew, 1953-",9780312240912,,"St. Martin's Press; St. Martin's Publishing Group",1999,"New York",eBook;Book,
https://catalog.saclibrary.org/GroupedWork/bd858ed1-05d7-1238-a8a9-101cfbb476aa-eng,"Memory's last breath: field notes on my dementia","Saunders, Gerda",9780316502627,,"Hachette Books; Hachette Audio; Grand Central Publishing",2017,"New York",eAudiobook;eBook;Book,"Book::Central: 618.97 S257 2017 - On Shelf,Book::Franklin: 618.97 S257 2017 - On Shelf,Book::South Natomas: 618.97 S257 2017 - On Shelf"
https://catalog.saclibrary.org/GroupedWork/7779a520-e3f4-b6c4-6d7c-825151134e1f-eng,"The strange ways of providence in my life","Carmi, Krystyna",9789657724149,,"Tantor Media, Inc.; eBookPro Publishing",2019,"[Tel Aviv-Yafo, Israel]",Book;eAudiobook,
https://catalog.saclibrary.org/GroupedWork/47de686b-7097-5cb0-5555-7a16316e6e1b-eng,"I know how she does it: how successful women make the most of their time","Vanderkam, Laura",9781591847328,,"Portfolio/ Penguin; Penguin Publishing Group; Books on Tape",2015,"New York",eAudiobook;Book;eBook,
https://catalog.saclibrary.org/GroupedWork/58631c40-4d95-1e97-521d-c609504603df-eng,"Breathturn into timestead: the collected later poetry : a bilingual edition","Celan, Paul",9780374608033,,"Farrar, Straus and Giroux",2022,"New York",Book,"Book::Central: 831.914 C392 2022 - Checked Out"
https://catalog.saclibrary.org/GroupedWork/16413d0d-7fe1-598e-e943-26c140438df1-eng,"Lost in the Cold War: the story of Jack Downey, America's longest-held POW","Downey, John T., 1930-2014",9780231199124,,"Columbia University Press",2022,"New York",eBook;Book,
https://catalog.saclibrary.org/GroupedWork/9a72a00f-35dc-b881-6015-5f6f55b59c04-eng,"Shoot an Iraqi: art, life and resistance under the gun","Bilal, Wafaa",9780872864917,,"City Lights; City Lights Publishers","2008 - 2013","San Francisco, CA",eBook;Book,
https://catalog.saclibrary.org/GroupedWork/54703ce4-d89e-7788-f301-94791c9fe5f0-eng,"Fighting with the screaming eagles: with the 101st Airborne from Normandy to Bastogne","Bowen, Robert, 1914-",9781853674655,,"Casemate Publishers; Greenhill Books; Stackpole Books","2001 - 2010","Mechanicsburg, PA; London",eBook;Book,
https://catalog.saclibrary.org/GroupedWork/dfc672b3-faba-4968-6db0-8c6d06391699-eng,"Where the bodies were buried: Whitey Bulger and the world that made him","English, T. J., 1957-",9780062290984,,"William Morrow; HarperCollins; HarperAudio",2015,"New York",eBook;Book;eAudiobook,"Book::Central: 364.1092 B933ze 2015 - On Shelf"
https://catalog.saclibrary.org/GroupedWork/12efbffa-b977-eae9-7417-ee6d311799a0-eng,"The Mosquito Bowl: a game of life and death in World War II","Bissinger, Buzz, 1954-",9780062879929,,"Harper Large Print, an imprint of HarperCollinsPublishers; Harper Collins Publishers; HarperCollins; Harper, an imprint of HarperCollinsPublishers",2022,"[United States]; New York, NY","eAudiobook;Audiobook - CD;Large Print;Book;eBook","Book::Arcade: 940.54252 B623 2022 - On Shelf,Book::Central: 940.54252 B623 2022 - On Shelf,Book::Belle Cooledge: 940.54252 B623 2022 - Checked Out"
https://catalog.saclibrary.org/GroupedWork/7ece93dd-75bd-435e-f3d4-71d4f87560d7-eng,"Ruby shoes","Zumwalt, Michele",9781512080865,,"Three Wire Publishing",2015,"Folsom, Calif",Book,
https://catalog.saclibrary.org/GroupedWork/a7f74c81-6784-d995-6924-45636c1ca62d-eng,"Sister of darkness: the chronicles of a modern exorcist","Stavis, R. H",9780062656148,,"Dey St., an imprint of William Morrow; HarperCollins; HarperAudio",2018,"New York, NY",eBook;Book;eAudiobook,"Book::Elk Grove: 133.427 S798 2018 - Checked Out"
https://catalog.saclibrary.org/GroupedWork/6bed8279-498b-e0ce-c950-0e9fa0733fe3-eng,"The boy in the woods: a true story of survival during the Second World War","Smart, Maxwell, 1930-",9781443466424,,"HarperCollins Publishers Ltd; HarperCollins Canada; HarperCollins Publishers",2022,"Toronto, Ontario, Canada",eBook;Book;eAudiobook,
https://catalog.saclibrary.org/GroupedWork/37e21396-2bbd-e6e4-5164-c4615bf22899-eng,"Beyond band of brothers: [the war memoirs of Major Dick Winters]","Winters, Richard D",9780425213759,,"Berkley Caliber; Blackstone Audiobooks",2006,"New York; Ashland, Or","Audiobook - CD;Book",
https://catalog.saclibrary.org/GroupedWork/8641e4f2-1aff-cfe8-e3dd-5b073a28035e-eng,"Dracula: son of the dragon","Sable, Mark",9781506724423,,"Dark Horse Books, a division of Dark Horse Comics LLC",2021,"Milwaukie, OR",Book,
https://catalog.saclibrary.org/GroupedWork/b97f4749-cd67-7ded-37e1-e243d58454bb-eng,"Inside apartheid: one woman's struggle in South Africa","Levine, Janet, 1945-",9780809245444,,"Open Road Distribution; Contemporary Books","1988 - 2015",Chicago,eBook;Book,
https://catalog.saclibrary.org/GroupedWork/8fd7c06e-f65c-4e2d-1c4d-90cd244b00b9-eng,"The last Panther: slaughter of the Reich","Faust, Wolfgang",9781530359707,,"Bayern Classic Publications",2016,"[Lexington, KY]",Book,
https://catalog.saclibrary.org/GroupedWork/25a0b056-0aa7-c730-cbc9-8b30b01f61a5-eng,"The mystics would like a word: six women who met God and found a spirituality for today","Evans, Shannon K",9780593727270,,Convergent,2024,"New York",Book,
https://catalog.saclibrary.org/GroupedWork/2a596b22-fdc8-fc95-cd98-7249e31218cd-eng,"Wordstruck!: the fun and fascination of language","Janssen, Susanna, 1949-",9780998304809,,"Lexicon Alley Press; Susan Janssen","2016 - 2018","[United States]",eBook;Book,
https://catalog.saclibrary.org/GroupedWork/ff90b50f-d374-3dea-6847-3f504de14d72-eng,"Eerie America: travel guide of the macabre","Vernor, E. R",9780764344695,,"Schiffer Publishing Ltd",2013,"Atglen, PA",Book,
https://catalog.saclibrary.org/GroupedWork/f72d0e64-ad6e-4906-b442-d7a966f9f2ff-eng,"Good town","Wells, Mary Louise",9798987987315,,"Mary Louise Wells",2023,"[Place of publication not identified]",Book,
https://catalog.saclibrary.org/GroupedWork/2092135f-8b7d-0b27-f997-d7cf46d9df1b-eng,"The great raid on Cabanatuan: rescuing the doomed ghosts of Bataan and Corregidor","Breuer, William B., 1923-",9780471037422,,"John Wiley & Sons; Turner Publishing Company","1994 - 2008","Hoboken, N.J",eBook;Book,
https://catalog.saclibrary.org/GroupedWork/1a4d7043-5f98-bdea-218e-1ae7f0870094-eng,"An anthology of American folktales and legends",,9780765621290,,"M.E. Sharpe",2009,"Armonk, N.Y",Book,
https://catalog.saclibrary.org/GroupedWork/b0daa47f-1dc7-85ce-c9ba-91c9e62ede0a-eng,"The brothers Mankiewicz: hope, heartbreak, and Hollywood classics","Stern, Sydney Ladensohn",9781617032677,,"University Press of Mississippi",2019,Jackson,Book,
https://catalog.saclibrary.org/GroupedWork/2d649698-265f-0837-dd00-71073e33ddd7-eng,"Narrative of the life of Frederick Douglass, an American slave","Douglass, Frederick, 1818-1895",9780143107309,,"Interactive Media; Lerner Publishing Group; HarperCollins Canada; Murine Publications LLC; Duke Classics; Sound Room Publishers, Inc.; Penguin Books; Poetose Press; SC Active Business Development SRL; Penguin Classics; Warbler Classics; Xist Publishing; Start Publishing LLC; The Anti-Slavery Office; Random House Publishing Group; Native Publishing House; Penguin Publishing Group; Yale University Press","1845 - 2024","New York; New Haven; New York, N.Y; Harmondsworth, Middlesex, England; London; Boston",eAudiobook;eBook;Book,"Book::Central: BIOGRAPHY Douglass, F. 2014 - On Hold Shelf,Book::McClatchy: BIOGRAPHY Douglass, F. 2014 - On Shelf,Book::South Natomas: BIOGRAPHY Douglass, F. 2014 - On Shelf"
https://catalog.saclibrary.org/GroupedWork/3a5d6678-917c-9b4d-9afb-3dbec5b83ba3-eng,"Stolen youth: how radicals are erasing innocence and indoctrinating a generation","Mandel, Bethany",9781956007084,,"DW Books",2023,"Nashville, TN",Book,
https://catalog.saclibrary.org/GroupedWork/a29d5ec0-8340-ed3a-1cf5-ef9b25f97b1d-eng,"Myths of light: Eastern metaphors of the eternal","Campbell, Joseph, 1904-1987",9781608681099,,"New World Library",2012,"Novato, California",Book,
https://catalog.saclibrary.org/GroupedWork/a7036b32-7bc9-f19a-81ed-850433106552-eng,"Every contact leaves a trace: crime scene experts talk about their work from discovery through verdict","Fletcher, Connie, 1947-",9780312340377,,"St. Martin's Press; St. Martin's Publishing Group",2006,"New York",eBook;Book,
https://catalog.saclibrary.org/GroupedWork/e0313e52-6f8e-f0fe-e159-adfbad883960-eng,"Eat with joy: redeeming God's gift of food","Stone, Rachel Marie, 1981-",9780830836581,,"IVP Books",2013,"Downers Grove, IL",Book,
https://catalog.saclibrary.org/GroupedWork/8b558fe8-1f9a-f285-ded6-d8ba9255dc3e-eng,"America noir: underground writers and filmmakers of the postwar era","Cochran, David, 1961-",9781560988137,,"Smithsonian Institution Press",2000,"Washington [D.C.]",Book,
https://catalog.saclibrary.org/GroupedWork/fc8f3ddf-0a1d-c5e0-c18f-c0b32de7e201-eng,"Seminole burning: a story of racial vengeance","Littlefield, Daniel F",9780878059249,,"University Press of Mississippi",1996,Jackson,Book,
https://catalog.saclibrary.org/GroupedWork/58660af9-3637-9209-12a1-c29c460398ce-eng,"River of fire: the Rattlesnake fire and the Mission Boys","Maclean, John N",9780692079980,,[ML&T],2018,"[Place of publication not identified]",Book,
https://catalog.saclibrary.org/GroupedWork/6b6631fc-65d9-5d88-adc9-6bb04f0e118f-eng,"Los médicos de Auschwitz: la historia de los ejecutores de la Solución Final","Halioua, Bruno, 1959-",9786073934329,,Espasa,2025,"Ciudad de México",Book,
https://catalog.saclibrary.org/GroupedWork/21f1b466-7d8e-c571-bcf4-e731503f7d83-eng,"My dearest Julia: the wartime letters of Ulysses S. Grant to his wife","Grant, Ulysses S. (Ulysses Simpson), 1822-1885",9781598535891,,"Library of America",2018,"New York, NY",Book,
https://catalog.saclibrary.org/GroupedWork/54279927-08f9-988b-2f36-89f45734b16a-eng,"Tap code: the epic survival tale of a Vietnam POW and the secret code that changed everything : a true story","Harris, Carlyle (Colonel)",9780310359111,,Zondervan,2019,"Grand Rapids, Michigan",Book,
https://catalog.saclibrary.org/GroupedWork/6711c6d5-7697-3f30-f62b-180cf60f11b0-eng,"Auschwitz Prisoner 31119: the shocking true story of a World War II Holocaust survivor","Borowsky, Yitzchak",9798363455865,,"Yitzchak Borowsky",2022,"[Place of publication not identified]",Book,
https://catalog.saclibrary.org/GroupedWork/f769a8d2-56d7-fee4-9e76-39d6de8da372-eng,"The other side of silence: voices from the partition of India","Butalia, Urvashi",9780822324942,,"Duke University Press",2000,Durham,"Online Content;Book",
https://catalog.saclibrary.org/GroupedWork/5e7a40e6-4e19-0cac-2ce2-84c9ce457216-eng,"Touching history: the untold story of the drama that unfolded in the skies over America on 9/11","Spencer, Lynn",9781416559252,,"Tantor Media, Inc.; Free Press",2008,"New York",Book;eAudiobook,
https://catalog.saclibrary.org/GroupedWork/dfa42892-2d9a-1f36-0835-8e2af918363d-eng,"The history of the Peloponnesian War",Thucydides,9781541603387,,"W. F. Howes Ltd; Interactive Media; Wilder Publications, Inc.; St. Polycarp Publishing House; eBooksLib; Basic Books; Phoemixx Classics Ebooks; Happy Hour Books; Duke Classics; Blackstone Publishing; Penguin Books; Open Road Media; Otbebookpublishing; The Library of Alexandria; Dover Publications; Naxos Audiobooks; Neeland Media LLC; Findaway Voices","1972 - 2025","New York; Harmondsworth, Middlesex, England",eAudiobook;eBook;Book,"Book::Central: 938.05 T532 2025 - On Shelf,Book::Franklin: 938.05 T532 2025 - On Shelf,Book::McClatchy: 938.05 T532 2025 - On Shelf"
https://catalog.saclibrary.org/GroupedWork/1cb82f93-3b6f-18ef-6b62-43f225feaab9-eng,"What's what and what to do about it: answers you didn't know you wanted to questions you didn't know you had","Mellon, Waldo",9781644210383,,"Seven Stories Press",2022,"New York",Book,
https://catalog.saclibrary.org/GroupedWork/4aeff366-86ee-baee-1012-f83eab9b7cfa-eng,"Darfur: the ambiguous genocide","Prunier, Gérard",9780801446023,,"Cornell University Press",2007,"Ithaca, NY",Book,
https://catalog.saclibrary.org/GroupedWork/aa63a26f-e774-c8b5-9160-902cab185098-eng,"Game of Thrones psychology: the mind is dark and full of terrors",,9781454918400,,"Sterling Publishing Co",2016,"New York, NY",Book,
https://catalog.saclibrary.org/GroupedWork/fcee1efb-4db0-b87e-803f-3107fd839b91-eng,Leviathan,"Hobbes, Thomas, 1588-1679",9780141395098,,"Interactive Media; Wilder Publications, Inc.; Project Gutenberg; NuVision Publications; Big Cheese Books; Wordsworth Editions Ltd; GENERAL PRESS; Phoemixx Classics Ebooks; Penguin Books; Otbebookpublishing; Open Road Media; SC Active Business Development SRL; libreka classics; Lerner Publishing Group|Lerner Publishing Group; Dover Publications; Mint Editions; Xist Publishing; Read Books Ltd.; Ft. Raphael Publishing Company; Start Publishing LLC; Naxos Audiobooks; Neeland Media LLC","2010 - 2024","[Harmondsworth, Meddlesex]",eBook;Book;eAudiobook,"Book::Central: 320.01 H682 2017 - On Shelf,Book::South Natomas: 320.01 H682 2017 - Checked Out,Book::Orangevale: 320.01 H682 2017 - On Shelf"
https://catalog.saclibrary.org/GroupedWork/cad9646f-109a-62dc-db94-2380cdacff98-eng,"Covering Ukraine: the Scott Ritter interviews through the eyes of Ania K","K, Ania",9781963892086,,"Clarity Press, Inc",2024,"Atlanta, GA",Book,
https://catalog.saclibrary.org/GroupedWork/f9f3062e-99d8-a092-0683-82f011c1ad1d-eng,"Superman Action Comics: Volume 7, Under the skin","Pak, Greg",9781401258665,,"DC Comics",2015,"Burbank, CA","Graphic Novel/Manga",
https://catalog.saclibrary.org/GroupedWork/f5905796-b6ca-f77a-5f49-80dc5eefa992-eng,"The encyclopedia of fantastic Victoriana","Nevins, Jess",9781932265156,,"MonkeyBrain Books",2005,"Austin, TX",Book,"Book::Southgate: 809.38 N527 2005 - On Shelf"
https://catalog.saclibrary.org/GroupedWork/8f35bd84-8ff1-9c75-dfc6-da6b36724622-eng,"Heart of American darkness: a story of murder and revolution on the early frontier","Parkinson, Robert G",9781324123408,,"W. W. Norton & Company",2026,"New York, NY",Book,"Book::Central New Books - 4th Floor: 977.01 P248 2026 - On Shelf,Book::Colonial Heights: 977.01 P248 2026 - On Shelf,Book::Southgate: 977.01 P248 2026 - On Shelf"
https://catalog.saclibrary.org/GroupedWork/b2e60e25-2e0b-876c-8987-1ce7088f3894-eng,"The prosecution of George W. Bush for murder","Bugliosi, Vincent",9781593154813,,"Blackstone Publishing; Vanguard Press","2008 - 2009","New York",eAudiobook;Book,
https://catalog.saclibrary.org/GroupedWork/a3b4d060-9e1d-ca31-774a-c3a9f6baf677-eng,"Emperor of dreams: a Clark Ashton Smith bibliography",,,,"D.M. Grant",1978,"West Kingston, R.I","Online Content;Book",
https://catalog.saclibrary.org/GroupedWork/8e155592-28bb-c9cb-7f7f-4b63edcad133-eng,"Practical tips for writing popular fiction","Carr, Robyn",9780898795158,,"Writer's Digest Books",1992,"Cincinnati, Ohio",Book,
https://catalog.saclibrary.org/GroupedWork/e83e2964-e8ee-a96c-feec-315bce43411f-eng,"Van Richten's guide to Ravenloft",,9780786967254,,"Wizards of the Coast, LLC",2021,"Renton, WA",Book,
