Link,Title,Author,ISBN,UPC,Publisher,"Publish Date","Place of Publication",Format,"Location & Call Number"
https://catalog.saclibrary.org/GroupedWork/c3f903b2-6de8-1a4b-abba-ab6e78e01839-eng,"Mystery at the ski jump","Keene, Carolyn",9780448095295,,"Grosset & Dunlap; Penguin Young Readers Group","1952 - 1968","New York",eBook;Book,"Book::Arden-Dimick Children's Area: CHILDREN FICTION Keene, C. - Checked Out,Book::Carmichael Children's Area: CHILDREN FICTION Keene, C. - Checked Out,Book::Colonial Heights Children's Area: CHILDREN FICTION Keene, C. - On Shelf"
https://catalog.saclibrary.org/GroupedWork/92922b52-3e3c-9df4-1648-2e2d82cd053b-eng,"Mystery driver: the story of Alice Johnson and the first soap box derby","Tracy, Elizabeth (Children's writer)",9781536231571,,"Candlewick Press; MIT Kids Press",2025,"Somerville, Massachusetts",eBook;Book,"Book::Central Kids Place - Lower Level: CHILDREN BIOGRAPHY Johnson, A. 2025 - On Shelf,Book::Colonial Heights Children's Area: CHILDREN BIOGRAPHY Johnson, A. 2025 - On Shelf,Book::Courtland Children's Area: CHILDREN BIOGRAPHY Johnson, A. 2025 - On Shelf"
https://catalog.saclibrary.org/GroupedWork/2c314127-5b08-fdfc-bdb4-7452419b48ce-eng,"Mystery math: a first book of algebra","Adler, David A",9780823422890,,"Holiday House",2011,"New York",Book,"Book::Franklin Children's: CHILDREN 512 A237 2011 - On Shelf,Book::Galt Children's Area: CHILDREN 512 A237 2011 - On Shelf,Book::South Natomas Children's Area: CHILDREN 512 A237 2011 - On Shelf"
https://catalog.saclibrary.org/GroupedWork/943e4529-079b-48b1-c2e0-24889a5be4f2-eng,"Mystery at the museum","Friel, Helen",9780744060973,,"DK Publishing",2023,"New York, NY",Book,"Book::Central Kids Place - Lower Level: CHILDREN 708.1471 F911 2023 - On Shelf,Book::Elk Grove Kids' Place: CHILDREN 708.1471 F911 2023 - On Shelf,Book::Franklin Children's: CHILDREN 708.1471 F911 2023 - On Shelf"
https://catalog.saclibrary.org/GroupedWork/6a652d6c-1752-44e6-be6f-848bde413f3a-eng,"The mystery of the monarchs: how kids, teachers, and butterfly fans helped Fred and Norah Urquhart track the great monarch migration","Rosenstock, Barb",9781984829566,,"Alfred A. Knopf",2022,"New York",Book,"Book::Arcade Children's Area: CHILDREN 595.789 R815 2022 - In Transit,Book::Belle Cooledge Children's Area: CHILDREN 595.789 R815 2022 - Checked Out,Book::Del Paso Heights Children's Area: CHILDREN 595.789 R815 2022 - On Shelf"
https://catalog.saclibrary.org/GroupedWork/094a047b-43dc-5b6f-752b-2fd329a73f0c-eng,"Mystery on Everest: a photobiography of George Mallory","Salkeld, Audrey",9780792272229,,"National Geographic Society",2000,"Washington, D.C",Book,"Book::Colonial Heights Children's Area: CHILDREN BIOGRAPHY Leigh-Mallory, G. 2000 - On Shelf"
https://catalog.saclibrary.org/GroupedWork/d57881b5-4291-f8fa-91f4-a9fb6c52a201-eng,"The mystery of whale strandings: a cause and effect investigation","Rake, Jody Sullivan",9781429645317,,"Capstone Press",2011,"Mankato, Minn",Book,"Book::Belle Cooledge Children's Area: CHILDREN 599.5 R162 2011 - On Shelf,Book::South Natomas Children's Area: CHILDREN 599.5 R162 2011 - On Shelf"
https://catalog.saclibrary.org/GroupedWork/81a4d120-e9cc-1eb0-d60d-91448eb93b05-eng,"The mystery of Darwin's frog: a true story of scientific discovery","Crump, Marty, 1946-",9781590788646,,"Boyds Mills Press, an imprint of Highlights",2013,Honesdale,Book,"Book::Carmichael Children's Area: CHILDREN 597.89 C956 2013 - On Shelf,Book::Fair Oaks Children's Area: CHILDREN 597.89 C956 2013 - On Shelf,Book::North Natomas Children's Area: CHILDREN 597.89 C956 2013 - On Shelf"
https://catalog.saclibrary.org/GroupedWork/de8e28c5-3944-1271-cefb-10cd675c2ec7-eng,"The mystery of the Maya: uncovering the lost city of Palenque","Lourie, Peter",9781563978395,,"Boyds Mills Press",2001,"Honesdale, Pa",Book,"Book::Carmichael Children's Area: CHILDREN 972.75 L892 2001 - On Shelf,Book::Pocket-Greenhaven Kids' Place: CHILDREN 972.75 L892 2001 - On Shelf"
https://catalog.saclibrary.org/GroupedWork/66106556-4ba6-82f9-caeb-ab01051c0c3b-eng,"Winchester Mystery House","Ferut, Michael",9781600149986,,"Bellwether Media","2014 - 2015","Minneapolis, MN",eBook;Book,"Book::Carmichael Children's Area: CHILDREN 979.474 F412 2015 - On Shelf,Book::Belle Cooledge Children's Area: CHILDREN 979.474 F412 2015 - On Shelf,Book::Elk Grove Kids' Place: CHILDREN 979.474 F412 2015 - On Shelf"
https://catalog.saclibrary.org/GroupedWork/c3b078e3-e870-f834-ce58-a99364655eb3-eng,"Stonehenge: monument of mystery","Sonneborn, Scott",9781669093657,,"Capstone; Capstone Press, a Capstone imprint",2025,"North Mankato, Minnesota",eBook;Book,"Book::Arcade Children's Area: CHILDREN 936.2319 S699 2025 - On Shelf,Book::Del Paso Heights Children's Area: CHILDREN 936.2319 S699 2025 - On Shelf,Book::Elk Grove Kids' Place: CHILDREN 936.2319 S699 2025 - Checked Out"
https://catalog.saclibrary.org/GroupedWork/610d0691-eba4-c73f-450e-b6adc1d78200-eng,"The mystery of the ancient Maya","Meyer, Carolyn, 1935-",9780689506192,,"Margaret K. McElderry Books",1995,"New York",Book,"Book::Rancho Children's Area: CHILDREN 972.81 M612 1995 - Checked Out"
https://catalog.saclibrary.org/GroupedWork/eb2da4c4-cb8b-ddfe-0a15-9e4add9c2b83-eng,"The Winchester Mystery House: a chilling interactive adventure","Doeden, Matt",9781515725770,,"Capstone; Capstone Press a captone imprint","2016 - 2017","North Mankato, Minnesota",eBook;Book,"Book::Colonial Heights Children's Area: CHILDREN 133.12979 D649 2017 - In Transit,Book::Elk Grove Kids' Place: CHILDREN 133.12979 D649 2017 - On Shelf,Book::Franklin Children's: CHILDREN 133.12979 D649 2017 - On Shelf"
https://catalog.saclibrary.org/GroupedWork/8a71c393-c164-5b16-374e-f73f07bf6bf0-eng,"In praise of mystery","Limón, Ada",9781324054009,,"Norton Young Readers, an imprint of W.W. Norton & Company; Norton Children's Books",2024,"New York, NY",eBook;Book,"Book::Central Kids Place - Lower Level: CHILDREN 811.008 L734 2024 - On Shelf,Book::Colonial Heights Children's Area: CHILDREN 811.008 L734 2024 - On Shelf,Book::Belle Cooledge Children's Area: CHILDREN 811.008 L734 2024 - On Shelf"
https://catalog.saclibrary.org/GroupedWork/4c709b19-b61f-d9ea-c95b-d08141afebb9-eng,"Ghosts: the unsolved mystery","McCormick, Lisa Wade, 1961-",9781429623278,,"Capstone Press",2009,"Mankato, Minn",Book,"Book::Belle Cooledge Children's Area: CHILDREN 133.1 M131 2009 - On Shelf,Book::Sutter County Main Branch Children's Area: CHILDREN 133.1 McC - On Shelf"
https://catalog.saclibrary.org/GroupedWork/2858e3b4-a73c-7565-adf9-decdeca45a9e-eng,"The Roanoke Colony: America's first mystery","Schweizer, Chris",9781250174345,,"First Second",2020,"New York","Graphic Novel/Manga;eComic","Graphic Novel/Manga::Carmichael Children's Area: CHILDREN GRAPHIC 975.6175 S413 2020 - On Shelf,Graphic Novel/Manga::Central Kids Place - Lower Level: CHILDREN GRAPHIC 975.6175 S413 2020 - On Shelf,Graphic Novel/Manga::Elk Grove Kids' Place: CHILDREN GRAPHIC 975.6175 S413 2020 - Checked Out"
https://catalog.saclibrary.org/GroupedWork/5fbf21eb-e308-d378-0c70-2245af6c99ac-eng,"Zombies: magic, myth, and mystery","Loh-Hagan, Virginia",9781634711111,,"Cherry Lake Publishing",2017,"Ann Arbor",Book,"Book::Carmichael Children's Area: CHILDREN 398.21 L833 2017 - On Shelf,Book::Elk Grove Kids' Place: CHILDREN 398.21 L833 2017 - On Shelf,Book::Pocket-Greenhaven Kids' Place: CHILDREN 398.21 L833 2017 - On Shelf"
https://catalog.saclibrary.org/GroupedWork/d1890ffb-4302-cf48-5df0-4a465b60eeb9-eng,"Dragons: magic, myth, and mystery","Loh-Hagan, Virginia",9781634713115,,"Cherry Lake Publishing",2017,"Ann Arbor",Book,"Book::Arcade Children's Area: CHILDREN 398.2454 L833 2017 - On Shelf,Book::Carmichael Children's Area: CHILDREN 398.2454 L833 2017 - Checked Out,Book::Sylvan Oaks Children's Area: CHILDREN 398.2454 L833 2017 - On Shelf"
https://catalog.saclibrary.org/GroupedWork/1205c1b9-df4b-769e-a2fe-8b5e8a37816f-eng,"Alien abductions: the unsolved mystery","McCormick, Lisa Wade, 1961-",9781429633932,,"Capstone Press",2010,"Mankato, Minn",Book,"Book::Belle Cooledge Children's Area: CHILDREN 001.942 M131 2010 - On Shelf,Book::Elk Grove Kids' Place: CHILDREN 001.942 M131 2010 - On Shelf,Book::North Natomas Children's Area: CHILDREN 001.942 M131 2010 - On Shelf"
https://catalog.saclibrary.org/GroupedWork/46a31b62-0a6d-3fe7-d9e3-df428f030399-eng,"Werewolves: magic, myth, and mystery","Loh-Hagan, Virginia",9781634711104,,"Cherry Lake Publishing",2017,"Ann Arbor",Book,"Book::Arcade Children's Area: CHILDREN 398.2454 L833 2017 - On Shelf,Book::Carmichael Children's Area: CHILDREN 398.2454 L833 2017 - On Shelf,Book::Pocket-Greenhaven Kids' Place: CHILDREN 398.2454 L833 2017 - On Shelf"
https://catalog.saclibrary.org/GroupedWork/97845fe5-052b-6926-3736-c0f8b3cd2802-eng,"Bigfoot: the unsolved mystery","McCormick, Lisa Wade, 1961-",9781429623261,,"Capstone Press",2009,"Mankato, Minn",Book,"Book::Pocket-Greenhaven Kids' Place: CHILDREN 001.944 M131 2009 - On Shelf,Book::Sutter County Main Branch Children's Area: CHILDREN 001.944 McC - On Shelf"
https://catalog.saclibrary.org/GroupedWork/c68feaad-f3e3-da1e-bab5-79462e8dcfa3-eng,"Vampires: magic, myth, and mystery","Loh-Hagan, Virginia",9781634711098,,"Cherry Lake Publishing",2017,"Ann Arbor",Book,"Book::Pocket-Greenhaven Kids' Place: CHILDREN 398.21 L833 2017 - On Shelf,Book::Rancho Children's Area: CHILDREN 398.21 L833 2017 - On Shelf"
https://catalog.saclibrary.org/GroupedWork/454366c7-b673-e863-ac01-e95cc6c590b9-eng,"Roanoke: the lost colony : an unsolved mystery from history","Yolen, Jane",9780689823213,,"Recorded Books, Inc.; Simon & Schuster Books for Young Readers","2003 - 2015","New York",eAudiobook;Book,"Book::Rio Linda Children's Area: CHILDREN 975.6175 Y54 2003 - On Shelf"
https://catalog.saclibrary.org/GroupedWork/62e55575-adb7-4da2-aafd-99b63496614c-eng,"The Bermuda Triangle: the unsolved mystery","Miller, Connie Colwell, 1976-",9781429623308,,"Capstone Press",2009,"Mankato, Minn",Book,"Book::Carmichael Children's Area: CHILDREN 001.94 M647b 2009 - On Shelf,Book::Belle Cooledge Children's Area: CHILDREN 001.94 M647b 2009 - On Shelf,Book::South Natomas Children's Area: CHILDREN 001.94 M647b 2009 - On Shelf"
https://catalog.saclibrary.org/GroupedWork/cbbe8455-7994-7b49-4e86-c4a2a31d7080-eng,"Near-death experiences: the unsolved mystery","McCormick, Lisa Wade, 1961-",9781429623292,,"Capstone Press",2009,"Mankato, Minn",Book,"Book::Belle Cooledge Children's Area: CHILDREN 133.9013 M131 2009 - On Shelf,Book::Courtland Children's Area: CHILDREN 133.9013 M131 2009 - On Shelf,Book::North Natomas Children's Area: CHILDREN 133.9013 M131 2009 - On Shelf"
https://catalog.saclibrary.org/GroupedWork/453c4de3-aea5-9de6-201b-985f3befd4ff-eng,"Winged wonders: solving the monarch migration mystery","Pincus, Meeg",9781534110403,,"Sleeping Bear Press",2020,"Ann Arbor, Michigan",eBook;Book,"Book::Carmichael Children's Area: CHILDREN 595.789 P647 2020 - In Transit,Book::Central Kids Place - Lower Level: CHILDREN 595.789 P647 2020 - On Shelf,Book::Belle Cooledge Children's Area: CHILDREN 595.789 P647 2020 - On Shelf"
https://catalog.saclibrary.org/GroupedWork/51017bb3-6d40-ae1e-99c4-205f9bb3a393-eng,"The magic & mystery of space","Weider, Shoshana Z",9780593959381,,"DK Publishing",2025,"New York, NY",Book,"Book::Arden-Dimick Children's Area: CHILDREN 520 W417 2025 - Checked Out,Book::Carmichael Children's Area: CHILDREN 520 W417 2025 - On Shelf,Book::Central Kids Place - Lower Level: CHILDREN 520 W417 2025 - On Shelf"
https://catalog.saclibrary.org/GroupedWork/06537e29-8fdc-3cfd-18d9-3de50a01f9cf-eng,"The magic & mystery of trees","Green, Jen",9781465479365,,"DK Publishing",2019,"New York, New York",Book,"Book::Central Kids Place - Lower Level: CHILDREN 634 G796 2019 - On Shelf,Book::Colonial Heights Children's Area: CHILDREN 634 G796 2019 - On Shelf,Book::Belle Cooledge Children's Area: CHILDREN 634 G796 2019 - Checked Out"
https://catalog.saclibrary.org/GroupedWork/51f70364-b996-6873-1700-d772453dea2d-eng,"Psychic powers: the unsolved mystery","McCormick, Lisa Wade, 1961-",9781429633963,,"Capstone Press",2010,"Mankato, Minn",Book,"Book::Southgate Children's Area: CHILDREN 133.8 M131 2010 - On Shelf"
https://catalog.saclibrary.org/GroupedWork/45d0a080-e670-0cad-7404-99e0d9460cae-eng,"Captain Coconut & the case of the missing bananas: a number mystery","Ravishankar, Anushka",9789383145225,,"Tara Books Private Limited",2015,[Chennai],Book,"Book::Carmichael Children's Area: CHILDREN FICTION Ravishankar, A. - On Shelf,Book::Central Kids Place - Lower Level: CHILDREN FICTION Ravishankar, A. - On Shelf,Book::Belle Cooledge Children's Area: CHILDREN FICTION Ravishankar, A. - On Shelf"
https://catalog.saclibrary.org/GroupedWork/595e0105-d206-4125-d343-500f945b6bab-eng,"Follow those zebras: solving a migration mystery","Markle, Sandra",9781541538375,,"Millbrook Press; Lerner Publishing Group",2020,Minneapolis,Book;eAudiobook,"Book::Arcade Children's Area: CHILDREN 591.748 M346 2020 - On Shelf,Book::Carmichael Children's Area: CHILDREN 591.748 M346 2020 - On Shelf,Book::Courtland Children's Area: CHILDREN 591.748 M346 2020 - On Shelf"
https://catalog.saclibrary.org/GroupedWork/3f317355-99d4-e925-909a-203f64eb9e94-eng,"Evidence!: how Dr. John Snow solved the mystery of cholera","Hopkinson, Deborah",9780593426814,,"Alfred A. Knopf; Random House Children's Books",2024,"New York",eBook;Book,"Book::Central Kids Place - Lower Level: CHILDREN BIOGRAPHY Snow, J. 2024 - On Shelf,Book::Colonial Heights Children's Area: CHILDREN BIOGRAPHY Snow, J. 2024 - On Shelf,Book::Elk Grove Kids' Place: CHILDREN BIOGRAPHY Snow, J. 2024 - On Shelf"
https://catalog.saclibrary.org/GroupedWork/d2e7dbc7-e32b-0a4c-6418-a60b8853391a-eng,"The monarchs are missing: a butterfly mystery","Hirsch, Rebecca E",9781512452501,,"Millbrook Press",2018,Minneapolis,Book,"Book::Arcade Children's Area: CHILDREN 595.789 H669 2018 - On Shelf,Book::Carmichael Children's Area: CHILDREN 595.789 H669 2018 - On Shelf,Book::Central Kids Place - Lower Level: CHILDREN 595.789 H669 2018 - On Shelf"
https://catalog.saclibrary.org/GroupedWork/96285259-1918-053b-27e2-f70f7787e30c-eng,"The Loch Ness Monster: the unsolved mystery","Miller, Connie Colwell, 1976-",9781429623285,,"Capstone Press",2009,"Mankato, Minn",Book,"Book::Fair Oaks Children's Area: CHILDREN 001.944 M647 2009 - On Shelf,Book::Pocket-Greenhaven Kids' Place: CHILDREN 001.944 M647 2009 - On Shelf"
https://catalog.saclibrary.org/GroupedWork/f9cd4dca-ed8a-ca6a-ce4d-e97743514fd7-eng,"What good is a dead tree?: a science mystery","Wechsler, Doug",9798348010539,,"Millbrook Press; Lerner Publishing Group",2026,"Minneapolis, MN",eBook;Book,"Book::Arcade Children's Area: CHILDREN 577.3 W386 2026 - On Shelf,Book::Carmichael Children's Area: CHILDREN 577.3 W386 2026 - On Shelf,Book::Del Paso Heights Children's Area: CHILDREN 577.3 W386 2026 - Checked Out"
https://catalog.saclibrary.org/GroupedWork/7d4a6872-05cb-dad6-d1b1-2422c5b07e69-eng,"Orcas everywhere: the mystery and history of killer whales","Leiren-Young, Mark",9781459819986,,"Orca Book Publishers; Perpetual Motion Productions; Findaway Voices","2019 - 2020","British Columbia",eAudiobook;eBook;Book,"Book::Colonial Heights Children's Area: CHILDREN 578 L531 2019 - On Shelf,Book::Franklin Children's: CHILDREN 578 L531 2019 - Checked Out,Book::North Natomas Children's Area: CHILDREN 578 L531 2019 - On Shelf"
https://catalog.saclibrary.org/GroupedWork/09564d0b-585b-2879-9699-fda3841039e4-eng,"The mystery of history: Volume 1, Creation to the Resurrection","Hobar, Linda Lacour",9780615375663,,"Mystery of History",2010,"[United States]","Audiobook - CD","Audiobook - CD::Galt Children's Area: CD CHILDREN 270 H681 2010 v.1 - Checked Out"
https://catalog.saclibrary.org/GroupedWork/fc525435-ff39-da00-09ca-c366d9e3c563-eng,"Hana's suitcase: the quest to solve a Holocaust mystery","Levine, Karen, 1955-",9781101933497,,"Crown Books for Young Readers; Random House Children's Books",2016,"New York",eBook;Book,"Book::Belle Cooledge Children's Area: CHILDREN 940.5318 B812zL 2016 - On Shelf,Book::Fair Oaks Children's Area: CHILDREN 940.5318 B812zL 2016 - On Shelf,Book::South Natomas Children's Area: CHILDREN 940.5318 B812zL 2016 - On Shelf"
https://catalog.saclibrary.org/GroupedWork/90fa85e6-d8a1-e3cc-ca7f-d6a243d4b1e8-eng,"What do we know about the mystery of D. B. Cooper?","Anderson, Kirsten",9780593662571,,"Penguin Workshop; Books on Tape; Penguin Young Readers Group",2024,"New York",eAudiobook;Book;eBook,"Book::Central Kids Place - Lower Level: CHILDREN 364.1552 C776za 2024 - On Shelf,Book::Colonial Heights Children's Area: CHILDREN 364.1552 C776za 2024 - On Shelf,Book::Elk Grove Kids' Place: CHILDREN 364.1552 C776za 2024 - On Shelf"
https://catalog.saclibrary.org/GroupedWork/dd36884e-df15-15c3-97ae-09aef3eb2580-eng,"The case of the vanishing golden frogs: a scientific mystery","Markle, Sandra",9780761351085,,"Lerner Publishing Group|Lerner Publishing Group; Lerner Publishing Group; Milbrook Press","2011 - 2017","Minneapolis, MN",eBook;Book;eAudiobook,"Book::Elk Grove Kids' Place: CHILDREN 597.87 M346 2012 - On Shelf,Book::Galt Children's Area: CHILDREN 597.87 M346 2012 - On Shelf,Book::South Natomas Children's Area: CHILDREN 597.87 M346 2012 - Checked Out"
https://catalog.saclibrary.org/GroupedWork/28b28ee3-d7da-d708-340c-46167b3569c6-eng,"The magic and mystery of Earth: explore the incredible place we call home","Bittel, Jason, 1983-",9798217134113,,"DK; Dorling Kindersley Limited",2026,London,eBook;Book,"Book::Carmichael Children's Area: CHILDREN 508 B624 2026 - On Shelf,Book::Central Kids Place - Lower Level: CHILDREN 508 B624 2026 - On Shelf,Book::Belle Cooledge Children's Area: CHILDREN 508 B624 2026 - On Shelf"
https://catalog.saclibrary.org/GroupedWork/67f29bdd-ee27-8492-6867-5df5db24d2d2-eng,"The case of the vanishing little brown bats: a scientific mystery","Markle, Sandra",9781467714631,,"Millbrook Press; Lerner Publishing Group","2015 - 2020",Minneapolis,eBook;Book,"Book::Central Kids Place - Lower Level: CHILDREN 599.472 M346 2015 - On Shelf,Book::Belle Cooledge Children's Area: CHILDREN 599.472 M346 2015 - Checked Out,Book::Elk Grove Kids' Place: CHILDREN 599.472 M346 2015 - On Shelf"
https://catalog.saclibrary.org/GroupedWork/dbb4552a-3cce-d80e-36a0-275c4a6a778f-eng,"The Mary Celeste: An unsolved mystery from history","Yolen, Jane",9780689810794,,"Simon & Schuster Books for Young Readers",1999,"New York",Book,"Book::Carmichael Children's Area: CHILDREN 910.452 Y54 1999 - On Shelf,Book::Colusa Main Branch Juvenile Collection: J 910.452 - On Shelf,Book::Princeton Branch Library Juvenile Collection: J 910.452 Y - On Shelf"
https://catalog.saclibrary.org/GroupedWork/2c7f65a1-13ce-b9d1-8362-fb50cb8f4957-eng,"Charles Darwin and the mystery of mysteries","Eldredge, Niles",9781596433748,,"Rb Flash Point",2010,"New York",Book,"Book::Southgate Teen Area: TEEN BIOGRAPHY Darwin, C. 2010 - On Shelf"
https://catalog.saclibrary.org/GroupedWork/d6d55866-62f0-fe25-df47-73926a8f26ac-eng,"Red madness: how a medical mystery changed what we eat","Jarrow, Gail",9781590787328,,"Recorded Books, Inc.; Astra Publishing House; Calkins Creek","2014 - 2025","Honesdale, Pa",eAudiobook;eBook;Book,"Book::Carmichael Children's Area: CHILDREN 614.4 J37 2014 - On Shelf,Book::Rancho Children's Area: CHILDREN 614.4 J37 2014 - On Shelf,Book::Folsom Children's Area: CHILDREN 614.4 JAR 2014 - On Shelf"
https://catalog.saclibrary.org/GroupedWork/1aff012e-f234-4578-924f-5b1ba5b1c194-eng,"Mesmerized: how Ben Franklin solved a mystery that baffled all of France","Rockliff, Mara",9780763663513,,"Candlewick Press","2015 - 2020","Somerville, Mass",eBook;Book,"Book::Arcade Children's Area: CHILDREN 615.85 R683 2015 - On Shelf,Book::Carmichael Children's Area: CHILDREN 615.85 R683 2015 - On Shelf,Book::Central Kids Place - Lower Level: CHILDREN 615.85 R683 2015 - On Shelf"
https://catalog.saclibrary.org/GroupedWork/f7b5c856-298b-ca7a-e6aa-9a51bf64710b-eng,"Sharks forever: the mystery and history of the planet's perfect predator","Leiren-Young, Mark",9781459827561,,"Orca Book Publishers",2022,"[Toronto, Ontario]",eBook;Book,"Book::Carmichael Children's Area: CHILDREN 597.3 L531 2022 - On Shelf,Book::Central Kids Place - Lower Level: CHILDREN 597.3 L531 2022 - On Shelf,Book::Fair Oaks Children's Area: CHILDREN 597.3 L531 2022 - Checked Out"
https://catalog.saclibrary.org/GroupedWork/f735a81d-d202-f2b9-8f64-ab6720742efe-eng,"Tutankhamun: the mystery of the boy king","Hawass, Zahi A",9780792283546,,"National Geographic",2005,"Washington, D.C",Book,"Book::North Natomas Children's Area: CHILDREN BIOGRAPHY Tutankhamen 2005 - On Shelf,Book::Valley Hi-North Laguna Children's Area: CHILDREN BIOGRAPHY Tutankhamen 2005 - On Shelf,Book::Folsom Children's Area: CHILDREN 932 HAW 2005 - On Shelf"
https://catalog.saclibrary.org/GroupedWork/40644519-d97a-3625-5118-347be3ec0c72-eng,"The Loch Ness monster: Scotland's mystery beast","DeMolay, Jack",9781404234062,,"The Rosen Pub. Group's",2007,"New York",Book,"Book::Rancho Children's Area: CHILDREN 001.944 D383L 2007 - On Shelf"
https://catalog.saclibrary.org/GroupedWork/4351b8cd-77a2-9ff5-2939-8e69bd25a4e9-eng,"Roanoke: the mystery of the Lost Colony","Miller, Lee",9780439712668,,"Scholastic Nonfiction",2007,"New York",Book,"Book::North Natomas Children's Area: CHILDREN 975.6175 M648 2007 - On Shelf"
https://catalog.saclibrary.org/GroupedWork/c32ebac0-6411-4592-3fdc-d98fb17eef8e-eng,"The bones of Birka: unraveling the mystery of a female Viking warrior","Surrisi, C. M",9781641607063,,"Chicago Review Press",2023,Chicago,eBook;Book,"Book::Central Kids Place - Lower Level: CHILDREN 948.73 S962 2023 - On Shelf,Book::Elk Grove Kids' Place: CHILDREN 948.73 S962 2023 - On Shelf,Book::Franklin Children's: CHILDREN 948.73 S962 2023 - On Shelf"
https://catalog.saclibrary.org/GroupedWork/1c32cdbf-6b99-42a7-69b5-3b2bb7c79ed4-eng,"Max Disaster: #2, Alien Eraser unravels the mystery of the pyramids","Moss, Marissa",9780763644086,,"Candlewick Press",2009,"Somerville, Mass",Book,"Book::Carmichael Children's Area: MOVING UP Moss, M. v.2 - On Shelf,Book::Elk Grove Kids' Place: MOVING UP Moss, M. v.2 - On Shelf,Book::Orangevale: MOVING UP Moss, M. v.2 - On Shelf"
https://catalog.saclibrary.org/GroupedWork/15af46fe-a935-54d7-cea9-3d93f865e143-eng,"The whale scientists: solving the mystery of whale strandings","Hodgkins, Fran, 1964-",9780618556731,,"Houghton Mifflin Co",2007,Boston,Book,"Book::Elk Grove Kids' Place: CHILDREN 599.5 H689 2007 - On Shelf,Book::North Natomas Children's Area: CHILDREN 599.5 H689 2007 - On Shelf"
https://catalog.saclibrary.org/GroupedWork/bec7d785-ea02-7bfe-4866-e934bc871705-eng,"Escape from Alcatraz: the mystery of the three men who escaped from the Rock","Braun, Eric, 1971-",9781515745525,,"Capstone Press, a capstone imprint; Capstone Press; Capstone",2017,"North Mankato, Minnesota",eAudiobook;eBook;Book,"Book::Pocket-Greenhaven Kids' Place: CHILDREN 365.979 B825 2017 - On Shelf,Book::Rancho Children's Area: CHILDREN 365.979 B825 2017 - On Shelf"
https://catalog.saclibrary.org/GroupedWork/848d0bda-d62c-39d3-03c9-3d686d1df9a8-eng,"What's a germ Joseph Lister?: the medical mystery that forever changed the way we heal","Alexander, Lori",9780358538172,,"Clarion Books, an imprint of HarperCollinsPublishers; HarperCollins",2023,"New York, NY",eAudiobook;eBook;Book,"Book::Carmichael Children's Area: CHILDREN 509.2 A376 2023 - On Shelf,Book::Central Kids Place - Lower Level: CHILDREN 509.2 A376 2023 - On Shelf,Book::Belle Cooledge Children's Area: CHILDREN 509.2 A376 2023 - On Shelf"
https://catalog.saclibrary.org/GroupedWork/d667e122-b85e-6e31-2344-aeb49713d812-eng,"The case of the vanishing honey bees: a scientific mystery","Markle, Sandra",9781467705929,,"Millbrook Press",2014,Minneapolis,Book,"Book::Belle Cooledge Children's Area: CHILDREN 595.799 M346 2014 - Checked Out,Book::Elk Grove Kids' Place: CHILDREN 595.799 M346 2014 - On Shelf,Book::North Natomas Children's Area: CHILDREN 595.799 M346 2014 - On Shelf"
https://catalog.saclibrary.org/GroupedWork/60733d87-4798-8c95-a34a-62bb3e0a639e-eng,"First look at a black hole: how a photograph solved a space mystery","Smith-Llera, Danielle, 1971-",9780756566142,,"Compass Point Books, a Capstone imprint; Capstone","2020 - 2021","North Mankato, Minnesota",eBook;Book,"Book::Arcade Children's Area: CHILDREN 523.8875 S654 2021 - Checked Out,Book::Franklin Children's: CHILDREN 523.8875 S654 2021 - On Shelf,Book::North Natomas Children's Area: CHILDREN 523.8875 S654 2021 - On Shelf"
https://catalog.saclibrary.org/GroupedWork/bbe5f2fd-27b7-5dd5-6af9-ca04c05c7351-eng,"The great space case: a mystery about astronomy","Beauregard, Lynda",9781467701693,,"Graphic Universe",2013,Minneapolis,"Graphic Novel/Manga","Graphic Novel/Manga::Orangevale: CHILDREN GRAPHIC NOVEL Beauregard, L. - On Shelf"
https://catalog.saclibrary.org/GroupedWork/229ceb04-12bd-3478-1a76-b4f8dc7d88fe-eng,"The first dinosaur: how science solved the greatest mystery on earth","Lendler, Ian",9781534427006,,"Margaret K. McElderry Books",2019,"New York",Book,"Book::North Sacramento-Hagginwood Children's Area: CHILDREN 560.9 L564 2019 - On Shelf,Book::Valley Hi-North Laguna Children's Area: CHILDREN 560.9 L564 2019 - On Shelf,Book::Folsom Children's Area: CHILDREN 560.9 LEN 2019 - Checked Out"
https://catalog.saclibrary.org/GroupedWork/281c8be1-7010-405c-95ca-b07c71b0f488-eng,"Crash from outer space: unraveling the mystery of flying saucers, alien beings, and Roswell","Fleming, Candace",9781338829464,,"Scholastic Focus; Scholastic Inc.",2022,"New York",eBook;Book,"Book::Pocket-Greenhaven Kids' Place: CHILDREN 001.942 F597 2022 - On Shelf,Book::Folsom Children's Area: CHILDREN 001.942 FLE 2022 - On Shelf,Book::Woodland Public Library Children's Area: CHILDREN 001.942 Fle 2022 - Checked Out"
https://catalog.saclibrary.org/GroupedWork/2fe71efa-45bc-c1ec-34c5-283d9f66a97b-eng,"Seabird in the forest: the mystery of the marbled murrelet","Dunning, Joan, 1948-",9781590787151,,"Boyds Mills Press",2011,"Honesdale, Pa",Book,"Book::Galt Children's Area: CHILDREN 598.33 D924 2011 - On Shelf,Book::North Natomas Children's Area: CHILDREN 598.33 D924 2011 - On Shelf,Book::Arbuckle Branch Library Juvenile Collection: J 598.33 D - On Shelf"
https://catalog.saclibrary.org/GroupedWork/f22c4e8a-9fb7-ab3e-0117-720f4c55c2be-eng,"Futureface: a family mystery, a search for identity, and the truth about belonging","Wagner, Alex",9781984896629,,"Books on Tape; Delacorte Press",2020,"New York",eAudiobook;Book,"Book::Carmichael Children's Area: CHILDREN BIOGRAPHY Wagner, A. 2020 - On Shelf,Book::Franklin Children's: CHILDREN BIOGRAPHY Wagner, A. 2020 - On Shelf,Book::North Natomas Children's Area: CHILDREN BIOGRAPHY Wagner, A. 2020 - On Shelf"
https://catalog.saclibrary.org/GroupedWork/6fa744e7-f080-e35e-05fb-fee6bc627fc1-eng,"A first book of fairy tales: uncover stories of magic and mystery","Hoffman, Mary Ann, 1947-",9780593843628,,"DK Publishing",2024,"New York, New York",Book,"Book::Carmichael Children's Area: CHILDREN 398.2 H711 2024 - On Shelf,Book::Central Kids Place - Lower Level: CHILDREN 398.2 H711 2024 - On Shelf,Book::Belle Cooledge Children's Area: CHILDREN 398.2 H711 2024 - Checked Out"
https://catalog.saclibrary.org/GroupedWork/8a138566-76ea-29ff-4a07-e841f2069921-eng,"A mind of her own: the story of mystery writer Agatha Christie","McGrath, Robyn",9781665917933,,"Beach Lane Books",2024,"New York",Book,"Book::Carmichael Children's Area: CHILDREN BIOGRAPHY Christie, A. 2024 - On Shelf,Book::Central Kids Place - Lower Level: CHILDREN BIOGRAPHY Christie, A. 2024 - On Shelf,Book::Colonial Heights Children's Area: CHILDREN BIOGRAPHY Christie, A. 2024 - On Shelf"
https://catalog.saclibrary.org/GroupedWork/7afc31bc-384e-cba0-1408-5813b44d7665-eng,"Breaking the spell: stories of magic and mystery from Scotland","Don, Lari",9781847803429,,"Frances Lincoln Children's Books",2014,London,Book,"Book::Central Kids Place - Lower Level: CHILDREN 398.209411 D674 2014 - On Shelf,Book::Walnut Grove Children's Area: CHILDREN 398.209411 D674 2014 - On Shelf"
https://catalog.saclibrary.org/GroupedWork/cdfc43a3-31c5-8ca8-147e-ce0f881de700-eng,"Lucy long ago: uncovering the mystery of where we came from","Thimmesh, Catherine",9780547051994,,"Houghton Mifflin Harcourt",2009,Boston,Book,"Book::Carmichael Children's Area: CHILDREN 569.93 T443 2009 - On Shelf,Book::Central Kids Place - Lower Level: CHILDREN 569.93 T443 2009 - On Shelf,Book::Folsom Children's Area: CHILDREN 569.93 THI 2009 - On Shelf"
https://catalog.saclibrary.org/GroupedWork/a2b27644-0e27-90b2-0c09-4cb6825f743b-eng,"Scooby-Doo! a number comparisons mystery: the case of the lunchroom gobbler","Weakland, Mark",9781491415429,,"Capstone Press, a Capstone Imprint",2015,"North Mankato, Minnesota",Book,"Book::McKinley Children's Area: CHILDREN 512.7 W361 2015 - On Shelf,Book::North Natomas Children's Area: CHILDREN 512.7 W361 2015 - On Shelf"
https://catalog.saclibrary.org/GroupedWork/fb99989e-8c49-373b-b586-4b873cf88aab-eng,"Trapped in Terror Bay: solving the mystery of the lost Franklin Expedition","Brouwer, Sigmund, 1959-",9781525303456,,"Kids Can Press",2022,"Toronto, ON",Book,"Book::Arcade Children's Area: CHILDREN 910 B876 2022 - On Shelf,Book::Carmichael Children's Area: CHILDREN 910 B876 2022 - On Shelf,Book::Central Kids Place - Lower Level: CHILDREN 910 B876 2022 - On Shelf"
https://catalog.saclibrary.org/GroupedWork/fb20965a-1ea9-f6f4-d477-ce8f5aa58252-eng,"The doomsday detectives: how Walter and Luis Alvarez solved the mystery of dinosaur extinction","Jenson-Elliott, Cynthia L",9781643791098,,"Tu Books, an imprint of Lee and Low Books Inc",2025,"New York",Book,"Book::Carmichael Children's Area: CHILDREN 576.84 J548 2025 - On Shelf,Book::Central Kids Place - Lower Level: CHILDREN 576.84 J548 2025 - On Shelf,Book::Belle Cooledge Children's Area: CHILDREN 576.84 J548 2025 - On Shelf"
https://catalog.saclibrary.org/GroupedWork/c7340ed8-a27f-9884-9326-91e34eb24dba-eng,"Seeds of discovery: how Barbara McClintock used corn and curiosity to solve a science mystery and win a Nobel Prize","Alexander, Lori",9780063245990,,"Clarion Books, an imprint of HarperCollinsPublishers; HarperCollins",2025,"New York, NY",eAudiobook;Book;eBook,"Book::Carmichael Children's Area: CHILDREN BIOGRAPHY McClintock, B. 2025 - On Shelf,Book::Central Kids Place - Lower Level: CHILDREN BIOGRAPHY McClintock, B. 2025 - Checked Out,Book::Colonial Heights Children's Area: CHILDREN BIOGRAPHY McClintock, B. 2025 - On Shelf"
https://catalog.saclibrary.org/GroupedWork/3ac434ab-ed37-ea34-7a35-eadf29c5a03f-eng,"Mammoth bones and broken stones: the mystery of North America's first people","Harrison, David L. (David Lee), 1937-",9781590785614,,"Boyds Mills Press",2010,"Honesdale, Pa",Book,"Book::Carmichael Children's Area: CHILDREN 970.01 H318 2010 - On Shelf,Book::Courtland Children's Area: CHILDREN 970.01 H318 2010 - On Shelf"
https://catalog.saclibrary.org/GroupedWork/1604c8f6-86ef-01e3-d61a-e583ca9913fa-eng,"What happened at midnight","Dixon, Franklin W",9780448089102,,"Applewood; Phoenix Books, Inc.; Grosset & Dunlap","1995 - 2000","Bedford, MA; New York",eAudiobook;Book,"Book::North Natomas Children's Area: CHILDREN FICTION Dixon, F. - Checked Out,Book::North Sacramento-Hagginwood Children's Area: CHILDREN FICTION Dixon, F. - On Shelf,Book::Valley Hi-North Laguna Children's Area: CHILDREN FICTION Dixon, F. - Checked Out"
https://catalog.saclibrary.org/GroupedWork/7670f5a0-6d3e-38eb-8710-3c3454ca2793-eng,"Air & sea mysteries","Hamilton, Sue L., 1959-",9781599288376,,"ABDO Pub. Co; ABDO Publishing Company","2007 - 2008","Edina, MN",eBook;Book,"Book::Belle Cooledge Children's Area: CHILDREN 629.1309 H221 2008 - On Shelf,Book::Sylvan Oaks Children's Area: CHILDREN 629.1309 H221 2008 - On Shelf,Book::Folsom Children's Area: CHILDREN 629.1309 HAM 2008 - On Shelf"
https://catalog.saclibrary.org/GroupedWork/60f15105-1d01-39e7-1815-51322eea8b02-eng,"The secret of the wooden lady","Keene, Carolyn",9780448095271,,"Grosset & Dunlap; Penguin Young Readers Group","1950 - 1995","New York",eBook;Book,"Book::Carmichael Children's Area: CHILDREN FICTION Keene, C. - On Hold Shelf,Book::Elk Grove Kids' Place: CHILDREN FICTION Keene, C. - On Hold Shelf,Book::North Natomas Children's Area: CHILDREN FICTION Keene, C. - On Shelf"
https://catalog.saclibrary.org/GroupedWork/7568949f-f21a-78ab-23da-b5a689be2cbb-eng,"The Boxcar Children guide to adventure: a how-to for mystery solving, make-it-yourself projects, and more",,9780807509050,,"Albert Whitman & Company",2014,"Chicago, Illinois",Book,"Book::Carmichael Children's Area: CHILDREN 790.1922 W281 2014 - On Shelf,Book::Courtland Children's Area: CHILDREN 790.1922 W281 2014 - On Shelf,Book::Galt Children's Area: CHILDREN 790.1922 W281 2014 - In Transit"
https://catalog.saclibrary.org/GroupedWork/73c9aa24-d437-1e99-033f-d3fdc1ecfb03-eng,"Mysteries of the constellations","Nargi, Lela",9781496680815,,"Capstone; Capstone Press, a Capstone imprint","2020 - 2021","North Mankato, Minnesota",eBook;Book,"Book::Arcade Children's Area: CHILDREN 523.8 N228 2021 - Checked Out,Book::Carmichael Children's Area: CHILDREN 523.8 N228 2021 - On Shelf,Book::Central Kids Place - Lower Level: CHILDREN 523.8 N228 2021 - On Shelf"
https://catalog.saclibrary.org/GroupedWork/5a22fd57-0279-7c76-4350-f514ddaffa61-eng,"Mysteries of the universe","Nargi, Lela",9781496680808,,"Capstone; Capstone Press, a Capstone imprint","2020 - 2021","North Mankato, Minnesota",eBook;Book,"Book::Carmichael Children's Area: CHILDREN 523.1 N228 2021 - On Shelf,Book::Central Kids Place - Lower Level: CHILDREN 523.1 N228 2021 - On Shelf,Book::Elk Grove Kids' Place: CHILDREN 523.1 N228 2021 - Checked Out"
https://catalog.saclibrary.org/GroupedWork/35fa1bf5-268a-c72e-530d-d840c054564c-eng,"Mysteries of meteors, asteroids, and comets","Labrecque, Ellen",9781496680778,,"Capstone; Capstone Press, a Capstone imprint","2020 - 2021","North Mankato, Minnesota",eBook;Book,"Book::Arcade Children's Area: CHILDREN 523.5 L126 2021 - On Shelf,Book::Carmichael Children's Area: CHILDREN 523.5 L126 2021 - On Shelf,Book::Elk Grove Kids' Place: CHILDREN 523.5 L126 2021 - Checked Out"
https://catalog.saclibrary.org/GroupedWork/fba12261-f756-3398-11af-de0fc59b53b8-eng,"Mysteries of planets, stars, and galaxies","Nargi, Lela",9781496680792,,"Capstone; Capstone Press, a Capstone imprint","2020 - 2021","North Mankato, Minnesota",eBook;Book,"Book::Carmichael Children's Area: CHILDREN 523.4 N228 2021 - On Shelf,Book::Elk Grove Kids' Place: CHILDREN 523.4 N228 2021 - Checked Out,Book::Fair Oaks Children's Area: CHILDREN 523.4 N228 2021 - On Shelf"
https://catalog.saclibrary.org/GroupedWork/b7466bc9-cbe8-b684-67a2-cc999c0617ea-eng,"Mysteries of moons and moon phases","Labrecque, Ellen",9781496680785,,"Capstone; Capstone Press, a Capstone imprint","2020 - 2021","North Mankato, Minnesota",eBook;Book,"Book::Arcade Children's Area: CHILDREN 523.3 L126 2021 - On Shelf,Book::Carmichael Children's Area: CHILDREN 523.3 L126 2021 - On Shelf,Book::Elk Grove Kids' Place: CHILDREN 523.3 L126 2021 - On Shelf"
https://catalog.saclibrary.org/GroupedWork/08d88cd1-6670-f73a-3d28-fd86d79ef7bd-eng,"Mysteries of black holes and dark matter","Labrecque, Ellen",9781496680754,,"Capstone; Capstone Press, a Capstone imprint","2020 - 2021","North Mankato, Minnesota",eBook;Book,"Book::Del Paso Heights Children's Area: CHILDREN 523.8875 L126 2021 - On Shelf,Book::Elk Grove Kids' Place: CHILDREN 523.8875 L126 2021 - On Shelf,Book::North Natomas Children's Area: CHILDREN 523.8875 L126 2021 - On Shelf"
https://catalog.saclibrary.org/GroupedWork/30b8a670-3cec-59c5-acd4-ac6ae8872706-eng,"Mummies, myths, and mysteries","Gutman, Dan",9780062673138,,"HarperCollins; Harper, an imprint of HarperCollinsPublishers",2019,"New York, NY",eBook;Book,"Book::Central Kids Place - Lower Level: CHILDREN 793 G984 2019 - Checked Out"
https://catalog.saclibrary.org/GroupedWork/fd65f6fb-dd21-83d0-6648-9f06087c14b1-eng,"12 unsolved mysteries","Terrell, Brandon, 1978-",9781632353481,,"Amicus Publish/12-Story Library; 12-Story Library",2017,"Mankato, MN",eBook;Book,"Book::North Natomas Children's Area: CHILDREN 001.94 T325 2017 - On Shelf,Book::Valley Hi-North Laguna Children's Area: CHILDREN 001.94 T325 2017 - On Shelf"
https://catalog.saclibrary.org/GroupedWork/829c3967-8942-38f3-d8dd-f5eab8f9c096-eng,"Anno's mysterious multiplying jar","Anno, Masaichirō",9780698117532,,"Penguin Putnam Books for Young Readers; Philomel Books","1983 - 1999","New York; New York, NY",Book,"Book::North Natomas Children's Area: CHILDREN 512 A615 1999 - On Shelf"
https://catalog.saclibrary.org/GroupedWork/2067b657-5592-0be4-2181-93bfee952366-eng,"Sea secrets: tiny clues to a big mystery / written by Mary M. Cerullo & Beth E. Simmons ; illustrated by Kirsten Carlson","Cerullo, Mary M",9780977960392,,"Moonlight Pub",2008,"Lafayette, Colo",Book,"Book::Valley Hi-North Laguna Children's Area: CHILDREN 577.716 C418 2008 - On Shelf"
https://catalog.saclibrary.org/GroupedWork/cb1419fb-6d8f-ff2a-e785-8505b81ad2b4-eng,"Spooky lakes: 25 strange and mysterious lakes that dot our planet","Rutherford, Geo",9781419770531,,"Tantor Media, Inc; Abrams Books for Young Readers",2024,"New York",eAudiobook;eBook;Book,"Book::Central Kids Place - Lower Level: OVERSIZE CHILDREN 551.482 R975 2024 - On Shelf,Book::Belle Cooledge Children's Area: OVERSIZE CHILDREN 551.482 R975 2024 - Checked Out,Book::Courtland Children's Area: OVERSIZE CHILDREN 551.482 R975 2024 - On Shelf"
https://catalog.saclibrary.org/GroupedWork/f9dbadfd-52d1-5600-18c2-9bf506863dab-eng,"UFOhs!: mysteries in the sky","Blumenthal, Deborah",9780826364951,,"Tantor Media, Inc.; University of New Mexico Press",2023,"Albuquerque, NM",eBook;Book;eAudiobook,"Book::Colonial Heights Children's Area: CHILDREN 001.942 B658 2023 - On Shelf,Book::Fair Oaks Children's Area: CHILDREN 001.942 B658 2023 - On Shelf,Book::Franklin Children's: CHILDREN 001.942 B658 2023 - On Shelf"
https://catalog.saclibrary.org/GroupedWork/3b203f33-e614-eaa6-811a-3b5e2c00016c-eng,"Many things under a rock: the mysteries of octopuses","Scheel, David",9781324020691,,"Norton Young Readers, an imprint of W.W. Norton & Company; Highbridge Company; HighBridge; W.W. Norton & Company","2023 - 2025","New York, N.Y; New York, NY",eAudiobook;Book,"Book::Carmichael Children's Area: CHILDREN 594.56 S315 2025 - On Shelf,Book::Belle Cooledge Children's Area: CHILDREN 594.56 S315 2025 - Checked Out,Book::Courtland Children's Area: CHILDREN 594.56 S315 2025 - On Shelf"
https://catalog.saclibrary.org/GroupedWork/df0c86ec-21fe-026f-f9db-c301f7603369-eng,"Investigating space mysteries","Downs, Mike",9781731649355,,"Rourke Educational Media","2021 - 2022","[Vero Beach, FL]",eBook;Book,"Book::Arcade Children's Area: CHILDREN 629.4 D751 2022 - On Shelf,Book::Carmichael Children's Area: CHILDREN 629.4 D751 2022 - On Shelf,Book::Central Kids Place - Lower Level: CHILDREN 629.4 D751 2022 - On Shelf"
https://catalog.saclibrary.org/GroupedWork/9582c641-4976-1a72-cb84-67dfdcdb614d-eng,"Histories and mysteries","Paquette, Ammi-Joan",9780062418869,,"HarperCollins; Walden Pond Press, an imprint of HarperCollinsPublishers",2018,"New York, NY",eBook;Book,"Book::Arcade Children's Area: CHILDREN 909 P219 2018 - On Shelf,Book::Carmichael Children's Area: CHILDREN 909 P219 2018 - On Shelf,Book::Franklin Children's: CHILDREN 909 P219 2018 - On Shelf"
https://catalog.saclibrary.org/GroupedWork/81670068-5eba-ecac-e33c-05d84342fe9d-eng,"The Zodiac killer: terror and mystery","Haugen, Brenda",9780756543570,,"Compass Point Books",2011,"Mankato, Minn",Book,"Book::Sylvan Oaks Teen Area: TEEN 364.1523 H371 2011 - Checked Out,Book::Sacramento Public Library Storage: TEEN 364.1523 H371 2011 - On Shelf"
https://catalog.saclibrary.org/GroupedWork/68f59e3e-4583-dd40-6583-b44ec8679688-eng,"Real-life mysteries & disasters","Martineau, Susan",9798217116300,,"Bright Matter Books",2025,"New York, NY",Book,"Book::Central Kids Place - Lower Level: CHILDREN 001.94 M385 2025 - Checked Out,Book::Franklin Children's: CHILDREN 001.94 M385 2025 - Checked Out,Book::Isleton Children's Area: CHILDREN 001.94 M385 2025 - On Shelf"
https://catalog.saclibrary.org/GroupedWork/8892d46f-2d7e-c998-1394-4c65b0d20f48-eng,"Mysterious, marvelous octopus","Towler, Paige",9781426376672,,"National Geographic",2024,"Washington, D.C",Book,"Book::Carmichael Children's Area: CHILDREN 594.56 T742 2024 - On Shelf,Book::Central Kids Place - Lower Level: CHILDREN 594.56 T742 2024 - On Shelf,Book::Belle Cooledge Children's Area: CHILDREN 594.56 T742 2024 - Checked Out"
https://catalog.saclibrary.org/GroupedWork/82842130-d440-6b33-946c-6f533cabeeed-eng,"Mysterious UFOs and aliens","Kenney, Karen Latchana",9781512456066,,"Lerner Publishing Group; Lerner Publications",2017,Minneapolis,eBook;Book,"Book::South Natomas Children's Area: CHILDREN 001.942 K366 2017 - On Shelf,Book::North Natomas Children's Area: CHILDREN 001.942 K366 2017 - On Shelf,Book::North Sacramento-Hagginwood Children's Area: CHILDREN 001.942 K366 2017 - On Shelf"
https://catalog.saclibrary.org/GroupedWork/1db6a1b8-c782-ed36-0487-1ad2af0f2525-eng,"The universe-- mysteries and marvels","Hankin, Rebecca",9780716695462,,"World Book","2010 - 2017","Chicago, Illinois; Chicago, IL",Book,"Book::Arcade Children's Area: CHILDREN 523.1 H241 2017 - On Shelf,Book::Carmichael Children's Area: CHILDREN 523.1 H241 2017 - On Shelf"
https://catalog.saclibrary.org/GroupedWork/617af6db-d832-c6c7-81aa-6c46676ac571-eng,"What were the pyramids?: solving the mysteries of the past","Samuels, Charlie, 1961-",9781502627988,,"Cavendish Square",2018,"New York, NY",Book,"Book::Carmichael Children's Area: CHILDREN 932 S193 2018 - On Shelf,Book::Central Kids Place - Lower Level: CHILDREN 932 S193 2018 - On Shelf,Book::Franklin Children's: CHILDREN 932 S193 2018 - On Shelf"
https://catalog.saclibrary.org/GroupedWork/c19c9530-5f8b-bae1-18cd-8a1f851dc3de-eng,"What was Stonehenge for?: solving the mysteries of the past","Croy, Anita",9781502627940,,"Cavendish Square",2018,"New York, NY",Book,"Book::Carmichael Children's Area: CHILDREN 936.2319 C954 2018 - On Shelf,Book::Elk Grove Kids' Place: CHILDREN 936.2319 C954 2018 - Checked Out,Book::McClatchy Children's Area: CHILDREN 936.2319 C954 2018 - On Shelf"
https://catalog.saclibrary.org/GroupedWork/928be23a-71e8-2822-d16f-6912e92719ba-eng,"Catching cryptids: the scientific search for mysterious creatures","Long, Kim",9780762485758,,"Running Press Kids; Running Press",2025,Philadelphia,eBook;Book,"Book::Fair Oaks Children's Area: CHILDREN 001.944 L848 2025 - On Shelf,Book::Galt Children's Area: CHILDREN 001.944 L848 2025 - On Shelf,Book::Isleton Children's Area: CHILDREN 001.944 L848 2025 - On Shelf"
https://catalog.saclibrary.org/GroupedWork/996a726f-e004-bf1e-c8d6-62ef5e55d16a-eng,"Mysteries of UFOs","Walker, Kathryn",9780778741589,,Crabtree,2009,"New York, NY",Book,"Book::Belle Cooledge Children's Area: CHILDREN 001.942 W181m 2009 - On Shelf"
https://catalog.saclibrary.org/GroupedWork/94644597-76a5-5371-d4a1-5942c7e7e57e-eng,"What happened to Pompeii?: solving the mysteries of the past","Samuels, Charlie, 1961-",9781502628022,,"Cavendish Square",2018,"New York, NY",Book,"Book::Carmichael Children's Area: CHILDREN 937.72568 S193 2018 - On Shelf,Book::Central Kids Place - Lower Level: CHILDREN 937.72568 S193 2018 - On Shelf,Book::Rancho Children's Area: CHILDREN 937.72568 S193 2018 - On Shelf"
https://catalog.saclibrary.org/GroupedWork/90291f3c-709d-c965-2add-7ad2509eea80-eng,"Mysteries of water monsters","Walker, Kathryn",9780778741596,,"Crabtree Pub",2009,"New York, NY",Book,"Book::Carmichael Children's Area: CHILDREN 001.944 W181m 2009 - On Shelf,Book::Belle Cooledge Children's Area: CHILDREN 001.944 W181m 2009 - Checked Out,Book::North Natomas Children's Area: CHILDREN 001.944 W181m 2009 - On Shelf"
https://catalog.saclibrary.org/GroupedWork/38484fc4-623b-dfd0-9d11-bd73255c8a27-eng,"How did Rome rise and fall?: solving the mysteries of the past","Croy, Anita",9781502628060,,"Cavendish Square",2018,"New York, NY",Book,"Book::Carmichael Children's Area: CHILDREN 937.06 C954 2018 - On Shelf,Book::Fair Oaks Children's Area: CHILDREN 937.06 C954 2018 - On Shelf,Book::Orangevale: CHILDREN 937.06 C954 2018 - On Shelf"
https://catalog.saclibrary.org/GroupedWork/6b2bdf5f-5a55-82ad-52f1-3bf00d049b0d-eng,"Monster hunt: exploring mysterious creatures","Arnosky, Jim",9781423130284,,"Disney/Hyperion Books",2011,"New York",Book,"Book::North Natomas Children's Area: CHILDREN 398.469 A763 2011 - On Shelf,Book::Pocket-Greenhaven Kids' Place: CHILDREN 398.469 A763 2011 - On Shelf,Book::Southgate Children's Area: CHILDREN 398.469 A763 2011 - On Shelf"
https://catalog.saclibrary.org/GroupedWork/68b7bc69-6533-ff88-db20-ed4d67028968-eng,"What became of the Aztec cities?: solving the mysteries of the past","Croy, Anita",9781502628008,,"Cavendish Square",2018,"New York, NY",Book,"Book::McKinley Children's Area: CHILDREN 972.53 C954w 2018 - On Shelf,Book::Pocket-Greenhaven Kids' Place: CHILDREN 972.53 C954w 2018 - On Shelf,Book::Valley Hi-North Laguna Children's Area: CHILDREN 972.53 C954w 2018 - On Shelf"
https://catalog.saclibrary.org/GroupedWork/3e6caf3b-730d-6b38-3b36-ebf8db62daaa-eng,"All creation waits children's edition: the Advent mystery of new beginnings","Boss, Gayle",9781640608283,,"Paraclete Press",2023,"Brewster, Massachusetts",Book,"Book::Elk Grove Children's Opening Day Collection: ON ORDER - On Order,Book::Sacramento Public Library Children: ON ORDER - On Order,Book::Sutter County Main Branch Children's Area: CHILDREN 242 BOS - Checked Out"
https://catalog.saclibrary.org/GroupedWork/ba037002-e17f-eacd-cab0-5b084e767cf0-eng,"Bats!: mysterious and misunderstood mammals","Lukidis, Lydia",9798875216817,,"Capstone Press",2025,"North Mankato, Minnesota",Book,"Book::Carmichael Children's Area: CHILDREN 599.4 L954 2026 - On Shelf,Book::Central Kids Place - Lower Level: CHILDREN 599.4 L954 2026 - On Shelf,Book::Belle Cooledge Children's Area: CHILDREN 599.4 L954 2026 - Checked Out"
https://catalog.saclibrary.org/GroupedWork/e115a149-92ac-c48c-b77b-b65cbabe0daf-eng,"Ali Cross, the graphic novel","Patterson, James, 1947-",9780316454988,,"JIMMY Patterson Books/Little, Brown and Company",2024,"New York","Graphic Novel/Manga","Graphic Novel/Manga::Central Kids Place - Lower Level: CHILDREN GRAPHIC NOVEL Ali Cross v.1 - On Shelf,Graphic Novel/Manga::Belle Cooledge Children's Area: CHILDREN GRAPHIC NOVEL Ali Cross v.1 - Checked Out,Graphic Novel/Manga::Elk Grove Kids' Place: CHILDREN GRAPHIC NOVEL Ali Cross v.1 - On Shelf"
https://catalog.saclibrary.org/GroupedWork/88d08e61-074f-7ffe-c674-c6a020c67739-eng,"Patient zero: solving the mysteries of deadly epidemics","Peters, Marilee, 1968-",9781554516711,,"Annick Press","2014 - 2022",Toronto,eAudiobook;eBook;Book,"Book::Franklin Children's: CHILDREN 614.49 P482 2014 - On Shelf,Book::Sylvan Oaks Children's Area: CHILDREN 614.49 P482 2014 - On Shelf"
https://catalog.saclibrary.org/GroupedWork/3c445325-10a7-55cf-9ca7-16002fdcf0ac-eng,"The dark!: wild life in the mysterious world of caves","Leigh, Lindsey",9780593662595,,"Penguin Workshop; Penguin Young Readers Group",2024,"New York",eBook;Book,"Book::Central Kids Place - Lower Level: CHILDREN 591.7584 L528 2024 - On Shelf,Book::Del Paso Heights Children's Area: CHILDREN 591.7584 L528 2024 - On Shelf,Book::North Natomas Children's Area: CHILDREN 591.7584 L528 2024 - On Shelf"
https://catalog.saclibrary.org/GroupedWork/8c1d6329-f304-efc3-b60f-32e4987a79dc-eng,"The book of mysteries, magic and the unexplained","Macfarlane, Tamara",9780744080520,,"DK Publishing; DK",2023,"New York, NY",eAudiobook;Book,"Book::Colonial Heights Children's Area: CHILDREN 001.94 M143 2023 - Checked Out,Book::Belle Cooledge Children's Area: CHILDREN 001.94 M143 2023 - In Transit,Book::Rancho Children's Area: CHILDREN 001.94 M143 2023 - On Shelf"
https://catalog.saclibrary.org/GroupedWork/1f9a4565-ae48-d490-87a4-933554b20152-eng,"Star stuff: Carl Sagan and the mysteries of the cosmos","Sisson, Stéphanie Roth",9781596439603,,"Roaring Brook Press",2014,"New York",Book,"Book::Elk Grove Kids' Place: CHILDREN BIOGRAPHY Sagan, C. 2014 - On Shelf,Book::Franklin Children's: CHILDREN BIOGRAPHY Sagan, C. 2014 - On Shelf,Book::Rancho Children's Area: CHILDREN BIOGRAPHY Sagan, C. 2014 - On Shelf"
https://catalog.saclibrary.org/GroupedWork/527c2fdf-1577-0bac-c8f5-a2358ca907a3-eng,"Things scientists don't know yet: the unsolved mysteries of science","Gallivan, Peter",9780593965368,,"DK; DK Publishing",2025,"New York",eAudiobook;Book;eBook,"Book::Carmichael Children's Area: CHILDREN 509 G171 2025 - Checked Out,Book::Central Kids Place - Lower Level: CHILDREN 509 G171 2025 - Checked Out,Book::Colonial Heights Children's Area: CHILDREN 509 G171 2025 - On Shelf"
https://catalog.saclibrary.org/GroupedWork/ec17faeb-2054-49b9-1cc9-de45e4562b9b-eng,"Mysterious tales of Japan","Martin, Rafe, 1946-",9780399226779,,"G.P. Putnam's Sons",1996,"New York",Book,"Book::Southgate Children's Area: CHILDREN 398.2 M382m 1996 - On Shelf"
https://catalog.saclibrary.org/GroupedWork/c08fbe0b-2030-f7c0-dc33-1ef6fd0732c4-eng,"The mysterious sea bunny","Raymundo, Peter",9780593325148,,"Dial Books for Young Readers",2021,"New York","Picture Book","Picture Book::Carmichael Children's Area: PICTURE BOOK Raymundo, P. - Checked Out,Picture Book::Del Paso Heights Children's Area: PICTURE BOOK Raymundo, P. - On Shelf,Picture Book::Fair Oaks Children's Area: PICTURE BOOK Raymundo, P. - Checked Out"
https://catalog.saclibrary.org/GroupedWork/ddf9d8e5-0725-bc40-40b1-4c61f4ae5b43-eng,"Missing!: mysterious cases of people gone missing through the centuries","Guiberson, Brenda Z",9781250133403,,"Henry Holt and Co.; Godwin Books, Henry Holt and Companny; Henry Holt and Co. (BYR)",2019,"New York",eBook;Book,"Book::Arcade Children's Area: CHILDREN 364.1540922 G944 2019 - On Shelf,Book::Carmichael Children's Area: CHILDREN 364.1540922 G944 2019 - On Shelf,Book::Belle Cooledge Children's Area: CHILDREN 364.1540922 G944 2019 - On Shelf"
https://catalog.saclibrary.org/GroupedWork/68bb95aa-485e-bd67-bf6d-1de402d8acfa-eng,"The mysterious Virginia Hall: World War II's most dangerous spy","Friddell, Claudia",9781662680595,,"Recorded Books, Inc.; Calkins Creek, an imprint of Astra Books for young readers; Astra Publishing House",2025,"New York",eAudiobook;Book;eBook,"Book::Arcade Children's Area: CHILDREN BIOGRAPHY Hall, V. 2025 - On Shelf,Book::Carmichael Children's Area: CHILDREN BIOGRAPHY Hall, V. 2025 - On Shelf,Book::Central Kids Place - Lower Level: CHILDREN BIOGRAPHY Hall, V. 2025 - On Shelf"
https://catalog.saclibrary.org/GroupedWork/03a4842f-b61a-7043-cdc4-b376363d51fd-eng,"Mysteries of giant humanlike creatures","Walker, Kathryn",9780778741565,,"Crabtree Pub. Co",2009,"New York",Book,"Book::Franklin Children's: CHILDREN 001.944 W181 2009 - On Shelf,Book::North Natomas Children's Area: CHILDREN 001.944 W181 2009 - On Shelf,Book::Woodland Public Library Children's Area: CHILDREN 001.944 Wal 2009 - On Shelf"
https://catalog.saclibrary.org/GroupedWork/0e541f11-63ff-fc03-b038-23fdc1257f99-eng,"The atlas of shipwrecks: revealing the mysteries surrounding more than 50 underwater wrecks","Arnold, Jo",9781836002406,,"Wide Eyed Editions",2026,"Beverly, MA",Book,"Book::Arcade Children's Area: CHILDREN 910.452 A756 2026 - Checked Out,Book::Central Kids Place - Lower Level: CHILDREN 910.452 A756 2026 - In Transit,Book::Central Kids Place - Lower Level: ON ORDER - On Order"
https://catalog.saclibrary.org/GroupedWork/92f98537-96a5-643f-29d3-881f96f8380c-eng,"Handbook to Stonehenge, the Bermuda Triangle, and other mysterious locations","Omoth, Tyler",9781515713104,,"Capstone Press; Capstone","2017 - 2021","North Mankato, Minnesota",eBook;Book;eAudiobook,"Book::Arcade Children's Area: CHILDREN 001.94 O56 2017 - On Shelf,Book::North Natomas Children's Area: CHILDREN 001.94 O56 2017 - On Shelf,Book::Orangevale: CHILDREN 001.94 O56 2017 - On Shelf"
https://catalog.saclibrary.org/GroupedWork/91056731-94bd-905e-9013-cb78a7bef85e-eng,"The Thea sisters and the mystery at sea!","Stilton, Thea",9781629914787,,Papercutz,2016,"New York","Graphic Novel/Manga","Graphic Novel/Manga::Belle Cooledge Children's Area: CHILDREN GRAPHIC NOVEL Thea Stilton v.6 - Checked Out,Graphic Novel/Manga::Woodland Bookmobile: CHILDREN GRAPHIC NOVEL Stilton, T. v.6 - Checked Out"
https://catalog.saclibrary.org/GroupedWork/ad64b82e-65e9-d843-b9d7-33b6032779f5-eng,"Scooby-Doo! an addition mystery: the case of the angry adder","Weakland, Mark",9781491415399,,"Capstone Press, a Capstone Imprint",2015,"North Mankato, Minnesota",Book,"Book::Fair Oaks Children's Area: CHILDREN 513.211 S361 2015 - Checked Out,Book::North Natomas Children's Area: CHILDREN 513.211 S361 2015 - Checked Out"
https://catalog.saclibrary.org/GroupedWork/dae074a8-1c32-cf6d-651c-45c45632ee78-eng,"Solving the mysteries of the past","Aksomitis, Gerard",9780778741718,,"Crabtree Pub. Co",2009,"New York",Book,"Book::South Natomas Children's Area: CHILDREN 930.1 A315 2009 - On Shelf"
https://catalog.saclibrary.org/GroupedWork/ef6e267c-0423-1c23-3de5-77a9c981d68b-eng,"Mysterious mollusks: shells, slime, and suction","Barth, Kelley",9781503894501,,"The Child's World",2025,"[Parker, Colorado]",Book,"Book::Carmichael Children's Area: CHILDREN 594 B284 2025 - On Shelf,Book::Central Kids Place - Lower Level: CHILDREN 594 B284 2025 - On Shelf,Book::Colonial Heights Children's Area: CHILDREN 594 B284 2025 - On Shelf"
https://catalog.saclibrary.org/GroupedWork/95ad3a55-a1ce-5c21-c1d2-595880a1f00f-eng,"Scooby-Doo! a subtraction mystery: the case of the disappearing doughnuts","Weakland, Mark",9781491415405,,"Capstone Press, a Capstone Imprint",2015,"North Mankato, Minnesota",Book,"Book::South Natomas Children's Area: CHILDREN 513.213 W361 2015 - Checked Out"
https://catalog.saclibrary.org/GroupedWork/956b438d-4374-9083-2ef8-f55f88d7b938-eng,"Vanished: true tales of mysterious disappearances","MacLeod, Elizabeth",9781554518180,,"Annick Press",2016,Toronto,Book,"Book::Carmichael Children's Area: CHILDREN 001.94 M165 2016 - On Shelf,Book::Belle Cooledge Children's Area: CHILDREN 001.94 M165 2016 - Checked Out,Book::Orangevale: CHILDREN 001.94 M165 2016 - On Shelf"
https://catalog.saclibrary.org/GroupedWork/441a1048-fb9e-1ae8-0aad-55a466ec273d-eng,"Bat Planet: The Mysterious Life of the Creatures of the Night","Griffin, Neil",9781459841451,,"Orca Book Publishers",2026,,eBook;Book,"Book::Central Kids Place - Lower Level: ON ORDER - On Order,Book::Sacramento Public Library: ON ORDER - On Order,Book::Folsom Children's Area NEW: CHILDREN 599.4 GRI 2026 - Checked Out"
https://catalog.saclibrary.org/GroupedWork/0d6019bf-87d4-3c2b-6c74-133c6c213847-eng,"Bones never lie: how forensics helps solve history's mysteries","MacLeod, Elizabeth",9781554514830,,"Annick Press; Firefly Books",2013,"New York; Buffalo, NY; Toronto",eBook;Book,"Book::Carmichael Children's Area: CHILDREN 509 M165 2013 - On Shelf,Book::Elk Grove Kids' Place: CHILDREN 509 M165 2013 - On Shelf,Book::Pocket-Greenhaven Kids' Place: CHILDREN 509 M165 2013 - On Shelf"
https://catalog.saclibrary.org/GroupedWork/79e83380-ef93-15a8-a3a9-8bed8a21f986-eng,"Solving the mysteries of Stonehenge","Gray, Leon, 1974-",9780761431107,,"Marshall Cavendish Benchmark",2009,"New York",Book,"Book::Carmichael Children's Area: CHILDREN 936.2319 G779 2009 - On Shelf,Book::Elk Grove Kids' Place: CHILDREN 936.2319 G779 2009 - On Shelf,Book::Franklin Children's: CHILDREN 936.2319 G779 2009 - On Shelf"
https://catalog.saclibrary.org/GroupedWork/9cd46df7-7bb3-0b48-cb4b-27beb77d0e5a-eng,"Mysterious glowing mammals: an unexpected discovery sparks a scientific investigation","Parrott-Ryan, Maria",9781728460413,,"Millbrook Press; Lerner Publishing Group","2023 - 2024",Minneapolis,eBook;Book,"Book::Carmichael Children's Area: CHILDREN 591.518 P263 2024 - On Shelf,Book::Central Kids Place - Lower Level: CHILDREN 591.518 P263 2024 - On Shelf,Book::Fair Oaks Children's Area: CHILDREN 591.518 P263 2024 - On Shelf"
https://catalog.saclibrary.org/GroupedWork/1af0f1f9-461f-b91d-db14-702d1b23c669-eng,"Sleuth & solve: Art : 20+ mind twisting mysteries","Escandell, Víctor",9781797225838,,"Chronicle Books",2025,"San Francisco",Book,"Book::Del Paso Heights Children's Area: CHILDREN 793.73 G172 2025 - Checked Out,Book::Franklin Children's: CHILDREN 793.73 G172 2025 - On Shelf,Book::McKinley Children's Area: CHILDREN 793.73 G172 2025 - Checked Out"
https://catalog.saclibrary.org/GroupedWork/86d67094-18a1-b93c-2a8f-2045e0c45b26-eng,"Mysterious patterns: finding fractals in nature","Campbell, Sarah C., 1966-",9781620916278,,"Boyds Mills Press, an imprint of Highlights",2014,"Honesdale, Pennsylvania",Book,"Book::Carmichael Children's Area: CHILDREN 514.742 C191 2014 - Checked Out,Book::Belle Cooledge Children's Area: CHILDREN 514.742 C191 2014 - On Shelf,Book::Elk Grove Kids' Place: CHILDREN 514.742 C191 2014 - On Shelf"
https://catalog.saclibrary.org/GroupedWork/20d70945-5296-321a-e8e7-385118238759-eng,"Solving the mysteries of Aztec cities","Croy, Anita",9780761431022,,"Marshall Cavendish Benchmark",2009,"New York",Book,"Book::Carmichael Children's Area: CHILDREN 972.53 C954 2009 - On Shelf,Book::North Natomas Children's Area: CHILDREN 972.53 C954 2009 - On Shelf"
https://catalog.saclibrary.org/GroupedWork/2152ad68-df6b-bfe8-9439-9ffe15bb3d3a-eng,"Mysteries of the mummy kids","Halls, Kelly Milner, 1957-",9781581960594,,"Darby Creek Pub",2007,"Plain City, Ohio",Book,"Book::Pocket-Greenhaven Kids' Place: CHILDREN 393.3 H193 2007 - On Shelf,Book::Colusa Main Branch Juvenile Collection: J 393.3 H - On Shelf"
https://catalog.saclibrary.org/GroupedWork/55526cd0-e806-41b5-4b9e-3acfb3e2ce03-eng,"American spirits: the famous Fox sisters and the mysterious fad that haunted a nation","Rosenstock, Barb",9781635928051,,"Recorded Books, Inc.; Astra Publishing House; Calkins Creek, an imprint of Astra Books for Young Readers",2025,"New York",eAudiobook;Book;eBook,"Book::Central Teen Area - 3rd Floor: TEEN 133.9 R815 2025 - On Shelf,Book::Galt Teen Area: TEEN 133.9 R815 2025 - On Shelf,Book::Isleton Teen Area: TEEN 133.9 R815 2025 - On Shelf"
https://catalog.saclibrary.org/GroupedWork/626a0a82-8a9f-9ca5-d0a7-bc3d949e7452-eng,"Solving the mysteries of Machu Picchu","Croy, Anita",9780761431039,,"Marshall Cavendish Benchmark",2009,"New York",Book,"Book::North Natomas Children's Area: CHILDREN 985.37 C954 2009 - On Shelf"
https://catalog.saclibrary.org/GroupedWork/0f383e9b-5875-fba1-bba8-3606b2b4e080-eng,"The big book of mysteries","Adams, Tom, 1967-",9798887770048,,"Nosy Crow",2023,"Lincoln, MA",Book,"Book::Central Kids Place - Lower Level: OVERSIZE CHILDREN 001.94 A218 2023 - Checked Out,Book::Galt Children's Area: OVERSIZE CHILDREN 001.94 A218 2023 - Checked Out,Book::Isleton Children's Area: OVERSIZE CHILDREN 001.94 A218 2023 - On Shelf"
https://catalog.saclibrary.org/GroupedWork/4799254e-e563-2d84-91c7-13b30e6384f2-eng,"History's mysteries: curious clues, cold cases, and puzzles from the past","Jazynka, Kitson",9781426328718,,"National Geographic",2017,"Washington, D.C",Book,"Book::Carmichael Children's Area: CHILDREN 904 N277 2017 - On Shelf,Book::Central Kids Place - Lower Level: CHILDREN 904 N277 2017 - Checked Out,Book::Elk Grove Kids' Place: CHILDREN 904 N277 2017 - Checked Out"
https://catalog.saclibrary.org/GroupedWork/abfc2696-99b2-3c9c-fe79-3be7872b22c0-eng,"Lost mysteries: history's greatest secrets, legends & hidden treasures","Towler, Paige",9781958395653,,"Hearst Home Kids, an imprint of Hearst Books/Hearst Magazine Media, Inc",2025,"New York, NY",Book,"Book::Central Kids Place - Lower Level: CHILDREN 001.9 T742 2025 - On Shelf,Book::Fair Oaks Children's Area: CHILDREN 001.9 T742 2025 - On Shelf,Book::North Natomas Children's Area: CHILDREN 001.9 T742 2025 - On Shelf"
https://catalog.saclibrary.org/GroupedWork/a2f64edc-9ec1-eabe-2244-0d6247d70ebb-eng,"Strange but true: 10 of the World's Greatest Mysteries Explained","Hulick, Kathryn",9781786037848,,"Frances Lincoln Children's Books",2019,"Minneapolis, MN, USA",Book,"Book::Carmichael Children's Area: CHILDREN 001.94 H912 2019 - On Shelf,Book::Central Kids Place - Lower Level: CHILDREN 001.94 H912 2019 - On Shelf,Book::North Sacramento-Hagginwood Children's Area: CHILDREN 001.94 H912 2019 - On Shelf"
https://catalog.saclibrary.org/GroupedWork/b3675924-06de-9510-7266-58b3ec347c10-eng,"Solving the mysteries of the pyramids","Macdonald, Fiona, 1958-",9780761431060,,"Marshall Cavendish Benchmark",2009,"New York",Book,"Book::Rio Linda Children's Area: CHILDREN 932 M135 2009 - On Shelf"
https://catalog.saclibrary.org/GroupedWork/a46a113b-65e5-9cbf-9671-c32669fb8b7f-eng,"Mysterious bones: the story of Kennewick Man","Kirkpatrick, Katherine",9780823421879,,"Holiday House",2011,"New York",Book,"Book::McKinley Children's Area: CHILDREN 979.701 K59 2011 - On Shelf,Book::North Natomas Children's Area: CHILDREN 979.701 K59 2011 - On Shelf"
https://catalog.saclibrary.org/GroupedWork/8df8bf5f-b1c5-954c-33b8-3e257f242ad5-eng,"Case closed?: nine mysteries unlocked by modern science","Hughes, Susan, 1960-",9781554533626,,"Kids Can Press",2010,"Toronto, ON; Tonawanda, NY",Book,"Book::Carmichael Children's Area: CHILDREN 909 H894 2010 - On Shelf,Book::Belle Cooledge Children's Area: CHILDREN 909 H894 2010 - On Shelf"
https://catalog.saclibrary.org/GroupedWork/2765232e-e6f0-5382-cf1a-975d4a5f31f2-eng,"The rain wizard: the amazing, mysterious, true life of Charles Mallory Hatfield","Brimner, Larry Dane",9781590789902,,"Astra Publishing House; Calkins Creek, an imprint of Highlights",2015,"Honesdale, Pennsylvania",eBook;Book,"Book::McKinley Children's Area: CHILDREN BIOGRAPHY Hatfield, C. 2015 - On Shelf,Book::Southgate Children's Area: CHILDREN BIOGRAPHY Hatfield, C. 2015 - On Shelf"
https://catalog.saclibrary.org/GroupedWork/d7988382-c1d3-ddda-7778-f9cc36a4f401-eng,"The woolly monkey mysteries: the quest to save a rainforest species","Markle, Sandra",9781512458688,,"Millbrook Press",2019,Minneapolis,Book,"Book::Central Kids Place - Lower Level: CHILDREN 599.8 M346 2019 - On Shelf,Book::Courtland Children's Area: CHILDREN 599.8 M346 2019 - On Shelf,Book::Galt Children's Area: CHILDREN 599.8 M346 2019 - On Shelf"
https://catalog.saclibrary.org/GroupedWork/421c4463-f135-3d1b-8699-3520c05b4499-eng,"Extreme scientists: exploring nature's mysteries from perilous places","Jackson, Donna M., 1959-",9780618777068,,"Houghton Mifflin Books for Children",2009,Boston,Book,"Book::Arcade Children's Area: CHILDREN 509.22 J12 2009 - On Shelf,Book::Carmichael Children's Area: CHILDREN 509.22 J12 2009 - On Shelf"
https://catalog.saclibrary.org/GroupedWork/e46a76fa-0541-4a4c-2148-31aa842c0615-eng,"What do we know about the Winchester House?","Berne, Emma Carlson, 1979-",9780593519295,,"Penguin Workshop; Books on Tape; Penguin Young Readers Group",2023,"New York",eAudiobook;Book;eBook,"Book::Central Kids Place - Lower Level: CHILDREN 133.1097 B525 2023 - On Shelf,Book::Colonial Heights Children's Area: CHILDREN 133.1097 B525 2023 - On Shelf,Book::Elk Grove Children's Opening Day Collection: ON ORDER - On Order"
https://catalog.saclibrary.org/GroupedWork/b46f2409-4732-c611-2551-3f28a6b6cd7d-eng,"Mysteries of the human body: weird and wonderful anatomy explained","Chowdhury, Azmain, Dr",9781684495047,,"Neon Squid",2025,"New York, NY",Book,"Book::Carmichael Children's Area: CHILDREN 611 C552 2025 - On Shelf,Book::Central Kids Place - Lower Level: CHILDREN 611 C552 2025 - On Shelf,Book::Belle Cooledge Children's Area: CHILDREN 611 C552 2025 - Checked Out"
https://catalog.saclibrary.org/GroupedWork/5c670251-cb24-aea4-fa84-890b1bb7a3cd-eng,"Case closed: Volume 57","Aoyama, G¿џsh¿џ",9781421577852,,"VIZ Media, LLC",2016,"San Francisco, CA","Graphic Novel/Manga","Graphic Novel/Manga::Del Paso Heights Teen Area: TEEN MANGA Case Closed v.57 - On Shelf,Graphic Novel/Manga::Fair Oaks Teen Area: TEEN MANGA Case Closed v.57 - Checked Out,Graphic Novel/Manga::Franklin Teen: TEEN MANGA Case Closed v.57 - On Shelf"
https://catalog.saclibrary.org/GroupedWork/eff4bbd9-5cc3-9fd3-755b-b0f7a5977eb3-eng,"The mysteries of red coral: my adventure around the Mediterranean","Jankeliowitch, Anne",9781419770319,,Abrams,2023,"New York, NY",Book,"Book::Central Kids Place - Lower Level: CHILDREN 551.46138 J339 2023 - On Shelf,Book::Elk Grove Kids' Place: CHILDREN 551.46138 J339 2023 - On Shelf,Book::McClatchy Children's Area: CHILDREN 551.46138 J339 2023 - On Shelf"
https://catalog.saclibrary.org/GroupedWork/fd252d16-b87e-2ee2-e400-519116b88cff-eng,"When you see us: the mysterious world of aquatic insects","Hocker, Katherine M",9781536230727,,"Candlewick Press",2026,"Somerville, Massachusetts",Book,"Book::Central Kids Place - Lower Level: CHILDREN 591.76 H685 2026 - On Shelf,Book::Belle Cooledge Children's Area: CHILDREN 591.76 H685 2026 - Checked Out,Book::Galt Children's Area: CHILDREN 591.76 H685 2026 - Checked Out"
https://catalog.saclibrary.org/GroupedWork/86c681d9-d512-e28f-4850-77f174c47c97-eng,"Who built Machu Picchu?: solving the mysteries of the past","Croy, Anita",9781502627964,,"Cavendish Square",2018,"New York, NY",Book,"Book::Fair Oaks Children's Area: CHILDREN 985.37 C954 2018 - On Shelf,Book::South Natomas Children's Area: CHILDREN 985.37 C954 2018 - On Shelf,Book::Valley Hi-North Laguna Children's Area: CHILDREN 985.37 C954 2018 - On Shelf"
https://catalog.saclibrary.org/GroupedWork/75069a43-2dcc-a17e-c421-da901f6347c0-eng,"I know dino!: amazing breakthroughs, mega mistakes, and unsolved mysteries in dinosaur science","Ricci, Sabrina",9781426375538,,"National Geographic",2025,"Washington, D.C",Book,"Book::Central Kids Place - Lower Level: CHILDREN 560.9 R491 2025 - On Shelf,Book::Colonial Heights Children's Area: CHILDREN 560.9 R491 2025 - Checked Out,Book::Elk Grove Kids' Place: CHILDREN 560.9 R491 2025 - On Shelf"
https://catalog.saclibrary.org/GroupedWork/8dd43b0c-fbc3-a65c-4352-4e10cb7bd389-eng,"Photo adventures for kids: solving the mysteries of taking great photos","Jacquart, Anne-Laure",9781681981420,,"Rocky Nook",2016,"San Rafael, California",Book,"Book::Carmichael Children's Area: CHILDREN 771 J192 2016 - On Shelf,Book::Central Kids Place - Lower Level: CHILDREN 771 J192 2016 - On Shelf,Book::Franklin Children's: CHILDREN 771 J192 2016 - On Shelf"
https://catalog.saclibrary.org/GroupedWork/d928ecb5-3e0e-deb9-3358-e6fc2f8fb4bb-eng,"What is the story of Nancy Drew?","Rau, Dana Meachen, 1971-",9781518285851,,"Books on Tape; Penguin Workshop",2023,"New York",eAudiobook;Book,"Book::Arcade Children's Area: CHILDREN 813.0872 R239 2023 - On Shelf,Book::Carmichael Children's Area: CHILDREN 813.0872 R239 2023 - On Shelf,Book::Colonial Heights Children's Area: CHILDREN 813.0872 R239 2023 - On Shelf"
https://catalog.saclibrary.org/GroupedWork/43a4f6ed-29bc-b7b4-1e12-65b0bae538ea-eng,"Rory Branagan detective: The Dog Squad","Clover, Andrew",9781524793661,,"Penguin Workshop",2020,"New York",Book,"Book::Arcade Children's Area: MOVING UP Clover, A. - On Shelf,Book::Colonial Heights Children's Area: MOVING UP Clover, A. - On Shelf,Book::Southgate Children's Area: MOVING UP Clover, A. - On Shelf"
https://catalog.saclibrary.org/GroupedWork/a9155b9c-601f-a49d-736e-41b3fc9b51c8-eng,"Amazing jellyfish: mysterious dweller of the deep","Stavarič, Michael, 1972-",9781782694250,,"Pushkin Children's",2024,London,Book,"Book::Central Kids Place - Lower Level: OVERSIZE CHILDREN 593.53 S798 2024 - On Shelf,Book::Belle Cooledge Children's Area: OVERSIZE CHILDREN 593.53 S798 2024 - Checked Out,Book::North Natomas Children's Area: OVERSIZE CHILDREN 593.53 S798 2024 - On Shelf"
https://catalog.saclibrary.org/GroupedWork/fa804ecd-fef7-21ab-2a1a-983e6aa3a8e6-eng,"Lumberjanes: [v.4] : out of time","Stevenson, ND",9781608868605,,"Boom! Box",2016,"Los Angeles, CA","Graphic Novel/Manga","Graphic Novel/Manga::Arcade Children's Area: CHILDREN GRAPHIC NOVEL Lumberjanes v.4 - Checked Out,Graphic Novel/Manga::Elk Grove Kids' Place: CHILDREN GRAPHIC NOVEL Lumberjanes v.4 - Checked Out,Graphic Novel/Manga::Franklin Children's: CHILDREN GRAPHIC NOVEL Lumberjanes v.4 - On Shelf"
https://catalog.saclibrary.org/GroupedWork/85e34978-e427-d6c2-0ee9-a5f1b74a0181-eng,"Molly and the mathematical mysteries: ten interactive adventures in mathematical wonderland","Cheng, Eugenia",9781536217100,,"Big Picture Press, an imprint of Candlewick Press",2021,"Somerville, MA",Book,"Book::Carmichael Children's Area: OVERSIZE CHILDREN 510 C518 2021 - On Shelf,Book::Central Kids Place - Lower Level: OVERSIZE CHILDREN 510 C518 2021 - On Shelf,Book::Colonial Heights Children's Area: OVERSIZE CHILDREN 510 C518 2021 - On Shelf"
https://catalog.saclibrary.org/GroupedWork/5ba27d1b-b1f5-6c17-f057-abd7dea2f80f-eng,"Alien deep: revealing the mysterious living world at the bottom of the ocean","Hague, Bradley",9781426310683,,"National Geographic",2012,"Washington, D.C",Book,"Book::Carmichael Children's Area: CHILDREN 551.23 H147 2012 - On Shelf,Book::Pocket-Greenhaven Kids' Place: CHILDREN 551.23 H147 2012 - On Shelf,Book::Folsom Children's Area: CHILDREN 551.23 HAG 2012 - On Shelf"
https://catalog.saclibrary.org/GroupedWork/f1f9b231-8e49-5e50-6e30-900f4c8e64bc-eng,"The time warp wonder","Dixon, Franklin W",9781534413924,,"Aladdin, an imprint of Simon & Schuster Children's Publishing Division",2018,"New York",Book,"Book::Arcade Children's Area: MOVING UP Dixon, F. - On Shelf,Book::Carmichael Children's Area: MOVING UP Dixon, F. - On Shelf,Book::Belle Cooledge Children's Area: MOVING UP Dixon, F. - Checked Out"
https://catalog.saclibrary.org/GroupedWork/55f4468c-7bbc-6627-e756-b83f73e6f3a7-eng,"The lost world of the Anasazi: exploring the mysteries of the Chaco Canyon","Lourie, Peter",9781563979729,,"Boyds Mills Press",2003,"Honesdale, Pa",Book,"Book::Valley Hi-North Laguna Children's Area: CHILDREN 978.982 L892 2003 - On Shelf,Book::Woodland Public Library Children's Area: CHILDREN 978.9 LOU 2003 - On Shelf"
https://catalog.saclibrary.org/GroupedWork/d1419716-4989-c7f9-e48e-64d991769d12-eng,"Lunch Lady and the schoolwide scuffle","Krosoczka, Jarrett",9780385752800,,"Alfred A. Knopf",2014,"New York","Graphic Novel/Manga","Graphic Novel/Manga::Franklin Children's: CHILDREN GRAPHIC NOVEL Lunch Lady v.10 - Checked Out,Graphic Novel/Manga::North Natomas Children's Area: CHILDREN GRAPHIC NOVEL Lunch Lady v.10 - Checked Out,Graphic Novel/Manga::Rio Linda Children's Area: CHILDREN GRAPHIC NOVEL Lunch Lady v.10 - On Shelf"
https://catalog.saclibrary.org/GroupedWork/6d546d7f-513e-0094-3ad3-3187f3484362-eng,"Case closed: Volume 59","Aoyama, Gōshō",9781421583853,,"VIZ Media, LLC",2016,"San Francisco, CA","Graphic Novel/Manga","Graphic Novel/Manga::Orangevale: TEEN MANGA Case Closed v.59 - On Shelf,Graphic Novel/Manga::Sacramento Public Library Storage: TEEN MANGA Case Closed v.59 - On Shelf"
https://catalog.saclibrary.org/GroupedWork/8adf93fa-18f3-22ef-6d86-1c3ff9276973-eng,"Secrets of a Civil War submarine: solving the mysteries of the H.L. Hunley","Walker, Sally M",9781575058306,,"Carolrhoda Books",2005,Minneapolis,Book,"Book::Carmichael Children's Area: CHILDREN 973.757 H677zw 2005 - On Shelf,Book::Central Kids Place - Lower Level: CHILDREN 973.757 H677zw 2005 - On Shelf,Book::Pocket-Greenhaven Kids' Place: CHILDREN 973.757 H677zw 2005 - On Shelf"
https://catalog.saclibrary.org/GroupedWork/0c851c4e-36c3-7536-f6d6-7b0aa2f13847-eng,"Mysteries of marine mammals: an illustrated guide to whales, dolphins, and porpoises","Delaunay, Amandine",9781837290918,,"Phaidon Press Limited",2025,London,Book,"Book::Carmichael Children's Area: OVERSIZE CHILDREN 599.5 D342 2025 - Checked Out,Book::Central Kids Place - Lower Level: OVERSIZE CHILDREN 599.5 D342 2025 - Checked Out,Book::Colonial Heights Children's Area: OVERSIZE CHILDREN 599.5 D342 2025 - Checked Out"
https://catalog.saclibrary.org/GroupedWork/7a2ca9a8-04e2-257d-b641-ff0ce345e36e-eng,"Writing and staging adventure plays","Guillain, Charlotte",9781484627709,,"Capstone; Heinemann Raintree, a Capstone imprint","2016 - 2021","Chicago, Illinois",eBook;Book,"Book::Carmichael Children's Area: CHILDREN 792.0226 G957 2016 - On Shelf,Book::Central Kids Place - Lower Level: CHILDREN 792.0226 G957 2016 - On Shelf,Book::Elk Grove Kids' Place: CHILDREN 792.0226 G957 2016 - On Shelf"
https://catalog.saclibrary.org/GroupedWork/93632edf-c84a-2005-f7eb-58e65959d0d7-eng,"Quarks, sparks and quantum mysteries: a cosmic guide to the building blocks of our universe","Harvey-Smith, Lisa",9781760764692,,"Thames & Hudson Inc",2025,"New York",Book,"Book::Central Kids Place - Lower Level: CHILDREN 530.12 H342 2025 - On Shelf,Book::Franklin Children's: CHILDREN 530.12 H342 2025 - On Shelf,Book::Isleton Children's Area: CHILDREN 530.12 H342 2025 - On Shelf"
https://catalog.saclibrary.org/GroupedWork/e42658e8-7c2b-d5ec-139f-c40280c11ffa-eng,"An unbalanced force","Sherrard, Valerie",9781770867642,,"DCB, an imprint of Cormorant Books, Inc",2024,Toronto,Book,"Book::Carmichael Teen Area: TEEN FICTION Sherrard, V. - On Shelf,Book::Galt Teen Area: TEEN FICTION Sherrard, V. - In Transit,Book::Southgate Teen Area: TEEN FICTION Sherrard, V. - On Shelf"
https://catalog.saclibrary.org/GroupedWork/947daaea-fa3b-76ab-52e5-dc8eddce5fbb-eng,"Machu Picchu: lost city of the Incas","Sonneborn, Scott",9781669093497,,"Capstone Press, an imprint of Capstone; Capstone",2025,"North Mankato, Minnesota",eBook;Book,"Book::Carmichael Children's Area: CHILDREN 985.37 S699 2025 - On Shelf,Book::Courtland Children's Area: CHILDREN 985.37 S699 2025 - On Shelf,Book::Fair Oaks Children's Area: CHILDREN 985.37 S699 2025 - On Shelf"
https://catalog.saclibrary.org/GroupedWork/88eeca1b-aabc-e27c-1ab9-7bc1dec0b0e2-eng,"Secrets of ancient cultures: The Inca : activities and crafts from a mysterious land","Braman, Arlette N., 1952-",9780471219804,,Wiley,2004,"Hoboken, N.J",Book,"Book::North Natomas Children's Area: CHILDREN 985.01 B815 2004 - On Shelf"
https://catalog.saclibrary.org/GroupedWork/7a6007ea-5c4c-d790-2abd-14c122c1c70f-eng,"Case closed: Volume 20","Aoyama, G¿‍sh¿‍",9781421508856,,Viz,2007,"San Francisco, CA","Graphic Novel/Manga","Graphic Novel/Manga::Colonial Heights: TEEN MANGA Case Closed v.20 - Checked Out,Graphic Novel/Manga::North Sacramento-Hagginwood Teen Area: TEEN MANGA Case Closed v.20 - On Shelf,Graphic Novel/Manga::Sacramento Public Library Storage: TEEN MANGA Case Closed v.20 - On Shelf"
https://catalog.saclibrary.org/GroupedWork/b53d9083-c9ac-05dd-5659-4d92cd13b0a0-eng,"Weird disappearances: real tales of missing people","McCarthy, Tom",9781619305304,,"Nomad Press",2017,"White River Junction, VT",eBook;Book,"Book::Carmichael Children's Area: CHILDREN 363.2336 M123 2017 - On Shelf,Book::North Natomas Children's Area: CHILDREN 363.2336 M123 2017 - On Shelf,Book::Rancho Children's Area: CHILDREN 363.2336 M123 2017 - Checked Out"
https://catalog.saclibrary.org/GroupedWork/52383823-7c8b-0da6-00f3-d380e21ed73b-eng,"Your brilliant brain: a playful poke around the most marvelous, mysterious thing in the known universe : your beautiful brain","Bunting, Philip",9781761214950,,"Bright Light, Hardie Grant Children's Publishing",2025,Melbourne,Book,"Book::Carmichael Children's Area: CHILDREN 612.82 B942 2025 - On Shelf,Book::Belle Cooledge Children's Area: CHILDREN 612.82 B942 2025 - On Shelf,Book::Isleton Children's Area: CHILDREN 612.82 B942 2025 - On Shelf"
https://catalog.saclibrary.org/GroupedWork/04b6c5a9-e0d1-27dd-537d-23feec11234e-eng,"The mysterious Benedict Society: Mr. Benedict's book of perplexing puzzles, elusive enigmas, and curious conundrums","Stewart, Trenton Lee",9780316181938,,"Little, Brown",2011,"New York",Book,"Book::Belle Cooledge Children's Area: CHILDREN 793.73 S852 2011 - Checked Out,Book::Sylvan Oaks Children's Area: CHILDREN 793.73 S852 2011 - In Transit"
https://catalog.saclibrary.org/GroupedWork/ed6fd5c1-a4e7-aa65-1fbd-af29f19a8706-eng,"Lumberjanes: 5, Band together","Stevenson, ND",9781608869190,,"BOOM! Box; Simon & Schuster",2016,"Los Angeles, CA","Graphic Novel/Manga","Graphic Novel/Manga::Rancho Children's Area: CHILDREN GRAPHIC NOVEL Lumberjanes v.5 - Checked Out,Graphic Novel/Manga::Southgate Children's Area: CHILDREN GRAPHIC NOVEL Lumberjanes v.5 - On Shelf,Graphic Novel/Manga::Colusa Main Branch Juvenile Collection: J Graphic - On Shelf"
https://catalog.saclibrary.org/GroupedWork/b7571148-e6a4-747c-750a-241ec7e3c6a7-eng,"Tomb raiders: real tales of grave robberies","Cummings, Judy Dodge",9781619306226,,"Nomad Press",2018,"White River Junction",eBook;Book,"Book::Arcade Children's Area: CHILDREN 364.162 C971 2018 - On Shelf,Book::Elk Grove Kids' Place: CHILDREN 364.162 C971 2018 - On Shelf"
https://catalog.saclibrary.org/GroupedWork/2643df99-b211-c733-c492-66f0fcb82abd-eng,"Science fair winners: crime scene science : 20 projects and experiments about clues, crimes, criminals, and other mysterious things","Young, Karen Romano",9781426305214,,"National Geographic",2009,"Washington, D.C",Book,"Book::Carmichael Children's Area: CHILDREN 363.25 Y73 2009 - On Shelf,Book::Folsom Children's Area: CHILDREN 363.325 YOU 2009 - On Shelf"
https://catalog.saclibrary.org/GroupedWork/d50239be-cfdb-b571-1cee-fed21276d714-eng,"Eruptions and explosions: real tales of violent outbursts","Cummings, Judy Dodge",9781619306318,,"Nomad Press",2018,"White River Junction",eBook;Book,"Book::Belle Cooledge Children's Area: CHILDREN 363.34 C971 2018 - On Shelf"
https://catalog.saclibrary.org/GroupedWork/2407a074-80f1-f6d1-5d2e-ad7b6f411e57-eng,Unicorns,"Loh-Hagan, Virginia",9781634711159,,"45th Parallel Press, Cherry Lake Publishing; Triangle Interactive, LLC; 45th Parallel Press","2016 - 2020","Ann Arbor, Michigan",eBook;Book,"Book::South Natomas Children's Area: CHILDREN 398.2454 L833 2017 - On Shelf,Book::North Natomas Children's Area: CHILDREN 398.2454 L833 2017 - On Shelf,Book::Pocket-Greenhaven Kids' Place: CHILDREN 398.2454 L833 2017 - On Shelf"
https://catalog.saclibrary.org/GroupedWork/e87c9b86-f070-34b8-4a17-62c6214e46ee-eng,"Atlantis and other lost worlds","Snedden, Robert",9781482459982,,"Gareth Stevens Publishing LLLP; Gareth Stevens Publishing","2016 - 2017","New York, NY",eBook;Book,"Book::Elk Grove Kids' Place: CHILDREN 398.234 S671 2017 - On Shelf,Book::Isleton Children's Area: CHILDREN 398.234 S671 2017 - On Shelf,Book::Pocket-Greenhaven Kids' Place: CHILDREN 398.234 S671 2017 - On Shelf"
https://catalog.saclibrary.org/GroupedWork/2c93d627-fd6d-487e-486e-9314fcddc266-eng,"SMASH!: exploring the mysteries of the universe with the Large Hadron Collider","Latta, Sara L",9781512430707,,"Graphic Universe",2017,Minneapolis,"Graphic Novel/Manga","Graphic Novel/Manga::Fair Oaks Children's Area: CHILDREN GRAPHIC NOVEL Latta, S. - On Shelf,Graphic Novel/Manga::Southgate Children's Area: CHILDREN GRAPHIC NOVEL Latta, S. - On Shelf"
https://catalog.saclibrary.org/GroupedWork/bfb71cb0-d953-41b5-927d-a4b3ce207e2d-eng,Hydra,"Loh-Hagan, Virginia",9781634713122,,"Triangle Interactive, LLC; Cherry Lake Publishing; 45th Parallel Press","2016 - 2020","Ann Arbor",eBook;Book,"Book::North Natomas Children's Area: CHILDREN 292 L833 2017 - On Shelf,Book::Orangevale: CHILDREN 292 L833 2017 - On Shelf"
https://catalog.saclibrary.org/GroupedWork/aa3364e7-06d4-68d1-4835-e41b669c4ad1-eng,"Lumberjanes: friendship to the max. Volume two","Stevenson, ND",9781518200649,,"Boom! Box",2015,"Los Angeles, CA","Graphic Novel/Manga","Graphic Novel/Manga::Belle Cooledge Children's Area: CHILDREN GRAPHIC NOVEL Lumberjanes v.2 - Checked Out,Graphic Novel/Manga::Southgate Children's Area: CHILDREN GRAPHIC NOVEL Lumberjanes v.2 - On Shelf,Graphic Novel/Manga::Colusa Main Branch Juvenile Collection: J Graphic - On Shelf"
https://catalog.saclibrary.org/GroupedWork/2518ebbf-a6ef-54a3-705b-a924182471f5-eng,"The creeps: 2, The trolls will feast!","Schweizer, Chris",9781419718830,,"Amulet Books",2016,"New York","Graphic Novel/Manga","Graphic Novel/Manga::Central Kids Place - Lower Level: CHILDREN GRAPHIC NOVEL Schweizer, C. v.2 - On Shelf,Graphic Novel/Manga::Franklin Children's: CHILDREN GRAPHIC NOVEL Schweizer, C. v.2 - On Shelf,Graphic Novel/Manga::Arbuckle Branch Library Juvenile Collection: J Graphic - On Shelf"
https://catalog.saclibrary.org/GroupedWork/8ea8bd19-71ca-e615-d85a-4ad38a4f4e73-eng,"Case closed: Volume 46","Aoyama, Gōshō",9781421536125,,"Viz Media",2013,"San Francisco, CA","Graphic Novel/Manga","Graphic Novel/Manga::South Natomas Teen Area: TEEN MANGA Case Closed v.46 - On Shelf,Graphic Novel/Manga::Valley Hi-North Laguna Teen Area: TEEN MANGA Case Closed v.46 - On Shelf,Graphic Novel/Manga::Sacramento Public Library Storage: TEEN MANGA Case Closed v.46 - On Shelf"
https://catalog.saclibrary.org/GroupedWork/55d095b2-2d82-0127-3bbb-11c71469f0f9-eng,"Searching for the Yeti","Rivkin, Jennifer",9781477770986,,"PowerKids Press; The Rosen Publishing Group, Inc","2014 - 2015","New York",eBook;Book,"Book::Courtland Children's Area: CHILDREN 001.944 R625y 2015 - On Shelf,Book::South Natomas Children's Area: CHILDREN 001.944 R625y 2015 - Checked Out,Book::Sylvan Oaks Children's Area: CHILDREN 001.944 R625y 2015 - On Shelf"
https://catalog.saclibrary.org/GroupedWork/c1bf1049-c7fb-2c41-0d06-b4f092b746d4-eng,"Secret hero society: study hall of justice","Fridolfs, Derek",9780545825016,,"Scholastic Inc",2016,"New York, NY","Graphic Novel/Manga","Graphic Novel/Manga::Isleton Children's Area: CHILDREN GRAPHIC NOVEL Fridolfs, D. - On Shelf,Graphic Novel/Manga::North Sacramento-Hagginwood Children's Area: CHILDREN GRAPHIC NOVEL Fridolfs, D. - On Shelf,Graphic Novel/Manga::Folsom Children's Area: CHILDREN GRAPHIX Fridolfs, D. - On Shelf"
https://catalog.saclibrary.org/GroupedWork/394effd5-78a2-6806-fefe-2c3e8ab337d9-eng,"Case closed: Volume 45","Aoyama, Gōshō",9781421536118,,"Viz Media",2013,"San Francisco","Graphic Novel/Manga","Graphic Novel/Manga::Courtland Teen Area: TEEN MANGA Case Closed v.45 - On Shelf,Graphic Novel/Manga::Sacramento Public Library Storage: TEEN MANGA Case Closed v.45 - On Shelf"
https://catalog.saclibrary.org/GroupedWork/19690578-6921-fb46-36a9-86efe595d3a8-eng,"Batman Incorporated: Vol. 1, No more teachers","Brisson, Ed",9781779518323,,"DC Comics",2023,"Burbank, CA","Graphic Novel/Manga","Graphic Novel/Manga::Arden-Dimick Teen Area: TEEN GRAPHIC NOVEL Batman v.1 - Checked Out,Graphic Novel/Manga::Carmichael Teen Area: TEEN GRAPHIC NOVEL Batman v.1 - Checked Out,Graphic Novel/Manga::Central Teen Area - 3rd Floor: TEEN GRAPHIC NOVEL Batman v.1 - On Shelf"
https://catalog.saclibrary.org/GroupedWork/e510045d-4409-97bd-534c-46be583a5dd3-eng,"Witch-hunt: mysteries of the Salem witch trials","Aronson, Marc",9781416903154,,"Recorded Books, Inc.; Simon & Schuster","2005 - 2015","New York",Book;eAudiobook,"Book::Elk Grove Teen Area: TEEN 133.4309 A769 2005 - Checked Out"
https://catalog.saclibrary.org/GroupedWork/8f2ff7c0-4779-34f8-3612-64f0283f43bd-eng,"Achoo!: the most interesting book you'll ever read about germs","Romanek, Trudee",9781439543504,,"Kids Can Press",2003,Toronto,eBook;Book,"Book::Belle Cooledge Children's Area: CHILDREN 616.01 R758 2003 - On Shelf,Book::Elk Grove Kids' Place: CHILDREN 616.01 R758 2003 - On Shelf,Book::Franklin Children's: CHILDREN 616.01 R758 2003 - Checked Out"
https://catalog.saclibrary.org/GroupedWork/765f7aec-5cb5-62b5-eae4-fcd523a81df0-eng,"The Paris catacombs: empire of the dead","Sonneborn, Scott",9781669093817,,"Capstone Press, an imprint of Capstone; Capstone",2025,"North Mankato, Minnesota",eBook;Book,"Book::Arcade Children's Area: CHILDREN 944.361 S699 2025 - On Shelf,Book::Carmichael Children's Area: CHILDREN 944.361 S699 2025 - On Shelf,Book::Elk Grove Kids' Place: CHILDREN 944.361 S699 2025 - On Shelf"
https://catalog.saclibrary.org/GroupedWork/4a7609c0-1819-ce5b-802a-d2e2ea7dc10a-eng,Atlantis,"Owings, Lisa",9781626172005,,"Bellwether Media",2015,"Minneapolis, MN",eBook;Book;eAudiobook,"Book::Carmichael Children's Area: CHILDREN 398.234 O978 2015 - On Shelf,Book::Colonial Heights Children's Area: CHILDREN 398.234 O978 2015 - On Shelf,Book::Pocket-Greenhaven Kids' Place: CHILDREN 398.234 O978 2015 - On Shelf"
https://catalog.saclibrary.org/GroupedWork/8055647e-c313-ee2d-d4a1-826baa1f3fef-eng,"Agents of S.U.I.T: Sew much trouble","Green, John Patrick, 1975-",9781250359469,,"First Second",2026,"New York","Graphic Novel/Manga","Graphic Novel/Manga::Carmichael Children's Area: CHILDREN GRAPHIC NOVEL InvestiGators Agents v.4 - In Transit,Graphic Novel/Manga::Central Kids Place - Lower Level: CHILDREN GRAPHIC NOVEL InvestiGators Agents v.4 - Checked Out,Graphic Novel/Manga::Colonial Heights Children's Area: CHILDREN GRAPHIC NOVEL InvestiGators Agents v.4 - In Transit"
https://catalog.saclibrary.org/GroupedWork/e2c84aca-6255-273d-2894-35c5ca563f76-eng,"Aliens and UFOs","Levete, Sarah",9781482459944,,"Gareth Stevens Publishing",2017,"New York, NY",Book,"Book::Fair Oaks Children's Area: CHILDREN 001.942 L663 2017 - On Shelf,Book::Southgate Children's Area: CHILDREN 001.942 L663 2017 - On Shelf"
https://catalog.saclibrary.org/GroupedWork/3fdf67f5-3b63-22bb-72e0-de07edda322d-eng,"13 art mysteries children should know","Wenzel, Angela",9783791370446,,Prestel,2011,"Munich; New York",Book,"Book::Carmichael Children's Area: CHILDREN 701.1 W482ta 2011 - Checked Out,Book::Folsom Children's Area: CHILDREN 701.1 WEN 2011 - On Shelf"
https://catalog.saclibrary.org/GroupedWork/fcb98f47-eedf-9d88-b8d7-caccf6d2d161-eng,"Witches: do you believe?","Loh-Hagan, Virginia",9781634711128,,"Cherry Lake Publishing",2016,"Ann Arbor",Book,"Book::Elk Grove Kids' Place: CHILDREN 398.21 L833 2016 - On Shelf,Book::Pocket-Greenhaven Kids' Place: CHILDREN 398.21 L833 2016 - On Shelf,Book::Rancho Children's Area: CHILDREN 398.21 L833 2016 - On Shelf"
https://catalog.saclibrary.org/GroupedWork/55738d87-dd90-4cfa-754c-4ee8dc5b4c32-eng,"Sir Arthur Conan Doyle's The adventure of the second stain","Goodwin, Vincent",9781616419752,,"Magic Wagon",2014,"Minneapolis, Minn","Graphic Novel/Manga","Graphic Novel/Manga::Southgate Children's Area: CHILDREN GRAPHIC NOVEL Doyle, A. - On Shelf"
https://catalog.saclibrary.org/GroupedWork/7bb9fd61-a723-e0cd-59b5-112585c17bfc-eng,"Searching for el Chupacabra","Rivkin, Jennifer",9781477771143,,"PowerKids Press",2015,"New York",Book,"Book::Arcade Children's Area: CHILDREN 001.944 R625c 2015 - On Shelf,Book::Arden-Dimick Children's Area: CHILDREN 001.944 R625c 2015 - Checked Out,Book::Belle Cooledge Children's Area: CHILDREN 001.944 R625c 2015 - On Shelf"
https://catalog.saclibrary.org/GroupedWork/9149503b-062b-ca17-7c64-a85afe7ec1c6-eng,"The book of brilliant bugs","French, Jess",9781465489821,,"DK; DK Publishing",2020,"New York, New York",eBook;Book,"Book::Carmichael Children's Area: CHILDREN 595.7 F874 2020 - In Transit,Book::Elk Grove Kids' Place: CHILDREN 595.7 F874 2020 - Checked Out,Book::Rancho Children's Area: CHILDREN 595.7 F874 2020 - On Shelf"
https://catalog.saclibrary.org/GroupedWork/855a4757-4413-cd54-7d4f-b98e4f1b7a65-eng,"Disappearance of skyjacker D.B. Cooper","Kim, Carol",9781663958761,,"Capstone; Capstone Press, a Capstone imprint",2022,"North Mankato, Minnesota",eBook;Book,"Book::Central Kids Place - Lower Level: CHILDREN 364.1552 C776zk 2022 - On Shelf,Book::Belle Cooledge Children's Area: CHILDREN 364.1552 C776zk 2022 - On Shelf,Book::Franklin Children's: CHILDREN 364.1552 C776zk 2022 - On Shelf"
https://catalog.saclibrary.org/GroupedWork/07e7c099-5418-8d16-76e6-11af839c4600-eng,"Daring escape from Alcatraz","Chandler, Matt",9781663958747,,"Capstone; Capstone Press, a Capstone imprint",2022,"North Mankato, Minnesota",eBook;Book,"Book::Central Kids Place - Lower Level: CHILDREN 365.9794 C456 2022 - On Shelf,Book::Elk Grove Kids' Place: CHILDREN 365.9794 C456 2022 - On Shelf,Book::Fair Oaks Children's Area: CHILDREN 365.9794 C456 2022 - Checked Out"
https://catalog.saclibrary.org/GroupedWork/8bf05389-2f38-885a-42e8-4653ef0fecfd-eng,"The Bermuda Triangle","Richard, Orlin",9781634070706,,"Childs World; The Child's World, Inc.","2015 - 2016","Mankato, Minnesota",eBook;Book,"Book::Belle Cooledge Children's Area: CHILDREN 001.94 R511 2016 - On Shelf,Book::Elk Grove Kids' Place: CHILDREN 001.94 R511 2016 - On Shelf,Book::North Natomas Children's Area: CHILDREN 001.94 R511 2016 - On Shelf"
https://catalog.saclibrary.org/GroupedWork/35889340-a08f-a510-9746-83044b7d3f75-eng,"The Bermuda Triangle and other danger zones","Levete, Sarah",9781482460025,,"Gareth Stevens Publishing",2017,"New York, NY",Book,"Book::Elk Grove Kids' Place: CHILDREN 001.94 L663 2017 - On Shelf,Book::North Natomas Children's Area: CHILDREN 001.94 L663 2017 - On Shelf,Book::Pocket-Greenhaven Kids' Place: CHILDREN 001.94 L663 2017 - On Shelf"
https://catalog.saclibrary.org/GroupedWork/788d056c-66a3-0c9a-1e27-5175baa9adbe-eng,"Searching for Bigfoot","Rivkin, Jennifer",9781477771068,,"PowerKids Press",2015,"New York",Book,"Book::Arden-Dimick Children's Area: CHILDREN 001.944 R625 2015 - Checked Out,Book::Elk Grove Kids' Place: CHILDREN 001.944 R625 2015 - On Shelf,Book::North Natomas Children's Area: CHILDREN 001.944 R625 2015 - On Shelf"
https://catalog.saclibrary.org/GroupedWork/107d6b44-b8bc-87a3-825f-96809939b762-eng,"Bad machinery: 2, The case of the good boy","Allison, John, 1976-",9781620104217,,"Oni Press, an Oni Press Publication",2017,"Portland, OR","Graphic Novel/Manga","Graphic Novel/Manga::Fair Oaks Teen Area: TEEN GRAPHIC NOVEL Bad Machinery v.2 - On Shelf,Graphic Novel/Manga::Franklin Teen: TEEN GRAPHIC NOVEL Bad Machinery v.2 - On Shelf,Graphic Novel/Manga::Rio Linda Teen Area: TEEN GRAPHIC NOVEL Bad Machinery v.2 - On Shelf"
https://catalog.saclibrary.org/GroupedWork/d8f128cd-ef21-f8a2-c1d8-1c119f401962-eng,"The mysteries of the universe","Gater, Will",9781465499332,,"DK Publishing",2020,"New York, NY",Book,"Book::Belle Cooledge Children's Area: CHILDREN 520 M998 2020 - Checked Out,Book::Elk Grove Kids' Place: CHILDREN 520 M998 2020 - On Hold Shelf,Book::McClatchy Children's Area: CHILDREN 520 M998 2020 - Checked Out"
https://catalog.saclibrary.org/GroupedWork/369855d4-01d4-b34a-d4fa-9803197070f8-eng,"The Mary Celeste","Ziemann, Kimberly",9781637384626,,"Apex Editions; North Star Editions",2023,"Mendota Heights, MN",eBook;Book,"Book::Carmichael Children's Area: CHILDREN 910.452 M393zz 2023 - On Shelf,Book::Central Kids Place - Lower Level: CHILDREN 910.452 M393zz 2023 - On Shelf,Book::North Natomas Children's Area: CHILDREN 910.452 M393zz 2023 - On Shelf"
https://catalog.saclibrary.org/GroupedWork/900d40c0-bf2c-6b30-8026-407a2e90ffe2-eng,"Alien abductions","Karst, Ken",9781640260054,,"Creative Education and Creative Paperbacks",2019,"Mankato, MN",Book,"Book::Franklin Children's: CHILDREN 001.942 K18 2019 - On Shelf,Book::Pocket-Greenhaven Kids' Place: CHILDREN 001.942 K18 2019 - On Shelf,Book::Rancho Children's Area: CHILDREN 001.942 K18 2019 - On Shelf"
https://catalog.saclibrary.org/GroupedWork/186b4ae7-211a-098e-7759-63df65eaa780-eng,UFOs,"O'Keefe, Emily",9781634070751,,"The Child's World; The Child's World, Inc.",2015,"Mankato, MN",eBook;Book,"Book::Belle Cooledge Children's Area: CHILDREN 001.942 O412 2015 - On Shelf,Book::North Natomas Children's Area: CHILDREN 001.942 O412 2015 - On Shelf,Book::Pocket-Greenhaven Kids' Place: CHILDREN 001.942 O412 2015 - On Shelf"
https://catalog.saclibrary.org/GroupedWork/e4eedab0-c2d8-3659-85e8-6d9e6473a021-eng,"Sea monsters","Karst, Ken",9781640260085,,"Creative Education and Creative Paperbacks",2019,"Mankato, MN",Book,"Book::Arcade Children's Area: CHILDREN 398.2 K188 2019 - On Shelf,Book::Carmichael Children's Area: CHILDREN 398.2 K188 2019 - On Shelf,Book::Colonial Heights Children's Area: CHILDREN 398.2 K188 2019 - On Shelf"
https://catalog.saclibrary.org/GroupedWork/8f4c793e-3a9f-76a3-5fdf-069339704f71-eng,"The Great Sphinx","Karst, Ken",9781640260061,,"Creative Education",2019,"Mankato, MN",Book,"Book::Carmichael Children's Area: CHILDREN 960 K188 2019 - On Shelf,Book::Fair Oaks Children's Area: CHILDREN 960 K188 2019 - On Shelf,Book::Rancho Children's Area: CHILDREN 960 K188 2019 - On Shelf"
https://catalog.saclibrary.org/GroupedWork/eb662d8d-358d-85b1-f073-1677d580eb3b-eng,"Irish Crown Jewels theft","Gish, Ashley",9781637384343,,"Apex Editions; North Star Editions",2023,"Mendota Height, MN",eBook;Book,"Book::Central Kids Place - Lower Level: CHILDREN 364.1628 G532 2023 - On Shelf,Book::Elk Grove Kids' Place: CHILDREN 364.1628 G532 2023 - On Shelf,Book::Franklin Children's: CHILDREN 364.1628 G532 2023 - On Shelf"
https://catalog.saclibrary.org/GroupedWork/3218abd5-e240-9add-e643-987e012ae47a-eng,"Searching for the Wendigo","Rivkin, Jennifer",9781477771181,,"PowerKids Press",2015,"New York",Book,"Book::North Natomas Children's Area: CHILDREN 001.944 R625w 2015 - Checked Out,Book::Pocket-Greenhaven Kids' Place: CHILDREN 001.944 R625w 2015 - On Shelf"
https://catalog.saclibrary.org/GroupedWork/1e2d8f30-0101-9f14-92ea-ff807a84b7d6-eng,"The lost Roanoke Colony","Peterson, Megan Cooley",9781663958778,,"Capstone; Capstone Press, a Capstone imprint",2022,"North Mankato, Minnesota",eBook;Book,"Book::Central Kids Place - Lower Level: CHILDREN 975.6175 P485 2022 - On Shelf,Book::Belle Cooledge Children's Area: CHILDREN 975.6175 P485 2022 - On Shelf,Book::Franklin Children's: CHILDREN 975.6175 P485 2022 - On Shelf"
https://catalog.saclibrary.org/GroupedWork/33580506-197c-0cdb-7087-24884b6d3bcb-eng,"It's a RHAP, Cat","Miao, Lee Y",9781950169849,,"&MG, an imprint of Clear Fork Publishing",2023,"Stamford, Texas",Book,"Book::Colonial Heights Children's Area: CHILDREN FICTION Miao, L. - On Shelf,Book::Belle Cooledge Children's Area: CHILDREN FICTION Miao, L. - On Shelf,Book::Valley Hi-North Laguna Children's Area: CHILDREN FICTION Miao, L. - On Shelf"
https://catalog.saclibrary.org/GroupedWork/384206b1-5b20-79f2-d531-79c5c4058ffd-eng,"Ancient astronauts","Hamilton, Sue L., 1959-",9781599288338,,"ABDO Pub; ABDO Publishing Company","2007 - 2008","Edina, Minn",eBook;Book,"Book::Pocket-Greenhaven Kids' Place: CHILDREN 001.942 H221 2008 - On Shelf"
https://catalog.saclibrary.org/GroupedWork/93278226-7036-9711-6b67-c79ca0582865-eng,"Where did the moon come from?","Portman, Michael, 1976-",9781433982774,,"Gareth Stevens Pub",2013,"New York",Book,"Book::Carmichael Children's Area: CHILDREN 523.3 P853 2013 - On Shelf,Book::Elk Grove Kids' Place: CHILDREN 523.3 P853 2013 - On Shelf,Book::Pocket-Greenhaven Kids' Place: CHILDREN 523.3 P853 2013 - On Shelf"
https://catalog.saclibrary.org/GroupedWork/96106412-528b-544d-8b5f-f31c98e401bf-eng,Benjamin,"Winters, Ben H",9798894880204,,"Oni Press",2026,"Portland, OR","Graphic Novel/Manga","Graphic Novel/Manga::Central New Books - 4th Floor: GRAPHIC NOVEL Winters, B. - On Shelf,Graphic Novel/Manga::Southgate: GRAPHIC NOVEL Winters, B. - On Shelf"
https://catalog.saclibrary.org/GroupedWork/c524b0cc-62e9-a3ab-281f-2be67618ae4e-eng,"Roswell, alien capital of the world","Morey, Allan",9781669093572,,"Capstone Press, a capstone imprint",2025,"North Mankato, Minnesota",Book,"Book::Franklin Children's: CHILDREN 001.942 M845 2025 - On Shelf,Book::South Natomas Children's Area: CHILDREN 001.942 M845 2025 - On Shelf,Book::North Natomas Children's Area: CHILDREN 001.942 M845 2025 - On Shelf"
https://catalog.saclibrary.org/GroupedWork/6036c696-7e58-0850-0e44-3f6a722e4318-eng,"Near-death experiences","Karst, Ken",9781640260078,,"Creative Education and Creative Paperbacks",2019,"Mankato, MN",Book,"Book::Belle Cooledge Children's Area: CHILDREN 306.9 K188 2019 - On Shelf,Book::Rancho Children's Area: CHILDREN 306.9 K188 2019 - On Shelf,Book::Valley Hi-North Laguna Children's Area: CHILDREN 306.9 K188 2019 - On Shelf"
https://catalog.saclibrary.org/GroupedWork/dfc91050-4ec7-4510-5477-c5b6312d3ff0-eng,"The case of the story rock","Hogan, Eric, 1979-",9780228101925,,"Firefly Books",2019,"Richmond Hill, Ontario","Picture Book","Picture Book::Franklin Children's: PICTURE BOOK Hogan, E. - On Shelf,Picture Book::North Natomas Children's Area: PICTURE BOOK Hogan, E. - On Shelf,Picture Book::Rancho Children's Area: PICTURE BOOK Hogan, E. - Checked Out"
https://catalog.saclibrary.org/GroupedWork/5fba2d8a-bfb6-7547-2fda-c71f62d56acd-eng,"Crop circles","O'Keefe, Emily",9781634070690,,"The Child's World; The Child's World, Inc.","2015 - 2016","Mankato, MN",eBook;Book,"Book::Carmichael Children's Area: CHILDREN 001.94 O412 2016 - On Shelf,Book::Franklin Children's: CHILDREN 001.94 O412 2016 - On Shelf,Book::North Natomas Children's Area: CHILDREN 001.94 O412 2016 - On Shelf"
https://catalog.saclibrary.org/GroupedWork/1335808d-76e6-3680-1632-9fc4af9c50bb-eng,"Are there other Earths?","Portman, Michael, 1976-",9781433982583,,"Gareth Stevens Publishing",2013,"New York",Book,"Book::Fair Oaks Children's Area: CHILDREN 523.24 P853 2013 - On Shelf,Book::North Natomas Children's Area: CHILDREN 523.24 P853 2013 - On Shelf,Book::Folsom Children's Area: CHILDREN 523.24 POR 2013 - Checked Out"
https://catalog.saclibrary.org/GroupedWork/1696ded9-e5af-fe61-9d72-83ba4dd0ea32-eng,"History's ancient and medieval secrets","Hansen, Grace",9781098242268,,"DiscoverRoo, an imprint of Pop!",2023,"Minneapolis, Minnesota",Book,"Book::Carmichael Children's Area: CHILDREN 930 H249 2023 - Checked Out,Book::Central Kids Place - Lower Level: CHILDREN 930 H249 2023 - On Shelf,Book::Del Paso Heights Children's Area: CHILDREN 930 H249 2023 - On Shelf"
https://catalog.saclibrary.org/GroupedWork/b3583463-0f6b-e1b6-3547-fdb2e1d8dd8e-eng,"The Bermuda Triangle: black hole of the Atlantic","Morey, Allan",9781669093732,,"Capstone Press",2025,"North Mankato, Minnesota",Book,"Book::Arcade Children's Area: CHILDREN 001.94 M845 2025 - On Shelf,Book::Carmichael Children's Area: CHILDREN 001.94 M845 2025 - On Shelf,Book::Colonial Heights Children's Area: CHILDREN 001.94 M845 2025 - On Shelf"
https://catalog.saclibrary.org/GroupedWork/94b38da8-cc6a-3e1b-669d-1c106cebed7b-eng,"Why isn't Pluto a planet?","Portman, Michael, 1976-",9781433982835,,"Gareth Stevens Pub",2013,"New York",Book,"Book::McKinley Children's Area: CHILDREN 523.4922 P853 2013 - On Shelf,Book::Pocket-Greenhaven Kids' Place: CHILDREN 523.4922 P853 2013 - On Shelf,Book::Southgate Children's Area: CHILDREN 523.4922 P853 2013 - On Shelf"
https://catalog.saclibrary.org/GroupedWork/5037bbd2-a984-72d7-1394-7fa071f15740-eng,"Is there life on Mars?","Portman, Michael, 1976-",9781433982736,,"Gareth Stevens Pub",2013,"New York",Book,"Book::Carmichael Children's Area: CHILDREN 523.43 P853 2013 - On Shelf,Book::Fair Oaks Children's Area: CHILDREN 523.43 P853 2013 - Checked Out,Book::Isleton Children's Area: CHILDREN 523.43 P853 2013 - On Shelf"
https://catalog.saclibrary.org/GroupedWork/743f6010-9596-2071-9675-2ce7b285c6b4-eng,"Could an asteroid harm Earth?","Portman, Michael, 1976-",9781433982675,,"Gareth Stevens Pub",2013,"New York",Book,"Book::Arcade Children's Area: CHILDREN 523.44 P853 2013 - On Shelf,Book::Carmichael Children's Area: CHILDREN 523.44 P853 2013 - On Shelf,Book::Elk Grove Kids' Place: CHILDREN 523.44 P853 2013 - Checked Out"
https://catalog.saclibrary.org/GroupedWork/68e06f9d-d9f7-6b5a-caa2-bdffcf2b2c83-eng,"D.B. Cooper","Ringstad, Arnold",9781637384596,,"North Star Editions; Apex",2023,"Mendota Heights",eBook;Book,"Book::Central Kids Place - Lower Level: CHILDREN 364.1552 R582 2023 - On Shelf,Book::Belle Cooledge Children's Area: CHILDREN 364.1552 R582 2023 - On Shelf,Book::Elk Grove Kids' Place: CHILDREN 364.1552 R582 2023 - On Shelf"
https://catalog.saclibrary.org/GroupedWork/d23f125a-4b47-8c9b-edaa-6d693f2cad2d-eng,"Easter Island: stone giants of the Pacific","Morey, Allan",9781669093411,,"Capstone Press, a Capstone imprint",2025,"North Mankato, Minnesota",Book,"Book::Arcade Children's Area: CHILDREN 996.18 M845 2025 - On Shelf,Book::Carmichael Children's Area: CHILDREN 996.18 M845 2025 - On Shelf,Book::Elk Grove Kids' Place: CHILDREN 996.18 M845 2025 - On Shelf"
https://catalog.saclibrary.org/GroupedWork/beaab6f6-07b1-4820-96ec-81d782ffcc67-eng,"Arthur who wrote Sherlock","Bailey, Linda, 1948-",9780735269255,,Tundra,2022,"[Toronto, Ontario]",Book,"Book::Arcade Children's Area: CHILDREN BIOGRAPHY Doyle, A. 2022 - On Shelf,Book::Carmichael Children's Area: CHILDREN BIOGRAPHY Doyle, A. 2022 - Checked Out,Book::Belle Cooledge Children's Area: CHILDREN BIOGRAPHY Doyle, A. 2022 - On Shelf"
https://catalog.saclibrary.org/GroupedWork/036c33f8-e9f6-4565-c453-7748cb5e1dad-eng,"History's oddest events","Hansen, Grace",9781098242299,,"DiscoverRoo, an imprint of Pop!",2023,"Minneapolis, Minnesota",Book,"Book::Carmichael Children's Area: CHILDREN 614 H249 2023 - On Shelf,Book::Central Kids Place - Lower Level: CHILDREN 614 H249 2023 - On Shelf,Book::Belle Cooledge Children's Area: CHILDREN 614 H249 2023 - On Shelf"
https://catalog.saclibrary.org/GroupedWork/0fcda1cb-c5ee-bdc0-d77c-6b2abd7124d9-eng,Leprechauns,"Mortensen, Lori, 1955-",9780737736632,,"KidHaven Press",2007,Detroit,Book,"Book::North Natomas Children's Area: CHILDREN 398.21 M887 2007 - On Shelf,Book::Rancho Children's Area: CHILDREN 398.21 M887 2007 - On Shelf,Book::Rio Linda Children's Area: CHILDREN 398.21 M887 2007 - On Shelf"
https://catalog.saclibrary.org/GroupedWork/e2ec5bf7-7284-9874-04fe-21061d4bb063-eng,"The case of the vanishing caterpillar","Hogan, Eric, 1979-",9780228101949,,"Firefly Books",2019,"Richmond Hill, Ontario","Picture Book","Picture Book::Fair Oaks Children's Area: PICTURE BOOK Hogan, E. - On Shelf,Picture Book::Franklin Children's: PICTURE BOOK Hogan, E. - On Shelf,Picture Book::South Natomas Children's Area: PICTURE BOOK Hogan, E. - On Shelf"
https://catalog.saclibrary.org/GroupedWork/b39a3632-ab6f-5ed9-b29a-2af1f6ca0425-eng,"Amelia Earhart","Gagliardi, Sue, 1969-",9781637384572,,"North Star Editions; Apex",2023,"Mendota Heights",eBook;Book,"Book::Arcade Children's Area: CHILDREN 629.13092 E121ZG 2023 - On Shelf,Book::Central Kids Place - Lower Level: CHILDREN 629.13092 E121ZG 2023 - On Shelf,Book::Belle Cooledge Children's Area: CHILDREN 629.13092 E121ZG 2023 - On Shelf"
https://catalog.saclibrary.org/GroupedWork/1ae3e08d-6ff8-a07f-acfd-ea462af1ee7c-eng,ESP,"Hile, Kevin",9780737740844,,"KidHaven Press",2009,"Farmington Hills, MI",Book,"Book::McClatchy Children's Area: CHILDREN 133.8 H644 2009 - On Shelf"
https://catalog.saclibrary.org/GroupedWork/5efc3681-cf0b-b533-e706-56db01c050f5-eng,"The Case of the buzzing honey makers","Hogan, Eric, 1979-",9780228102823,,Press,2020,Toronto,"Picture Book","Picture Book::Belle Cooledge Children's Area: PICTURE BOOK Hogan, E. - On Shelf,Picture Book::North Natomas Children's Area: PICTURE BOOK Hogan, E. - On Shelf,Picture Book::Rancho Children's Area: PICTURE BOOK Hogan, E. - Checked Out"
https://catalog.saclibrary.org/GroupedWork/7024a402-59ba-1844-d575-033d53635859-eng,Cahokia,"Lerose, Robert",9781637384589,,"Apex Editions; North Star Editions",2023,"Mendota Heights, MN",eBook;Book,"Book::Arcade Children's Area: CHILDREN 977.389 L617 2023 - On Shelf,Book::Carmichael Children's Area: CHILDREN 977.389 L617 2023 - On Shelf,Book::Central Kids Place - Lower Level: CHILDREN 977.389 L617 2023 - On Shelf"
https://catalog.saclibrary.org/GroupedWork/8bf067f8-bfae-5e03-098b-edb009f343fa-eng,"The prophecies of Nostradamus","Nagelhout, Ryan",9781482420913,,"Gareth Stevens",2015,"New York",Book,"Book::Belle Cooledge Children's Area: CHILDREN 133.3 N914zn 2015 - On Shelf,Book::North Natomas Children's Area: CHILDREN 133.3 N914zn 2015 - On Shelf,Book::Sacramento Public Library Storage: CHILDREN 133.3 N914zn 2015 - On Shelf"
https://catalog.saclibrary.org/GroupedWork/fa419638-b286-5bba-9b3d-15ccf21c3abf-eng,"The case of the wooden timekeeper","Hogan, Eric, 1979-",9780228101963,,"Firefly Books",2019,"Richmond Hill, Ontario","Picture Book","Picture Book::Carmichael Children's Area: PICTURE BOOK Hogan, E. - On Shelf,Picture Book::Franklin Children's: PICTURE BOOK Hogan, E. - On Shelf,Picture Book::North Natomas Children's Area: PICTURE BOOK Hogan, E. - On Shelf"
https://catalog.saclibrary.org/GroupedWork/93ca6608-3cea-8056-7faf-37def4632ce3-eng,"The escape from Alcatraz","Watson, Stephanie, 1969-",9781617833038,,"ABDO Pub",2012,Minneapolis,Book,"Book::Valley Hi-North Laguna Children's Area: CHILDREN 365.641 W342 2012 - On Shelf,Book::Sutter County Main Branch Children's Area: CHILDREN 365.641 WAT - On Shelf"
https://catalog.saclibrary.org/GroupedWork/07a55f80-7422-cbe1-99a3-7d1a654ceac6-eng,"History's infamous unsolved crimes","Hansen, Grace",9781098242275,,"DiscoverRoo, an imprint of Pop!",2023,"Minneapolis, Minnesota",Book,"Book::Carmichael Children's Area: CHILDREN 345.02 H249 2023 - On Shelf,Book::Central Kids Place - Lower Level: CHILDREN 345.02 H249 2023 - On Shelf,Book::Belle Cooledge Children's Area: CHILDREN 345.02 H249 2023 - On Shelf"
https://catalog.saclibrary.org/GroupedWork/da875034-a96b-6ec9-8e50-702b473697f6-eng,"The case of the growing bird feeder","Hogan, Eric, 1979-",9780228101901,,"Firefly Books",2019,"Richmond Hill, Ontario","Picture Book","Picture Book::Franklin Children's: PICTURE BOOK Hogan, E. - On Shelf,Picture Book::Galt Children's Area: PICTURE BOOK Hogan, E. - On Shelf,Picture Book::Sacramento Public Library Storage: PICTURE BOOK Hogan, E. - On Shelf"
https://catalog.saclibrary.org/GroupedWork/3cc9a185-4527-7df6-c0aa-0f4f63750de4-eng,"Easter Island","Gagliardi, Sue, 1969-",9781637384602,,"Apex Editions; North Star Editions",2023,"Mendota Heights, MN",eBook;Book,"Book::Central Kids Place - Lower Level: CHILDREN 996.18 G135 2023 - On Shelf,Book::Belle Cooledge Children's Area: CHILDREN 996.18 G135 2023 - On Shelf,Book::Franklin Children's: CHILDREN 996.18 G135 2023 - On Shelf"
https://catalog.saclibrary.org/GroupedWork/7f7a1c82-2e74-dd5a-af15-213c4c895c21-eng,"History's most baffling sightings","Hansen, Grace",9781098242282,,"DiscoverRoo, an imprint of Pop!",2023,"Minneapolis, Minnesota",Book,"Book::Arden-Dimick Children's Area: CHILDREN 001.94 H249 2023 - Checked Out,Book::Carmichael Children's Area: CHILDREN 001.94 H249 2023 - On Shelf,Book::Belle Cooledge Children's Area: CHILDREN 001.94 H249 2023 - On Shelf"
https://catalog.saclibrary.org/GroupedWork/290fa084-24cf-92d0-2590-540074043edf-eng,"The Pathfinders Society: The curse of the crystal cavern","Sedita, Francesco",9780425291894,,Viking,2021,"New York","Graphic Novel/Manga","Graphic Novel/Manga::Arcade Children's Area: CHILDREN GRAPHIC NOVEL Pathfinders Society v.2 - On Shelf,Graphic Novel/Manga::Central Kids Place - Lower Level: CHILDREN GRAPHIC NOVEL Pathfinders Society v.2 - On Shelf,Graphic Novel/Manga::Southgate Children's Area: CHILDREN GRAPHIC NOVEL Pathfinders Society v.2 - On Shelf"
https://catalog.saclibrary.org/GroupedWork/5bc4d728-0337-a622-a7d8-160a500b9545-eng,"Roanoke Colony","Kelley, Tera",9781637384633,,"Apex Editions",2023,"Mendota Heights, MN",Book,"Book::Arcade Children's Area: CHILDREN 975.6175 K294 2023 - On Shelf,Book::Central Kids Place - Lower Level: CHILDREN 975.6175 K294 2023 - On Shelf,Book::Rancho Children's Area: CHILDREN 975.6175 K294 2023 - On Shelf"
https://catalog.saclibrary.org/GroupedWork/79ba4721-2ba6-0b1f-aa09-dd462c2825ae-eng,"The case of the missing cookies","Adamson, Thomas K., 1970-",9781645490104,,Amicus,2022,"Mankato, MN",Book,"Book::Carmichael Children's Area: CHILDREN 513.2 A221 2022 - On Shelf,Book::Central Kids Place - Lower Level: CHILDREN 513.2 A221 2022 - On Shelf,Book::Belle Cooledge Children's Area: CHILDREN 513.2 A221 2022 - In Transit"
https://catalog.saclibrary.org/GroupedWork/33f847e0-a834-0cb1-223a-003ebf4c1184-eng,"The case of the school store thief","Adamson, Thomas K., 1970-",9781645490081,,Amicus,2022,"Mankato, MN",Book,"Book::Arcade Children's Area: CHILDREN 513 A221c 2022 - Checked Out,Book::Central Kids Place - Lower Level: CHILDREN 513 A221c 2022 - On Shelf,Book::Elk Grove Kids' Place: CHILDREN 513 A221c 2022 - On Shelf"
https://catalog.saclibrary.org/GroupedWork/3bd14d00-3fb7-7ae3-7568-a1c1bf25d634-eng,"Ghosts and poltergeists: stories of the supernatural","West, David, 1956-",9781404208056,,"Rosen Pub. Group",2006,"New York",Book,"Book::Pocket-Greenhaven Kids' Place: CHILDREN 133.1 W517 2006 - On Shelf"
https://catalog.saclibrary.org/GroupedWork/b7456b66-21a7-ac94-24c4-ae0809ea79dd-eng,"The Devil","Robson, David, 1966-",9780737737806,,"KidHaven Press",2008,Detroit,Book,"Book::Elk Grove Kids' Place: CHILDREN 133.42 R667 2008 - On Shelf"
https://catalog.saclibrary.org/GroupedWork/d7343cf6-5580-348a-eda2-b4b07bb326b0-eng,"The case of the pencil problem","Adamson, Thomas K., 1970-",9781645490074,,Amicus,2022,"Mankato, MN",Book,"Book::Carmichael Children's Area: CHILDREN 513 A221 2022 - On Shelf,Book::Central Kids Place - Lower Level: CHILDREN 513 A221 2022 - On Shelf,Book::Colonial Heights Children's Area: CHILDREN 513 A221 2022 - On Shelf"
https://catalog.saclibrary.org/GroupedWork/31f2e191-f317-2476-2620-5c1d59bae121-eng,"The case of the locked time capsule","Adamson, Thomas K., 1970-",9781645490111,,Amicus,2022,"Mankato, MN",Book,"Book::Belle Cooledge Children's Area: CHILDREN 516 A221 2022 - On Shelf,Book::Fair Oaks Children's Area: CHILDREN 516 A221 2022 - On Shelf,Book::North Natomas Children's Area: CHILDREN 516 A221 2022 - On Shelf"
https://catalog.saclibrary.org/GroupedWork/237ad95e-4e83-3793-addc-f15e1c0e50bc-eng,"Curious about aliens","Olson, Gillia M",9781681519791,,"Amicus, Amicus Ink",2022,"Mankato, MN",Book,"Book::Central Kids Place - Lower Level: CHILDREN 001.942 O525 2022 - On Shelf,Book::Elk Grove Kids' Place: CHILDREN 001.942 O525 2022 - Checked Out,Book::Franklin Children's: CHILDREN 001.942 O525 2022 - On Shelf"
https://catalog.saclibrary.org/GroupedWork/a8812435-bf96-8291-f04a-b86d4eee1fec-eng,"The case of the missing class pet","Adamson, Thomas K., 1970-",9781645490098,,Amicus,2022,"Mankato, MN",Book,"Book::Carmichael Children's Area: CHILDREN 516.156 A221 2022 - On Shelf,Book::Central Kids Place - Lower Level: CHILDREN 516.156 A221 2022 - On Shelf,Book::Belle Cooledge Children's Area: CHILDREN 516.156 A221 2022 - In Transit"
https://catalog.saclibrary.org/GroupedWork/8862dfed-2709-baf0-a873-3b9977c79e88-eng,"Forensic scientist: careers solving crimes and scientific mysteries","Williams, Judith (Judith A.)",9780766030510,,"Enslow Publishers",2009,"Berkeley Heights, NJ",Book,"Book::Sylvan Oaks Children's Area: CHILDREN 371.425 F715zw 2009 - On Hold Shelf,Book::Colusa Main Branch Teen Collection: YA 371.425 W - On Shelf"
https://catalog.saclibrary.org/GroupedWork/676060ff-347f-5c01-2685-9b1bc7174beb-eng,"Curious about haunted places","Olson, Gillia M",9781681519821,,Amicus,2022,"Mankato, MN",Book,"Book::Carmichael Children's Area: CHILDREN 133.12 O525 2022 - On Shelf,Book::Central Kids Place - Lower Level: CHILDREN 133.12 O525 2022 - On Shelf,Book::Colonial Heights Children's Area: CHILDREN 133.12 O525 2022 - On Shelf"
https://catalog.saclibrary.org/GroupedWork/6b70fde7-674b-1e28-53de-b8a0f653e9ff-eng,"Case closed: Volume 40","Aoyama, Gōshō",9781421535005,,"VIZ Media",2011,"San Francisco, Calif","Graphic Novel/Manga","Graphic Novel/Manga::Colonial Heights: TEEN MANGA Case Closed v.40 - On Shelf,Graphic Novel/Manga::Orangevale: TEEN MANGA Case Closed v.40 - Checked Out"
https://catalog.saclibrary.org/GroupedWork/27f200b8-bf8a-019c-ccb7-d781d2ee1dff-eng,"The Mary Celeste ghost ship","Amin, Anita Nahta",9781663958754,,"Capstone Press, a Capstone imprint",2022,"North Mankato, Minnesota",Book,"Book::Carmichael Children's Area: CHILDREN 910.0163 V517 2022 - On Shelf,Book::Central Kids Place - Lower Level: CHILDREN 910.0163 V517 2022 - On Shelf,Book::Belle Cooledge Children's Area: CHILDREN 910.0163 V517 2022 - On Shelf"
https://catalog.saclibrary.org/GroupedWork/d5cb41b3-d19b-b085-4954-8018309b6d17-eng,Bigfoot,"Olson, Gillia M",9781681519807,,"Amicus, Amicus, Ink",2022,"Mankato, MN",Book,"Book::Central Kids Place - Lower Level: CHILDREN 001.944 O525 2022 - On Shelf,Book::Elk Grove Kids' Place: CHILDREN 001.944 O525 2022 - Checked Out,Book::North Natomas Children's Area: CHILDREN 001.944 O525 2022 - On Shelf"
https://catalog.saclibrary.org/GroupedWork/c6609a83-c154-ac71-8a6e-0ede8c23779f-eng,Ghosts,"Olson, Gillia M",9781681519814,,"Amicus, Amicus Ink",2022,"Mankato, MN",Book,"Book::Carmichael Children's Area: CHILDREN 133.1 O525 2022 - On Shelf,Book::Central Kids Place - Lower Level: CHILDREN 133.1 O525 2022 - On Shelf,Book::Colonial Heights Children's Area: CHILDREN 133.1 O525 2022 - On Shelf"
https://catalog.saclibrary.org/GroupedWork/a2384438-8990-2cce-4cb0-085663b14ee0-eng,"Spontaneous human combustion","Kallen, Stuart A., 1955-",9780737744132,,"Kidhaven Press",2009,"Farmington Hills, MI",Book,"Book::Belle Cooledge Children's Area: CHILDREN 001.94 K14 2009 - On Shelf"
https://catalog.saclibrary.org/GroupedWork/9bf587c1-0073-71fc-c031-92b7ddd3877d-eng,Fairies,"Burns, Jan",9780737736359,,"KidHaven Press",2007,Detroit,Book,"Book::Arcade Children's Area: CHILDREN 398.21 B967 2007 - On Shelf,Book::Sutter County Main Branch Children's Area: CHILDREN 398.21 BUR - Checked Out"
https://catalog.saclibrary.org/GroupedWork/1abba431-1602-6125-9f02-7597aa2a7355-eng,"The Voynich manuscript","Gish, Ashley",9781637384640,,"Apex Editions",2023,"Mendota Heights, MN",Book,"Book::Fair Oaks Children's Area: CHILDREN 091 G532 2023 - On Shelf,Book::Franklin Children's: CHILDREN 091 G532 2023 - On Shelf,Book::North Natomas Children's Area: CHILDREN 091 G532 2023 - On Shelf"
https://catalog.saclibrary.org/GroupedWork/3911f56b-4d84-2bef-88b6-2039f811d458-eng,UFOs,"Olson, Gillia M",9781681526317,,"Amicus, Amicus Ink",2022,"Mankato, MN",Book,"Book::Arcade Children's Area: CHILDREN 001.942 O525 2022 - On Shelf,Book::Fair Oaks Children's Area: CHILDREN 001.942 O525 2022 - On Shelf,Book::South Natomas Children's Area: CHILDREN 001.942 O525 2022 - Checked Out"
https://catalog.saclibrary.org/GroupedWork/e272ae17-041d-8e1a-dfb0-d7a1629307fb-eng,"Curious about the Loch Ness monster","Olson, Gillia M",9781681519838,,Amicus,2022,Mankato,Book,"Book::Central Kids Place - Lower Level: CHILDREN 001.944 O525 2022 - On Shelf,Book::Fair Oaks Children's Area: CHILDREN 001.944 O525 2022 - On Shelf,Book::North Natomas Children's Area: CHILDREN 001.944 O525 2022 - On Shelf"
https://catalog.saclibrary.org/GroupedWork/eb976149-9727-9db3-20ad-9b8c1cbaf230-eng,"Black butler: Vol. 9","Toboso, Yana, 1984-",9780316189675,,"Yen Press",2012,"New York","Graphic Novel/Manga","Graphic Novel/Manga::Arcade Teen Area: TEEN MANGA Black Butler v.9 - On Shelf,Graphic Novel/Manga::Colonial Heights: TEEN MANGA Black Butler v.9 - On Shelf,Graphic Novel/Manga::Fair Oaks Teen Area: TEEN MANGA Black Butler v.9 - On Shelf"
https://catalog.saclibrary.org/GroupedWork/1df6549b-fd59-a3ee-7faa-cab63a3a4031-eng,"Case closed: Volume 41","Aoyama, Gōshō",9781421536071,,"Viz Media",2012,"San Francisco, Calif","Graphic Novel/Manga","Graphic Novel/Manga::McClatchy Teen Area: TEEN MANGA Case Closed v.41 - On Shelf,Graphic Novel/Manga::Sacramento Public Library Storage: TEEN MANGA Case Closed v.41 - On Shelf"
https://catalog.saclibrary.org/GroupedWork/e46dc5ed-9c8b-1710-d4fd-fced2056e636-eng,"The smallpox files","Redford, Ruth",9798887702643,,"Mayo Clinic Press Kids",2025,"Rochester, MN","Graphic Novel/Manga","Graphic Novel/Manga::Carmichael Children's Area: CHILDREN GRAPHIC 616.912 R315 2026 - Checked Out,Graphic Novel/Manga::Franklin Children's: CHILDREN GRAPHIC 616.912 R315 2026 - Checked Out,Graphic Novel/Manga::North Sacramento-Hagginwood Children's Area: CHILDREN GRAPHIC 616.912 R315 2026 - On Shelf"
https://catalog.saclibrary.org/GroupedWork/db889f34-03e5-ca43-c5d0-483b11adb2d7-eng,"Bungo stray dogs wan!: 02","Kanai, Neco",9781975340292,,"Yen Press",2022,"New York, NY","Graphic Novel/Manga","Graphic Novel/Manga::Central Teen Area - 3rd Floor: TEEN MANGA Bungo Stray v.2 - On Shelf,Graphic Novel/Manga::Colonial Heights: TEEN MANGA Bungo Stray v.2 - On Shelf,Graphic Novel/Manga::Galt Teen Area: TEEN MANGA Bungo Stray v.2 - On Shelf"
https://catalog.saclibrary.org/GroupedWork/9af68668-0afa-d340-ab3a-95c30aec5a56-eng,"The curse of King Tut","Lace, William W",9781601520241,,"ReferencePoint Press",2008,"San Diego, CA",Book,"Book::Arcade Children's Area: CHILDREN 932 L131 2008 - On Shelf,Book::Sutter County Main Branch Children's Area: CHILDREN 932 LAC - On Shelf"
https://catalog.saclibrary.org/GroupedWork/ac960da1-9600-06ab-6989-0fc22c538379-eng,Unicorns,"Silverthorne, Elizabeth, 1930-",9780737737820,,"KidHaven Press",2008,Detroit,Book,"Book::Valley Hi-North Laguna Children's Area: CHILDREN 398.2454 S587 2008 - On Shelf,Book::Sutter County Main Branch Children's Area: CHILDREN 398.24 SIL - Checked Out,Book::Woodland Public Library Children's Area: CHILDREN 398.24 Sil 2008 - On Shelf"
https://catalog.saclibrary.org/GroupedWork/6a6df861-0b4d-c928-9520-fbc33164d8cb-eng,Gumshoe,"Thummler, Brenna",9780063335288,,HarperAlley,2026,"New York","Graphic Novel/Manga","Graphic Novel/Manga::Arden-Dimick Children's Area: CHILDREN GRAPHIC NOVEL Thummler, B. - Checked Out,Graphic Novel/Manga::Central Kids Place - Lower Level: CHILDREN GRAPHIC NOVEL Thummler, B. - On Shelf,Graphic Novel/Manga::Isleton Children's Area: CHILDREN GRAPHIC NOVEL Thummler, B. - On Shelf"
https://catalog.saclibrary.org/GroupedWork/bd70427c-23f9-1550-55d1-137282da594f-eng,"The mysterious universe: supernovae, dark energy, and black holes","Jackson, Ellen B., 1943-",9780618563258,,"Houghton Mifflin Books",2008,Boston,Book,"Book::Elk Grove Kids' Place: CHILDREN 523.8446 J12 2008 - Checked Out"
https://catalog.saclibrary.org/GroupedWork/6ac8f891-fb13-e993-7c02-e9bd82e05893-eng,"Black butler: 7","Toboso, Yana, 1984-",9780316189637,,Yen,2011,"New York","Graphic Novel/Manga","Graphic Novel/Manga::Arcade Teen Area: TEEN MANGA Black Butler v.7 - On Shelf,Graphic Novel/Manga::Colonial Heights: TEEN MANGA Black Butler v.7 - On Shelf,Graphic Novel/Manga::McClatchy Teen Area: TEEN MANGA Black Butler v.7 - On Shelf"
https://catalog.saclibrary.org/GroupedWork/222e60d9-18f1-59ce-e735-09a847620e7c-eng,"What in the wild?: mysteries of nature concealed-- and revealed","Schwartz, David M",9781582463599,,"Tricycle Press",2010,"Berkeley [Calif.]",Book,"Book::Pocket-Greenhaven Kids' Place: CHILDREN 508 S399 2010 - In Transit,Book::Folsom Children's Area: CHILDREN 508 SCH 2010 - On Shelf,Book::Princeton Branch Library Juvenile Collection: J 508 S - On Shelf"
https://catalog.saclibrary.org/GroupedWork/aa4e54c3-8632-9042-d437-2f7dd4808e4d-eng,"The rabies files","Redford, Ruth",9798887702599,,"Mayo Clinic Press Kids",2025,"Rochester, MN","Graphic Novel/Manga","Graphic Novel/Manga::Central Kids Place - Lower Level: CHILDREN GRAPHIC 614.563 R315 2026 - On Shelf,Graphic Novel/Manga::Del Paso Heights Children's Area: CHILDREN GRAPHIC 614.563 R315 2026 - On Shelf,Graphic Novel/Manga::North Natomas Children's Area: CHILDREN GRAPHIC 614.563 R315 2026 - On Shelf"
https://catalog.saclibrary.org/GroupedWork/c4c9bc8f-7047-5308-ef33-6b40dcf02ae1-eng,"Black butler: 6","Toboso, Yana, 1984-",9780316084307,,Yen,2011,"New York","Graphic Novel/Manga","Graphic Novel/Manga::Galt Teen Area: TEEN MANGA Black Butler v.6 - On Shelf,Graphic Novel/Manga::McClatchy Teen Area: TEEN MANGA Black Butler v.6 - On Shelf,Graphic Novel/Manga::North Natomas: TEEN MANGA Black Butler v.6 - On Shelf"
https://catalog.saclibrary.org/GroupedWork/07d1d690-69b6-a362-ef96-10d3424fc70c-eng,"Black butler: 5","Toboso, Yana, 1984-",9780316084291,,"Yen Press",2011,"New York","Graphic Novel/Manga","Graphic Novel/Manga::Colonial Heights: TEEN MANGA Black Butler v.5 - On Shelf,Graphic Novel/Manga::Folsom Teen Room: TEEN GRAPHIX Toboso, Y. v.5 - On Shelf,Graphic Novel/Manga::Sacramento Public Library Storage: TEEN MANGA Black Butler v.5 - On Shelf"
https://catalog.saclibrary.org/GroupedWork/b65ac891-f9c2-4026-f1b4-4c0ba439f42d-eng,"Black butler: XI","Toboso, Yana, 1984-",9780316225335,,"Yen Press",2012,"New York","Graphic Novel/Manga","Graphic Novel/Manga::Colonial Heights: TEEN MANGA Black Butler v.11 - On Shelf,Graphic Novel/Manga::North Sacramento-Hagginwood Teen Area: TEEN MANGA Black Butler v.11 - On Hold Shelf,Graphic Novel/Manga::Orangevale: TEEN MANGA Black Butler v.11 - Checked Out"
https://catalog.saclibrary.org/GroupedWork/5093d7f3-ca70-2723-6e36-979a17547268-eng,"Dance off","Keene, Carolyn",9781416994596,,Aladdin,2011,"New York",Book,"Book::Fair Oaks Children's Area: MOVING UP Keene, C. - Checked Out,Book::Barber Branch: CHILDREN FICTION Keene, C. [Paperback] - On Shelf"
https://catalog.saclibrary.org/GroupedWork/4ca84e74-5193-748c-b6ae-1b45e277763e-eng,"Bad machinery: 7, The case of the forked road","Allison, John, 1976-",9781620105627,,"Oni Press, Inc",2019,"Portland, OR","Graphic Novel/Manga","Graphic Novel/Manga::Carmichael Teen Area: TEEN GRAPHIC NOVEL Bad Machinery v.7 - On Shelf,Graphic Novel/Manga::Elk Grove Teen Area: TEEN GRAPHIC NOVEL Bad Machinery v.7 - On Shelf,Graphic Novel/Manga::Fair Oaks Teen Area: TEEN GRAPHIC NOVEL Bad Machinery v.7 - On Shelf"
https://catalog.saclibrary.org/GroupedWork/b4eb49e0-4613-ff55-1652-17cf2143ef84-eng,"The ultimate unofficial encyclopedia for Minecrafters: Aquatic : an A-Z guide to the mysteries of the deep","Miller, Megan, 1963-",9781510747272,,"Sky Pony Press, an imprint of Skyhorse Publishing",2019,"New York",Book,"Book::Arden-Dimick Children's Area: CHILDREN 794.8 M649 2019 - Checked Out,Book::Princeton Branch Library Juvenile Collection: J 794.8 M - On Shelf"
https://catalog.saclibrary.org/GroupedWork/15373a77-7a45-6c77-1e5e-42e159c66715-eng,"Hilda and the stone forest","Pearson, Luke",9781909263741,,"Flying Eye Books",2016,London,"Graphic Novel/Manga","Graphic Novel/Manga::Central Kids Place - Lower Level: ON ORDER - On Order,Graphic Novel/Manga::Sacramento Public Library Children: ON ORDER - On Order,Graphic Novel/Manga::Colusa Main Branch Juvenile Collection: J Graphic - On Shelf"
https://catalog.saclibrary.org/GroupedWork/f8d58353-88f1-56c4-f74f-754e399bf570-eng,Mars,"Edson, Shauna",9780241409589,,"DK Publishing","2020 - 2024","New York, NY",Book,"Book::Carmichael Children's Area: CHILDREN 523.43 E244 2024 - Checked Out,Book::Central Kids Place - Lower Level: CHILDREN 523.43 E244 2024 - On Shelf,Book::Elk Grove Kids' Place: CHILDREN 523.43 E244 2024 - Checked Out"
https://catalog.saclibrary.org/GroupedWork/55e45c71-c15c-6bc9-c498-fe8dd0a8e4f2-eng,"Oshi no ko: 1","Akasaka, Aka",9781975363178,,"Yen Press",2023,"New York","Graphic Novel/Manga","Graphic Novel/Manga::Central Teen Area - 3rd Floor: TEEN MANGA Oshi No v.1 - Checked Out,Graphic Novel/Manga::Elk Grove Teen Area: TEEN MANGA Oshi No v.1 - On Hold Shelf,Graphic Novel/Manga::Franklin Teen: TEEN MANGA Oshi No v.1 - Checked Out"
https://catalog.saclibrary.org/GroupedWork/0c7dfa16-2ea2-3e53-7fea-96cf85d3443d-eng,"Ghost ship","Williams, Dinah (Dinah J.)",9781546178637,,"Scholastic Inc.; Childrens Press, an imprint of Scholastic Inc","2025 - 2026","New York, NY",eBook;Book,"Book::Carmichael Children's Area: CHILDREN 910.452 W722 2025 - On Shelf,Book::Belle Cooledge Children's Area: CHILDREN 910.452 W722 2025 - On Shelf,Book::Franklin Children's: CHILDREN 910.452 W722 2025 - On Shelf"
https://catalog.saclibrary.org/GroupedWork/c7679823-cec1-bd54-cc75-f13e25d8dc34-eng,"Thea Stilton and the Race for the Gold","Stilton, Thea",9781338587494,,"Scholastic Inc.; Scholastic Inc",2020,"New York",eBook;Book,"Book::Arcade Children's Area: MOVING UP Stilton, T. - On Shelf,Book::Central Kids Place - Lower Level: MOVING UP Stilton, T. - Checked Out,Book::Belle Cooledge Children's Area: MOVING UP Stilton, T. - Checked Out"
https://catalog.saclibrary.org/GroupedWork/4729839b-29ad-de29-e679-b0d6394e4a22-eng,"UFOs: the Roswell incident","DeMolay, Jack",9781404234031,,"PowerKids Press",2007,"New York",Book,"Book::Elk Grove Kids' Place: CHILDREN 001.942 D383 2007 - Checked Out"
https://catalog.saclibrary.org/GroupedWork/2b4dd27a-e198-db74-1574-8e9aec50165e-eng,"The apothecary diaries: Volume 2","Hyūga, Natsu",9781646090716,,"Square Enix Manga",2021,"[Los Angeles, California]","Graphic Novel/Manga","Graphic Novel/Manga::Colonial Heights: TEEN MANGA Apothecary Diaries v.2 - Checked Out,Graphic Novel/Manga::Belle Cooledge Teen Area: TEEN MANGA Apothecary Diaries v.2 - Checked Out,Graphic Novel/Manga::North Sacramento-Hagginwood Teen Area: TEEN MANGA Apothecary Diaries v.2 - Checked Out"
https://catalog.saclibrary.org/GroupedWork/8061ffc6-703e-6de7-727d-452d4dc17377-eng,Narwhals,"Bassier, Emma",9781532166082,,"DiscoverRoo, an imprint of Pop!; ABDO Publishing Company","2019 - 2020","North Mankato, Minnesota",eBook;Book,"Book::Carmichael Children's Area: CHILDREN 599.543 B321 2020 - On Shelf,Book::Fair Oaks Children's Area: CHILDREN 599.543 B321 2020 - On Shelf,Book::South Natomas Children's Area: CHILDREN 599.543 B321 2020 - On Shelf"
https://catalog.saclibrary.org/GroupedWork/cf697c54-2840-8506-064d-8e74535c3235-eng,"My little pony: lost stories of Equestria",,9781223276830,,"IDW Publishing, a division of Idea and Design Works, LLC",2025,"Sherman Oaks, CA","Graphic Novel/Manga","Graphic Novel/Manga::Central Kids Place - Lower Level: CHILDREN GRAPHIC NOVEL My Little Pony - Checked Out,Graphic Novel/Manga::Belle Cooledge Children's Area: CHILDREN GRAPHIC NOVEL My Little Pony - Checked Out,Graphic Novel/Manga::Franklin Children's: CHILDREN GRAPHIC NOVEL My Little Pony - Checked Out"
https://catalog.saclibrary.org/GroupedWork/7887eac4-137c-4d81-bf54-22bad1669071-eng,"When the stars come out","Edwards, Nicola",9781944530235,,"360 Degrees, an imprint of Little Tiger Group",2019,London,Book,"Book::Central Kids Place - Lower Level: OVERSIZE CHILDREN 525.35 E266 2019 - On Shelf,Book::Colonial Heights Children's Area: OVERSIZE CHILDREN 525.35 E266 2019 - Checked Out,Book::North Natomas Children's Area: OVERSIZE CHILDREN 525.35 E266 2019 - On Shelf"
https://catalog.saclibrary.org/GroupedWork/9d70dce5-fac1-9583-98b7-c7b89a58cdc8-eng,"Dead list","Armentrout, Jennifer L",9780997969146,,"Tantor Media, Inc; [publisher not identified]","2017 - 2021","[Place of publication not identified]",eAudiobook;Book,"Book::Fair Oaks Teen Area: TEEN FICTION Armentrout, J. - On Shelf,Book::Franklin Teen: TEEN FICTION Armentrout, J. - On Shelf,Book::Isleton Teen Area: TEEN FICTION Armentrout, J. - On Shelf"
https://catalog.saclibrary.org/GroupedWork/342a1a5c-d691-6d8f-a5aa-68896acaef4c-eng,Goldfish,"Bendis, Brian Michael",9781506730141,,"Dark Horse Books; Dark Horse Comics",2022,"Milwaukie, OR","Graphic Novel/Manga;eComic","Graphic Novel/Manga::Fair Oaks: GRAPHIC NOVEL Bendis, B. - On Shelf,Graphic Novel/Manga::Orangevale: GRAPHIC NOVEL Bendis, B. - On Shelf,Graphic Novel/Manga::Rio Linda: GRAPHIC NOVEL Bendis, B. - On Shelf"
https://catalog.saclibrary.org/GroupedWork/7852603f-edbf-5930-5f72-fc6b3e5c568c-eng,"Shazam!: power of hope","Dini, Paul",9781779521484,,"DC Comics",2023,"Burbank, CA","Graphic Novel/Manga;eComic","Graphic Novel/Manga::Arcade Teen Area: TEEN GRAPHIC NOVEL Shazam - On Shelf,Graphic Novel/Manga::Carmichael Teen Area: TEEN GRAPHIC NOVEL Shazam - On Shelf,Graphic Novel/Manga::Central Teen Area - 3rd Floor: TEEN GRAPHIC NOVEL Shazam - On Shelf"
https://catalog.saclibrary.org/GroupedWork/b99e9bb7-987a-6473-90bc-01daa4cc092c-eng,"Ben 10: The creature from Serenity Shore","Lee, C. B",9781684155323,,"BOOM! Studios; KaBoom!",2020,"Los Angeles, CA","Graphic Novel/Manga;eComic","Graphic Novel/Manga::Belle Cooledge Children's Area: CHILDREN GRAPHIC NOVEL Ben 10 - On Shelf,Graphic Novel/Manga::Orangevale: CHILDREN GRAPHIC NOVEL Ben 10 - Checked Out,Graphic Novel/Manga::Pocket-Greenhaven Kids' Place: CHILDREN GRAPHIC NOVEL Ben 10 - On Shelf"
https://catalog.saclibrary.org/GroupedWork/f90cd00e-ac36-279b-aa69-24433a97fb02-eng,"Little monsters of the ocean: metamorphosis under the waves","Montgomery, Heather L",9781541528987,,"Millbrook Press; Lerner Publishing Group",2019,Minneapolis,eBook;Book,"Book::Carmichael Children's Area: CHILDREN 591.77 M787 2019 - On Shelf,Book::Fair Oaks Children's Area: CHILDREN 591.77 M787 2019 - On Shelf,Book::North Natomas Children's Area: CHILDREN 591.77 M787 2019 - On Shelf"
https://catalog.saclibrary.org/GroupedWork/53b6419f-af1e-b827-5079-ec358245b935-eng,"The mushroom fan club","Gravel, Elise",9781770463226,,"Drawn & Quarterly; Enfant","2018 - 2020","Montreal, Quebec","Graphic Novel/Manga;eComic","Graphic Novel/Manga::Carmichael Children's Area: CHILDREN GRAPHIC 579.5 G775 2018 - Checked Out,Graphic Novel/Manga::Central Kids Place - Lower Level: CHILDREN GRAPHIC 579.5 G775 2018 - On Shelf,Graphic Novel/Manga::Orangevale: CHILDREN GRAPHIC 579.5 G775 2018 - On Shelf"
https://catalog.saclibrary.org/GroupedWork/77426194-2b0d-7c5c-d455-f0d4101d02f2-eng,"More true lies: 18 tales for you to judge","Shannon, George",9780060291884,,"Greenwillow Books; HarperCollins","2001 - 2010","New York",eBook;Book,"Book::Galt Children's Area: CHILDREN 398.2 S5282m2 2001 - On Shelf,Book::North Natomas Children's Area: CHILDREN 398.2 S5282m2 2001 - On Shelf"
https://catalog.saclibrary.org/GroupedWork/8d14d3a2-ef8f-1874-67bd-937396c8d3eb-eng,"Move fast and break things: how Facebook, Google, and Amazon cornered culture and undermined democracy","Taplin, Jonathan, 1947-",9780316275774,,"Hachette Audio; Little, Brown and Company",2017,"New York",eBook;Book;eAudiobook,"Book::Central: 330.904 T173 2017 - On Shelf,Book::Orangevale: 330.904 T173 2017 - On Shelf"
https://catalog.saclibrary.org/GroupedWork/b1030dfe-96de-bdfd-48e7-4d36816f2179-eng,"Secrets of the ocean: 15 bedtime stories inspired by nature","Klepeis, Alicia, 1971-",9781684493814,,"St. Martin's Publishing Group; Macmillan Audio; Neon Squid",2024,"New York",eAudiobook;Book;eBook,"Book::Carmichael Children's Area: CHILDREN 578.77 K64 2024 - Checked Out,Book::Central Kids Place - Lower Level: CHILDREN 578.77 K64 2024 - On Shelf,Book::Belle Cooledge Children's Area: CHILDREN 578.77 K64 2024 - Checked Out"
https://catalog.saclibrary.org/GroupedWork/fa48a75e-e2ea-8161-1f38-37a88e612ab9-eng,"Scared witless: thirteen eerie tales to tell",,9780874837964,,"August House",2006,"Little Rock, Ark",Book,"Book::Carmichael Children's Area: CHILDREN 398.2 S285 2006 - On Shelf,Book::South Natomas Children's Area: CHILDREN 398.2 S285 2006 - On Shelf,Book::North Natomas Children's Area: CHILDREN 398.2 S285 2006 - On Shelf"
https://catalog.saclibrary.org/GroupedWork/f738a5fc-9286-d7ad-a857-677ee0269975-eng,"Where is the Bermuda Triangle?","Stine, Megan",9781524786267,,"Penguin Workshop, an imprint of Penguin Random House; Penguin Workshop, An Imprint of Penguin Random House; Books on Tape; Penguin Young Readers Group",2018,"New York, New York",eAudiobook;Book;eBook,"Book::Belle Cooledge Children's Area: CHILDREN 001.94 S859 2018 - On Shelf,Book::Franklin Children's: CHILDREN 001.94 S859 2018 - Checked Out,Book::Galt Children's Area: CHILDREN 001.94 S859 2018 - On Shelf"
https://catalog.saclibrary.org/GroupedWork/dc8936cb-eb15-9afc-2809-a5e00030dae5-eng,"Tales of whimsy, verses of woe","DeRoche, Tim",9780999277614,,"Redtail Press",2023,"Los Angeles, California",Book;eAudiobook,"Book::Central Kids Place - Lower Level: CHILDREN 811.6 D437 2023 - On Shelf,Book::Colonial Heights Children's Area: CHILDREN 811.6 D437 2023 - On Shelf,Book::Franklin Children's: CHILDREN 811.6 D437 2023 - On Shelf"
https://catalog.saclibrary.org/GroupedWork/8037dc46-4dd1-2c95-30e3-b5108aabd3b8-eng,"Pyramids of Egypt","Williams, Dinah (Dinah J.)",9781546141549,,"Scholastic Inc.; Children's Press, an imprint of Scholastic, Inc",2025,"New York, NY",eBook;Book,"Book::Carmichael Children's Area: CHILDREN 932 W722 2025 - On Shelf,Book::Central Kids Place - Lower Level: CHILDREN 932 W722 2025 - On Shelf,Book::Courtland Children's Area: CHILDREN 932 W722 2025 - On Shelf"
https://catalog.saclibrary.org/GroupedWork/d28aa83d-aa70-c7c8-acdf-5738ea788591-eng,Galaxies,"Stille, Darlene R",9780716695493,,"World Book","2010 - 2017","Chicago; Chicago, Illinois",Book,"Book::Arcade Children's Area: CHILDREN 523.112 S857 2017 - On Shelf,Book::Carmichael Children's Area: CHILDREN 523.112 S857 2017 - Checked Out"
https://catalog.saclibrary.org/GroupedWork/2f74acb5-e081-90e7-ede2-e6f079928ab2-eng,"Frightful ghost ships","Roland, James",9781512456059,,"Lerner Publishing Group; Lerner Publications",2017,Minneapolis,eBook;Book,"Book::Carmichael Children's Area: CHILDREN 133.122 R744 2017 - On Shelf,Book::Belle Cooledge Children's Area: CHILDREN 133.122 R744 2017 - On Shelf,Book::Elk Grove Kids' Place: CHILDREN 133.122 R744 2017 - Checked Out"
https://catalog.saclibrary.org/GroupedWork/d6ce6016-679b-18ac-f248-55051e1e44a2-eng,"The pancake trap","Young, Stephanie",9798894880907,,"Oni Press; Oni-Lion Forge Publishing Group, LLC",2026,Portland,"Graphic Novel/Manga;eComic","Graphic Novel/Manga::Central Kids Place - Lower Level: CHILDREN GRAPHIC NOVEL Young, S. - In Processing,Graphic Novel/Manga::Central Kids Place - Lower Level: ON ORDER - On Order,Graphic Novel/Manga::Sacramento Public Library: CHILDREN GRAPHIC NOVEL Young, S. - In Processing"
https://catalog.saclibrary.org/GroupedWork/83d0825e-0186-97e7-ba3f-d5d90f7661ed-eng,"The vibes you feel: what I've learned about life and relationships through the Holy Spirit","Sheard, Kierra Kiki",9780310141624,,Zondervan,2023,"Grand Rapids, Michigan",Book,"Book::Carmichael Teen Area: TEEN 248.83 S539 2023 - On Shelf,Book::Fair Oaks Teen Area: TEEN 248.83 S539 2023 - On Shelf,Book::North Natomas: TEEN 248.83 S539 2023 - On Shelf"
https://catalog.saclibrary.org/GroupedWork/d36f3488-3892-1067-3212-c9fd0e3b063e-eng,"The Bermuda Triangle, Stonehenge, and unexplained places","Coddington, Andrew",9781502628435,,"Cavendish Square Publishing, LLC; Cavendish Square","2017 - 2018","New York",eBook;Book,"Book::Belle Cooledge Children's Area: CHILDREN 001.94 C669 2018 - On Shelf,Book::Galt Children's Area: CHILDREN 001.94 C669 2018 - On Shelf,Book::Rancho Children's Area: CHILDREN 001.94 C669 2018 - On Shelf"
https://catalog.saclibrary.org/GroupedWork/51cda946-d95e-a849-ee3a-ca5a47190444-eng,"12 frightening tales of alien encounters","Terrell, Brandon, 1978-",9781632353436,,"Amicus Publish/12-Story Library; 12-Story Library",2017,"North Mankato, MN",eBook;Book,"Book::North Natomas Children's Area: CHILDREN 001.942 T325 2017 - On Shelf,Book::Rio Linda Children's Area: CHILDREN 001.942 T325 2017 - On Shelf,Book::Sylvan Oaks Children's Area: CHILDREN 001.942 T325 2017 - On Shelf"
https://catalog.saclibrary.org/GroupedWork/72a6c528-56b6-f2e8-4787-2856728ee6a1-eng,"Machu Picchu: the lost civilization","Leaf, Christina",9781626176966,,"Bellwether Media, Inc; Bellwether Media",2018,"Minneapolis, MN",eBook;Book;eAudiobook,"Book::Carmichael Children's Area: CHILDREN 985.37 L434 2018 - On Shelf,Book::North Natomas Children's Area: CHILDREN 985.37 L434 2018 - On Shelf"
https://catalog.saclibrary.org/GroupedWork/d371cb0a-253a-4b3d-ec45-8d972eca6ac6-eng,"Handbook to Bigfoot, Nessie, and other unexplained creatures","Omoth, Tyler",9781515713111,,"Capstone Press; Capstone","2017 - 2021","North Mankato, Minnesota",eBook;Book;eAudiobook,"Book::Belle Cooledge Children's Area: CHILDREN 001.944 O56 2017 - In Transit,Book::McClatchy Children's Area: CHILDREN 001.944 O56 2017 - On Shelf,Book::North Natomas Children's Area: CHILDREN 001.944 O56 2017 - On Shelf"
https://catalog.saclibrary.org/GroupedWork/2c85da28-a7be-5062-0292-b020b10cba45-eng,"Who was Blackbeard?","Buckley, James, Jr., 1963-",9780448483085,,"Grosset & Dunlap; Penguin Young Readers Group",2015,"New York",eBook;Book,"Book::Sylvan Oaks Children's Area: CHILDREN BIOGRAPHY Blackbeard 2015 - On Shelf,Book::Valley Hi-North Laguna Children's Area: CHILDREN BIOGRAPHY Blackbeard 2015 - Checked Out,Book::Barber Branch: CHILDREN BIOGRAPHY BLACKBEARD - On Shelf"
https://catalog.saclibrary.org/GroupedWork/568b6192-eed9-8ca2-0762-bb7f64f94f23-eng,"Who was Edgar Allan Poe?","Gigliotti, Jim",9781484461785,,"Grosset & Dunlap, an imprint of Penguin Random House; Penguin Young Readers Group",2015,"New York",eBook;Book,"Book::Colonial Heights Children's Area: CHILDREN BIOGRAPHY Poe, E. 2015 - On Shelf,Book::Fair Oaks Children's Area: CHILDREN BIOGRAPHY Poe, E. 2015 - Checked Out,Book::North Natomas Children's Area: CHILDREN BIOGRAPHY Poe, E. 2015 - On Shelf"
https://catalog.saclibrary.org/GroupedWork/6459bce6-4e02-c16e-3639-c5905ddea3d5-eng,"What do we know about spontaneous human combustion?","Korté, Steve",9798217049202,,"Penguin Workshop; Books on Tape; Penguin Young Readers Group",2025,"New York, New York",eAudiobook;Book;eBook,"Book::Central Kids Place - Lower Level: CHILDREN 001.94 K853 2025 - On Shelf,Book::Courtland Children's Area: CHILDREN 001.94 K853 2025 - On Shelf,Book::McKinley Children's Area: CHILDREN 001.94 K853 2025 - On Shelf"
https://catalog.saclibrary.org/GroupedWork/d15193c3-64f7-ab1d-d67a-8d783df6e3e1-eng,"The Aeneid",Virgil,9780143106296,,"Signet Classics; Interactive Media; Highbridge Company; Penguin; GENERAL PRESS; Vintage Books; HarperCollins Canada; Duke Classics; Random House; Blackstone Publishing; Otbebookpublishing; Open Road Media; Liveright; Viking; Lerner Publishing Group|Lerner Publishing Group; Distributed by Random House; Start Publishing LLC; Knopf; Naxos Audiobooks; The University of Chicago Press; HarperCollins Publishers; Tantor Media, Inc.; Wilder Publications, Inc.; Penguin Books; Penguin Audio; SC Active Business Development SRL; Dover Publications; Mint Editions; CCS Books; Tantor Media, Inc; Random House Publishing Group","1958 - 2025","New York; Newbury, Berkshire; Chicago; London, England","eAudiobook;Audiobook - CD;eBook;Book","Book::Carmichael: 873 V816a 2021 - On Shelf,Book::Central: 873 V816a 2021 - On Shelf,Book::Carmichael: 873 V816zf 2017 - On Shelf"
https://catalog.saclibrary.org/GroupedWork/16b991d1-f450-f710-b90f-7c779fb6cef6-eng,"Inside the Great Pyramid","Kim, Carol",9781669087861,,"Capstone; Capstone Press, a Capstone imprint",2025,"North Mankato, MN",eBook;Book,"Book::Franklin Children's: CHILDREN 932.012 K491 2025 - On Shelf,Book::Isleton Children's Area: CHILDREN 932.012 K491 2025 - On Shelf,Book::Southgate Children's Area: CHILDREN 932.012 K491 2025 - On Shelf"
https://catalog.saclibrary.org/GroupedWork/79a72fed-1090-8a9c-419a-dfde25580ed8-eng,"Fossil hunter: how Mary Anning changed the science of prehistoric life","Blackford, Cheryl",9780358396055,,"Clarion Books; Houghton Mifflin Harcourt; HarperCollins",2022,"New York",eAudiobook;eBook;Book,"Book::Carmichael Children's Area: CHILDREN BIOGRAPHY Anning, M. 2022 - On Shelf,Book::Central Kids Place - Lower Level: CHILDREN BIOGRAPHY Anning, M. 2022 - On Shelf,Book::Del Paso Heights Children's Area: CHILDREN BIOGRAPHY Anning, M. 2022 - On Shelf"
https://catalog.saclibrary.org/GroupedWork/40f91c65-261a-15a3-cf11-b4e66a94c339-eng,"The big backyard: the solar system beyond Pluto","Miller, Ron, 1947-",9781728475349,,"Twenty-First Century Books; Lerner Publishing Group",2023,Minneapolis,eBook;Book,"Book::Central Teen Area - 3rd Floor: TEEN 523.49 M649 2023 - On Shelf,Book::Galt Teen Area: TEEN 523.49 M649 2023 - On Shelf,Book::Rio Linda Teen Area: TEEN 523.49 M649 2023 - On Shelf"
https://catalog.saclibrary.org/GroupedWork/0c96e7e9-fb6e-e8f3-f953-406e25867966-eng,"Area 51","Haney, Jill",9781680210316,,"Saddleback Educational Publishing",2015,"[Costa Mesa, California]",Book,"Book::Belle Cooledge Children's Area: CHILDREN 001.942 H237 2015 - Checked Out,Book::North Natomas Children's Area: CHILDREN 001.942 H237 2015 - On Shelf,Book::Rancho Children's Area: CHILDREN 001.942 H237 2015 - Checked Out"
https://catalog.saclibrary.org/GroupedWork/9f6d5f56-797d-c0bd-7e08-14c9a2aefeb5-eng,"Giant squid","Musgrave, Ruth A., 1960-",9780744075205,,"DK Publishing",2023,"New York, NY","Easy Reader","Easy Reader::Arcade Children's Area: EASY READER 3 594.58 M987 2023 - Checked Out,Easy Reader::Carmichael Children's Area: EASY READER 3 594.58 M987 2023 - On Shelf,Easy Reader::Central Kids Place - Lower Level: EASY READER 3 594.58 M987 2023 - On Shelf"
https://catalog.saclibrary.org/GroupedWork/e45f832d-ce65-b9db-c812-1dc1cbab38ad-eng,"Seven wonders of asteroids, comets, and meteors","Miller, Ron, 1947-",9780761354512,,"Lerner Publishing Group|Lerner Publishing Group; Twenty-First Century Books",2011,Minneapolis,eBook;Book,"Book::Rancho Children's Area: CHILDREN 523.5 M649 2011 - Checked Out,Book::Southgate Children's Area: CHILDREN 523.5 M649 2011 - On Shelf"
https://catalog.saclibrary.org/GroupedWork/3ce33e75-0619-cb95-87ac-7233a990156e-eng,"Dinosaur secrets revealed!: how high-tech tools spark discoveries","Markle, Sandra",9798765671993,,"Millbrook Press; Lerner Publishing Group","2025 - 2026",Minneapolis,eBook;Book,"Book::Carmichael Children's Area: CHILDREN 567.9 M346 2025 - On Shelf,Book::Central Kids Place - Lower Level: CHILDREN 567.9 M346 2025 - On Shelf,Book::Colonial Heights Children's Area: CHILDREN 567.9 M346 2025 - On Shelf"
https://catalog.saclibrary.org/GroupedWork/3c7eaa3f-53be-6c69-4e1f-e238998f2d6a-eng,"Secrets of the mummies","Griffey, Harriet",9780744071122,,"DK Publishing; DK Pub","1998 - 2023","New York, N.Y; New York, NY",Book,"Book::Galt Children's Area: CHILDREN 393.3 G849 1999 - On Shelf,Book::Folsom Children's Area: EASY READER 3 GR - Checked Out"
https://catalog.saclibrary.org/GroupedWork/ae464dab-5e7a-8818-1c19-38beeee6c9ff-eng,"Will it blow?: become a volcano detective at Mount St. Helens","Rusch, Elizabeth",9781570615092,,"Sasquatch Books",2007,Seattle,Book,"Book::Pocket-Greenhaven Kids' Place: CHILDREN 551.21 R951 2007 - On Shelf"
https://catalog.saclibrary.org/GroupedWork/4cc3ceba-7cea-8cb4-ceec-a46421c2f4e9-eng,"Understanding COVID-19","Hustad, Douglas",9781644945049,,"Core Library, an imprint of Abdo Publishing; ABDO Publishing Company","2020 - 2021","Minneapolis, Minnesota",eBook;Book,"Book::Arcade Children's Area: CHILDREN 616.2414 H972 2021 - On Shelf,Book::Carmichael Children's Area: CHILDREN 616.2414 H972 2021 - On Shelf,Book::Central Kids Place - Lower Level: CHILDREN 616.2414 H972 2021 - On Shelf"
https://catalog.saclibrary.org/GroupedWork/5f766b38-06f4-d04f-c9a2-f25a924a3de5-eng,"Spine-tingling urban legends","Kenney, Karen Latchana",9781512434057,,"Lerner Publishing Group|Lerner Publishing Group; Lerner Publishing Group; Lerner Publications","2017 - 2018",Minneapolis,eBook;Book,"Book::Belle Cooledge Children's Area: CHILDREN 398.20973 K366 2018 - On Shelf,Book::North Natomas Children's Area: CHILDREN 398.20973 K366 2018 - On Shelf,Book::Pocket-Greenhaven Kids' Place: CHILDREN 398.20973 K366 2018 - On Shelf"
https://catalog.saclibrary.org/GroupedWork/c91f75f5-da72-4f99-11fb-5ccc526734ed-eng,"Handbook to ghosts, poltergeists, and haunted houses","McCollum, Sean",9781515713081,,"Capstone Press; Capstone Press a captsone imprint; Capstone","2017 - 2021","North Mankato, Minnesota",eBook;Book;eAudiobook,"Book::Arcade Children's Area: CHILDREN 133.1 M129 2017 - On Shelf,Book::Carmichael Children's Area: CHILDREN 133.1 M129 2017 - On Shelf,Book::Belle Cooledge Children's Area: CHILDREN 133.1 M129 2017 - On Shelf"
https://catalog.saclibrary.org/GroupedWork/6929edc8-6a80-8ba2-b6ae-8148e3340b98-eng,"Giza pyramids","Jopp, Kelsey, 1993-",9781637394793,,"North Star Editions; Focus Readers",2023,"Lake Elmo, MN",eBook;Book,"Book::Carmichael Children's Area: CHILDREN 932.2 J81 2023 - On Shelf,Book::Central Kids Place - Lower Level: CHILDREN 932.2 J81 2023 - On Shelf,Book::Belle Cooledge Children's Area: CHILDREN 932.2 J81 2023 - On Shelf"
https://catalog.saclibrary.org/GroupedWork/9e7b1fb5-675a-9c0f-2b50-d6fc7daf45ab-eng,"The great shark rescue: saving the whale sharks","Markle, Sandra",9781541510418,,"Millbrook Press; Lerner Publishing Group","2019 - 2020",Minneapolis,eAudiobook;eBook;Book,"Book::Central Kids Place - Lower Level: CHILDREN 597.3 M346 2019 - On Shelf,Book::Belle Cooledge Children's Area: CHILDREN 597.3 M346 2019 - On Shelf,Book::Franklin Children's: CHILDREN 597.3 M346 2019 - On Shelf"
https://catalog.saclibrary.org/GroupedWork/11cdd8c9-3650-3891-8df4-e25020f6d098-eng,"Push and pull! Learn about magnets","Vogel, Julia",9781602535138,,"Child's World; The Child's World, Inc.","2010 - 2011","Mankato, Minn",eBook;Book,"Book::Rancho Children's Area: CHILDREN 538.4 V878 2011 - On Shelf,Book::Folsom Children's Area: CHILDREN 538 VOG 2011 - Checked Out"
https://catalog.saclibrary.org/GroupedWork/c3cf7fa4-bbf6-e7ce-337e-8bc8566246a5-eng,"Henry Louis Gates Jr","Miller, J. P. (Janice P.)",9781731638007,,"Rourke Educational Media","2020 - 2021","[Vero Beach, FL]",eBook;Book,"Book::Carmichael Children's Area: CHILDREN BIOGRAPHY Gates, H. 2021 - On Shelf,Book::Fair Oaks Children's Area: CHILDREN BIOGRAPHY Gates, H. 2021 - On Shelf,Book::Franklin Children's: CHILDREN BIOGRAPHY Gates, H. 2021 - On Shelf"
https://catalog.saclibrary.org/GroupedWork/dfe8e78d-a6cc-33ff-50a6-d90c360a7fce-eng,"Water monsters","Hinds, Kathryn, 1962-",9780761449263,,"Cavendish Square Publishing, LLC; Cavendish Square","2013 - 2014","New York",eBook;Book,"Book::Pocket-Greenhaven Kids' Place: CHILDREN 398.2454 H662w 2014 - On Shelf"
https://catalog.saclibrary.org/GroupedWork/a399851a-65f1-1594-f722-b7d5a3996f9c-eng,"Haunted houses and mansions","Troupe, Thomas Kingsley",9781427155573,,"Crabtree Publishing Company; Crabtree Publishing","2021 - 2022","New York, NY",eBook;Book,"Book::Central Kids Place - Lower Level: CHILDREN 133.122 T861h2 2022 - On Shelf,Book::North Natomas Children's Area: CHILDREN 133.122 T861h2 2022 - On Shelf,Book::Pocket-Greenhaven Kids' Place: CHILDREN 133.122 T861h2 2022 - On Shelf"
https://catalog.saclibrary.org/GroupedWork/20b41cf9-b040-d087-0ed9-4a3fff98fe2f-eng,"Seven wonders of the rocky planets and their moons","Miller, Ron, 1947-",9780761354482,,"Lerner Publishing Group|Lerner Publishing Group; Twenty-First Century Books",2011,Minneapolis,eBook;Book,"Book::Carmichael Children's Area: CHILDREN 523.4 M649s 2011 - On Shelf,Book::Pocket-Greenhaven Kids' Place: CHILDREN 523.4 M649s 2011 - On Shelf"
https://catalog.saclibrary.org/GroupedWork/fe02602b-b076-8b53-c616-b348a2a6d70f-eng,"Handbook to UFOs, crop circles, and alien encounters","McCollum, Sean",9781515713098,,"Capstone Press; Capstone","2017 - 2021","North Mankato, Minnesota",eBook;Book;eAudiobook,"Book::Galt Children's Area: CHILDREN 001.942 M478 2017 - On Shelf,Book::North Natomas Children's Area: CHILDREN 001.942 M478 2017 - On Shelf,Book::Orangevale: CHILDREN 001.942 M478 2017 - On Shelf"
https://catalog.saclibrary.org/GroupedWork/a9792eab-0bb9-2e08-afb5-58efe882fc46-eng,"Haunted houses around the world","Axelrod-Contrada, Joan",9781515738602,,"Capstone Press; Capstone","2017 - 2019","North Mankato, Minnesota",eBook;Book;eAudiobook,"Book::Belle Cooledge Children's Area: CHILDREN 133.122 A969 2017 - Display,Book::Galt Children's Area: CHILDREN 133.122 A969 2017 - On Shelf,Book::South Natomas Children's Area: CHILDREN 133.122 A969 2017 - On Shelf"
https://catalog.saclibrary.org/GroupedWork/3642f34b-0c9c-2bc6-c576-7aafa699cb39-eng,"Seven wonders beyond the solar system","Miller, Ron, 1947-",9780761354543,,"Lerner Publishing Group|Lerner Publishing Group; Twenty-First Century Books",2011,Minneapolis,eBook;Book,"Book::Carmichael Children's Area: CHILDREN 523.8 M649 2011 - On Shelf,Book::Southgate Children's Area: CHILDREN 523.8 M649 2011 - On Shelf"
https://catalog.saclibrary.org/GroupedWork/42e8db71-9fdd-19d7-10d2-d0f907941f57-eng,"An illustrated treasury of Scottish castle legends","Breslin, Theresa",9781782505952,,"Floris Books",2019,Edinburgh,Book,"Book::Belle Cooledge Children's Area: CHILDREN 398.2942 B842 2019 - Checked Out,Book::South Natomas Children's Area: CHILDREN 398.2942 B842 2019 - On Shelf,Book::Rancho Children's Area: CHILDREN 398.2942 B842 2019 - On Shelf"
https://catalog.saclibrary.org/GroupedWork/395d21f7-e79e-072c-b4dc-4b175110b637-eng,"Weird U.S: a freaky field trip through the 50 states","Lake, Matthew",9781402754623,,"Sterling Children's Books",2011,"New York",Book,"Book::Carmichael Children's Area: CHILDREN 973 L192 2011 - On Shelf,Book::South Natomas Children's Area: CHILDREN 973 L192 2011 - On Shelf,Book::Valley Hi-North Laguna Children's Area: CHILDREN 973 L192 2011 - On Shelf"
https://catalog.saclibrary.org/GroupedWork/94360b34-3998-abf6-8d84-7abddd2042be-eng,"The universe in your hand: a journey through space, time, and beyond","Galfard, Christophe",9781250069528,,"Flatiron Books",2016,"New York",eBook;Book,"Book::Carmichael: 523.1 G155 2016 - On Shelf,Book::Central: 523.1 G155 2016 - Checked Out,Book::Orangevale: 523.1 G155 2016 - On Shelf"
https://catalog.saclibrary.org/GroupedWork/0ba92c3f-e84b-a6b1-4566-1375a871e6a8-eng,"The Archaic period","Hudak, Heather C., 1975-",9781098295615,,"Core Library, An Imprint of Abdo Publishing",2025,"Minneapolis, Minnesota",Book,"Book::Central Kids Place - Lower Level: CHILDREN 970.01 H883 2024 - On Shelf,Book::Elk Grove Kids' Place: CHILDREN 970.01 H883 2024 - On Shelf,Book::Fair Oaks Children's Area: CHILDREN 970.01 H883 2024 - On Shelf"
https://catalog.saclibrary.org/GroupedWork/c7b1b35c-2dc7-4060-5f01-139fb46dec9c-eng,"Celtic myths: meet the god, creatures, and heroes of Celtic legend","Mac an t-Saoir, Màrtainn, 1965-",9780593969151,,"DK/Penguin Random House",2025,"New York, NY",Book,"Book::Central Kids Place - Lower Level: CHILDREN 398.209364 M152 2025 - On Shelf,Book::Colonial Heights Children's Area: CHILDREN 398.209364 M152 2025 - In Transit,Book::North Highlands-Antelope Children's Area: CHILDREN 398.209364 M152 2025 - Checked Out"
https://catalog.saclibrary.org/GroupedWork/3d8f6396-a80a-97db-d628-240f4cf08f5b-eng,"Exploring ocean depths","MacCarald, Clara, 1979-",9781641857796,,"North Star Editions; Focus Readers","2019 - 2020","Lake Elmo, MN",eBook;Book,"Book::Belle Cooledge Children's Area: CHILDREN 551.460723 M123 2020 - On Shelf,Book::Elk Grove Kids' Place: CHILDREN 551.460723 M123 2020 - Checked Out,Book::Franklin Children's: CHILDREN 551.460723 M123 2020 - Checked Out"
https://catalog.saclibrary.org/GroupedWork/a7e86a27-082f-9388-10d5-49487ce0f1fb-eng,Ghosts,"Oachs, Emily Rose",9780531132463,,"Bellwether Media",2019,"Minneapolis, MN",eBook;Book,"Book::Rancho Children's Area: CHILDREN 133.1 O117 2019 - On Shelf"
https://catalog.saclibrary.org/GroupedWork/31983417-d587-d3c6-d71d-0687d35f4252-eng,"Bermuda Triangle","Loh-Hagan, Virginia",9781634728966,,"Cherry Lake Publishing; 45th Parallel Press","2017 - 2018","Ann Arbor, Michigan",eBook;Book,"Book::Carmichael Children's Area: CHILDREN 001.94 L833 2018 - On Shelf,Book::South Natomas Children's Area: CHILDREN 001.94 L833 2018 - On Shelf,Book::Rancho Children's Area: CHILDREN 001.94 L833 2018 - On Shelf"
https://catalog.saclibrary.org/GroupedWork/920e7c45-e0a8-7615-b728-a78499a4ab42-eng,Mermaids,"Mather, Charis, 1999-",9798889163039,,"Bearport Publishing Company; Bearport Publishing","2023 - 2024","Minneapolis, Minnesota",eBook;Book,"Book::Carmichael Children's Area: CHILDREN 398.21 M427 2024 - On Shelf,Book::Central Kids Place - Lower Level: CHILDREN 398.21 M427 2024 - On Shelf,Book::Colonial Heights Children's Area: CHILDREN 398.21 M427 2024 - On Shelf"
https://catalog.saclibrary.org/GroupedWork/8fe3b84d-3f24-2dd2-56fb-cee1bfdb89a1-eng,"Where is the Parthenon?","Edwards, Roberta",9780448488899,,"Grosset & Dunlap, an imprint of Penguin Random House; Penguin Young Readers Group",2016,"New York",eBook;Book,"Book::Carmichael Children's Area: CHILDREN 726.1208 E267 2016 - On Shelf,Book::Franklin Children's: CHILDREN 726.1208 E267 2016 - On Shelf,Book::South Natomas Children's Area: CHILDREN 726.1208 E267 2016 - On Shelf"
https://catalog.saclibrary.org/GroupedWork/4fee0438-67e0-b6c1-d86a-ea52585f6d9f-eng,"The phoenix","Mather, Charis, 1999-",9798889163046,,"Bearport Publishing Company; Bearport Publishing","2023 - 2024","Minneapolis, Minnesota",eBook;Book,"Book::Central Kids Place - Lower Level: CHILDREN 398.2454 M427 2024 - On Shelf,Book::Colonial Heights Children's Area: CHILDREN 398.2454 M427 2024 - On Shelf,Book::Southgate Children's Area: CHILDREN 398.2454 M427 2024 - On Shelf"
https://catalog.saclibrary.org/GroupedWork/cf6d3e96-7c8b-37d2-f59e-2bddeb27bfde-eng,"Dinosaurs, dodos, and woolly mammoths","Gutman, Dan",9780062673107,,"HarperCollins; Harper, an imprint of HarperCollinsPublishers",2018,"New York, NY",eBook;Book,"Book::Belle Cooledge Children's Area: CHILDREN 567.9 G984 2018 - On Shelf,Book::Courtland Children's Area: CHILDREN 567.9 G984 2018 - On Shelf,Book::North Natomas Children's Area: CHILDREN 567.9 G984 2018 - On Shelf"
https://catalog.saclibrary.org/GroupedWork/15a00987-417e-29ca-5227-1609ac84dce3-eng,"The incredible book of outrageous facts for kids: random information you need to know!","Furstinger, Nancy",9781510771222,,"Sky Pony; Sky Pony Press",2024,"New York, NY",eBook;Book,"Book::Central Kids Place - Lower Level: CHILDREN 031.02 F991 2024 - On Shelf,Book::Colonial Heights Children's Area: CHILDREN 031.02 F991 2024 - On Shelf,Book::Isleton Children's Area: CHILDREN 031.02 F991 2024 - On Shelf"
https://catalog.saclibrary.org/GroupedWork/b5210c02-25c2-814e-74f8-6794d56429e9-eng,"Shipwrecks: exploring sunken cities beneath the sea","Cerullo, Mary M",9780525479680,,"Dutton Children's Books",2009,"New York, N.Y",Book,"Book::Arcade Children's Area: CHILDREN 910.452 C415 2009 - On Shelf,Book::Elk Grove Kids' Place: CHILDREN 910.452 C415 2009 - On Shelf,Book::Galt Children's Area: CHILDREN 910.452 C415 2009 - On Shelf"
https://catalog.saclibrary.org/GroupedWork/795c280c-91d4-a14f-339a-8c8ba05d30cd-eng,"365 amazing true things to read in bed","Brooke-Hitching, Edward",9781836004561,,"words & pictures",2025,"London, England",eBook;Book,"Book::Central Kids Place - Lower Level: CHILDREN 031.02 B872 2025 - On Shelf,Book::Franklin Children's: CHILDREN 031.02 B872 2025 - On Shelf,Book::Isleton Children's Area: CHILDREN 031.02 B872 2025 - In Transit"
https://catalog.saclibrary.org/GroupedWork/e44e8e92-4e64-7801-9a05-f06f3c73f558-eng,"Rocks and minerals","Bingham, Caroline, 1962-",9780789497604,,"DK; DK Pub","2004 - 2025","New York; New York, NY; London",Book,"Book::Carmichael Children's Area: CHILDREN 552 E976 2025 - On Shelf,Book::Central Kids Place - Lower Level: CHILDREN 552 E976 2025 - On Shelf,Book::McKinley Children's Area: CHILDREN 552 E976 2025 - On Shelf"
https://catalog.saclibrary.org/GroupedWork/88e08b99-549e-20e9-ec30-7d82672eca74-eng,"Explore comets and asteroids","Yasuda, Anita",9781619305151,,"Nomad Press, a division of Nomad Communications",2017,"White River Junction, VT",Book,"Book::Arcade Children's Area: CHILDREN 523.6 Y29 2017 - On Shelf,Book::Carmichael Children's Area: CHILDREN 523.6 Y29 2017 - On Shelf,Book::Elk Grove Kids' Place: CHILDREN 523.6 Y29 2017 - On Shelf"
https://catalog.saclibrary.org/GroupedWork/44dc0725-a7db-46e2-df3d-7cf3759d8e96-eng,Nefertiti,"Lange, Brenda",9780791095812,,"Chelsea House",2009,"New York",Book,"Book::Carmichael Children's Area: CHILDREN BIOGRAPHY Nefertiti 2009 - On Shelf,Book::Elk Grove Kids' Place: CHILDREN BIOGRAPHY Nefertiti 2009 - On Shelf,Book::Sacramento Public Library Storage: CHILDREN BIOGRAPHY Nefertiti 2009 - On Shelf"
https://catalog.saclibrary.org/GroupedWork/f5099282-d37d-91ba-adb1-3d6bd0b94ebd-eng,"The Inca empire","Newman, Sandra, 1965-",9780531241097,,"Children's Press",2010,"New York",Book,"Book::Fair Oaks Children's Area: CHILDREN 985.019 N555 2010 - On Shelf,Book::McKinley Children's Area: CHILDREN 985.019 N555 2010 - On Shelf,Book::North Natomas Children's Area: CHILDREN 985.019 N555 2010 - On Shelf"
https://catalog.saclibrary.org/GroupedWork/1360592e-c4bb-49f2-8c43-98dda68da20f-eng,"The pyramids of Giza","Nardo, Don, 1947-",9781599535937,,"Norwood House Press",2014,"Chicago, Illinois",Book,"Book::Carmichael Children's Area: CHILDREN 932 N224p 2014 - On Shelf,Book::Central Kids Place - Lower Level: CHILDREN 932 N224p 2014 - On Shelf,Book::Franklin Children's: CHILDREN 932 N224p 2014 - On Shelf"
https://catalog.saclibrary.org/GroupedWork/d00c6b6f-e832-651f-6fe6-e493dafb8fb4-eng,"Blue whales","Bjorklund, Ruth",9780531251539,,"Children's Press",2014,"New York, N.Y",Book,"Book::Orangevale: CHILDREN 599.5248 B626 2014 - On Shelf"
https://catalog.saclibrary.org/GroupedWork/fe7e8e42-89cd-af1e-73e1-a61284380c21-eng,"Fantastic fossils","Petersen, Christine",9781604537420,,"ABDO Pub. Co; ABDO Publishing Company",2010,"Edina, Minn",eBook;Book,"Book::Fair Oaks Children's Area: CHILDREN 560 P484 2010 - On Shelf"
https://catalog.saclibrary.org/GroupedWork/2ee8c6bd-fffa-5d88-fb2f-046aa282b13a-eng,"Twisted true tales from science: disaster discoveries","Bearce, Stephanie",9781618215741,,"Prufrock Press Inc",2017,"Waco, Texas",Book,"Book::Carmichael Children's Area: CHILDREN 363.34 B368 2017 - On Shelf,Book::Southgate Children's Area: CHILDREN 363.34 B368 2017 - On Shelf"
https://catalog.saclibrary.org/GroupedWork/97a366c5-ba82-3954-1ed0-07ffa3739624-eng,"Sea creatures","Castellano, Peter",9781482440928,,"Gareth Stevens Publishing",2016,"New York, NY",Book,"Book::Fair Oaks Children's Area: CHILDREN 001.944 C348 2016 - On Shelf,Book::North Natomas Children's Area: CHILDREN 001.944 C348 2016 - On Shelf"
https://catalog.saclibrary.org/GroupedWork/62dccaec-bd27-c0e1-ae5d-103990692524-eng,"Spooky crafts","Skillicorn, Helen",9781433935657,,"Gareth Stevens Pub",2010,"New York, NY",Book,"Book::McClatchy Children's Area: CHILDREN 745.5941 S628 2010 - On Shelf,Book::Pocket-Greenhaven Kids' Place: CHILDREN 745.5941 S628 2010 - On Shelf"
https://catalog.saclibrary.org/GroupedWork/2929b280-7af3-3966-8a5b-c5e32680af82-eng,"State of confusion","Silverman, Buffy",9781410928511,,Raintree,2008,"Chicago, Ill",Book,"Book::North Natomas Children's Area: CHILDREN 530.4 S587 2008 - On Shelf"
https://catalog.saclibrary.org/GroupedWork/fae1f55d-a010-05f5-102e-3c918d9675e1-eng,"Weird history: a twisted tour of America's bizarre past","Lake, Matthew",9781402760402,,"Sterling Pub. Co",2011,"New York",Book,"Book::Arcade Children's Area: CHILDREN 001.90973 L192 2011 - On Shelf,Book::Rancho Children's Area: CHILDREN 001.90973 L192 2011 - Checked Out"
https://catalog.saclibrary.org/GroupedWork/15f25152-efd4-a367-6f9e-47d0c0175d0c-eng,"Birds vs. blades?: offshore wind power and the race to protect seabirds","Hirsch, Rebecca E",9781467795203,,"lvl Millbrook Press",2017,Minneapolis,Book,"Book::Elk Grove Kids' Place: CHILDREN 578.77 H669 2017 - On Shelf,Book::Pocket-Greenhaven Kids' Place: CHILDREN 578.77 H669 2017 - On Shelf,Book::Sutter County Main Branch Children's Area: CHILDREN 578.77 HIR - On Shelf"
https://catalog.saclibrary.org/GroupedWork/baacc78a-da3e-0336-2b2a-16e7df49e85d-eng,"Secrets of the national parks: weird and wonderful facts about America's natural wonders","Weintraub, Aileen, 1973-",9781454920045,,"Sterling Children's Books",2016,"New York, NY",Book,"Book::North Natomas Children's Area: CHILDREN 973 W4242 2016 - On Shelf,Book::Orangevale: CHILDREN 973 W4242 2016 - On Shelf"
https://catalog.saclibrary.org/GroupedWork/65a4e61a-40c2-aa06-1487-5e58cc7c8f1a-eng,"Hocus pocus!: tricks for amateur magicians : 4D a magical augmented reading experience","Barnhart, Norm",9781543505696,,"Capstone Press, a capstone imprint",2018,"North Mankato, Minn",Book,"Book::Arcade Children's Area: CHILDREN 793.85 B262 2018 - On Shelf,Book::Carmichael Children's Area: CHILDREN 793.85 B262 2018 - On Shelf,Book::Belle Cooledge Children's Area: CHILDREN 793.85 B262 2018 - On Shelf"
https://catalog.saclibrary.org/GroupedWork/d6df51c4-8b6c-08fe-8d0b-2fa2b7ce5d24-eng,"Grand Canyon National Park","Herrington, Lisa M",9780531239049,,"Children's Press, an imprint of Scholastic Inc",2018,"New York, NY","Easy Reader","Easy Reader::Central Kids Place - Lower Level: EASY READER 3 979.132 H567 2018 - On Shelf,Easy Reader::Del Paso Heights Children's Area: EASY READER 3 979.132 H567 2018 - On Shelf,Easy Reader::Elk Grove Kids' Place: EASY READER 3 979.132 H567 2018 - Checked Out"
https://catalog.saclibrary.org/GroupedWork/4c1e2378-1fbf-7ef4-f69e-b394ed34dc0f-eng,"Fangtooth fish","Rajczak Nelson, Kristen",9781538202647,,"Gareth Stevens Publishing",2018,"New York, NY",Book,"Book::South Natomas Children's Area: CHILDREN 597.177 N427 2018 - Checked Out,Book::Rancho Children's Area: CHILDREN 597.177 N427 2018 - On Shelf"
https://catalog.saclibrary.org/GroupedWork/57e0e618-3c74-f254-098a-30b673ecc543-eng,Ebola,"Draper, Allison Stark",9780823934966,,"Rosen Pub. Group",2002,"New York",Book,"Book::Pocket-Greenhaven Kids' Place: CHILDREN 616.925 D765 2002 - On Shelf,Book::Sutter County Main Branch Children's Area: CHILDREN 616.925 DRA - On Shelf"
https://catalog.saclibrary.org/GroupedWork/f4dd1d0a-eea6-e405-3e8e-529b340e4dcf-eng,"Space scientists","Hulick, Kathryn",9781532190353,,"Abdo Publishing",2020,Minneapolis,Book,"Book::Elk Grove Kids' Place: CHILDREN 629.40092 H912 2020 - On Shelf,Book::McClatchy Children's Area: CHILDREN 629.40092 H912 2020 - On Shelf,Book::Pocket-Greenhaven Kids' Place: CHILDREN 629.40092 H912 2020 - On Shelf"
https://catalog.saclibrary.org/GroupedWork/3bc3e98d-1205-380d-bdff-b3e3149cb81f-eng,"The case of the carnival clues","Adamson, Thomas K., 1970-",9781645490067,,"Amicus Illustrated",2022,"Mankato, MN",Book,"Book::Arcade Children's Area: CHILDREN 510 A221 2022 - Checked Out,Book::Rancho Children's Area: CHILDREN 510 A221 2022 - In Transit"
https://catalog.saclibrary.org/GroupedWork/06e4f9e7-fcc3-44ff-bbc6-1ed69a5491c2-eng,"Bodies from the ice: melting glaciers and the recovery of the past","Deem, James M",9780618800452,,"Houghton Mifflin",2008,Boston,Book,"Book::Franklin Children's: CHILDREN 904 D311 2008 - On Shelf,Book::Orangevale: CHILDREN 904 D311 2008 - On Shelf,Book::Pocket-Greenhaven Kids' Place: CHILDREN 904 D311 2008 - On Shelf"
https://catalog.saclibrary.org/GroupedWork/eba2622d-07f0-3106-ed05-68a01551b5bf-eng,"Whale sharks","Sanchez, Anita, 1956-",9780593404270,,Philomel,2022,"New York",Book,"Book::Central Kids Place - Lower Level: CHILDREN 597.33 S211 2022 - On Shelf,Book::Belle Cooledge Children's Area: CHILDREN 597.33 S211 2022 - On Shelf,Book::Elk Grove Kids' Place: CHILDREN 597.33 S211 2022 - On Shelf"
https://catalog.saclibrary.org/GroupedWork/01eda9f6-2ba2-9e1b-3061-ddd0bd2adf94-eng,"Half-human monsters and other fiends","Owen, Ruth, 1967-",9781617727252,,"Bearport Publishing","2013 - 2014","New York",eBook;Book,"Book::North Natomas Children's Area: CHILDREN 001.944 O975 2013 - On Shelf,Book::Woodland Public Library Children's Area: CHILDREN 001.944 Owe 2013 - On Shelf"
https://catalog.saclibrary.org/GroupedWork/e396f734-077e-dfcc-57a0-d36d14d05046-eng,"Great Smoky Mountains National Park","Herrington, Lisa M",9780531233313,,"Children's Press, an imprint of Scholastic Inc",2018,"New York, NY","Easy Reader","Easy Reader::Colonial Heights Children's Area: EASY READER 3 976.889 H567 2018 - On Shelf,Easy Reader::Galt Children's Area: EASY READER 3 976.889 H567 2018 - In Transit,Easy Reader::South Natomas Children's Area: EASY READER 3 976.889 H567 2018 - Checked Out"
https://catalog.saclibrary.org/GroupedWork/9eee2114-e666-d6dc-ea0c-01cf5a0e2b8d-eng,"Abracadabra!: tricks for rookie magicians : 4D a magical augmented reading experience","Barnhart, Norm",9781543505689,,"Capstone Press",2018,"Mankato, Minnesota",Book,"Book::Arcade Children's Area: CHILDREN 793.8 B262 2018 - On Shelf,Book::Carmichael Children's Area: CHILDREN 793.8 B262 2018 - On Shelf,Book::Belle Cooledge Children's Area: CHILDREN 793.8 B262 2018 - On Shelf"
https://catalog.saclibrary.org/GroupedWork/c4a08632-80e1-05fb-e079-6536a7da78e8-eng,"Hatshepsut: Egypt's first female pharaoh","Dell, Pamela",9780756538354,,"Compass Point Books",2009,"Minneapolis, Minn",Book,"Book::North Natomas Children's Area: CHILDREN BIOGRAPHY Hatshepsut 2009 - On Shelf,Book::Valley Hi-North Laguna Children's Area: CHILDREN BIOGRAPHY Hatshepsut 2009 - On Shelf"
https://catalog.saclibrary.org/GroupedWork/f283dc92-6ab8-9493-51bf-9f644070c768-eng,"Science maker book","Beattie, Rob",9781682973011,,QEB,2018,"Lake Forest, CA",Book,"Book::Arcade Children's Area: CHILDREN 507.8 B369 2018 - On Shelf,Book::Carmichael Children's Area: CHILDREN 507.8 B369 2018 - On Shelf,Book::Elk Grove Kids' Place: CHILDREN 507.8 B369 2018 - On Shelf"
https://catalog.saclibrary.org/GroupedWork/374cd1a3-7f51-ce5a-5b38-7a381e6b312d-eng,"Octopuses: clever ocean creatures","Grunbaum, Mara",9780531229927,,"Children's Press, an imprint of Scholastic Inc",2020,"New York, NY",Book,"Book::Carmichael Children's Area: CHILDREN 594.56 G888 2020 - On Shelf,Book::Central Kids Place - Lower Level: CHILDREN 594.56 G888 2020 - On Shelf,Book::South Natomas Children's Area: CHILDREN 594.56 G888 2020 - On Shelf"
https://catalog.saclibrary.org/GroupedWork/8603f127-70bd-df57-6ab5-f4d0f5c7e7f3-eng,Aliens,"Pipe, Jim, 1966-",9781433987489,,"Bearport Pub; Gareth Stevens Pub","2007 - 2013","New York; New York, N.Y",Book,"Book::Belle Cooledge Children's Area: CHILDREN 001.942 P664 2013 - On Shelf,Book::Franklin Children's: CHILDREN 001.942 P664 2013 - On Shelf,Book::North Natomas Children's Area: CHILDREN 001.942 P664 2007 - On Shelf"
https://catalog.saclibrary.org/GroupedWork/35de1adf-e0f2-0ad7-e628-28185f2fff94-eng,"Amazon explorers","Pelleschi, Andrea, 1962-",9781532190315,,"Essential Library, an imprint of Abdo Publishing",2020,Minneapolis,Book,"Book::Carmichael Children's Area: CHILDREN 577.4 P387 2020 - On Shelf,Book::Elk Grove Kids' Place: CHILDREN 577.4 P387 2020 - On Shelf,Book::McKinley Children's Area: CHILDREN 577.4 P387 2020 - On Shelf"
https://catalog.saclibrary.org/GroupedWork/ea2abdbd-1ce2-ae91-7f45-879d294228d7-eng,"Polar bear: shrinking ice","Person, Stephen",9781617721298,,"Bearport Pub",2011,"New York",Book,"Book::Fair Oaks Children's Area: CHILDREN 599.786 P467 2011 - On Shelf,Book::Galt Children's Area: CHILDREN 599.786 P467 2011 - On Shelf,Book::Rancho Children's Area: CHILDREN 599.786 P467 2011 - Checked Out"
https://catalog.saclibrary.org/GroupedWork/178b2dc5-099f-97de-afef-e3e26186eeb7-eng,"The Great Depression for kids: hardship and hope in 1930s America ; with 21 activities","Mullenbach, Cheryl",9781613730515,,"Chicago Review Press, Incorporated; Chicago Review Press",2015,"Chicago, Illinois",eBook;Book,"Book::Carmichael Children's Area: CHILDREN 973.917 M958 2015 - On Shelf,Book::Central Kids Place - Lower Level: CHILDREN 973.917 M958 2015 - On Shelf"
https://catalog.saclibrary.org/GroupedWork/6d2fb4c4-3c4a-c74d-a0d0-bca0b9cff601-eng,"Creepy castles","Parvis, Sarah",9781597165761,,"Bearport Pub",2008,"New York",Book,"Book::Carmichael Children's Area: CHILDREN 940.1 P276 2008 - On Shelf"
https://catalog.saclibrary.org/GroupedWork/dc568920-b5b5-be21-cf66-05fe34bc9df1-eng,"Cystic fibrosis","Rosaler, Maxine",9781404206960,,"The Rosen Pub. Group",2007,"New York",Book,"Book::Pocket-Greenhaven Kids' Place: CHILDREN 616.37 R788 2007 - On Shelf,Book::Sutter County Main Branch Children's Area: CHILDREN 616.3 ROS - On Shelf"
https://catalog.saclibrary.org/GroupedWork/a13a79f9-8827-3057-afe7-42c6a6eb18dd-eng,"Buried treasures: uncovering secrets of the past","Compoint, Stéphane",9780810997813,,"Abrams Books for Young Readers",2011,"New York",Book,"Book::North Natomas Children's Area: CHILDREN 930.1 C737 2011 - On Shelf,Book::Rio Linda Children's Area: CHILDREN 930.1 C737 2011 - On Shelf"
https://catalog.saclibrary.org/GroupedWork/f7f9f3f4-3f78-5f3a-605a-0228084cd70a-eng,"Seven wonders of Ancient North America","Woods, Mary B. (Mary Boyle), 1946-",9780822575726,,"Twenty-First Century Books",2009,Minneapolis,Book,"Book::Elk Grove Kids' Place: CHILDREN 722.97 W896 2009 - On Shelf,Book::McClatchy Children's Area: CHILDREN 722.97 W896 2009 - On Shelf,Book::Rancho Children's Area: CHILDREN 722.97 W896 2009 - On Shelf"
https://catalog.saclibrary.org/GroupedWork/7338c252-95f8-d22c-aa30-721e19dfc5e2-eng,"Saving animals from fires","Person, Stephen",9781617722936,,"Bearport Pub",2012,"New York, NY",Book,"Book::Carmichael Children's Area: CHILDREN 636.0832 M346s2 2012 - On Shelf,Book::South Natomas Children's Area: CHILDREN 636.0832 M346s2 2012 - On Shelf,Book::Rancho Children's Area: CHILDREN 636.0832 M346s2 2012 - On Shelf"
https://catalog.saclibrary.org/GroupedWork/3309b8a4-24f8-bd8c-d7fe-6c1c4404a192-eng,"The Legend of Robin Hood","McDonnell, Julia, 1979-",9781482427493,,"Gareth Stevens Publishing",2016,"New York",Book,"Book::Arcade Children's Area: CHILDREN 398.2 M478 2016 - On Shelf,Book::Carmichael Children's Area: CHILDREN 398.2 M478 2016 - On Shelf,Book::Pocket-Greenhaven Kids' Place: CHILDREN 398.2 M478 2016 - On Shelf"
https://catalog.saclibrary.org/GroupedWork/b73fbea9-d428-4b46-13bd-82eae7eb6586-eng,"American archaeology uncovers the Dutch colonies","Huey, Lois Miner",9780761442639,,"Marshall Cavendish Benchmark",2010,"New York",Book,"Book::McKinley Children's Area: CHILDREN 974.7102 H888 2010 - On Shelf"
https://catalog.saclibrary.org/GroupedWork/f4baac6b-eb5c-05aa-9286-38d6e802e6ae-eng,"Sea turtle scientist","Swinburne, Stephen R",9780547367552,,"Houghton Mifflin Books for Children, Houghton Mifflin Harcourt",2013,Boston,Book,"Book::Carmichael Children's Area: CHILDREN 597.9289 S978 2013 - Checked Out,Book::Belle Cooledge Children's Area: CHILDREN 597.9289 S978 2013 - On Shelf,Book::Pocket-Greenhaven Kids' Place: CHILDREN 597.9289 S978 2013 - On Shelf"
https://catalog.saclibrary.org/GroupedWork/fca2777e-bc96-43a2-7f82-e8d71ad3ac53-eng,"Mummies and murder: bodies in the swamp","Grace, N. B",9780531238141,,"Scholastic Inc.; Scholastic Inc",2020,"New York, NY",eBook;Book,"Book::Belle Cooledge Children's Area: CHILDREN 393.3 G729 2020 - On Shelf,Book::McClatchy Children's Area: CHILDREN 393.3 G729 2020 - On Shelf,Book::North Natomas Children's Area: CHILDREN 393.3 G729 2020 - On Shelf"
https://catalog.saclibrary.org/GroupedWork/db6bba7b-362d-671e-1422-0cbcbd0d607c-eng,"Seven wonders of ancient Central and South America","Woods, Michael, 1946-",9780822575702,,"Twenty-First Century Books",2009,Minneapolis,Book,"Book::Franklin Children's: CHILDREN 722.98 W896 2009 - On Shelf,Book::Rio Linda Children's Area: CHILDREN 722.98 W896 2009 - On Shelf"
https://catalog.saclibrary.org/GroupedWork/f6b36e5f-94e0-2649-9555-1d1bbec075c8-eng,Greeks,"Kerrigan, Michael, 1959-",9781608700653,,"Marshall Cavendish Benchmark",2010,"New York",Book,"Book::Carmichael Children's Area: CHILDREN 938 K412g 2010 - On Shelf,Book::Pocket-Greenhaven Kids' Place: CHILDREN 938 K412g 2010 - On Shelf"
https://catalog.saclibrary.org/GroupedWork/74237bc9-a32b-0141-bb16-4f7c72f4928c-eng,"Zombie spiders and asteroid blasters: 16 incredible ways that scientists are changing the world","Okereke, Maynard",9781635868487,,"Storey Publishing",2026,"North Adams, MA",Book,"Book::Arcade Children's Area: CHILDREN 500 O413 2026 - On Shelf,Book::Colonial Heights Children's Area: CHILDREN 500 O413 2026 - On Shelf,Book::Belle Cooledge Children's Area: CHILDREN 500 O413 2026 - On Shelf"
https://catalog.saclibrary.org/GroupedWork/ade1a16e-bdae-c3ff-8882-41bf7398efa3-eng,"The book of chocolate: the amazing story of the world's favorite candy","Newquist, H. P. (Harvey P.)",9780670015740,,Viking,2017,"New York, New York",Book,"Book::Fair Oaks Children's Area: CHILDREN 641.3374 N558 2017 - On Shelf,Book::South Natomas Children's Area: CHILDREN 641.3374 N558 2017 - On Shelf,Book::North Natomas Children's Area: CHILDREN 641.3374 N558 2017 - Checked Out"
https://catalog.saclibrary.org/GroupedWork/88a5c60b-ffe2-e844-7d29-1dac54f29ad1-eng,"Debunk it!: how to stay sane in a world of misinformation","Grant, John, 1949-",9781942186595,,"Lerner Publishing Group; Zest; Zest Books","2015 - 2019",Minneapolis,eBook;Book,"Book::Central Teen Area - 3rd Floor: TEEN 153.42 G762 2019 - On Shelf,Book::Galt Teen Area: TEEN 153.42 G762 2019 - On Shelf"
https://catalog.saclibrary.org/GroupedWork/4ff00e3b-3a83-9e73-4f94-c6cc7d236c12-eng,"Investingating sedimentary rocks","Coleman, Miriam",9781477759516,,"PowerKids Press",2016,"New York",Book,"Book::North Natomas Children's Area: CHILDREN 552.5 C692 2016 - On Shelf"
https://catalog.saclibrary.org/GroupedWork/a68cd9dd-6d65-3b3e-f68a-16b39f5c56e9-eng,"American archaeology uncovers the westward movement","Huey, Lois Miner",9780761442653,,"Marshall Cavendish Benchmark",2010,"New York",Book,"Book::Fair Oaks Children's Area: CHILDREN 978.02 H888 2010 - On Shelf,Book::Valley Hi-North Laguna Children's Area: CHILDREN 978.02 H888 2010 - On Shelf"
https://catalog.saclibrary.org/GroupedWork/fedf6620-07dd-5f19-b179-d006fd401693-eng,"Typhoid fever: dirty food, dirty water!","Caper, William",9781936088041,,"Bearport Pub",2011,"New York, N.Y",Book,"Book::Belle Cooledge Children's Area: CHILDREN 614.5112 C239 2011 - On Shelf,Book::Sutter County Main Branch Children's Area: CHILDREN 614.5112 CAP - On Shelf"
https://catalog.saclibrary.org/GroupedWork/aa07a69a-ab87-f0d5-7872-ef285af8b007-eng,"The Celts of the British Isles","Gagne, Tammy",9781612282831,,"Mitchell Lane",2013,"Hockessin, Del",Book,"Book::Carmichael Children's Area: CHILDREN 941.0049 G135 2013 - On Shelf,Book::Rancho Children's Area: CHILDREN 941.0049 G135 2013 - On Shelf"
https://catalog.saclibrary.org/GroupedWork/1f4108f9-a649-8027-b6b8-99a7a9f7a830-eng,"Fortnite Battle Royale hacks: advanced strategies for winning duos matches : an unofficial guide to tips and tricks that other guides won't teach you","Rich, Jason",9781510744530,,"Sky Pony Press",2019,"New York, NY",Book,"Book::Del Paso Heights Children's Area: CHILDREN 794.8 R498 2019 - On Shelf"
https://catalog.saclibrary.org/GroupedWork/0dde06c4-19c9-eac8-b36c-4581e76452be-eng,"Rhinos in Nebraska: the amazing discovery of the Ashfall Fossil Beds","Stevens, Alison Pearce",9781250266576,,"Godwin Books",2021,"New York",Book,"Book::Central Kids Place - Lower Level: CHILDREN 560.9782 S844 2021 - On Shelf,Book::Belle Cooledge Children's Area: CHILDREN 560.9782 S844 2021 - On Shelf,Book::Fair Oaks Children's Area: CHILDREN 560.9782 S844 2021 - On Shelf"
https://catalog.saclibrary.org/GroupedWork/add9d1c9-d045-7c97-64e2-b86d6bcd7802-eng,"Official Fortnite: the chronicle",,9780316530279,,"Little Brown and Company, a Hachette Book Group",2019,"[New York, NY]",Book,"Book::Franklin Children's: OVERSIZE CHILDREN 794.8 O325f 2019 - Checked Out,Book::Pocket-Greenhaven Kids' Place: OVERSIZE CHILDREN 794.8 O325f 2019 - On Shelf"
https://catalog.saclibrary.org/GroupedWork/17d6d7b0-594d-4f32-925e-13c9b4ccf497-eng,Glacier,"Mattern, Joanne, 1963-",9780531238097,,"Children's Press, an imprint of Scholastic Inc",2018,"New York, NY",Book,"Book::Carmichael Children's Area: CHILDREN 978.652 M435 2018 - On Shelf,Book::Central Kids Place - Lower Level: CHILDREN 978.652 M435 2018 - On Shelf,Book::Belle Cooledge Children's Area: CHILDREN 978.652 M435 2018 - On Shelf"
https://catalog.saclibrary.org/GroupedWork/0a591fb9-de32-3d42-6754-7d39ff11ae00-eng,"Extreme planet","Butterfield, Moira, 1960-",9781499800845,,"Little Bee Books",2015,"New York, New York",Book,"Book::Sylvan Oaks Children's Area: CHILDREN 550 B988 2015 - Checked Out,Book::Valley Hi-North Laguna Children's Area: CHILDREN 550 B988 2015 - On Shelf"
https://catalog.saclibrary.org/GroupedWork/dc2d9f81-6f00-f8da-e46c-1cd7b8a5f090-eng,"Mummies exposed!","Hollihan, Kerrie Logan",9781419731679,,"Abrams Books for Young Readers",2019,"New York",Book,"Book::Courtland Children's Area: CHILDREN 930 H739 2019 - On Shelf,Book::Del Paso Heights Children's Area: CHILDREN 930 H739 2019 - On Shelf,Book::Elk Grove Kids' Place: CHILDREN 930 H739 2019 - On Shelf"
https://catalog.saclibrary.org/GroupedWork/b4f39d95-efb8-c867-1951-f2caeeb6eccf-eng,"Marine ecosystems","Gagne, Tammy",9781632355249,,"12 Story Library; Amicus Publishing",2018,"Mankato, MN",eBook;Book,"Book::Carmichael Children's Area: CHILDREN 577.7 G135 2018 - On Shelf,Book::Elk Grove Kids' Place: CHILDREN 577.7 G135 2018 - On Shelf,Book::Pocket-Greenhaven Kids' Place: CHILDREN 577.7 G135 2018 - On Shelf"
https://catalog.saclibrary.org/GroupedWork/c1fa6c46-8069-6050-3281-c46c5065237c-eng,"Joseph Stalin","McCollum, Sean",9780531207550,,"Franklin Watts",2010,"New York",Book,"Book::Southgate Teen Area: TEEN 947.0842 S782zm3 2010 - On Shelf"
https://catalog.saclibrary.org/GroupedWork/101d6394-bf1f-298a-8729-72dd83fedc42-eng,"Bermuda Triangle","Williams, Dinah (Dinah J.)",9781546178538,,"Scholastic Inc.; Children's Press, an imprint of Scholastic","2025 - 2026","New York, New York",eBook;Book,"Book::Belle Cooledge Children's Area: CHILDREN 001.94 W722 2025 - On Shelf,Book::Fair Oaks Children's Area: CHILDREN 001.94 W722 2025 - Checked Out,Book::Galt Children's Area: CHILDREN 001.94 W722 2025 - On Shelf"
https://catalog.saclibrary.org/GroupedWork/b9e14dd5-b2c8-70d7-6b37-142aadf1f4ff-eng,"Killers of the Flower Moon: the Osage murders and the birth of the FBI","Grann, David",9780385534246,,"Random House Large Print; Knopf Doubleday Publishing Group; Books on Tape; Doubleday","2017 - 2021","[Westminster, MD]; New York","eAudiobook;Audiobook - CD;eBook;Large Print;Book","Book::Arcade: 970.48 O81zg 2017 - On Shelf,Book::Carmichael: 970.48 O81zg 2017 - On Shelf,Book::Central: 970.48 O81zg 2017 - On Shelf"
https://catalog.saclibrary.org/GroupedWork/aa12af83-a0f6-6d8f-51bc-65893f64eab9-eng,"Fakers: an insider's guide to cons, hoaxes, and scams","Poole, Hilary W",9781580897433,,Charlesbridge,2018,"Watertown, MA",Book,"Book::Arcade Children's Area: CHILDREN 364.163 W875 2018 - On Shelf,Book::North Natomas Children's Area: CHILDREN 364.163 W875 2018 - On Shelf,Book::Pocket-Greenhaven Kids' Place: CHILDREN 364.163 W875 2018 - On Shelf"
https://catalog.saclibrary.org/GroupedWork/51eb13a3-f8f2-6a24-095f-262dce246288-eng,"Pompeii and other legendary ancient places","Cooke, Tim, 1961-",9798765609187,,"Lerner Publishing Group; Lerner Publications",2024,Minneapolis,eBook;Book,"Book::Carmichael Children's Area: CHILDREN 937.72568 C773 2024 - On Shelf,Book::Central Kids Place - Lower Level: CHILDREN 937.72568 C773 2024 - On Shelf,Book::Franklin Children's: CHILDREN 937.72568 C773 2024 - On Shelf"
https://catalog.saclibrary.org/GroupedWork/d74bd700-1e65-f470-dd9d-69cc9d09e244-eng,"Is it real?: The Loch Ness monster","Fleming, Candace",9781546110286,,"Scholastic Focus; Scholastic Inc.",2025,"New York, NY",eAudiobook;Book;eBook,"Book::Central Kids Place - Lower Level: CHILDREN 001.944 F597 2025 - On Shelf,Book::Belle Cooledge Children's Area: CHILDREN 001.944 F597 2025 - Checked Out,Book::Courtland Children's Area: CHILDREN 001.944 F597 2025 - In Transit"
https://catalog.saclibrary.org/GroupedWork/44811dc8-bd7b-651b-7213-475cfb29d82f-eng,"The Maya","Press, Petra",9780756500818,,"Compass Point Books",2002,"Minneapolis, Minn",Book,"Book::North Sacramento-Hagginwood Children's Area: CHILDREN 972.81 M467zp 2002 - On Shelf,Book::Sutter County Main Branch Children's Area: CHILDREN 972 PRE - On Shelf"
https://catalog.saclibrary.org/GroupedWork/e69ac1e4-6995-e739-be83-ac5517981ef8-eng,Narwhals,"Rathburn, Betsy",9781644872130,,"Triangle Interactive, LLC; Bellwether Media, Inc; Bellwether Media","2020 - 2021","Minneapolis, MN","Easy Reader;eBook;eAudiobook","Easy Reader::Central Kids Place - Lower Level: EASY READER 2 599.543 R234 2021 - On Shelf,Easy Reader::Colonial Heights Children's Area: EASY READER 2 599.543 R234 2021 - Checked Out,Easy Reader::Courtland Children's Area: EASY READER 2 599.543 R234 2021 - On Shelf"
https://catalog.saclibrary.org/GroupedWork/d136ac1d-7f40-f0ad-22a5-f50d1a07cf01-eng,"Be smart about manufactured meats","Morlock, Rachael",9781502665829,,"Cavendish Square Publishing, LLC; Cavendish Square","2022 - 2023","Buffalo, NY",eBook;Book,"Book::Arcade Children's Area: CHILDREN 664.9 M865 2023 - On Shelf,Book::Belle Cooledge Children's Area: CHILDREN 664.9 M865 2023 - On Shelf,Book::Franklin Children's: CHILDREN 664.9 M865 2023 - On Shelf"
https://catalog.saclibrary.org/GroupedWork/6421226a-d2ec-b485-58bc-2c7b5f4ecfd1-eng,Bigfoot,"Williams, Dinah (Dinah J.)",9781546141570,,"Scholastic Inc.; Children's Press, an imprint of Scholastic, Inc",2025,"New York, NY",eBook;Book,"Book::Central Kids Place - Lower Level: CHILDREN 001.944 W722 2025 - Checked Out,Book::Courtland Children's Area: CHILDREN 001.944 W722 2025 - On Shelf,Book::Elk Grove Kids' Place: CHILDREN 001.944 W722 2025 - On Shelf"
https://catalog.saclibrary.org/GroupedWork/bd13900e-d7a8-5ec9-b807-fc9c3013954f-eng,"Aliens: join the scientists searching space for extraterrestrial life","Morancy, Joalda",9781684492534,,"St. Martin's Publishing Group; Neon Squid",2022,"New York, NY",eBook;Book,"Book::Central Kids Place - Lower Level: CHILDREN 576.839 M829 2022 - On Shelf,Book::Pocket-Greenhaven Kids' Place: CHILDREN 576.839 M829 2022 - On Shelf,Book::Rancho Children's Area: CHILDREN 576.839 M829 2022 - On Shelf"
https://catalog.saclibrary.org/GroupedWork/fd45f00e-f2c3-8863-870b-1e08cdf95b30-eng,"Escape from Alcatraz","Williams, Dinah (Dinah J.)",9781546178569,,"Scholastic Inc.; Children's Press, an imprint of Scholastic","2025 - 2026","New York, New York",eBook;Book,"Book::Central Kids Place - Lower Level: CHILDREN 365.641 W722 2025 - On Shelf,Book::Elk Grove Kids' Place: CHILDREN 365.641 W722 2025 - In Transit,Book::Galt Children's Area: CHILDREN 365.641 W722 2025 - On Shelf"
https://catalog.saclibrary.org/GroupedWork/7b30dc32-7984-788a-1e4f-8e6166626aca-eng,"Black holes: a space discovery guide","Roland, James",9781512425864,,"Lerner Publishing Group|Lerner Publishing Group; Lerner Publishing Group; Lerner Publications","2017 - 2018",Minneapolis,eBook;Book;eAudiobook,"Book::Arcade Children's Area: CHILDREN 523.8875 R744 2017 - On Shelf,Book::Belle Cooledge Children's Area: CHILDREN 523.8875 R744 2017 - In Transit,Book::Fair Oaks Children's Area: CHILDREN 523.8875 R744 2017 - On Shelf"
https://catalog.saclibrary.org/GroupedWork/0d234725-4425-d1f7-d18a-60e268800d6d-eng,"Hawai'i volcanoes","Hamalainen, Karina",9780531135020,,"Children's Press, an imprint of Scholastic Inc",2019,"[New York, NY]",Book,"Book::Carmichael Children's Area: CHILDREN 919.691 H198 2019 - Checked Out,Book::Galt Children's Area: CHILDREN 919.691 H198 2019 - On Shelf,Book::North Natomas Children's Area: CHILDREN 919.691 H198 2019 - On Shelf"
https://catalog.saclibrary.org/GroupedWork/29febaf4-59ce-bd2d-cce6-059f67e0bb89-eng,"Amelia Earhart","Williams, Dinah (Dinah J.)",9781546141518,,"Scholastic Inc.; Children's Press, an imprint of Scholastic, Inc",2025,"New York, NY",eBook;Book,"Book::Arcade Children's Area: CHILDREN 629.13 E121zw 2025 - On Shelf,Book::Carmichael Children's Area: CHILDREN 629.13 E121zw 2025 - On Shelf,Book::Central Kids Place - Lower Level: CHILDREN 629.13 E121zw 2025 - On Shelf"
https://catalog.saclibrary.org/GroupedWork/62ef085c-b286-ee8b-9061-8225dfef38d0-eng,"Dr. Jenner and the Speckled Monster: the search for the smallpox vaccine","Marrin, Albert",9780525469223,,"Dutton Children's Books",2002,"New York",Book,"Book::North Natomas Children's Area: CHILDREN 614.521 M359 2002 - On Shelf,Book::Valley Hi-North Laguna Children's Area: CHILDREN 614.521 M359 2002 - On Shelf"
https://catalog.saclibrary.org/GroupedWork/b2feb2e0-e1a2-5f0b-49b1-65bc5bdde0be-eng,"Lost: stories of people, places, and things lost throughout history","Adams, Tom, 1967-",9798217134083,,"DK; DK Publishing",2026,"New York",eBook;Book,"Book::Arcade Children's Area: CHILDREN 001.94 A218 2026 - On Shelf,Book::Carmichael Children's Area: CHILDREN 001.94 A218 2026 - Checked Out,Book::Central Kids Place - Lower Level: CHILDREN 001.94 A218 2026 - On Shelf"
https://catalog.saclibrary.org/GroupedWork/a417ed16-ecaf-ad07-0096-f59092761975-eng,"Astrophysics for young people in a hurry","Tyson, Neil deGrasse",9781324003281,,"Norton Young Readers, an imprint of W.W. Norton & Company; Blackstone Audio; Blackstone Publishing; Norton Children's Books",2019,"New York, N.Y; [Ashland, OR]","eAudiobook;Audiobook - CD;Book;eBook","Book::Carmichael Children's Area: CHILDREN 523.1 T994a 2019 - On Shelf,Book::Central Kids Place - Lower Level: CHILDREN 523.1 T994a 2019 - Checked Out,Book::North Natomas Children's Area: CHILDREN 523.1 T994a 2019 - On Shelf"
https://catalog.saclibrary.org/GroupedWork/f1d82604-d3c4-99d9-317a-097d251c27be-eng,"Captain Kidd's treasure","Williams, Dinah (Dinah J.)",9781546141600,,"Children's Press, an imprint of Scholastic Inc; Scholastic Inc.",2025,"New York, NY",eBook;Book,"Book::Carmichael Children's Area: CHILDREN 910.45 W722 2025 - Checked Out,Book::Central Kids Place - Lower Level: CHILDREN 910.45 W722 2025 - On Shelf,Book::Del Paso Heights Children's Area: CHILDREN 910.45 W722 2025 - On Shelf"
https://catalog.saclibrary.org/GroupedWork/0bf32642-26a5-31aa-ba6e-34dec57741d3-eng,"Loch Ness Monster","Williams, Dinah (Dinah J.)",9781546178606,,"Children's Press, an imprint of Scholastic Inc; Scholastic Inc.","2025 - 2026","New York, New Tork",eBook;Book,"Book::Arcade Children's Area: CHILDREN 001.944 W721 2025 - On Shelf,Book::Colonial Heights Children's Area: CHILDREN 001.944 W721 2025 - On Shelf,Book::Fair Oaks Children's Area: CHILDREN 001.944 W721 2025 - Checked Out"
https://catalog.saclibrary.org/GroupedWork/d5de64ef-3869-1914-19a1-22419e741e15-eng,"Sensational sharks","Flannery, Emma",9781761211706,,"Hardie Grant Children's Publishing",2023,"Wurundjeri Country",Book,"Book::Carmichael Children's Area: OVERSIZE CHILDREN 597.3 F585 2023 - Checked Out,Book::Central Kids Place - Lower Level: OVERSIZE CHILDREN 597.3 F585 2023 - On Shelf,Book::Del Paso Heights Children's Area: OVERSIZE CHILDREN 597.3 F585 2023 - On Shelf"
https://catalog.saclibrary.org/GroupedWork/b3f5413f-fcad-3d0d-5011-4a9f1316c503-eng,"What is the story of Scooby-Doo?","Payne, M. D. (Matthew D.), 1978-",9781524788254,,"Penguin Workshop; Penguin Young Readers Group",2019,"New York",eBook;Book,"Book::Carmichael Children's Area: CHILDREN 791.4572 P346 2019 - On Shelf,Book::Isleton Children's Area: CHILDREN 791.4572 P346 2019 - On Shelf,Book::South Natomas Children's Area: CHILDREN 791.4572 P346 2019 - On Shelf"
https://catalog.saclibrary.org/GroupedWork/31744977-8109-c7d4-990a-cbf164f73f54-eng,"What do we know about dragons?","Hubbard, Ben",9798217050345,,"Penguin Workshop; Books on Tape; Penguin Young Readers Group",2026,"New York",eAudiobook;Book;eBook,"Book::Carmichael Children's Area: CHILDREN 398.2454 H875 2026 - Checked Out,Book::Central Kids Place - Lower Level: CHILDREN 398.2454 H875 2026 - On Shelf,Book::Central Kids Place - Lower Level: ON ORDER - On Order"
https://catalog.saclibrary.org/GroupedWork/15c9ce3c-9915-a554-792a-2f6abce4e26e-eng,"101 success secrets for gifted kids: the ultimate handbook","Fonseca, Christine, 1966-",9781593635442,,"Prufrock Press",2011,"Waco, Tex",Book,"Book::Belle Cooledge Children's Area: CHILDREN 155.455 F676 2011 - On Shelf,Book::Rancho Children's Area: CHILDREN 155.455 F676 2011 - On Shelf"
https://catalog.saclibrary.org/GroupedWork/d799f93f-b41a-1a2f-d85c-7e27fef88ed3-eng,"What do we know about the Yeti?","Hubbard, Ben, 1973-",9780593752128,,"Penguin Workshop; Books on Tape; Penguin Young Readers Group",2024,"New York",eAudiobook;Book;eBook,"Book::Central Kids Place - Lower Level: CHILDREN 001.944 H875 2024 - On Shelf,Book::Colonial Heights Children's Area: CHILDREN 001.944 H875 2024 - On Shelf,Book::Belle Cooledge Children's Area: CHILDREN 001.944 H875 2024 - On Shelf"
https://catalog.saclibrary.org/GroupedWork/8df27b11-6949-870d-7830-b2dbb43ac3ab-eng,"The Big Bang book","Stahl, Asa (Children's author)",9781939547644,,"Creston Books",2020,"Berkeley, California",eBook;Book,"Book::Carmichael Children's Area: CHILDREN 523.18 S718 2020 - On Shelf,Book::Central Kids Place - Lower Level: CHILDREN 523.18 S718 2020 - On Shelf,Book::Fair Oaks Children's Area: CHILDREN 523.18 S718 2020 - Checked Out"
https://catalog.saclibrary.org/GroupedWork/d1fb06a7-f0cc-08ad-10a2-b9157b5b5cde-eng,"Where is Easter Island?","Stine, Megan",9780515159509,,"Penguin Workshop, an imprint of Penguin Random House; Penguin Young Readers Group",2017,"New York",eBook;Book,"Book::Franklin Children's: CHILDREN 996.18 S859 2017 - On Shelf,Book::South Natomas Children's Area: CHILDREN 996.18 S859 2017 - On Shelf,Book::North Natomas Children's Area: CHILDREN 996.18 S859 2017 - On Shelf"
https://catalog.saclibrary.org/GroupedWork/69345a6e-65ab-74aa-cc94-644f31ec9d08-eng,"The lady and the octopus: how Jeanne Villepreux-Power invented aquariums and revolutionized marine biology","Staaf, Danna",9781728415772,,"Lerner Publishing Group; Dreamscape Media; Carolrhoda Books",2022,Minneapolis,eAudiobook;eBook;Book,"Book::Carmichael Children's Area: CHILDREN BIOGRAPHY Villepreux-Power, J. 2022 - On Shelf,Book::Elk Grove Kids' Place: CHILDREN BIOGRAPHY Villepreux-Power, J. 2022 - On Shelf,Book::North Natomas Children's Area: CHILDREN BIOGRAPHY Villepreux-Power, J. 2022 - On Shelf"
https://catalog.saclibrary.org/GroupedWork/f0cc974c-9602-47e0-2a23-720c8b64c5c9-eng,"Women heroes of  World War I: 16 remarkable resisters, soldiers, spies, and medics","Atwood, Kathryn J",9781613746868,,"Chicago Review Press, Incorporated; Chicago Review Press",2014,"Chicago, Illinois",eBook;Book,"Book::Franklin Teen: TEEN 940.3082 A887 2014 - On Shelf,Book::North Natomas: TEEN 940.3082 A887 2014 - On Shelf,Book::Sutter County Main Branch: 940.3082 ATW - On Shelf"
https://catalog.saclibrary.org/GroupedWork/e86bd41c-c993-ca75-fd76-e6fce6b9c2ba-eng,"Inside the Bermuda Triangle","Harder, Megan",9781728476629,,"Lerner Publishing Group; Lerner Publications",2023,Minneapolis,eBook;Book,"Book::Arcade Children's Area: CHILDREN 001.94 H259 2023 - On Shelf,Book::Central Kids Place - Lower Level: CHILDREN 001.94 H259 2023 - On Shelf,Book::Colonial Heights Children's Area: CHILDREN 001.94 H259 2023 - On Shelf"
https://catalog.saclibrary.org/GroupedWork/71f47c0b-f9f9-9851-921b-5b26c9e63625-eng,"The third chimpanzee for young people: on the evolution and future of the human animal","Stefoff, Rebecca, 1951-",9781609805227,,"Seven Stories Press, Triangle Square books for young readers",2014,"New York",Book,"Book::Carmichael Children's Area: CHILDREN 573.2 D537 2014 - On Shelf,Book::Franklin Children's: CHILDREN 573.2 D537 2014 - On Shelf,Book::McClatchy Children's Area: CHILDREN 573.2 D537 2014 - On Shelf"
https://catalog.saclibrary.org/GroupedWork/27d90879-44b6-6954-95d1-57f8110ba504-eng,"Jupiter and Saturn: the gas giants",,9780716680642,,"World Book, Inc",2020,"Chicago, Illinois",Book,"Book::Courtland Children's Area: CHILDREN 523.45 J957 2020 - On Shelf,Book::Pocket-Greenhaven Kids' Place: CHILDREN 523.45 J957 2020 - On Shelf,Book::Sylvan Oaks Children's Area: CHILDREN 523.45 J957 2020 - On Shelf"
https://catalog.saclibrary.org/GroupedWork/cde6501b-49e6-2809-a34a-79890544117f-eng,"The gray-eyed goddess","Osborne, Mary Pope",9780786809318,,"Hyperion Paperbacks for Children; Hyperion Books for Children",2003,"New York",Book,"Book::Rancho Children's Area: CHILDREN FICTION Osborne, M. - On Shelf,Book::Colusa Main Branch Juvenile Collection: J 883 O - On Shelf,Book::Belle Cooledge Children's Area: CHILDREN 883 O81g 2003 - On Shelf"
https://catalog.saclibrary.org/GroupedWork/83ff60d1-cdef-2593-2926-ccf59a4147bd-eng,"My first book of the cosmos","Ferrón, Sheddad Kaid-Sala",9781787080775,,"Button Books",2019,"Lewes, East Sussex",Book,"Book::Arcade Children's Area: CHILDREN 520 S541 2019 - On Shelf,Book::Elk Grove Kids' Place: CHILDREN 520 S541 2019 - Checked Out,Book::Southgate Children's Area: CHILDREN 520 S541 2019 - On Shelf"
https://catalog.saclibrary.org/GroupedWork/858aedad-b52c-5904-3e71-48abb2ce9d3c-eng,"Light speaks","Layton, Christine, 1985-",9780884489245,,"Tilbury House Publishers",2023,"Thomaston, Maine",eBook;Book,"Book::Carmichael Children's Area: CHILDREN 523.01 L429 2023 - On Shelf,Book::Central Kids Place - Lower Level: CHILDREN 523.01 L429 2023 - On Shelf,Book::Elk Grove Kids' Place: CHILDREN 523.01 L429 2023 - Checked Out"
https://catalog.saclibrary.org/GroupedWork/8f8e02bd-ae7e-2931-f0ff-f0a4004ed740-eng,"Mushroom rain","Zimmermann, Laura K",9781534111509,,"Sleeping Bear Press; Dreamscape Media",2022,"Ann Arbor, MI",eAudiobook;eBook;Book,"Book::Central Kids Place - Lower Level: CHILDREN 579.6 Z74 2022 - On Shelf,Book::McKinley Children's Area: CHILDREN 579.6 Z74 2022 - On Shelf,Book::Pocket-Greenhaven Kids' Place: CHILDREN 579.6 Z74 2022 - On Shelf"
https://catalog.saclibrary.org/GroupedWork/e8845eed-cd29-5ef1-c0e0-f3040a08dbd3-eng,"What do we know about the curse of King Tut's tomb?","Hubbard, Ben, 1973-",9780593888582,,"Penguin Workshop; Books on Tape; Penguin Young Readers Group",2025,"New York, New York",eAudiobook;Book;eBook,"Book::Arcade Children's Area: CHILDREN 932.014 H875 2025 - On Shelf,Book::Carmichael Children's Area: CHILDREN 932.014 H875 2025 - On Shelf,Book::Central Kids Place - Lower Level: CHILDREN 932.014 H875 2025 - On Shelf"
https://catalog.saclibrary.org/GroupedWork/a9d3a82f-5854-1424-1905-489f9e0135d0-eng,"Behold the octopus!","Slade, Suzanne",9781682633120,,Peachtree,2023,Atlanta,eBook;Book,"Book::Carmichael Children's Area: CHILDREN 594.56 S631 2023 - Checked Out,Book::Central Kids Place - Lower Level: CHILDREN 594.56 S631 2023 - On Shelf,Book::Courtland Children's Area: CHILDREN 594.56 S631 2023 - On Shelf"
https://catalog.saclibrary.org/GroupedWork/b112e282-1b5f-af0a-5d4e-2ff20cf5fb3c-eng,"Pokémon book of evolutions: the official guide to Pokémon transformations!","Andreou, Katherine",9780593843871,,"DK Publishing",2024,"New York, NY",Book,"Book::Carmichael Children's Area: CHILDREN 794.8 A559 2024 - Checked Out,Book::Central Kids Place - Lower Level: CHILDREN 794.8 A559 2024 - On Shelf,Book::Belle Cooledge Children's Area: CHILDREN 794.8 A559 2024 - Checked Out"
https://catalog.saclibrary.org/GroupedWork/4eafb6e8-cbaa-cc03-2373-3e76fc7a388e-eng,Uranus,"Ring, Susan",9781791117528,,"AV2; Lightbox Learning Inc.",2021,"New York, NY",eBook;Book,"Book::Belle Cooledge Children's Area: CHILDREN 523.47 R581 2021 - On Shelf,Book::Isleton Children's Area: CHILDREN 523.47 R581 2021 - On Shelf,Book::North Natomas Children's Area: CHILDREN 523.47 R581 2021 - Checked Out"
https://catalog.saclibrary.org/GroupedWork/8cb64c0b-ae47-6ade-c5f4-158662593b39-eng,"Freedom roads: searching for the Underground Railroad","Hansen, Joyce",9780812626735,,"Cricket Books",2003,Chicago,Book,"Book::South Natomas Children's Area: CHILDREN 973.7115 H249 2003 - On Shelf"
https://catalog.saclibrary.org/GroupedWork/ce78e4f4-6965-101b-a10f-daadffee2c36-eng,"Shining star: Vera Rubin discovers dark matter","Slade, Suzanne",9781635926019,,"Astra Publishing House; Calkins Creek, an imprint of Astra Books for Young Readers",2023,"New York",eBook;Book,"Book::Carmichael Children's Area: CHILDREN BIOGRAPHY Rubin, V. 2023 - On Shelf,Book::South Natomas Children's Area: CHILDREN BIOGRAPHY Rubin, V. 2023 - On Shelf,Book::North Natomas Children's Area: CHILDREN BIOGRAPHY Rubin, V. 2023 - On Shelf"
https://catalog.saclibrary.org/GroupedWork/c7fb1194-ae4e-db3e-ce80-211df20c7c23-eng,"Uranus and Neptune: the ice giants",,9780716680659,,"World Book, Inc",2020,"Chicago, Illinois",Book,"Book::Arcade Children's Area: CHILDREN 523.47 U721 2020 - On Shelf,Book::Central Kids Place - Lower Level: CHILDREN 523.47 U721 2020 - On Shelf,Book::North Natomas Children's Area: CHILDREN 523.47 U721 2020 - Checked Out"
https://catalog.saclibrary.org/GroupedWork/9498b0f2-1cf7-cca9-b246-b95639a8ebc4-eng,"What do we know about alien abduction?","Mayer, Kirsten",9780593387559,,"Penguin Workshop; Books on Tape; Penguin Young Readers Group",2023,"New York",eAudiobook;Book;eBook,"Book::Colonial Heights Children's Area: CHILDREN 001.942 M468 2023 - On Shelf,Book::Belle Cooledge Children's Area: CHILDREN 001.942 M468 2023 - On Shelf,Book::Franklin Children's: CHILDREN 001.942 M468 2023 - Checked Out"
https://catalog.saclibrary.org/GroupedWork/25c580eb-d0e9-6010-7b7d-953a5e058639-eng,"Super-sized science projects with volume: how much space does it take up?","Gardner, Robert, 1929-",9780766020146,,"Enslow Publishers",2003,"Berkeley Heights, NJ",Book,"Book::Fair Oaks Children's Area: CHILDREN 530.8 G228s 2003 - On Shelf,Book::Folsom Children's Area: CHILDREN 530.8078 GAR 2003 - Checked Out"
https://catalog.saclibrary.org/GroupedWork/93fa9ae9-a020-1813-e23e-4055c808b612-eng,"The unofficial Alcatraz handbook: a complete guide to the most often asked questions about ""The Rock""","Tracy, Kristen, 1972-",9780593661031,,"Penguin Workshop; Penguin Young Readers Group",2024,"New York",eBook;Book,"Book::Central Kids Place - Lower Level: CHILDREN 365.979 T761 2024 - On Shelf,Book::Fair Oaks Children's Area: CHILDREN 365.979 T761 2024 - Checked Out,Book::North Natomas Children's Area: CHILDREN 365.979 T761 2024 - On Shelf"
https://catalog.saclibrary.org/GroupedWork/00f610f8-a44f-0ee0-43a5-9ce9e6a39d89-eng,"Water: a deep dive of discovery","Mihaly, Christy",9781646862801,,"Barefoot Books",2021,"Concord, Massachusetts",Book,"Book::Arcade Children's Area: OVERSIZE CHILDREN 553.7 M636 2021 - On Shelf,Book::Carmichael Children's Area: OVERSIZE CHILDREN 553.7 M636 2021 - On Shelf,Book::Elk Grove Kids' Place: OVERSIZE CHILDREN 553.7 M636 2021 - Checked Out"
https://catalog.saclibrary.org/GroupedWork/5af299df-d755-0561-b72e-d2ba8ba33180-eng,"Water sings blue: ocean poems","Coombs, Kate",9780811872843,,"Chronicle Books LLC; Chronicle Books",2012,"San Francisco",eBook;Book,"Book::Central Kids Place - Lower Level: CHILDREN 811.6 C775 2012 - In Transit,Book::North Natomas Children's Area: CHILDREN 811.6 C775 2012 - On Shelf,Book::North Sacramento-Hagginwood Children's Area: CHILDREN 811.6 C775 2012 - In Transit"
https://catalog.saclibrary.org/GroupedWork/105cdb4a-bdcb-0d02-0e9d-dfce49a50466-eng,"I'm a neutrino: tiny particles in a big universe","Vavagiakis, Eve M., Dr",9781536222074,,"Candlewick Press; MIT Kids Press",2022,"Somerville, Massachusetts",eBook;Book,"Book::Arcade Children's Area: CHILDREN 530 V389 2022 - On Shelf,Book::Carmichael Children's Area: CHILDREN 530 V389 2022 - On Shelf,Book::Central Kids Place - Lower Level: CHILDREN 530 V389 2022 - On Shelf"
https://catalog.saclibrary.org/GroupedWork/2f8e15e6-0c37-55ea-657f-4caf69079f53-eng,"What do we know about the kraken?","Hubbard, Ben, 1973-",9780593658451,,"Books on Tape; Penguin Workshop",2024,"New York",eAudiobook;Book,"Book::Arcade Children's Area: CHILDREN 594.5 H875 2024 - On Shelf,Book::Carmichael Children's Area: CHILDREN 594.5 H875 2024 - On Shelf,Book::Central Kids Place - Lower Level: CHILDREN 594.5 H875 2024 - On Shelf"
https://catalog.saclibrary.org/GroupedWork/8cb6a497-d4cb-deb5-c65c-064e238bc8ac-eng,"Witches!: the absolutely true tale of disaster in Salem","Schanzer, Rosalyn",9781426308703,,"Recorded Books, Inc.; National Geographic Society; Disney - RHCB","2011 - 2012","Washington, D.C",eAudiobook;eBook;Book,"Book::Southgate Teen Area: TEEN 133.4309 S299 2011 - On Shelf,Book::Sutter Branch: TEEN 133.4309 SCH - On Shelf,Book::Williams Branch Library Teen Collection: YA 133.4309 S - On Shelf"
https://catalog.saclibrary.org/GroupedWork/e842dea5-0677-0257-d9d3-695012b3ddca-eng,"My life as a narwhal","Sazaklis, John",9781666340433,,"Capstone; Picture Window Books, a Capstone imprint","2022 - 2023","North Mankato, Minnesota","Easy Reader;eBook","Easy Reader::Belle Cooledge Children's Area: EASY READER 2 599.543156 S275 2023 - Checked Out,Easy Reader::Courtland Children's Area: EASY READER 2 599.543156 S275 2023 - On Shelf,Easy Reader::Fair Oaks Children's Area: EASY READER 2 599.543156 S275 2023 - Checked Out"
https://catalog.saclibrary.org/GroupedWork/1d9f8664-c104-924d-dd99-81863d72d7a4-eng,"Goblin shark","Rose, Rachel, 1968-",9781636915302,,"Bearport Publishing",2022,"Minneapolis, Minnesota",eBook;Book,"Book::Central Kids Place - Lower Level: CHILDREN 597.33 R797 2022 - On Shelf,Book::Franklin Children's: CHILDREN 597.33 R797 2022 - On Shelf,Book::South Natomas Children's Area: CHILDREN 597.33 R797 2022 - On Shelf"
https://catalog.saclibrary.org/GroupedWork/daf88818-6d20-8997-bc2f-17ad386793fd-eng,"What was the Titanic?","Sabol, Stephanie",9780515157260,,"Penguin Workshop, an imprint of Penguin Random House; Books on Tape; Penguin Young Readers Group","2018 - 2021","New York, New York",eAudiobook;Book;eBook,"Book::Carmichael Children's Area: CHILDREN 910.91634 S117 2018 - On Shelf,Book::Central Kids Place - Lower Level: CHILDREN 910.91634 S117 2018 - On Shelf,Book::Franklin Children's: CHILDREN 910.91634 S117 2018 - On Shelf"
https://catalog.saclibrary.org/GroupedWork/05bc35c3-0419-888b-0b35-9b41347f0aa1-eng,Castle,"Macaulay, David",9780544102262,,"Houghton Mifflin; Houghton Mifflin Harcourt; HarperCollins","1977 - 2013","New York; Boston",eBook;Book,"Book::Carmichael Children's Area: CHILDREN 728.81 M117 2013 - On Shelf,Book::Central Kids Place - Lower Level: CHILDREN 728.81 M117 2013 - On Shelf,Book::Elk Grove Kids' Place: CHILDREN 728.81 M117 2013 - On Shelf"
https://catalog.saclibrary.org/GroupedWork/59500699-0368-3c08-545f-1e71237c0abe-eng,"This book is full of holes: from underground to outer space and everywhere in between","Nickum, Nora",9781682636008,,Peachtree,2024,Atlanta,eBook;Book,"Book::Arcade Children's Area: CHILDREN 523.8875 N632 2024 - On Shelf,Book::Carmichael Children's Area: CHILDREN 523.8875 N632 2024 - On Shelf,Book::Central Kids Place - Lower Level: CHILDREN 523.8875 N632 2024 - On Shelf"
https://catalog.saclibrary.org/GroupedWork/ae566feb-6995-036b-f693-de002e0e561a-eng,"A kids book about: power","Davis, Juliyen",9780241743089,,"DK; DK Publishing",2025,"New York, NY",eBook;Book,"Book::Central Kids Place - Lower Level: CHILDREN 302.1 D262 2025 - On Shelf,Book::Belle Cooledge Children's Area: CHILDREN 302.1 D262 2025 - On Shelf,Book::Fair Oaks Children's Area: CHILDREN 302.1 D262 2025 - On Shelf"
https://catalog.saclibrary.org/GroupedWork/e75e2d14-ac99-55e7-0060-0360a4b225f7-eng,"Who was King Tut?","Edwards, Roberta",9780448466774,,"Grosset & Dunlap; Books on Tape; Penguin Young Readers Group","2006 - 2019","New York",eAudiobook;eBook;Book,"Book::Central Kids Place - Lower Level: CHILDREN BIOGRAPHY Tutankhamen 2006 - On Shelf,Book::Colusa Main Branch Juvenile Collection: J B TUTANKHAMEN E - On Shelf,Book::Folsom Children's Student Resource Center: CHILDREN BIOGRAPHY Tutankhamen 2006 - Checked Out"
https://catalog.saclibrary.org/GroupedWork/24048b51-1a9a-f0ce-6d50-aabc0ae882c6-eng,"Unsolved questions about the human body","Turner, Myra Faye",9781669002604,,"Capstone; Capstone Press, a Capstone imprint",2023,"North Mankato, Minnesota",eBook;Book,"Book::Carmichael Children's Area: CHILDREN 612 T949 2023 - On Shelf,Book::Central Kids Place - Lower Level: CHILDREN 612 T949 2023 - On Shelf,Book::McKinley Children's Area: CHILDREN 612 T949 2023 - On Shelf"
https://catalog.saclibrary.org/GroupedWork/7662ea66-4fcd-e22a-a003-e1446eb814b4-eng,"Unsolved questions about the universe","Golkar, Golriz",9781669002680,,"Capstone; Capstone Press, a Capstone imprint",2023,"North Mankato, Minnesota",eBook;Book,"Book::Carmichael Children's Area: CHILDREN 523.1 G626 2023 - On Shelf,Book::Central Kids Place - Lower Level: CHILDREN 523.1 G626 2023 - On Shelf,Book::Elk Grove Kids' Place: CHILDREN 523.1 G626 2023 - On Shelf"
https://catalog.saclibrary.org/GroupedWork/06dc583c-96c5-4ab8-2bcc-1cfc29dd8730-eng,"Unsolved questions about earth","Turner, Myra Faye",9781669002529,,"Capstone; Capstone Press, a Capstone imprint",2023,"North Mankato, Minnesota",eBook;Book,"Book::Central Kids Place - Lower Level: CHILDREN 550 T949 2023 - On Shelf,Book::Del Paso Heights Children's Area: CHILDREN 550 T949 2023 - On Shelf,Book::McKinley Children's Area: CHILDREN 550 T949 2023 - On Shelf"
https://catalog.saclibrary.org/GroupedWork/b4b088cf-89c5-487d-1e5b-0b060551ebcd-eng,"Carlos gets the sneezes","Katschke, Judy",9781338232127,,"Scholastic Inc",2018,"New York, NY",Book,"Book::North Natomas Children's Area: MOVING UP Katschke, J. - On Shelf,Book::Southgate Children's Area: MOVING UP Katschke, J. - On Shelf,Book::Sylvan Oaks Children's Area: MOVING UP Katschke, J. - On Shelf"
https://catalog.saclibrary.org/GroupedWork/08d0b245-b95f-dcd4-ce30-e0b08d0f149f-eng,"What do we know about Atlantis?","Berne, Emma Carlson, 1979-",9780593386880,,"Penguin Workshop; Books on Tape; Penguin Young Readers Group",2022,"New York",eAudiobook;Book;eBook,"Book::North Natomas Children's Area: CHILDREN 001.94 B525 2022 - Checked Out,Book::Pocket-Greenhaven Kids' Place: CHILDREN 001.94 B525 2022 - On Shelf,Book::Southgate Children's Area: CHILDREN 001.94 B525 2022 - On Shelf"
https://catalog.saclibrary.org/GroupedWork/0b8acfe8-a33e-bf46-26da-a124a4f76532-eng,"Unsolved questions about living things","Kim, Carol",9781669002444,,"Capstone; Capstone Press, a Capstone imprint",2023,"North Mankato, Minnesota",eBook;Book,"Book::Carmichael Children's Area: CHILDREN 570 K491 2023 - On Shelf,Book::Central Kids Place - Lower Level: CHILDREN 570 K491 2023 - On Shelf,Book::Fair Oaks Children's Area: CHILDREN 570 K491 2023 - Checked Out"
https://catalog.saclibrary.org/GroupedWork/a480c002-ad6a-40e5-242b-12cca6c3437c-eng,"Science is magic","Mould, Steve, 1978-",9781465478801,,"DK Publishing",2019,"New York, New York",Book,"Book::Carmichael Children's Area: CHILDREN 507.8 M926 2019 - On Shelf,Book::Central Kids Place - Lower Level: CHILDREN 507.8 M926 2019 - On Shelf,Book::Belle Cooledge Children's Area: CHILDREN 507.8 M926 2019 - On Shelf"
https://catalog.saclibrary.org/GroupedWork/a451fbab-bd3b-ee08-f6be-3ba1669c8878-eng,"What is NASA?","Fabiny, Sarah",9781524786038,,"Penguin Workshop; Penguin Young Readers Group",2019,"New York",eBook;Book,"Book::Carmichael Children's Area: CHILDREN 629.40973 F119 2019 - Checked Out,Book::Central Kids Place - Lower Level: CHILDREN 629.40973 F119 2019 - On Shelf,Book::Del Paso Heights Children's Area: CHILDREN 629.40973 F119 2019 - On Shelf"
https://catalog.saclibrary.org/GroupedWork/8c3e601f-4666-8e95-6474-da4cda94faf6-eng,"Colossus: the world's most amazing feats of engineering","Hynson, Colin",9781536217063,,"Big Picture Press, an imprint of Candlewick Press",2021,"Somerville, Massachusetts",Book,"Book::Central Kids Place - Lower Level: OVERSIZE CHILDREN 720 H997 2021 - On Shelf,Book::Belle Cooledge Children's Area: OVERSIZE CHILDREN 720 H997 2021 - On Shelf,Book::North Natomas Children's Area: OVERSIZE CHILDREN 720 H997 2021 - On Shelf"
https://catalog.saclibrary.org/GroupedWork/73f96119-5b67-c038-fe28-1ab9f3a4a0c3-eng,"Exploring the Amazon","Rathburn, Betsy",9781644877678,,"Bellwether Media",2023,"Minneapolis, MN",eBook;Book,"Book::Central Kids Place - Lower Level: CHILDREN 981.1 R234 2023 - On Shelf,Book::Franklin Children's: CHILDREN 981.1 R234 2023 - On Shelf,Book::Galt Children's Area: CHILDREN 981.1 R234 2023 - On Shelf"
https://catalog.saclibrary.org/GroupedWork/0b559b0b-fea9-d149-7a00-6acf27150c31-eng,Mercury,"Owens, L. L",9781503888876,,"Child's World; The Child's World, Inc.","2011 - 2025","Mankato, MN",eBook;Book,"Book::Carmichael Children's Area: CHILDREN 523.41 O97 2011 - On Shelf,Book::Central Kids Place - Lower Level: CHILDREN 523.41 O97 2011 - On Shelf,Book::Fair Oaks Children's Area: CHILDREN 523.41 O97 2011 - On Shelf"
https://catalog.saclibrary.org/GroupedWork/7a65af8a-1a06-277f-9875-a08ceae82182-eng,"Crazy creatures","Yates, Jane",9798885094382,,"Create; Bearport Publishing","2022 - 2023","Minneapolis, Minnesota",eBook;Book,"Book::Central Kids Place - Lower Level: CHILDREN 745.5083 Y32 2023 - On Shelf,Book::Franklin Children's: CHILDREN 745.5083 Y32 2023 - On Shelf,Book::North Natomas Children's Area: CHILDREN 745.5083 Y32 2023 - On Shelf"
https://catalog.saclibrary.org/GroupedWork/1dd2cffc-40cf-a5bc-be2d-e5cec67a2bc1-eng,"Ambushed!: the assassination plot against president Garfield","Jarrow, Gail",9781684378142,,"Recorded Books, Inc.; Astra Publishing House; Calkins Creek","2021 - 2022","New York",eAudiobook;eBook;Book,"Book::Arcade Children's Area: CHILDREN 973.84 G231zj 2021 - In Transit,Book::Central Kids Place - Lower Level: CHILDREN 973.84 G231zj 2021 - On Shelf,Book::Fair Oaks Children's Area: CHILDREN 973.84 G231zj 2021 - Checked Out"
https://catalog.saclibrary.org/GroupedWork/55ae3b5a-8e00-b45b-79f8-aaff39fd4a9b-eng,"Octopus ocean: geniuses of the deep","Leiren-Young, Mark",9781459838956,,"Orca Book Publishers",2025,"[Victoria, British Columbia]",eBook;Book,"Book::Carmichael Children's Area: CHILDREN 594.56 L531 2025 - On Shelf,Book::Central Kids Place - Lower Level: CHILDREN 594.56 L531 2025 - On Shelf,Book::Belle Cooledge Children's Area: CHILDREN 594.56 L531 2025 - On Shelf"
https://catalog.saclibrary.org/GroupedWork/897371ec-25ad-8089-a3c3-3a278c39c2ef-eng,"Inside Area 51","Kerry, Isaac",9781728476612,,"Lerner Publishing Group; Lerner Publications",2023,Minneapolis,eBook;Book,"Book::Franklin Children's: CHILDREN 001.942 K416 2023 - On Shelf,Book::Galt Children's Area: CHILDREN 001.942 K416 2023 - On Shelf,Book::North Natomas Children's Area: CHILDREN 001.942 K416 2023 - On Shelf"
https://catalog.saclibrary.org/GroupedWork/95e265a3-0a74-47f5-6a1c-ba7badc3d59d-eng,"Layers of stone: how Earth's biggest caves formed","Faust, Daniel R",9781725301528,,"PowerKids Press; The Rosen Publishing Group, Inc","2019 - 2020","New York",eBook;Book,"Book::Central Kids Place - Lower Level: CHILDREN 551.447 F267 2020 - On Shelf,Book::Courtland Children's Area: CHILDREN 551.447 F267 2020 - On Shelf,Book::Del Paso Heights Children's Area: CHILDREN 551.447 F267 2020 - On Shelf"
https://catalog.saclibrary.org/GroupedWork/1816f0db-502c-5852-454f-50084e58cfe4-eng,"The story of space: a first book about our universe","Barr, Catherine, 1951-",9781786030030,,"Frances Lincoln Children's Books",2017,"New York, NY",Book,"Book::Arcade Children's Area: CHILDREN 520 B268 2017 - On Shelf,Book::Carmichael Children's Area: CHILDREN 520 B268 2017 - On Shelf,Book::Belle Cooledge Children's Area: CHILDREN 520 B268 2017 - On Shelf"
https://catalog.saclibrary.org/GroupedWork/a976ec0b-8d8c-0062-18ea-300994ea7ce8-eng,"Ghosts unveiled!","Hollihan, Kerrie Logan",9781419746796,,"Abrams; Abrams Books for Young Readers",2020,"New York",eBook;Book,"Book::Belle Cooledge Children's Area: CHILDREN 133.1 H739 2020 - On Shelf,Book::North Natomas Children's Area: CHILDREN 133.1 H739 2020 - Checked Out,Book::Rio Linda Children's Area: CHILDREN 133.1 H739 2020 - On Shelf"
https://catalog.saclibrary.org/GroupedWork/4c36bef2-27a5-6f56-b6b0-350648befb7f-eng,"Question everything: how to tell fact from fiction","Martineau, Susan",9781459843707,,"Orca Book Publishers",2026,"Victoria, British Columbia",eBook;Book,"Book::Central Kids Place - Lower Level: CHILDREN 302.23 M385 2026 - On Shelf,Book::Belle Cooledge Children's Area: CHILDREN 302.23 M385 2026 - On Shelf,Book::Fair Oaks Children's Area: CHILDREN 302.23 M385 2026 - On Shelf"
https://catalog.saclibrary.org/GroupedWork/f01811af-e2fb-f41c-571b-017dfc42f928-eng,Mythology,"Philip, Neil",9780756610791,,"DK Publishing; DK Pub","2005 - 2017","New York; London; New York, New York",eBook;Book,"Book::Colonial Heights Children's Area: CHILDREN 201.3 M999 2017 - On Shelf,Book::Belle Cooledge Children's Area: CHILDREN 201.3 M999 2017 - On Shelf,Book::Courtland Children's Area: CHILDREN 201.3 M999 2017 - On Shelf"
https://catalog.saclibrary.org/GroupedWork/b389156f-b47c-adb4-2a68-d676d051fbf1-eng,"Tools and treasures of the ancient Maya","Doeden, Matt",9781467714310,,"Lerner Publishing Group|Lerner Publishing Group; Lerner Publishing Group; Lerner Publications Company","2014 - 2017",Minneapolis,eBook;Book,"Book::Central Kids Place - Lower Level: CHILDREN 972.81 D649 2014 - On Shelf,Book::South Natomas Children's Area: CHILDREN 972.81 D649 2014 - On Shelf,Book::Sylvan Oaks Children's Area: CHILDREN 972.81 D649 2014 - On Shelf"
https://catalog.saclibrary.org/GroupedWork/864818b0-d7c0-53d4-e90a-75339b380d80-eng,"How deep is the ocean?","Zoehfeld, Kathleen Weidner",9780062328205,,"Harper, an imprint of HarperCollins Publishers; HarperCollins",2016,"New York, NY",eBook;Book,"Book::Carmichael Children's Area: CHILDREN 551.46 Z85 2016 - On Shelf,Book::Galt Children's Area: CHILDREN 551.46 Z85 2016 - In Transit,Book::Isleton Children's Area: CHILDREN 551.46 Z85 2016 - On Shelf"
https://catalog.saclibrary.org/GroupedWork/77e722be-617f-26f4-fa6d-af3ad61934d8-eng,"Everything Ancient Egypt","Boyer, Crispin",9781426308413,,"National Geographic",2012,"Washington, D.C",Book,"Book::North Sacramento-Hagginwood Children's Area: CHILDREN 932 B791 2012 - On Shelf,Book::Folsom Children's Area: CHILDREN 932 NAT 2015 - Checked Out,Book::Folsom Children's Area: CHILDREN 932.01 BOY 2012 - On Shelf"
https://catalog.saclibrary.org/GroupedWork/cb8f8378-8570-27d1-98ac-7aaa83e88ef7-eng,"A little bit of dirt: 55+ science and art activities to reconnect children with nature","Citro, Asia",9781943147045,,"The Innovation Press","2015 - 2016","Woodinville, WA, U.S.A",eBook;Book,"Book::Belle Cooledge: 796.083 C581 2015 - On Shelf,Book::Folsom Adult: 796.083 CIT 2015 - On Shelf"
https://catalog.saclibrary.org/GroupedWork/9b93c676-b33e-5fca-4466-d4f8247abace-eng,"Roanoke: the Lost Colony","Schuetz, Kari",9781626176980,,"Bellwether Media, Inc; Bellwether Media",2018,"Minneapolis, MN",eBook;Book;eAudiobook,"Book::Carmichael Children's Area: CHILDREN 975.6 S385 2018 - On Shelf,Book::Rancho Children's Area: CHILDREN 975.6 S385 2018 - On Shelf,Book::Valley Hi-North Laguna Children's Area: CHILDREN 975.6 S385 2018 - On Shelf"
https://catalog.saclibrary.org/GroupedWork/9610833f-8424-14a5-64ca-189382ffb45e-eng,"Deep, deep down: the secret underwater poetry of the Mariana Trench","Lukidis, Lydia",9781684466153,,"Capstone Editions, a Capstone imprint; Capstone",2023,"North Mankato, Minnesota",eBook;Book,"Book::Carmichael Children's Area: CHILDREN 577.79 L954 2023 - On Shelf,Book::Orangevale: CHILDREN 577.79 L954 2023 - On Shelf,Book::Pocket-Greenhaven Kids' Place: CHILDREN 577.79 L954 2023 - On Shelf"
https://catalog.saclibrary.org/GroupedWork/9673df75-3f23-0d8c-1b59-a5fbac479aa7-eng,"Spooky: haunted houses","Maurer, Tracy Nelson, 1965-",9781512456080,,"Lerner Publishing Group; Lerner Publications","2017 - 2018",Minneapolis,eBook;Book,"Book::Belle Cooledge Children's Area: CHILDREN 133.122 M453 2018 - On Shelf,Book::Elk Grove Kids' Place: CHILDREN 133.122 M453 2018 - On Shelf,Book::Galt Children's Area: CHILDREN 133.122 M453 2018 - On Shelf"
https://catalog.saclibrary.org/GroupedWork/125f64ee-7190-2126-9542-106435df69c7-eng,"Pokémon Sun & Moon: 5","Kusaka, Hidenori",9781974706495,,"VIZ Media, LLC",2019,"San Francisco, CA","Graphic Novel/Manga","Graphic Novel/Manga::Arcade Children's Area: CHILDREN MANGA Pokemon Sun v.5 - On Shelf,Graphic Novel/Manga::Carmichael Children's Area: CHILDREN MANGA Pokemon Sun v.5 - Checked Out,Graphic Novel/Manga::Central Kids Place - Lower Level: CHILDREN MANGA Pokemon Sun v.5 - On Shelf"
https://catalog.saclibrary.org/GroupedWork/b472ec94-c4e8-6ce0-a002-70f161457230-eng,"If a mummy could talk","Donald, Rhonda Lucas, 1962-",9781607187370,,"Arbordale Publishing","2007 - 2019","Mt. Pleasant, SC",eBook;Book;eAudiobook,"Book::Belle Cooledge Children's Area: CHILDREN 560.75 D675 2019 - On Shelf,Book::North Natomas Children's Area: CHILDREN 560.75 D675 2019 - On Shelf,Book::Orangevale: CHILDREN 560.75 D675 2019 - On Shelf"
https://catalog.saclibrary.org/GroupedWork/5f92dd26-1975-5c6e-1612-7d7a638ec790-eng,"Peck, hen, peck!: &, Ben's pet","Atkins, Jill (Children's author)",9781541541566,,"Lerner Publishing Group; Lerner Publications",2019,Minneapolis,"Easy Reader;eBook","Easy Reader::Carmichael Children's Area: EASY READER 1 Atkins, J. - Checked Out,Easy Reader::Central Kids Place - Lower Level: EASY READER 1 Atkins, J. - On Shelf,Easy Reader::Colonial Heights Children's Area: EASY READER 1 Atkins, J. - Checked Out"
https://catalog.saclibrary.org/GroupedWork/b8470ab9-6b0d-4d39-edd3-a30072bf546e-eng,"The princess and the white bear king","Batt, Tanya Robyn",9781846862281,,"Barefoot; Barefoot Books","2004 - 2019","Cambridge, MA",eBook;Book,"Book::Fair Oaks Children's Area: CHILDREN 398.2 B335p 2008 - On Shelf,Book::North Natomas Children's Area: CHILDREN 398.2 B335p 2008 - On Shelf,Book::Pocket-Greenhaven Kids' Place: CHILDREN 398.2 B335p 2008 - On Shelf"
https://catalog.saclibrary.org/GroupedWork/6360138c-4bfb-0a31-15ec-a06a4851d3ec-eng,"Seven wonders of the solar system","Aguilar, David A",9780451476852,,"Viking, published by the Penguin Group",2017,"New York",Book,"Book::Carmichael Children's Area: CHILDREN 523.2 A283 2017 - On Shelf,Book::Central Kids Place - Lower Level: CHILDREN 523.2 A283 2017 - On Shelf,Book::Elk Grove Kids' Place: CHILDREN 523.2 A283 2017 - On Shelf"
https://catalog.saclibrary.org/GroupedWork/ecd20308-e3d9-a341-68b9-35a72199a6a9-eng,"The brilliant calculator: how mathematician Edith Clarke helped electrify America","Lower, Jan",9781662680069,,"Astra Publishing House; Calkins Creek, an imprint of Astra Books for Young Readers",2023,"New York",eBook;Book,"Book::Arcade Children's Area: CHILDREN BIOGRAPHY Clarke, E. 2023 - On Shelf,Book::Belle Cooledge Children's Area: CHILDREN BIOGRAPHY Clarke, E. 2023 - On Shelf,Book::Elk Grove Kids' Place: CHILDREN BIOGRAPHY Clarke, E. 2023 - On Shelf"
https://catalog.saclibrary.org/GroupedWork/a1fc4c44-bf54-7dc0-3a26-9f9ebc7619c5-eng,"Anglerfish: the seadevil of the deep","Alexander, Elaine M",9781536213966,,"Dreamscape Media; Candlewick Press","2022 - 2025","Somerville, MA",eAudiobook;Book;eBook,"Book::Central Kids Place - Lower Level: CHILDREN 597 A375 2022 - On Shelf,Book::Galt Children's Area: CHILDREN 597 A375 2022 - On Shelf,Book::North Natomas Children's Area: CHILDREN 597 A375 2022 - On Shelf"
https://catalog.saclibrary.org/GroupedWork/a00c625e-a411-4bc8-5f4e-e6818c7aa90d-eng,"A field guide to mermaids","Martin, Emily B",9781250794321,,"Henry Holt and Company; Books on Tape",2022,"New York",eAudiobook;Book,"Book::Central Kids Place - Lower Level: CHILDREN 398.21 M379 2022 - On Shelf,Book::Pocket-Greenhaven Kids' Place: CHILDREN 398.21 M379 2022 - On Shelf,Book::Rancho Children's Area: CHILDREN 398.21 M379 2022 - On Shelf"
https://catalog.saclibrary.org/GroupedWork/1e40d049-5653-7ea1-993a-941c70578068-eng,"Great polar bear","Lesser, Carolyn",9781633225022,,"Seagrass Press; Seagrass Publishing, an imprint of The Quarto Group",2018,"Lake Forest, CA",eBook;Book,"Book::Belle Cooledge Children's Area: CHILDREN 599.786 L638 2018 - On Shelf,Book::Fair Oaks Children's Area: CHILDREN 599.786 L638 2018 - On Shelf,Book::Franklin Children's: CHILDREN 599.786 L638 2018 - On Shelf"
https://catalog.saclibrary.org/GroupedWork/b9b0e89b-c54c-46d4-6b3c-ce8c202f452c-eng,"But where do sea turtles live?","Ellis, Elina",9781525306761,,"Kids Can Press",2025,"Toronto, ON",eBook;Book,"Book::Arcade Children's Area: CHILDREN 597.928 E472 2025 - On Shelf,Book::Colonial Heights Children's Area: CHILDREN 597.928 E472 2025 - On Shelf,Book::Galt Children's Area: CHILDREN 597.928 E472 2025 - On Shelf"
https://catalog.saclibrary.org/GroupedWork/a8ae1d7b-420d-b255-4a4f-9f8a9efd3d01-eng,"The Baby-sitters Club: 1, Kristy's great idea : a graphic novel","Martin, Ann M., 1955-",9780545813877,,"Graphix, an imprint of Scholastic",2015,"New York, NY","Graphic Novel/Manga","Graphic Novel/Manga::Arcade Children's Area: CHILDREN GRAPHIC NOVEL Baby-Sitters Club v.1 - Checked Out,Graphic Novel/Manga::Central Kids Place - Lower Level: CHILDREN GRAPHIC NOVEL Baby-Sitters Club v.1 - Checked Out,Graphic Novel/Manga::Elk Grove Kids' Place: CHILDREN GRAPHIC NOVEL Baby-Sitters Club v.1 - On Hold Shelf"
https://catalog.saclibrary.org/GroupedWork/fe4cf5ab-ad86-1eb7-30b2-56713e8250d8-eng,"Collecting data","Flatt, Lizann",9780778726371,,"Crabtree Publishing Company","2016 - 2017","St. Catharines, Ontario",eBook;Book,"Book::South Natomas Children's Area: CHILDREN 507.21 F586 2017 - On Shelf"
https://catalog.saclibrary.org/GroupedWork/66b1d5cd-8dbe-3b54-6a8b-b4c9585652c1-eng,Deserts,"Gibbons, Gail",9780823461134,,"Holiday House","1996 - 2025","New York",eBook;Book,"Book::Carmichael Children's Area: CHILDREN 577.54 G441 2025 - On Shelf,Book::Central Kids Place - Lower Level: CHILDREN 577.54 G441 2025 - On Shelf,Book::Colonial Heights Children's Area: CHILDREN 577.54 G441 2025 - On Shelf"
https://catalog.saclibrary.org/GroupedWork/861d2a91-6bfa-b6df-131d-3d746acd07c4-eng,"What will I discover?","Kyi, Tanya Lloyd, 1973-",9781771648615,,"Greystone Kids; Greystone Books",2023,Vancouver,"Picture Book;eBook","Picture Book::Carmichael Children's Area: PICTURE BOOK Kyi, T. - On Shelf,Picture Book::Central Kids Place - Lower Level: PICTURE BOOK Kyi, T. - On Shelf,Picture Book::South Natomas Children's Area: PICTURE BOOK Kyi, T. - On Shelf"
https://catalog.saclibrary.org/GroupedWork/bce3b4fb-9f7f-8e48-0b1d-c681efec8d58-eng,"Dark emperor & other poems of the night","Sidman, Joyce",9780547152288,,"Recorded Books, Inc.; Houghton Mifflin Books for Children; HarperCollins","2010 - 2012","Boston [Mass.]",eAudiobook;eBook;Book,"Book::Arcade Children's Area: CHILDREN 811.54 S568d 2010 - On Shelf,Book::Carmichael Children's Area: CHILDREN 811.54 S568d 2010 - On Shelf,Book::Colonial Heights Children's Area: CHILDREN 811.54 S568d 2010 - On Shelf"
https://catalog.saclibrary.org/GroupedWork/b4789ecb-8290-c97f-d1ad-14bfc334a777-eng,"The girl who built an ocean: an artist, an argonaut, and the true story of the world's first aquarium","Keating, Jess",9780593305119,,"Alfred A. Knopf; Random House Children's Books; Books on Tape","2022 - 2024","New York",eAudiobook;Book;eBook,"Book::Carmichael Children's Area: CHILDREN BIOGRAPHY Villepreux-Power, J. 2022 - On Shelf,Book::Galt Children's Area: CHILDREN BIOGRAPHY Villepreux-Power, J. 2022 - On Shelf,Book::South Natomas Children's Area: CHILDREN BIOGRAPHY Villepreux-Power, J. 2022 - On Shelf"
https://catalog.saclibrary.org/GroupedWork/25aaf0a0-4198-24d1-a0b3-3ce27c1f5841-eng,"What do we know about Bigfoot?","Korté, Steve",9780593386699,,"Books on Tape; Penguin Workshop",2022,"New York",eAudiobook;Book,"Book::Arcade Children's Area: CHILDREN 001.944 K853 2022 - On Shelf,Book::Central Kids Place - Lower Level: CHILDREN 001.944 K853 2022 - On Shelf,Book::North Natomas Children's Area: CHILDREN 001.944 K853 2022 - On Shelf"
https://catalog.saclibrary.org/GroupedWork/572ba0bb-94cf-a218-d8b4-5c6dc2513c63-eng,"12 notorious ghosts","McCullum, Kenya, 1972-",9781632352941,,"Amicus Publish/12-Story Library; 12-Story Library",2017,"North Mankato, MN",eBook;Book,"Book::Franklin Children's: CHILDREN 133.1 M478 2017 - On Shelf,Book::Galt Children's Area: CHILDREN 133.1 M478 2017 - On Shelf,Book::North Sacramento-Hagginwood Children's Area: CHILDREN 133.1 M478 2017 - On Shelf"
https://catalog.saclibrary.org/GroupedWork/da38e48a-9104-26f0-f9b7-129dac2546b1-eng,"My encyclopedia of very important myths and legends","Mills, Andrea",9780744098440,,DK,2024,"New York, NY",Book,"Book::Carmichael Children's Area: CHILDREN 398.2454 M995 2024 - On Shelf,Book::Central Kids Place - Lower Level: CHILDREN 398.2454 M995 2024 - Checked Out,Book::Colonial Heights Children's Area: CHILDREN 398.2454 M995 2024 - On Shelf"
https://catalog.saclibrary.org/GroupedWork/afe6f95a-99cb-6945-dce0-5af5b196636f-eng,"Mars missions: a space discovery guide","Silverman, Buffy",9781512425857,,"Lerner Publishing Group|Lerner Publishing Group; Lerner Publishing Group; Lerner Publications","2017 - 2018",Minneapolis,eBook;Book;eAudiobook,"Book::North Natomas Children's Area: CHILDREN 523.43 S587 2017 - On Shelf,Book::Pocket-Greenhaven Kids' Place: CHILDREN 523.43 S587 2017 - On Shelf,Book::Rancho Children's Area: CHILDREN 523.43 S587 2017 - Checked Out"
https://catalog.saclibrary.org/GroupedWork/9b65de61-f8ca-a2d5-9268-8a41f4c27aac-eng,"The human body","Jennings, Ken, 1974-",9781481401746,,"Podium Audio; Little Simon","2015 - 2023","New York",eAudiobook;Book,"Book::Carmichael Children's Area: CHILDREN 612 J54 2015 - On Shelf,Book::Fair Oaks Children's Area: CHILDREN 612 J54 2015 - On Shelf,Book::Franklin Children's: CHILDREN 612 J54 2015 - On Shelf"
https://catalog.saclibrary.org/GroupedWork/10c1f863-1e83-90d8-c472-35afa4041638-eng,"Cat speak: revealing answers to the strangest cat behaviors","Webster, Maureen, 1959-",9781491484005,,"Capstone Press; Capstone Press, a Capstone imprint","2016 - 2017","North Mankato, Minnesota",Book;eAudiobook,"Book::Central Kids Place - Lower Level: CHILDREN 636.80887 W382 2016 - On Shelf,Book::Colonial Heights Children's Area: CHILDREN 636.80887 W382 2016 - On Shelf,Book::Del Paso Heights Children's Area: CHILDREN 636.80887 W382 2016 - On Shelf"
https://catalog.saclibrary.org/GroupedWork/57ce4c40-cf73-72ca-c8ee-6281d337dbcc-eng,"Change is in the air: the hidden discoveries of Eunice Newton Foote, the first climate scientist","Donnelly, Rebecca",9781250828538,,"Henry Holt and Co. (BYR); Henry Hold and Company",2026,"New York, NY",eBook;Book,"Book::Central Kids Place - Lower Level: CHILDREN BIOGRAPHY Foote, E. 2026 - Checked Out,Book::Franklin Children's: CHILDREN BIOGRAPHY Foote, E. 2026 - On Shelf,Book::McKinley Children's Area: CHILDREN BIOGRAPHY Foote, E. 2026 - Checked Out"
https://catalog.saclibrary.org/GroupedWork/474e5ad6-094e-9733-eb92-50b1a91686ad-eng,"Cats and us: a ten-thousand-year fascination","Pantaleo, Marta, 1990-",9781779460394,,"Groundwood Books Ltd; Groundwood Books House of Anansi Press",2025,Toronto,eBook;Book,"Book::Central Kids Place - Lower Level: CHILDREN 636.8 P197 2025 - On Shelf,Book::Fair Oaks Children's Area: CHILDREN 636.8 P197 2025 - On Shelf,Book::McKinley Children's Area: CHILDREN 636.8 P197 2025 - Checked Out"
https://catalog.saclibrary.org/GroupedWork/26100ac2-7c6d-93a7-048f-2fb3e2fabf78-eng,"From seed to plant","Gibbons, Gail",9780823408726,,"Live Oak Media|Lerner Publishing Group; Holiday House; Live Oak Media","1991 - 2013","New York",eAudiobook;eBook;Book,"Book::Arcade Children's Area: CHILDREN 581.3 G441 1991 - On Shelf,Book::Carmichael Children's Area: CHILDREN 581.3 G441 1991 - Checked Out,Book::Valley Hi-North Laguna Children's Area: CHILDREN 581.3 G441 1991 - Checked Out"
https://catalog.saclibrary.org/GroupedWork/915a7d57-0670-e826-2844-5c5d6761bb5e-eng,"A compendium of curious contraptions: a guessing game about history's most unusual artifacts","Goldfield, Anna",9781684494538,,"St. Martin's Publishing Group; Neon Squid",2025,London,eBook;Book,"Book::Central Kids Place - Lower Level: CHILDREN 030 G618 2025 - On Shelf,Book::Elk Grove Kids' Place: CHILDREN 030 G618 2025 - Checked Out,Book::Fair Oaks Children's Area: CHILDREN 030 G618 2025 - Checked Out"
https://catalog.saclibrary.org/GroupedWork/00d2543e-f400-1ef4-be3f-1fb5e5436d8e-eng,"Synonyms and antonyms","Heinrichs, Ann",9781503832503,,"Child's World; The Child's World; The Child's World, Inc.","2006 - 2020","Chanhassen, Minn; Mankato, MN",eBook;Book,"Book::Carmichael Children's Area: CHILDREN 428.1 H469 2020 - On Shelf,Book::Central Kids Place - Lower Level: CHILDREN 428.1 H469 2020 - On Shelf,Book::Colonial Heights Children's Area: CHILDREN 428.1 H469 2020 - On Shelf"
https://catalog.saclibrary.org/GroupedWork/dacf0d5d-42ec-40fd-1d69-7c8368872098-eng,"Cracking the code: the human quest to uncover secrets","Kehoe, Rachel",9781459839595,,"Orca Book Publishers",2025,"[Custer, WA]",eBook;Book,"Book::Central Kids Place - Lower Level: CHILDREN 652.8 K269 2025 - On Shelf,Book::Colonial Heights Children's Area: CHILDREN 652.8 K269 2025 - Checked Out,Book::Fair Oaks Children's Area: CHILDREN 652.8 K269 2025 - On Shelf"
https://catalog.saclibrary.org/GroupedWork/611bb4a7-1d45-ed33-c9fa-76ac28b2836d-eng,"Edible science: experiments you can eat","Wheeler-Toppen, Jodi",9781426321122,,"National Geographic",2015,"Washington, D.C",Book,"Book::Carmichael Children's Area: CHILDREN 507.8 W564e 2015 - On Shelf,Book::Sutter County Main Branch Children's Area: CHILDREN 507.8 WHE - On Shelf"
https://catalog.saclibrary.org/GroupedWork/2515512d-4472-8cd0-d52a-d6fb5ee3ac7e-eng,Smelling,"Owings, Lisa",9781681034799,,"Bellwether Media, Inc; Bellwether Media",2018,"Minneapolis, MN","Easy Reader;eBook;eAudiobook","Easy Reader::Arden-Dimick Children's Area: EASY READER 3 612.86 O97 2018 - Checked Out,Easy Reader::Franklin Children's: EASY READER 3 612.86 O97 2018 - Checked Out,Easy Reader::McKinley Children's Area: EASY READER 3 612.86 O97 2018 - Checked Out"
https://catalog.saclibrary.org/GroupedWork/6a934c0e-a2d0-0b5a-1c80-5ecdaea4d232-eng,"What do we know about crop circles?","Hubbard, Ben, 1973-",9780593386750,,"Penguin Workshop; Books on Tape; Penguin Young Readers Group",2022,"New York",eAudiobook;Book;eBook,"Book::Carmichael Children's Area: CHILDREN 001.94 H875 2022 - On Shelf,Book::Central Kids Place - Lower Level: CHILDREN 001.94 H875 2022 - On Shelf,Book::Franklin Children's: CHILDREN 001.94 H875 2022 - On Shelf"
https://catalog.saclibrary.org/GroupedWork/e4a0e41c-f47a-c99a-34f3-57a2c0e21dc7-eng,"Seven wonders of the ancient world","Curlee, Lynn",9780689831829,,"Atheneum Books for Young Readers","2002 - 2025","New York; ©2002",eBook;Book,"Book::Carmichael Children's Area: CHILDREN 930 C975 2025 - Checked Out,Book::Central Kids Place - Lower Level: CHILDREN 930 C975 2025 - On Shelf,Book::Colonial Heights Children's Area: CHILDREN 930 C975 2025 - On Shelf"
https://catalog.saclibrary.org/GroupedWork/3b211ccc-1d09-c4a1-55b4-42a271b75568-eng,"Makerspace projects for understanding plant science","Morlock, Rachael",9781725311824,,"PowerKids Press; The Rosen Publishing Group, Inc","2020 - 2021","New York",eBook;Book,"Book::Carmichael Children's Area: CHILDREN 580.724 M865 2021 - On Shelf,Book::Central Kids Place - Lower Level: CHILDREN 580.724 M865 2021 - On Shelf,Book::Belle Cooledge Children's Area: CHILDREN 580.724 M865 2021 - On Shelf"
https://catalog.saclibrary.org/GroupedWork/c6895b94-31be-4f06-6f0d-dd5ed9451869-eng,"Spooky stories of the world","Shearer, Wendy",9781837580033,,"Lonely Planet Global Limited",2023,"Dublin 8, Ireland",Book,"Book::Central Kids Place - Lower Level: CHILDREN 823.92 S539 2023 - On Shelf,Book::Colonial Heights Children's Area: CHILDREN 823.92 S539 2023 - On Shelf,Book::Franklin Children's: CHILDREN 823.92 S539 2023 - On Shelf"
https://catalog.saclibrary.org/GroupedWork/c9cddae4-4526-93d4-946f-b31028c00770-eng,"Lights day and night: the science of how light works","Hughes, Susan, 1960-",9781525303197,,"Kids Can Press",2021,"Toronto, ON",eBook;Book,"Book::Carmichael Children's Area: CHILDREN 530 H894 2021 - On Shelf,Book::Central Kids Place - Lower Level: CHILDREN 530 H894 2021 - On Shelf,Book::Fair Oaks Children's Area: CHILDREN 530 H894 2021 - On Shelf"
https://catalog.saclibrary.org/GroupedWork/85a52563-52f1-46e3-c75b-e3f53cb02456-eng,Palenque,"Kops, Deborah",9780822575047,,"Lerner Publishing Group|Lerner Publishing Group; Twenty-First Century Books",2008,"Minneapolis, MN",eBook;Book,"Book::Isleton Children's Area: CHILDREN 972.75 K83 2008 - On Shelf"
https://catalog.saclibrary.org/GroupedWork/89aeb696-b4f5-95ce-c741-b0eb3f2a9bdb-eng,"Luna: the science and stories of our moon","Aguilar, David A",9781426333231,,"National Geographic",2019,"Washington, D.C",Book,"Book::Carmichael Children's Area: CHILDREN 523.3 A283 2019 - On Shelf,Book::Franklin Children's: CHILDREN 523.3 A283 2019 - On Shelf,Book::North Natomas Children's Area: CHILDREN 523.3 A283 2019 - On Shelf"
https://catalog.saclibrary.org/GroupedWork/873b4320-f042-b360-0da7-0ef8a716c435-eng,Uranus,"Owens, L. L",9781503888937,,"Child's World; The Child's World, Inc.","2011 - 2025","Mankato, MN",eBook;Book,"Book::Arcade Children's Area: CHILDREN 523.47 O97 2011 - On Shelf,Book::Sutter County Main Branch Children's Area: CHILDREN 523.47 OWE - On Shelf"
https://catalog.saclibrary.org/GroupedWork/fc132d52-2f35-67a4-8b47-eb4752487473-eng,"Ancient Greece revealed","Reynolds, Donna",9781502666062,,"Cavendish Square Publishing, LLC; Cavendish Square","2022 - 2023","New York",eBook;Book,"Book::Central Kids Place - Lower Level: CHILDREN 938 R462 2023 - On Shelf,Book::Belle Cooledge Children's Area: CHILDREN 938 R462 2023 - On Shelf,Book::Fair Oaks Children's Area: CHILDREN 938 R462 2023 - On Shelf"
https://catalog.saclibrary.org/GroupedWork/ba45e220-d6aa-2c6e-e59a-0902029a570e-eng,"National Geographic kids: Everything sharks","Musgrave, Ruth A., 1960-",9781426308024,,"National Geographic",2011,"Washington, D.C",Book,"Book::Elk Grove Kids' Place: CHILDREN 597.3 M9872 2011 - Checked Out,Book::McClatchy Children's Area: CHILDREN 597.3 M9872 2011 - On Shelf,Book::Sylvan Oaks Children's Area: CHILDREN 597.3 M9872 2011 - On Shelf"
https://catalog.saclibrary.org/GroupedWork/b1db34ca-46fd-0ef9-e7b8-c4576c281247-eng,"Scooby-Doo! and the truth behind ghosts","Collins, Terry (Terry Lee)",9781491417911,,"Capstone Press",2015,"North Mankato, Minnesota",Book,"Book::Belle Cooledge Children's Area: CHILDREN 133.1 C713 2015 - On Shelf,Book::Courtland Children's Area: CHILDREN 133.1 C713 2015 - Checked Out,Book::Fair Oaks Children's Area: CHILDREN 133.1 C713 2015 - Checked Out"
https://catalog.saclibrary.org/GroupedWork/58ab184d-f2e7-c68a-17d3-60419ad7ad16-eng,"Brigid's cloak: an ancient Irish story","Milligan, Bryce, 1953-",9781451764147,,"Eerdmans Books for Young Readers",2002,"Grand Rapids, MI",Book,"Book::South Natomas Children's Area: CHILDREN 398.2 M654 2002 - On Shelf,Book::North Natomas Children's Area: CHILDREN 398.2 M654 2002 - On Shelf,Book::Rancho Children's Area: CHILDREN 398.2 M654 2002 - Checked Out"
https://catalog.saclibrary.org/GroupedWork/aea01eac-3cfb-5a77-3cc8-0c0c5c4b4d36-eng,"Can you hear the trees talking?: discovering the hidden life of the forest","Wohlleben, Peter, 1964-",9781771644341,,"Greystone Kids; Greystone Books",2019,Vacouver,eAudiobook;eBook;Book,"Book::Central Kids Place - Lower Level: CHILDREN 634.9 W846 2019 - On Shelf,Book::Belle Cooledge Children's Area: CHILDREN 634.9 W846 2019 - On Shelf,Book::Franklin Children's: CHILDREN 634.9 W846 2019 - Checked Out"
https://catalog.saclibrary.org/GroupedWork/86be9087-dbe4-7206-4b7b-1841c4f59011-eng,Seahorses,"Gish, Melissa",9781628324372,,"Creative Education and Creative Paperbacks","2018 - 2024","Mankato, MN; Mankato, Minnesota",Book,"Book::Central Kids Place - Lower Level: CHILDREN 597.6798 G532 2024 - On Shelf,Book::Franklin Children's: CHILDREN 597.6798 G532 2024 - On Shelf,Book::North Natomas Children's Area: CHILDREN 597.6798 G532 2024 - On Shelf"
https://catalog.saclibrary.org/GroupedWork/1441964b-2e04-fc94-80b8-2cd8c1335d15-eng,"What do we know about the Loch Ness monster?","Korté, Steve",9780593519202,,"Books on Tape; Penguin Workshop",2022,"New York",eAudiobook;Book,"Book::Central Kids Place - Lower Level: CHILDREN 001.944 K853 2022 - On Shelf,Book::Belle Cooledge Children's Area: CHILDREN 001.944 K853 2022 - In Transit,Book::Elk Grove Kids' Place: CHILDREN 001.944 K853 2022 - Checked Out"
https://catalog.saclibrary.org/GroupedWork/5d4a689f-e217-2e5f-9739-b5ba3bb7c862-eng,"Pokémon adventures: Emerald. Volume 27","Kusaka, Hidenori",9781421535616,,"VIZ Media, LLC",2015,"San Francisco, CA","Graphic Novel/Manga","Graphic Novel/Manga::South Natomas Children's Area: CHILDREN MANGA Pokemon Adventures v.27 - On Shelf,Graphic Novel/Manga::North Sacramento-Hagginwood Children's Area: CHILDREN MANGA Pokemon Adventures v.27 - Checked Out,Graphic Novel/Manga::Orangevale: CHILDREN MANGA Pokemon Adventures v.27 - On Shelf"
https://catalog.saclibrary.org/GroupedWork/fc262b15-5a8f-05e1-8864-fdc2395cd1f6-eng,"My little book of weather","Martin, Claudia",9780711273559,,"Quarto Library, an imprint of The Quarto Group; Quarto Publishing Group USA",2022,"London, United Kingdom","Easy Reader;eBook","Easy Reader::Elk Grove Kids' Place: EASY READER 3 551 M379 2022 - On Shelf,Easy Reader::Franklin Children's: EASY READER 3 551 M379 2022 - Checked Out,Easy Reader::McClatchy Children's Area: EASY READER 3 551 M379 2022 - Checked Out"
https://catalog.saclibrary.org/GroupedWork/c8f2288a-4abf-11b3-4403-6460057a2cc2-eng,"The tapir scientist","Montgomery, Sy",9780547815480,,"Houghton Mifflin Books for Children",2013,Boston,Book,"Book::Orangevale: CHILDREN 599.66 M788 2013 - On Shelf,Book::Pocket-Greenhaven Kids' Place: CHILDREN 599.66 M788 2013 - On Shelf,Book::Valley Hi-North Laguna Children's Area: CHILDREN 599.66 M788 2013 - On Shelf"
https://catalog.saclibrary.org/GroupedWork/eddfe956-af80-71f4-8efc-d4abf518688b-eng,"Oceans in danger!","Green, Alicia",9781546102038,,"Scholastic Inc.; Children's Press, an imprint of Scholastic Inc","2024 - 2025","New York, NY",eBook;Book,"Book::Carmichael Children's Area: CHILDREN 577.7 G795 2025 - On Shelf,Book::Central Kids Place - Lower Level: CHILDREN 577.7 G795 2025 - On Shelf,Book::Colonial Heights Children's Area: CHILDREN 577.7 G795 2025 - On Shelf"
https://catalog.saclibrary.org/GroupedWork/87e13ad4-30c7-46d9-3c39-925352a54f37-eng,"Who was here?: discovering wild animal tracks","Posada, Mia",9781467718714,,"Millbrook Press; Lerner Publishing Group",2014,Minneapolis,eBook;Book,"Book::Fair Oaks Children's Area: CHILDREN 591.479 P855 2014 - On Shelf,Book::North Natomas Children's Area: CHILDREN 591.479 P855 2014 - On Shelf,Book::Pocket-Greenhaven Kids' Place: CHILDREN 591.479 P855 2014 - On Shelf"
https://catalog.saclibrary.org/GroupedWork/756e30dd-6c99-b396-e5a5-12d72afc6e22-eng,"In the past","Elliott, David, 1947-",9780763660734,,"Candlewick Press",2018,"Somerville, Massachusetts",Book,"Book::Arcade Children's Area: OVERSIZE CHILDREN 567 E465 2018 - On Shelf,Book::Carmichael Children's Area: OVERSIZE CHILDREN 567 E465 2018 - On Shelf,Book::Central Kids Place - Lower Level: OVERSIZE CHILDREN 567 E465 2018 - On Shelf"
https://catalog.saclibrary.org/GroupedWork/d00c1c06-2be0-b234-2b08-bb870b891af6-eng,"Our solar system","Simon, Seymour",9780062333797,,"HarperCollins; Harper, an imprint of HarperCollinsPublishers",2014,"New York",eBook;Book,"Book::Belle Cooledge Children's Area: CHILDREN 523.2 S596 2014 - Checked Out,Book::Elk Grove Kids' Place: CHILDREN 523.2 S596 2014 - On Shelf,Book::North Natomas Children's Area: CHILDREN 523.2 S596 2014 - Checked Out"
https://catalog.saclibrary.org/GroupedWork/d7a293f4-ee96-0919-656b-11f7175b0b78-eng,"How do birds find their way?","Gans, Roma, 1894-1996",9781451764406,,HarperCollins,1996,"New York",Book,"Book::Arden-Dimick Children's Area: CHILDREN 598.2525 G199 1996 - Checked Out,Book::Fair Oaks Children's Area: CHILDREN 598.2525 G199 1996 - On Shelf,Book::Franklin Children's: CHILDREN 598.2525 G199 1996 - Checked Out"
https://catalog.saclibrary.org/GroupedWork/e99cee92-3138-f30a-3545-dd4ce834793e-eng,"Crafts for kids who are learning about dinosaurs","Ross, Kathy (Katharine Reynolds), 1948-",9780822568094,,"Lerner Publishing Group|Lerner Publishing Group; Millbrook Press",2008,Minneapolis,eBook;Book,"Book::Belle Cooledge Children's Area: CHILDREN 745.5 R824d 2008 - On Shelf,Book::Woodland Public Library Children's Area: CHILDREN 745.5 Ros 2008 - On Shelf"
https://catalog.saclibrary.org/GroupedWork/fc911382-2561-bc26-a960-4b9b5dc43f35-eng,"Awesome space robots","O'Hearn, Michael, 1972-",9781620657782,,"Capstone Press; Capstone","2013 - 2021","Mankato, Minn",eBook;Book;eAudiobook,"Book::Elk Grove Kids' Place: CHILDREN 629.892 O37 2013 - On Shelf,Book::Isleton Children's Area: CHILDREN 629.892 O37 2013 - On Shelf,Book::Sylvan Oaks Children's Area: CHILDREN 629.892 O37 2013 - On Shelf"
https://catalog.saclibrary.org/GroupedWork/0b5c946c-8454-8d1d-109c-a2d001ae1159-eng,"The radium girls: the scary but true story of the poison that made people glow in the dark","Moore, Kate (Writer and editor)",9781728210346,,"Tantor Media, Inc.; Sourcebooks Inc; Sourcebooks eXplore","2020 - 2022","Naperville, Illinois",eBook;Book;eAudiobook,"Book::Colonial Heights Children's Area: CHILDREN 363.179908 M822 2020 - On Shelf,Book::Franklin Children's: CHILDREN 363.179908 M822 2020 - On Shelf,Book::North Natomas Children's Area: CHILDREN 363.179908 M822 2020 - On Shelf"
https://catalog.saclibrary.org/GroupedWork/43afc736-6c87-775e-5616-b0eb24e3fa97-eng,"You and the bowerbird","Gianferrari, Maria",9781250849878,,"Roaring Brook Press",2023,"New York, NY",eBook;Book,"Book::Central Kids Place - Lower Level: CHILDREN 598 G433 2023 - On Shelf,Book::Elk Grove Kids' Place: CHILDREN 598 G433 2023 - On Shelf,Book::North Natomas Children's Area: CHILDREN 598 G433 2023 - On Shelf"
https://catalog.saclibrary.org/GroupedWork/24b6c246-b075-7515-955a-ac028b4eeae9-eng,"Tales of wisdom & wonder","Lupton, Hugh",9781901223095,,"Barefoot Books","1998 - 2019","Kingswood, Bristol, U.K",eBook;Book,"Book::Southgate Children's Area: CHILDREN 398.2 L966 1998 - On Shelf,Book::Sutter County Main Branch Children's Area: CHILDREN 398.2 LUP - On Shelf"
https://catalog.saclibrary.org/GroupedWork/b0e9412f-e757-3595-9ffb-5676403c3dc4-eng,"Operation pangolin: saving the world's only scaled mammal","Eszterhas, Suzi",9781728442952,,"Millbrook Press; Lerner Publishing Group","2022 - 2023",Minneapolis,eBook;Book;eAudiobook,"Book::Central Kids Place - Lower Level: CHILDREN 591.68 E829 2023 - On Shelf,Book::Fair Oaks Children's Area: CHILDREN 591.68 E829 2023 - On Shelf,Book::Franklin Children's: CHILDREN 591.68 E829 2023 - On Shelf"
https://catalog.saclibrary.org/GroupedWork/5443c744-393a-d042-cfc5-506d6b4516b5-eng,"Above, below and long ago: animals, plants and fossils in hidden places","Bright, Michael",9781459842137,,"Orca Book Publishers",2025,"[Victoria, British Columbia]",eBook;Book,"Book::Central Kids Place - Lower Level: CHILDREN 560 B855 2025 - On Shelf,Book::Elk Grove Kids' Place: CHILDREN 560 B855 2025 - Checked Out,Book::Galt Children's Area: CHILDREN 560 B855 2025 - On Shelf"
https://catalog.saclibrary.org/GroupedWork/a8125438-698f-54b0-aeae-3bbb106ee3e4-eng,"The baker's dozen: a colonial American tale","Forest, Heather",9780152004125,,"Harcourt Brace Jovanovich",1988,"San Diego",Book,"Book::Rio Linda Children's Area: CHILDREN 398.2 F716 1988 - On Shelf,Book::Woodland Public Library Children's Area: CHILDREN 398 For - On Shelf"
https://catalog.saclibrary.org/GroupedWork/93e06dea-ba6b-cea1-3a3b-cca07f44ba86-eng,Mars,"Owens, L. L",9781609543839,,"Child's World; The Child's World, Inc.","2011 - 2024","Mankato, MN",eBook;Book,"Book::Carmichael Children's Area: CHILDREN 523.43 O97 2011 - On Shelf,Book::Elk Grove Kids' Place: CHILDREN 523.43 O97 2011 - On Shelf,Book::Sutter County Main Branch Children's Area: CHILDREN 523.43 OWE - Checked Out"
https://catalog.saclibrary.org/GroupedWork/56cdbbd0-bee8-a964-b69c-86bbf9e7e6df-eng,"Energizing science projects with electricity and magnetism","Gardner, Robert, 1929-",9780766025844,,"Enslow Elementary",2006,"Berkeley Heights, N.J",Book,"Book::Rio Linda Children's Area: CHILDREN 537.078 G228 2005 - On Shelf,Book::Folsom Children's Area: CHILDREN 537.078 GAR 2006 - On Shelf"
https://catalog.saclibrary.org/GroupedWork/502934b2-8323-ec14-20d1-1a7f06624a28-eng,"I am we: a story of survival","Booth, Leslie Barnard",9781797226156,,"Chronicle Books",2025,"San Francisco",Book,"Book::Carmichael Children's Area: CHILDREN 598.864 B259 2025 - On Shelf,Book::Central Kids Place - Lower Level: CHILDREN 598.864 B259 2025 - On Shelf,Book::Colonial Heights Children's Area: CHILDREN 598.864 B259 2025 - On Shelf"
https://catalog.saclibrary.org/GroupedWork/3d19720e-60f5-849a-b069-c31d17f08099-eng,"The secret life of the red fox","Pringle, Laurence, 1935-",9781629792606,,"Astra Publishing House; Boyds Mills Press","2017 - 2021","Honesdale, Pennsylvania",eBook;Book,"Book::Carmichael Children's Area: CHILDREN 599.775 P957 2017 - On Shelf,Book::Central Kids Place - Lower Level: CHILDREN 599.775 P957 2017 - On Shelf,Book::Belle Cooledge Children's Area: CHILDREN 599.775 P957 2017 - On Shelf"
https://catalog.saclibrary.org/GroupedWork/1ee6c95b-63d1-aa66-a1c3-0c20a2d3090a-eng,"The hive detectives: chronicle of a honey bee catastrophe","Burns, Loree Griffin",9780544003262,,"Houghton Mifflin Harcourt; Houghton Mifflin Books for Children; HMH Books for Young Readers",2010,Boston,eBook;Book,"Book::Arcade Children's Area: CHILDREN 638.1 B967 2010 - On Shelf,Book::North Natomas Children's Area: CHILDREN 638.1 B967 2010 - On Shelf,Book::Stonyford Branch Library Juvenile Collection: J 638.1 B - On Shelf"
https://catalog.saclibrary.org/GroupedWork/b49d6b2b-e9c2-6ba8-93e0-1984d8d627b8-eng,"The secret world of plants","Hoare, Ben",9780744059830,,"DK Publishing",2022,"New York, NY",Book,"Book::Fair Oaks Children's Area: CHILDREN 580 H679 2022 - Checked Out,Book::Rancho Children's Area: CHILDREN 580 H679 2022 - Checked Out,Book::Valley Hi-North Laguna Children's Area: CHILDREN 580 H679 2022 - On Shelf"
https://catalog.saclibrary.org/GroupedWork/69e6d031-d858-3411-3bf3-6f641be9076a-eng,"Yo-kai watch: 1, Nate's lucky day","Konishi, Noriyuki",9781421582511,,"VIZ Media, LLC",2015,"San Francisco, CA","Graphic Novel/Manga","Graphic Novel/Manga::Valley Hi-North Laguna Children's Area: CHILDREN MANGA Yo-kai Watch v.1 - On Shelf,Graphic Novel/Manga::Folsom Children's Area: CHILDREN MANGA Konishi, N. v.1 - Checked Out"
https://catalog.saclibrary.org/GroupedWork/e570393b-0058-db73-0dab-ed6257ef1b77-eng,"The water dragon: a Chinese legend; retold in English and Chinese","Li, Jian",9781602209787,,"Better Link Press",2012,"New York",Book,"Book::Belle Cooledge Children's Area: CHILDREN 398.24 J611 2012 - On Shelf,Book::Elk Grove Kids' Place: CHILDREN 398.24 J611 2012 - On Shelf,Book::South Natomas Children's Area: CHILDREN 398.24 J611 2012 - On Shelf"
https://catalog.saclibrary.org/GroupedWork/39c70fdd-ba69-41e8-da48-9e9e9b84af3a-eng,"Once in a Blue Moon: nature's rarest events and best-kept secrets","Hawkins, Emily",9780711294240,,"Wide Eyed Editions",2025,"London, England",eBook;Book,"Book::Carmichael Children's Area: OVERSIZE CHILDREN 550 H393 2025 - Checked Out,Book::Colonial Heights Children's Area: OVERSIZE CHILDREN 550 H393 2025 - On Shelf,Book::Elk Grove Kids' Place: OVERSIZE CHILDREN 550 H393 2025 - In Transit"
https://catalog.saclibrary.org/GroupedWork/c3be112d-d473-c41f-7b9d-cf05b3af994f-eng,"Snow leopards","Shaffer, Lindsay",9780531244807,,"Bellwether Media",2020,"Minneapolis, MN","Easy Reader;eBook","Easy Reader::Carmichael Children's Area: EASY READER 2 599.7555 S525 2020 - On Shelf,Easy Reader::Belle Cooledge Children's Area: EASY READER 2 599.7555 S525 2020 - On Shelf,Easy Reader::Elk Grove Kids' Place: EASY READER 2 599.7555 S525 2020 - Checked Out"
https://catalog.saclibrary.org/GroupedWork/8a1701db-e277-06cb-1764-f86a6f2531d5-eng,"Strange Japanese Yokai: a guide to weird and wonderful monsters, demons and spirits","Murakami, Kenji, 1968-",9784805317235,,"Tuttle Publishing",2023,"Rutland, Vermont",Book,"Book::Central Teen Area - 3rd Floor: TEEN 398.20952 M972 2023 - On Shelf,Book::Belle Cooledge Teen Area: TEEN 398.20952 M972 2023 - On Shelf,Book::Courtland Teen Area: TEEN 398.20952 M972 2023 - On Shelf"
https://catalog.saclibrary.org/GroupedWork/a1bf7192-0675-07b5-d249-83399e5450fc-eng,"Professor Cook's mind-blowing baking","Brash, Lorna",9780766043039,,"Enslow Publishers, Inc",2012,"Berkeley Heights, NJ",Book,"Book::Arcade Children's Area: CHILDREN 641.5 B823p1 2012 - On Shelf,Book::North Natomas Children's Area: CHILDREN 641.5 B823p1 2012 - On Shelf"
https://catalog.saclibrary.org/GroupedWork/bae1334e-46e0-88f0-cea1-54ff738b2560-eng,"A really short history of nearly everything","Bryson, Bill",9780385738101,,"Delacorte Press",2008,"[United States]",Book,"Book::Central Kids Place - Lower Level: CHILDREN 509 B916 2008 - On Shelf,Book::Woodland Public Library Children's Area: CHILDREN 509 Bry 2009 - On Shelf"
https://catalog.saclibrary.org/GroupedWork/dfca453f-f640-6354-1f49-f734d73fd853-eng,"The museum on the moon: the curious objects on the lunar surface","Latham, Irene",9781638192039,,"Moon Shower, an imprint of Bushel & Peck Books",2023,"Fresno, California",Book,"Book::Central Kids Place - Lower Level: CHILDREN 523.3 L352 2023 - On Shelf,Book::South Natomas Children's Area: CHILDREN 523.3 L352 2023 - On Shelf,Book::Pocket-Greenhaven Kids' Place: CHILDREN 523.3 L352 2023 - On Shelf"
https://catalog.saclibrary.org/GroupedWork/3dd46e43-ef42-441f-07d8-9e63ff6c6783-eng,"History's secrets of the air and sea","Hansen, Grace",9781098242305,,"DiscoverRoo, an imprint of Pop!",2023,"Minneapolis, Minnesota",Book,"Book::Arcade Children's Area: CHILDREN 001.94 H249 2023 - On Shelf,Book::North Natomas Children's Area: CHILDREN 001.94 H249 2023 - On Shelf,Book::Rancho Children's Area: CHILDREN 001.94 H249 2023 - On Shelf"
https://catalog.saclibrary.org/GroupedWork/1aea7214-ab6d-d302-ea44-f7dfc0e5420b-eng,"Fairy tail: Vol. 25","Mashima, Hiro, 1977-",9781612622675,,"Kodansha Comics; Kodansha USA",2013,"New York","Graphic Novel/Manga;eComic","Graphic Novel/Manga::Elk Grove Teen Area: TEEN MANGA Fairy Tail v.25 - On Shelf,Graphic Novel/Manga::Galt Teen Area: TEEN MANGA Fairy Tail v.25 - On Shelf,Graphic Novel/Manga::South Natomas Teen Area: TEEN MANGA Fairy Tail v.25 - On Shelf"
https://catalog.saclibrary.org/GroupedWork/42948016-6dfe-f0f5-ec72-4f83d1b2bc03-eng,"The snowy owl scientist","Wilson, Mark, 1959-",9780358329596,,"Clarion Books; Clarion Books, an imprint of HarperCollinsPublishers; HarperCollins",2022,Boston,eAudiobook;Book;eBook,"Book::Arcade Children's Area: CHILDREN 598.97 W751 2022 - On Shelf,Book::Carmichael Children's Area: CHILDREN 598.97 W751 2022 - On Shelf,Book::Central Kids Place - Lower Level: CHILDREN 598.97 W751 2022 - On Shelf"
https://catalog.saclibrary.org/GroupedWork/5656f844-799b-0fd0-4a12-0e597aa88ef0-eng,"An Egyptian tomb: [the tomb of Nebamun]","Hooper, Meredith",9781554073740,,"Firefly Books",2008,"Richmond Hill, Ont",Book,"Book::Carmichael Children's Area: CHILDREN 932.01 N358zh 2008 - On Shelf"
https://catalog.saclibrary.org/GroupedWork/d6d1e77b-e7a0-ffa4-c727-69e7e2eca4be-eng,"Pit viper","Kim, Carol",9781641566087,,"Rourke Educational Media","2018 - 2019","North Mankato, Minnesota",eBook;Book,"Book::Carmichael Children's Area: CHILDREN 597.963 K491p 2019 - On Shelf,Book::South Natomas Children's Area: CHILDREN 597.963 K491p 2019 - On Shelf,Book::North Natomas Children's Area: CHILDREN 597.963 K491p 2019 - On Shelf"
https://catalog.saclibrary.org/GroupedWork/8a8f167c-08e3-3700-7c9d-c53b28a9b425-eng,"Secret stories of nature: a field guide to uncover our planet's past","Gwinn, Saskia",9780711280366,,"Wide Eyed Editions",2023,"Beverly, MA",eBook;Book,"Book::Carmichael Children's Area: CHILDREN 508 G994 2023 - On Shelf,Book::Central Kids Place - Lower Level: CHILDREN 508 G994 2023 - On Shelf,Book::Belle Cooledge Children's Area: CHILDREN 508 G994 2023 - On Shelf"
https://catalog.saclibrary.org/GroupedWork/05ad5c28-740b-30a9-6a2c-99d54257edba-eng,"The dragon atlas: legendary dragons of the world","Claybourne, Anna",9781510230606,,"Laurence King",2024,London,Book,"Book::Central Kids Place - Lower Level: J 398.24.54 Claybourne - Checked Out,Book::McKinley Children's Area: J 398.24.54 Claybourne - On Shelf,Book::North Natomas Children's Area: J 398.24.54 Claybourne - On Shelf"
https://catalog.saclibrary.org/GroupedWork/d8007103-748b-7e64-e6cc-4f7ace5571c7-eng,"The Maine coon's haiku: and other poems for cat lovers","Rosen, Michael J., 1954-",9780763664923,,"Candlewick Press",2015,"Somerville, Massachusetts",Book,"Book::Central Kids Place - Lower Level: CHILDREN 811.54 R8132m 2015 - On Shelf,Book::Belle Cooledge Children's Area: CHILDREN 811.54 R8132m 2015 - On Shelf,Book::Pocket-Greenhaven Kids' Place: CHILDREN 811.54 R8132m 2015 - On Shelf"
https://catalog.saclibrary.org/GroupedWork/3254213c-4b68-5a3d-0bd1-c1c6ec7ffe8c-eng,Scranimals,"Prelutsky, Jack",9780688178208,,"Greenwillow Books","2002 - 2007","New York",Book;eAudiobook,"Book::North Natomas Children's Area: CHILDREN 811 P424s2 2002 - On Shelf,Book::Rio Linda Children's Area: CHILDREN 811 P424s2 2002 - On Shelf,Book::Sylvan Oaks Children's Area: CHILDREN 811 P424s2 2002 - On Shelf"
https://catalog.saclibrary.org/GroupedWork/401fb24e-5b96-c3f5-4790-dbffb14630ea-eng,"American murderer: the parasite that haunted the South","Jarrow, Gail",9781684378159,,"Recorded Books, Inc.; Astra Publishing House; Calkins Creek, an imprint of Astra Books for Young Readers","2022 - 2023","New York",eAudiobook;eBook;Book,"Book::Central Kids Place - Lower Level: CHILDREN 616.9654 J379 2022 - On Shelf,Book::Belle Cooledge Children's Area: CHILDREN 616.9654 J379 2022 - Checked Out,Book::Franklin Children's: CHILDREN 616.9654 J379 2022 - On Shelf"
https://catalog.saclibrary.org/GroupedWork/20277bf5-b0de-1e45-8b71-34636c08ebef-eng,"Deep sea creatures: Adapting to the abyss","Lawrence, Mike",9781250841292,,"First Second",2025,"New York","Graphic Novel/Manga;eComic","Graphic Novel/Manga::Carmichael Children's Area: CHILDREN GRAPHIC 591.77 L422 2025 - Checked Out,Graphic Novel/Manga::Central Kids Place - Lower Level: CHILDREN GRAPHIC 591.77 L422 2025 - Checked Out,Graphic Novel/Manga::Elk Grove Kids' Place: CHILDREN GRAPHIC 591.77 L422 2025 - Checked Out"
https://catalog.saclibrary.org/GroupedWork/726dc9bf-2944-64a7-7ad1-54a1b2a13263-eng,"Barefoot books: amazing places","Colombo, Miralda",9781646860678,,"Barefoot Books",2020,"Cambridge, MA",Book,"Book::Carmichael Children's Area: CHILDREN 910 C718 2020 - Checked Out,Book::Elk Grove Kids' Place: CHILDREN 910 C718 2020 - On Shelf,Book::Pocket-Greenhaven Kids' Place: CHILDREN 910 C718 2020 - On Shelf"
https://catalog.saclibrary.org/GroupedWork/68d3b06f-4c68-a92c-d783-ac33c5cbe69e-eng,"World of Wonder: Mountains","Guillain, Charlotte",9780711243545,,"words & pictures, an imprint of The Quarto Group",2020,"Mission Viejo, CA",Book,"Book::Franklin Children's: OVERSIZE CHILDREN 577.53 G957 2020 - On Shelf,Book::Isleton Children's Area: OVERSIZE CHILDREN 577.53 G957 2020 - On Shelf,Book::McKinley Children's Area: OVERSIZE CHILDREN 577.53 G957 2020 - On Shelf"
https://catalog.saclibrary.org/GroupedWork/130c0928-488a-9285-b233-4ca9228c6494-eng,"What was the Hindenburg?","Pascal, Janet B",9780448481197,,"Grosset & Dunlap, an Imprint of Penguin Group (USA) LLC; Grosset & Dunlap/Penguin Group; Books on Tape; Penguin Young Readers Group","2014 - 2021","New York",eAudiobook;eBook;Book,"Book::Carmichael Children's Area: CHILDREN 629.13324 P278 2014 - Checked Out,Book::North Natomas Children's Area: CHILDREN 629.13324 P278 2014 - In Transit,Book::Rancho Children's Area: CHILDREN 629.13324 P278 2014 - On Hold Shelf"
https://catalog.saclibrary.org/GroupedWork/7d652a0f-91ff-3c30-ffbd-9e4dd1d6712c-eng,"Sometimes you have to say no: how to set and respect limitations","Geisler, Dagmar, 1958-",9781510777033,,"Sky Pony Press; Sky Pony",2024,"New York, NY",eBook;Book,"Book::Central Kids Place - Lower Level: CHILDREN 152.4 G313 2024 - On Shelf,Book::Fair Oaks Children's Area: CHILDREN 152.4 G313 2024 - On Shelf,Book::Franklin Children's: CHILDREN 152.4 G313 2024 - On Shelf"
https://catalog.saclibrary.org/GroupedWork/d64ec4ea-92bf-1874-d593-28891f4bb43f-eng,"Charles Darwin's around-the-world adventure","Thermes, Jennifer",9781419721205,,"Abrams; ABRAMS; Abrams Books for Young Readers",2016,"New York",eBook;Book,"Book::Belle Cooledge Children's Area: CHILDREN 508.092 D228zt 2016 - On Shelf,Book::Valley Hi-North Laguna Children's Area: CHILDREN 508.092 D228zt 2016 - On Shelf,Book::Sutter County Main Branch Children's Area: CHILDREN 508.092 THE - On Shelf"
https://catalog.saclibrary.org/GroupedWork/6edfde46-f61a-4056-4ebf-923283ac81d5-eng,"The lost book of adventure",,9781786032720,,"Frances Lincoln Children's Books",2019,"Minneapolis, MN",Book,"Book::Belle Cooledge Children's Area: CHILDREN 613.69 K624 2019 - Checked Out,Book::Franklin Children's: CHILDREN 613.69 K624 2019 - OFF CAMPUS,Book::Isleton Children's Area: CHILDREN 613.69 K624 2019 - On Shelf"
https://catalog.saclibrary.org/GroupedWork/a674c885-f684-81b9-efc8-050b69375fd3-eng,"Where are the Great Pyramids?","Hoobler, Dorothy",9780448484099,,"Grosset & Dunlap, an imprint of Penguin Random House; Penguin Young Readers Group",2015,"New York, New York",eBook;Book,"Book::Carmichael Children's Area: CHILDREN 932.012 H776 2015 - On Shelf,Book::Central Kids Place - Lower Level: CHILDREN 932.012 H776 2015 - On Shelf,Book::Elk Grove Kids' Place: CHILDREN 932.012 H776 2015 - Checked Out"
https://catalog.saclibrary.org/GroupedWork/c08a929c-aa90-c3e4-0422-a303bc6d300e-eng,"The daring book for girls","Buchanan, Andrea J",9780062208965,,"William Morrow; Collins; HarperCollins; HarperAudio","2007 - 2012","New York",eBook;Book,"Book::Belle Cooledge Children's Area: CHILDREN 790.194 B918 2012 - On Shelf,Book::McKinley Children's Area: CHILDREN 790.194 B918 2012 - Checked Out"
https://catalog.saclibrary.org/GroupedWork/95f5ec7e-fc2f-9456-8350-7d37f5ae79c4-eng,"Amelia Earhart","Stone, Tanya Lee",9781435200494,,"DK Publishing",2007,"New York; London",Book,"Book::Colonial Heights Children's Area: CHILDREN BIOGRAPHY Earhart, A. 2007 - On Shelf,Book::Belle Cooledge Children's Area: CHILDREN BIOGRAPHY Earhart, A. 2007 - On Shelf"
https://catalog.saclibrary.org/GroupedWork/c6f2cb4a-a83e-eab7-5882-ed8cc82b3ea3-eng,"One long line: marching caterpillars and the scientists who followed them","Burns, Loree Griffin",9781536228687,,"Mit Kids Press",2024,"Sommerville, Massachusetts",Book,"Book::Carmichael Children's Area: CHILDREN 595.78139 B967 2024 - On Shelf,Book::Central Kids Place - Lower Level: CHILDREN 595.78139 B967 2024 - On Shelf,Book::Franklin Children's: CHILDREN 595.78139 B967 2024 - On Shelf"
https://catalog.saclibrary.org/GroupedWork/f58c382f-bb8c-ae3f-1712-d5108f37cdd9-eng,"At home in her tomb: Lady Dai and the ancient Chinese treasures of Mawangdui","Liu-Perkins, Christine",9781580893701,,Charlesbridge,2014,"Watertown, MA",Book,"Book::North Sacramento-Hagginwood Children's Area: CHILDREN 931 L783 2014 - On Shelf,Book::Pocket-Greenhaven Kids' Place: CHILDREN 931 L783 2014 - On Shelf,Book::Rio Linda Children's Area: CHILDREN 931 L783 2014 - On Shelf"
https://catalog.saclibrary.org/GroupedWork/0e39b9f9-b6d7-a078-89bd-d3753f0c9b53-eng,"Giant panda: a first field guide to the bamboo-loving bear from China","Hull, Vanessa",9781684492213,,"Neon Squid; Macmillan Audio","2022 - 2023","New York, NY",eAudiobook;Book,"Book::Carmichael Children's Area: CHILDREN 599.789 H913 2022 - On Shelf,Book::Central Kids Place - Lower Level: CHILDREN 599.789 H913 2022 - On Shelf,Book::Elk Grove Kids' Place: CHILDREN 599.789 H913 2022 - On Shelf"
https://catalog.saclibrary.org/GroupedWork/259b2e26-34c8-add1-4ad1-65ac1ed490bc-eng,Earthquakes,"Branley, Franklyn M. (Franklyn Mansfield), 1915-2002",9780062382023,,"HarperCollins Children's Books; HarperCollins",2015,"New York",eBook;Book,"Book::Carmichael Children's Area: CHILDREN 551.22 B821 2015 - On Shelf,Book::North Natomas Children's Area: CHILDREN 551.22 B821 2015 - On Shelf"
https://catalog.saclibrary.org/GroupedWork/d05acdda-f7c2-dde8-2419-8f0847faa38b-eng,"Narwhal: the Arctic unicorn","Anderson, Justin",9781536225129,,"Dreamscape Media; Candlewick Press",2022,"somerville, Massachusetts",eAudiobook;Book;eBook,"Book::Carmichael Children's Area: CHILDREN 578 A547 2022 - On Shelf,Book::Central Kids Place - Lower Level: CHILDREN 578 A547 2022 - On Shelf,Book::Elk Grove Kids' Place: CHILDREN 578 A547 2022 - On Shelf"
https://catalog.saclibrary.org/GroupedWork/9ccf28ca-bdaf-a6a8-f579-3b474e555342-eng,"Pokémon Omega Ruby Alpha Sapphire: vol. 1","Kusaka, Hidenori",9781421590707,,"VIZ Media, LLC",2016,"San Francisco, CA","Graphic Novel/Manga","Graphic Novel/Manga::Elk Grove Kids' Place: CHILDREN MANGA Pokemon Omega v.1 - On Shelf,Graphic Novel/Manga::Fair Oaks Children's Area: CHILDREN MANGA Pokemon Omega v.1 - Checked Out,Graphic Novel/Manga::North Natomas Children's Area: CHILDREN MANGA Pokemon Omega v.1 - On Hold Shelf"
https://catalog.saclibrary.org/GroupedWork/31f54ee9-a219-2fe7-a5d5-063c1d0c6f39-eng,"Secret American people: from secret societies to secret agents","Forest, Christopher",9781429633611,,"Capstone Press",2010,"Mankato, Minn",Book,"Book::Arcade Children's Area: CHILDREN 366.0973 F716 2010 - On Shelf"
https://catalog.saclibrary.org/GroupedWork/549de9e5-212e-684f-3927-984d1a9d7805-eng,"Tales of the night sky: stories of stars from around the world","Keefe, Corinna",9781398844438,,"Arcturus Publishing Limited",2024,London,Book,"Book::Arcade Children's Area: CHILDREN 398.2 K261 2024 - On Shelf,Book::Carmichael Children's Area: CHILDREN 398.2 K261 2024 - On Shelf,Book::Central Kids Place - Lower Level: CHILDREN 398.2 K261 2024 - On Shelf"
https://catalog.saclibrary.org/GroupedWork/c3add45e-3b29-9869-8d59-79a4ad5d4758-eng,"A new journey","March, Julia",9780593959985,,DK,2025,"New York, NY","Easy Reader","Easy Reader::Carmichael Children's Area: EASY READER 1 Pokemon - Checked Out,Easy Reader::Central Kids Place - Lower Level: EASY READER 1 Pokemon - Checked Out,Easy Reader::Colonial Heights Children's Area: EASY READER 1 Pokemon - On Shelf"
https://catalog.saclibrary.org/GroupedWork/0f1c765d-14b2-572b-eeec-22c11735da48-eng,"Look at these landforms!: explore the breathtaking variety of landforms that shape our planet--from deep sea trenches, to vast plateaus, to the highest mountains on Earth","Day, Nancy Raines",9780593962589,,DK,2025,"New York, NY",Book,"Book::Central Kids Place - Lower Level: CHILDREN 551 L863 2025 - On Shelf,Book::Courtland Children's Area: CHILDREN 551 L863 2025 - In Transit,Book::North Natomas Children's Area: CHILDREN 551 L863 2025 - On Shelf"
https://catalog.saclibrary.org/GroupedWork/19065a85-cad2-bee4-f501-97869d7ec74d-eng,Jupiter,"Rathburn, Betsy",9781626179721,,"Bellwether Media",2019,"Minneapolis, MN",eBook;Book,"Book::Arcade Children's Area: CHILDREN 523.45 R234 2019 - On Shelf,Book::Carmichael Children's Area: CHILDREN 523.45 R234 2019 - On Shelf,Book::North Natomas Children's Area: CHILDREN 523.45 R234 2019 - On Shelf"
https://catalog.saclibrary.org/GroupedWork/93662c00-0ec8-df98-e8cb-23c7e5c22f8f-eng,"Professor Cook's dynamite dinners","Brash, Lorna",9780766043015,,"Enslow Publishers, Inc",2012,"Berkeley Heights, NJ",Book,"Book::Colonial Heights Children's Area: CHILDREN 641.54 B823 2012 - In Transit,Book::Del Paso Heights Children's Area: CHILDREN 641.54 B823 2012 - On Shelf,Book::Franklin Children's: CHILDREN 641.54 B823 2012 - On Shelf"
https://catalog.saclibrary.org/GroupedWork/4173cd29-b814-2ae4-c2d2-75277c935eb8-eng,"Gotham Academy: Volume 1, Welcome to Gotham Academy","Cloonan, Becky",9781401254728,,"DC Comics",2015,"Burbank, CA","Graphic Novel/Manga;eComic","Graphic Novel/Manga::Carmichael Teen Area: TEEN GRAPHIC NOVEL Gotham Academy v.1 - On Shelf,Graphic Novel/Manga::Rio Linda Teen Area: TEEN GRAPHIC NOVEL Gotham Academy v.1 - On Shelf,Graphic Novel/Manga::Sacramento Public Library Storage: TEEN GRAPHIC NOVEL Gotham Academy v.1 - On Shelf"
https://catalog.saclibrary.org/GroupedWork/ecceab19-e84a-155e-b53f-e5b45bd5344d-eng,"Pokémon adventures: Volume 2","Kusaka, Hidenori",9781421530550,,"Viz Media",2009,"San Francisco, CA","Graphic Novel/Manga","Graphic Novel/Manga::Carmichael Children's Area: CHILDREN MANGA Pokemon Adventures v.2 - Checked Out,Graphic Novel/Manga::Elk Grove Kids' Place: CHILDREN MANGA Pokemon Adventures v.2 - Checked Out,Graphic Novel/Manga::Franklin Children's: CHILDREN MANGA Pokemon Adventures v.2 - Checked Out"
https://catalog.saclibrary.org/GroupedWork/3488fc27-58a5-642c-afab-3b8a0e56850f-eng,"Maps of the world's oceans: an illustrated children's atlas to the seas and all the creatures and plants that live there","Lavagno, Enrico, 1962-",9780762467976,,"Black Dog & Leventhal Publishers; Workman Kids",2019,"New York",eBook;Book,"Book::Carmichael Children's Area: OVERSIZE CHILDREN 940.1 R718 2019 - On Shelf,Book::Central Kids Place - Lower Level: OVERSIZE CHILDREN 940.1 R718 2019 - On Shelf,Book::Valley Hi-North Laguna Children's Area: OVERSIZE CHILDREN 940.1 R718 2019 - Checked Out"
https://catalog.saclibrary.org/GroupedWork/a3112ebe-66f9-6a64-d6a1-12fd69ad9710-eng,"Giant squid","Fleming, Candace",9781596435995,,"Roaring Brook Press",2016,"New York",Book,"Book::Carmichael Children's Area: OVERSIZE CHILDREN 594.58 R738 2016 - On Shelf,Book::Sutter County Main Branch Children's Area: PICTURE BOOK Fleming, C. - On Shelf"
https://catalog.saclibrary.org/GroupedWork/b9520b07-52e0-665a-6f7a-12364ea20512-eng,"Secret American history: from witch trials to internment camps","Pearl, Norman",9781429633604,,"Edge Books",2010,"Mankato, Minn",Book,"Book::Carmichael Children's Area: CHILDREN 973 P359 2010 - On Shelf"
https://catalog.saclibrary.org/GroupedWork/6cc8e611-3a96-48d1-8bf6-4f0da17dc697-eng,"Why Longfellow lied: the truth about Paul Revere's midnight ride","Lantos, Jeff",9781580899338,,Charlesbridge,2021,"Watertown, MA",Book,"Book::Carmichael Children's Area: CHILDREN 811.3 L296 2021 - On Shelf,Book::McKinley Children's Area: CHILDREN 811.3 L296 2021 - On Shelf,Book::North Natomas Children's Area: CHILDREN 811.3 L296 2021 - On Shelf"
https://catalog.saclibrary.org/GroupedWork/bd9a74fc-fbda-b833-96d1-bac65f7e0258-eng,"The principal strikes back","Krosoczka, Jarrett",9781338188240,,"Scholastic Inc",2018,"New York, NY","Graphic Novel/Manga","Graphic Novel/Manga::McKinley Children's Area: CHILDREN GRAPHIC NOVEL Star Wars - On Shelf,Graphic Novel/Manga::North Natomas Children's Area: CHILDREN GRAPHIC NOVEL Star Wars - On Shelf,Graphic Novel/Manga::Pocket-Greenhaven Kids' Place: CHILDREN GRAPHIC NOVEL Star Wars - Checked Out"
https://catalog.saclibrary.org/GroupedWork/e84bb5b4-adb1-33bc-17a3-439fd426a1ff-eng,"The king with horse's ears and other Irish folktales","Burns, Batt",9781402737725,,"Sterling Pub. Co",2009,"New York",Book,"Book::Rancho Children's Area: CHILDREN 398.2 B967 2009 - On Shelf,Book::Valley Hi-North Laguna Children's Area: CHILDREN 398.2 B967 2009 - On Shelf,Book::Folsom Children's Area: CHILDREN 398.2094 BUR 2009 - On Shelf"
https://catalog.saclibrary.org/GroupedWork/d57b8303-ee38-1ced-c7b4-6e757c2dc225-eng,"Greatest magical stories",,9781438050232,,"Barron's Educational Series, Inc",2018,"Hauppauge, NY",Book,"Book::Pocket-Greenhaven Kids' Place: CHILDREN 398.2 M871 2018 - On Shelf,Book::Valley Hi-North Laguna Children's Area: CHILDREN 398.2 M871 2018 - On Shelf"
https://catalog.saclibrary.org/GroupedWork/b35e702c-d095-c7bb-a3eb-706e4c9d410e-eng,Venus,"Rathburn, Betsy",9781626179806,,"Bellwether Media",2019,"Minneapolis, MN",eBook;Book,"Book::Arcade Children's Area: CHILDREN 523.42 R234 2019 - On Shelf,Book::Carmichael Children's Area: CHILDREN 523.42 R234 2019 - On Shelf,Book::North Sacramento-Hagginwood Children's Area: CHILDREN 523.42 R234 2019 - On Shelf"
https://catalog.saclibrary.org/GroupedWork/55f334d5-2072-dac3-3140-cca1b0efc0e3-eng,"The Barefoot book of giants, ghosts and goblins: traditional tales from around the world","Matthews, John, 1948-",9781902283272,,"Barefoot Books",1999,"New York",Book,"Book::Elk Grove Kids' Place: CHILDREN 398.2 M439b 1999 - On Shelf,Book::Sutter County Main Branch Children's Area: CHILDREN 398.2 MAT - On Shelf"
https://catalog.saclibrary.org/GroupedWork/96d72a8f-d6bc-6899-2435-7b70f269736b-eng,"What a rock can reveal: where they come from and what they tell us about our planet","Wei-Haas, Maya",9781838667900,,"Phaidon Press Inc",2024,"New York",Book,"Book::Carmichael Children's Area: CHILDREN 552 W415 2024 - On Shelf,Book::Central Kids Place - Lower Level: CHILDREN 552 W415 2024 - OFF CAMPUS,Book::Belle Cooledge Children's Area: CHILDREN 552 W415 2024 - Checked Out"
https://catalog.saclibrary.org/GroupedWork/46b02e2f-3260-22fe-08d6-d797de539a30-eng,Aliens,"Murray, Laura K., 1989-",9781628323672,,"Creative Education/Creative Paperbacks",2017,"Mankato, Minnesota",Book,"Book::Franklin Children's: CHILDREN 001.942 M981 2017 - On Shelf,Book::North Natomas Children's Area: CHILDREN 001.942 M981 2017 - On Shelf,Book::Rancho Children's Area: CHILDREN 001.942 M981 2017 - On Shelf"
https://catalog.saclibrary.org/GroupedWork/9c03e80a-ecc5-eb36-929c-d9fc884cf6fc-eng,"Animal abilities","Santos, Tracie",9781731648372,,"Rourke Educational Media, a division of Carson Dellosa Education; Rourke Educational Media","2021 - 2022","[Vero Beach, Florida]",eBook;Book,"Book::Central Kids Place - Lower Level: CHILDREN 590 S237 2022 - On Shelf,Book::Del Paso Heights Children's Area: CHILDREN 590 S237 2022 - On Shelf,Book::McClatchy Children's Area: CHILDREN 590 S237 2022 - On Shelf"
https://catalog.saclibrary.org/GroupedWork/d12a27c0-40af-0f76-4588-2335963b50c1-eng,Jupiter,"Owen, Ruth, 1967-",9781615337262,,"Windmill Books; The Rosen Publishing Group, Inc","2013 - 2014","New York",eBook;Book,"Book::Carmichael Children's Area: CHILDREN 523.45 O97 2014 - On Shelf,Book::Belle Cooledge Children's Area: CHILDREN 523.45 O97 2014 - On Shelf,Book::North Natomas Children's Area: CHILDREN 523.45 O97 2014 - On Shelf"
https://catalog.saclibrary.org/GroupedWork/69980467-bd06-f348-9f34-fae27d32a915-eng,"Beyond words: what wolves and dogs think and feel","Safina, Carl, 1955-",9781250144652,,"Roaring Brook Press",2020,"New York",eBook;Book,"Book::Carmichael Children's Area: CHILDREN 591.56 S128 2020 - On Shelf,Book::Isleton Children's Area: CHILDREN 591.56 S128 2020 - On Shelf,Book::South Natomas Children's Area: CHILDREN 591.56 S128 2020 - On Shelf"
https://catalog.saclibrary.org/GroupedWork/7e0f1210-b3fb-3437-5043-a44908cc7d0f-eng,"Missing Millie Benson: the secret case of the Nancy Drew ghostwriter and journalist","Rubini, Julie",9780821421840,,"Ohio University Press",2015,Athens,Book,"Book::Colonial Heights Children's Area: CHILDREN BIOGRAPHY Benson, M. 2016 - On Shelf,Book::Fair Oaks Children's Area: CHILDREN BIOGRAPHY Benson, M. 2016 - On Shelf,Book::North Natomas Children's Area: CHILDREN BIOGRAPHY Benson, M. 2016 - On Shelf"
https://catalog.saclibrary.org/GroupedWork/7a3e8b71-024c-8aea-1085-292717832b52-eng,"The birth of genetics","Hakim, Joy",9781536222951,,"MITeen Press, an imprint of Candlewick Press",2026,"Somerville, Massachusetts",Book,"Book::Central Teen Area - 3rd Floor: TEEN 576.5 H155 2026 - On Shelf,Book::Del Paso Heights Teen Area: TEEN 576.5 H155 2026 - On Shelf,Book::Fair Oaks Teen Area: TEEN 576.5 H155 2026 - On Shelf"
https://catalog.saclibrary.org/GroupedWork/3644c718-5a4b-c4f5-1f47-6aabecc6e998-eng,"The solar system through infographics","Higgins, Nadia",9781467712897,,"Lerner Publishing Group|Lerner Publishing Group; Lerner Publishing Group; Lerner Publications","2013 - 2018",Minneapolis,eBook;Book,"Book::Carmichael Children's Area: CHILDREN 523.2 H636 2013 - On Shelf,Book::Courtland Children's Area: CHILDREN 523.2 H636 2013 - On Shelf,Book::North Natomas Children's Area: CHILDREN 523.2 H636 2013 - On Shelf"
https://catalog.saclibrary.org/GroupedWork/ac0c9a3c-fd9e-9b0e-1cfc-758c8ec880ab-eng,"The hunter's promise: an Abenaki tale","Bruchac, Joseph, 1942-",9781937786434,,"World Wisdom; Wisdom Tales",2015,"Bloomington, Indiana",eBook;Book,"Book::Courtland Children's Area: CHILDREN 398 B887 2015 - On Shelf,Book::Franklin Children's: CHILDREN 398 B887 2015 - On Shelf,Book::Southgate Children's Area: CHILDREN 398 B887 2015 - On Shelf"
https://catalog.saclibrary.org/GroupedWork/8e908af4-98ab-9d28-8a0e-da1c6ee16acf-eng,"Owls: who gives a hoot?","Backhouse, Frances",9781459835290,,"Orca Book Publishers",2024,"[Victoria, British Columbia]",eBook;Book,"Book::Arcade Children's Area: CHILDREN 598.97 B126 2024 - On Shelf,Book::Central Kids Place - Lower Level: CHILDREN 598.97 B126 2024 - On Shelf,Book::Belle Cooledge Children's Area: CHILDREN 598.97 B126 2024 - On Shelf"
https://catalog.saclibrary.org/GroupedWork/8429cf75-4a6b-0cbe-179e-130fb86b393b-eng,Mercury,"Sommer, Nathan",9781626179745,,"Bellwether Media",2019,"Minneapolis, MN",eBook;Book,"Book::Arcade Children's Area: CHILDREN 523.41 S697 2019 - On Shelf,Book::Colonial Heights Children's Area: CHILDREN 523.41 S697 2019 - On Shelf,Book::North Natomas Children's Area: CHILDREN 523.41 S697 2019 - On Shelf"
https://catalog.saclibrary.org/GroupedWork/8a389575-bbf2-1343-5891-a8225b7c1a03-eng,"Seeking giant sharks: a shark diver's quest for whale sharks, basking sharks, and manta rays","Cerullo, Mary M",9780756549084,,"Compass Point Books, a Capstone imprint; Capstone",2015,"North Mankato, Minnesota",eBook;Book,"Book::Arcade Children's Area: CHILDREN 597.3 C418s 2015 - On Shelf,Book::Carmichael Children's Area: CHILDREN 597.3 C418s 2015 - On Shelf,Book::Central Kids Place - Lower Level: CHILDREN 597.3 C418s 2015 - On Shelf"
https://catalog.saclibrary.org/GroupedWork/d11e3b5b-ddf8-2159-48ca-ea740984c4b6-eng,"What's inside a caterpillar cocoon?: and other questions about moths & butterflies","Ignotofsky, Rachel, 1989-",9780593176573,,"Books on Tape; Crown Books for Young Readers",2023,"New York",eAudiobook;Book,"Book::Carmichael Children's Area: CHILDREN 595.78 I247 2023 - On Shelf,Book::Central Kids Place - Lower Level: CHILDREN 595.78 I247 2023 - On Shelf,Book::Belle Cooledge Children's Area: CHILDREN 595.78 I247 2023 - Checked Out"
https://catalog.saclibrary.org/GroupedWork/93c70103-3ad4-8dd3-0956-24fedc068250-eng,"Target practice","Maihack, Mike",9780545528436,,"Graphix, an imprint of Scholastic",2014,"New York","Graphic Novel/Manga","Graphic Novel/Manga::Belle Cooledge Children's Area: CHILDREN GRAPHIC NOVEL Cleopatra in v.1 - On Shelf,Graphic Novel/Manga::McKinley Children's Area: CHILDREN GRAPHIC NOVEL Cleopatra in v.1 - Checked Out,Graphic Novel/Manga::North Natomas Children's Area: CHILDREN GRAPHIC NOVEL Cleopatra in v.1 - Checked Out"
https://catalog.saclibrary.org/GroupedWork/ebc74e57-f1fa-b6a9-cdbb-60e4b90f8b0d-eng,"The Bermuda Triangle","Gaertner, Meg",9781637381960,,"North Star Editions; Apex",2022,"Mendota Heights",eBook;Book,"Book::Belle Cooledge Children's Area: CHILDREN 001.94 G128 2022 - On Shelf,Book::Elk Grove Kids' Place: CHILDREN 001.94 G128 2022 - On Shelf,Book::Isleton Children's Area: CHILDREN 001.94 G128 2022 - On Shelf"
https://catalog.saclibrary.org/GroupedWork/f4c7fe7a-ec5e-2a4f-9272-3518f513e1d5-eng,"Casey Jones's fireman: the story of Sim Webb","Farmer, Nancy, 1941-",9780803719293,,"Phyllis Fogelman Books",1999,"New York",Book,"Book::Arcade Children's Area: CHILDREN 398.2 F234 1999 - On Shelf"
https://catalog.saclibrary.org/GroupedWork/818d9a17-183f-691d-aa71-7ee587d7bdcb-eng,"Planet Earth","Drimmer, Stephanie Warren",9780531132364,,"Children's Press, an imprint of Scholastic Inc; Scholastic Inc.",2021,"New York",eBook;Book,"Book::Elk Grove Kids' Place: CHILDREN 525 D779 2021 - Checked Out,Book::North Natomas Children's Area: CHILDREN 525 D779 2021 - Checked Out,Book::Pocket-Greenhaven Kids' Place: CHILDREN 525 D779 2021 - On Shelf"
https://catalog.saclibrary.org/GroupedWork/29a3b245-23c6-3e89-8185-8395342e3ccc-eng,"Traveling butterflies","Shing, Susumu, 1937-",9781771471480,,"Owlkids Books Inc",2015,Toronto,Book,"Book::Belle Cooledge Children's Area: CHILDREN 595.789 S556 2012 - On Shelf,Book::Fair Oaks Children's Area: CHILDREN 595.789 S556 2012 - On Shelf,Book::Southgate Children's Area: CHILDREN 595.789 S556 2012 - On Shelf"
https://catalog.saclibrary.org/GroupedWork/2941778c-f9f9-c1a9-75d3-aff25e6634cf-eng,"The unexplained: UFOs","Boardman, Adam Allsuch",9781838749477,,"Flying Eye Books",2025,"United Kingdom",Book,"Book::Central Kids Place - Lower Level: CHILDREN 001.942 B662 2025 - On Shelf,Book::Fair Oaks Children's Area: CHILDREN 001.942 B662 2025 - Checked Out,Book::Pocket-Greenhaven Kids' Place: CHILDREN 001.942 B662 2025 - On Shelf"
https://catalog.saclibrary.org/GroupedWork/4b4e2032-096d-a6cb-3599-7be85bbfc865-eng,"What is the story of Doctor Who?","Cooper, Gabriel P",9781524791070,,"Penguin Workshop",2019,"New York",Book,"Book::Carmichael Children's Area: CHILDREN 791.4575 D637zc 2019 - Checked Out,Book::Fair Oaks Children's Area: CHILDREN 791.4575 D637zc 2019 - On Shelf,Book::Southgate Children's Area: CHILDREN 791.4575 D637zc 2019 - On Shelf"
https://catalog.saclibrary.org/GroupedWork/4e32293d-5fa8-9b47-ee47-4728cc4739df-eng,"Britannica first big book of why","Symes, Sally",9781913750428,,"Britannica Books",2021,"Greenbelt, Maryland",Book,"Book::Central Kids Place - Lower Level: CHILDREN 001 S986 2021 - On Shelf,Book::Belle Cooledge Children's Area: CHILDREN 001 S986 2021 - In Transit,Book::Galt Children's Area: CHILDREN 001 S986 2021 - Checked Out"
https://catalog.saclibrary.org/GroupedWork/10efe6b7-bdd8-85a1-de42-39e9c337d904-eng,"Disney princess. Enchanted worlds: look inside the spellbinding kingdoms","Gilbert, Laura (Publishing editor)",9780593970508,,"DK Publishing, an imprint of Penguin Random House",2025,"New York, NY",Book,"Book::Central Kids Place - Lower Level: CHILDREN 791.4334 D626 2025 - On Shelf,Book::Belle Cooledge Children's Area: CHILDREN 791.4334 D626 2025 - On Shelf,Book::Franklin Children's: CHILDREN 791.4334 D626 2025 - On Shelf"
https://catalog.saclibrary.org/GroupedWork/b05a67c9-81cb-fc91-b1a4-274fb7752d55-eng,"Super ocean weekend: the ultimate underwater adventure","Alméras, Gaëlle",9781778402081,,"David Suzuki Institute / Greystone Kids; Greystone Books",2024,Vancouver,"Graphic Novel/Manga;eComic","Graphic Novel/Manga::Carmichael Children's Area: CHILDREN GRAPHIC 551.46 A452 2024 - On Shelf,Graphic Novel/Manga::North Natomas Children's Area: CHILDREN GRAPHIC 551.46 A452 2024 - On Shelf,Graphic Novel/Manga::North Sacramento-Hagginwood Children's Area: CHILDREN GRAPHIC 551.46 A452 2024 - On Shelf"
https://catalog.saclibrary.org/GroupedWork/3cbf9fe0-dd43-5c6f-260e-8533eb0e9ba0-eng,"Bird detectives: science sleuths and their feathered friends","Rivers, Kristine",9781669010968,,"Capstone Editions, a Capstone imprint; Capstone",2023,"North Mankato, Minnesota",eBook;Book,"Book::Central Kids Place - Lower Level: CHILDREN 598 R622 2023 - On Shelf,Book::North Natomas Children's Area: CHILDREN 598 R622 2023 - On Shelf,Book::Rio Linda Children's Area: CHILDREN 598 R622 2023 - On Shelf"
https://catalog.saclibrary.org/GroupedWork/e2f42efe-5152-b71c-97ed-a74771f7b163-eng,"Secret factopia!: follow the trail of 400 hidden facts","Towler, Paige",9781804661086,,"Britannica Books",2024,"Greenbelt, Maryland",Book,"Book::North Natomas Children's Area: CHILDREN 031 T742 2024 - Checked Out,Book::Rancho Children's Area: CHILDREN 031 T742 2024 - Checked Out,Book::Walnut Grove Children's Area: CHILDREN 031 T742 2024 - Checked Out"
https://catalog.saclibrary.org/GroupedWork/83bc3460-68a9-560f-72bd-8ebc5d2efc92-eng,Nepal,"Burbank, Jon, 1951-",9781502663269,,"Benchmark Books/Marshall Cavendish; Cavendish Square; M. Cavendish","1991 - 2024","New York; Buffalo, NY",Book,"Book::Central Kids Place - Lower Level: CHILDREN 954.96 B946 2024 - On Shelf,Book::Elk Grove Kids' Place: CHILDREN 954.96 B946 2024 - On Shelf,Book::Franklin Children's: CHILDREN 954.96 B946 2024 - Checked Out"
https://catalog.saclibrary.org/GroupedWork/8194f757-f4d1-12f5-c165-685acd18f078-eng,"Pluto and other dwarf planets","Owen, Ruth, 1967-",9781615337309,,"Windmill Books; The Rosen Publishing Group, Inc","2013 - 2014","New York",eBook;Book,"Book::Arcade Children's Area: CHILDREN 523.49 O97 2014 - On Shelf"
https://catalog.saclibrary.org/GroupedWork/3c601cc6-8bc0-1265-5a21-d73bed49b6a5-eng,Wolves,"Strauss, Holden",9781499420234,,"PowerKids Press; The Rosen Publishing Group, Inc","2016 - 2017","New York",eBook;Book,"Book::Carmichael Children's Area: CHILDREN 599.773 S912 2017 - On Shelf,Book::South Natomas Children's Area: CHILDREN 599.773 S912 2017 - On Shelf"
https://catalog.saclibrary.org/GroupedWork/9754fc79-98e6-125e-3cf7-cbdbabe9dcc8-eng,"Amelia Earhart","Prentice, Andrew (Andy)",9781419737411,,"Abrams; Dreamscape Media; Abrams Books for Young Readers",2019,"New York",eBook;Book;eAudiobook,"Book::Carmichael Children's Area: CHILDREN BIOGRAPHY Earhart, A. 2019 - On Shelf,Book::Colonial Heights Children's Area: CHILDREN BIOGRAPHY Earhart, A. 2019 - On Hold Shelf,Book::Folsom Children's Area: CHILDREN BIOGRAPHY Earhart, A. 2019 - On Shelf"
https://catalog.saclibrary.org/GroupedWork/3f04a760-3b6c-869e-bf8e-434e14d44632-eng,"Mazes around the world","Lankford, Mary D",9780688165192,,Collins,2008,"New York",Book,"Book::Sylvan Oaks Children's Area: CHILDREN 302.222 L289 2008 - On Shelf"
https://catalog.saclibrary.org/GroupedWork/e5acb016-8467-daf9-4eb2-b3cecce05746-eng,"Your brain is amazing: how the human mind works","Habinger, Esperanza",9781459832176,,"Orca Book Publishers",2023,"[Victoria, British Columbia]",eBook;Book,"Book::Carmichael Children's Area: CHILDREN 612.82 H116 2023 - On Shelf,Book::Central Kids Place - Lower Level: CHILDREN 612.82 H116 2023 - On Shelf,Book::Belle Cooledge Children's Area: CHILDREN 612.82 H116 2023 - On Shelf"
https://catalog.saclibrary.org/GroupedWork/97cbe5d2-86f3-0133-95a2-b247fdcc312a-eng,"An illustrated treasury of Scottish mythical creatures","Breslin, Theresa",9781782501954,,"Floris Books",2015,Edinburgh,Book,"Book::Arcade Children's Area: CHILDREN 398.2454 B842 2015 - Checked Out,Book::Carmichael Children's Area: CHILDREN 398.2454 B842 2015 - On Shelf,Book::Belle Cooledge Children's Area: CHILDREN 398.2454 B842 2015 - Checked Out"
https://catalog.saclibrary.org/GroupedWork/5838b983-19ad-1cd8-4ae2-31e44e687f9b-eng,"If you went to the bottom of the ocean","McIntyre, Brooke A",9781797226514,,"Chronicle Books LLC",2026,"San Francisco, California",Book,"Book::Arcade Children's Area: CHILDREN 577.77 M478 2026 - On Shelf,Book::Carmichael Children's Area: CHILDREN 577.77 M478 2026 - On Shelf,Book::Belle Cooledge Children's Area: CHILDREN 577.77 M478 2026 - Checked Out"
https://catalog.saclibrary.org/GroupedWork/cc2fa43c-ea9f-45df-b241-a01319aae524-eng,"Bleach: 57, Out of bloom","Kubo, Tite",9781421558820,,"VIZ Media",2013,"San Francisco","Graphic Novel/Manga","Graphic Novel/Manga::Carmichael Teen Area: TEEN MANGA Bleach v.57 - On Shelf,Graphic Novel/Manga::Central Teen Area - 3rd Floor: TEEN MANGA Bleach v.57 - In Transit,Graphic Novel/Manga::Valley Hi-North Laguna Teen Area: TEEN MANGA Bleach v.57 - Checked Out"
https://catalog.saclibrary.org/GroupedWork/4fe96b56-87e7-a830-a09e-0bb60dedbfa2-eng,"Cryptid sea monsters","Halls, Kelly Milner, 1957-",9781632175168,,"Little Bigfoot, an imprint of Sasquatch Books",2025,"Seattle, WA",Book,"Book::Central Kids Place - Lower Level: CHILDREN 001.944 H193 2025 - On Shelf,Book::Belle Cooledge Children's Area: CHILDREN 001.944 H193 2025 - Checked Out,Book::South Natomas Children's Area: CHILDREN 001.944 H193 2025 - On Shelf"
https://catalog.saclibrary.org/GroupedWork/95e25a57-2219-0f1a-e75d-fdc829ed829a-eng,Mars,"Sommer, Nathan",9781626179738,,"Bellwether Media",2019,"Minneapolis, MN",eBook;Book,"Book::Fair Oaks Children's Area: CHILDREN 523.43 S697 2019 - Checked Out,Book::Isleton Children's Area: CHILDREN 523.43 S697 2019 - On Shelf,Book::North Natomas Children's Area: CHILDREN 523.43 S697 2019 - On Shelf"
https://catalog.saclibrary.org/GroupedWork/410bcd69-e1c7-6508-8cfb-ce5817ac5455-eng,"The monster's bones: the discovery of T. rex and how it shook our world","Randall, David K",9781324006534,,"Recorded Books, Inc.; Norton Young Readers, an imprint of W.W. Norton & Company; HighBridge; Highbridge Company; W. W. Norton & Company; W.W. Norton & Company","2022 - 2023","New York, NY",eAudiobook;Book;eBook,"Book::Carmichael Children's Area: CHILDREN 650.922 R188 2023 - On Shelf,Book::Central Kids Place - Lower Level: CHILDREN 650.922 R188 2023 - On Shelf,Book::Franklin Children's: CHILDREN 650.922 R188 2023 - On Shelf"
https://catalog.saclibrary.org/GroupedWork/9737ef96-749d-72b8-6255-d6463791c076-eng,"Sir Cumference and the Fracton Faire: a math adventure","Neuschwander, Cindy",9781570917721,,Charlesbridge,2017,"Watertown, MA",Book,"Book::Arcade Children's Area: CHILDREN 513.26 N495 2017 - Checked Out,Book::Carmichael Children's Area: CHILDREN 513.26 N495 2017 - On Shelf,Book::Central Kids Place - Lower Level: CHILDREN 513.26 N495 2017 - Checked Out"
https://catalog.saclibrary.org/GroupedWork/d4fc0fe1-7544-d14e-b55a-aec3caadfbde-eng,"Adventure time: Vol. 7 : Four castles","Trujillo, Josh",9781608867974,,"KaBoom!, a division of Boom Entertainment, Inc",2016,"Los Angeles, CA","Graphic Novel/Manga","Graphic Novel/Manga::Elk Grove Kids' Place: CHILDREN GRAPHIC NOVEL Adventure Time v.7 - On Shelf"
https://catalog.saclibrary.org/GroupedWork/fa2a77e8-7d10-b905-32d6-24548ef9bff2-eng,Uranus,"Sommer, Nathan",9781626179790,,"Bellwether Media",2019,"Minneapolis, MN",eBook;Book,"Book::Carmichael Children's Area: CHILDREN 523.47 S697 2019 - On Shelf,Book::Central Kids Place - Lower Level: CHILDREN 523.47 S697 2019 - On Shelf,Book::South Natomas Children's Area: CHILDREN 523.47 S697 2019 - On Shelf"
https://catalog.saclibrary.org/GroupedWork/68fcd462-c9ca-7f74-905f-92ba2a754bd3-eng,"The fire of stars: the life and brilliance of the woman who discovered what stars are made of","Larson, Kirsten W",9781452172873,,"Chronicle Books LLC; Chronicle Books",2023,"San Francisco",eBook;Book,"Book::Central Kids Place - Lower Level: CHILDREN BIOGRAPHY Payne, C. 2023 - On Shelf,Book::Courtland Children's Area: CHILDREN BIOGRAPHY Payne, C. 2023 - On Shelf,Book::Franklin Children's: CHILDREN BIOGRAPHY Payne, C. 2023 - On Shelf"
https://catalog.saclibrary.org/GroupedWork/2efe9936-c48b-1e02-62bc-7d0d0f87f9e5-eng,"Amazing oceans","Roth, Annie",9780744085105,,"DK Publishing",2023,"New York, NY",Book,"Book::Carmichael Children's Area: CHILDREN 551.46 R845 2023 - In Transit,Book::Central Kids Place - Lower Level: CHILDREN 551.46 R845 2023 - On Shelf,Book::Courtland Children's Area: CHILDREN 551.46 R845 2023 - Checked Out"
https://catalog.saclibrary.org/GroupedWork/e886b023-8404-3b0b-aeac-350e98d8a1b4-eng,Kraken,"Troupe, Thomas Kingsley",9781644874653,,"Bellwether Media",2021,"Minneapolis, MN",eBook;Book,"Book::Arcade Children's Area: CHILDREN 398.2454 T861 2021 - On Shelf,Book::Elk Grove Kids' Place: CHILDREN 398.2454 T861 2021 - On Shelf,Book::North Natomas Children's Area: CHILDREN 398.2454 T861 2021 - On Shelf"
https://catalog.saclibrary.org/GroupedWork/b481b220-20f7-c513-64ed-641ef85546e3-eng,"Thank you, moon: celebrating nature's nightlight","Stewart, Melissa",9780593435076,,"Alfred A. Knopf; Random House Children's Books",2023,"New York",eBook;Book,"Book::Carmichael Children's Area: CHILDREN 523.3 S851 2023 - On Shelf,Book::Central Kids Place - Lower Level: CHILDREN 523.3 S851 2023 - On Shelf,Book::Elk Grove Kids' Place: CHILDREN 523.3 S851 2023 - Checked Out"
https://catalog.saclibrary.org/GroupedWork/51c91e14-3007-e3c7-a706-63c38aa806d4-eng,"Who discovered America?","Wyatt, Valerie",9781554531295,,"Kids Can Press",2008,Toronto,Book,"Book::Elk Grove Kids' Place: CHILDREN 970.011 W976 2008 - On Shelf,Book::Rio Linda Children's Area: CHILDREN 970.011 W976 2008 - On Shelf"
https://catalog.saclibrary.org/GroupedWork/11c3f0f3-fa83-6df1-36e9-c93d7dadcedb-eng,"Newton's rainbow: the revolutionary discoveries of a young scientist","Lasky, Kathryn",9780374355135,,"Farrar, Straus and Giroux (BYR); Farrar, Straus Giroux",2017,"New York",eBook;Book,"Book::Courtland Children's Area: CHILDREN BIOGRAPHY Newton, I. 2017 - On Shelf,Book::Elk Grove Kids' Place: CHILDREN BIOGRAPHY Newton, I. 2017 - On Shelf,Book::Franklin Children's: CHILDREN BIOGRAPHY Newton, I. 2017 - Checked Out"
https://catalog.saclibrary.org/GroupedWork/01bd201d-ee18-db1a-18f0-864f4648bf40-eng,"My book of stars and planets","Patel, Parshati",9780744034967,,"DK Publishing",2021,"New York, NY",Book,"Book::Central Kids Place - Lower Level: CHILDREN 523.2 P295 2021 - On Shelf,Book::Rancho Children's Area: CHILDREN 523.2 P295 2021 - Checked Out"
https://catalog.saclibrary.org/GroupedWork/6ac09863-6d40-50a8-33c0-e6cd40a1744d-eng,"What do we know about the Roswell incident?","Hubbard, Ben, 1973-",9780593519271,,"Penguin Workshop; Books on Tape; Penguin Young Readers Group",2023,"New York",eAudiobook;Book;eBook,"Book::Carmichael Children's Area: CHILDREN 001.942 H875 2023 - On Shelf,Book::Colonial Heights Children's Area: CHILDREN 001.942 H875 2023 - On Shelf,Book::Belle Cooledge Children's Area: CHILDREN 001.942 H875 2023 - On Shelf"
https://catalog.saclibrary.org/GroupedWork/bc1788e8-0174-9b9f-7717-c646e97c3295-eng,"Kim Jong Un: secretive North Korean leader","Fishman, Jon M",9781541539198,,"Lerner Publishing Group; Lerner Publications",2019,Minneapolis,eBook;Book,"Book::Elk Grove Kids' Place: CHILDREN BIOGRAPHY Kim, C. 2019 - On Shelf,Book::Fair Oaks Children's Area: CHILDREN BIOGRAPHY Kim, C. 2019 - On Shelf,Book::McKinley Children's Area: CHILDREN BIOGRAPHY Kim, C. 2019 - On Shelf"
https://catalog.saclibrary.org/GroupedWork/bd2983e2-3382-9460-32af-e40aec8702d7-eng,"Sea serpents","Troupe, Thomas Kingsley",9781644874660,,"Bellwether Media",2021,"Minneapolis, MN",eBook;Book,"Book::Arcade Children's Area: CHILDREN 001.944 T861 2021 - On Shelf,Book::Belle Cooledge Children's Area: CHILDREN 001.944 T861 2021 - On Shelf,Book::Rio Linda Children's Area: CHILDREN 001.944 T861 2021 - On Shelf"
https://catalog.saclibrary.org/GroupedWork/73e32e30-b8d1-c790-5d65-eb2e0d3e70ce-eng,"The girl who drew butterflies: how Maria Merian's art changed science","Sidman, Joyce",9780544717138,,"Recorded Books, Inc.; Houghton Mifflin Harcourt; HarperCollins","2018 - 2019",Boston,eAudiobook;eBook;Book,"Book::Colonial Heights Children's Area: CHILDREN BIOGRAPHY Merian, M. 2018 - In Transit,Book::Belle Cooledge Children's Area: CHILDREN BIOGRAPHY Merian, M. 2018 - On Shelf,Book::Fair Oaks Children's Area: CHILDREN BIOGRAPHY Merian, M. 2018 - On Shelf"
https://catalog.saclibrary.org/GroupedWork/fa58be24-a82a-6732-2237-99405ab3b2aa-eng,"Forensic science: in pursuit of justice","Carmichael, L. E. (Lindsey E.)",9781624035616,,"ABDO; Abdo Publishing",2015,"Minneapolis, Minnesota",eBook;Book,"Book::Central Teen Area - 3rd Floor: TEEN 363.25 C287 2015 - On Shelf"
https://catalog.saclibrary.org/GroupedWork/378d9354-c6b9-21da-8683-0caf19b1d509-eng,"Forensic ballistics: styles of projectiles","Hamilton, Sue L., 1959-",9781599289908,,"ABDO Pub. Co; ABDO Publishing Company",2008,"Edina, Minn",eBook;Book,"Book::Fair Oaks Children's Area: CHILDREN 363.2562 H221f 2008 - On Shelf,Book::Sutter County Main Branch Children's Area: CHILDREN 363.2562 HAM - Checked Out"
https://catalog.saclibrary.org/GroupedWork/dbc39d1d-3981-63af-2fd9-8faba4cf7b53-eng,"Cryptocurrencies and the blockchain revolution: Bitcoin and beyond","January, Brendan, 1972-",9781541578777,,"Twenty-First Century Books; Lerner Publishing Group","2020 - 2021",Minneapolis,eBook;Book,"Book::Arcade Teen Area: TEEN 332.4 J35 2021 - On Shelf,Book::Central Teen Area - 3rd Floor: TEEN 332.4 J35 2021 - On Shelf,Book::Belle Cooledge Teen Area: TEEN 332.4 J35 2021 - On Shelf"
https://catalog.saclibrary.org/GroupedWork/20600de1-e255-ed3e-1943-33004090d880-eng,"Outer space: a journey through the solar system and beyond!","Gardner, Jane P",9798886742480,,"Weldon Owen",2025,"San Rafael, CA",Book,"Book::Carmichael Children's Area: CHILDREN 520 G227 2026 - On Shelf,Book::Central Kids Place - Lower Level: CHILDREN 520 G227 2026 - On Shelf,Book::Elk Grove Kids' Place: CHILDREN 520 G227 2026 - Checked Out"
https://catalog.saclibrary.org/GroupedWork/b3a3dae7-2c4a-2f08-a04e-b549b47e3a76-eng,"Guts: our digestive system","Simon, Seymour",9780062470423,,"HarperCollins; Harper, an imprint of HarperCollinsPublishers","2005 - 2019","New York, NY",Book,"Book::Arcade Children's Area: CHILDREN 612.33 S596 2019 - On Shelf,Book::Carmichael Children's Area: CHILDREN 612.33 S596 2019 - Checked Out,Book::Belle Cooledge Children's Area: CHILDREN 612.33 S596 2019 - On Shelf"
https://catalog.saclibrary.org/GroupedWork/34df618f-8e99-6658-16f8-14c6c01118fc-eng,"Animal societies","Santos, Tracie",9781731648877,,"Rourke Educational Media, a division of Carson Dellosa Education; Rourke Educational Media","2021 - 2022","[Vero Beach, Florida]",eBook;Book,"Book::Carmichael Children's Area: CHILDREN 591.782 S237 2022 - On Shelf,Book::Central Kids Place - Lower Level: CHILDREN 591.782 S237 2022 - On Shelf,Book::Franklin Children's: CHILDREN 591.782 S237 2022 - On Shelf"
https://catalog.saclibrary.org/GroupedWork/3b1fd27d-71db-d551-82d3-230679177c02-eng,Ancestory,"Salyer, Hannah",9780358469841,,"Clarion Books, an imprint of HarperCollinsPublishers",2023,"New York, NY",Book,"Book::Carmichael Children's Area: CHILDREN 709.011 S186 2023 - On Shelf,Book::Central Kids Place - Lower Level: CHILDREN 709.011 S186 2023 - On Shelf,Book::Colonial Heights Children's Area: CHILDREN 709.011 S186 2023 - On Shelf"
https://catalog.saclibrary.org/GroupedWork/2c014058-b15b-4998-10e8-8e05807ea9e1-eng,"Stemville: the bee connection","Newman, Ben",9781838748586,,"Flying Eye Books",2024,London,Book,"Book::Colonial Heights Children's Area: CHILDREN 595.799 N551 2024 - On Shelf,Book::Belle Cooledge Children's Area: CHILDREN 595.799 N551 2024 - On Shelf,Book::South Natomas Children's Area: CHILDREN 595.799 N551 2024 - On Shelf"
https://catalog.saclibrary.org/GroupedWork/118354ac-f4ba-a12e-2186-e87a94f2b421-eng,"The boy who harnessed the wind: creating currents of electricity and hope","Kamkwamba, William, 1987-",9780061730320,,"William Morrow; HarperCollins; HarperAudio",2009,"New York",eAudiobook;eBook;Book,"Book::Carmichael: 621.312136 K15 2009 - On Shelf,Book::Central: 621.312136 K15 2009 - On Shelf,Book::Colonial Heights: 621.312136 K15 2009 - On Shelf"
https://catalog.saclibrary.org/GroupedWork/123268be-d2af-ea5a-4a67-7bbfb6c2accb-eng,"D is for dancing dragon: a China alphabet","Crane, Carol, 1933-",9781585362738,,"Sleeping Bear Press","2006 - 2013","Chelsea, MI",eBook;Book,"Book::Carmichael Children's Area: CHILDREN 951 C891 2006 - On Shelf,Book::Elk Grove Kids' Place: CHILDREN 951 C891 2006 - On Shelf,Book::Franklin Children's: CHILDREN 951 C891 2006 - On Shelf"
https://catalog.saclibrary.org/GroupedWork/7d2c7e24-7b2e-7b72-cf43-0c85aad1a1e6-eng,"Newton's laws: a fairy tale","Allen, Sarah",9798218486686,,"Math with Sarah; [Sarah McCarthy]","2022 - 2024","[Place of publication not identified]",eBook;Book,"Book::Colonial Heights Children's Area: CHILDREN 531.6 A429 2022 - On Shelf,Book::Franklin Children's: CHILDREN 531.6 A429 2022 - On Shelf,Book::McClatchy Children's Area: CHILDREN 531.6 A429 2022 - On Shelf"
https://catalog.saclibrary.org/GroupedWork/100a73ad-7fe7-2506-361a-790ed31dea8b-eng,"Into the deep: science, technology, and the quest to protect the ocean","Peterson, Christy",9781541555556,,"Twenty-First Century Books; Lerner Publishing Group",2020,Minneapolis,eBook;Book,"Book::Carmichael Teen Area: TEEN 551.46 P485 2020 - On Shelf,Book::Elk Grove Teen Area: TEEN 551.46 P485 2020 - On Shelf,Book::Fair Oaks Teen Area: TEEN 551.46 P485 2020 - On Shelf"
https://catalog.saclibrary.org/GroupedWork/e80bed23-45a2-9650-4676-9ed0dbc9802d-eng,"Animal communication","Andersen, Michelle Garcia",9781731648853,,"Rourke Educational Media, a division of Carson Dellosa Education; Rourke Educational Media","2021 - 2022","[Vero Beach, Florida]",eBook;Book,"Book::Carmichael Children's Area: CHILDREN 591.5 G216 2022 - On Shelf,Book::Central Kids Place - Lower Level: CHILDREN 591.5 G216 2022 - On Shelf,Book::Elk Grove Kids' Place: CHILDREN 591.5 G216 2022 - On Shelf"
https://catalog.saclibrary.org/GroupedWork/5051ae83-63a7-f3df-322e-3a482aaf243d-eng,"The curse of the mummy: uncovering Tutankhamun's tomb","Fleming, Candace",9781338596618,,"Scholastic Focus; Scholastic Inc.",2021,"New York",eAudiobook;eBook;Book,"Book::Central Kids Place - Lower Level: CHILDREN 932.014 F597 2021 - On Shelf,Book::Fair Oaks Children's Area: CHILDREN 932.014 F597 2021 - On Shelf,Book::Franklin Children's: CHILDREN 932.014 F597 2021 - On Shelf"
https://catalog.saclibrary.org/GroupedWork/c611b13f-1aa0-6507-d062-96872e244860-eng,"If you made a million","Schwartz, David M",9780688136345,,"Lothrop, Lee & Shepard Books; Scholastic Inc.","1989 - 2002","New York",Book;eAudiobook,"Book::Colonial Heights Children's Area: CHILDREN 332.024 S399 1989 - On Shelf,Book::Belle Cooledge Children's Area: CHILDREN 332.024 S399 1989 - On Shelf,Book::McKinley Children's Area: CHILDREN 332.024 S399 1989 - On Shelf"
https://catalog.saclibrary.org/GroupedWork/a6dc0c47-4f8f-c6c1-e0f1-fb985ddcf262-eng,"Geronimo Stilton reporter: #13, Reported missing","Stilton, Geronimo",9781545810255,,Papercutz,2023,"New York","Graphic Novel/Manga","Graphic Novel/Manga::Carmichael Children's Area: CHILDREN GRAPHIC NOVEL Geronimo Stilton v.13 - On Shelf,Graphic Novel/Manga::Belle Cooledge Children's Area: CHILDREN GRAPHIC NOVEL Geronimo Stilton v.13 - Checked Out,Graphic Novel/Manga::Elk Grove Kids' Place: CHILDREN GRAPHIC NOVEL Geronimo Stilton v.13 - On Shelf"
https://catalog.saclibrary.org/GroupedWork/48f6b64e-7823-9c8b-514b-556851f5801e-eng,"Body basics","Coupe, Robert",9781477763100,,"PowerKids Press",2014,"New York",Book,"Book::Belle Cooledge Children's Area: CHILDREN 612 C856 2014 - On Shelf"
https://catalog.saclibrary.org/GroupedWork/b652021e-3e87-bd23-676c-35e2b675cbdb-eng,"What do we know about the Lost Colony of Roanoke?","Berne, Emma Carlson, 1979-",9780593752081,,"Penguin Workshop; Books on Tape; Penguin Young Readers Group",2025,"New York, New York",eAudiobook;Book;eBook,"Book::Arcade Children's Area: CHILDREN 975.6175 B525 2025 - On Shelf,Book::Carmichael Children's Area: CHILDREN 975.6175 B525 2025 - On Shelf,Book::Central Kids Place - Lower Level: CHILDREN 975.6175 B525 2025 - On Shelf"
https://catalog.saclibrary.org/GroupedWork/23a7d479-5d51-d3ff-14ef-9f5b69dbc5d4-eng,"Chilling with ghosts","Fitzpatrick, Insha",9781683693451,,"Quirk Books",2023,Philadelphia,eBook;Book,"Book::Central Kids Place - Lower Level: CHILDREN 133.1 F559 2023 - On Shelf,Book::Belle Cooledge Children's Area: CHILDREN 133.1 F559 2023 - On Shelf,Book::Elk Grove Children's Opening Day Collection: ON ORDER - On Order"
https://catalog.saclibrary.org/GroupedWork/a2747f4e-50b0-cfb6-7058-1e30c79c9d9a-eng,"Welcome to the mysteryverse","Gifford, Clive",9780711280496,,"Wide Eyed Editions",2023,"Beverly, MA",Book,"Book::Arcade Children's Area: OVERSIZE CHILDREN 001.94 G458 2023 - On Shelf,Book::Central Kids Place - Lower Level: OVERSIZE CHILDREN 001.94 G458 2023 - Checked Out,Book::Elk Grove Kids' Place: OVERSIZE CHILDREN 001.94 G458 2023 - On Shelf"
https://catalog.saclibrary.org/GroupedWork/3b2e3984-5514-3491-ba48-8b20a77ed0e9-eng,"Our frozen planet","Stewart-Sharpe, Leisa",9781665972888,,"Beach Lane Books",2025,"New York",eBook;Book,"Book::Colonial Heights Children's Area: CHILDREN 591.42 S851 2025 - On Shelf,Book::Galt Children's Area: CHILDREN 591.42 S851 2025 - On Shelf,Book::North Sacramento-Hagginwood Children's Area: CHILDREN 591.42 S851 2025 - On Shelf"
https://catalog.saclibrary.org/GroupedWork/5e9d8e67-1c57-71d6-b60f-20a7fb07fa0d-eng,"Hatching chicks in room 6","Arnold, Caroline",9781580897358,,"Triangle Interactive, LLC; Charlesbridge","2017 - 2018","Watertown, MA",eBook;Book,"Book::Carmichael Children's Area: CHILDREN 636.507 A752 2017 - On Shelf,Book::Central Kids Place - Lower Level: CHILDREN 636.507 A752 2017 - On Shelf,Book::Courtland Children's Area: CHILDREN 636.507 A752 2017 - On Shelf"
https://catalog.saclibrary.org/GroupedWork/09ff7325-73c4-e8df-2adc-e81a7364f3b9-eng,"The math maze: solve your way out! : use your math skills to escape!","Wood, Alix",9781538277355,,"Gareth Stevens Publishing",2023,"New York, NY",Book,"Book::Carmichael Children's Area: CHILDREN 516 W873 2023 - On Shelf,Book::McKinley Children's Area: CHILDREN 516 W873 2023 - On Shelf,Book::North Natomas Children's Area: CHILDREN 516 W873 2023 - On Shelf"
https://catalog.saclibrary.org/GroupedWork/d6e257d5-0876-543c-0232-aa2416b424d1-eng,"Book of outcasts: an official guide to Nevermore Academy","Russell, Ally",9780593901779,,"Random House",2025,"New York",Book,"Book::Arcade Children's Area: CHILDREN 791.4572 W393 2025 - On Shelf,Book::Carmichael Children's Area: CHILDREN 791.4572 W393 2025 - On Shelf,Book::Belle Cooledge Children's Area: CHILDREN 791.4572 W393 2025 - On Shelf"
https://catalog.saclibrary.org/GroupedWork/902883f0-6a49-cd51-82ce-c69cef01f718-eng,"Dragon Ball super: 3, Zero mortal project!","Toriyama, Akira, 1955-2024",9781421599465,,"VIZ Media, LLC",2018,"San Francisco, CA","Graphic Novel/Manga","Graphic Novel/Manga::Colonial Heights: TEEN MANGA Dragon Ball v.3 - On Shelf,Graphic Novel/Manga::Franklin Teen: TEEN MANGA Dragon Ball v.3 - Checked Out,Graphic Novel/Manga::South Natomas Teen Area: TEEN MANGA Dragon Ball v.3 - Checked Out"
https://catalog.saclibrary.org/GroupedWork/7c1c91b5-1b6a-1869-3f22-34d6cc44e9f9-eng,Hercules,"Bankston, John, 1974-",9781612289960,,"Mitchell Lane Publishers",2016,"Hockessin, Delaware",Book,"Book::Arcade Children's Area: CHILDREN 292 B218 2016 - On Shelf,Book::Belle Cooledge Children's Area: CHILDREN 292 B218 2016 - Checked Out,Book::South Natomas Children's Area: CHILDREN 292 B218 2016 - On Shelf"
https://catalog.saclibrary.org/GroupedWork/20a470df-2581-2709-7911-fb10f0c0af59-eng,"Valentine's Day","Miller, Reagan",9780778747598,,"Crabtree Pub. Co",2010,"New York, NY",Book,"Book::Carmichael Children's Area: CHILDREN 394.2618 M647 2010 - On Shelf,Book::Elk Grove Kids' Place: CHILDREN 394.2618 M647 2010 - On Shelf,Book::Fair Oaks Children's Area: CHILDREN 394.2618 M647 2010 - On Shelf"
https://catalog.saclibrary.org/GroupedWork/00599d13-40db-0516-fc68-21a3bde42b86-eng,"Language arts and math, K",,9781483805962,,"Spectrum, an imprint of Carson-Dellosa Publishing, LLC",2015,"Greensboro, North Carolina",Book,"Book::Arcade Children's Area: CHILDREN 372.6 S741 2015 - On Shelf"
https://catalog.saclibrary.org/GroupedWork/b247d70f-7485-1788-d606-3c2864b3457e-eng,"The night school for young mystics: five fabulous field trips into moonlight & magic","Toll, Maia",9780762486106,,"Running Press Kids, Hachette Book Group; Running Press",2024,"New York, NY",eBook;Book,"Book::Central Kids Place - Lower Level: CHILDREN 133.43 T651 2024 - On Shelf,Book::Elk Grove Children's Opening Day Collection: ON ORDER - On Order,Book::Franklin Children's: CHILDREN 133.43 T651 2024 - On Shelf"
https://catalog.saclibrary.org/GroupedWork/0d61a849-e049-ad0b-25a2-8dbc40ba1ffe-eng,"Mars rovers","Chapman, Ty",9781728490670,,"Lerner Publishing Group; Lerner Publications","2023 - 2024",Minneapolis,eBook;Book,"Book::Carmichael Children's Area: CHILDREN 629.45 C466 2024 - On Shelf,Book::Central Kids Place - Lower Level: CHILDREN 629.45 C466 2024 - On Shelf,Book::Rancho Children's Area: CHILDREN 629.45 C466 2024 - On Shelf"
https://catalog.saclibrary.org/GroupedWork/13227f09-d9a0-d0f3-7741-ebc25d25d99c-eng,"Scratching the surface: exploring earth's layers","Fox, Kate Allen",9781630793395,,"Capstone Editions",2025,"North Mankato, Minnesota",Book,"Book::Arcade Children's Area: CHILDREN 551.1 F791 2025 - On Shelf,Book::Carmichael Children's Area: CHILDREN 551.1 F791 2025 - On Shelf,Book::Central Kids Place - Lower Level: CHILDREN 551.1 F791 2025 - On Shelf"
https://catalog.saclibrary.org/GroupedWork/c62c70bd-438a-332b-a0cb-2b7bc28811e0-eng,"M is for monster: a fantastic creatures alphabet","Lewis, J. Patrick",9781585368181,,"Sleeping Bear Press; Triangle Interactive, LLC","2014 - 2019","Ann Arbor, MI",eBook;Book;eAudiobook,"Book::North Natomas Children's Area: CHILDREN 001.944 L674 2014 - On Shelf,Book::Walnut Grove Children's Area: CHILDREN 001.944 L674 2014 - On Shelf"
https://catalog.saclibrary.org/GroupedWork/622e1498-c498-edad-f31b-83b8069bab42-eng,"Rick Riordan","Wheeler, Jill C., 1964-",9781617835780,,"ABDO; ABDO Publishing Company",2013,"Minneapolis, Minnesota",eBook;Book,"Book::Galt Children's Area: CHILDREN BIOGRAPHY Riordan, R. 2013 - On Shelf,Book::Pocket-Greenhaven Kids' Place: CHILDREN BIOGRAPHY Riordan, R. 2013 - On Shelf"
https://catalog.saclibrary.org/GroupedWork/1fbab2a7-d2d9-5b44-facf-d4316c23bb24-eng,"Explore science: a visual journey through our world","Woodford, Chris",9780593971918,,"DK Publishing (Dorling Kindersley), a division of Penguin Random House LLC",2025,"New York, NY",Book,"Book::Central Kids Place - Lower Level: CHILDREN 500 W887 2025 - On Hold Shelf,Book::South Natomas Children's Area: CHILDREN 500 W887 2025 - On Shelf,Book::Orangevale: CHILDREN 500 W887 2025 - On Shelf"
https://catalog.saclibrary.org/GroupedWork/09290824-e787-f04f-1f9b-ca9d5f1755be-eng,"Ancient Chinese civilization","Van Pelt, Todd",9781404280359,,"Rosen Central; The Rosen Publishing Group, Inc","2009 - 2010","New York",eBook;Book,"Book::Elk Grove Kids' Place: CHILDREN 951 V273 2010 - On Shelf"
https://catalog.saclibrary.org/GroupedWork/1fa3efd5-e8ff-f9f4-e474-922c30775fe2-eng,"Spirit seeker: John Coltrane's musical journey","Golio, Gary",9780547239941,,"Clarion Books; HarperCollins",2012,Boston,eBook;Book,"Book::Central Kids Place - Lower Level: CHILDREN BIOGRAPHY Coltrane, J. 2012 - Check Shelf,Book::North Natomas Children's Area: CHILDREN BIOGRAPHY Coltrane, J. 2012 - On Shelf"
https://catalog.saclibrary.org/GroupedWork/969fc71f-329f-3775-6332-cf56cb599abd-eng,"The secret life of the little brown bat","Pringle, Laurence, 1935-",9781629796017,,"Boyds Mills Press, an imprint of Highlights",2018,"Honesdale, Pa",Book,"Book::Central Kids Place - Lower Level: CHILDREN 591.518 P957 2018 - On Shelf,Book::Fair Oaks Children's Area: CHILDREN 591.518 P957 2018 - Checked Out,Book::North Natomas Children's Area: CHILDREN 591.518 P957 2018 - On Shelf"
https://catalog.saclibrary.org/GroupedWork/35eb9912-9512-3a8b-c11a-2c55bd4807bc-eng,"The life of Sacagawea","McAneney, Caitie",9781508148197,,"PowerKids Press; The Rosen Publishing Group, Inc","2016 - 2017","New York",eBook;Book,"Book::Carmichael Children's Area: CHILDREN BIOGRAPHY Sacagawea 2017 - In Transit,Book::Central Kids Place - Lower Level: CHILDREN BIOGRAPHY Sacagawea 2017 - On Shelf,Book::Pocket-Greenhaven Kids' Place: CHILDREN BIOGRAPHY Sacagawea 2017 - On Shelf"
https://catalog.saclibrary.org/GroupedWork/4a723342-2634-34f8-ce51-bdbd1ccc167b-eng,"The amazing world of Gumball: Gumball's guide to science","Phegley, Kiel",9781101995143,,"Cartoon Network Books, an imprint of Penguin Random House",2016,"New York, New York",Book,"Book::Elk Grove Kids' Place: CHILDREN 508 P537 2016 - On Shelf"
https://catalog.saclibrary.org/GroupedWork/228359a8-e0f5-b6c7-ef47-bd5865b7ab53-eng,"The adventures of Dr. sloth: Rebecca Cliffe and her quest to protect sloths","Eszterhas, Suzi",9781541589391,,"Millbrook Press; Lerner Publishing Group",2022,Minneapolis,eBook;Book;eAudiobook,"Book::Central Kids Place - Lower Level: CHILDREN BIOGRAPHY Cliffe, R. 2022 - On Shelf,Book::Belle Cooledge Children's Area: CHILDREN BIOGRAPHY Cliffe, R. 2022 - On Shelf,Book::Fair Oaks Children's Area: CHILDREN BIOGRAPHY Cliffe, R. 2022 - On Shelf"
https://catalog.saclibrary.org/GroupedWork/a8ac97f9-e1da-a730-3931-fbcd178412e9-eng,Eartha,"Malkasian, Cathy",9781606999912,,"Fantagraphics Books",2017,"Seattle, WA","Graphic Novel/Manga;eComic","Graphic Novel/Manga::Central: GRAPHIC NOVEL Malkasian, C. - On Shelf,Graphic Novel/Manga::Folsom Adult: GRAPHIX Malkasian, C. - On Shelf"
https://catalog.saclibrary.org/GroupedWork/7c305f91-fc24-694e-484a-51d0f166c12e-eng,"Iron Man goes magnetic","Price, Charlie",9781426375569,,"National Geographic",2025,"Washington, D.C","Easy Reader","Easy Reader::Arden-Dimick Children's Area: EASY READER 2 538 P945 2025 - Checked Out,Easy Reader::Central Kids Place - Lower Level: EASY READER 2 538 P945 2025 - On Shelf,Easy Reader::Colonial Heights Children's Area: EASY READER 2 538 P945 2025 - On Shelf"
https://catalog.saclibrary.org/GroupedWork/73927ac1-44db-a6ac-0664-866ca8f0e3a4-eng,"Toilet-bound Hanako-kun: 5","AidaIro (Fantasy comic writer)",9781975311377,,"Yen Press",2020,"New York, NY","Graphic Novel/Manga","Graphic Novel/Manga::Carmichael Teen Area: TEEN MANGA Toilet-Bound Hanako-kun v.5 - Checked Out,Graphic Novel/Manga::Central Teen Area - 3rd Floor: TEEN MANGA Toilet-Bound Hanako-kun v.5 - On Shelf,Graphic Novel/Manga::Elk Grove Teen Area: TEEN MANGA Toilet-Bound Hanako-kun v.5 - Checked Out"
https://catalog.saclibrary.org/GroupedWork/41432460-32d3-bc7a-2d51-6de37e73d952-eng,"And, too, the fox","Limón, Ada",9798765639276,,"Lerner Publishing Group; Carolrhoda Books",2025,Minneapolis,"Picture Book;eBook","Picture Book::Carmichael Children's Area: PICTURE BOOK Limon, A. - On Shelf,Picture Book::Central Kids Place - Lower Level: PICTURE BOOK Limon, A. - Checked Out,Picture Book::Franklin Children's: PICTURE BOOK Limon, A. - On Shelf"
https://catalog.saclibrary.org/GroupedWork/fea4f458-f1df-de52-f614-d9cc4ebcebda-eng,"Like no other: earth's coolest one-of-a-kind creatures","Collard, Sneed B",9781662670077,,"Astra Publishing House; Kane Press, an imprint of Astra Books for Young Readers",2024,"New York",eBook;Book,"Book::Carmichael Children's Area: CHILDREN 590 C697 2024 - On Shelf,Book::Central Kids Place - Lower Level: CHILDREN 590 C697 2024 - On Shelf,Book::Fair Oaks Children's Area: CHILDREN 590 C697 2024 - On Shelf"
https://catalog.saclibrary.org/GroupedWork/dc92316c-3c19-e44a-b80d-6aa4405ddbab-eng,"Bleach: [Vol.] 22 Conquistadores","Kubo, Tite",9781421511795,,"Viz, Media",2008,"San Francisco, CA","Graphic Novel/Manga","Graphic Novel/Manga::Belle Cooledge Teen Area: TEEN MANGA Bleach v.22 - On Shelf,Graphic Novel/Manga::North Natomas: TEEN MANGA Bleach v.22 - On Shelf,Graphic Novel/Manga::Sylvan Oaks Teen Area: TEEN MANGA Bleach v.22 - On Shelf"
https://catalog.saclibrary.org/GroupedWork/6f2ecdfb-901c-820f-d0b8-f3b26d1f7150-eng,"Quantum physics for smart kids: a little scientist's guide to atoms, molecules, matter, and more","Pazos, Carlos (Children's book author)",9781510754379,,"Sky Pony; Sky Pony Press",2020,"New York",eBook;Book,"Book::Carmichael Children's Area: CHILDREN 530.12 P348 2020 - Checked Out,Book::Central Kids Place - Lower Level: CHILDREN 530.12 P348 2020 - On Shelf,Book::Belle Cooledge Children's Area: CHILDREN 530.12 P348 2020 - On Shelf"
https://catalog.saclibrary.org/GroupedWork/9ac2f603-7944-4c59-281d-4e16d571e1a3-eng,"RMS Queen Mary","Ferut, Michael",9780531207963,,"Bellwether Media, Inc; Bellwether Media",2015,"Minneapolis, MN",eBook;Book,"Book::Carmichael Children's Area: CHILDREN 387.2432 F412 2015 - On Shelf,Book::South Natomas Children's Area: CHILDREN 387.2432 F412 2015 - On Shelf"
https://catalog.saclibrary.org/GroupedWork/82d9ced1-7f4e-4c06-bd0c-90b360ee79f2-eng,"Attack on Titan: 23","Isayama, Hajime, 1986-",9781632364630,,"Kodansha Comics, an imprint of Kodansha USA Publishing, LLC",2017,"New York","Graphic Novel/Manga","Graphic Novel/Manga::Arcade Teen Area: TEEN MANGA Attack On v.23 - On Shelf,Graphic Novel/Manga::North Natomas: TEEN MANGA Attack On v.23 - On Hold Shelf,Graphic Novel/Manga::Folsom Teen Room: TEEN GRAPHIX Isayama, H. v.23 - On Shelf"
https://catalog.saclibrary.org/GroupedWork/c19717ce-e5a9-6d5f-649c-37eda8181749-eng,"The chemistry between art and science","White, Jen (Jennifer Jackman)",9780823459698,,"Holiday House",2026,"New York",eBook;Book,"Book::Carmichael Children's Area: CHILDREN 700.23 W585 2025 - Checked Out,Book::Central Kids Place - Lower Level: CHILDREN 700.23 W585 2025 - On Shelf,Book::Fair Oaks Children's Area: CHILDREN 700.23 W585 2025 - On Shelf"
https://catalog.saclibrary.org/GroupedWork/4c353382-d226-f83e-f0dc-91d189fd7f79-eng,"Sea monsters: from Kraken to Nessie","Goddu, Krystyna Poray",9781512425932,,"Lerner Publishing Group; Lerner Publications",2017,Minneapolis,eBook;Book,"Book::Fair Oaks Children's Area: CHILDREN 001.944 G578 2017 - On Shelf,Book::Isleton Children's Area: CHILDREN 001.944 G578 2017 - On Shelf,Book::Rancho Children's Area: CHILDREN 001.944 G578 2017 - Checked Out"
https://catalog.saclibrary.org/GroupedWork/f6c6898f-a652-4ca1-8a3f-f9a2ed74e481-eng,"Spider-Man: 3, Cosmic chaos!","Maihack, Mike",9781419770517,,"Amulet Books",2024,"New York","Graphic Novel/Manga","Graphic Novel/Manga::Central Kids Place - Lower Level: CHILDREN GRAPHIC NOVEL Spider-Man v.3 - Checked Out,Graphic Novel/Manga::Colonial Heights Children's Area: CHILDREN GRAPHIC NOVEL Spider-Man v.3 - Checked Out,Graphic Novel/Manga::Franklin Children's: CHILDREN GRAPHIC NOVEL Spider-Man v.3 - Checked Out"
https://catalog.saclibrary.org/GroupedWork/d90345d0-eca8-553e-9799-da4f0662162a-eng,"Living on Mars","Chapman, Ty",9781728490656,,"Lerner Publishing Group; Lerner Publications","2023 - 2024",Minneapolis,eBook;Book,"Book::Arcade Children's Area: CHILDREN 629.4553 C466 2024 - On Shelf,Book::Carmichael Children's Area: CHILDREN 629.4553 C466 2024 - On Shelf,Book::Central Kids Place - Lower Level: CHILDREN 629.4553 C466 2024 - On Shelf"
https://catalog.saclibrary.org/GroupedWork/49403011-7f26-50b5-13aa-4ae1e29afb7c-eng,"Black holes","Green, Joel, 1978-",9781684507313,,"Norwood House Press",2023,[Chicago],Book,"Book::Central Kids Place - Lower Level: CHILDREN 523.88 G796 2023 - On Shelf,Book::Fair Oaks Children's Area: CHILDREN 523.88 G796 2023 - On Shelf,Book::North Natomas Children's Area: CHILDREN 523.88 G796 2023 - Checked Out"
https://catalog.saclibrary.org/GroupedWork/2dc23928-7299-0836-61aa-8415a36f7d47-eng,"Ferdinand Cheval: the postman who delivered a palace","Renaud, Anne, 1957-",9781478875932,,"Reycraft Books",2022,"New York, NY",Book,"Book::Colonial Heights Children's Area: CHILDREN BIOGRAPHY Cheval, F. 2022 - On Shelf,Book::McKinley Children's Area: CHILDREN BIOGRAPHY Cheval, F. 2022 - On Shelf,Book::North Natomas Children's Area: CHILDREN BIOGRAPHY Cheval, F. 2022 - On Shelf"
https://catalog.saclibrary.org/GroupedWork/ba6b7f54-cd24-b01a-b82b-78f96c513d30-eng,"Ocean: a visual encyclopedia","Woodward, John, 1954-",9780593969502,,"DK/Penguin Random House",2025,"New York",Book,"Book::Central Kids Place - Lower Level: CHILDREN 551.46 W911 2025 - Checked Out,Book::Colonial Heights Children's Area: CHILDREN 551.46 W911 2025 - Checked Out,Book::Belle Cooledge Children's Area: CHILDREN 551.46 W911 2025 - Checked Out"
https://catalog.saclibrary.org/GroupedWork/1f932bb7-5274-4b87-811f-cb5f069d6be7-eng,"I'm a black hole","Vavagiakis, Eve M., Dr",9781536222081,,"Candlewick Press; MIT Kids Press",2024,"Somerville, Massachusetts",eBook;Book,"Book::Carmichael Children's Area: CHILDREN 523.8875 V389 2024 - On Shelf,Book::Central Kids Place - Lower Level: CHILDREN 523.8875 V389 2024 - On Shelf,Book::Elk Grove Kids' Place: CHILDREN 523.8875 V389 2024 - In Transit"
https://catalog.saclibrary.org/GroupedWork/33fc648b-e22e-7941-c33b-ba31b5bb999a-eng,"How birds sleep","Obuchowski, David",9781662650970,,"Astra Publishing House; MineditionUS",2023,"[New York, New York]",eBook;Book,"Book::Carmichael Children's Area: CHILDREN 598 P372 2023 - On Shelf,Book::Central Kids Place - Lower Level: CHILDREN 598 P372 2023 - On Shelf,Book::Courtland Children's Area: CHILDREN 598 P372 2023 - On Shelf"
https://catalog.saclibrary.org/GroupedWork/f0c00204-49bb-d354-8919-b65ad2ea6e34-eng,"Bringing space home","Downs, Mike",9781731649362,,"Rourke Educational Media, a division of Carson Dellosa Education; Rourke Educational Media","2021 - 2022","[Vero Beach, Florida]",eBook;Book,"Book::Arcade Children's Area: CHILDREN 629.1 D751 2022 - On Shelf,Book::Carmichael Children's Area: CHILDREN 629.1 D751 2022 - On Shelf,Book::Central Kids Place - Lower Level: CHILDREN 629.1 D751 2022 - On Shelf"
https://catalog.saclibrary.org/GroupedWork/be1108e2-25a5-e23d-a485-380ee32bca5e-eng,"Poisoned water: how the citizens of Flint, Michigan, fought for their lives and warned the nation","Cooper, Candy J., 1955-",9781547602322,,"Bloomsbury Children's Books; Bloomsbury Publishing",2020,"New York",eBook;Book,"Book::Carmichael Children's Area: CHILDREN 615.92 C776 2020 - On Shelf,Book::Belle Cooledge Children's Area: CHILDREN 615.92 C776 2020 - On Shelf,Book::North Natomas Children's Area: CHILDREN 615.92 C776 2020 - On Shelf"
https://catalog.saclibrary.org/GroupedWork/9e2f69f7-6fa8-5fa7-58ff-10ee66752fb9-eng,"The art and life of Hilma af Klint","Hillström, Ylva, 1975-",9780500653173,,"Thames and Hudson",2022,London,Book,"Book::Arcade Children's Area: CHILDREN BIOGRAPHY Klint, H. 2022 - On Shelf,Book::Central Kids Place - Lower Level: CHILDREN BIOGRAPHY Klint, H. 2022 - On Shelf,Book::South Natomas Children's Area: CHILDREN BIOGRAPHY Klint, H. 2022 - On Shelf"
https://catalog.saclibrary.org/GroupedWork/910471f5-e4d4-6d90-5874-7549702398d6-eng,"Inside of a dog: what dogs see, smell, and know","Horowitz, Alexandra",9781481450942,,"Simon & Schuster Audio; Scribner; Tantor Media; Thorndike Press; Simon & Schuster Books for Young Readers","2009 - 2016","New York","eAudiobook;Large Print;Book;eBook","Book::Franklin Children's: CHILDREN 636.7 H816 2016 - On Shelf,Book::Galt Children's Area: CHILDREN 636.7 H816 2016 - On Shelf,Book::South Natomas Children's Area: CHILDREN 636.7 H816 2016 - Checked Out"
https://catalog.saclibrary.org/GroupedWork/61ce919e-02bd-fbf4-92ef-30c2bea4976e-eng,"Fullmetal alchemist: 24","Arakawa, Hiromu, 1973-",9781421538129,,"Viz Media; Simon & Schuster [distributor]",2011,"San Francisco, Calif; London","Graphic Novel/Manga","Graphic Novel/Manga::Carmichael Teen Area: TEEN MANGA Fullmetal Alchemist v.24 - On Shelf,Graphic Novel/Manga::Central Teen Area - 3rd Floor: TEEN MANGA Fullmetal Alchemist v.24 - Checked Out,Graphic Novel/Manga::Franklin Teen: TEEN MANGA Fullmetal Alchemist v.24 - On Shelf"
https://catalog.saclibrary.org/GroupedWork/97f3cd33-aff4-8392-4df9-156c280d0009-eng,"The leaf detective: how Margaret Lowman uncovered secrets in the rainforest","Lang, Heather, 1966-",9781684371778,,"Calkins Creek, an imprint of Boyds Mills & Kane",2021,"New York",Book,"Book::Central Kids Place - Lower Level: CHILDREN BIOGRAPHY Lowman, M. 2021 - On Shelf,Book::Elk Grove Kids' Place: CHILDREN BIOGRAPHY Lowman, M. 2021 - Checked Out,Book::Galt Children's Area: CHILDREN BIOGRAPHY Lowman, M. 2021 - On Shelf"
https://catalog.saclibrary.org/GroupedWork/463534e2-1a8a-71d0-2f10-4119d495e589-eng,Stars,"Galat, Joan Marie, 1963-",9780531132371,,"Children's Press, an imprint of Scholastic Inc; Scholastic Inc.",2021,"New York",eBook;Book,"Book::Arcade Children's Area: CHILDREN 523.8 G146 2021 - On Shelf,Book::Central Kids Place - Lower Level: CHILDREN 523.8 G146 2021 - On Shelf,Book::Belle Cooledge Children's Area: CHILDREN 523.8 G146 2021 - On Shelf"
https://catalog.saclibrary.org/GroupedWork/904b3dd1-dcfb-6980-73c1-c4c2d483130e-eng,"Danny Dodo's detective diary: learn all about extinct and endangered animals","Crumpton, Nick",9780500652077,,"Thames & Hudson Inc",2021,London,Book,"Book::Arcade Children's Area: OVERSIZE CHILDREN 591.68 H691 2021 - On Shelf,Book::Carmichael Children's Area: OVERSIZE CHILDREN 591.68 H691 2021 - On Shelf,Book::Franklin Children's: OVERSIZE CHILDREN 591.68 H691 2021 - On Shelf"
https://catalog.saclibrary.org/GroupedWork/b6e45c75-2182-60fe-94f9-2fe5cc22fc89-eng,"Viral: the fight against AIDS in America","Bausum, Ann",9780425287200,,"Viking; Books on Tape",2019,"New York",eAudiobook;Book,"Book::Elk Grove Teen Area: TEEN 362.19697 B351 2019 - On Shelf,Book::Sylvan Oaks Teen Area: TEEN 362.19697 B351 2019 - On Shelf"
https://catalog.saclibrary.org/GroupedWork/1c5eb042-0358-55d6-7604-a9d449c2f30d-eng,"Bleach: 58, The fire","Kubo, Tite",9781421561356,,"VIZ Media",2013,"San Francisco","Graphic Novel/Manga","Graphic Novel/Manga::Carmichael Teen Area: TEEN MANGA Bleach v.58 - On Shelf,Graphic Novel/Manga::Valley Hi-North Laguna Teen Area: TEEN MANGA Bleach v.58 - Checked Out,Graphic Novel/Manga::Sacramento Public Library Storage: TEEN MANGA Bleach v.58 - In Transit"
https://catalog.saclibrary.org/GroupedWork/d6d1bf57-0ef6-2ad2-381a-fdf1dd53314e-eng,"Epic animal journeys","Brown, E. J. (Edward J.), 1959-",9781800660298,,"Cicada Books",2022,London,Book,"Book::Carmichael Children's Area: OVERSIZE CHILDREN 591.568 B877 2022 - On Shelf,Book::Central Kids Place - Lower Level: OVERSIZE CHILDREN 591.568 B877 2022 - On Shelf,Book::North Natomas Children's Area: OVERSIZE CHILDREN 591.568 B877 2022 - On Shelf"
https://catalog.saclibrary.org/GroupedWork/e577cf07-a187-a57b-4c8b-c275fa1dfc54-eng,"The stuff that stuff is made of: things we make with plants","Drori, Jonathan",9781917366069,,"Magic Cat Publishing",2025,London,Book,"Book::Central Kids Place - Lower Level: CHILDREN 600 D786 2025 - On Shelf,Book::Fair Oaks Children's Area: CHILDREN 600 D786 2025 - Checked Out,Book::Rio Linda Children's Area: CHILDREN 600 D786 2025 - Checked Out"
https://catalog.saclibrary.org/GroupedWork/1d00be75-266f-efc2-9391-12551f497607-eng,"Spooked!: how a radio broadcast and The war of the worlds sparked the 1938 invasion of America","Jarrow, Gail",9781629797762,,"Recorded Books, Inc.; Astra Publishing House; Calkins Creek, an imprint of Highlights","2018 - 2022","Honesdale, Pennsylvania",eAudiobook;Book;eBook,"Book::Arcade Children's Area: CHILDREN 791.4472 W253zj 2018 - On Shelf,Book::Central Kids Place - Lower Level: CHILDREN 791.4472 W253zj 2018 - On Shelf,Book::Belle Cooledge Children's Area: CHILDREN 791.4472 W253zj 2018 - On Shelf"
https://catalog.saclibrary.org/GroupedWork/5427f932-fa77-0d0b-fe49-1105b3968d82-eng,"The adventures of Tintin: Volume 5","Hergé, 1907-1983",9780316358163,,"Little, Brown Books for Young Readers",2009,"New York","Graphic Novel/Manga","Graphic Novel/Manga::Carmichael Children's Area: CHILDREN GRAPHIC NOVEL Tintin v.5 - Checked Out,Graphic Novel/Manga::Colonial Heights Children's Area: CHILDREN GRAPHIC NOVEL Tintin v.5 - Checked Out,Graphic Novel/Manga::Belle Cooledge Children's Area: CHILDREN GRAPHIC NOVEL Tintin v.5 - Checked Out"
https://catalog.saclibrary.org/GroupedWork/5eaf7e02-3cbd-5dff-cf02-9d8d97bd1bb5-eng,"Jane Austen: a life revealed","Reef, Catherine",9780547370217,,"Clarion Books; Houghton Mifflin Harcourt",2011,Boston,eBook;Book,"Book::Central Teen Area - 3rd Floor: TEEN BIOGRAPHY Austen, J. 2011 - On Shelf,Book::Southgate Teen Area: TEEN BIOGRAPHY Austen, J. 2011 - On Shelf"
https://catalog.saclibrary.org/GroupedWork/0ad39568-2a89-137c-5c99-019a08c4c912-eng,"Molly the owl: the true story of a common barn owl that ends up being not so common after all","Blehm, Eric",9780982863800,,"Molly the Owl Books",2010,"Cardiff by the Sea, CA",Book,"Book::Carmichael Children's Area: CHILDREN 598.97 B646 2010 - On Shelf,Book::Folsom Children's Area: CHILDREN 598.97 BLE 2010 - On Shelf"
https://catalog.saclibrary.org/GroupedWork/6302866b-eff9-2adf-2a30-ee3688401034-eng,"Why do fungi feed on dead plants?: and other odd fungi adaptations","Levy, Janey",9781538220214,,"Gareth Stevens Publishing",2019,"New York",Book,"Book::Galt Children's Area: CHILDREN 579.1 L668 2019 - On Shelf,Book::South Natomas Children's Area: CHILDREN 579.1 L668 2019 - On Shelf,Book::North Natomas Children's Area: CHILDREN 579.1 L668 2019 - On Shelf"
https://catalog.saclibrary.org/GroupedWork/a55ff340-c2f6-8f07-13ff-09be024c1f8c-eng,"God with us: Bible stories on the road to Emmaus","Mikalatos, Matt",9780593578100,,WaterBrook,2025,"[Colorado Springs, Colorado]","Graphic Novel/Manga","Graphic Novel/Manga::Carmichael Children's Area: CHILDREN GRAPHIC 220.9505 M636 2025 - Checked Out,Graphic Novel/Manga::Central Kids Place - Lower Level: CHILDREN GRAPHIC 220.9505 M636 2025 - On Shelf,Graphic Novel/Manga::Colonial Heights Children's Area: CHILDREN GRAPHIC 220.9505 M636 2025 - Checked Out"
https://catalog.saclibrary.org/GroupedWork/2f40a9a1-9c69-4169-5347-5893f0cda144-eng,"Banksy: graffitied walls and wasn't sorry","Gilberti, Fausto, 1970-",9781838662608,,Phaidon,2021,"New York",Book,"Book::Colonial Heights Children's Area: CHILDREN BIOGRAPHY Banksy 2021 - On Hold Shelf,Book::Belle Cooledge Children's Area: CHILDREN BIOGRAPHY Banksy 2021 - On Shelf,Book::South Natomas Children's Area: CHILDREN BIOGRAPHY Banksy 2021 - On Shelf"
https://catalog.saclibrary.org/GroupedWork/1c126538-3053-d4a1-3962-0f0fdb16a033-eng,"Maya: amazing inventions you can build yourself","Bell-Rehwoldt, Sheri",9781936749607,,"Nomad Press; Gazelle [distributor]",2012,"Lancaster; White River Junction, Vt",eBook;Book,"Book::South Natomas Children's Area: CHILDREN 972.81 B435m 2012 - On Shelf"
https://catalog.saclibrary.org/GroupedWork/61986c08-97cf-fb76-7d6b-8f6b866ddf4a-eng,"Bristlecone: the secret life of the world's oldest tree","Siy, Alexandra",9781970039030,,"Web of Life Children's Books",2022,Berkeley,Book,"Book::Carmichael Children's Area: CHILDREN 634 S625 2022 - On Shelf,Book::Central Kids Place - Lower Level: CHILDREN 634 S625 2022 - On Shelf,Book::McKinley Children's Area: CHILDREN 634 S625 2022 - Checked Out"
https://catalog.saclibrary.org/GroupedWork/49d96ed8-a3d9-d958-1805-1b94e3932ce4-eng,"Wisdom stories of Tibet: tales of magic, adventure, and bravery","Burges, Laura",9781645471561,,"Shambhala; Bala Kids",2025,Boulder,eBook;Book,"Book::Arcade Children's Area: CHILDREN 398.209515 B955 2025 - On Hold Shelf,Book::Carmichael Children's Area: CHILDREN 398.209515 B955 2025 - On Shelf,Book::Colonial Heights Children's Area: CHILDREN 398.209515 B955 2025 - On Shelf"
https://catalog.saclibrary.org/GroupedWork/58b1e8e6-46af-0895-49e1-a68e439b705c-eng,"Mars rovers","Cohn, Jessica",9781338825886,,"Children's Press, an imprint of Scholastic Inc; Scholastic Inc.",2022,"New York, NY",eBook;Book,"Book::Central Kids Place - Lower Level: CHILDREN 629.295 C678 2022 - On Shelf,Book::Colonial Heights Children's Area: CHILDREN 629.295 C678 2022 - On Shelf,Book::North Natomas Children's Area: CHILDREN 629.295 C678 2022 - On Shelf"
https://catalog.saclibrary.org/GroupedWork/a2c38a96-8a59-2f6b-7d57-60f89855b645-eng,"At the pond","Elliott, David, 1947-",9781536205985,,"Candlewick Press","2022 - 2026","Somerville, Massachusetts",eBook;Book,"Book::Central Kids Place - Lower Level: CHILDREN 551 E465 2022 - In Transit,Book::Colonial Heights Children's Area: CHILDREN 551 E465 2022 - On Shelf,Book::Belle Cooledge Children's Area: CHILDREN 551 E465 2022 - On Shelf"
https://catalog.saclibrary.org/GroupedWork/2ff1796b-3136-b283-214e-398551977db1-eng,"Toxic: the world's deadliest creatures","Romero, Ico",9780500652916,,"Thames & Hudson Inc",2022,"New York, New York",Book,"Book::Carmichael Children's Area: OVERSIZE CHILDREN 591.65 R763 2022 - On Shelf,Book::Central Kids Place - Lower Level: OVERSIZE CHILDREN 591.65 R763 2022 - On Shelf,Book::Sylvan Oaks Children's Area: OVERSIZE CHILDREN 591.65 R763 2022 - Checked Out"
https://catalog.saclibrary.org/GroupedWork/757f9eac-1356-43cb-e314-85162a2f19ac-eng,"The Moon","Tomecek, Steve",9780531132388,,"Children's Press, an imprint of Scholastic Inc; Scholastic Inc.","2020 - 2021","New York",eBook;Book,"Book::Carmichael Children's Area: CHILDREN 523.3 T656 2020 - On Shelf,Book::Elk Grove Kids' Place: CHILDREN 523.3 T656 2020 - On Shelf,Book::North Natomas Children's Area: CHILDREN 523.3 T656 2020 - Checked Out"
https://catalog.saclibrary.org/GroupedWork/f967c2f4-c730-9388-37b1-0ffe1361bc6a-eng,"The great monkey rescue: saving the Golden lion tamarins","Markle, Sandra",9781467780308,,"Millbrook Press; Lerner Publishing Group","2015 - 2018",Minneapolis,eBook;Book;eAudiobook,"Book::Central Kids Place - Lower Level: CHILDREN 639.9798 M346 2016 - On Shelf,Book::Franklin Children's: CHILDREN 639.9798 M346 2016 - On Shelf,Book::North Sacramento-Hagginwood Children's Area: CHILDREN 639.9798 M346 2016 - On Shelf"
https://catalog.saclibrary.org/GroupedWork/23578788-f4d0-2b31-8acd-efd6501c2961-eng,"Up in the blue sky: journey from the Earth's surface to outer space","Accinelli, Gianumberto, 1969-",9781459843288,,"Orca Book Publishers",2025,"Victoria, BC",eBook;Book,"Book::Arcade Children's Area: CHILDREN 551.5 A171 2025 - On Shelf,Book::Central Kids Place - Lower Level: CHILDREN 551.5 A171 2025 - On Shelf,Book::Colonial Heights Children's Area: CHILDREN 551.5 A171 2025 - On Shelf"
https://catalog.saclibrary.org/GroupedWork/9f852bd5-0cc3-4a8b-7844-78ef5a5e6fc9-eng,"If you were a kid building a pyramid","Schimel, Lawrence",9780531239490,,"Children's Press, an imprint of Scholastic Inc; Scholastic Inc.","2018 - 2025","New York, NY",eBook;Book,"Book::Central Kids Place - Lower Level: CHILDREN 932 S335 2018 - On Shelf,Book::Elk Grove Kids' Place: CHILDREN 932 S335 2018 - On Shelf"
https://catalog.saclibrary.org/GroupedWork/332e4e05-268f-7e98-6ba3-4f013618ded2-eng,"The great leopard rescue: saving the Amur leopards","Markle, Sandra",9781467792479,,"Millbrook Press; Lerner Publishing Group","2016 - 2020",Minneapolis,eAudiobook;eBook;Book,"Book::Arcade Children's Area: CHILDREN 599.7554 M346 2017 - On Shelf,Book::Carmichael Children's Area: CHILDREN 599.7554 M346 2017 - Checked Out,Book::Central Kids Place - Lower Level: CHILDREN 599.7554 M346 2017 - On Shelf"
https://catalog.saclibrary.org/GroupedWork/52d14077-e253-8175-1999-a3ae8b0f8296-eng,"Where the weird things are: an ocean twilight zone adventure","Filandar, Zoleka",9781647225889,,"EarthAware Kids",2023,"San Rafael, CA",Book,"Book::Carmichael Children's Area: OVERSIZE CHILDREN 591.77 W567 2023 - On Shelf,Book::Central Kids Place - Lower Level: OVERSIZE CHILDREN 591.77 W567 2023 - On Shelf,Book::North Natomas Children's Area: OVERSIZE CHILDREN 591.77 W567 2023 - On Shelf"
https://catalog.saclibrary.org/GroupedWork/c4f3e19c-8a19-6678-1ff9-50fe7ddbd0e9-eng,"A natural history of dragons: a handbook for students by Anastasia Vladislav","Hawkins, Emily",9780711290976,,"Frances Lincoln Children's Books",2024,London,Book,"Book::Carmichael Children's Area: CHILDREN 398.469 H393 2024 - On Shelf,Book::Central Kids Place - Lower Level: CHILDREN 398.469 H393 2024 - On Shelf,Book::Belle Cooledge Children's Area: CHILDREN 398.469 H393 2024 - On Shelf"
https://catalog.saclibrary.org/GroupedWork/0885e3c3-6a20-ceb0-c509-e93147e432fb-eng,"For unicorn lovers only: history, mythology, facts, and more","Gwynne, Penelope",9781250759399,,"Feiwel and Friends; Feiwel & Friends",2020,"New York",eBook;Book,"Book::Carmichael Children's Area: CHILDREN 398.2454 G995 2020 - Checked Out,Book::North Natomas Children's Area: CHILDREN 398.2454 G995 2020 - On Shelf,Book::Pocket-Greenhaven Kids' Place: CHILDREN 398.2454 G995 2020 - On Shelf"
https://catalog.saclibrary.org/GroupedWork/8688642d-1a8f-4e43-0fa2-f2492b44b8b3-eng,"Who was a daring pioneer of the skies?: Amelia Earhart","Gillman, Melanie",9780593224656,,"Penguin Workshop; Penguin Young Readers Group",2022,"New York","Graphic Novel/Manga;eComic","Graphic Novel/Manga::Central Kids Place - Lower Level: CHILDREN GRAPHIC BIOGRAPHY Earhart, A. 2022 - On Shelf,Graphic Novel/Manga::Belle Cooledge Children's Area: CHILDREN GRAPHIC BIOGRAPHY Earhart, A. 2022 - On Shelf,Graphic Novel/Manga::Isleton Children's Area: CHILDREN GRAPHIC BIOGRAPHY Earhart, A. 2022 - On Shelf"
https://catalog.saclibrary.org/GroupedWork/034f9c83-3933-d8fb-a5b5-a253fec93b5f-eng,"Fantasy  encyclopedia","Allen, Judy",9780753458471,,Kingfisher,2005,"Boston, Mass",Book,"Book::Arcade Children's Area: CHILDREN 398.21 A427 2005 - On Shelf,Book::Belle Cooledge Children's Area: CHILDREN 398.21 A427 2005 - Checked Out"
https://catalog.saclibrary.org/GroupedWork/a5329350-e6ae-8215-102a-168678c62fb5-eng,"Sir Arthur Conan Doyle's The adventure of the six Napoleons","Goodwin, Vincent",9781616419769,,"Magic Wagon",2014,"Minneapolis, Minn","Graphic Novel/Manga","Graphic Novel/Manga::Elk Grove Kids' Place: CHILDREN GRAPHIC NOVEL Doyle, A. - Checked Out,Graphic Novel/Manga::North Natomas Children's Area: CHILDREN GRAPHIC NOVEL Doyle, A. - On Shelf"
https://catalog.saclibrary.org/GroupedWork/de1ca21f-f18a-fa25-50eb-bfebaccd8c00-eng,"Snow leopard: ghost of the mountains","Anderson, Justin",9781536205404,,"Candlewick Press",2019,"Somerville, Massachusetts",Book,"Book::Carmichael Children's Area: CHILDREN 599.7554 A547 2019 - On Shelf,Book::Fair Oaks Children's Area: CHILDREN 599.7554 A547 2019 - Checked Out,Book::Galt Children's Area: CHILDREN 599.7554 A547 2019 - On Shelf"
https://catalog.saclibrary.org/GroupedWork/4bb08013-a560-6b81-867e-2b4ebd03495e-eng,"Whales and us: our shared journey","Desjardins, India, 1976-",9781459839342,,"Orca Book Publishers",2024,"Victoria, British Columbia",eBook;Book,"Book::Belle Cooledge Children's Area: CHILDREN 599.5 D459 2024 - On Shelf,Book::South Natomas Children's Area: CHILDREN 599.5 D459 2024 - Checked Out,Book::North Natomas Children's Area: CHILDREN 599.5 D459 2024 - On Shelf"
https://catalog.saclibrary.org/GroupedWork/17b96ec4-c689-492a-93a1-dd5ed64916f9-eng,"Secrets of the sea: the story of Jeanne Power, revolutionary marine scientist","Griffith, Evan",9780358244325,,"Clarion Books, Houghton Mifflin Harcourt; HarperCollins",2021,Boston,eBook;Book,"Book::Arcade Children's Area: CHILDREN BIOGRAPHY Power, J. 2021 - Checked Out,Book::Colonial Heights Children's Area: CHILDREN BIOGRAPHY Power, J. 2021 - On Shelf,Book::Elk Grove Kids' Place: CHILDREN BIOGRAPHY Power, J. 2021 - Checked Out"
https://catalog.saclibrary.org/GroupedWork/96c53d7e-dbd7-5540-4ba7-5ad03a2e3ba1-eng,"An earthling's guide to outer space: everything you ever wanted to know about black holes, dwarf planets, aliens, and more","McDonald, Bob, 1951-",9781982106850,,"Tantor Media, Inc.; Simon & Schuster","2019 - 2020","New York",Book;eAudiobook,"Book::Central: 520 M478 2019 - On Shelf,Book::Sylvan Oaks: 520 M478 2019 - Checked Out,Book::Valley Hi-North Laguna: 520 M478 2019 - Checked Out"
https://catalog.saclibrary.org/GroupedWork/158c7e2f-e22e-79cd-1447-4452efd311dc-eng,"Power to the parasites!","Wood, Chelsea L",9781250833983,,"Henry Holt and Co. (BYR); Godwin Books, Henry Holt and Company",2024,"New York",eBook;Book,"Book::Carmichael Children's Area: CHILDREN 591.7857 W874 2024 - On Shelf,Book::Central Kids Place - Lower Level: CHILDREN 591.7857 W874 2024 - On Shelf,Book::Courtland Children's Area: CHILDREN 591.7857 W874 2024 - On Shelf"
https://catalog.saclibrary.org/GroupedWork/7171984c-118a-91ff-c866-c0ff44a3cded-eng,"Welcome to the wonder house","Dotlich, Rebecca Kai",9781635927627,,"Wordsong, an imprint of Astra Books for Young Readers; Astra Publishing House",2023,"New York",eBook;Book,"Book::Carmichael Children's Area: CHILDREN 811.6 D725 2023 - On Shelf,Book::Colonial Heights Children's Area: CHILDREN 811.6 D725 2023 - On Shelf,Book::Franklin Children's: CHILDREN 811.6 D725 2023 - On Shelf"
https://catalog.saclibrary.org/GroupedWork/b1ef3108-f929-a55f-664b-ed7b124bfd8d-eng,"Tales of ancient worlds","Milosavljevich, Stefan",9781684492121,,"Neon Squid",2022,"New York, NY",Book,"Book::Carmichael Children's Area: CHILDREN 930.102 M661 2022 - On Shelf,Book::Central Kids Place - Lower Level: CHILDREN 930.102 M661 2022 - On Shelf,Book::Colonial Heights Children's Area: CHILDREN 930.102 M661 2022 - On Shelf"
https://catalog.saclibrary.org/GroupedWork/093c9f69-0ee1-7f17-4b96-c5c2365e7c0b-eng,"Dwarf planets","Ringstad, Arnold",9781503844711,,"The Child's World; The Child's World, Inc.","2020 - 2021","Mankato, MN",eBook;Book,"Book::Central Kids Place - Lower Level: CHILDREN 523.49 R582 2021 - On Shelf,Book::Fair Oaks Children's Area: CHILDREN 523.49 R582 2021 - On Shelf,Book::North Natomas Children's Area: CHILDREN 523.49 R582 2021 - On Shelf"
https://catalog.saclibrary.org/GroupedWork/75729f42-1bee-ab24-27ac-17dee2b029a1-eng,Bhutan,"Cooper, Robert, 1945 August 2-",9781502655752,,"Cavendish Square",2020,"New York",Book,"Book::Carmichael Children's Area: CHILDREN 954.98 C778 2020 - On Shelf,Book::Central Kids Place - Lower Level: CHILDREN 954.98 C778 2020 - On Shelf,Book::Belle Cooledge Children's Area: CHILDREN 954.98 C778 2020 - On Shelf"
https://catalog.saclibrary.org/GroupedWork/0a871e4e-453e-4a59-4f08-182519686f55-eng,"The search for Olinguito: Discovering a new species","Markle, Sandra",9781512410150,,"Millbrook Press; Lerner Publishing Group","2017 - 2020",Minneapolis,eBook;Book,"Book::Arcade Children's Area: CHILDREN 599.763 M346 2017 - On Shelf,Book::Central Kids Place - Lower Level: CHILDREN 599.763 M346 2017 - On Shelf,Book::North Natomas Children's Area: CHILDREN 599.763 M346 2017 - On Shelf"
https://catalog.saclibrary.org/GroupedWork/e9ed0565-56bb-6219-fd1f-b82987fc025c-eng,"Lafayette and the American Revolution","Freedman, Russell, 1929-2018",9780823421824,,"Recorded Books, Inc.; Holiday House","2010 - 2014","New York",Book;eAudiobook,"Book::Sylvan Oaks Children's Area: CHILDREN 355.0092 L161zf 2010 - Checked Out,Book::Folsom Children's Area: CHILDREN BIOGRAPHY Lafayette, M. 2010 - On Shelf,Book::Princeton Branch Library Juvenile Collection: J 355.0092 F - On Shelf"
https://catalog.saclibrary.org/GroupedWork/2751349c-16de-6658-77ec-dbdd98f917de-eng,"Phrases of the moon: Lunar poems","Lewis, J. Patrick",9781568463117,,"Creative Editions",2018,"Mankato, MN",Book,"Book::Carmichael Children's Area: OVERSIZE CHILDREN 811.54 L674 2018 - On Shelf,Book::Fair Oaks Children's Area: OVERSIZE CHILDREN 811.54 L674 2018 - On Shelf,Book::North Natomas Children's Area: OVERSIZE CHILDREN 811.54 L674 2018 - On Shelf"
https://catalog.saclibrary.org/GroupedWork/e0ab62ed-7ff8-bd7f-68ec-63e50d1ae338-eng,"They lost their heads!: what happened to Washington's teeth, Einstein's brain, and other famous body parts","Beccia, Carlyn",9780802737458,,Bloomsbury,2018,"New York",Book,"Book::Carmichael Children's Area: CHILDREN 612 B388 2018 - On Shelf,Book::Courtland Children's Area: CHILDREN 612 B388 2018 - On Shelf,Book::Del Paso Heights Children's Area: CHILDREN 612 B388 2018 - On Shelf"
https://catalog.saclibrary.org/GroupedWork/25cfcfe2-6829-5188-e29e-1f8cdff2f966-eng,"Harry Potter & Fantastic beasts: a spellbinding guide to the films","Kogge, Michael",9781338322996,,"Scholastic, Inc",2018,"New York, NY",Book,"Book::Carmichael Children's Area: CHILDREN 823.914 R884zk 2018 - On Shelf,Book::Franklin Children's: CHILDREN 823.914 R884zk 2018 - Checked Out,Book::North Natomas Children's Area: CHILDREN 823.914 R884zk 2018 - On Shelf"
https://catalog.saclibrary.org/GroupedWork/93272a90-290b-e60f-6934-4a98287462fc-eng,"Ghostology: a true revelation of spirits, ghouls, and hauntings","Curtle, Lucinda",9781536209150,,"Candlewick Press",2020,"Somerville, Massachusetts",Book,"Book::Fair Oaks Children's Area: OVERSIZE CHILDREN 133.1 C981 2020 - On Shelf,Book::Rancho Children's Area: OVERSIZE CHILDREN 133.1 C981 2020 - Checked Out,Book::Sylvan Oaks Children's Area: OVERSIZE CHILDREN 133.1 C981 2020 - On Shelf"
https://catalog.saclibrary.org/GroupedWork/936e7b15-23fe-233b-d635-795d70be501d-eng,"Flesh wound: a minor injury takes a deadly turn","Phillips, Shea",9780531132319,,"Scholastic Inc.; Scholastic",2021,"New York, NY",eBook;Book,"Book::Carmichael Children's Area: CHILDREN 616.9297 P563 2021 - On Shelf,Book::Central Kids Place - Lower Level: CHILDREN 616.9297 P563 2021 - On Shelf,Book::Walnut Grove Children's Area: CHILDREN 616.9297 P563 2021 - On Shelf"
https://catalog.saclibrary.org/GroupedWork/1de6875e-eee6-52af-dc4f-9eadd54366bd-eng,"Rainbow Colors","Pearson, Yvonne",9781685559106,,"The Collective Book Studio",2026,"Oakland, CA","Picture Book;eBook","Picture Book::Central Kids Place - Lower Level: PICTURE BOOK Pearson, Y. - On Shelf,Picture Book::Elk Grove Kids' Place: PICTURE BOOK Pearson, Y. - Checked Out,Picture Book::Fair Oaks Children's Area: PICTURE BOOK Pearson, Y. - Checked Out"
https://catalog.saclibrary.org/GroupedWork/b1c1521b-f560-1e8a-b2ce-a5f4fa2f6376-eng,"What do we know about zombies?","Belviso, Meg",9780593889893,,"Penguin Workshop; Books on Tape; Penguin Young Readers Group",2025,"New York, New York",eAudiobook;Book;eBook,"Book::Central Kids Place - Lower Level: CHILDREN 398.21 B454 2025 - Checked Out,Book::Elk Grove Kids' Place: CHILDREN 398.21 B454 2025 - Checked Out,Book::Pocket-Greenhaven Kids' Place: CHILDREN 398.21 B454 2025 - On Shelf"
https://catalog.saclibrary.org/GroupedWork/7b12a557-012a-6511-2809-fa39c727e6a0-eng,"A journey under the sea","Foster, Craig (Filmmaker)",9780358677864,,"Clarion Books, an imprint of HarperCollinsPublishers",2022,"New York, NY",Book,"Book::Central Kids Place - Lower Level: CHILDREN 578 F754 2022 - On Shelf,Book::Franklin Children's: CHILDREN 578 F754 2022 - On Hold Shelf,Book::Isleton Children's Area: CHILDREN 578 F754 2022 - On Shelf"
https://catalog.saclibrary.org/GroupedWork/76fa0684-4e0b-13ee-16fe-7db1a50c601f-eng,"In the woods","Elliott, David, 1947-",9780763697839,,"Candlewick Press",2020,"Somerville, Massachusetts",Book,"Book::Carmichael Children's Area: OVERSIZE CHILDREN 808 E465 2020 - On Shelf,Book::Central Kids Place - Lower Level: OVERSIZE CHILDREN 808 E465 2020 - On Shelf,Book::Fair Oaks Children's Area: OVERSIZE CHILDREN 808 E465 2020 - On Shelf"
https://catalog.saclibrary.org/GroupedWork/8fab13f6-c97f-2005-367a-6c2dddb0f294-eng,"The magic of forests: a fascinating guide to forests around the world","Woodgate, Vicky",9780744083101,,"DK Publishing",2023,"New York, NY",Book,"Book::Carmichael Children's Area: CHILDREN 634.9 W887 2023 - On Shelf,Book::Central Kids Place - Lower Level: CHILDREN 634.9 W887 2023 - On Shelf,Book::Colonial Heights Children's Area: CHILDREN 634.9 W887 2023 - Checked Out"
https://catalog.saclibrary.org/GroupedWork/cedbe4f8-60a0-8daf-588a-ad4fb8309647-eng,"How to be a detective: and other crime-fighting jobs","Beever, Alexandra (Detective)",9798887770802,,"Nosy Crow",2024,"Lincoln, MA, USA",Book,"Book::Arcade Children's Area: CHILDREN 363.23 B415 2024 - On Shelf,Book::Colonial Heights Children's Area: CHILDREN 363.23 B415 2024 - On Shelf,Book::Elk Grove Kids' Place: CHILDREN 363.23 B415 2024 - On Shelf"
https://catalog.saclibrary.org/GroupedWork/908672e7-7d6d-329b-5541-00c305b5e87d-eng,"From shore to ocean floor: the human journey to the deep","Arbuthnott, Gill",9781536229745,,"Big Picture Press, an imprint of Candlewick Press",2023,"Somerville, Massachusetts",Book,"Book::Carmichael Children's Area: OVERSIZE CHILDREN 551.476 A667 2023 - On Shelf,Book::Central Kids Place - Lower Level: OVERSIZE CHILDREN 551.476 A667 2023 - On Shelf,Book::Orangevale: OVERSIZE CHILDREN 551.476 A667 2023 - On Shelf"
https://catalog.saclibrary.org/GroupedWork/6fa328b1-b71d-ec58-0b9c-5ace3c091cd6-eng,"The sun","Crane, Cody",9780531132395,,"Children's Press, an imprint of Scholastic Inc; Scholastic Inc.","2018 - 2021","New York; New York, NY","Easy Reader;eBook;Book","Book::Belle Cooledge Children's Area: CHILDREN 523.7 C891 2021 - On Shelf,Book::McKinley Children's Area: CHILDREN 523.7 C891 2021 - Checked Out,Book::North Natomas Children's Area: CHILDREN 523.7 C891 2021 - Checked Out"
https://catalog.saclibrary.org/GroupedWork/53aeca22-85b6-dd61-e31e-a660139c2a7e-eng,"Weird but true: know-it-all. Weather & natural disasters","Burgan, Michael",9781426377389,,"National Geographic",2025,"Washington, D.C",Book,"Book::Arcade Children's Area: CHILDREN 551.5 B954 2025 - On Shelf,Book::Carmichael Children's Area: CHILDREN 551.5 B954 2025 - Checked Out,Book::Central Kids Place - Lower Level: CHILDREN 551.5 B954 2025 - On Shelf"
https://catalog.saclibrary.org/GroupedWork/b8231a29-8e71-90b0-ce2b-43f63ce13d49-eng,"The stuff between the stars: how Vera Rubin discovered most of the universe","Nickel, Sandra",9781419736261,,"Recorded Books, Inc.; Abrams; Abrams Books for Young Readers","2021 - 2024","New York",eBook;Book;eAudiobook,"Book::Central Kids Place - Lower Level: CHILDREN BIOGRAPHY Rubin, V. 2021 - On Shelf,Book::Fair Oaks Children's Area: CHILDREN BIOGRAPHY Rubin, V. 2021 - On Shelf,Book::North Natomas Children's Area: CHILDREN BIOGRAPHY Rubin, V. 2021 - On Shelf"
https://catalog.saclibrary.org/GroupedWork/381553d2-e024-4519-707e-d0753e96b980-eng,"365: how to count a year","Paul, Miranda",9781665904407,,"Beach Lane Books",2023,"New York","Picture Book","Picture Book::Carmichael Children's Area: PICTURE BOOK Paul, M. - Checked Out,Picture Book::Central Kids Place - Lower Level: PICTURE BOOK Paul, M. - On Shelf,Picture Book::Colonial Heights Children's Area: PICTURE BOOK Paul, M. - On Shelf"
https://catalog.saclibrary.org/GroupedWork/2effe591-d3f4-531f-79ae-4d6cb24d5cb8-eng,"Mythmaker: the life of J.R.R. Tolkien, creator of The hobbit and The lord of the rings","Neimark, Anne E",9780547997346,,"Harcourt Children's Books; Houghton Mifflin Harcourt",2012,Boston,eBook;Book,"Book::Carmichael Children's Area: CHILDREN BIOGRAPHY Tolkien, J. 2012 - On Shelf,Book::Belle Cooledge Children's Area: CHILDREN BIOGRAPHY Tolkien, J. 2012 - On Shelf,Book::North Natomas Children's Area: CHILDREN BIOGRAPHY Tolkien, J. 2012 - On Shelf"
https://catalog.saclibrary.org/GroupedWork/9c3dc88a-8b24-52a5-e584-86678c576046-eng,"The raven","Poe, Edgar Allan, 1809-1849",9780143122364,,"Penguin Classics; [s.n.]; Phoemixx Classics Ebooks; Dreamscape Media; Harper & Brothers; The Radio Reading Room; KCP Poetry; Findaway Voices","1884 - 2025","New York; [s.l.]; London; Toronto",eBook;Book;eAudiobook,"Book::McKinley Children's Area: TEEN 811 P743 2006 - On Shelf,Book::Sylvan Oaks Teen Area: TEEN 811 P743 2006 - On Shelf,Book::Folsom Adult: 811.3 POE 2006 - On Shelf"
https://catalog.saclibrary.org/GroupedWork/10231948-8659-6fbb-ba74-036bec662d8c-eng,"The year of the buttered cat: a mostly true story","Haas, Susan, 1964-",9781734225938,,"Little, Brown and Company; Penelope Editions","2021 - 2024","New York; Oklahoma City",Book,"Book::Carmichael Children's Area: CHILDREN BIOGRAPHY Haas, L. 2024 - On Shelf,Book::Central Kids Place - Lower Level: CHILDREN BIOGRAPHY Haas, L. 2024 - On Shelf,Book::Elk Grove Kids' Place: CHILDREN BIOGRAPHY Haas, L. 2024 - Checked Out"
https://catalog.saclibrary.org/GroupedWork/542eda60-b03e-9a54-d440-6d56e5f38fd7-eng,"How come?: every kid's science questions explained","Wollard, Kathy",9780761179788,,"Workman Publishing Company; Workman Kids","2014 - 2015","New York",eBook;Book,"Book::Carmichael Children's Area: CHILDREN 500 W863 2014 - Checked Out"
https://catalog.saclibrary.org/GroupedWork/5f251175-8d66-9066-cab5-9004c2a7898a-eng,"Eye on the universe: the incredible Hubble Space Telescope","Cole, Michael D",9780766040779,,"Enslow Publishing, LLC; Enslow Publishers","2012 - 2013","Berkeley Heights, NJ",eBook;Book,"Book::Sylvan Oaks Children's Area: CHILDREN 522.2919 C689 2013 - On Shelf"
https://catalog.saclibrary.org/GroupedWork/f8257f5b-9461-82e6-4b48-9274bbacc480-eng,"The king of Kazoo","Feuti, Norman",9780545770880,,"Graphix, an imprint of Scholastic",2016,"New York, NY","Graphic Novel/Manga","Graphic Novel/Manga::Central Kids Place - Lower Level: CHILDREN GRAPHIC NOVEL Feuti, N. - On Shelf"
https://catalog.saclibrary.org/GroupedWork/c5a35d83-e81d-73c0-59c4-07c0280a0476-eng,"Thor speaks!: a guide to the realms by the Norse God of Thunder","Shecter, Vicky Alvear, 1961-",9781620915998,,"Boyds Mills Press, an imprint of Highlights; Recorded Books, Inc.","2015 - 2023","Honesdale, Pennsylvania",Book;eAudiobook,"Book::Fair Oaks Children's Area: CHILDREN 398.20948 S539 2015 - On Shelf,Book::Orangevale: CHILDREN 398.20948 S539 2015 - On Shelf,Book::Walnut Grove Children's Area: CHILDREN 398.20948 S539 2015 - On Shelf"
https://catalog.saclibrary.org/GroupedWork/3c610c2a-0c89-a31c-aed2-10b7cbfc82d6-eng,"The flying canoe: a Christmas story","Kimmel, Eric A",9780823417308,,"Holiday House",2011,"New York","Picture Book","Picture Book::Valley Hi-North Laguna Children's Area: PICTURE BOOK Kimmel, E. - On Shelf"
https://catalog.saclibrary.org/GroupedWork/e9e8ffc4-ce02-dfbc-9a6a-6a1fd8fe99c3-eng,"Quest for the tree kangaroo: an expedition to the cloud forest of New Guinea","Montgomery, Sy",9780547248929,,"Houghton Mifflin; HarperCollins","2006 - 2009",Boston,eBook;Book,"Book::Belle Cooledge Children's Area: CHILDREN 599.22 M788 2006 - On Shelf,Book::Fair Oaks Children's Area: CHILDREN 599.22 M788 2006 - Checked Out,Book::South Natomas Children's Area: CHILDREN 599.22 M788 2006 - On Shelf"
https://catalog.saclibrary.org/GroupedWork/316f81d5-8ed2-2c37-fd0b-ada3490485d8-eng,"The extraordinary history of witches","Atkinson, Hazel",9780593965511,,"DK; DK Publishing",2025,"New York",eAudiobook;Book;eBook,"Book::Central Kids Place - Lower Level: CHILDREN 133.4309 A875 2025 - On Shelf,Book::Colonial Heights Children's Area: CHILDREN 133.4309 A875 2025 - Checked Out,Book::Belle Cooledge Children's Area: CHILDREN 133.4309 A875 2025 - Checked Out"
https://catalog.saclibrary.org/GroupedWork/8f0fa23f-656b-a70e-6157-34389a7178cd-eng,"Claymore: Vol. 12, The souls of the fallen","Yagi, Norihiro",9781421519364,,"Viz Media",2008,"San Francisco, Calif","Graphic Novel/Manga","Graphic Novel/Manga::Belle Cooledge Teen Area: TEEN MANGA Claymore v.12 - OFF CAMPUS,Graphic Novel/Manga::Pocket-Greenhaven Teen Area: TEEN MANGA Claymore v.12 - On Shelf,Graphic Novel/Manga::Southgate Teen Area: TEEN MANGA Claymore v.12 - On Shelf"
https://catalog.saclibrary.org/GroupedWork/7f886ecc-fb54-1c7b-f8ad-8498cff16e16-eng,"A kids' guide to America's Bill of Rights","Krull, Kathleen",9780062352316,,"HarperCollins; Harper, an imprint of HarperCollinsPublishers",2015,"New York, NY",eBook;Book,"Book::Carmichael Children's Area: CHILDREN 342.085 K94 2015 - On Shelf,Book::Belle Cooledge Children's Area: CHILDREN 342.085 K94 2015 - On Shelf,Book::Sutter County Main Branch Children's Area: CHILDREN 342.085 KRU - On Shelf"
https://catalog.saclibrary.org/GroupedWork/ea86c259-e4c0-29d5-7438-6791b370692a-eng,"Queen of Leaves: the story of botanist Ynes Mexia","Briseño, Stephen",9781959244011,,"The Innovation Press",2023,"Seattle, WA",Book,"Book::Central Kids Place - Lower Level: CHILDREN BIOGRAPHY Mexia, Y. 2023 - On Shelf,Book::Colonial Heights Children's Area: CHILDREN BIOGRAPHY Mexia, Y. 2023 - On Shelf,Book::Elk Grove Kids' Place: CHILDREN BIOGRAPHY Mexia, Y. 2023 - On Shelf"
https://catalog.saclibrary.org/GroupedWork/be0aab02-8d06-5956-b2dc-e4ecf2f3acb7-eng,Horror,"Hamilton, John, 1959-",9781604535068,,"ABDO Pub. Co; ABDO Publishing Company",2009,"Edina, Minn",eBook;Book,"Book::Fair Oaks Children's Area: CHILDREN 808.3873 H218 2009 - On Shelf,Book::Rio Linda Children's Area: CHILDREN 808.3873 H218 2009 - On Shelf"
https://catalog.saclibrary.org/GroupedWork/a0bfe81e-78c8-a26d-d26a-5c0fa1d314e2-eng,"The eye that never sleeps: how Detective Pinkerton saved President Lincoln","Moss, Marissa",9781419730641,,"Abrams; Abrams Books for Young Readers",2018,"New York",eBook;Book,"Book::Carmichael Children's Area: CHILDREN 363.289 M913 2018 - On Shelf,Book::Central Kids Place - Lower Level: CHILDREN 363.289 M913 2018 - On Shelf,Book::Fair Oaks Children's Area: CHILDREN 363.289 M913 2018 - On Shelf"
https://catalog.saclibrary.org/GroupedWork/bda4f871-09c4-ae27-47f5-66d5d3f78fed-eng,"Creekfinding: a true story","Martin, Jacqueline Briggs",9780816698028,,"University of Minnesota Press",2017,Minneapolis,Book,"Book::Central Kids Place - Lower Level: CHILDREN 577.64 M381 2017 - On Shelf,Book::Belle Cooledge Children's Area: CHILDREN 577.64 M381 2017 - On Shelf,Book::Elk Grove Kids' Place: CHILDREN 577.64 M381 2017 - On Shelf"
https://catalog.saclibrary.org/GroupedWork/fa632d57-f480-f466-1e2b-e40f7c3cf2b6-eng,"Giant cuttlefish: chameleon of the sea","Alexander, Elaine M",9781536229684,,"Candlewick Press",2026,"Somerville, Massachusetts",eBook;Book,"Book::Arcade Children's Area: CHILDREN 594.58 A375 2026 - On Shelf,Book::Carmichael Children's Area: CHILDREN 594.58 A375 2026 - On Shelf,Book::Central Kids Place - Lower Level: CHILDREN 594.58 A375 2026 - On Shelf"
https://catalog.saclibrary.org/GroupedWork/f22073a8-a6ee-f6f6-666d-871b7bd347aa-eng,"The strange journey from bacteria to blue whales: a graphic novel about Earth's animals","Latta, Sara L",9781666393569,,"Capstone Press, a Capstone imprint",2023,"North Mankato, Minnesota","Graphic Novel/Manga","Graphic Novel/Manga::Arcade Children's Area: CHILDREN GRAPHIC 576.8 L364 2023 - Checked Out,Graphic Novel/Manga::Central Kids Place - Lower Level: CHILDREN GRAPHIC 576.8 L364 2023 - On Shelf,Graphic Novel/Manga::Fair Oaks Children's Area: CHILDREN GRAPHIC 576.8 L364 2023 - On Shelf"
https://catalog.saclibrary.org/GroupedWork/5116dd56-c314-1e39-fa5f-caf706aa561d-eng,"All about mermaids","Quinn, Izzy",9780593307151,,"Crown Books for Young Readers",2021,"New York",Book,"Book::Arcade Children's Area: OVERSIZE CHILDREN 398.4 Q74 2021 - On Shelf,Book::Carmichael Children's Area: OVERSIZE CHILDREN 398.4 Q74 2021 - On Shelf,Book::Valley Hi-North Laguna Children's Area: OVERSIZE CHILDREN 398.4 Q74 2021 - On Shelf"
https://catalog.saclibrary.org/GroupedWork/bed4d7ee-b0a2-2410-2f52-82d5a9333aa5-eng,"King Arthur and the knights of the round table","Malory, Thomas, Sir, active 15th century",9780766612112,,"Modern Publishing; Open Road Media; Racehorse for Young Readers","2004 - 2020","New York, N.Y; New York, NY",eBook;Book,"Book::Arcade Children's Area: CHILDREN 398.2 L287 2017 - On Shelf,Book::Central Kids Place - Lower Level: CHILDREN 398.2 L287 2017 - On Shelf,Book::Pocket-Greenhaven Kids' Place: CHILDREN 398.2 L287 2017 - On Shelf"
https://catalog.saclibrary.org/GroupedWork/3a6e6397-f0ee-41df-9429-1894b8c1c5c8-eng,"Mythology land: 12 classic legends reimagined","Cock-Starkey, Claire",9780711294066,,"Frances Lincoln Children's Books",2025,"Beverly, MA",eBook;Book,"Book::Carmichael Children's Area: OVERSIZE CHILDREN 398.2 C664 2025 - On Shelf,Book::Central Kids Place - Lower Level: OVERSIZE CHILDREN 398.2 C664 2025 - In Transit,Book::North Natomas Children's Area: OVERSIZE CHILDREN 398.2 C664 2025 - On Shelf"
https://catalog.saclibrary.org/GroupedWork/b940ca15-db58-b663-eafa-48487bc3f8f0-eng,Frindleswylde,"O'Hara, Natalia",9781536225099,,"Candlewick Press",2022,"Somerville, Massachusetts","Picture Book","Picture Book::Central Kids Place - Lower Level: PICTURE BOOK O'Hara, N. - On Shelf,Picture Book::Galt Children's Area: PICTURE BOOK O'Hara, N. - On Shelf,Picture Book::McClatchy Children's Area: PICTURE BOOK O'Hara, N. - On Shelf"
https://catalog.saclibrary.org/GroupedWork/2fc0d950-dd24-907c-4a47-439752f9e7d0-eng,"The monarch effect: surviving poison, predators, and people","Church, Dana L",9781338749229,,"Scholastic Focus",2024,"New York, NY",Book,"Book::Carmichael Children's Area: CHILDREN 595.789 C561 2024 - On Shelf,Book::Central Kids Place - Lower Level: CHILDREN 595.789 C561 2024 - On Shelf,Book::Elk Grove Kids' Place: CHILDREN 595.789 C561 2024 - On Shelf"
https://catalog.saclibrary.org/GroupedWork/f1052ff3-0919-ca1c-2bb5-eba88bc0dbe1-eng,"The magnificent migration: on safari with Africa's last great herds","Montgomery, Sy",9780544761131,,"Houghton Mifflin Harcourt; HarperCollins",2019,Boston,eBook;Book,"Book::Arcade Children's Area: CHILDREN 591.568 M788 2019 - On Shelf,Book::Carmichael Children's Area: CHILDREN 591.568 M788 2019 - On Shelf,Book::Belle Cooledge Children's Area: CHILDREN 591.568 M788 2019 - On Shelf"
https://catalog.saclibrary.org/GroupedWork/f5a61d3c-2e10-4355-5adf-cb34dba0a8a9-eng,"Bubonic panic: when plague invaded America","Jarrow, Gail",9781620917381,,"Astra Publishing House; Calkins Creek",2016,"Honesdale, PA",eBook;Book,"Book::Carmichael Children's Area: CHILDREN 614.5732 J37 2016 - On Shelf,Book::Central Kids Place - Lower Level: CHILDREN 614.5732 J37 2016 - On Shelf,Book::Fair Oaks Children's Area: CHILDREN 614.5732 J37 2016 - On Shelf"
https://catalog.saclibrary.org/GroupedWork/8b9ee912-495e-2209-480f-768cadbd0449-eng,"A ray of light: a book of science and wonder","Wick, Walter, 1953-",9780439165877,,"Scholastic Press",2019,"New York",Book,"Book::Carmichael Children's Area: OVERSIZE CHILDREN 535 W636 2019 - On Shelf,Book::Colonial Heights Children's Area: OVERSIZE CHILDREN 535 W636 2019 - On Shelf,Book::Franklin Children's: OVERSIZE CHILDREN 535 W636 2019 - On Shelf"
https://catalog.saclibrary.org/GroupedWork/38a7a19e-d1ee-fa42-8fc5-413411f41b43-eng,"Eve: how the female body shaped human evolution","Bohannon, Cat",9780593811887,,"Bright Matter Books; Random House Children's Books; Books on Tape",2025,"New York",eAudiobook;Book;eBook,"Book::Arcade Teen Area: TEEN 613.0424 B676 2025 - On Shelf,Book::Central Teen Area - 3rd Floor: TEEN 613.0424 B676 2025 - On Shelf,Book::Belle Cooledge Teen Area: TEEN 613.0424 B676 2025 - Checked Out"
https://catalog.saclibrary.org/GroupedWork/315c31cd-e8cf-afcc-6970-ebd56b853037-eng,"God's holy darkness","Green, Sharei",9781506482415,,"Fortress Press; Beaming Books",2022,Minneapolis,eBook;Book,"Book::Carmichael Children's Area: CHILDREN 220.95 G798 2022 - On Shelf,Book::Elk Grove Kids' Place: CHILDREN 220.95 G798 2022 - On Shelf,Book::North Natomas Children's Area: CHILDREN 220.95 G798 2022 - On Shelf"
https://catalog.saclibrary.org/GroupedWork/c0e5a1c9-2c97-e646-ed57-5feb69452b33-eng,"The dark island","Chantler, Scott",9781894786553,,"Kids Can Press",2016,"Toronto, ON","Graphic Novel/Manga","Graphic Novel/Manga::Belle Cooledge Children's Area: CHILDREN GRAPHIC NOVEL Chantler, S. - On Shelf,Graphic Novel/Manga::Colusa Main Branch Juvenile Collection: J Graphic - On Shelf"
https://catalog.saclibrary.org/GroupedWork/42212f49-afbd-7dcc-cc9d-b9992b1b16bd-eng,"The raven: the classic poem","Poe, Edgar Allan, 1809-1849",9780762489619,,"Running Press Kids",2025,Philadelphia,Book,"Book::Central Kids Place - Lower Level: CHILDREN 811.3 P743zb 2025 - On Shelf,Book::Del Paso Heights Children's Area: CHILDREN 811.3 P743zb 2025 - On Shelf,Book::Fair Oaks Children's Area: CHILDREN 811.3 P743zb 2025 - On Shelf"
https://catalog.saclibrary.org/GroupedWork/50c71e8e-8ba4-c265-1361-fcb761aa6c9f-eng,"The unusual journey from pebbles to continents: a graphic novel about Earth's land","Peters, Stephanie True, 1965-",9781666393804,,"Capstone Press, a Capstone imprint",2023,"North Mankato, Minnesota","Graphic Novel/Manga","Graphic Novel/Manga::Carmichael Children's Area: CHILDREN GRAPHIC 551.1 P483 2023 - On Shelf,Graphic Novel/Manga::Central Kids Place - Lower Level: CHILDREN GRAPHIC 551.1 P483 2023 - On Shelf,Graphic Novel/Manga::Elk Grove Kids' Place: CHILDREN GRAPHIC 551.1 P483 2023 - On Shelf"
https://catalog.saclibrary.org/GroupedWork/6a8efa92-e6f8-de97-b4fd-49864fa106c8-eng,"Kagerou daze: 04","Satō, Mahiro",9780316269971,,"Yen Press, Hachette Book Group",2016,"New York, NY","Graphic Novel/Manga","Graphic Novel/Manga::Fair Oaks Teen Area: TEEN MANGA Kagerou Daze v.4 - On Shelf,Graphic Novel/Manga::Valley Hi-North Laguna Teen Area: TEEN MANGA Kagerou Daze v.4 - Checked Out"
https://catalog.saclibrary.org/GroupedWork/790127c9-9da2-f854-ea9e-c0f842194813-eng,"Old Possum's book of practical cats","Eliot, T. S. (Thomas Stearns), 1888-1965",9780547248271,,"Houghton Mifflin Harcourt; Harcourt Brace Jovanovich; HarperCollins","1982 - 2019","New York; Boston",eBook;Book,"Book::Rancho Children's Area: CHILDREN 821 E42 2009 - Checked Out,Book::Folsom Children's Area: CHILDREN 811 ELI 2009 - On Shelf,Book::Woodland Public Library Children's Area: CHILDREN 821.912 Eli 2009 - On Shelf"
https://catalog.saclibrary.org/GroupedWork/a9b09b10-7406-69ef-362c-9a396f8be95e-eng,"Book of dinosaurs: 10 record-breaking prehistoric animals","Balkan, Gabrielle",9781838664299,,"Phaidon Press Inc",2022,"New York, NY",Book,"Book::Central Kids Place - Lower Level: OVERSIZE CHILDREN 567.9 B186 2022 - Checked Out,Book::Fair Oaks Children's Area: OVERSIZE CHILDREN 567.9 B186 2022 - Checked Out,Book::South Natomas Children's Area: OVERSIZE CHILDREN 567.9 B186 2022 - Checked Out"
https://catalog.saclibrary.org/GroupedWork/de6e5fef-786f-8262-217a-1c0f4c1c78ac-eng,"Penguins & polar bears: a pretty cool introduction to the Arctic and Antarctic","Klepeis, Alicia, 1971-",9783899558517,,"Little Gestalten",2020,Berlin,Book,"Book::Carmichael Children's Area: OVERSIZE CHILDREN 998 G393 2020 - On Shelf,Book::Central Kids Place - Lower Level: OVERSIZE CHILDREN 998 G393 2020 - On Shelf,Book::Franklin Children's: OVERSIZE CHILDREN 998 G393 2020 - On Shelf"
https://catalog.saclibrary.org/GroupedWork/f15b4327-1c77-4260-c3e7-fa707bc532e7-eng,"Cathy's key: if found call (650) 266-8202","Stewart, Sean, 1965-",9780762435777,,"Running Press",2009,Philadelphia,Book,"Book::Rancho Cordova: TEEN FICTION Stewart, S. - On Shelf"
https://catalog.saclibrary.org/GroupedWork/9c95012f-a263-a251-bfe2-93339f907d8e-eng,Fantasy,"Hamilton, John, 1959-",9781604535044,,"ABDO Pub. Co; ABDO Publishing Company",2009,"Edina, Minn",eBook;Book,"Book::Carmichael Children's Area: CHILDREN 808.3876 H218 2009 - On Shelf"
https://catalog.saclibrary.org/GroupedWork/98905f60-4a97-376b-31cc-108fa05af992-eng,"The whale's song: discover the giants of our oceans","Bossù, Rossana",9798895090121,,"Post Wave Children's Books",2025,London,Book,"Book::Central Kids Place - Lower Level: OVERSIZE CHILDREN 599.5 B746 2025 - On Shelf,Book::South Natomas Children's Area: OVERSIZE CHILDREN 599.5 B746 2025 - Checked Out,Book::North Natomas Children's Area: OVERSIZE CHILDREN 599.5 B746 2025 - On Shelf"
https://catalog.saclibrary.org/GroupedWork/cb68d013-3382-7d0e-0658-c1aaed3f8d3b-eng,"Weathering with you: 2","Shinkai, Makoto",9781949980844,,"Kodansha USA Publishing, LLC",2020,"New York","Graphic Novel/Manga","Graphic Novel/Manga::Central Teen Area - 3rd Floor: TEEN MANGA Weathering With v.2 - On Shelf,Graphic Novel/Manga::Rancho Cordova: TEEN MANGA Weathering With v.2 - On Shelf,Graphic Novel/Manga::Sacramento Public Library Storage: TEEN MANGA Weathering With v.2 - On Shelf"
https://catalog.saclibrary.org/GroupedWork/dcdce3e6-2b6c-f203-d09d-81525fc526a1-eng,"L is for last frontier: an Alaska alphabet","Crane, Carol, 1933-",9781585360208,,"Sleeping Bear Press","2002 - 2010","Chelsea, MI",eBook;Book,"Book::Central Kids Place - Lower Level: CHILDREN 979.8 C891 2002 - On Shelf"
https://catalog.saclibrary.org/GroupedWork/dfd65906-1796-ff9d-d7a3-1b4d748afeea-eng,"The periodic table: elements with style!","Dingle, Adrian, 1967-",9780753480700,,"Recorded Books, Inc.; Kingfisher","2012 - 2025","New York",Book;eAudiobook,"Book::Carmichael Children's Area: CHILDREN 546.8 D584 2025 - On Shelf,Book::Central Kids Place - Lower Level: CHILDREN 546.8 D584 2025 - On Shelf,Book::Courtland Children's Area: CHILDREN 546.8 D584 2025 - On Shelf"
https://catalog.saclibrary.org/GroupedWork/6b662e28-7766-f81c-7547-2de09257359a-eng,"Who is the man in the air?: Michael Jordan","Soria, Gabriel",9780593385913,,"Penguin Workshop",2022,"New York","Graphic Novel/Manga","Graphic Novel/Manga::Carmichael Children's Area: CHILDREN GRAPHIC BIOGRAPHY Jordan, M. 2022 - On Shelf,Graphic Novel/Manga::McClatchy Children's Area: CHILDREN GRAPHIC BIOGRAPHY Jordan, M. 2022 - On Shelf,Graphic Novel/Manga::Walnut Grove Children's Area: CHILDREN GRAPHIC BIOGRAPHY Jordan, M. 2022 - On Shelf"
https://catalog.saclibrary.org/GroupedWork/5e6f61e7-7a69-ceb0-4188-bd231d9cdefe-eng,"How the sea came to be: and all the creatures in it","Berne, Jennifer",9780802854780,,"Eerdmans Books for Young Readers; Wm. B. Eerdmans Publishing Co.",2023,"Grand Rapids, Michigan",eBook;Book,"Book::Central Kids Place - Lower Level: CHILDREN 551.46 B525 2023 - On Shelf,Book::Colonial Heights Children's Area: CHILDREN 551.46 B525 2023 - On Shelf,Book::Belle Cooledge Children's Area: CHILDREN 551.46 B525 2023 - Checked Out"
https://catalog.saclibrary.org/GroupedWork/0a022a94-4ed6-65ec-2534-c8ef31d4e037-eng,"Fortune cookies for everyone!: the surprising story of the tasty treat we love to eat","Wenjen, Mia",9781636551593,,"Red Comet Press",2025,Brooklyn,eBook;Book,"Book::Central Kids Place - Lower Level: CHILDREN 641.8654 W475 2025 - On Shelf,Book::Galt Children's Area: CHILDREN 641.8654 W475 2025 - On Shelf,Book::McKinley Children's Area: CHILDREN 641.8654 W475 2025 - Checked Out"
https://catalog.saclibrary.org/GroupedWork/0dd4ba38-0cb7-f25f-f256-f0b58d4dcaec-eng,"The rising of the shield hero: the manga companion. 12","Aiya, Kyū",9781642730333,,"One Peace Books",2019,"Long Island City, New York","Graphic Novel/Manga","Graphic Novel/Manga::Central Teen Area - 3rd Floor: TEEN MANGA Rising Of v.12 - On Shelf,Graphic Novel/Manga::Fair Oaks Teen Area: TEEN MANGA Rising Of v.12 - On Shelf,Graphic Novel/Manga::Franklin Teen: TEEN MANGA Rising Of v.12 - On Shelf"
https://catalog.saclibrary.org/GroupedWork/cc9f1401-369b-666a-e3f9-d5f027316105-eng,"Where is Stonehenge?","Kelley, True",9780448486932,,"Grosset & Dunlap, an imprint of Penguin Random House; Penguin Young Readers Group",2016,"New York, New York",eBook;Book,"Book::Elk Grove Kids' Place: CHILDREN 936.2319 K294 2016 - On Shelf"
https://catalog.saclibrary.org/GroupedWork/42ac0dd6-a85b-45ca-2352-0c71fc554d14-eng,"Sleeping in space","Santos, Tracie",9781731648402,,"Rourke Educational Media","2021 - 2022","[Vero Beach, FL]",eBook;Book,"Book::Carmichael Children's Area: CHILDREN 629.418 S237 2022 - On Shelf,Book::Central Kids Place - Lower Level: CHILDREN 629.418 S237 2022 - On Shelf,Book::South Natomas Children's Area: CHILDREN 629.418 S237 2022 - Checked Out"
https://catalog.saclibrary.org/GroupedWork/d5e52145-d24b-8eda-7662-b611dc85aa5e-eng,"Batman: Vol. 2, The Bat-Man of Gotham","Zdarsky, Chip",9781779520425,,"DC Comics",2023,"Burbank, CA","Graphic Novel/Manga","Graphic Novel/Manga::Carmichael Teen Area: TEEN GRAPHIC NOVEL Batman v.2 - Checked Out,Graphic Novel/Manga::Central Teen Area - 3rd Floor: TEEN GRAPHIC NOVEL Batman v.2 - On Shelf,Graphic Novel/Manga::McClatchy Teen Area: TEEN GRAPHIC NOVEL Batman v.2 - Checked Out"
https://catalog.saclibrary.org/GroupedWork/08e5e2c6-f4c3-73df-3805-a32fc59292c3-eng,"Anubis speaks!: a guide to the afterlife by the Egyptian god of the dead","Shecter, Vicky Alvear, 1961-",9781590789957,,"Boyds Mills Press, an imprint of Highlights; Recorded Books, Inc.","2013 - 2023","Honesdale, Pennsylvania",Book;eAudiobook,"Book::McKinley Children's Area: CHILDREN 932 S539 2013 - On Shelf"
https://catalog.saclibrary.org/GroupedWork/0a992885-cdc7-debc-7a1f-857a27a0a693-eng,"A Pirate's twelve days of Christmas","Yates, Philip, 1956-",9781402792250,,"Sterling Children's Books",2012,"New York","Picture Book","Picture Book::Carmichael Children's Area: PICTURE BOOK Yates, P. - On Shelf,Picture Book::Folsom Storytime Room: PICTURE BOOK CELEBRATIONS YA - On Shelf"
https://catalog.saclibrary.org/GroupedWork/18595695-6538-3ad2-03ab-4f863fb136cb-eng,"The forgotten teachers: how nature wrote the story of life","Isett, Brian",9781592704118,,"Unruly/Enchanted Lion; Unruly, an Enchanted Lion Book",2025,"New York",eBook;Book,"Book::Central Teen Area - 3rd Floor: TEEN 304.2 I78 2025 - On Shelf,Book::Courtland Teen Area: TEEN 304.2 I78 2025 - On Hold Shelf,Book::Franklin Teen: TEEN 304.2 I78 2025 - On Shelf"
https://catalog.saclibrary.org/GroupedWork/1d696d12-e994-fca0-5321-8de11071b0ab-eng,"How to fool your parents: 25 brain-breaking magic tricks","Kwong, David",9780063140585,,"HarperCollins; Harper, an imprint of HarperCollinsPublishers",2024,"New York, NY",eBook;Book,"Book::Arcade Children's Area: CHILDREN 793.8 K989 2024 - Checked Out,Book::Central Kids Place - Lower Level: CHILDREN 793.8 K989 2024 - On Shelf,Book::Belle Cooledge Children's Area: CHILDREN 793.8 K989 2024 - Checked Out"
https://catalog.saclibrary.org/GroupedWork/750c7d91-409a-a9af-dd0c-1851e1b43f14-eng,"Planet Earth: what planet are you on?","Gilpin, Daniel",9780753481028,,Kingfisher,2026,"New York",Book,"Book::Central Kids Place - Lower Level: CHILDREN 550 G489 2026 - On Shelf,Book::Fair Oaks Children's Area: CHILDREN 550 G489 2026 - Checked Out,Book::North Natomas Children's Area: CHILDREN 550 G489 2026 - On Shelf"
https://catalog.saclibrary.org/GroupedWork/9a73a238-7385-86b3-dfc0-4d2708f5cd9d-eng,"Shipwrecked!: diving for hidden time capsules on the ocean floor","Sandler, Martin W",9781662602047,,"Recorded Books, Inc.; Astra Publishing House; Astra Young Readers, an imprint of Astra Books for Young Readers",2023,"New York",eBook;Book;eAudiobook,"Book::Carmichael Children's Area: CHILDREN 910.452 S217 2023 - On Shelf,Book::Central Kids Place - Lower Level: CHILDREN 910.452 S217 2023 - On Shelf,Book::Del Paso Heights Children's Area: CHILDREN 910.452 S217 2023 - On Shelf"
https://catalog.saclibrary.org/GroupedWork/6befea1f-8995-8d3b-2dc6-bda4b0a0e19a-eng,"Deadman Wonderland: 9","Kataoka, Jinsei",9781421564173,,"Viz Media, LLC",2015,"San Francisco, CA","Graphic Novel/Manga","Graphic Novel/Manga::Central Teen Area - 3rd Floor: TEEN MANGA Deadman Wonderland v.9 - On Shelf,Graphic Novel/Manga::Sacramento Public Library Storage: TEEN MANGA Deadman Wonderland v.9 - On Shelf"
https://catalog.saclibrary.org/GroupedWork/91d0dbbe-1474-ffa9-7ca7-8a536df41064-eng,"Set your alarm, sloth!: more advice for troubled animals from Dr. Glider","Keating, Jess",9781338239898,,"Scholastic Inc.; Orchard Books, an imprint of Scholastic Inc",2021,"New York",eBook;Book,"Book::Arcade Children's Area: CHILDREN 591.5 K252 2021 - On Shelf,Book::Carmichael Children's Area: CHILDREN 591.5 K252 2021 - On Shelf,Book::Elk Grove Kids' Place: CHILDREN 591.5 K252 2021 - On Shelf"
https://catalog.saclibrary.org/GroupedWork/b6f514e6-2a6e-7ef0-6fce-0661903a05af-eng,"Forensics: cool women who investigate","Yasuda, Anita",9781619303508,,"Nomad Press",2016,"White River Junction",eBook;Book,"Book::Carmichael Children's Area: CHILDREN 363.25 Y29 2016 - On Shelf,Book::Belle Cooledge Children's Area: CHILDREN 363.25 Y29 2016 - On Shelf,Book::Elk Grove Kids' Place: CHILDREN 363.25 Y29 2016 - On Shelf"
https://catalog.saclibrary.org/GroupedWork/fedfdfb8-08d1-5e43-f44a-eda519d1b6ca-eng,"The sustainable school: a journey through time and energy","Fyvie, Erica, 1973-",9781525306686,,"Kids Can Press",2025,"Toronto, ON",Book,"Book::Carmichael Children's Area: CHILDREN 333.79 F999 2025 - On Shelf,Book::Central Kids Place - Lower Level: CHILDREN 333.79 F999 2025 - On Shelf,Book::Belle Cooledge Children's Area: CHILDREN 333.79 F999 2025 - On Shelf"
https://catalog.saclibrary.org/GroupedWork/6b1ca99d-e0e7-57fb-8ce7-5dc93a5b483f-eng,"How to be a math wizard","Imafidon, Ann-Marie",9781465493033,,"DK/Penguin Random House",2020,"New York, NY",Book,"Book::Central Kids Place - Lower Level: CHILDREN 510 I312 2020 - On Shelf,Book::North Natomas Children's Area: CHILDREN 510 I312 2020 - Checked Out,Book::Folsom Children's Area: CHILDREN 510 IMA 2020 - Checked Out"
https://catalog.saclibrary.org/GroupedWork/e1b9c1b7-2d9e-9d0d-8362-51ff8f3c52a4-eng,"Yellowstone National Park","Wallace, Audra",9780531239070,,"Children's Press, an imprint of Scholastic Inc",2018,"New York, NY","Easy Reader","Easy Reader::Belle Cooledge Children's Area: EASY READER 3 978.752 W187 2018 - On Hold Shelf,Easy Reader::Elk Grove Kids' Place: EASY READER 3 978.752 W187 2018 - Checked Out"
https://catalog.saclibrary.org/GroupedWork/b600e393-9841-69ec-a476-0de290f773c8-eng,"The race to save the Lord God Bird","Hoose, Phillip M., 1947-",9780374361730,,"Farrar, Straus and Giroux","2004 - 2014","New York",Book,"Book::Valley Hi-North Laguna Children's Area: CHILDREN 598.72 H789r 2014 - On Shelf,Book::Rancho Children's Area: CHILDREN 598.72 H789 2004 - On Shelf,Book::Princeton Branch Library Teen Collection: YA 598.72 H - On Shelf"
https://catalog.saclibrary.org/GroupedWork/710484b3-eff6-c905-a06a-00968bdda30e-eng,"The colorful world of reptiles","Sewell, Matt",9781797238432,,"Chronicle Books LLC; Princeton Architectural Press",2026,"New York",eBook;Book,"Book::Carmichael Children's Area: OVERSIZE CHILDREN 597.9 S516 2026 - On Shelf,Book::Central Kids Place - Lower Level: OVERSIZE CHILDREN 597.9 S516 2026 - On Shelf,Book::Colonial Heights Children's Area: OVERSIZE CHILDREN 597.9 S516 2026 - On Shelf"
https://catalog.saclibrary.org/GroupedWork/acfc3c07-4af4-5681-2ada-64c5fcc018f3-eng,"You never heard of Sandy Koufax?!","Winter, Jonah",9780375837388,,"Schwartz & Wade Books",2009,"New York",Book,"Book::Pocket-Greenhaven Kids' Place: CHILDREN BIOGRAPHY Koufax, S. 2009 - On Shelf,Book::Sutter County Main Branch Children's Area: CHILDREN BIOGRAPHY KOUFAX - On Shelf"
https://catalog.saclibrary.org/GroupedWork/46e2e2d0-8644-759c-90eb-49061322e4c8-eng,"Glenn Gould: a life off tempo","Revel, Sandrine",9781681120652,,"NBM Graphic Novels; NBM Publishing",2016,"New York, NY","Graphic Novel/Manga;eComic","Graphic Novel/Manga::Central: GRAPHIC 786.2092 G696zr 2016 - On Shelf"
https://catalog.saclibrary.org/GroupedWork/fe08bfef-8b84-f1c9-308e-a207e5b90430-eng,"Cosmo Park","Finlay, Madeleine",9781838741303,,"Flying Eye Books",2025,London,"Graphic Novel/Manga","Graphic Novel/Manga::Central Kids Place - Lower Level: CHILDREN GRAPHIC NOVEL Finlay, M. - On Shelf,Graphic Novel/Manga::Courtland Children's Area: CHILDREN GRAPHIC NOVEL Finlay, M. - On Shelf,Graphic Novel/Manga::Elk Grove Kids' Place: CHILDREN GRAPHIC NOVEL Finlay, M. - On Shelf"
https://catalog.saclibrary.org/GroupedWork/f59f945c-376c-d0a1-a0e2-3cf705f72886-eng,"My first book of electromagnetism: discovering the world of electricity","Ferrón, Sheddad Kaid-Sala",9781787081246,,"Button Books",2022,"Lewes, East Essex, England",Book,"Book::Central Kids Place - Lower Level: CHILDREN 537 F394 2022 - On Shelf,Book::Belle Cooledge Children's Area: CHILDREN 537 F394 2022 - On Shelf,Book::Courtland Children's Area: CHILDREN 537 F394 2022 - On Shelf"
https://catalog.saclibrary.org/GroupedWork/f3ae9f8e-8ee8-3747-9b0d-1601f98b07c0-eng,"Yosemite National Park","Wallace, Audra",9780531239063,,"Children's Press, an imprint of Scholastic Inc",2018,"New York, NY","Easy Reader","Easy Reader::Central Kids Place - Lower Level: EASY READER 3 979.447 W187 2018 - On Hold Shelf,Easy Reader::Franklin Children's: EASY READER 3 979.447 W187 2018 - Checked Out"
https://catalog.saclibrary.org/GroupedWork/4669534e-fd65-4215-0bb5-915f6fa33db7-eng,"Virus hunters: how science protects people when outbreaks and pandemics strike","Cherrix, Amy",9780063069541,,"HarperCollins; Harper, an imprint of HarperCollinsPublishers",2024,"New York, NY",eAudiobook;eBook;Book,"Book::Carmichael Children's Area: CHILDREN 614.4 C522 2024 - On Shelf,Book::Central Kids Place - Lower Level: CHILDREN 614.4 C522 2024 - On Shelf,Book::Colonial Heights Children's Area: CHILDREN 614.4 C522 2024 - Checked Out"
https://catalog.saclibrary.org/GroupedWork/763b8059-979a-aafc-7fb1-460a30436106-eng,"Forbidden scrollery: 7","Zun, 1977-",9781975303525,,"Yen Press",2019,"New York, NY","Graphic Novel/Manga","Graphic Novel/Manga::Central Teen Area - 3rd Floor: TEEN MANGA Forbidden Scrollery v.7 - On Shelf,Graphic Novel/Manga::Franklin Teen: TEEN MANGA Forbidden Scrollery v.7 - On Shelf,Graphic Novel/Manga::Rancho Cordova: TEEN MANGA Forbidden Scrollery v.7 - On Shelf"
https://catalog.saclibrary.org/GroupedWork/6d9e683a-acde-4966-0e81-96377a7968cd-eng,"The Great Bear Sea: exploring the marine life of a pacific paradise","McAllister, Ian, 1969-",9781459800199,,"Orca Book Publishers; Orca Book Pub",2013,"Victoria, BC, Canada",eBook;Book,"Book::Sylvan Oaks Children's Area: CHILDREN 971.1 M114 2013 - On Shelf"
https://catalog.saclibrary.org/GroupedWork/13d2ec85-2ee1-86eb-b0f9-55fa2e90c1e8-eng,"What is money?: bartering, cash, cryptocurrency ... and much more!","Green, Alicia",9781339004877,,"Children's Press, an imprint of Scholastic, Inc",2024,"New York, NY",Book,"Book::Arcade Children's Area: CHILDREN 332.4 G795 2024 - On Shelf,Book::Carmichael Children's Area: CHILDREN 332.4 G795 2024 - On Shelf,Book::Central Kids Place - Lower Level: CHILDREN 332.4 G795 2024 - On Shelf"
https://catalog.saclibrary.org/GroupedWork/aa340ca2-aa07-9672-549e-a48066b5adfe-eng,"A sleuth of bears and other amusing, beguiling, and peculiar collective nouns","Jackson, Colter",9781797233031,,"Chronicle Books LLC; Princeton Architectural Press",2025,"New York",eBook;Book,"Book::Carmichael Children's Area: CHILDREN 590 J126 2025 - On Shelf,Book::Central Kids Place - Lower Level: CHILDREN 590 J126 2025 - On Shelf,Book::Rancho Children's Area: CHILDREN 590 J126 2025 - On Shelf"
https://catalog.saclibrary.org/GroupedWork/f88e3602-6432-15d3-aeb5-0d93237c3904-eng,"The coolest stuff on Earth: a closer look at the weird, wild, and wonderful","Royce, Brenda Scott",9781426338588,,"National Geographic Kids",2020,"Washington, D.C",Book,"Book::Central Kids Place - Lower Level: OVERSIZE CHILDREN 509 N277 2020 - On Shelf,Book::Sutter County Main Branch Children's Area: CHILDREN 509 ROY 2020 - Checked Out"
https://catalog.saclibrary.org/GroupedWork/75b54be0-438f-a48a-995e-bb4a294ce8b9-eng,"The Iguanodon's horn: how artists and scientists put a dinosaur back together again and again... and again","Rubin, Sean, 1986-",9780063239210,,"Clarion Books, an imprint of HarperCollinsPublishers",2024,"New York, NY",Book,"Book::Central Kids Place - Lower Level: OVERSIZE CHILDREN 567.9 R896 2024 - On Shelf,Book::Fair Oaks Children's Area: OVERSIZE CHILDREN 567.9 R896 2024 - On Shelf,Book::Isleton Children's Area: OVERSIZE CHILDREN 567.9 R896 2024 - On Shelf"
https://catalog.saclibrary.org/GroupedWork/7ff6ae5f-76e3-8e30-3b09-e262eb4f0ed6-eng,"Spending money: budgets, credit cards, scams ... and much more!","Cohn, Jessica",9781339004938,,"Children's Press, an imprint of Scholastic Inc",2024,"New York, NY",Book,"Book::Colonial Heights Children's Area: CHILDREN 332.027 C678 2024 - On Shelf,Book::Franklin Children's: CHILDREN 332.027 C678 2024 - On Shelf,Book::Galt Children's Area: CHILDREN 332.027 C678 2024 - On Shelf"
https://catalog.saclibrary.org/GroupedWork/af143438-ac8a-9252-e5fa-af144287f367-eng,"Professor Astro Cat's deep sea voyage","Walliman, Dominic, Dr",9781912497898,,"Gardners Books",2020,London,Book,"Book::Belle Cooledge Children's Area: OVERSIZE CHILDREN 551 W211p 2020 - On Shelf,Book::Courtland Children's Area: OVERSIZE CHILDREN 551 W211p 2020 - On Shelf,Book::Elk Grove Kids' Place: OVERSIZE CHILDREN 551 W211p 2020 - Checked Out"
https://catalog.saclibrary.org/GroupedWork/23dbc920-bf72-f9d6-647e-4af717592e73-eng,"Cursed Princess Club: 5","LambCat (Comics writer and artist)",9781834110110,,"WEBTOON Unscrolled",2025,"Toronto, ON","Graphic Novel/Manga","Graphic Novel/Manga::Carmichael Teen Area: TEEN MANGA Cursed Princess v.5 - On Shelf,Graphic Novel/Manga::Orangevale: TEEN MANGA Cursed Princess v.5 - On Shelf,Graphic Novel/Manga::Pocket-Greenhaven Teen Area: TEEN MANGA Cursed Princess v.5 - On Shelf"
https://catalog.saclibrary.org/GroupedWork/dd06ccde-c295-9e8a-5988-c89b25c1600a-eng,"Kaiju no. 8: 2","Matsumoto, Naoya",9781974727148,,"VIZ Media, LLC",2022,"San Francisco, CA","Graphic Novel/Manga","Graphic Novel/Manga::Carmichael Teen Area: TEEN MANGA Kaiju No. 8 v.2 - On Shelf,Graphic Novel/Manga::South Natomas Teen Area: TEEN MANGA Kaiju No. 8 v.2 - Checked Out,Graphic Novel/Manga::Valley Hi-North Laguna Teen Area: TEEN MANGA Kaiju No. 8 v.2 - On Hold Shelf"
https://catalog.saclibrary.org/GroupedWork/446b1cc4-a82f-148f-1e5f-90f3a8d81ff9-eng,Navigation,"Mason, Jenny (Children's author)",9781338853735,,"Children's Press, an imprint of Scholastic Inc; Scholastic Inc.",2023,"New York, NY",eBook;Book,"Book::Carmichael Children's Area: CHILDREN 623.89 M399 2023 - Checked Out,Book::Central Kids Place - Lower Level: CHILDREN 623.89 M399 2023 - On Shelf,Book::Colonial Heights Children's Area: CHILDREN 623.89 M399 2023 - On Shelf"
https://catalog.saclibrary.org/GroupedWork/b6bcc6b1-11cc-8a94-a573-f327b0c5471a-eng,"Genomics: a revolution in health and disease discovery","Stewart, Whitney, 1959-",9781541500563,,"Twenty-First Century Books; Lerner Publishing Group","2020 - 2021",Minneapolis,eBook;Book,"Book::Central Teen Area - 3rd Floor: TEEN 570.9 S852 2021 - On Shelf,Book::Franklin Teen: TEEN 570.9 S852 2021 - On Shelf,Book::Rio Linda Teen Area: TEEN 570.9 S852 2021 - On Shelf"
https://catalog.saclibrary.org/GroupedWork/c8efd8ba-07e1-2c27-9582-e785ec5fed97-eng,"Plant secrets","Goodman, Emily",9781580892049,,"Triangle Interactive, LLC; Charlesbridge","2009 - 2020","Watertown, MA",eBook;Book,"Book::Del Paso Heights Children's Area: CHILDREN 580 G653 2008 - On Shelf,Book::North Natomas Children's Area: CHILDREN 580 G653 2008 - On Shelf,Book::Southgate Children's Area: CHILDREN 580 G653 2008 - On Shelf"
https://catalog.saclibrary.org/GroupedWork/68ab4943-b0ad-da1c-8afe-f7717c6f1a6d-eng,"Hummingbirds: facts and folklore from the Americas","Larson, Jeanette",9781580893336,,Charlesbridge,2011,"Watertown, MA",eBook;Book,"Book::Carmichael Children's Area: CHILDREN 598.764 L334 2010 - On Shelf"
https://catalog.saclibrary.org/GroupedWork/dd4d9e19-5ad0-cdb9-4b03-5ef1c0c39478-eng,"Thor: The Deviants saga","Rodi, Robert",9781302922955,,"Marvel Worldwide, Inc",2020,"New York, NY","Graphic Novel/Manga","Graphic Novel/Manga::Central Teen Area - 3rd Floor: TEEN GRAPHIC NOVEL Thor - On Shelf,Graphic Novel/Manga::Elk Grove Teen Area: TEEN GRAPHIC NOVEL Thor - On Shelf,Graphic Novel/Manga::Franklin Teen: TEEN GRAPHIC NOVEL Thor - On Shelf"
https://catalog.saclibrary.org/GroupedWork/942cd3c2-3c8d-a6e6-2ff3-09ce7b8621b7-eng,"Juba this, Juba that","Becker, Helaine",9780887769757,,"Tundra Books",2011,Toronto,"Picture Book","Picture Book::Central Kids Place - Lower Level: PICTURE BOOK Becker, H. - On Shelf,Picture Book::Pocket-Greenhaven Kids' Place: PICTURE BOOK Becker, H. - On Shelf"
https://catalog.saclibrary.org/GroupedWork/dd0e53f7-1441-eab1-5040-418c312f060f-eng,"Space: a visual encyclopedia",,9781465496850,,"DK Publishing",2020,"New York, New York",Book,"Book::Belle Cooledge Children's Area: CHILDREN 520.3 S732 2020 - Checked Out,Book::Pocket-Greenhaven Kids' Place: CHILDREN 520.3 S732 2020 - On Shelf"
https://catalog.saclibrary.org/GroupedWork/7cbb6e51-695b-2539-834b-ae52a28ea3d7-eng,"In the dark: the science of what happens at night","Deresti Betik, Lisa, 1972-",9781525301094,,"Kids Can Press",2020,"Toronto, ON",Book,"Book::Central Kids Place - Lower Level: CHILDREN 591.518 B563 2020 - On Shelf,Book::North Natomas Children's Area: CHILDREN 591.518 B563 2020 - On Shelf,Book::Rancho Children's Area: CHILDREN 591.518 B563 2020 - On Shelf"
https://catalog.saclibrary.org/GroupedWork/8ca18118-f6b6-b4f1-0009-cdf2e3019f52-eng,"The giant and how he humbugged America","Murphy, Jim, 1947-",9780439691840,,"Scholastic Inc.; Scholastic Press","2012 - 2013","New York",eBook;Book,"Book::Franklin Children's: CHILDREN 974.7 C267 2012 - On Shelf,Book::Folsom Children's Area: CHILDREN 974.765 MUR 2012 - On Shelf,Book::Sutter County Main Branch Children's Area: CHILDREN 974.7 MUR - On Shelf"
https://catalog.saclibrary.org/GroupedWork/56dbb8fd-f371-3bee-3ab7-87b214d45dbe-eng,"From these dark depths","Rasanen, Vanessa",9781732765245,,"Crab Apple Books",2022,"Cheyenne, WY",Book,"Book::Elk Grove: FICTION Rasanen, V. - On Shelf,Book::Franklin: FICTION Rasanen, V. - On Shelf"
https://catalog.saclibrary.org/GroupedWork/c698f35f-0770-0c47-3a1d-e7443f47b2c3-eng,"The universe--a cosmic tour","Stille, Darlene R",9780716695455,,"World Book","2010 - 2017","Chicago, Illinois; Chicago, IL",Book,"Book::Carmichael Children's Area: CHILDREN 523.1 S857 2017 - On Shelf,Book::North Natomas Children's Area: CHILDREN 523.1 S857 2017 - On Shelf"
https://catalog.saclibrary.org/GroupedWork/c4b2189b-f09f-4aa4-a750-14bf05823aa4-eng,"Look out for bugs!","Prokopowicz, Jen",9781940052144,,"Craigmore Creations",2015,"Portland, OR","Picture Book","Picture Book::Central Kids Place - Lower Level: PICTURE BOOK Prokopowicz, J. - On Shelf,Picture Book::Pocket-Greenhaven Kids' Place: PICTURE BOOK Prokopowicz, J. - On Shelf,Picture Book::Valley Hi-North Laguna Children's Area: PICTURE BOOK Prokopowicz, J. - On Shelf"
https://catalog.saclibrary.org/GroupedWork/776bafd7-2d3c-90da-61b2-c771514aaef2-eng,"And so it goes","Valdivia, Paloma",9781554988693,,"Groundwood Books Ltd; Groundwood Books",2017,Toronto,"Picture Book;eBook","Picture Book::Central Kids Place - Lower Level: PICTURE BOOK Valdivia, P. - On Shelf,Picture Book::North Sacramento-Hagginwood Children's Area: PICTURE BOOK Valdivia, P. - On Shelf"
https://catalog.saclibrary.org/GroupedWork/55b744a1-8833-44e6-5d7e-11585e5979af-eng,"The book of blood: from legends and leeches to vampires and veins","Newquist, H. P. (Harvey P.)",9780547315843,,"Houghton Mifflin Books for Children; HarperCollins",2012,Boston,eBook;Book,"Book::Carmichael Children's Area: CHILDREN 612.11 N558 2012 - On Shelf,Book::Courtland Children's Area: CHILDREN 612.11 N558 2012 - On Shelf,Book::Fair Oaks Children's Area: CHILDREN 612.11 N558 2012 - On Shelf"
https://catalog.saclibrary.org/GroupedWork/e9e52559-9beb-e128-26f8-4841d3f81ae5-eng,"The Wendy project","Osborne, Melissa Jane",9781545805275,,"Papercutz; Super Genius",2017,"New York","Graphic Novel/Manga;eComic","Graphic Novel/Manga::Elk Grove Teen Area: TEEN GRAPHIC NOVEL Osborne, M. - On Shelf,Graphic Novel/Manga::Sylvan Oaks Teen Area: TEEN GRAPHIC NOVEL Osborne, M. - On Shelf"
https://catalog.saclibrary.org/GroupedWork/33a11713-014b-415c-c603-b47baf16b911-eng,"The secret life of trees","Butterfield, Moira, 1960-",9780711250024,,"words & pictures",2020,"Mission Viejo, CA",Book,"Book::Belle Cooledge Children's Area: OVERSIZE CHILDREN 582.16 B988 2020 - On Shelf,Book::Courtland Children's Area: OVERSIZE CHILDREN 582.16 B988 2020 - On Shelf,Book::McKinley Children's Area: OVERSIZE CHILDREN 582.16 B988 2020 - Checked Out"
https://catalog.saclibrary.org/GroupedWork/151da407-2ba2-be4f-eeab-ab0bbebff2cf-eng,"Bones in the badlands: albertosaurus discovery","Eason, Sarah",9781636913346,,"Bearport Publishing",2022,"Minneapolis, Minnesota","Graphic Novel/Manga","Graphic Novel/Manga::Carmichael Children's Area: CHILDREN GRAPHIC 567.9 E131 2022 - On Shelf,Graphic Novel/Manga::Central Kids Place - Lower Level: CHILDREN GRAPHIC 567.9 E131 2022 - On Shelf,Graphic Novel/Manga::Courtland Children's Area: CHILDREN GRAPHIC 567.9 E131 2022 - On Shelf"
https://catalog.saclibrary.org/GroupedWork/f9f77776-188d-b9e3-d794-93d5d499d543-eng,"Big top burning: the true story of an arsonist, a missing girl, and the greatest show on Earth","Woollett, Laura A",9781613731147,,"Chicago Review Press",2015,"Chicago, Illinois",eBook;Book,"Book::Del Paso Heights Children's Area: CHILDREN 974.63 W913 2015 - On Shelf,Book::Elk Grove Kids' Place: CHILDREN 974.63 W913 2015 - Checked Out,Book::North Natomas Children's Area: CHILDREN 974.63 W913 2015 - On Shelf"
https://catalog.saclibrary.org/GroupedWork/e6c2ae4f-4279-af6f-5fe0-a4d2a12ff132-eng,"The rising of the shield hero: the manga companion. 9","Aiya, Kyū",9781944937973,,"One Peace Books",2018,"Long Island City, New York","Graphic Novel/Manga","Graphic Novel/Manga::Elk Grove Teen Area: TEEN MANGA Rising Of v.9 - On Shelf,Graphic Novel/Manga::Franklin Teen: TEEN MANGA Rising Of v.9 - On Shelf,Graphic Novel/Manga::McKinley Children's Area: TEEN MANGA Rising Of v.9 - On Shelf"
https://catalog.saclibrary.org/GroupedWork/48cfa8d9-1570-5939-552b-87047a21a121-eng,"At the poles","Elliott, David, 1947-",9781536205992,,"Candlewick Press",2023,"Somerville, Massachusetts",Book,"Book::Carmichael Children's Area: OVERSIZE CHILDREN 808.81 E465 2023 - On Shelf,Book::Central Kids Place - Lower Level: OVERSIZE CHILDREN 808.81 E465 2023 - On Shelf,Book::Colonial Heights Children's Area: OVERSIZE CHILDREN 808.81 E465 2023 - On Shelf"
https://catalog.saclibrary.org/GroupedWork/dccca085-44b8-22aa-21a7-fd253fd36695-eng,"The boy whose head was filled with stars: a life of Edwin Hubble","Marinov, Isabelle",9781592703173,,"Enchanted Lion Books",2021,"New York",Book,"Book::Franklin Children's: OVERSIZE CHILDREN BIOGRAPHY Hubble, E. 2021 - On Shelf,Book::McKinley Children's Area: OVERSIZE CHILDREN BIOGRAPHY Hubble, E. 2021 - On Shelf,Book::North Natomas Children's Area: OVERSIZE CHILDREN BIOGRAPHY Hubble, E. 2021 - On Shelf"
https://catalog.saclibrary.org/GroupedWork/a4fabe5f-c45a-78c6-09fa-9accfcddc580-eng,"Persona 5: Volume 3","Murasaki, Hisato",9781974714698,,"VIZ Media, LLC",2020,"[San Francisco, CA","Graphic Novel/Manga","Graphic Novel/Manga::Central Teen Area - 3rd Floor: TEEN MANGA Persona 5 v.3 - On Shelf,Graphic Novel/Manga::Fair Oaks Teen Area: TEEN MANGA Persona 5 v.3 - On Shelf,Graphic Novel/Manga::McClatchy Teen Area: TEEN MANGA Persona 5 v.3 - On Shelf"
https://catalog.saclibrary.org/GroupedWork/bad395cb-d10e-a950-0b1e-e830cba718e6-eng,"Bones unearthed!","Hollihan, Kerrie Logan",9781419755354,,"Abrams; Abrams Books for Young Readers",2021,"New York",eBook;Book,"Book::Carmichael Children's Area: CHILDREN 930.1 H739 2021 - On Shelf,Book::Central Kids Place - Lower Level: CHILDREN 930.1 H739 2021 - On Shelf,Book::Belle Cooledge Children's Area: CHILDREN 930.1 H739 2021 - On Shelf"
https://catalog.saclibrary.org/GroupedWork/3c4c325f-c8c3-925f-944d-a7d051b966c5-eng,"Tuki: fight for fire","Smith, Jeff, 1960 February 27-",9781888963755,,"Cartoon Books",2021,"Columbus, Ohio","Graphic Novel/Manga","Graphic Novel/Manga::Central Kids Place - Lower Level: CHILDREN GRAPHIC NOVEL Tuki - On Shelf,Graphic Novel/Manga::South Natomas Children's Area: CHILDREN GRAPHIC NOVEL Tuki - On Shelf,Graphic Novel/Manga::Walnut Grove Children's Area: CHILDREN GRAPHIC NOVEL Tuki - On Shelf"
https://catalog.saclibrary.org/GroupedWork/f0ef4e13-566c-9f35-c4b3-db90fafb5d80-eng,"Listen to the language of the trees: a story of how forests communicate underground","Kelley, Tera",9781728232164,,"Dawn Publications; Sourcebooks Inc; Sourcebooks",2022,"Naperville, Illinois",eBook;Book,"Book::Carmichael Children's Area: CHILDREN 582.16 K294 2022 - On Shelf,Book::Central Kids Place - Lower Level: CHILDREN 582.16 K294 2022 - On Shelf,Book::Courtland Children's Area: CHILDREN 582.16 K294 2022 - On Shelf"
https://catalog.saclibrary.org/GroupedWork/0857f3c8-e8a1-44ed-602e-1ab5a8263782-eng,"Real princesses change the world","Pearson, Carrie A., 1962-",9781250751430,,"Roaring Brook Press",2023,"New York",eBook;Book,"Book::Carmichael Children's Area: CHILDREN 305.522 P361 2023 - On Shelf,Book::Central Kids Place - Lower Level: CHILDREN 305.522 P361 2023 - On Shelf,Book::Colonial Heights Children's Area: CHILDREN 305.522 P361 2023 - On Shelf"
https://catalog.saclibrary.org/GroupedWork/7cb59a35-7451-d3f2-42e8-edb455fae185-eng,"Searching for Sarah Rector: the richest black girl in America","Bolden, Tonya",9781419708466,,"ABRAMS; Abrams Books for Young Readers",2014,"New York",eBook;Book,"Book::Central Kids Place - Lower Level: CHILDREN 976.68 B687 2014 - On Shelf,Book::Belle Cooledge Children's Area: CHILDREN 976.68 B687 2014 - In Transit,Book::Courtland Children's Area: CHILDREN 976.68 B687 2014 - On Shelf"
https://catalog.saclibrary.org/GroupedWork/3a21564b-661f-c303-22f1-4d67b13071e8-eng,"Celebrate your body (and its changes, too!): the ultimate puberty book for girls","Taylor, Sonya Renee",9781641521666,,"Sourcebooks Inc; Rockridge Press",2018,"Emeryville, CA",eBook;Book,"Book::Carmichael Children's Area: CHILDREN 613.04243 T246 2018 - On Shelf,Book::Central Kids Place - Lower Level: CHILDREN 613.04243 T246 2018 - Checked Out,Book::South Natomas Children's Area: CHILDREN 613.04243 T246 2018 - Checked Out"
https://catalog.saclibrary.org/GroupedWork/015855c6-b332-ba58-7499-2dfd22dd9e74-eng,"Jim Henson's the Power of the Dark Crystal: vol. 1","Spurrier, Simon",9781608869923,,Archaia,2017,"Los Angeles, CA","Graphic Novel/Manga","Graphic Novel/Manga::Central: GRAPHIC NOVEL Spurrier, S. v.1 - In Transit,Graphic Novel/Manga::Elk Grove: GRAPHIC NOVEL Spurrier, S. v.1 - Checked Out,Graphic Novel/Manga::Franklin: GRAPHIC NOVEL Spurrier, S. v.1 - On Shelf"
https://catalog.saclibrary.org/GroupedWork/67e4dd10-e292-b92a-9a65-db1b2be628fe-eng,"An American plague: the true and terrifying story of the yellow fever epidemic of 1793","Murphy, Jim, 1947-",9780395776087,,"Recorded Books, Inc.; Clarion Books; Houghton Mifflin Harcourt","2003 - 2014","New York",eAudiobook;eBook;Book,"Book::Arcade Children's Area: CHILDREN 614.541 M978 2003 - On Shelf,Book::Carmichael Children's Area: CHILDREN 614.541 M978 2003 - On Shelf,Book::Central Kids Place - Lower Level: CHILDREN 614.541 M978 2003 - On Shelf"
https://catalog.saclibrary.org/GroupedWork/af5cde3d-5628-89b7-4d62-d324d617a342-eng,"What are my rights?: Q&A about teens and the law","Jacobs, Thomas A",9781631983115,,"Free Spirit Publishing Inc; Free Spirit Publishing","2019 - 2020","Minneapolis, MN",eBook;Book,"Book::Central Teen Area - 3rd Floor: TEEN 346.73013 J175 2019 - On Shelf,Book::Galt Teen Area: TEEN 346.73013 J175 2019 - On Shelf,Book::Sacramento Public Library Storage: TEEN 346.73013 J175 2019 - Checked Out"
https://catalog.saclibrary.org/GroupedWork/7c726bb3-2e00-cc70-7194-0ea4e9d5a7c7-eng,"Batman: Earth one. Volume three","Johns, Geoff, 1973-",9781401259044,,"DC Comics",2021,"Burbank, California","Graphic Novel/Manga","Graphic Novel/Manga::Carmichael Teen Area: TEEN GRAPHIC NOVEL Batman v.3 - On Shelf,Graphic Novel/Manga::Central Teen Area - 3rd Floor: TEEN GRAPHIC NOVEL Batman v.3 - On Shelf,Graphic Novel/Manga::Elk Grove Teen Area: TEEN GRAPHIC NOVEL Batman v.3 - On Shelf"
https://catalog.saclibrary.org/GroupedWork/2c6e41ea-886d-5311-7c5f-c08636d38c8a-eng,"Mozart's wig","Bailey, Gerry",9780778737186,,"Crabtree Pub",2009,"New York",Book,"Book::Pocket-Greenhaven Kids' Place: CHILDREN BIOGRAPHY Mozart, W. 2009 - Checked Out"
https://catalog.saclibrary.org/GroupedWork/f6665d7a-82bb-0d52-459f-a9227bfc3d5d-eng,"What Linnaeus saw: a scientist's quest to name every living thing","Beil, Karen Magnuson",9781324004684,,"Recorded Books, Inc.; Norton Young Readers, an imprint of W.W. Norton & Company",2019,"New York, NY",Book;eAudiobook,"Book::Central Kids Place - Lower Level: CHILDREN BIOGRAPHY Linnaeus, C. 2019 - On Shelf,Book::Belle Cooledge Children's Area: CHILDREN BIOGRAPHY Linnaeus, C. 2019 - Checked Out,Book::Rancho Children's Area: CHILDREN BIOGRAPHY Linnaeus, C. 2019 - On Shelf"
https://catalog.saclibrary.org/GroupedWork/dd70b293-478e-acab-8a0d-aa5ff227a9dc-eng,"Searching beyond the stars: seven women in science take on space's biggest questions","Mortillaro, Nicole, 1972-",9781773216256,,"Annick Press",2022,Toronto,eBook;Book,"Book::Central Kids Place - Lower Level: CHILDREN 629.4 M888 2022 - On Shelf,Book::Courtland Children's Area: CHILDREN 629.4 M888 2022 - On Shelf,Book::Fair Oaks Children's Area: CHILDREN 629.4 M888 2022 - On Shelf"
https://catalog.saclibrary.org/GroupedWork/564d2e9f-3da0-7264-2465-e8383130b731-eng,"The Tuttle twins and the creature from Jekyll Island","Boyack, Connor",9781943521029,,"Libertas Press",2015,"[Lehi, Utah]",Book,"Book::Elk Grove Kids' Place: CHILDREN FICTION Boyack, C. - Checked Out"
https://catalog.saclibrary.org/GroupedWork/e8914842-a718-f918-9e14-ec4b0756d6f9-eng,"Black Widow: 2, I am the Black Widow","Thompson, Kelly, 1976-",9781302930134,,"Marvel Worldwide, Inc",2021,"New York, NY","Graphic Novel/Manga","Graphic Novel/Manga::Central Teen Area - 3rd Floor: TEEN GRAPHIC NOVEL Black Widow v.2 - On Shelf,Graphic Novel/Manga::Elk Grove Teen Area: TEEN GRAPHIC NOVEL Black Widow v.2 - On Shelf,Graphic Novel/Manga::Franklin Teen: TEEN GRAPHIC NOVEL Black Widow v.2 - On Shelf"
https://catalog.saclibrary.org/GroupedWork/111c2c9d-c701-dc8f-c483-9e7389404c15-eng,"Anyway, I'm falling in love with you: 1","Mitsui, Haruka",9798888771150,,"Kodansha USA Publishing, LLC",2024,"New York","Graphic Novel/Manga","Graphic Novel/Manga::Colonial Heights: TEEN MANGA Anyway I'm v.1 - On Shelf,Graphic Novel/Manga::McKinley Children's Area: TEEN MANGA Anyway I'm v.1 - On Shelf,Graphic Novel/Manga::South Natomas Teen Area: TEEN MANGA Anyway I'm v.1 - On Shelf"
https://catalog.saclibrary.org/GroupedWork/fc5d99a5-6d3e-4b16-052b-0ccd00db7d5c-eng,"Celtic fairy tales","Philip, Neil",9781861478757,,"Armadillo, an imprint of Annes Publishing Limited",2020,[London],Book,"Book::Carmichael Children's Area: CHILDREN 398.2 P594 2020 - On Shelf,Book::Colonial Heights Children's Area: CHILDREN 398.2 P594 2020 - Checked Out"
https://catalog.saclibrary.org/GroupedWork/bde70019-a1a3-7d7b-37e4-48e22e9fbfef-eng,"I am Amelia Earhart","Meltzer, Brad",9780803740822,,"Dial Books for Young Readers; Penguin Young Readers Group",2014,"New York, New York",eBook;Book,"Book::North Natomas Children's Area: CHILDREN BIOGRAPHY Earhart, A. 2014 - On Shelf,Book::Sylvan Oaks Children's Area: CHILDREN BIOGRAPHY Earhart, A. 2014 - Checked Out,Book::Arbuckle Branch Library Juvenile Collection: J B EARHART M - On Shelf"
https://catalog.saclibrary.org/GroupedWork/1c56518a-0a6d-582c-53e4-69e6bbe95bcb-eng,"The deep blue: explore Earth's majestic oceans","Guillain, Charlotte",9780711250109,,QEB,2021,"Mission Viejo, CA",Book,"Book::Arcade Children's Area: OVERSIZE CHILDREN 578.77 G957 2021 - On Shelf,Book::Central Kids Place - Lower Level: OVERSIZE CHILDREN 578.77 G957 2021 - On Shelf,Book::Belle Cooledge Children's Area: OVERSIZE CHILDREN 578.77 G957 2021 - Checked Out"
https://catalog.saclibrary.org/GroupedWork/e8ccceaf-0f0d-1b9a-4252-c86ef2e10c56-eng,"Hey, kiddo","Krosoczka, Jarrett",9781338604542,9781338604542,"Scholastic Audiobooks",2019,"New York, NY","Audiobook - CD","Audiobook - CD::Central Teen Area - 3rd Floor: CD TEEN FICTION Krosoczka, J. - On Shelf"
https://catalog.saclibrary.org/GroupedWork/0af7e87c-22ec-b685-4a3c-c3fbc96daf0f-eng,"The story of my life","Keller, Helen, 1880-1968",9780393325683,,"Tantor Media, Inc.; Samaira Book Publishers; GENERAL PRESS; Norton; Happy Hour Books; Global Publishers; Blackstone Publishing; Open Road Media; Doubleday; SC Active Business Development SRL; Recorded Books, Inc.; Dover Publications; Mint Editions; Z & L Barnes Publishing; Neeland Media LLC; G&D Media","1954 - 2023","New York; Garden City, N.Y",eAudiobook;eBook;Book,"Book::Southgate: BIOGRAPHY Keller, H. 2003 - Checked Out,Book::Folsom Reading Room: BIOGRAPHY Keller, H. 2003 - On Hold Shelf"
https://catalog.saclibrary.org/GroupedWork/1e9859dc-d466-1654-5472-fd996fabaea1-eng,"All the feelings under the sun: how to deal with climate change","Davenport, Leslie (Climate psychology educator and consultant)",9781433833915,,"Magination Press; Magination Press ® — American Psychological Association","2015 - 2021","Washington, DC",eBook;Book,"Book::Franklin Children's: CHILDREN 363.7387 D247 2021 - On Shelf,Book::Galt Children's Area: CHILDREN 363.7387 D247 2021 - On Shelf,Book::McKinley Children's Area: CHILDREN 363.7387 D247 2021 - On Shelf"
https://catalog.saclibrary.org/GroupedWork/08eca6b0-8898-0095-6d60-e2e503e86520-eng,"See inside your body","Daynes, Katie",9780794512330,,EDC/Usborne,2006,"Tulsa (OK.)",Book,"Book::Carmichael Children's Area: CHILDREN 612 D275 2006 - On Hold Shelf"
https://catalog.saclibrary.org/GroupedWork/e2142233-f2f1-8cb9-e036-2c68a3592d04-eng,"Ghosts and goblins: scary stories from around the world","Pearson, Maggie, 1941-",9781512413397,,"Lerner Publishing Group|Lerner Publishing Group; Darby Creek",2016,Minneapolis,eBook;Book,"Book::Rancho Children's Area: CHILDREN 398.25 P362 2016 - Checked Out,Book::Southgate Children's Area: CHILDREN 398.25 P362 2016 - Checked Out"
https://catalog.saclibrary.org/GroupedWork/29628bab-6da4-f851-6d99-55d0202d88a0-eng,"Mission Arctic: a scientific adventure to a changing North Pole","Weiss-Tuider, Katharina",9781771649568,,"Greystone Kids; Greystone Books",2023,Vancouver,eBook;Book,"Book::Carmichael Children's Area: OVERSIZE CHILDREN 363.73874 W432 2023 - Checked Out,Book::Central Kids Place - Lower Level: OVERSIZE CHILDREN 363.73874 W432 2023 - On Shelf,Book::Colonial Heights Children's Area: OVERSIZE CHILDREN 363.73874 W432 2023 - On Shelf"
https://catalog.saclibrary.org/GroupedWork/0fb8e2fa-0da0-d7b4-effa-6797b780ea39-eng,"Shoe dog: a memoir by the creator of Nike","Knight, Philip H., 1938-",9781501135927,,"Audioworks, Simon & Schuster Audio; Scribner; Simon & Schuster/Paula Wiseman Books","2016 - 2017","New York; New York, NY","Audiobook - CD;Book","Book::Central: 338.7 K712 2016 - On Hold Shelf,Book::Fair Oaks: 338.7 K712 2016 - On Shelf,Book::Valley Hi-North Laguna: 338.7 K712 2016 - On Hold Shelf"
https://catalog.saclibrary.org/GroupedWork/d8ab0f64-83f0-621c-3838-ef90e679a317-eng,"Batman: universe","Bendis, Brian Michael",9781401294847,,"DC Comics",2020,"Burbank, CA","Graphic Novel/Manga;eComic","Graphic Novel/Manga::Rancho Cordova: TEEN GRAPHIC NOVEL Batman - On Shelf,Graphic Novel/Manga::Valley Hi-North Laguna Teen Area: TEEN GRAPHIC NOVEL Batman - Checked Out,Graphic Novel/Manga::Sacramento Public Library Storage: TEEN GRAPHIC NOVEL Batman - On Shelf"
https://catalog.saclibrary.org/GroupedWork/dcfe7fcf-92d8-0d93-9e8c-75650304905f-eng,"A child's history of England","Dickens, Charles, 1812-1870",9781497663022,,"Interactive Media; Dover Publications; distributed by Heron Books; A.L. Burt Co; Sheba Blake Publishing; Sheba Blake Publishing Corp.; Open Road Media; Neeland Media LLC","1890 - 2024","New York; [McMinnville, OR]",eBook;Book;eAudiobook,"Book::Central: 942 D548 1980 - On Shelf,Book::Sacramento Room: SPE 942 D5482 189- CHI - Library Use Only"
https://catalog.saclibrary.org/GroupedWork/94432628-8194-a07e-8b96-4ab411d72f0e-eng,"What the dog knows: the science and wonder of working dogs","Warren, Cat",9781451667318,,"Simon & Schuster Audio; Simon & Schuster",2013,"New York",Book;eAudiobook,"Book::Central: 636.70886 W287 2013 - On Shelf,Book::Rancho Cordova: 636.70886 W287 2013 - On Shelf,Book::Woodland Public Library: 636.7 War 2013 - On Shelf"
https://catalog.saclibrary.org/GroupedWork/bd37c0b6-0161-3c39-a0aa-b5164e8f03af-eng,"The treasure hunt: true stories of treasures lost, stolen, and found","Stewart-Sharpe, Leisa",9781623546298,,Charlesbridge,2025,"Watertown, MA",eBook;Book,"Book::Carmichael Children's Area: CHILDREN 904 S851 2025 - Checked Out,Book::Franklin Children's: CHILDREN 904 S851 2025 - On Shelf,Book::Pocket-Greenhaven Kids' Place: CHILDREN 904 S851 2025 - On Shelf"
https://catalog.saclibrary.org/GroupedWork/7e1befc5-59ad-1005-5810-d12eb5951597-eng,"Airport Adventure: With Mo T - The Airport Guy","Taher, Mohammad",9780593965214,,"DK; DK Publishing (Dorling Kindersley)",2026,,eBook;Book,"Book::Central Kids Place - Lower Level: ON ORDER - On Order,Book::Sacramento Public Library: ON ORDER - On Order,Book::Folsom Children's Area NEW: CHILDREN 387.7 TAH 2026 - In Transit"
https://catalog.saclibrary.org/GroupedWork/65ac84d9-7577-46f1-ed58-8854e2afadc9-eng,"Steel of the celestial shadows: 8","Matsuura, Daruma, 1984-",9781974752874,,"Viz Media, LLC",2025,"San Francisco, CA","Graphic Novel/Manga","Graphic Novel/Manga::Arcade: MANGA Steel Of v.8 - On Shelf,Graphic Novel/Manga::Central: MANGA Steel Of v.8 - On Shelf,Graphic Novel/Manga::Colonial Heights: MANGA Steel Of v.8 - On Shelf"
https://catalog.saclibrary.org/GroupedWork/017f040a-4120-1bd8-0be2-1d2dd857961a-eng,"One Ocean: 7 Ways to Save the Seas","Leiren-Young, Mark",9781459842939,,"Orca Book Publishers",2026,,eBook;Book,"Book::Central Kids Place - Lower Level: ON ORDER - On Order,Book::Sacramento Public Library: ON ORDER - On Order,Book::Folsom Children's Area NEW: CHILDREN 333.916 LEI 2026 - On Shelf"
https://catalog.saclibrary.org/GroupedWork/c20a18cb-fd9a-e684-22f9-5583db43cc4a-eng,"Fred & Marjorie: a doctor, a dog, and the discovery of insulin","Kerbel, Deborah",9781771474115,,"Owlkids Books",2021,"Toronto, ON","Graphic Novel/Manga","Graphic Novel/Manga::Carmichael Children's Area: CHILDREN GRAPHIC 612.34 K392 2021 - On Shelf,Graphic Novel/Manga::Elk Grove Kids' Place: CHILDREN GRAPHIC 612.34 K392 2021 - On Shelf,Graphic Novel/Manga::North Natomas Children's Area: CHILDREN GRAPHIC 612.34 K392 2021 - On Shelf"
https://catalog.saclibrary.org/GroupedWork/d5f94dd5-fed2-879c-cdce-fd62f536c9f4-eng,"Marshmallow clouds: two poets at play among figures of speech","Kooser, Ted",9781536203035,,"Candlewick Press","2022 - 2026","Somerville, Massachusetts",eBook;Book,"Book::Carmichael Children's Area: CHILDREN 811.54 K829 2022 - Checked Out,Book::Central Kids Place - Lower Level: CHILDREN 811.54 K829 2022 - On Shelf,Book::Franklin Children's: CHILDREN 811.54 K829 2022 - On Shelf"
https://catalog.saclibrary.org/GroupedWork/534e8b6b-8cfe-dda3-a0c0-ee63dcc58bb4-eng,"Scooby-Doo's laugh-out-loud jokes!","Dahl, Michael",9781623701826,,"Capstone Young Readers; Capstone",2015,"North Mankato, MN",eBook;Book,"Book::Arden-Dimick Children's Area: CHILDREN 818.602 D131 2015 - Checked Out"
https://catalog.saclibrary.org/GroupedWork/5a86c874-28c4-a645-a388-8fd138b12842-eng,"Wings of fire: the graphic novel. Book three, The hidden kingdom","Sutherland, Tui, 1978-",9781338344059,,"Graphix, an imprint of Scholastic",2019,"New York","Graphic Novel/Manga","Graphic Novel/Manga::Arcade Children's Area: CHILDREN GRAPHIC NOVEL Wings of Fire v.3 - On Hold Shelf,Graphic Novel/Manga::Central Kids Place - Lower Level: ON ORDER - On Order,Graphic Novel/Manga::Colonial Heights Children's Area: CHILDREN GRAPHIC NOVEL Wings of Fire v.3 - Checked Out"
https://catalog.saclibrary.org/GroupedWork/42a494e9-6a06-16c6-5f7f-790f04155175-eng,"Pokemon Legendary and mythical guidebook: super deluxe edition","Whitehill, Simcha",9781338795332,,"Scholastic Inc",2022,"New York, NY",Book,"Book::Arcade Children's Area: CHILDREN 794.85 P761 2022 - Checked Out,Book::Carmichael Children's Area: CHILDREN 794.85 P761 2022 - Checked Out"
https://catalog.saclibrary.org/GroupedWork/318ea8ee-50b9-9b24-369b-6f127faad229-eng,"Witch hat Atelier: Volume 3","Shirahama, Kamome",9781632368058,BT000076191400300301900209_001,"Kodansha Comics, an imprint of Kodansha USA Publishing, LLC; Kodansha USA Publishing LLC",2019,"New York","Graphic Novel/Manga;eBook","Graphic Novel/Manga::Carmichael Teen Area: TEEN MANGA Witch Hat v.3 - Checked Out,Graphic Novel/Manga::Central Teen Area - 3rd Floor: TEEN MANGA Witch Hat v.3 - Checked Out,Graphic Novel/Manga::Franklin Teen: TEEN MANGA Witch Hat v.3 - Checked Out"
https://catalog.saclibrary.org/GroupedWork/755a11ff-b4f0-6c52-1818-c9aaa441a94d-eng,Honor,"McClelland, Susan/ Mariichyn, Nataliia",9781662621086,,"Recorded Books, Inc.; Astra Publishing House; Penguin Distribution Childrens",2026,,eAudiobook;Book;eBook,"Book::Central Teen Area - 3rd Floor: 920.0000 - In Processing,Book::Central Teen Area - 3rd Floor: ON ORDER - On Order,Book::Sacramento Public Library: 920.0000 - In Processing"
https://catalog.saclibrary.org/GroupedWork/10e2a260-ac18-965f-7668-2d4267b0ac1b-eng,"Signing their rights away: the fame and misfortune of the men who signed the United States Constitution","Kiernan, Denise",9781683691273,,"Quirk Book; Quirk Books","2011 - 2019","Philadelphia, PA; Philadelphia",Book,"Book::Carmichael: 973.30922 K47 2011 - On Shelf,Book::North Natomas: 973.30922 K47 2011 - On Shelf,Book::Orangevale: 973.30922 K47 2011 - On Shelf"
https://catalog.saclibrary.org/GroupedWork/cf8f8365-c9db-e4cd-cf09-a993dc402b73-eng,"The how and wow of the human body: from your tongue to your toes and all the guts in between","Thomas, Mindy",9780358306634,,"Houghton Mifflin Harcourt; HarperCollins",2021,Boston,eBook;Book,"Book::Carmichael Children's Area: CHILDREN 612 T459 2021 - Checked Out,Book::Belle Cooledge Children's Area: CHILDREN 612 T459 2021 - Checked Out,Book::Orangevale: CHILDREN 612 T459 2021 - Checked Out"
https://catalog.saclibrary.org/GroupedWork/7efc3a46-4fc8-274e-e51b-7ce90db13303-eng,"The Maya",,9780716621362,,"World Book",2009,Chicago,Book,"Book::Courtland Children's Area: CHILDREN 972.81 M467 2009 - On Hold Shelf"
https://catalog.saclibrary.org/GroupedWork/1dc11255-1eaf-8d99-6ee0-7d0c6e17f324-eng,"Growing patterns: Fibonacci numbers in nature","Campbell, Sarah C., 1966-",9781590787526,,"Boyds Mills Press",2010,"Honesdale, Pa",Book,"Book::Pocket-Greenhaven Kids' Place: CHILDREN 512.72 C191 2010 - Checked Out,Book::Folsom Children's Area: CHILDREN 512.72 CAM 2010 - Checked Out,Book::Woodland Public Library Children's Area: CHILDREN 512.72 Cam 2010 - Checked Out"
https://catalog.saclibrary.org/GroupedWork/300b0db3-1876-6597-44e3-a4ec9e606cbd-eng,"Coral reefs","Chin, Jason, 1978-",9781596435636,,"Roaring Brook Press",2011,"New York",Book,"Book::Sylvan Oaks Children's Area: CHILDREN 577.789 C539 2011 - Checked Out,Book::Barber Branch: PICTURE BOOK Chin, J. [PAPERBACK] - On Shelf,Book::Colusa Main Branch Juvenile Collection: J 577.789 C - On Shelf"
https://catalog.saclibrary.org/GroupedWork/29183366-ae45-eb1d-0843-a891f39517b6-eng,"Hi, Koo!: a year of seasons","Muth, Jon J",9780545166683,,"Scholastic Inc.; Scholastic Press","2014 - 2015","New York",eBook;Book,"Book::Belle Cooledge Children's Area: CHILDREN 811 M992 2014 - On Shelf,Book::Rancho Children's Area: CHILDREN 811 M992 2014 - On Shelf,Book::Rio Linda Children's Area: CHILDREN 811 M992 2014 - On Shelf"
https://catalog.saclibrary.org/GroupedWork/b1b85c1e-2137-6721-ad55-fb7ca88bca44-eng,"Pokémon legendary and mythical guidebook: Deluxe updated edition",,9781546131274,,"Scholastic Inc",2025,"New York, NY",Book,"Book::Central Kids Place - Lower Level: CHILDREN 794.85 P761 2025 - Checked Out,Book::Fair Oaks Children's Area: CHILDREN 794.85 P761 2025 - Checked Out,Book::Franklin Children's: CHILDREN 794.85 P761 2025 - OFF CAMPUS"
https://catalog.saclibrary.org/GroupedWork/cc9d485a-a831-8373-46b1-ee19b16a4216-eng,"The Canterbury tales","Chaucer, Geoffrey, -1400",9780553210828,,"Penguin; D. Appleton & Co; Dreamscape Media; Penguin Classics, an imprint of Penguin Books; Blackstone Publishing; Penguin Books; Franklin Library; Barnes & Noble Classics; Distributed by Random House; Bantam Books; Start Publishing LLC; Knopf; Naxos Audiobooks; Garden City Pub. Co; Librofilio; Modern Library; Golden Cockerel Press","1855 - 2023","London; New York; Franklin Center, PA; Waltham Saint Lawrence, Berkshire; New York, N.Y., U.S.A",eBook;Book;eAudiobook,"Book::Arcade: 821.1 C496 2003 - On Shelf,Book::Carmichael: 821.1 C496 2003 - Checked Out,Book::Central: 821.1 C496 2003 - On Shelf"
https://catalog.saclibrary.org/GroupedWork/0bec3a07-3574-6ec9-ed05-84e67f8e5f5c-eng,"Jujutsu kaisen: 7, The origin of obedience","Akutami, Gege, 1992-",9781974717118,,"VIZ Media, LLC",2020,"San Francisco, CA","Graphic Novel/Manga","Graphic Novel/Manga::Central Teen Area - 3rd Floor: TEEN MANGA Jujutsu Kaisen v.7 - Checked Out,Graphic Novel/Manga::Sylvan Oaks Teen Area: TEEN MANGA Jujutsu Kaisen v.7 - Checked Out,Graphic Novel/Manga::Valley Hi-North Laguna Teen Area: TEEN MANGA Jujutsu Kaisen v.7 - Checked Out"
https://catalog.saclibrary.org/GroupedWork/9b2c5605-91ec-f2af-455c-5cb0670d8499-eng,"An anthology of our extraordinary Earth","Oldershaw, Cally",9780744083903,,"DK/Penguin Random House",2023,"New York, NY",Book,"Book::Carmichael Children's Area: CHILDREN 910.02 O44 2023 - Checked Out,Book::Central Kids Place - Lower Level: CHILDREN 910.02 O44 2023 - In Transit,Book::Fair Oaks Children's Area: CHILDREN 910.02 O44 2023 - In Transit"
https://catalog.saclibrary.org/GroupedWork/a0c8cc27-cef6-a820-014e-41fa85270145-eng,"The Lost Colony of Roanoke","Fritz, Jean",9780399240270,,"G.P. Putnam's Sons",2004,"New York",Book,"Book::Rancho Children's Area: CHILDREN 975.6175 F919 2004 - Checked Out,Book::Folsom Children's Area: CHILDREN 975.6175 FRI 2004 - On Shelf,Book::Woodland Public Library Children's Area: CHILDREN 975.6 FRI 2004 - On Shelf"
https://catalog.saclibrary.org/GroupedWork/6b6287ce-3d84-ae2f-5010-d8f159da982a-eng,"The thief and the sword","Maihack, Mike",9780545528443,,"Graphix, an imprint of Scholastic",2015,"New York","Graphic Novel/Manga","Graphic Novel/Manga::Colonial Heights Children's Area: CHILDREN GRAPHIC NOVEL Cleopatra in v.2 - On Hold Shelf,Graphic Novel/Manga::North Natomas Children's Area: CHILDREN GRAPHIC NOVEL Cleopatra in v.2 - Checked Out,Graphic Novel/Manga::Valley Hi-North Laguna Children's Area: CHILDREN GRAPHIC NOVEL Cleopatra in v.2 - Checked Out"
https://catalog.saclibrary.org/GroupedWork/5840e230-7d50-f3f5-ffb5-ca86edcfca99-eng,"The big one: the Cascadia earthquakes and the science of saving lives","Rusch, Elizabeth",9780544889040,,"Houghton Mifflin Harcourt; HarperCollins",2020,Boston,eBook;Book,"Book::Carmichael Children's Area: CHILDREN 551.22 R951 2020 - On Shelf,Book::Central Kids Place - Lower Level: CHILDREN 551.22 R951 2020 - On Shelf,Book::Pocket-Greenhaven Kids' Place: CHILDREN 551.22 R951 2020 - On Shelf"
https://catalog.saclibrary.org/GroupedWork/202787cf-1ac0-0bbd-6c5d-bb77b45a4f15-eng,"Your ultimate travel adventure list: all the world's most amazing places in one book","Brett, Anna",9781837583065,,"Lonely Planet Global Limited",2024,"Dublin, Ireland",Book,"Book::Carmichael Children's Area: CHILDREN 910.202 B845 2024 - Checked Out,Book::Courtland Children's Area: CHILDREN 910.202 B845 2024 - Checked Out,Book::Franklin Children's: CHILDREN 910.202 B845 2024 - Checked Out"
https://catalog.saclibrary.org/GroupedWork/34f4489b-a442-942f-4704-8a0287b55a1a-eng,"The great LEGO puzzle book: 120 creative building challenges","Berg, Jacob",9781718504226,,"No Starch Press",2025,"San Francisco, CA",Book,"Book::Central Kids Place - Lower Level: CHILDREN 688.725 L516zb 2025 - Checked Out,Book::Colonial Heights Children's Area: CHILDREN 688.725 L516zb 2025 - Checked Out,Book::Belle Cooledge Children's Area: CHILDREN 688.725 L516zb 2025 - Checked Out"
https://catalog.saclibrary.org/GroupedWork/ba0cfd5c-a24b-caa3-a0ad-67531d5a73f5-eng,"Where do ocean creatures sleep at night?","Simmons, Steven J., 1946-",9781632899361,,Charlesbridge,2024,"Watertown, MA","Picture Book;eBook","Picture Book::Belle Cooledge Children's Area: PICTURE BOOK Simmons, S. - Checked Out,Picture Book::Franklin Children's: PICTURE BOOK Simmons, S. - On Shelf,Picture Book::Galt Children's Area: PICTURE BOOK Simmons, S. - Checked Out"
https://catalog.saclibrary.org/GroupedWork/6c63aa48-6a43-b534-a6d8-9a78f3134eca-eng,"Jujutsu Kaisen: 5, Kyoto sister-school goodwill event","Akutami, Gege, 1992-",9781974714810,,"VIZ Media, LLC",2020,"San Francisco, CA","Graphic Novel/Manga","Graphic Novel/Manga::Central Teen Area - 3rd Floor: TEEN MANGA Jujutsu Kaisen v.5 - Checked Out,Graphic Novel/Manga::Franklin Teen: TEEN MANGA Jujutsu Kaisen v.5 - On Hold Shelf,Graphic Novel/Manga::McClatchy Teen Area: TEEN MANGA Jujutsu Kaisen v.5 - Checked Out"
https://catalog.saclibrary.org/GroupedWork/43e274b1-8e1e-a934-75e2-2145a495406d-eng,"Ancient Egypt for kids","Růžička, Oldřich",9788000065991,,"Albatros Media",2022,Prague,Book,"Book::Carmichael Children's Area: CHILDREN 932 R987 2022 - In Transit"
https://catalog.saclibrary.org/GroupedWork/fa3f1932-73cd-0a84-224e-75d6272cef52-eng,"Black potatoes: the story of the great Irish famine, 1845-1850","Bartoletti, Susan Campbell",9780618002719,,"Houghton Mifflin; Houghton Mifflin Harcourt","2001 - 2014",Boston,eBook;Book,"Book::North Natomas Children's Area: CHILDREN 941.5081 B292 2001 - Checked Out,Book::Colusa Main Branch Juvenile Collection: J 941.5081 B - On Shelf,Book::Woodland Public Library Children's Area: CHILDREN 941.5081 Bar 2001 - On Shelf"
https://catalog.saclibrary.org/GroupedWork/8014a599-3ff3-7cf1-8d4d-47f2a1025e2a-eng,"Ilyas and Duck: search for Allah","Khawaja, Omar S",9780985072810,,"LBK Books",2012,"Washington, DC",Book,"Book::North Natomas Children's Area: CHILDREN 297.211 K45 2012 - OFF CAMPUS,Book::Rancho Children's Area: CHILDREN 297.211 K45 2012 - On Hold Shelf"
https://catalog.saclibrary.org/GroupedWork/565f35c1-3009-e3ec-f409-352115ff9e58-eng,"The cuckoo's haiku: and other birding poems","Rosen, Michael J., 1954-",9780763630492,,"Candlewick Press",2009,"Somerville, Mass",Book,"Book::Pocket-Greenhaven Kids' Place: CHILDREN 811.54 R813 2009 - Checked Out"
https://catalog.saclibrary.org/GroupedWork/6350f5e1-5bcb-e82b-859f-2bf34cfad42a-eng,"Mob psycho 100: Volume 16","ONE, 1986-",9781506738017,,"Dark Horse Manga",2026,"Milwaukie, OR","Graphic Novel/Manga","Graphic Novel/Manga::Central Teen Area - 3rd Floor: ON ORDER - On Order,Graphic Novel/Manga::Central Teen Area - 3rd Floor: TEEN MANGA Mob Psycho v.16 - In Processing,Graphic Novel/Manga::Sacramento Public Library: ON ORDER - On Order"
https://catalog.saclibrary.org/GroupedWork/ab8ce0ca-b2de-30c9-c7a8-ae6dcf53257e-eng,"The first conspiracy: the secret plot to kill George Washington","Meltzer, Brad",9781250244833,,"Thorndike Press, a part of Gale, a Cengage Company; Macmillan Audio; Roaring Brook Press; Flatiron Books","2019 - 2020","New York; New York, NY; Farmington Hills, Mich","eAudiobook;Audiobook - CD;eBook;Large Print;Book","Book::Elk Grove Teen Area: TEEN 973.41092 W318zm2 2020 - On Shelf,Book::Rio Linda Teen Area: TEEN 973.41092 W318zm2 2020 - On Shelf,Book::Southgate Teen Area: TEEN 973.41092 W318zm2 2020 - On Shelf"
https://catalog.saclibrary.org/GroupedWork/f37e9b9f-2615-95b9-5ccb-c5d2e760ea54-eng,"Fourteen Ways of Looking at Jellyfish","Weatherford, Carole Boston",9781536235074,,"Candlewick Press; Candlewick Press (MA)",2026,,eBook;Book,"Book::Central Kids Place - Lower Level: ON ORDER - On Order,Book::Sacramento Public Library: ON ORDER - On Order,Book::Folsom Children's Area NEW: CHILDREN 593.5 WEA 2026 - Checked Out"
https://catalog.saclibrary.org/GroupedWork/83e384f0-238c-d3b0-7caa-dd7a35c3abc4-eng,"Five nights at Freddy's: Fazbear frights : graphic novel collection. Vol. 2","Cawthon, Scott, 1971-",9781338792720,,"Graphix, an imprint of Scholastic",2023,"New York, NY","Graphic Novel/Manga","Graphic Novel/Manga::McClatchy Teen Area: TEEN GRAPHIC NOVEL Five Nights v.2 - In Transit,Graphic Novel/Manga::Sacramento Public Library Storage: TEEN GRAPHIC NOVEL Five Nights v.2 - On Hold Shelf,Graphic Novel/Manga::Sutter County Main Branch Teen Area: TEEN GRAPHIC NOVEL FIve Night v.2 - Checked Out"
https://catalog.saclibrary.org/GroupedWork/7b7cfd87-6240-5c09-cd6d-66243100e38f-eng,"Unicorn boy and the slumber party of doom!: 2 : a graphic novel","Roman, Dave",9781250830296,,"First Second",2026,"New York","Graphic Novel/Manga","Graphic Novel/Manga::Central Kids Place - Lower Level: CHILDREN GRAPHIC NOVEL Unicorn Boy  v.2 - In Processing,Graphic Novel/Manga::Central Kids Place - Lower Level: ON ORDER - On Order,Graphic Novel/Manga::Sacramento Public Library: CHILDREN GRAPHIC NOVEL Unicorn Boy  v.2 - In Processing"
https://catalog.saclibrary.org/GroupedWork/d91f6d47-b100-4cfd-3d09-25fbb04b0760-eng,"Fairy Tale Land: 12 classic tales reimagined","Davies, Kate, 1962-",9780711247536,,"Frances Lincoln Children's Books; Frances Lincoln Children's Books, an imprint of The Quatro Group",2021,"Beverly, MA",eBook;Book,"Book::Pocket-Greenhaven Kids' Place: OVERSIZE CHILDREN 398.2 D256 2021 - Checked Out"
https://catalog.saclibrary.org/GroupedWork/dd623d50-f4c7-c07d-1df2-2826e3d836ac-eng,"Terrifying True Tales: Haunting Histories, Creepy Cryptids, and Scary Stories from Around the World","Towler, Paige",9798217224869,,"Books on Tape; National Geographic Kids",2026,,eAudiobook;Book,"Book::Central Kids Place - Lower Level: ON ORDER - On Order,Book::Sacramento Public Library: ON ORDER - On Order"
https://catalog.saclibrary.org/GroupedWork/9a45cae3-7238-d796-81da-3877f56c0792-eng,"The Mandalorian: A search-and-find book","Wallace, Daniel, 1970-",9780794446871,,"Studio Fun International",2022,"San Diego, CA","Picture Book","Picture Book::Central Kids Place - Lower Level: PICTURE BOOK Star Wars - Checked Out"
https://catalog.saclibrary.org/GroupedWork/175d9d57-112f-2e49-2f45-354c2361a9e0-eng,"The hunting of the snark","Carroll, Lewis, 1832-1898",9781854379566,,"Warbler Classics; Melville House; Author's Republic; Phoemixx Classics Ebooks; Tate Pub; Start Classics; Franklin Watts, Inc; libreka classics","1970 - 2024","New York; London",eBook;Book;eAudiobook,"Book::Rancho Children's Area: CHILDREN FICTION Carroll, L. - Checked Out"
https://catalog.saclibrary.org/GroupedWork/979dda5e-a3d2-9568-e6a3-2d6aa43bf69d-eng,"A first book of the sea","Davies, Nicola, 1958-",9780763698829,,"Candlewick Press",2018,"Somerville, Mass",Book,"Book::Central Kids Place - Lower Level: OVERSIZE CHILDREN 578.77 D256 2018 - Checked Out,Book::Orangevale: OVERSIZE CHILDREN 578.77 D256 2018 - Checked Out,Book::Rancho Children's Area: OVERSIZE CHILDREN 578.77 D256 2018 - Checked Out"
https://catalog.saclibrary.org/GroupedWork/24df5b88-babd-54f4-7f38-b5b5bacb5c74-eng,Utopia,"More, Thomas, Saint, 1478-1535",9780140449105,,"Interactive Media; Wordsworth Editions Ltd; Phoemixx Classics Ebooks; Folio Society; Blackstone Publishing; Penguin Books; Open Road Media; Barnes & Noble Classics; Dover Publications; Warbler Classics; Mint Editions; Read Books Ltd.; Naxos Audiobooks; Verso Books; Arcturus Digital Limited; Yale University Press; Neeland Media LLC","1964 - 2024","New York; New Haven; London",eBook;Book;eAudiobook,"Book::Central: 321.07 M836 2003 - On Shelf,Book::North Natomas: 321.07 M836 2003 - On Shelf,Book::Sacramento Room: 090 F6652 1972m BAC - Library Use Only"
https://catalog.saclibrary.org/GroupedWork/f8b57981-94ff-b004-d36a-7143584fa0cc-eng,"The story of the world, history for the classical child: Volume 2 : The Middle Ages, From the fall of Rome to the rise of the Renaissance","Bauer, Susan Wise",9781933339122,,"Peace Hill Press",2007,"[Charles City, Va.]","Audiobook - CD","Audiobook - CD::Del Paso Heights Children's Area: CD CHILDREN 930 B344s 2007 v.2 - Checked Out,Audiobook - CD::Franklin Children's: CD CHILDREN 930 B344s 2007 v.2 - Checked Out"
https://catalog.saclibrary.org/GroupedWork/3b0af805-9699-c9b0-6ab6-76efd3231989-eng,Angels,"Lynette, Rachel",9780737736076,,"KidHaven Press",2007,Detroit,Book,"Book::Rio Linda Children's Area: CHILDREN 202.15 L988 2007 - On Shelf,Book::Folsom Children's Area: CHILDREN 202.15 LYN 2007 - On Shelf"
https://catalog.saclibrary.org/GroupedWork/dd9d7574-4a9b-1c56-a588-9396b4e310df-eng,"The Loch Ness monster","Parks, Peggy J., 1951-",9780737735192,,"KidHaven Press","2005 - 2007","Detroit; San Diego, Calif",Book,"Book::Pocket-Greenhaven Kids' Place: CHILDREN 001.944 P252 2006 - On Shelf"
https://catalog.saclibrary.org/GroupedWork/565cd806-3a34-cca9-bdd2-06bc49259ca5-eng,"Bigfoot: a North American legend","DeMolay, Jack",9781404234055,,"PowerKids Press",2007,"New York, NY",Book,"Book::Elk Grove Kids' Place: CHILDREN 001.944 D383b 2007 - On Shelf"
https://catalog.saclibrary.org/GroupedWork/d99bfcf4-a8dd-7d6c-4799-09776e7fc3bd-eng,"The moon","Buxner, Sanlyn",9780744056594,,DK,2022,"New York, NY",Book,"Book::Carmichael Children's Area: CHILDREN 523.3 B991 2022 - Checked Out,Book::Central Kids Place - Lower Level: CHILDREN 523.3 B991 2022 - On Shelf,Book::Colonial Heights Children's Area: CHILDREN 523.3 B991 2022 - On Shelf"
https://catalog.saclibrary.org/GroupedWork/f72bee88-5f84-6293-9802-5a617b21a609-eng,"What happened to the mammoths?: and other explorations of science in action","Myers, Jack",9781590782804,,"Recorded Books, Inc.; Boyds Mills Press","2004 - 2014","Honesdale, Pa",Book;eAudiobook,"Book::Elk Grove Kids' Place: CHILDREN 591 M996w 2004 - On Shelf"
https://catalog.saclibrary.org/GroupedWork/daf08c7c-7cd9-d3c8-fcc1-3ae674a342d8-eng,"One in a million","Lordon, Claire",9781536213676,,"Candlewick Press",2023,"Somerville, Massachusetts","Graphic Novel/Manga","Graphic Novel/Manga::Central Teen Area - 3rd Floor: TEEN GRAPHIC NOVEL Lordon, C. - On Shelf,Graphic Novel/Manga::Grimes Branch Library Teen Area: YA Graphic 362.196 L - On Shelf,Graphic Novel/Manga::Sacramento Public Library Storage: TEEN GRAPHIC NOVEL Lordon, C. - On Shelf"
