Link,Title,Author,ISBN,UPC,Publisher,"Publish Date","Place of Publication",Format,"Location & Call Number"
https://catalog.saclibrary.org/GroupedWork/5fdbdce6-f9b1-8610-2cb4-9c45b6e967a2-spa,"Un romance inoportuno","Balogh, Mary",9788492916436,,"Titania Editores",2013,Argentina,Book,"Book::Central: SPANISH FICTION Balogh, M. - On Shelf"
https://catalog.saclibrary.org/GroupedWork/66c89fc2-9882-d50d-ab50-24acd1f62b28-spa,"Gardenias en el lago","Kelder, Jane",9788415747932,,Tombooktu,2016,Madrid,Book,"Book::Sylvan Oaks: SPANISH FICTION Kelder, J. - On Shelf,Book::Valley Hi-North Laguna: SPANISH FICTION Kelder, J. - On Shelf,Book::Sacramento Public Library Storage: SPANISH FICTION Kelder, J. - On Shelf"
https://catalog.saclibrary.org/GroupedWork/a8200c1b-b7b4-183d-3f6a-c6e2491f3cf0-spa,"El edén de las musas","Díaz, Carmela",9788416692040,,Tombooktu,2016,Madrid,Book,"Book::North Natomas: SPANISH FICTION Diaz, C. - On Shelf"
https://catalog.saclibrary.org/GroupedWork/5e94ec14-ca1e-8452-1e7c-82c4986c880a-spa,"Sirenas en la niebla","Alcaraz Roca, Ana María",9788415747970,,Tombooktu,2016,Madrid,Book,"Book::Central: SPANISH FICTION Alcaraz Roca, A. - On Shelf,Book::Sacramento Public Library Storage: SPANISH FICTION Alcaraz Roca, A. - On Shelf"
https://catalog.saclibrary.org/GroupedWork/81df7637-449b-0803-d4a9-ac8a6bb9932c-spa,"Rey de la soberbia","Huang, Ana",9786073920100,,"Crossbooks México; Cross Books; Planeta Audio; Crossbooks",2024,Mexico,eAudiobook;Book;eBook,"Book::Central: SPANISH FICTION Huang, A. - On Shelf,Book::Belle Cooledge: SPANISH FICTION Huang, A. - On Shelf,Book::Elk Grove: SPANISH FICTION Huang, A. - On Shelf"
https://catalog.saclibrary.org/GroupedWork/d265601c-0ec1-7932-b09c-bda63d6b12c1-spa,"El mapa de los anhelos","Kellen, Alice, 1989-",9786070786280,,"Planeta; Editorial Planeta; Planeta Audio",2022,"Ciudad de México",eAudiobook;Book;eBook,
https://catalog.saclibrary.org/GroupedWork/41968450-8935-213a-3791-6cb51505605b-spa,"Eres el amor de mi otra vida","Eärfalas, Gilraen",9786073912723,,"Planeta México; Planeta; Planeta Audio",2024,"Ciudad de México",eAudiobook;Book;eBook,"Book::Galt Teen Area: SPANISH TEEN FICTION Earfalas, G. - On Shelf,Book::North Sacramento-Hagginwood Teen Area: SPANISH TEEN FICTION Earfalas, G. - OFF CAMPUS"
https://catalog.saclibrary.org/GroupedWork/1226429e-b60f-8bbb-6586-aebba81e5c61-spa,"Rey de la ira","Huang, Ana",9786073915342,,"Crossbooks México; Cross Books; Planeta Audio; Crossbooks",2024,"Ciudad de México",eAudiobook;Book;eBook,"Book::Carmichael: SPANISH FICTION Huang, A. - On Shelf,Book::Central: SPANISH FICTION Huang, A. - On Shelf,Book::Colonial Heights: SPANISH FICTION Huang, A. - On Shelf"
https://catalog.saclibrary.org/GroupedWork/33fc6f89-5305-dad4-6cd8-113469648bd2-spa,"Twisted love","Huang, Ana",9786070793677,,"Crossbooks México; Cross Books; Planeta Audio; Crossbooks","2022 - 2023","Ciudad de México",eBook;eAudiobook;Book,"Book::Belle Cooledge: SPANISH FICTION Huang, A. - In Transit,Book::Courtland: SPANISH FICTION Huang, A. - On Shelf,Book::North Natomas: SPANISH FICTION Huang, A. - On Shelf"
https://catalog.saclibrary.org/GroupedWork/aa77c071-2919-e128-4639-b71c764549d9-spa,"Fuimos canciones","Benavent, Elísabet, 1984-",9788491291596,,"Suma de Letras; Penguin Random House Audio","2018 - 2019",Barcelona,eAudiobook;Book,"Book::Colonial Heights: SPANISH FICTION Benavent, E. - On Shelf,Book::Pocket-Greenhaven: SPANISH FICTION Benavent, E. - On Shelf,Book::Arbuckle Branch Library Adult Collection: SP Fic - On Shelf"
https://catalog.saclibrary.org/GroupedWork/c6239155-e1fa-d853-6825-6e5b07cace1f-spa,"Tal vez mañana","Hoover, Colleen",9786070792205,,"Planeta México; Editorial Planeta Mexicana, S.A. de C.V","2016 - 2022","Mexico City",eBook;Book,"Book::Central: SPANISH FICTION Hoover, C. - On Shelf,Book::Colonial Heights: SPANISH FICTION Hoover, C. - On Shelf,Book::Fair Oaks: SPANISH FICTION Hoover, C. - On Shelf"
https://catalog.saclibrary.org/GroupedWork/c5db21f4-6cb5-8766-8dd1-c58ad7c9927e-spa,"Donde todo brilla","Kellen, Alice, 1989-",9786070799990,,"Planeta; Editorial Planeta",2023,Barcelona,eBook;Book,
https://catalog.saclibrary.org/GroupedWork/0021c135-6b86-87ea-168e-294314d2584b-spa,"El faro de los amores dormidos","Longarela, Andrea",9786073900669,,"Planeta Audio; Crossbooks",2022,Barcelona,eAudiobook;Book;eBook,"Book::Del Paso Heights Teen Area: SPANISH TEEN FICTION Longarela, A. - On Shelf,Book::South Natomas Teen Area: SPANISH TEEN FICTION Longarela, A. - On Shelf,Book::Colusa Main Branch Teen Collection: SP YA Fic - On Shelf"
https://catalog.saclibrary.org/GroupedWork/129ac42f-f8c2-11bd-2ad4-628ee15c5561-spa,"Twisted games","Huang, Ana",9786070798146,,"Crossbooks México; Cross Books; Planeta Audio; Crossbooks","2023 - 2025","Ciudad de México",eBook;eAudiobook;Book,"Book::Central: SPANISH FICTION Huang, A. - On Shelf,Book::Colonial Heights: SPANISH FICTION Huang, A. - On Shelf,Book::Belle Cooledge: SPANISH FICTION Huang, A. - In Transit"
https://catalog.saclibrary.org/GroupedWork/410da90a-3bab-6db5-fef5-846d4a68c86a-spa,"Yo, tú y un quizás","Martínez, María, 1975-",9786070798115,,"Crossbooks; CrossBooks","2022 - 2023","Ciudad de México",eBook;Book,
https://catalog.saclibrary.org/GroupedWork/307db178-1643-8f7e-1297-d2b394c7111e-spa,"La teoría de los archipiélagos","Kellen, Alice, 1989-",9786070795527,,"Planeta; Editorial Planeta","2022 - 2023","Ciudad de México",eBook;Book,"Book::Valley Hi-North Laguna Teen Area: SPANISH TEEN FICTION Kellen, A. - On Shelf,Book::Sacramento Public Library Storage: SPANISH TEEN FICTION Kellen, A. - On Shelf"
https://catalog.saclibrary.org/GroupedWork/235caa7c-6fd0-fd6e-1037-3a847127a1a0-spa,"Gente que conocemos en vacaciones","Henry, Emily",9786073939287,,"Planeta México; Editorial Planeta Mexicana; Planeta Audio","2023 - 2025","Ciudad de México",eAudiobook;Book;eBook,"Book::Central New Books - 4th Floor: SPANISH FICTION Henry, E. - On Shelf,Book::Elk Grove: SPANISH FICTION Henry, E. - On Shelf,Book::South Natomas: SPANISH FICTION Henry, E. - On Shelf"
https://catalog.saclibrary.org/GroupedWork/4fb149e6-c4b5-efae-9c00-fd0282a4a2ad-spa,"La chica italiana","Riley, Lucinda",9788401026232,,"PLAZA & JANÉS; Plaza & Janés; Penguin Random House Audio",2021,Barcelona,eAudiobook;Book;eBook,
https://catalog.saclibrary.org/GroupedWork/d71a96c3-efd0-4e22-3c61-3b76616c5e01-spa,"""Yo también"" no es te quiero","Reed, Violeta, 1989-",9788425365737,,"GRIJALBO; Penguin Random House Audio; Grijalbo","2023 - 2025",Barcelona,eAudiobook;Book;eBook,
https://catalog.saclibrary.org/GroupedWork/3b2e3e91-dec8-ccea-7e13-63eac50c2527-spa,"Seremos recuerdos","Benavent, Elísabet, 1984-",9788491291602,,"Penguin Random House; Suma de Letras; Penguin Random House Audio","2018 - 2019",Barcelona,eAudiobook;Book,"Book::Isleton: SPANISH FICTION Benavent, E. - On Shelf,Book::Arbuckle Branch Library Adult Collection: SP Fic - On Shelf,Book::Colusa Main Branch Adult Collection: SP Fic - On Shelf"
https://catalog.saclibrary.org/GroupedWork/b3e48fb5-92e6-8faf-0673-81428de6f65d-spa,"Cosas que ocultamos de la luz","Score, Lucy",9788419702036,,"BookaVivo; Chic",2023,Barcelona,eAudiobook;Book,"Book::Central Teen Area - 3rd Floor: SPANISH FICTION Score, L. - On Shelf,Book::McKinley: SPANISH FICTION Score, L. - On Shelf,Book::North Natomas: SPANISH FICTION Score, L. - On Shelf"
https://catalog.saclibrary.org/GroupedWork/6556c175-b9c1-929c-aee8-24ed64999253-spa,"La novela del verano","Henry, Emily",9786070793318,,"Planeta México; Editorial Planeta",2022,Barcelona,eBook;Book,"Book::Arcade: SPANISH FICTION Henry, E. - On Shelf,Book::Central: SPANISH FICTION Henry, E. - On Shelf,Book::Belle Cooledge: SPANISH FICTION Henry, E. - Display"
https://catalog.saclibrary.org/GroupedWork/eef266d9-13b0-ed0b-03c2-d0174e905d91-spa,"Siempre tuyo","Jimenez, Abby",9788419743923,,"ROCA EDITORIAL; Roca Editorial",2024,Barcelona,eAudiobook;Book;eBook,"Book::Central: SPANISH FICTION Jimenez, A. - On Shelf,Book::McKinley: SPANISH FICTION Jimenez, A. - On Shelf,Book::North Natomas: SPANISH FICTION Jimenez, A. - On Shelf"
https://catalog.saclibrary.org/GroupedWork/ee6cba4e-27ae-0d86-beb1-a580a763cb96-spa,"Mi isla","Benavent, Elísabet, 1984-",9788466338813,,"Debolsillo; Penguin Random House Audio","2016 - 2017",Barcelona,eAudiobook;Book,"Book::Central: SPANISH FICTION Benavent, E. - On Shelf"
https://catalog.saclibrary.org/GroupedWork/26f71979-8877-2253-581e-05f08ea016b2-spa,"Seas quien seas, te quiero","Sorialez, Óscar",9788417938215,,"Mueve Tu Lengua",2021,Madrid,Book,"Book::Arcade: SPANISH FICTION Sorialez, O. - On Shelf,Book::Belle Cooledge: SPANISH FICTION Sorialez, O. - In Transit,Book::Del Paso Heights: SPANISH FICTION Sorialez, O. - On Shelf"
https://catalog.saclibrary.org/GroupedWork/8f69cf49-6ec8-d4f2-635e-04f293685d47-spa,"Si fuera amor","Santana, Chloe",9788410391260,,Titania,2025,Argentina,Book,"Book::Arcade: SPANISH FICTION Santana, C. - On Shelf,Book::Central New Books - 4th Floor: SPANISH FICTION Santana, C. - On Shelf,Book::Del Paso Heights: SPANISH FICTION Santana, C. - On Shelf"
https://catalog.saclibrary.org/GroupedWork/4176bd27-4e91-bfa6-a7db-4e29909b0ee8-spa,"Juliette y las canciones perdidas","Longarela, Andrea",9786073915335,,"Planeta Publishing; Planeta Audio; Crossbooks",2024,"Ciudad de México",eAudiobook;Book;eBook,
https://catalog.saclibrary.org/GroupedWork/f25df317-6d72-c837-9315-f695d7555761-spa,"Te espero en el fin del mundo","Longarela, Andrea",9786070798153,,Crossbooks,"2021 - 2023","Ciudad de México",eBook;Book,
https://catalog.saclibrary.org/GroupedWork/171b6d1a-fe3a-ca1e-2a23-15fb4e596303-spa,"Lascivia: Libro 2","Muñoz, Eva, 1994-",9788418798566,,"Penguin Random House Grupo Editorial; Penguin Random House Audio",2022,Barcelona,eAudiobook;Book,
https://catalog.saclibrary.org/GroupedWork/36c618b3-c09d-aaf6-ab68-2d34392b9cce-spa,"La cancion del corazon","Klune, TJ",9786078712687,,VRYA,2021,"Ciudad de Mexico",Book,"Book::Carmichael: SPANISH FICTION Klune, T. - On Shelf,Book::Central: SPANISH FICTION Klune, T. - On Shelf,Book::Isleton: SPANISH FICTION Klune, T. - On Shelf"
https://catalog.saclibrary.org/GroupedWork/0b194feb-d622-0930-e55d-1805b078f595-spa,"Si es perfecto, no es amor","Reed, Violeta, 1989-",9788425370441,,"GRIJALBO; Penguin Random House Audio; Grijalbo",2025,Barcelona,eAudiobook;Book;eBook,"Book::Central New Books - 4th Floor: SPANISH FICTION Reed, V. - On Shelf,Book::Elk Grove Opening Day Collection: ON ORDER - On Order,Book::Franklin: SPANISH FICTION Reed, V. - On Shelf"
https://catalog.saclibrary.org/GroupedWork/b297b71e-2535-6e98-44a7-77240e89b0b6-spa,"Romper el círculo","Hoover, Colleen",9786070788147,,"Planeta México; Planeta; Editorial Planeta; Planeta Audio",2022,"Ciudad de México",eAudiobook;Book;eBook,
https://catalog.saclibrary.org/GroupedWork/b978701e-0b8e-f0b0-dc88-1997924e050e-spa,"A traves de ti","Godoy, Ariana",9788418483509,,"Wattpad by Montena",2022,Barcelona,Book,"Book::Arcade Teen Area: SPANISH TEEN FICTION Godoy, A. - On Shelf,Book::Carmichael Teen Area: SPANISH TEEN FICTION Godoy, A. - On Shelf,Book::Central Teen Area - 3rd Floor: SPANISH TEEN FICTION Godoy, A. - On Shelf"
https://catalog.saclibrary.org/GroupedWork/ae50418d-db79-7c3e-9c5c-4c895e029079-spa,"Rojo, blanco y sangre azul","McQuiston, Casey",9786073808323,,"Molino; Penguin Random House Audio; MOLINO","2022 - 2024","Ciudad de México",eAudiobook;Book;eBook,"Book::Central: SPANISH FICTION McQuiston, C. - On Shelf,Book::Courtland: SPANISH FICTION McQuiston, C. - On Shelf,Book::Isleton: SPANISH FICTION McQuiston, C. - On Shelf"
https://catalog.saclibrary.org/GroupedWork/641c0622-1d06-d2d7-3e00-a24c03675397-spa,"La hermana perdida","Riley, Lucinda",9788401026454,,"Plaza & Janes; PLAZA & JANÉS; Penguin Random House Audio","2021 - 2023",Barcelona,eAudiobook;Book;eBook,
https://catalog.saclibrary.org/GroupedWork/801eb744-1a9e-0280-36fd-655e7f817877-spa,"El amor en los tiempos del cólera","García Márquez, Gabriel, 1927-2014",9789681315474,,"Vintage Español; Diana Editorial","1985 - 2019","Nueva York; Mexico",Book,"Book::Carmichael: SPANISH FICTION Garcia Marquez, G. - On Shelf,Book::Central: SPANISH FICTION Garcia Marquez, G. - Checked Out,Book::Belle Cooledge: SPANISH FICTION Garcia Marquez, G. - In Transit"
https://catalog.saclibrary.org/GroupedWork/b0b1a08d-9bb9-3374-a63c-c3d7b17f99a7-spa,"El fuego que nos une","Cherry, Brittainy C",9788418509575,,Wonderbooks,2023,Barcelona,Book,"Book::Central: SPANISH FICTION Cherry, B. - On Shelf,Book::Colonial Heights: SPANISH FICTION Cherry, B. - On Shelf,Book::Galt: SPANISH FICTION Cherry, B. - On Shelf"
https://catalog.saclibrary.org/GroupedWork/4abc194f-1e49-e2d9-47fc-aa681ebfd2f8-spa,"El peor hombre de mi vida","Score, Lucy",9788419702135,,"BookaVivo; Chic","2024 - 2025",Barcelona,Book;eAudiobook,"Book::Arcade: SPANISH FICTION Score, L. - On Shelf,Book::Central: SPANISH FICTION Score, L. - On Shelf"
https://catalog.saclibrary.org/GroupedWork/e0557c95-8d63-1382-4ece-0cb522e0694b-spa,Carol,"Highsmith, Patricia, 1921-1995",9788433911469,,"Editorial Anagrama",2016,Barcelona,Book,"Book::Central: SPANISH FICTION Highsmith, P. - Checked Out,Book::Belle Cooledge: SPANISH FICTION Highsmith, P. - On Shelf,Book::Franklin: SPANISH FICTION Highsmith, P. - On Shelf"
https://catalog.saclibrary.org/GroupedWork/276ad56f-4278-5af4-c286-8d45cdb78092-spa,"Un rey de verano","Arcones, Juan, 1986-",9788419848697,,Montena,2024,Barcelona,Book,"Book::Central Teen Area - 3rd Floor: SPANISH TEEN FICTION Arcones, J. - On Shelf,Book::Del Paso Heights Teen Area: SPANISH TEEN FICTION Arcones, J. - On Shelf,Book::North Natomas: SPANISH TEEN FICTION Arcones, J. - On Shelf"
https://catalog.saclibrary.org/GroupedWork/fb98d2ec-80e4-b68f-2489-58f041d38481-spa,"A merced del deseo","Pammi, Tara",9781335634405,,"Harelquin Iberica; Harlequin, una división de HarperCollins Ibérica, S.A.",2019,Madrid,eBook;Book,"Book::Central: SPANISH FICTION Pammi, T. - On Shelf"
https://catalog.saclibrary.org/GroupedWork/e6239ff1-27e1-87dc-19fb-13f8b6490c40-spa,"El camino equivocado en el viaje a lo correcto","Naranjo, Romina, 1988-",9788417421427,,Titania,2022,Argentina,Book,"Book::Arcade: SPANISH FICTION Naranjo, R. - On Shelf,Book::Central: SPANISH FICTION Naranjo, R. - On Shelf,Book::Belle Cooledge: SPANISH FICTION Naranjo, R. - On Shelf"
https://catalog.saclibrary.org/GroupedWork/baf1e700-8da6-3906-a4fa-1c3a502d15fd-spa,"El diablo en primavera","Kleypas, Lisa",9788490709528,,B,2020,Barcelona,Book,"Book::Arcade: SPANISH FICTION Kleypas, L. - On Shelf,Book::Carmichael: SPANISH FICTION Kleypas, L. - On Shelf,Book::Central: SPANISH FICTION Kleypas, L. - On Shelf"
https://catalog.saclibrary.org/GroupedWork/e8d37f48-da2d-2aad-20f5-ce5319311ce6-spa,"Después de ti","Moyes, Jojo, 1969-",9781941999967,,"SUMA; Suma de Letras",2016,"Miami, FL",eBook;Book,"Book::Carmichael: SPANISH FICTION Moyes, J. - On Shelf,Book::Sylvan Oaks: SPANISH FICTION Moyes, J. - On Shelf"
https://catalog.saclibrary.org/GroupedWork/5a0d2b36-bc2c-b2a0-6578-217d653ef3f7-spa,"Ciertas cosas oscuras","Moreno-García, Silvia",9788419030047,,Umbriel,2022,[Argentina],Book,"Book::Central: SPANISH FICTION Moreno-Garcia, S. - On Shelf,Book::Elk Grove Opening Day Collection: ON ORDER - On Order,Book::Fair Oaks: SPANISH FICTION Moreno-Garcia, S. - On Shelf"
https://catalog.saclibrary.org/GroupedWork/c9215196-33cf-a6e0-40b6-83831fe88488-spa,"Una noche inolvidable","Quinn, Julia, 1970-",9788417421243,,Titania,2021,Argentina,Book,"Book::Arcade: SPANISH FICTION Quinn, J. - On Shelf,Book::Central: SPANISH FICTION Quinn, J. - On Shelf,Book::Elk Grove: SPANISH FICTION Quinn, J. - On Shelf"
https://catalog.saclibrary.org/GroupedWork/129020c0-19d1-cd0d-47fa-74ca65e495f1-spa,"La teoría del amor","Hazelwood, Ali",9788418945700,,"Contraluz Editorial; Contraluz",2023,Madrid,eBook;Book,
https://catalog.saclibrary.org/GroupedWork/45bd80b3-8af8-8539-1a5c-b09020c82270-spa,"Te regalaré las estrellas","Moyes, Jojo, 1969-",9781644731314,,"SUMA; Penguin Random House Audio; Suma de Letras/Penguin Random House Grupo Editorial USA, LLC",2019,"Miami, FL",eAudiobook;Book;eBook,"Book::Rancho Cordova: SPANISH FICTION Moyes, J. - On Shelf"
https://catalog.saclibrary.org/GroupedWork/e171621c-9a45-a4cc-4b36-e7c34635c23f-spa,"Culpa tuya","Ron, Mercedes, 1993-",9788413142029,,"MONTENA; B; Penguin Random House Audio","2017 - 2026",Barcelona,eAudiobook;Book;eBook,
https://catalog.saclibrary.org/GroupedWork/d6e83ce7-9d00-5bde-0acb-dbcef9762cfe-spa,"Volver a empezar =: It starts with us","Hoover, Colleen",9786070796746,,"Planeta Mexicana",2023,"Mexico City",Book,"Book::Central: SPANISH FICTION Hoover, C. - On Shelf,Book::North Natomas: SPANISH FICTION Hoover, C. - On Shelf,Book::Colusa Main Branch Adult Collection: SP Fic - On Shelf"
https://catalog.saclibrary.org/GroupedWork/a42e17b1-22cc-830a-aac0-94fed53ca10c-spa,"Imperfectas navidades: Bienuenidos al Hotel Merry",,9788418798573,,Montena,2023,Barcelona,Book,"Book::Central Teen Area - 3rd Floor: SPANISH TEEN FICTION Chic, C - On Shelf,Book::Colonial Heights: SPANISH TEEN FICTION Chic, C - On Shelf,Book::Franklin Teen: SPANISH TEEN FICTION Chic, C - On Shelf"
https://catalog.saclibrary.org/GroupedWork/e00e5bf7-005b-637b-ca91-5551f50fe582-spa,"Éramos desconocidos: una historia de amor","Carlino, Renée",9788427241176,,Molino,2024,Barcelona,Book,"Book::Central: SPANISH FICTION Carlino, R. - On Shelf,Book::North Natomas: SPANISH FICTION Carlino, R. - On Shelf"
https://catalog.saclibrary.org/GroupedWork/5d7223c3-c484-4424-fbb0-774cd4a7e2ca-spa,"Tal vez ahora","Hoover, Colleen",9786073906043,,"Planeta; Editorial Planeta","2023 - 2024","Ciudad de México",eBook;Book,
https://catalog.saclibrary.org/GroupedWork/26bf1ec1-8009-c6a6-fc83-893bcfd11207-spa,"Rey de la desidia","Huang, Ana",9786073932967,,"Cross Books",2025,"Ciudad de México",Book,"Book::Arcade: SPANISH FICTION Huang, A. - On Shelf,Book::Central New Books - 4th Floor: SPANISH FICTION Huang, A. - On Shelf,Book::Elk Grove Opening Day Collection: ON ORDER - On Order"
https://catalog.saclibrary.org/GroupedWork/3fc00346-8873-efac-dab1-e1a68ac602b0-spa,"Como ver nevar al sol","Roma, Alexandra, 1987-",9788417886318,,"Plataforma Editorial Neo",2019,Barcelona,Book,"Book::Rancho Cordova: SPANISH TEEN FICTION Roma, A. - On Shelf,Book::Valley Hi-North Laguna Teen Area: SPANISH TEEN FICTION Roma, A. - On Shelf"
https://catalog.saclibrary.org/GroupedWork/2d7ce986-65e1-c5ea-b9d7-62fdc7d26e7b-spa,"Corazón roto","Hoover, Colleen",9786073922807,,"Planeta México; Planeta; Editorial Planeta; Planeta Audio","2024 - 2025","Ciudad de México",eAudiobook;Book;eBook,"Book::Central: SPANISH FICTION Hoover, C. - On Shelf,Book::Colonial Heights: SPANISH FICTION Hoover, C. - Checked Out,Book::South Natomas: SPANISH FICTION Hoover, C. - On Shelf"
https://catalog.saclibrary.org/GroupedWork/de0bd268-e159-8cee-80ba-b900f149c4fe-spa,"Perdida en tu brazos: Un huésped inesperado","Darcy, Lilian",9788413757834,,"Harlequin Ibérica",2021,Madrid,Book,"Book::Central: SPANISH FICTION Darcy, L. - On Shelf,Book::South Natomas: SPANISH FICTION Darcy, L. - On Shelf"
https://catalog.saclibrary.org/GroupedWork/86749e46-f82b-9632-1ddf-9dc83130bfd9-spa,"Irene: novela","Pardo, Jorge Eliécer",9789585532540,,"Cangrejo Editores",2023,"Bogotá, Colombia",Book,"Book::Arcade: SPANISH FICTION Pardo, J. - On Shelf,Book::Colonial Heights: SPANISH FICTION Pardo, J. - On Shelf,Book::Sylvan Oaks: SPANISH FICTION Pardo, J. - On Shelf"
https://catalog.saclibrary.org/GroupedWork/4d07d63e-9ad1-c7f4-1990-ea7570f79509-spa,"23 Otoños antes de ti","Kellen, Alice, 1989-",9788416327249,,Titania,2017,Barcelona,Book,"Book::Central: SPANISH FICTION Kellen, A. - On Shelf"
https://catalog.saclibrary.org/GroupedWork/ee017d78-0139-669b-64c4-6d42bf814725-spa,"La suma de todos los besos","Quinn, Julia, 1970-",9788417421250,,Titania,2021,Argentina,Book,"Book::Central: SPANISH FICTION Quinn, J. - On Shelf,Book::Colonial Heights: SPANISH FICTION Quinn, J. - On Shelf,Book::Franklin: SPANISH FICTION Quinn, J. - On Shelf"
https://catalog.saclibrary.org/GroupedWork/1965c16a-5401-80fc-b889-cd1ec908746b-spa,"El libro de los americanos desconocidos","Henríquez, Cristina, 1977-",9780345806413,,"VINTAGE ESPAÑOL; Vintage Español",2014,"Nueva York",eBook;Book,"Book::Central: SPANISH FICTION Henriquez, C. - On Shelf,Book::Southgate: SPANISH FICTION Henriquez, C. - On Shelf,Book::Woodland Public Library: SPANISH FICTION Henriquez, C. - On Shelf"
https://catalog.saclibrary.org/GroupedWork/0820ed0b-a2a6-a809-ba7b-875635903370-spa,"Ojala siempre","Roma, Alexandra, 1987-",9788416327676,,"Titania/Ediciones Urano",2019,Madrid,Book,"Book::Walnut Grove: SPANISH FICTION Roma, A. - On Shelf,Book::Sacramento Public Library Storage: SPANISH FICTION Roma, A. - On Shelf"
https://catalog.saclibrary.org/GroupedWork/ab766936-7a9a-83da-087c-352509162134-spa,"Los sellos oscuros","Benning, Anna, 1988-",9788418027956,,"Fandom Books",2024,Madrid,Book,"Book::Central Teen Area - 3rd Floor: SPANISH TEEN FICTION Benning, A. - On Shelf,Book::North Natomas: SPANISH TEEN FICTION Benning, A. - On Shelf"
https://catalog.saclibrary.org/GroupedWork/b3e393e2-1de0-dd0a-4a46-91eedcf24895-spa,"Corona de medianoche","Maas, Sarah J",9798890981554,,"Alfaguara Infantil; ALFAGUARA JUVENIL; Penguin Random House Audio","2022 - 2024","México, D.F",eAudiobook;Book;eBook,
https://catalog.saclibrary.org/GroupedWork/a242bfda-2ce1-48c4-6708-c90f318c3e40-spa,Boulevard,"Salvador, Flor M., 1998-",9786073839938,,"Wattpad by Montana",2022,"Ciudad de México",Book,"Book::Central Teen Area - 3rd Floor: SPANISH TEEN FICTION Salvador, F. - On Shelf,Book::Fair Oaks Teen Area: SPANISH TEEN FICTION Salvador, F. - On Shelf,Book::McKinley Children's Area: SPANISH TEEN FICTION Salvador, F. - On Shelf"
https://catalog.saclibrary.org/GroupedWork/9fdcbb67-c21e-bfee-0191-b1750b1aa878-spa,"Quizá sí quiero","Reed, Violeta, 1989-",9788425367625,,"GRIJALBO; Grijalbo",2024,Barcelona,eBook;Book,
https://catalog.saclibrary.org/GroupedWork/42f82e28-73e4-aa85-e1fd-5436a031461f-spa,"Querida Emmie Blue","Louis, Lia",9786070771361,,Planeta,2020,"Ciudad de México",Book,"Book::Valley Hi-North Laguna: SPANISH FICTION Louis, L. - On Shelf"
https://catalog.saclibrary.org/GroupedWork/e469db44-326f-7a0b-ed9e-b241a937ddad-spa,"Martina en tierra firme","Benavent, Elísabet, 1984-",9788483658499,,"Suma de Letras; Penguin Random House Audio","2016 - 2023",Barcelona,eAudiobook;Book,"Book::Arcade: SPANISH FICTION Benavent, E. - On Shelf,Book::Central: SPANISH FICTION Benavent, E. - On Shelf,Book::Sacramento Public Library Storage: SPANISH FICTION Benavent, E. - On Shelf"
https://catalog.saclibrary.org/GroupedWork/3361f9fd-6298-220d-a75f-fe03caa76236-spa,"Bones and all =: Hasta los huesos","DeAngelis, Camille",9788401028700,,"Plaza Janés",2022,Barcelona,Book,"Book::Central: SPANISH FICTION DeAngelis, C. - On Shelf,Book::South Natomas: SPANISH FICTION DeAngelis, C. - Checked Out,Book::Pocket-Greenhaven: SPANISH FICTION DeAngelis, C. - On Shelf"
https://catalog.saclibrary.org/GroupedWork/83c5f4d0-d407-d76a-12cd-1e8bbef666fb-spa,"Yerba Buena","LaCour, Nina",9788416517633,,Umbriel,2022,Argentina,Book,"Book::Arcade: SPANISH FICTION LaCour, N. - On Shelf,Book::Carmichael: SPANISH FICTION LaCour, N. - On Shelf,Book::Central: SPANISH FICTION LaCour, N. - On Shelf"
https://catalog.saclibrary.org/GroupedWork/34e07d4d-0273-310c-8fd5-161fe9945bb1-spa,"El diablo de Manhattan","Shupe, Joanna",9788417421830,,Titania,2022,Argentina,Book,"Book::Carmichael: SPANISH FICTION Shupe, J. - On Shelf,Book::Central: SPANISH FICTION Shupe, J. - On Shelf,Book::Fair Oaks: SPANISH FICTION Shupe, J. - On Shelf"
https://catalog.saclibrary.org/GroupedWork/e93967c9-2459-c34a-7f80-957edda9e487-spa,"No te olvidaré","Hoover, Colleen",9786073905350,,"Planeta México; Planeta; Editorial Planeta",2023,"Ciudad de México",eBook;Book,
https://catalog.saclibrary.org/GroupedWork/5d3b19cf-ea9b-537e-2d96-cf8204614775-spa,"El arte de engañar al karma","Benavent, Elísabet, 1984-",9788491291930,,"Suma de letras; Penguin Random House Audio",2021,Barcelona,eAudiobook;Book,
https://catalog.saclibrary.org/GroupedWork/adc09ec6-2def-8c7f-7f09-6dc80d7646f8-spa,"En el pais de la nube blanca","Lark, Sarah, 1958-",9788413143439,,"[B de Bolsillo]",2021,[Barcelona],Book,"Book::Arcade: SPANISH FICTION Lark, S. - On Shelf,Book::Carmichael: SPANISH FICTION Lark, S. - On Shelf,Book::Central: SPANISH FICTION Lark, S. - On Shelf"
https://catalog.saclibrary.org/GroupedWork/49471d23-57b6-d177-fed0-283b2464cf1a-spa,"Llamadas de ©msterdam","Villoro, Juan, 1956-",9786079723453,,"Almad©Ưa Ediciones S.A.P.I. de C.V",2016,"Ciudad de M©♭xico",Book,"Book::Arcade: SPANISH FICTION Villoro, J. - On Shelf,Book::Del Paso Heights: SPANISH FICTION Villoro, J. - On Shelf,Book::Southgate: SPANISH FICTION Villoro, J. - On Shelf"
https://catalog.saclibrary.org/GroupedWork/3d735f24-fdc7-5af7-d5f4-bd3176fff9e6-spa,"El vizconde que me amó","Quinn, Julia, 1970-",9788416622948,,Books4pocket,2023,[Madrid],Book,"Book::Central: SPANISH FICTION Quinn, J. - On Shelf,Book::Elk Grove: SPANISH FICTION Quinn, J. - On Shelf,Book::Fair Oaks: SPANISH FICTION Quinn, J. - On Shelf"
https://catalog.saclibrary.org/GroupedWork/658db9ce-07f6-d353-128c-ea8e6abc843e-spa,"El dia que el volvio","Ward, Penelope",9788417421618,,Titania,2022,Argentina,Book,"Book::Arcade: SPANISH FICTION Ward, P. - On Shelf,Book::Central: SPANISH FICTION Ward, P. - On Shelf,Book::Courtland: SPANISH FICTION Ward, P. - On Shelf"
https://catalog.saclibrary.org/GroupedWork/2c954536-ad5a-9fad-0c91-ab0de98d79eb-spa,"Mi historia en la Provenza","Baumann, Margot S., 1964-",9781503933989,,Amazoncrossing,2016,Luxembourg,Book,"Book::Central: SPANISH FICTION Baumann, M. - On Shelf,Book::Elk Grove: SPANISH FICTION Baumann, M. - On Shelf"
https://catalog.saclibrary.org/GroupedWork/db57bbab-82a7-d89e-8772-7d40d2c030bd-spa,"En el laberinto","Smart, Michelle",9788413750149,,"Harlequin Ǐbrica",2021,Madrid,Book,"Book::Central: SPANISH FICTION Smart, M. - On Shelf,Book::Fair Oaks: SPANISH FICTION Smart, M. - On Shelf"
https://catalog.saclibrary.org/GroupedWork/29a042e1-b020-b685-f13f-e9d70465daca-spa,"Storm: la tormenta perfecta","Mir, Sandra, 1977-",9788417664404,,Vergara,2019,Barcelona,Book,"Book::Central: SPANISH FICTION Mir, S. - On Shelf,Book::Sylvan Oaks: SPANISH FICTION Mir, S. - On Shelf,Book::Sacramento Public Library Storage: SPANISH FICTION Mir, S. - On Shelf"
https://catalog.saclibrary.org/GroupedWork/ede4ceaa-3857-ec10-d896-515791242652-spa,"Adonde van las mariposas","Zaid, Cynthia",9786073932585,,"Planeta; Planeta Audio",2025,"Mexico City",eAudiobook;Book,"Book::Arcade Teen Area: SPANISH TEEN FICTION Zaid, C. - On Shelf,Book::Central Teen Area - 3rd Floor: SPANISH TEEN FICTION Zaid, C. - On Shelf,Book::Elk Grove Teen Opening Day Collection: ON ORDER - On Order"
https://catalog.saclibrary.org/GroupedWork/26507417-6a04-9819-80df-f99b672fceee-spa,"El principio del corazón","Hoang, Helen",9788417421960,,Titania,2023,Madrid,Book,"Book::Arcade: SPANISH FICTION Hoang, H. - On Shelf,Book::Central: SPANISH FICTION Hoang, H. - On Shelf,Book::Fair Oaks: SPANISH FICTION Hoang, H. - On Shelf"
https://catalog.saclibrary.org/GroupedWork/2849e837-2fa5-2df2-ef28-dce505d556d9-spa,"Etéreo: enamórate de lo desconocido","Marcús, Joana, 2000-",9788419848741,,Montena,2024,Barcelona,Book,"Book::Central: SPANISH FICTION Marcus, J. - On Shelf,Book::Belle Cooledge: SPANISH FICTION Marcus, J. - In Transit,Book::South Natomas: SPANISH FICTION Marcus, J. - On Shelf"
https://catalog.saclibrary.org/GroupedWork/496580c8-acc0-97e9-0146-c04eb0d7386d-spa,"Mas brillante que el sol","Quinn, Julia, 1970-",9788417421519,,"Titania/Ediciones Urano",2022,Madrid,Book,"Book::Arcade: SPANISH FICTION Quinn, J. - On Shelf,Book::Central: SPANISH FICTION Quinn, J. - On Shelf,Book::Fair Oaks: SPANISH FICTION Quinn, J. - On Shelf"
https://catalog.saclibrary.org/GroupedWork/c61666db-e1a6-ec6e-8142-92c9dc4a8156-spa,"Tres citas con Carter","O'Leary, Beth",9788491297376,,"Suma de Letras",2023,Barcelona,Book,"Book::Arcade: SPANISH FICTION O'Leary, B. - On Shelf,Book::Central: SPANISH FICTION O'Leary, B. - On Shelf,Book::Franklin: SPANISH FICTION O'Leary, B. - On Shelf"
https://catalog.saclibrary.org/GroupedWork/e808753d-7532-1500-8401-cced1b852d6c-spa,"La maldición de los Luján","Luna, Ditar de, 1974-",9788416327102,,Titania,2016,Barcelona,Book,"Book::Elk Grove: SPANISH FICTION Luna, D. - On Shelf,Book::Galt: SPANISH FICTION Luna, D. - On Shelf,Book::Sacramento Public Library Storage: SPANISH FICTION Luna, D. - On Shelf"
https://catalog.saclibrary.org/GroupedWork/8d1c6a10-2105-3f2c-7329-9d3e91ed3ae6-spa,"Toda la verdad de mis mentiras","Benavent, Elísabet, 1984-",9788491291893,,"Suma de Letras; Penguin Random House Audio",2019,Barcelona,eAudiobook;Book,
https://catalog.saclibrary.org/GroupedWork/fffd30f0-d206-cb83-b0f9-3a12de23c406-spa,"El dia que dejo de nevar en Alaska","Kellen, Alice, 1989-",9788416622788,,Books4pocket,2022,Argentina,Book,"Book::Arcade: SPANISH FICTION Kellen, A. - On Shelf,Book::Carmichael: SPANISH FICTION Kellen, A. - Checked Out,Book::Central: SPANISH FICTION Kellen, A. - On Shelf"
https://catalog.saclibrary.org/GroupedWork/ff17b81c-a30c-6a62-8415-d3d9716b6922-spa,"A oscuras","Allen, Navessa",9788466680516,,"B; EDICIONES B; Penguin Random House Audio",2025,Barcelona,eAudiobook;Book;eBook,"Book::Central: SPANISH FICTION Allen, N. - On Shelf,Book::Elk Grove Opening Day Collection: ON ORDER - On Order,Book::Franklin: SPANISH FICTION Allen, N. - On Shelf"
https://catalog.saclibrary.org/GroupedWork/efc8dd3c-cee0-8c5a-4a82-6a261c8d7d4c-spa,"El diablo también se enamora","Rigby, Eleanor",9788416076857,,"Penguin Random House Grupo Editorial",2019,Barcelona,Book,"Book::Central: SPANISH FICTION Rigby, E. - On Shelf,Book::Fair Oaks: SPANISH FICTION Rigby, E. - On Shelf,Book::Franklin: SPANISH FICTION Rigby, E. - On Shelf"
https://catalog.saclibrary.org/GroupedWork/3b45b4f7-ea08-c474-2e32-269f88dd626d-spa,"Duelo romántico","Lee, Susan (Novelist)",9791387598822,,Montena,2025,Barcelona,Book,"Book::Central Teen Area - 3rd Floor: SPANISH TEEN FICTION Lee, S. - On Shelf,Book::Rancho Cordova: SPANISH TEEN FICTION Lee, S. - On Shelf,Book::Rio Linda Teen Area: SPANISH TEEN FICTION Lee, S. - On Shelf"
https://catalog.saclibrary.org/GroupedWork/f5906d44-97ba-d1c7-56ed-2de7a6f51543-spa,"Tan solo amigos: una novela","San Andres, Lydia",9781668098080,,"Primero Sueno Press/Atria",2026,"New York",Book,"Book::Carmichael: SPANISH FICTION San Andres, L. - On Shelf,Book::Central New Books - 4th Floor: SPANISH FICTION San Andres, L. - On Shelf,Book::Elk Grove: SPANISH FICTION San Andres, L. - On Shelf"
https://catalog.saclibrary.org/GroupedWork/79c9b84a-0472-b94e-240b-e5fdf19e5ef4-spa,"Las latitudes del deseo","Swarup, Shubhangi",9788417761530,,"Duomo Ediciones",2021,Barcelona,Book,"Book::Arcade: SPANISH FICTION Swarup, S. - On Shelf,Book::Carmichael: SPANISH FICTION Swarup, S. - On Shelf,Book::Central: SPANISH FICTION Swarup, S. - On Shelf"
https://catalog.saclibrary.org/GroupedWork/6ce516f3-6d78-41f2-9926-2d5df915cf73-spa,"En busca de cassandra","Kleypas, Lisa",9788418045899,,"Vergara/Penguin Random House Grupo Editorial",2021,Barcelona,Book,"Book::Carmichael: SPANISH FICTION Kleypas, L. - On Shelf,Book::Central: SPANISH FICTION Kleypas, L. - On Shelf,Book::North Sacramento-Hagginwood: SPANISH FICTION Kleypas, L. - On Shelf"
https://catalog.saclibrary.org/GroupedWork/58f40057-a37e-c956-0c2a-0f8fc79f0b39-spa,"Como un cuento de hadas: una novela coreana","Kim, Kyŏng-uk, 1971-",9786078469970,,"Nostra Ediciones",2022,Mexico,Book,"Book::Arcade Teen Area: SPANISH TEEN FICTION Kim, K. - On Shelf,Book::Carmichael Teen Area: SPANISH TEEN FICTION Kim, K. - On Shelf,Book::Belle Cooledge Teen Area: SPANISH TEEN FICTION Kim, K. - On Shelf"
https://catalog.saclibrary.org/GroupedWork/1d96665b-f187-33a6-4742-a522efbe43a6-spa,"Un jardín entre viñedos","Santos, Carmen",9788425353871,,Grijalbo,2016,Barcelona,Book,"Book::Carmichael: SPANISH FICTION Santos, C. - On Shelf,Book::Central: SPANISH FICTION Santos, C. - On Shelf"
https://catalog.saclibrary.org/GroupedWork/2f3e9a37-9147-70c1-2f7e-5e068b1cf4d5-spa,"Miel de verano","Paborn, Sara",9788466670036,,"Ediciones B",2021,Barcelona,Book,"Book::Arcade: SPANISH FICTION Paborn, S. - On Shelf,Book::Central: SPANISH FICTION Paborn, S. - On Shelf,Book::Belle Cooledge: SPANISH FICTION Paborn, S. - Display"
https://catalog.saclibrary.org/GroupedWork/e78c42e4-b492-af15-087d-a28ce57733f6-spa,"El amante demonio","Dark, Juliet",9788415420620,,Vergara,2013,Barcelona,Book,"Book::North Sacramento-Hagginwood: SPANISH FICTION Dark, J. - On Shelf"
https://catalog.saclibrary.org/GroupedWork/4cf0263f-1db5-139c-88e5-ca22bd2e4fa3-spa,"Acelerando en rojo / Running the Red Light","Zubkova, Iryna",9786073930925,,"Cross Books",2025,México,Book,"Book::Arcade: SPANISH FICTION Zubkova, I. - On Shelf,Book::Central New Books - 4th Floor: SPANISH FICTION Zubkova, I. - On Shelf,Book::Colonial Heights: SPANISH FICTION Zubkova, I. - On Shelf"
https://catalog.saclibrary.org/GroupedWork/d150495b-1ab8-345c-14b5-181613e31e3d-spa,"Palabras que nunca te dije","Martínez, María, 1975-",9788417421434,,Titania,2021,Argentina,Book,"Book::Arcade: SPANISH FICTION Martinez, M. - On Shelf,Book::Carmichael: SPANISH FICTION Martinez, M. - Checked Out,Book::Central: SPANISH FICTION Martinez, M. - On Shelf"
https://catalog.saclibrary.org/GroupedWork/43df9ac9-9f37-4ea0-4397-1306014f22d5-spa,"Un principe encantador","Cochrun, Alison",9788419131010,,Titania,2023,Madrid,Book,"Book::Arcade: SPANISH FICTION Cochrun, A. - On Shelf,Book::Central: SPANISH FICTION Cochrun, A. - On Shelf,Book::McKinley: SPANISH FICTION Cochrun, A. - On Shelf"
https://catalog.saclibrary.org/GroupedWork/2679a4c0-3c98-00b8-b6fb-f2321fa4a6a8-spa,"Mucho más que una fashion victim","Balliana, Tamara",9782496705959,,"Amazon Crossing",2021,Luxembourg,Book,"Book::Sylvan Oaks: SPANISH FICTION Balliana, T. - On Shelf"
https://catalog.saclibrary.org/GroupedWork/0e537877-314b-2379-6496-302ea293c391-spa,"De ex a ex","Solomon, Rachel Lynn",9788417421816,,"Ediciones Urano, S.A.U",2022,Madrid,Book,"Book::Arcade Teen Area: SPANISH TEEN FICTION Solomon, R. - On Shelf,Book::Central Teen Area - 3rd Floor: SPANISH TEEN FICTION Solomon, R. - On Shelf,Book::Belle Cooledge Teen Area: SPANISH TEEN FICTION Solomon, R. - On Shelf"
https://catalog.saclibrary.org/GroupedWork/43d98062-0152-c024-54f7-8b982d677199-spa,"Decir adiós no es olvidarte","Duro, Yago Gómez",9788466673266,,B,2022,Barcelona,Book,"Book::Central: SPANISH FICTION Duro, Y. - On Shelf,Book::Sylvan Oaks: SPANISH FICTION Duro, Y. - On Shelf,Book::Walnut Grove: SPANISH FICTION Duro, Y. - On Shelf"
https://catalog.saclibrary.org/GroupedWork/5c5e00a8-4459-6728-aea0-184dd6608050-spa,"Ese chico","Jones, Kim, 1985-",9788417972325,,"Chic Editorial",2020,Barcelona,Book,"Book::Central: SPANISH FICTION Jones, K. - On Shelf,Book::Courtland: SPANISH FICTION Jones, K. - On Shelf,Book::Franklin: SPANISH FICTION Jones, K. - On Shelf"
https://catalog.saclibrary.org/GroupedWork/cff611be-9663-0b96-02ff-c0a5b25c8a0e-unk,"Rey de la codicia","Huang, Ana",9786073928502,,"Cross Books",2025,"Ciudad de México",Book,"Book::Central: SPANISH FICTION Huang, A. - On Shelf,Book::Colonial Heights: SPANISH FICTION Huang, A. - On Shelf,Book::Belle Cooledge: SPANISH FICTION Huang, A. - In Transit"
https://catalog.saclibrary.org/GroupedWork/62fdc1e0-ef66-e675-f551-b454a07336ab-spa,"Dos copas y una noche","Álvarez, Ana, 1959-",9788417664190,,"Penguin Random House Grupo Editorial",2019,Barcelona,Book,"Book::Arcade: SPANISH FICTION Alvarez, A. - On Shelf,Book::Central: SPANISH FICTION Alvarez, A. - On Shelf,Book::Sacramento Public Library Storage: SPANISH FICTION Alvarez, A. - On Shelf"
https://catalog.saclibrary.org/GroupedWork/4182a950-3822-a94a-7f40-5dada2af7303-spa,"Love rules","Cárdenas, Diego, 1992-",9786073834599,,Montena,2023,"Ciudad de México",Book,"Book::Carmichael: SPANISH FICTION Cardenas, D. - On Shelf,Book::Central: SPANISH FICTION Cardenas, D. - On Shelf,Book::Orangevale: SPANISH FICTION Cardenas, D. - On Shelf"
https://catalog.saclibrary.org/GroupedWork/2cc81efa-a5df-4a85-4ebb-faeeba373e3b-spa,"Feliz cumpleaños","Steel, Danielle",9781101972182,,,2016,"New York (State)",Book,"Book::Carmichael: SPANISH FICTION Steel, D. - On Shelf,Book::Sacramento Public Library Storage: SPANISH FICTION Steel, D. - On Shelf"
https://catalog.saclibrary.org/GroupedWork/96604982-bf7c-6056-3b96-28d554069bf4-spa,"Una lección de amor","Enoch, Suzanne",9788419131034,,"Ediciones Urano, S.A.U",2023,Madrid,Book,"Book::Arcade: SPANISH FICTION Enoch, S. - On Shelf,Book::Central: SPANISH FICTION Enoch, S. - On Shelf,Book::North Natomas: SPANISH FICTION Enoch, S. - On Shelf"
https://catalog.saclibrary.org/GroupedWork/43a49953-ad0f-818a-2d32-498eb6fdcbdb-spa,"El tango de la guardia vieja","Pérez-Reverte, Arturo",9781614359609,,"Punto de Lectura; Santillana; Alfaguara","2012 - 2014","Madrid; Doral, FL",Book,"Book::Central: SPANISH FICTION Perez-Reverte, A. - On Shelf"
https://catalog.saclibrary.org/GroupedWork/990596ec-41f9-182c-d3cf-f6930bd64a25-spa,"El hombre sentimental","Marías, Javier",9788420477718,,"Debolsillo; Alfaguara","2013 - 2024",Barcelona,Book,"Book::Arcade: SPANISH FICTION Marias, J. - On Shelf"
https://catalog.saclibrary.org/GroupedWork/c12eb517-8b18-5748-5614-2913dc6bb3de-spa,"Anhelo (Serie Crave 1)","Wolff, Tracy",9786070790249,,"Editorial Planeta Mexicana",2020,México,Book,"Book::Central Teen Area - 3rd Floor: SPANISH TEEN FICTION Wolff, T. - On Shelf,Book::South Natomas Teen Area: SPANISH TEEN FICTION Wolff, T. - On Shelf,Book::Rancho Cordova: SPANISH TEEN FICTION Wolff, T. - On Shelf"
https://catalog.saclibrary.org/GroupedWork/419a1ef1-e7f5-d3ac-5116-d2981811fb41-spa,"Siempre el","Bowen, Sarina",9788418509254,,Wonderbooks,2022,Barcelona,Book,"Book::Arcade Teen Area: SPANISH TEEN FICTION Bowen, S. - On Shelf,Book::Carmichael Teen Area: SPANISH TEEN FICTION Bowen, S. - On Shelf,Book::Elk Grove Teen Area: SPANISH TEEN FICTION Bowen, S. - Display"
https://catalog.saclibrary.org/GroupedWork/ba689271-6d9e-c54f-40d8-0392cbfc8c3f-spa,"Objetivo: tu y yo","Kennedy, Elle",9788418509704,,Wonderbooks,2024,Barcelona,Book,"Book::Central: SPANISH FICTION Kennedy, E. - On Shelf,Book::Colonial Heights: SPANISH FICTION Kennedy, E. - On Shelf,Book::Courtland: SPANISH FICTION Kennedy, E. - On Shelf"
https://catalog.saclibrary.org/GroupedWork/85bb3cf6-e309-5c83-5725-d837e7462628-spa,"Lo que la nieve susurra al caer","Martínez, María, 1975-",9786073907675,,"Cross Books (Editorial Planeta Mexicana); Planeta Audio; Crossbooks","2023 - 2024","Ciudad de México",eAudiobook;Book;eBook,
https://catalog.saclibrary.org/GroupedWork/7ee2b80b-4c8c-f435-9b5f-1d5dddf7b3e1-spa,"The perfect love: desafia todas las reglas para ser libre de amar","Mars, Lyla",9788418509780,,Wonderbooks,2025,Barcelona,Book,"Book::Arcade Teen Area: SPANISH TEEN FICTION Mars, L. - On Shelf,Book::Central Teen Area - 3rd Floor: SPANISH TEEN FICTION Mars, L. - On Shelf,Book::Colonial Heights: SPANISH TEEN FICTION Mars, L. - On Shelf"
https://catalog.saclibrary.org/GroupedWork/b59ede39-d377-2204-4ebc-12ae9870a8a7-spa,"Besar a un ángel","Phillips, Susan Elizabeth",9788490701775,,"Ediciones B",2016,Barcelona,Book,"Book::Central: SPANISH FICTION Phillips, S. - On Shelf,Book::Sacramento Public Library Storage: SPANISH FICTION Phillips, S. - On Shelf"
https://catalog.saclibrary.org/GroupedWork/10108d0c-c63e-147d-99f1-abef04aa4e3e-spa,"Tentacion en Las Vegas","Child, Maureen",9781335661081,,"Harlequin Iberica",2018,Madrid,Book,"Book::Central: SPANISH FICTION Child, M. - On Shelf"
https://catalog.saclibrary.org/GroupedWork/057d761e-1578-bf90-cac7-f3ea3d773e67-spa,"El hijo del tiempo","Harkness, Deborah, 1965-",9788491297932,,"Suma de Letras",2022,Barcelona,Book,"Book::Central: SPANISH FICTION Harkness, D. - On Shelf,Book::Fair Oaks: SPANISH FICTION Harkness, D. - On Shelf,Book::Galt: SPANISH FICTION Harkness, D. - On Shelf"
https://catalog.saclibrary.org/GroupedWork/ac34b2c0-3551-17e5-dd02-e78396c51caf-spa,"No me quiero enamorar: el deseo es la inversión más peligrosa","Rodriguez, Liz",9786073938211,,Planeta,2026,"Mexico City",Book,"Book::Central New Books - 4th Floor: SPANISH FICTION Rodriguez, L. - On Shelf,Book::Colonial Heights: SPANISH FICTION Rodriguez, L. - On Shelf,Book::Elk Grove Opening Day Collection: ON ORDER - On Order"
https://catalog.saclibrary.org/GroupedWork/2e233957-0f8e-4127-bb4e-95ac7aa814f7-spa,"El gran Gatsby","Fitzgerald, F. Scott (Francis Scott), 1896-1940",9788418395185,,"Debolsillo; Rosetta Edu; Editorial Alma; Panamericana Editorial; NARRATORES; Plṳtn; Reino de Cordelia; Alfaguara; Audiolibros Colección","1983 - 2023","Miami, FL; Barcelona; Madrid; [Barcelona]; Barbẻr del Valľs, Barcelona",eBook;Book;eAudiobook,"Book::Central: SPANISH FICTION Fitzgerald, F. - Checked Out,Book::Courtland: SPANISH FICTION Fitzgerald, F. - On Shelf"
https://catalog.saclibrary.org/GroupedWork/f37977e3-a7e2-07de-ae42-546ba5a8548b-spa,"Cosas que nunca dejamos atrás","Score, Lucy",9788417972905,,"BookaVivo; Chic Editorial",2022,Barcelona,eAudiobook;Book,
https://catalog.saclibrary.org/GroupedWork/eeb720a0-3bd9-f220-0e8f-aa4ed8861768-spa,"El rey","Pacat, C. S",9788410085305,,Umbriel,2024,Madrid,Book,"Book::Arcade: SPANISH FICTION Pacat, C. - On Shelf,Book::Central: SPANISH FICTION Pacat, C. - On Shelf,Book::South Natomas: SPANISH FICTION Pacat, C. - On Shelf"
https://catalog.saclibrary.org/GroupedWork/e68fa78b-fa2e-6ab5-808e-f9c21cf38cdd-spa,"Maravilloso error","McGuire, Jamie",9786073140300,,"Suma De Letras",2016,"México, D.F",Book,"Book::Central: SPANISH FICTION McGuire, J. - On Shelf,Book::Valley Hi-North Laguna: SPANISH FICTION McGuire, J. - On Shelf"
https://catalog.saclibrary.org/GroupedWork/b31a1876-1c6b-5922-4ced-b8ef82663aca-spa,"El aire que respira","Cherry, Brittainy C",9788418509568,,Wonderbooks,2023,Barcelona,Book,"Book::Central: SPANISH FICTION Cherry, B. - On Shelf,Book::Fair Oaks: SPANISH FICTION Cherry, B. - On Shelf,Book::McKinley: SPANISH FICTION Cherry, B. - On Shelf"
https://catalog.saclibrary.org/GroupedWork/ef930aa4-d8bc-d26b-5728-d5f14bf7fc3f-spa,"Reckless: sin miedo","Silver, Elsie",9788419822857,,"Contraluz Editorial; Contraluz",2025,Madrid,eBook;Book,"Book::Carmichael: SPANISH FICTION Silver, E. - On Shelf,Book::Central New Books - 4th Floor: SPANISH FICTION Silver, E. - On Shelf,Book::North Natomas: SPANISH FICTION Silver, E. - On Shelf"
https://catalog.saclibrary.org/GroupedWork/9019aab8-8ccb-76ac-92dc-67d16c459903-spa,"Dimelo con besos","Ron, Mercedes, 1993-",9786073803090,,"Ellas, Montena",2021,"Ciudad de Mexico",Book,"Book::Arcade Teen Area: SPANISH TEEN FICTION Ron, M. - On Shelf,Book::Carmichael Teen Area: SPANISH TEEN FICTION Ron, M. - On Shelf,Book::Elk Grove Teen Area: SPANISH TEEN FICTION Ron, M. - On Shelf"
https://catalog.saclibrary.org/GroupedWork/2e3ab35a-7c02-1143-4a1e-7b8598448aa9-spa,"El efecto Graham","Kennedy, Elle",9788418509926,,Wonderbooks,2024,Barcelona,Book,"Book::Central: SPANISH FICTION Kennedy, E. - On Shelf,Book::Courtland: SPANISH FICTION Kennedy, E. - On Shelf,Book::North Natomas: SPANISH FICTION Kennedy, E. - On Shelf"
https://catalog.saclibrary.org/GroupedWork/cb2ac7d5-b577-dd85-eb84-a12d1dce84f4-spa,"¿Y si no es conmigo?","Calle y Poché (Joint pseudonym)",9786073813020,,Montena,2023,"Ciudad de México",Book,"Book::Colonial Heights: SPANISH FICTION Calle y Poche - On Shelf,Book::Sacramento Public Library Storage: SPANISH FICTION Calle y Poche - On Shelf"
https://catalog.saclibrary.org/GroupedWork/7cb4d91a-5b12-b620-a519-0c2b441851bb-spa,"Nosotros en la luna","Kellen, Alice, 1989-",9786070774249,,"Editorial Planeta Mexicana; Editorial Planeta; Planeta Audio","2020 - 2021","Ciudad de México",eAudiobook;Book;eBook,
https://catalog.saclibrary.org/GroupedWork/bae0b732-64f1-5d75-d17b-44151d860292-spa,"Nadie más que tú","Amarillo, Noelia, 1972-",9788415952725,,Terciopelo,2016,Barcelona,Book,"Book::Central: SPANISH FICTION Amarillo, N. - On Shelf"
https://catalog.saclibrary.org/GroupedWork/44b3c133-111c-dec4-53fc-641df67dc1a5-spa,"Hechizos para olvidar","Young, Adrienne, 1985-",9788419030153,,Umbriel,2023,Madrid,Book,"Book::Arcade: SPANISH FICTION Young, A. - On Shelf,Book::Central: SPANISH FICTION Young, A. - On Shelf,Book::Elk Grove: SPANISH FICTION Young, A. - On Shelf"
https://catalog.saclibrary.org/GroupedWork/cddd5b45-e975-79c3-8d99-5e862427d227-spa,"Las leyes de la atraccion","Fields, Jennie",9786070778469,,Espasa,2021,"Ciudad de Mexico",Book,"Book::Belle Cooledge: SPANISH FICTION Fields, J. - On Shelf,Book::North Natomas: SPANISH FICTION Fields, J. - On Shelf"
https://catalog.saclibrary.org/GroupedWork/4e996e8c-eb08-62f0-3ee2-1d35b220c643-spa,"Battalla sensual","Cox, Maggie",9781335634399,,"Harelquin Iberica",2019,Madrid,Book,"Book::Central: SPANISH FICTION Cox, M. - On Shelf"
https://catalog.saclibrary.org/GroupedWork/b5b1de45-211a-d68a-f952-04bbb869465b-spa,"Valeria en el espejo","Benavent, Elísabet, 1984-",9788490628997,,"Debols!llo; Penguin Random House Audio","2015 - 2018",Barcelona,eAudiobook;Book,"Book::North Natomas: SPANISH FICTION Benavent, E. - On Shelf,Book::Sacramento Public Library Storage: SPANISH FICTION Benavent, E. - On Shelf"
https://catalog.saclibrary.org/GroupedWork/5b9b6f40-4afd-8966-8a6c-3e1d72d7d5df-spa,"Dos cafés y una aventura: bilogía dos más dos II","Álvarez, Ana, 1959-",9788417664206,,Vergara,2019,Barcelona,Book,"Book::Arcade: SPANISH FICTION Alvarez, A. - On Shelf,Book::Central: SPANISH FICTION Alvarez, A. - On Shelf,Book::Pocket-Greenhaven: SPANISH FICTION Alvarez, A. - On Shelf"
https://catalog.saclibrary.org/GroupedWork/c3de320d-c4b3-3ea1-9672-bf49987ff081-spa,"La serpiente y las alas de la noche","Broadbent, Carissa",9788408292487,,"Planeta México; Planeta; Planeta Publishing; Planeta Audio","2024 - 2025","Barcelona; Barcelona, Spain",eAudiobook;Book;eBook,"Book::Central Teen Area - 3rd Floor: SPANISH TEEN FICTION Broadbent, C. - On Shelf,Book::North Natomas: SPANISH TEEN FICTION Broadbent, C. - On Shelf,Book::Southgate Teen Area: SPANISH TEEN FICTION Broadbent, C. - On Shelf"
https://catalog.saclibrary.org/GroupedWork/c933c7a4-0558-259b-4b0d-98443e4eb73a-spa,"Cosas que dejamos en el olvido","Score, Lucy",9788419702111,,"BookaVivo; Chic",2024,Barcelona,eAudiobook;Book,
https://catalog.saclibrary.org/GroupedWork/d3c08542-5c59-cc22-515e-150304204ceb-spa,"Los diarios secretos de Miranda","Quinn, Julia, 1970-",9788415870746,,"Ediciones Urano",2015,Barcelona,Book,"Book::Franklin: SPANISH FICTION Quinn, J. - On Shelf"
https://catalog.saclibrary.org/GroupedWork/d55659a8-86eb-c4ae-4400-55664cb32dff-spa,"Contigo hasta el final","Kennedy, Elle",9788410425057,,Wonderbooks,2025,Barcelona,Book,"Book::Central: SPANISH FICTION Kennedy, E. - On Shelf,Book::Colonial Heights: SPANISH FICTION Kennedy, E. - On Shelf,Book::Belle Cooledge: SPANISH FICTION Kennedy, E. - On Shelf"
https://catalog.saclibrary.org/GroupedWork/dc3d8f52-62b0-11d7-387c-44368bd5c9ea-spa,"Cuando te hablen de amor","Lavín, Mónica, 1955-",9786070742262,,"Editorial Planeta Mexicana",2017,"Ciudad de México",Book,"Book::Arcade: SPANISH FICTION Lavin, M. - On Shelf,Book::Franklin: SPANISH FICTION Lavin, M. - On Shelf,Book::Valley Hi-North Laguna: SPANISH FICTION Lavin, M. - On Shelf"
https://catalog.saclibrary.org/GroupedWork/e7274866-659f-ca79-cab4-399eb23d076a-spa,"La viajera del tiempo","Franco, Lorena 1983-",9781542045438,,"Amazon Publishing",2017,Luxembourg,Book,"Book::Carmichael: SPANISH FICTION Franco, L. - On Shelf,Book::Central: SPANISH FICTION Franco, L. - On Shelf,Book::Del Paso Heights: SPANISH FICTION Franco, L. - On Shelf"
https://catalog.saclibrary.org/GroupedWork/4fa39a24-df65-853d-e3aa-38ba76dad9ab-spa,"La emperatriz","Cast, Kristin",9788408302667,,"Cross Books",2025,"Barcelona, Spain",Book,"Book::South Natomas: SPANISH FICTION Cast, K. - On Shelf,Book::Sojourner Bookmobile: SPANISH FICTION Cast, K. - On Shelf,Book::Wanderer Bookmobile: SPANISH FICTION Cast, K. - On Shelf"
https://catalog.saclibrary.org/GroupedWork/105b0f55-1dc9-3e71-b2d9-970024da82a5-spa,Blue,"Steel, Danielle",9781947783164,,"Plaza & Janés; Debosillo","2018 - 2019",Barcelona,Book,"Book::Belle Cooledge: SPANISH FICTION Steel, D. - On Shelf"
https://catalog.saclibrary.org/GroupedWork/d35536d7-b645-d8b1-b8f1-d5199130fbf6-spa,"Espíritu animal","Criado, Adriana",9788410391239,,Titania,2025,Madrid,Book,"Book::Arcade: SPANISH FICTION Criado, A. - On Shelf,Book::Central New Books - 4th Floor: SPANISH FICTION Criado, A. - On Shelf,Book::Galt: SPANISH FICTION Criado, A. - On Shelf"
https://catalog.saclibrary.org/GroupedWork/4a516ff2-6e30-ce5e-6e2c-d514b6e3b18f-spa,"Un cuento perfecto","Benavent, Elísabet, 1984-",9788491291916,,"Penguin Random House Grupo Editorial",2020,Barcelona,Book,"Book::Arcade: SPANISH FICTION Benavent, E. - On Shelf,Book::Valley Hi-North Laguna: SPANISH FICTION Benavent, E. - On Shelf,Book::Sacramento Public Library Storage: SPANISH FICTION Benavent, E. - On Shelf"
https://catalog.saclibrary.org/GroupedWork/83fef4f0-d638-49b7-877c-e0134451a67d-spa,"Binding 13","Walsh, Chloe (Fiction writer)",9788419357373,,"MONTENA; Penguin Random House Audio; Montena",2024,Barcelona,eAudiobook;Book;eBook,"Book::Central Teen Area - 3rd Floor: SPANISH TEEN FICTION Walsh, C - On Shelf,Book::Belle Cooledge Teen Area: SPANISH TEEN FICTION Walsh, C - In Transit,Book::Sacramento Public Library Storage: SPANISH TEEN FICTION Walsh, C - On Shelf"
https://catalog.saclibrary.org/GroupedWork/c2d5c7e8-6a94-19b6-f011-1614d598cff5-spa,"En nombre del amor","Sparks, Nicholas",9788499187631,,"Roca Editorial",2016,Barcelona,Book,"Book::Fair Oaks: SPANISH FICTION Sparks, N. - On Shelf,Book::Sacramento Public Library Storage: SPANISH FICTION Sparks, N. - On Shelf"
https://catalog.saclibrary.org/GroupedWork/9d5adc1e-b2c0-2452-8e12-5767175bc4f3-spa,"Culpa nuestra","Ron, Mercedes, 1993-",9788413142036,,"MONTENA; B; Penguin Random House Audio","2018 - 2026",Barcelona,eAudiobook;Book;eBook,
https://catalog.saclibrary.org/GroupedWork/907666b7-4aa5-c61d-25d7-fa597b437ddd-spa,"Powerless: sin control","Silver, Elsie",9788419822703,,Contraluz,2025,Madrid,Book,"Book::Central New Books - 4th Floor: SPANISH FICTION Silver, E. - On Shelf,Book::North Natomas: SPANISH FICTION Silver, E. - On Shelf,Book::North Sacramento-Hagginwood: SPANISH FICTION Silver, E. - On Shelf"
https://catalog.saclibrary.org/GroupedWork/a0e40c09-5036-e14a-9dd2-ada92c699dd8-spa,"Un corazón obstinado","Meadows, Foz",9788419030269,,"Ediciones Urano",2023,Madrid,Book,"Book::Central: SPANISH FICTION Meadows, F. - On Shelf,Book::Colonial Heights: SPANISH FICTION Meadows, F. - Checked Out,Book::Belle Cooledge: SPANISH FICTION Meadows, F. - On Shelf"
https://catalog.saclibrary.org/GroupedWork/a25166c0-3609-ce38-0c18-156bc6e25ad2-spa,"Bajo el mismo techo","Rigby, Eleanor",9788413145891,,B,2022,Barcelona,Book,"Book::Carmichael: SPANISH FICTION Rigby, E. - On Shelf,Book::Central: SPANISH FICTION Rigby, E. - On Shelf,Book::Belle Cooledge: SPANISH FICTION Rigby, E. - On Shelf"
https://catalog.saclibrary.org/GroupedWork/64d7ff91-0e96-c82e-91a5-4f73513c3a78-spa,"La historia de mi vida","Score, Lucy",9788466680813,,"EDICIONES B; Penguin Random House Audio; Ediciones B",2025,[Barcelona],eAudiobook;Book;eBook,"Book::Colonial Heights: SPANISH FICTION Score, L. - On Shelf,Book::Belle Cooledge: SPANISH FICTION Score, L. - In Transit,Book::North Natomas: SPANISH FICTION Score, L. - On Shelf"
https://catalog.saclibrary.org/GroupedWork/befbe3af-1dde-c651-fb3d-ea0e16f6a3d5-spa,"Gloriosos rivales: el amor es un juego peligroso","Barnes, Jennifer Lynn",9788427249479,,Molino,2025,Barcelona,Book,"Book::Central Teen Area - 3rd Floor: SPANISH TEEN FICTION Barnes, J. - On Shelf,Book::Belle Cooledge Teen Area: SPANISH TEEN FICTION Barnes, J. - On Shelf,Book::Del Paso Heights Teen Area: SPANISH TEEN FICTION Barnes, J. - On Shelf"
https://catalog.saclibrary.org/GroupedWork/b91e2662-48a0-a0b2-bf0a-6d73d080863a-spa,"9 de Noviembre","Hoover, Colleen",9786073912921,,"Planeta México; Editorial Planenta Mexicana; Editorial Planeta; Planeta Audio",2024,"Ciudad de México",eAudiobook;Book;eBook,
https://catalog.saclibrary.org/GroupedWork/c1f44f67-6984-1974-6238-bec3ccf63b8c-spa,"La chica del tiempo","Solomon, Rachel Lynn",9788417421885,,Titania,2022,Madrid,Book,"Book::Arcade: SPANISH FICTION Solomon, R. - On Shelf,Book::Carmichael: SPANISH FICTION Solomon, R. - Checked Out,Book::Central: SPANISH FICTION Solomon, R. - On Shelf"
https://catalog.saclibrary.org/GroupedWork/f8e5850f-56ce-2225-41ee-9db84ff0d40d-spa,"10,000 millas para encontrarte","Ron, Mercedes, 1993-",9786073836005,,"MONTENA; Penguin Random House Audio; Montena",2023,"Ciudad de Mexico",eAudiobook;Book;eBook,
https://catalog.saclibrary.org/GroupedWork/0622c3b1-b008-95d3-9e66-ee1607624aab-spa,"Amy, por error","Painter, Lynn",9788410391222,,"Titania, Urano Word",2025,Madrid,Book,"Book::Central New Books - 4th Floor: SPANISH FICTION Painter, L. - On Shelf,Book::Elk Grove Opening Day Collection: ON ORDER - On Order,Book::Rio Linda: SPANISH FICTION Painter, L. - On Shelf"
https://catalog.saclibrary.org/GroupedWork/e3ba1ef5-4e5c-faa9-4da3-55d27b118d99-spa,"Enebro & Espina","Reid, Ava",9788419030214,,"Umbriel, Ediciones Urano",2023,Argentina,Book,"Book::Central: SPANISH FICTION Reid, A. - On Shelf,Book::South Natomas: SPANISH FICTION Reid, A. - On Shelf,Book::North Natomas: SPANISH FICTION Reid, A. - On Shelf"
https://catalog.saclibrary.org/GroupedWork/1ec259d6-2f25-31c5-6f86-d39da379eaa7-spa,"Mujeres del zodíaco: 2, La cuesta Kewaizaka : Tauro, Virgo, Acuario, Libra, Capricornio","Maki, Miyako, 1935-",9788417419172,,"Satori ediciones",2019,"Gijon, España","Graphic Novel/Manga","Graphic Novel/Manga::Fair Oaks: SPANISH MANGA Mujeres Del v.2 - On Shelf,Graphic Novel/Manga::Franklin: SPANISH MANGA Mujeres Del v.2 - On Shelf,Graphic Novel/Manga::Isleton: SPANISH MANGA Mujeres Del v.2 - On Shelf"
https://catalog.saclibrary.org/GroupedWork/44a75b9e-4d6c-4b0f-4850-210620159d5e-spa,"Pregúntame lo que quieras","Sussman, Elissa",9788491299608,,Suma,2024,Barcelona,Book,"Book::Central: SPANISH FICTION Sussman, E. - On Shelf,Book::Belle Cooledge: SPANISH FICTION Sussman, E. - In Transit,Book::Sylvan Oaks: SPANISH FICTION Sussman, E. - On Shelf"
https://catalog.saclibrary.org/GroupedWork/696c0e20-4938-2849-ac57-76f92f304d3d-spa,"Mujeres del zodíaco: 3 : Narcisco de los poetas: Cancer, Aries, Piscis, Geminis","Maki, Miyako, 1935-",9788417419233,,"Satori Ediciones",2019,"Gijon, España","Graphic Novel/Manga","Graphic Novel/Manga::Colonial Heights: SPANISH MANGA Mujeres Del v.3 - On Shelf,Graphic Novel/Manga::Courtland: SPANISH MANGA Mujeres Del v.3 - On Shelf,Graphic Novel/Manga::Elk Grove: SPANISH MANGA Mujeres Del v.3 - On Shelf"
https://catalog.saclibrary.org/GroupedWork/8525afb3-bb1a-89c7-47d6-1d32fe8d904f-spa,"Twisted hate: Twisted. Libro tres","Huang, Ana",9786073908634,,"Cross Books",2024,"Ciudad de México",Book,"Book::Central: SPANISH FICTION Huang, A. - On Shelf,Book::Fair Oaks: SPANISH FICTION Huang, A. - On Shelf,Book::Franklin: SPANISH FICTION Huang, A. - On Shelf"
https://catalog.saclibrary.org/GroupedWork/bbcd5cfc-234f-6a95-b4f8-e0613ade2c8f-spa,"El guardián de espadas","Clare, Cassandra",9786073913140,,Crossbooks,2024,"Ciudad de México",Book,"Book::Central Teen Area - 3rd Floor: SPANISH TEEN FICTION Clare, C. - On Shelf,Book::Elk Grove Teen Area: SPANISH TEEN FICTION Clare, C. - On Shelf,Book::Isleton Teen Area: SPANISH TEEN FICTION Clare, C. - On Shelf"
https://catalog.saclibrary.org/GroupedWork/5d74f267-af03-3455-60a0-f9afaedf980c-spa,"Confesiones: una novela","Hoover, Colleen",9781668223918,,"Primero Sueño Press/Atria",2025,"New York",Book,"Book::Carmichael: SPANISH FICTION Hoover, C. - On Shelf,Book::Central: SPANISH FICTION Hoover, C. - On Shelf,Book::Isleton: SPANISH FICTION Hoover, C. - On Shelf"
https://catalog.saclibrary.org/GroupedWork/14c23030-5ed9-83d8-f498-9d3c5d177a62-spa,Boss,"Munoz, Eva",9786073858601,,Montena,2025,"Ciudad de Mexico",Book,"Book::Arcade: SPANISH FICTION Munoz, E. - On Shelf,Book::Central: SPANISH FICTION Munoz, E. - On Shelf,Book::Colonial Heights: SPANISH FICTION Munoz, E. - OFF CAMPUS"
https://catalog.saclibrary.org/GroupedWork/12883b43-6163-a555-3d58-f4a9b911e6a4-spa,"Lo inevitable de nosotros",,9786073864305,,Alfaguara,2025,"Ciudad de México",Book,"Book::Arcade Teen Area: SPANISH TEEN FICTION Ortiz, M. - On Shelf,Book::Belle Cooledge Teen Area: SPANISH TEEN FICTION Ortiz, M. - Display,Book::Courtland Teen Area: SPANISH TEEN FICTION Ortiz, M. - On Shelf"
https://catalog.saclibrary.org/GroupedWork/77a52678-5d41-10a4-ddab-15e9d501156d-spa,Victoria,"Sánchez-Garnica, Paloma",9786073923804,,"Planeta; Editorial Planeta",2024,"Ciudad de México",eBook;Book,"Book::Central: SPANISH FICTION Sanchez-Garnica, P. - Display,Book::Colonial Heights: SPANISH FICTION Sanchez-Garnica, P. - On Shelf,Book::Belle Cooledge: SPANISH FICTION Sanchez-Garnica, P. - On Shelf"
https://catalog.saclibrary.org/GroupedWork/4648a182-050f-2bee-e424-0491e84f7e79-spa,"West Side story","Shulman, Irving",9788418538742,,"Duomo Ediciones",2021,Barcelona,Book,"Book::Arcade: SPANISH FICTION Shulman, I. - On Shelf,Book::Central: SPANISH FICTION Shulman, I. - On Shelf,Book::Del Paso Heights: SPANISH FICTION Shulman, I. - On Shelf"
https://catalog.saclibrary.org/GroupedWork/85df64a0-4930-8477-92ef-57192b70103c-spa,"Mala fama","Kennedy, Elle",9788418509827,,Wonderbooks,2024,Barcelona,Book,"Book::Central Teen Area - 3rd Floor: SPANISH TEEN FICTION Kennedy, E. - On Shelf,Book::Fair Oaks Teen Area: SPANISH TEEN FICTION Kennedy, E. - On Shelf,Book::North Natomas: SPANISH TEEN FICTION Kennedy, E. - On Shelf"
https://catalog.saclibrary.org/GroupedWork/592e3100-e522-2cbd-1821-c48598a46ba2-spa,"Redeeming 6","Walsh, Chloe (Fiction writer)",9788410298316,,"MONTENA; Penguin Random House Grupo Editorial, S.A.U; Penguin Random House Audio","2024 - 2025",Barcelona,eAudiobook;Book;eBook,"Book::Belle Cooledge Teen Area: SPANISH TEEN FICTION Walsh, C - In Transit,Book::McKinley Children's Area: SPANISH TEEN FICTION Walsh, C - On Shelf,Book::North Natomas: SPANISH TEEN FICTION Walsh, C - On Shelf"
https://catalog.saclibrary.org/GroupedWork/c9d76b22-bc8c-759d-cc22-f0ac843fb664-spa,"Trono de cristal","Maas, Sarah J",9789798890987,,"Alfaguara Infantil; ALFAGUARA JUVENIL; Penguin Random House Audio","2022 - 2024","México, D.F",eAudiobook;Book;eBook,
https://catalog.saclibrary.org/GroupedWork/d26420c9-5ba9-9a4d-b73a-32790a95c2da-spa,"Atrapada en el tiempo","Gabaldon, Diana",9788498386714,,Salamandra,2015,Barcelona,Book,"Book::Central: SPANISH FICTION Gabaldon, D. - On Shelf"
https://catalog.saclibrary.org/GroupedWork/bfabc98e-ce2b-185b-cd58-c448d820b92e-spa,"Zapatos nuevos y sopa de almendras","Oro, Begoña",9788401035876,,"Plaza & Janés",2025,Barcelona,Book,"Book::Arcade: SPANISH FICTION Oro, B. - On Shelf,Book::Colonial Heights: SPANISH FICTION Oro, B. - On Shelf,Book::Belle Cooledge: SPANISH FICTION Oro, B. - In Transit"
https://catalog.saclibrary.org/GroupedWork/823b4168-d5ba-bcaf-1da3-e1de9967f727-spa,"Corazón agridulce","Hunting, H",9788418509940,,Wonderbooks,2025,Barcelona,Book,"Book::Central: SPANISH FICTION Hunting, H. - On Shelf,Book::North Natomas: SPANISH FICTION Hunting, H. - On Shelf"
https://catalog.saclibrary.org/GroupedWork/f34dc103-b5f8-f7a1-1315-90e6a677fe23-spa,"El test del amor","Hoang, Helen",9788417421991,,Titania,2023,Madrid,Book,"Book::Arcade: SPANISH FICTION Hoang, H. - On Shelf,Book::Carmichael: SPANISH FICTION Hoang, H. - On Shelf,Book::Central: SPANISH FICTION Hoang, H. - On Shelf"
https://catalog.saclibrary.org/GroupedWork/a34f7f2d-c140-e0b4-a2f0-ebbcff6bfa62-spa,"Experimento de amor en Nueva York","Armas, Elena",9789877479515,,Vera,2023,"Ciudad de México",Book,"Book::Colonial Heights: SPANISH FICTION Armas, E. - On Shelf,Book::Sacramento Public Library Storage: SPANISH FICTION Armas, E. - On Shelf"
https://catalog.saclibrary.org/GroupedWork/9041b8e9-a611-e8ce-c280-8b1772d1adde-spa,"Fearful: una historia de Powerless","Roberts, Lauren",9798890986160,,"Penguin Random House Grupo Editorial",2025,"Ciudad de México",Book,"Book::Arcade Teen Area: SPANISH TEEN FICTION Roberts, L. - On Shelf,Book::Central Teen Area - 3rd Floor: SPANISH TEEN FICTION Roberts, L. - On Shelf,Book::North Natomas: SPANISH TEEN FICTION Roberts, L. - On Shelf"
https://catalog.saclibrary.org/GroupedWork/9154a423-7361-93e7-f2db-4c676ac08e60-spa,"El heredero","Lindsey, Johanna",9788490701447,,"Ediciones B",2015,Barcelona,Book,"Book::Franklin: SPANISH FICTION Lindsey, J. - On Shelf,Book::Sacramento Public Library Storage: SPANISH FICTION Lindsey, J. - On Shelf"
https://catalog.saclibrary.org/GroupedWork/db4dba6d-8072-2798-12fb-3992943b53c1-spa,Mister,"James, E. L",9781984899187,,"Vintage Espanol",2019,"New York",Book,"Book::Central: SPANISH FICTION James, E. - On Shelf,Book::Colusa Main Branch Adult Collection: SP Fic - On Shelf"
https://catalog.saclibrary.org/GroupedWork/8e2ff21c-a070-e7ec-148c-eed4fe1efab3-spa,"El secreto","Garwood, Julie",9788490701720,,"B de Bolsillo",2016,"Barcelona, España",Book,"Book::Arcade: SPANISH FICTION Garwood, J. - On Shelf"
https://catalog.saclibrary.org/GroupedWork/8f97a67c-5f2e-ea56-961c-9546b3a3c943-spa,"Promesas oscuras","Feehan, Christine",9788419131492,,Titania,2024,Argentina,Book,"Book::Central: SPANISH FICTION Feehan, C. - On Shelf,Book::Galt: SPANISH FICTION Feehan, C. - On Shelf,Book::Rancho Cordova: SPANISH FICTION Feehan, C. - On Shelf"
https://catalog.saclibrary.org/GroupedWork/267a0274-500c-5f71-6ff9-419f157ab1e0-spa,"Culpa mía","Ron, Mercedes, 1993-",9788413142012,,"B de Bolsillo; Penguin Random House Audio","2020 - 2025",Barcelona,eAudiobook;Book,
https://catalog.saclibrary.org/GroupedWork/f2a07e35-4d0e-1a52-8479-df10facfe16d-spa,"Primero llegó el escándalo","Quinn, Julia, 1970-",9788417421304,,"Titania, Ediciones Urano",2021,Madrid,Book,"Book::Arcade: SPANISH FICTION Quinn, J. - On Shelf,Book::Carmichael: SPANISH FICTION Quinn, J. - On Shelf,Book::Colonial Heights: SPANISH FICTION Quinn, J. - Checked Out"
https://catalog.saclibrary.org/GroupedWork/c1c15b66-f9ed-cf20-982b-d48c33ad7d27-spa,"El regalo más dulce","Llop, Nuria, 1964-",9788416973040,,"Libros de Seda",2017,Barcelona,Book,"Book::Belle Cooledge: SPANISH FICTION Llop, N. - On Shelf,Book::Isleton: SPANISH FICTION Llop, N. - On Shelf"
https://catalog.saclibrary.org/GroupedWork/5947d282-304b-425c-8bc4-1b00d29e19e6-spa,Marina,"Ruiz Zafón, Carlos, 1964-",9788423687268,,"Edebé; VINTAGE ESPAÑOL; Books on Tape; Vintage Español; Austral","2007 - 2020","Barcelona; Nueva York",eAudiobook;Book;eBook,
https://catalog.saclibrary.org/GroupedWork/8142d8a1-32e7-9e9b-5da3-7434ec9646ab-spa,"El irresistible encanto de tu peor enemigo","Knightley, Brigitte",9798890985002,,"PLAZA & JANÉS; Plaza & Janés; Penguin Random House Audio",2025,Barcelona,eAudiobook;Book;eBook,"Book::Colonial Heights: SPANISH FICTION Knightley, B. - On Shelf,Book::Belle Cooledge: SPANISH FICTION Knightley, B. - In Transit,Book::Elk Grove Opening Day Collection: ON ORDER - On Order"
https://catalog.saclibrary.org/GroupedWork/b41d4036-9a2c-3976-d14d-39a6125dd66e-spa,"La hipótesis del amor","Hazelwood, Ali",9788418945182,,"Contraluz Editorial; Contraluz",2022,Madrid,eBook;Book,
https://catalog.saclibrary.org/GroupedWork/534d0807-db7b-0b9c-d4b8-8befd2eda862-spa,"El novio","McFadden, Freida",9798890986306,,"SUMA; Vintage Español; Penguin Random House Audio",2026,Barcelona,eAudiobook;Book;eBook,"Book::Carmichael: SPANISH FICTION McFadden, F. - On Shelf,Book::Central New Books - 4th Floor: SPANISH FICTION McFadden, F. - On Shelf,Book::Colonial Heights: SPANISH FICTION McFadden, F. - On Shelf"
https://catalog.saclibrary.org/GroupedWork/7cea0d0f-5484-f265-5ac9-49614244124b-spa,"Más que rivales =: Heated rivalry","Reid, Rachel",9798890987815,,Montena,2026,"Miami, FL",Book,"Book::Carmichael: SPANISH FICTION Reid, R. - On Shelf,Book::Central New Books - 4th Floor: SPANISH FICTION Reid, R. - On Shelf,Book::Rancho Cordova: SPANISH FICTION Reid, R. - Checked Out"
https://catalog.saclibrary.org/GroupedWork/13d19118-a7ec-fe4c-eeaf-56fd923d8654-spa,"Beautiful bastard: un tip odioso","Lauren, Christina",9788490623183,,Debolsillo,2022,Bacelona,Book,"Book::Central: SPANISH FICTION Lauren, C. - On Shelf,Book::Colonial Heights: SPANISH FICTION Lauren, C. - On Shelf,Book::Fair Oaks: SPANISH FICTION Lauren, C. - On Shelf"
https://catalog.saclibrary.org/GroupedWork/9bbb4bab-51bc-fe10-0fa7-c5d73e630c12-spa,"Casa de tierra y sangre","Maas, Sarah J",9786073195942,,"ALFAGUARA JUVENIL; Penguin Random House Audio; Alfaguara","2020 - 2021",[Mexico],eAudiobook;Book;eBook,
https://catalog.saclibrary.org/GroupedWork/6c24c7f8-2a79-4034-d8f3-556422fdd2b3-spa,"La chispa =: Spark","Keeland, Vi",9788417972974,,"Chic Editorial",2023,Barcelona,Book,"Book::Arcade: SPANISH FICTION Keeland, V. - On Shelf,Book::Carmichael: SPANISH FICTION Keeland, V. - On Shelf,Book::McKinley: SPANISH FICTION Keeland, V. - On Shelf"
https://catalog.saclibrary.org/GroupedWork/4ca1c135-3486-ca07-ee7f-c1eb2cf2b8bf-spa,"Un corazón lleno de estrellas","Rovira, Alex",9788417886523,,"Plataforma Editorial",2020,Barcelona,Book,"Book::North Natomas: SPANISH FICTION Rovira, A. - On Shelf,Book::Valley Hi-North Laguna: SPANISH FICTION Rovira, A. - On Shelf,Book::Sacramento Public Library Storage: SPANISH FICTION Rovira, A. - On Shelf"
https://catalog.saclibrary.org/GroupedWork/41a21f56-f050-2998-6b08-53022f992b69-spa,"Morder el anzuelo","Bailey, Tessa",9788419130525,,Books4Pocket,2025,Argentina,Book,"Book::Central New Books - 4th Floor: SPANISH FICTION Bailey, T. - On Shelf,Book::McKinley: SPANISH FICTION Bailey, T. - On Shelf,Book::North Natomas: SPANISH FICTION Bailey, T. - On Shelf"
https://catalog.saclibrary.org/GroupedWork/f1094cf4-b696-da3a-c6ea-26b4da31b2aa-spa,"La ruptura","Kay, Laura",9788401026553,,"Plaza & Janes",2021,Barcelona,Book,"Book::Arcade: SPANISH FICTION Kay, L. - On Shelf,Book::Central: SPANISH FICTION Kay, L. - On Shelf,Book::South Natomas: SPANISH FICTION Kay, L. - On Shelf"
https://catalog.saclibrary.org/GroupedWork/b24c1771-8513-7449-aa97-5c77dbdebb71-spa,"Un verano en NY","Aster, Alex",9788410190320,,"ALFAGUARA IJC; Penguin Random House Audio; Alfaguara",2025,Barcelona,eAudiobook;Book;eBook,"Book::Carmichael: SPANISH FICTION Aster, A. - On Shelf,Book::Colonial Heights: SPANISH FICTION Aster, A. - On Shelf,Book::Elk Grove Opening Day Collection: ON ORDER - On Order"
https://catalog.saclibrary.org/GroupedWork/e8cfe960-b6ad-b7e4-98e9-2243f455ea16-spa,Traicionada,"Steel, Danielle",9780525433361,,"Vintage Español, una división de Penguin Random House LLC",2016,"Nueva York",Book,"Book::Fair Oaks: SPANISH FICTION Steel, D. - On Shelf,Book::McKinley: SPANISH FICTION Steel, D. - On Shelf"
https://catalog.saclibrary.org/GroupedWork/b5fd82e7-6051-0f43-e50d-6847e39d4550-spa,"El aroma de los anhelos","Castellanos, Mónica",9786073801416,,Grijalbo,2021,"Ciudad de México",Book,"Book::Belle Cooledge: SPANISH FICTION Castellanos, M. - On Shelf,Book::Fair Oaks: SPANISH FICTION Castellanos, M. - On Shelf,Book::Walnut Grove: SPANISH FICTION Castellanos, M. - On Shelf"
https://catalog.saclibrary.org/GroupedWork/edc8ef2f-e7d6-74c5-e4df-352653ad0c85-spa,"Forever... en espanol","Blume, Judy",9798890984029,,"Vintage Espanol",2026,"Miami, FL",Book,"Book::Carmichael Teen Area: SPANISH FICTION - On Shelf,Book::Central Teen Area - 3rd Floor: ON ORDER - On Order,Book::Central Teen Area - 3rd Floor: SPANISH FICTION - On Shelf"
https://catalog.saclibrary.org/GroupedWork/970359e1-7807-a606-2876-e4273172368d-spa,"El chico de la puerta de de al lado","Keeland, Vi",9788419702456,,Chic,2025,Barcelona,Book,"Book::Central New Books - 4th Floor: SPANISH FICTION Keeland, V. - On Shelf,Book::Del Paso Heights: SPANISH FICTION Keeland, V. - On Shelf,Book::North Sacramento-Hagginwood: SPANISH FICTION Keeland, V. - On Shelf"
https://catalog.saclibrary.org/GroupedWork/b4cace3c-ca66-37c8-02b4-299853e27a23-spa,"Mujeres del zodíaco: 1, Réquiem para tres lirios: Sagitario, Escorpio","Maki, Miyako, 1935-",9788417419158,,Satori,2019,Gijon,"Graphic Novel/Manga","Graphic Novel/Manga::Arcade: SPANISH MANGA Mujeres Del v.1 - On Shelf,Graphic Novel/Manga::Courtland: SPANISH MANGA Mujeres Del v.1 - On Shelf,Graphic Novel/Manga::Elk Grove: SPANISH MANGA Mujeres Del v.1 - On Shelf"
https://catalog.saclibrary.org/GroupedWork/7d1c1a98-bdb2-9656-5e39-d3af3fda6f3d-spa,"Historias del mariposa","Vollmann, William T",9788476692479,,"Muchnik Editores",1995,"Barcelona, Spain (Balmes, 25  08007)",Book,"Book::Sacramento Room: SPE fic Vollmann SAA - Library Use Only"
https://catalog.saclibrary.org/GroupedWork/4833c451-d37f-d16d-b628-a6fa749bdae5-spa,"La chica de mis sueños","Bailey, Tessa",9788410391147,,Titania,2026,Argentina,Book,"Book::Elk Grove: ON ORDER - On Order,Book::South Natomas: SPANISH FICTION Bailey, T. - On Shelf,Book::North Natomas: SPANISH FICTION Bailey, T. - On Shelf"
https://catalog.saclibrary.org/GroupedWork/a98e804d-4101-fc7d-8bb5-bf47eb73cf19-spa,"Casarse con él","Kleypas, Lisa",9788416076055,,"Vergara, Grupo Z",2016,"Barcelona, Espãña",Book,"Book::Central: SPANISH FICTION Kleypas, L. - On Shelf"
https://catalog.saclibrary.org/GroupedWork/f58a81c6-4166-a890-787c-56f780c0c1be-spa,"El linaje maldito","Cano, Rafaela",9788425360916,,Grijalbo,2022,Barcelona,Book,"Book::Arcade: SPANISH FICTION Cano, R. - On Shelf,Book::Carmichael: SPANISH FICTION Cano, R. - On Shelf,Book::Central: SPANISH FICTION Cano, R. - On Shelf"
https://catalog.saclibrary.org/GroupedWork/b507ac41-5979-1d6b-b1d1-ae6c9e23aed2-spa,Dominada,"Banks, Maya",9788494415531,,Terciopelo,2016,Barcelona,Book,"Book::Central: SPANISH FICTION Banks, M. - On Shelf"
https://catalog.saclibrary.org/GroupedWork/78b5693d-6e01-9489-326f-9b7a051df420-spa,"Casarse con el","Kleypas, Lisa",9788413144030,,"B de Bolsillo",2021,"Barcelona, Espana",Book,"Book::Carmichael: SPANISH FICTION Kleypas, L. - On Shelf,Book::Central: SPANISH FICTION Kleypas, L. - On Shelf,Book::Franklin: SPANISH FICTION Kleypas, L. - On Shelf"
https://catalog.saclibrary.org/GroupedWork/db97644f-f218-a5d6-08c5-040340dfdb0d-spa,Lightlark,"Aster, Alex",9788419191755,,"ALFAGUARA IJC; Penguin Random House Audio; Alfaguara",2023,Barcelona,eAudiobook;Book;eBook,
https://catalog.saclibrary.org/GroupedWork/c0af6821-aa35-f504-a05e-82e1eb406832-spa,"Parte de tu mundo","Jimenez, Abby",9788419743428,,"ROCA EDITORIAL; Roca Editorial","2023 - 2024",Barcelona,eAudiobook;Book;eBook,
https://catalog.saclibrary.org/GroupedWork/7c5ecab0-898c-7d34-cd50-431320b0dc1d-spa,"Cada suspiro","Sparks, Nicholas",9788416859740,,"Roca Editorial de Libros; SAGA Egmont","2019 - 2022",Barcelona,eAudiobook;Book,"Book::Belle Cooledge: SPANISH FICTION Sparks, N. - On Shelf,Book::Valley Hi-North Laguna: SPANISH FICTION Sparks, N. - On Shelf"
https://catalog.saclibrary.org/GroupedWork/5ccba155-6c5b-bfb5-e2ef-4b4200dceb24-spa,"La bruja de lo salvaje","Vasquez Gilliland, Raquel",9798890983459,,"Vintage Español",2025,"Miami, FL",Book,"Book::Elk Grove Opening Day Collection: ON ORDER - On Order,Book::Franklin: SPANISH FICTION Vasquez Gilliland, R. - On Shelf,Book::North Natomas: SPANISH FICTION Vasquez Gilliland, R. - On Shelf"
https://catalog.saclibrary.org/GroupedWork/74b9d79d-22c8-4f68-6a1c-18fd9d7133ad-spa,"Mika en la vida real","Jean, Emiko",9788416517909,,"Umbriel, Ediciones Urano, S.A.U",2023,Madrid,Book,"Book::Arcade: SPANISH FICTION Jean, E. - On Shelf,Book::Central: SPANISH FICTION Jean, E. - On Shelf,Book::Colonial Heights: SPANISH FICTION Jean, E. - On Shelf"
https://catalog.saclibrary.org/GroupedWork/544a57cf-ca14-09d0-aec8-2ce16c7fed5c-spa,"Bajo el brillo de la luna","Quinn, Julia, 1970-",9788496711884,,"Ediciones Urano; Titania Editores","2010 - 2022","Argentina; Madrid; Estados Unidos",Book,"Book::Carmichael: SPANISH FICTION Quinn, J. - Checked Out,Book::Central: SPANISH FICTION Quinn, J. - On Shelf,Book::Fair Oaks: SPANISH FICTION Quinn, J. - On Shelf"
https://catalog.saclibrary.org/GroupedWork/8eb921f7-5949-0635-3b84-08242e7c45bd-spa,"Cuando te encuentre","Sparks, Nicholas",9788499182773,,"Rocaeditorial; Rocabolsillo; Roca Editorial","2011 - 2023","Barcelona; México",Book,"Book::Franklin: SPANISH FICTION Sparks, N. - On Shelf,Book::Sacramento Public Library Storage: SPANISH FICTION Sparks, N. - On Shelf,Book::Sutter County Main Branch: SPANISH FICTION Sparks, N. - On Shelf"
https://catalog.saclibrary.org/GroupedWork/ba01864b-fed4-bf43-064d-7f1bca13f18a-spa,"La forma del agua","Toro, Guillermo del, 1964-",9788492915996,,"Umbriel Editores",2018,Madrid,Book,"Book::Central: SPANISH FICTION Toro, G. - On Shelf,Book::Belle Cooledge: SPANISH FICTION Toro, G. - On Shelf,Book::Courtland: SPANISH FICTION Toro, G. - On Shelf"
https://catalog.saclibrary.org/GroupedWork/2f462c5c-0909-04b3-e163-d0603c120bd3-spa,"La sociedad secreta de brujas rebeldes","Mandanna, Sangu",9788466673808,,"EDICIONES B; Penguin Random House Audio; Ediciones B",2023,Barcelona,eAudiobook;Book;eBook,
https://catalog.saclibrary.org/GroupedWork/f55574d3-e421-fe2c-8d90-c7f2a015b8f4-spa,"Del amor y otros demonios","García Márquez, Gabriel, 1927-2014",9789580427407,,"Grupo Editorial Norma; Penguin Books; Vintage Español","1994 - 2010","New York; Barcelona; Nueva York",Book,"Book::Central: SPANISH FICTION Garcia Marquez, G. - On Shelf,Book::Elk Grove: SPANISH FICTION Garcia Marquez, G. - On Shelf,Book::Sacramento Public Library Storage: SPANISH FICTION Garcia Marquez, G. - On Shelf"
https://catalog.saclibrary.org/GroupedWork/0b550761-66d4-8c07-5539-493c0c2782fb-spa,"Alguien para ti: trilogia Sin miedo 1","Arcones, Juan, 1986-",9786073836395,,Montena,2023,Barcelona,Book,"Book::Central Teen Area - 3rd Floor: SPANISH TEEN FICTION Arcones, J. - On Shelf,Book::Fair Oaks Teen Area: SPANISH TEEN FICTION Arcones, J. - On Shelf,Book::Rio Linda Teen Area: SPANISH TEEN FICTION Arcones, J. - On Shelf"
https://catalog.saclibrary.org/GroupedWork/3fb474f5-7255-45ee-c6a4-bbca5c04375b-spa,"Todas mis dudas","Cherry Chic, 1987-",9788413147031,,"B de Bolsillo; Penguin Random House Audio",2023,Barcelona,eAudiobook;Book,
https://catalog.saclibrary.org/GroupedWork/19d1b08f-228b-2578-0715-85f8293b5be7-spa,"Te veo en el cielo","Olivas, David, 1996-",9788401031236,,"Plaza & Janés",2023,[Barcelona],Book,"Book::Arcade Teen Area: SPANISH TEEN FICTION Olivas, D. - On Shelf,Book::Central Teen Area - 3rd Floor: SPANISH TEEN FICTION Olivas, D. - On Shelf,Book::Rancho Cordova: SPANISH TEEN FICTION Olivas, D. - On Shelf"
https://catalog.saclibrary.org/GroupedWork/91aad988-634f-c194-1bcb-1ca450f028b8-spa,"Alas de hierro","Yarros, Rebecca",9786073925037,,"Planeta México; Editorial Planeta México; Planeta; BookaVivo",2024,"Barcelona; Ciudad de México",eAudiobook;eBook;Book,"Book::Central: SPANISH FICTION Yarros, R. - On Shelf,Book::North Sacramento-Hagginwood: SPANISH FICTION Yarros, R. - Checked Out,Book::Orangevale: SPANISH FICTION Yarros, R. - On Shelf"
https://catalog.saclibrary.org/GroupedWork/76358c7f-96db-c68a-d7a9-c2c865bacb6a-spa,"Corazón fugitivo","Lindsey, Johanna",9788416076031,,"B de Bolsillo; Vergara Grupo Zeta","2016 - 2018",Barcelona,Book,"Book::Central: SPANISH FICTION Lindsey, J. - On Shelf,Book::North Natomas: SPANISH FICTION Lindsey, J. - On Shelf"
https://catalog.saclibrary.org/GroupedWork/a89ed35d-0499-e1d8-3ad6-958bdd9165a3-spa,"En tus zapatos","O'Leary, Beth",9788491295228,,"Penguin Random House Grupo Editorial",2021,Barcelona,Book,"Book::Carmichael: SPANISH FICTION O'Leary, B. - On Shelf,Book::Central: SPANISH FICTION O'Leary, B. - On Shelf,Book::Courtland: SPANISH FICTION O'Leary, B. - On Shelf"
https://catalog.saclibrary.org/GroupedWork/17a5d140-d3fe-6a3e-090d-a294fc0fa12e-spa,"Twisted lies: Twisted. Libro cuatro","Huang, Ana",9786073913133,,"Cross Books",2024,"Ciudad de México",Book,"Book::Central: SPANISH FICTION Huang, A. - On Shelf,Book::Belle Cooledge: SPANISH FICTION Huang, A. - On Shelf,Book::Elk Grove: SPANISH FICTION Huang, A. - On Shelf"
https://catalog.saclibrary.org/GroupedWork/e2857773-41af-8a23-6697-9c84e2f7150f-spa,"La condesa libertina","Shupe, Joanna",9788492916931,,Titania,2016,Argentina,Book,"Book::Franklin: SPANISH FICTION Shupe, J. - On Shelf,Book::Galt: SPANISH FICTION Shupe, J. - On Shelf"
https://catalog.saclibrary.org/GroupedWork/c2612945-c6b8-3cf7-56ce-673644adb101-spa,"El sueño de Sophia","Bomann, Corina, 1974-",9788491296355,,"Suma de Letras",2022,Barcelona,Book,"Book::Central: SPANISH FICTION Bomann, C. - On Shelf,Book::Elk Grove: SPANISH FICTION Bomann, C. - On Shelf,Book::Sojourner Bookmobile: SPANISH FICTION Bomann, C. - Checked Out"
https://catalog.saclibrary.org/GroupedWork/3cb941cc-7906-b56a-1f75-bc9083666c27-spa,"Primer amor","Hoover, Colleen",9786073925235,,"Planeta México; Planeta Internacional; Planeta Audio",2025,"Ciudad de México",eAudiobook;Book;eBook,"Book::Colonial Heights: SPANISH FICTION Hoover, C. - On Shelf,Book::Franklin: SPANISH FICTION Hoover, C. - Checked Out,Book::Sylvan Oaks: SPANISH FICTION Hoover, C. - On Shelf"
https://catalog.saclibrary.org/GroupedWork/4f67ee06-f4c1-5673-71be-2c19f7b30a48-spa,"Un signo de interrogación es medio corazón","Lundberg, Sofia, 1974-",9788491397281,,"HarperCollins Ibérica",2022,Madrid,Book,"Book::Central: SPANISH FICTION Lundberg, S. - On Shelf,Book::North Natomas: SPANISH FICTION Lundberg, S. - On Shelf"
https://catalog.saclibrary.org/GroupedWork/57568b91-4d34-23dd-7497-52dbe7f461be-spa,"El amor a las puertas del infierno","Lynn, Jaysea",9781668211687,,"Atria/Primero Sueño Press",2025,"Nueva York",Book,"Book::Central New Books - 4th Floor: SPANISH FICTION Lynn, J. - On Shelf,Book::Elk Grove Opening Day Collection: ON ORDER - On Order,Book::Franklin: SPANISH FICTION Lynn, J. - On Shelf"
https://catalog.saclibrary.org/GroupedWork/8fc0dc13-f3d8-d771-9319-99d9c14362a9-spa,"El niño terrible y la escritora maldita","Bayly, Jaime, 1965-",9781101971420,,"Vintage Español, una división de Penguin Random House LLC",2016,"Nueva York",Book,"Book::Central: SPANISH 863.7 B359 2016 - On Shelf"
https://catalog.saclibrary.org/GroupedWork/72ff8369-c512-70c0-9620-f90a1b2d91c1-spa,"Corrido de amor y gloria: una novela","Grande, Reyna",9780063072947,,"HarperCollins Español",2022,"New York, NY",Book,"Book::Central: SPANISH FICTION Grande, R. - On Shelf,Book::Del Paso Heights: SPANISH FICTION Grande, R. - On Shelf,Book::Elk Grove Opening Day Collection: ON ORDER - On Order"
https://catalog.saclibrary.org/GroupedWork/4e2837ad-a5d4-7f93-1995-3f35de61b2f1-spa,"El final del affaire","Greene, Graham, 1904-1991",9788417007805,,"Libros del Asteroide",2019,Barcelona,Book,"Book::Carmichael: SPANISH FICTION Greene, G. - On Shelf,Book::McKinley: SPANISH FICTION Greene, G. - On Shelf"
https://catalog.saclibrary.org/GroupedWork/aa596de1-363c-a8a7-9df6-75b740c21037-spa,"El coleccionista","Roberts, Nora",9788466329293,,Debolsillo,2016,Barcelona,Book,"Book::Southgate: SPANISH FICTION Roberts, N. - On Shelf"
https://catalog.saclibrary.org/GroupedWork/a04c3cd7-493d-58de-cf22-749be8ba4143-spa,"Un plan de citas","Desai, Sara",9788419131720,,Titania,2024,Argentina,Book,"Book::Central: SPANISH FICTION Desai, S. - On Shelf,Book::Colonial Heights: SPANISH FICTION Desai, S. - On Shelf,Book::Sacramento Public Library Storage: SPANISH FICTION Desai, S. - On Shelf"
https://catalog.saclibrary.org/GroupedWork/9f9072c1-eafc-1f7a-8787-2e822221cc72-spa,"Espíritu salvaje","Criado, Adriana",9788410391123,,Titania,2025,Madrid,Book,"Book::Central New Books - 4th Floor: SPANISH FICTION Criado, A. - On Shelf,Book::Orangevale: SPANISH FICTION Criado, A. - On Shelf,Book::Pocket-Greenhaven: SPANISH FICTION Criado, A. - On Shelf"
https://catalog.saclibrary.org/GroupedWork/72c7aa58-40d2-35a8-2906-ee8577f3a555-spa,"Sentido y sensibilidad","Austen, Jane, 1775-1817",9788417430559,,"Penguin Clásicos; Rosetta Edu; Editorial Alma; SAGA Egmont; Austral","2015 - 2025","Barcelona; [Barcelona]",eAudiobook;eBook;Book,"Book::Arcade: SPANISH FICTION Austen, J. - On Shelf,Book::Carmichael: SPANISH FICTION Austen, J. - On Shelf,Book::Central: SPANISH FICTION Austen, J. - On Shelf"
https://catalog.saclibrary.org/GroupedWork/06e57281-da20-8373-e065-1ff669ed873e-spa,"La sombra blanca de Ivy Lin","Yang, Susie",9786070782756,,Planeta,2022,"Ciudad de Mexico",Book,"Book::Arcade: SPANISH FICTION Yang, S. - On Shelf,Book::Central: SPANISH FICTION Yang, S. - On Shelf,Book::Franklin: SPANISH FICTION Yang, S. - On Shelf"
https://catalog.saclibrary.org/GroupedWork/c3f5f9f3-56be-cbe9-61ce-6803ec609118-spa,"Un reino de carne y fuego =: Kingdom of flesh and fire","Armentrout, Jennifer L",9788417854362,,Puck,2022,[Madrid],Book,"Book::Arcade Teen Area: SPANISH TEEN FICTION Armentrout, J. - On Shelf,Book::Carmichael Teen Area: SPANISH TEEN FICTION Armentrout, J. - On Shelf,Book::Central Teen Area - 3rd Floor: SPANISH TEEN FICTION Armentrout, J. - On Shelf"
https://catalog.saclibrary.org/GroupedWork/9b3a7146-8175-ca35-a0b8-3ce1c06028fb-spa,"La maldicion de primavera. 1 =: Curse of spring. Volume one","Konishi, Asuka",9788419536730,,"Milky Way Ediciones",2022,"Colombres, Principado de Asturias","Graphic Novel/Manga","Graphic Novel/Manga::Central: SPANISH MANGA Maldicion De v.1 - On Shelf,Graphic Novel/Manga::Elk Grove: SPANISH MANGA Maldicion De v.1 - On Shelf,Graphic Novel/Manga::South Natomas: SPANISH MANGA Maldicion De v.1 - On Shelf"
https://catalog.saclibrary.org/GroupedWork/c25faf8f-cce4-98b5-2634-7767681ea0b7-spa,Powerless,"Roberts, Lauren, 2002-",9788410190399,,"Alfaguara Infantil; ALFAGUARA IJC; Penguin Random House Audio; Alfaguara","2024 - 2025",Barcelona,eAudiobook;Book;eBook,"Book::McClatchy Teen Area: SPANISH TEEN FICTION Roberts, L. - On Shelf,Book::North Sacramento-Hagginwood Teen Area: SPANISH TEEN FICTION Roberts, L. - On Hold Shelf"
https://catalog.saclibrary.org/GroupedWork/8572ada6-71c2-2fd0-e578-03cc599d4f47-spa,"Las cenizas y el rey maldito","Broadbent, Carissa",9786073930918,,"Planeta Publishing",2025,[México],Book,"Book::Arcade: SPANISH FICTION Broadbent, C. - On Shelf,Book::Central New Books - 4th Floor: SPANISH FICTION Broadbent, C. - On Shelf,Book::Franklin: SPANISH FICTION Broadbent, C. - On Shelf"
https://catalog.saclibrary.org/GroupedWork/72660fcc-415e-57d9-cd16-46fb4406287e-spa,"Apuesto por nosotros","Painter, Lynn",9788410239388,,"Urano World",2025,Madrid,Book,"Book::Central Teen Area - 3rd Floor: SPANISH TEEN FICTION Painter, L. - On Shelf,Book::North Natomas: SPANISH TEEN FICTION Painter, L. - Display"
https://catalog.saclibrary.org/GroupedWork/9a01136d-6f86-dc83-b96b-8ddd04d5282f-spa,"Sombra y hueso","Bardugo, Leigh",9788418002496,,"Editorial Hidra; BookaVivo","2019 - 2024","[Madrid, Spain]",eAudiobook;Book,
https://catalog.saclibrary.org/GroupedWork/a82be851-dee7-22de-80e5-dba6376b72c1-spa,"El olor de las orquídeas","García Luna, Mariana, 1974-",9781400245338,,"HarperCollins Mexico",2022,"Ciudad de México",Book,"Book::Central: SPANISH FICTION Garcia Luna, M. - On Shelf,Book::Pocket-Greenhaven: SPANISH FICTION Garcia Luna, M. - On Shelf,Book::Sacramento Public Library Storage: SPANISH FICTION Garcia Luna, M. - On Shelf"
https://catalog.saclibrary.org/GroupedWork/8aa287f8-8eae-04fa-1423-1b25dd49425f-spa,"Te esperaré en Venus","Vinuesa, Victoria",9786073836661,,"Nube de Tinta",2023,"Cuidad de México",Book,"Book::Valley Hi-North Laguna Teen Area: SPANISH TEEN FICTION Vinuesa, V. - On Shelf,Book::Sacramento Public Library Storage: SPANISH TEEN FICTION Vinuesa, V. - On Shelf,Book::Woodland Public Library: SPANISH TEEN FICTION Vinuesa, V. - On Shelf"
https://catalog.saclibrary.org/GroupedWork/9a003f44-5328-c6ed-233b-f260a334c0a7-spa,"Una columna de fuego","Follett, Ken",9788466345989,,Debols!llo,2019,Barcelona,Book,"Book::Carmichael: SPANISH FICTION Follett, K. - On Shelf,Book::Central: SPANISH FICTION Follett, K. - On Shelf,Book::Valley Hi-North Laguna: SPANISH FICTION Follett, K. - On Shelf"
https://catalog.saclibrary.org/GroupedWork/deadd5bb-af7b-4425-e57d-69a55742325e-spa,"Perdiendo el control","Tomforde, Liz",9788410395954,,"Penguin Random House Audio; Montena",2025,Barcelona,eAudiobook;Book,
https://catalog.saclibrary.org/GroupedWork/4b68e3f1-df14-f7cd-483c-b470ecbf3f98-spa,"Bajo la misma estrella","Green, John, 1977-",9788415594659,,"Penguin Random House Grupo Editorial USA, LLC; Nube de Tinta; Penguin Random House Audio","2015 - 2019","Miami, FL; [Barcelona]",eAudiobook;Book,
https://catalog.saclibrary.org/GroupedWork/32eb2311-b35a-8bcf-4ac4-3b0bd760ed1a-spa,Quicksilver,"Hart, Callie",9788419988652,,Faeris,2025,Madrid,Book,"Book::Arcade: SPANISH FICTION Hart, C. - On Shelf,Book::Central New Books - 4th Floor: SPANISH FICTION Hart, C. - On Shelf,Book::Elk Grove Opening Day Collection: ON ORDER - On Order"
https://catalog.saclibrary.org/GroupedWork/d0cfa379-9e97-3804-6b89-af297a666ad1-spa,"Verity: la sombra de un engaño","Hoover, Colleen",9786070799396,,"Planeta; Editorial Planeta; Planeta Audio","2020 - 2023","Ciudad de México",eAudiobook;Book;eBook,
https://catalog.saclibrary.org/GroupedWork/b3255706-7978-f698-ab8c-13d0c4ab821d-spa,"Say you swear: júramelo","Brandy, Meagan",9786073935029,,"Besties Books, un sello de Planeta Mexicana",2025,"Ciudad de México",Book,"Book::Carmichael Teen Area: SPANISH TEEN FICTION Brandy, M. - On Shelf,Book::Central Teen Area - 3rd Floor: ON ORDER - On Order,Book::Central Teen Area - 3rd Floor: SPANISH TEEN FICTION Brandy, M. - On Shelf"
https://catalog.saclibrary.org/GroupedWork/4855e688-777f-cd73-145d-1c7c167aaecf-spa,"Orgullo, prejuicio, tú y yo","Lippincott, Rachael",9788418050848,,"Penguin Random House Audio; Nube de Tinta",2023,Barcelona,eAudiobook;Book,
https://catalog.saclibrary.org/GroupedWork/3979c704-9e69-7b45-4882-467d9bfba776-spa,Heredero,"Tahir, Sabaa",9788410085763,,Umbriel,2025,Argentina,Book,"Book::Fair Oaks Teen Area: SPANISH TEEN FICTION Tahir, S. - On Shelf,Book::North Natomas: SPANISH TEEN FICTION Tahir, S. - On Shelf"
https://catalog.saclibrary.org/GroupedWork/cfb307fd-0192-7241-8f4f-550a78760c69-spa,"Amor en juego","Armas, Elena",9781644739464,,"Penguin Random House Audio; Grijalbo",2023,Barcelona,eAudiobook;Book,
https://catalog.saclibrary.org/GroupedWork/20d963a8-6099-4338-c389-69c853e46977-spa,"La última carta","Yarros, Rebecca",9786073929233,,"Planeta México; Planeta",2025,"Ciudad de México",eBook;Book,
https://catalog.saclibrary.org/GroupedWork/f1d74887-a55a-f4fa-a5fc-aa18fe1e6509-spa,"Vera: una historia de amor","Val, Juan del, 1970-",9786073938334,,"Editorial Planeta",2025,"Ciudad de México",Book,"Book::Arcade: SPANISH FICTION Val, J. - On Shelf,Book::Central New Books - 4th Floor: SPANISH FICTION Val, J. - On Shelf,Book::Elk Grove Opening Day Collection: ON ORDER - On Order"
https://catalog.saclibrary.org/GroupedWork/bce496a7-fabd-230a-7017-0e1bad70317f-spa,"Visiones de carne y sangre","Armentrout, Jennifer L",9788419252685,,"Puck, Urano World Spain",2024,Argentina,Book,"Book::Central Teen Area - 3rd Floor: SPANISH TEEN FICTION Armentrout, J. - On Shelf,Book::North Natomas: SPANISH TEEN FICTION Armentrout, J. - On Shelf,Book::Rancho Cordova: SPANISH TEEN FICTION Armentrout, J. - On Shelf"
https://catalog.saclibrary.org/GroupedWork/258eee02-77b7-1d56-8126-0685bdbc869d-spa,"Alchemised: no queda nadie a quien salvar",SenLinYu,9788410050075,,Montena,2025,"Miami, Florida",Book,"Book::Arcade: SPANISH FICTION SenLinYu - On Shelf,Book::Central New Books - 4th Floor: SPANISH FICTION SenLinYu - On Shelf,Book::Del Paso Heights: SPANISH FICTION SenLinYu - On Shelf"
https://catalog.saclibrary.org/GroupedWork/872e7f1b-9885-96ba-c75a-3a1c3d9f6eb2-spa,"Cartas desde el olvido","Ellory, Anna",9788491397083,,"HarperCollins Iberica",2022,Madrid,Book,"Book::Central: SPANISH FICTION Ellory, A. - On Shelf,Book::North Natomas: SPANISH FICTION Ellory, A. - On Shelf"
https://catalog.saclibrary.org/GroupedWork/71e2d0c8-646d-9d4f-3605-0c6df95c858f-spa,"Rose in chains","Soto, Julie",9788408307464,,"Planeta Publishing",2025,[Mexico],Book,"Book::Central New Books - 4th Floor: SPANISH FICTION Soto, J. - On Shelf,Book::Elk Grove Opening Day Collection: ON ORDER - On Order,Book::McKinley: SPANISH FICTION Soto, J. - On Shelf"
https://catalog.saclibrary.org/GroupedWork/a2605ad2-b60c-c22f-42c9-1cc983a74715-spa,"El profesor de baile","Klassen, Julie, 1964-",9783775155632,,"Libros de Seda",2020,Madrid,Book,"Book::Sylvan Oaks: SPANISH FICTION Klassen, J. - On Shelf"
https://catalog.saclibrary.org/GroupedWork/dd525883-f985-1b43-f57a-1ac6d409f489-spa,"Orgullo y prejuicio","Austen, Jane, 1775-1817",9788415618782,,"Edimat Libros; Penguin Clásicos; FonoLibro Inc.; BookaVivo; Lebooks Editora; Alma Clásicos Ilustrados; Penguin Random House Audio; Selector, S.A; Austral","2000 - 2025","Madrid, España; Barcelona; [Barcelona]; Mexico City (?)",eAudiobook;eBook;Book,"Book::Central: SPANISH FICTION Austen, J. - In Transit"
https://catalog.saclibrary.org/GroupedWork/16901205-c0e0-8242-59eb-8e2c148723c0-spa,"El trato más dulce","Laneley, Amanda",9789877479843,,"VeRa; VR Editoras, S.A. de C.V",2023,"Ciudad de México",eBook;Book,
https://catalog.saclibrary.org/GroupedWork/175efc2b-1c35-66c1-ed7f-01d1b6b61645-spa,"Corazón sin valor","Mora, Camilla",9788490703090,,"Ediciones B",2016,"Barcelona (España)",Book,"Book::Central: SPANISH FICTION Mora, C. - On Shelf"
https://catalog.saclibrary.org/GroupedWork/299a91a6-17d2-4ca6-5299-9f127d603427-spa,"Cruzando los limites","Martínez, María, 1975-",9788417421021,,Titania,2020,Argentina,Book,"Book::Rancho Cordova: SPANISH FICTION Martinez, M. - Checked Out,Book::Sacramento Public Library Storage: SPANISH FICTION Martinez, M. - On Shelf"
https://catalog.saclibrary.org/GroupedWork/c31d74e7-f90a-829a-42c5-41173e0917dd-spa,"Que entierren nuestros huesos en la medianoche","Schwab, Victoria",9788410085626,,"Umbriel, Urano World Spain",2025,Madrid,Book,"Book::Central New Books - 4th Floor: SPANISH FICTION Schwab, V. - On Shelf,Book::Elk Grove Opening Day Collection: ON ORDER - On Order,Book::North Natomas: SPANISH FICTION Schwab, V. - On Shelf"
https://catalog.saclibrary.org/GroupedWork/d14f4d99-9a37-a1b8-e02e-6a7d081f51f4-spa,"Todo lo que somos juntos","Kellen, Alice, 1989-",9788408205388,,"Planeta; Editorial Planeta","2019 - 2022","Ciudad de México; Barcelona",Book,
https://catalog.saclibrary.org/GroupedWork/ba56f374-d668-e104-7e91-5cf2ed32ee47-spa,"La alquimia de los secretos","Garber, Stephanie",9791387595296,,"Stefano, Urano World",2025,Madrid,Book,"Book::Arcade: SPANISH FICTION Garber, S. - On Shelf,Book::Central New Books - 4th Floor: SPANISH FICTION Garber, S. - On Shelf,Book::Elk Grove: ON ORDER - On Order"
https://catalog.saclibrary.org/GroupedWork/b9d1f6bc-70df-f0ab-e08f-4b4c851259e3-spa,"Quédate conmigo","Franco Vidal, Lorena",9781983737435,,"[Create Space Independent Publishing]",2016,[Barcelona],Book,
https://catalog.saclibrary.org/GroupedWork/b5484e9d-27dc-fc97-167c-7489d151c29e-spa,"Los siete maridos de Evelyn Hugo","Reid, Taylor Jenkins",9788419030733,,"Umbriel/Ediciones Urano; Umbriel","2020 - 2023","Argentina; Madrid",Book,
https://catalog.saclibrary.org/GroupedWork/cc8e1671-cb13-d53d-f2e8-9bad104c98dc-spa,"El silencio de las flores","Fernández, Judit",9788417626815,,"Libros de Seda",2022,Madrid,eBook;Book,
https://catalog.saclibrary.org/GroupedWork/f0fab062-f73b-495b-5996-a9bfe9d482ce-spa,"La niñera de la mafia: 1","Matter, Violet",9788419441416,,"Random Comics",2025,Barcelona,"Graphic Novel/Manga","Graphic Novel/Manga::North Natomas: SPANISH TEEN MANGA Ninera De v.1 - On Shelf,Graphic Novel/Manga::Orangevale: SPANISH TEEN MANGA Ninera De v.1 - On Shelf,Graphic Novel/Manga::Rancho Cordova: SPANISH TEEN MANGA Ninera De v.1 - On Shelf"
https://catalog.saclibrary.org/GroupedWork/b9b74d62-a0df-23fe-02ad-05078013f3a8-spa,"Lore Olympus: Cuentos del olimpo. Libro dos","Smythe, Rachel (Comics artist)",9788418040122,,"Random Comics",2022,Barcelona,"Graphic Novel/Manga","Graphic Novel/Manga::Central: SPANISH GRAPHIC NOVEL Lore Olympus v.2 - On Shelf,Graphic Novel/Manga::Colonial Heights: SPANISH GRAPHIC NOVEL Lore Olympus v.2 - On Shelf,Graphic Novel/Manga::Franklin: SPANISH GRAPHIC NOVEL Lore Olympus v.2 - On Shelf"
https://catalog.saclibrary.org/GroupedWork/48194059-300a-ca3b-b73c-53e789fb2ff4-spa,"Aprendiz de principe","Martín, Arianne, 1985-",9788419147356,,"Young Kiwi",2022,"[Alcala de Xivert]",Book,
https://catalog.saclibrary.org/GroupedWork/12675d12-467b-ed81-357d-91940295a5ef-spa,Tormento,"Kate, Lauren",9780307745125,,"Knopf Doubleday Publishing Group; Vintage Español","2011 - 2012","Nueva York",eBook;Book,
https://catalog.saclibrary.org/GroupedWork/fdca182d-c488-20cf-d8ca-6e8d59ba732f-spa,"Corazón de fuego","Martínez, Jasmín",9798671358506,,"Jasmín Martínez",2020,"[Place of publication not identified",Book,
https://catalog.saclibrary.org/GroupedWork/cdd83473-297e-ebbf-9fd3-e5eee999fa4b-spa,"La caída","Hocking, Amanda",9786070710124,,Destino,2012,"México, D.F",Book,
https://catalog.saclibrary.org/GroupedWork/b54ce92b-ea99-5870-6c9f-b8a8e1e778ea-spa,"Corazón de hielo","Martínez, Jasmín",9781088085769,,"Jassy's Books",2023,"[Place of publication not identified]",Book,
https://catalog.saclibrary.org/GroupedWork/4860c01c-1177-2b96-3d24-badc5beeb5ed-spa,"Rompiendo las reglas","Martínez, María, 1975-",9788417421038,,Titania,2020,Argentina,Book,
https://catalog.saclibrary.org/GroupedWork/3074ecb6-de7e-f31d-f135-f99536a0d086-spa,"Corazón oscuro","Martínez, Jasmín",9781090546814,,"Jasmín Martínez",2020,"[Place of publication not identified",Book,
https://catalog.saclibrary.org/GroupedWork/efc58080-eacf-f649-9d66-11fbe8477394-spa,"Tentación irresistible","Hoyt, Elizabeth, 1970-",9788496711938,,Titania,2010,Barcelona,Book,
https://catalog.saclibrary.org/GroupedWork/44240091-37d9-8e9f-851e-bb8c68a0bfea-spa,"Recuérdame, Alice","Santés, Marta",9788417421656,,Titania,2022,Madrid,Book,
https://catalog.saclibrary.org/GroupedWork/fe34b0b1-0733-3d8f-e9f5-c4f8fdd5ff83-spa,"La prisionera hungara","Wein, Susana",9786073904995,,mr,2023,"Ciudad de Mexico",Book,
https://catalog.saclibrary.org/GroupedWork/08944f44-a6c6-68fd-9dbf-32d9693c283a-spa,"Lady Ariana","Hidalgo, Nieves",9788490701751,,"Ediciones B",2016,"Barcelona, España",Book,
https://catalog.saclibrary.org/GroupedWork/22947e2f-802a-dba1-5a3b-093d7a90243c-spa,"Todos nuestros veranos","Fortune, Carley",9788466674799,,"Penguin Random House Audio; Ediciones B",2023,[Spain],eAudiobook;Book,
https://catalog.saclibrary.org/GroupedWork/0ec34a57-e7ec-f51d-b83c-4c5219c93655-spa,"Retrato de una piel desnuda","Santes, Marta",9788417421212,,"Ediciones Urano",2021,Madrid,Book,
https://catalog.saclibrary.org/GroupedWork/df71afaa-8315-9ec5-dd37-d468b0fea6c4-spa,"Lobo oscuro","Feehan, Christine",9788492916801,,Titania,2015,Argentina,Book,
https://catalog.saclibrary.org/GroupedWork/2cb27e51-5d86-adf2-66c1-85f2e2b7eedb-spa,"La templanza: una novela","Dueñas, María, 1964-",9781501125195,,"Atria Español",2017,"Nueva York",Book,
https://catalog.saclibrary.org/GroupedWork/422a71cb-9c7c-eac3-c05d-55ebc424d05c-spa,"La luz que perdimos","Santopolo, Jill",9788491291787,,"Suma de Letras",2018,Barcelona,Book,
https://catalog.saclibrary.org/GroupedWork/9f0d2dab-390f-7bd3-673b-80db4d5cf457-spa,"Se busca novio","Hall, Alexis J",9788427224650,,"Molino / Penguin Random House Grupo Editorial",2021,Barcelona,Book,
https://catalog.saclibrary.org/GroupedWork/e2c4378b-3756-29a3-47d7-e5634e4e85db-spa,"Sueño de una tarde dominical","Rivera, Enrique",9786075674353,,Edelvives,2023,[México],Book,
https://catalog.saclibrary.org/GroupedWork/7b961257-9e46-41ef-ceac-d18d14f022dd-spa,Puro,"Armentrout, Jennifer L",9788419252371,,Puck,2023,Madrid,Book,
https://catalog.saclibrary.org/GroupedWork/97c026aa-2798-08a2-6473-0470d118e0a8-spa,"Un alma de ceniza y sangre","Armentrout, Jennifer L",9788419252487,,Puck,2023,Argentina,Book,
https://catalog.saclibrary.org/GroupedWork/6c441682-a6db-e2f3-b2d5-4c4319f4da51-spa,"Una cura para el alma","Orazal, Mariam",9788418620041,,"Penguin Random House Grupo Editorial",2021,Barcelona,Book,
https://catalog.saclibrary.org/GroupedWork/efe7fa52-155e-b00b-cc20-688a242e067d-spa,"La maestra y el pintor","Martínez Llanos, Inés",9788491298076,,"Suma de Letras",2023,Barcelona,Book,
https://catalog.saclibrary.org/GroupedWork/37512150-e669-a5f3-9a52-cb103d4c410c-spa,"Si nos descubren","Gonzales, Sophie, 1992-",9789877479652,,"VR YA México; VRYA",2023,"Ciudad de México",eBook;Book,
https://catalog.saclibrary.org/GroupedWork/c6bbe3c8-a3df-1217-7e8c-1159dbd46958-spa,"Club de lectura para corazones despistados","Gutiérrez, Mónica",9788466673464,,"Ediciones B",2023,Barcelona,Book,
https://catalog.saclibrary.org/GroupedWork/32d5a5b2-9990-898e-e71a-8b8d8ce22be5-spa,"La felicidad perfecta","Montefiore, Santa, 1970-",9788415870722,,"Ediciones Urano",2015,Barcelona,Book,
https://catalog.saclibrary.org/GroupedWork/3bad5d08-46e1-637e-9db1-b622849b1ab8-spa,"Una cancion para Novalie","Martínez, María, 1975-",9788419130198,,Books4pocket,2024,Madrid,Book,
https://catalog.saclibrary.org/GroupedWork/6b9294f5-ac13-4a46-1fd1-2f597691c94b-spa,"Un laberinto de traiciones oscuras","Ryan, Lexi",9786073902458,,Planeta,2023,"Ciudad de Mexico",Book,
https://catalog.saclibrary.org/GroupedWork/c6e98ece-e911-0beb-6e53-a4668c4c2933-spa,"Tan lejos de nosotros","Hidalgo, Antonio",9788425367649,,Grijalbo,2024,Barcelona,Book,
https://catalog.saclibrary.org/GroupedWork/b6a39a9e-0846-2715-3aa6-e3474b2c5e07-spa,"El amor cae del cielo","Sanz, Esther, 1974-",9789877477467,,"VeRa; Vergara & Riba",2021,"Ciudad de México",eBook;Book,"Book::Arcade: SPANISH FICTION Sanz, E. - On Shelf,Book::Central: SPANISH FICTION Sanz, E. - On Shelf,Book::Belle Cooledge: SPANISH FICTION Sanz, E. - On Shelf"
https://catalog.saclibrary.org/GroupedWork/fc21b78c-a0fb-9448-1e5c-274fe95fc5b3-spa,"El amor ha muerto","Poston, Ashley",9788401031977,,"Plaza & Janés",2023,Barcelona,Book,
https://catalog.saclibrary.org/GroupedWork/76ca06b6-ed6f-70a5-47ea-3dd28a42c086-spa,"El acercamiento de la mujer cactus y el hombre globo","Martínez Álvarez, David",9788491297499,,"Suma de Letras",2023,Barcelona,Book,
https://catalog.saclibrary.org/GroupedWork/721b073c-3201-e87b-e204-f9b64b0a1eca-spa,"Kika, nada pasa hasta que pasa","Ortiz, Leticia",9788417828325,,"Editorial Arcopress",2020,[Spain],Book,
https://catalog.saclibrary.org/GroupedWork/fc41b622-0a07-4183-4d36-ab91a1f58c54-spa,"Lecciones de amor","Franco, Irene, 1999-",9788425366802,,Grijalbo,2024,Barcelona,Book,
https://catalog.saclibrary.org/GroupedWork/00a6c97d-af71-4f51-6fe6-1f497775a939-spa,"Una apuesta de amor","Painter, Lynn",9788419131553,,"Titania, Urano World",2024,Madrid,Book,
https://catalog.saclibrary.org/GroupedWork/1496fb50-65ea-ac3f-a525-01c959451282-spa,"El ascenso","Hocking, Amanda",9786070710131,,Destino,2012,"México, D.F",Book,
https://catalog.saclibrary.org/GroupedWork/b4f9a3c4-fba7-c006-a373-ac2c003572f8-spa,"Eleanor Oliphant está perfectamente","Honeyman, Gail",9788416700745,,Rocaeditorial,2017,Barcelona,Book,
https://catalog.saclibrary.org/GroupedWork/0eeb8f5e-93b1-e650-2fc7-09f591d7e182-spa,"La fan n. 1","Bailey, Tessa",9788419131782,,Titania,2024,Argentina,Book,
https://catalog.saclibrary.org/GroupedWork/6b231928-8af1-ae0f-101d-b01ca7470397-spa,"Madrid tiene los ojos verdes","Izquierdo, Lauren",9788410257979,,"Suma de Letras",2025,Barcelona,Book,
https://catalog.saclibrary.org/GroupedWork/6229c99f-105d-7d2a-65ce-77853701d7f9-spa,"La narradora","Chee, Traci",9786075279671,,"Gran Travesía",2019,México,Book,
https://catalog.saclibrary.org/GroupedWork/b19d7f4e-ed07-cb5f-8491-52f55b410a86-spa,"Juntos somos magia","Martín, Arianne, 1985-",9788419147165,,"Young Kiwi, Publicado por Ediciones Kiwi S.L",2022,"[Place of publication not identified]",Book,
https://catalog.saclibrary.org/GroupedWork/64ea6889-55a4-6dbf-ef92-3110ab4bb35f-spa,"Aroma de guerra y cafe","Calderón, Emilio",9788466678896,,B,2024,Barcelona,Book,
https://catalog.saclibrary.org/GroupedWork/d5a4cd1c-cb96-46db-b478-078bde78201e-spa,"Lo opuesto al amor","Marín, Pat",9788425364136,,Grijalbo,2023,Barcelona,Book,
https://catalog.saclibrary.org/GroupedWork/f27f2f3e-7eaf-2d59-d6b7-f19cac6c0d32-spa,"Dulce escándalo","Major, Ann",9780373514700,,"Harlequin, una división de HarperCollins Ibérica, S.A.; Harlequin Ibérica","2012 - 2013",Madrid,eBook;Book,"Book::Valley Hi-North Laguna: SPANISH FICTION Major, A. - On Shelf"
https://catalog.saclibrary.org/GroupedWork/89746e8d-dfa6-a23c-609e-5820da405c36-spa,"Los 99 novios de Micah Summers","Sass, Adam, 1983-",9786070797897,,"Cross Books",2023,"Ciudad de México",Book,
https://catalog.saclibrary.org/GroupedWork/2efb50d7-6bd4-799a-755c-1e298c84660c-spa,Mirafiori,"Jabois, Manuel, 1978-",9788420461434,,Alfaguara,2023,Barcelona,Book,
https://catalog.saclibrary.org/GroupedWork/32028ff2-00b8-7aee-f16d-071ec4ee94dd-spa,"Tweet cute","Lord, Emma",9786078828470,,"VR Editoras",2023,"Ciudad de Mexico",Book,
https://catalog.saclibrary.org/GroupedWork/4c84928d-efc6-fa77-eaac-2ed7dada3658-spa,"El juego del matrimonio","Desai, Sara",9788419131362,,Titania,2024,Madrid,Book,
https://catalog.saclibrary.org/GroupedWork/bf338127-a9c9-d73d-aed2-6ab5246d881c-spa,"Efectos colaterales del amor","Sutherland, Krystal",9788408176312,,Crossbooks,2017,Barcelona,Book,
https://catalog.saclibrary.org/GroupedWork/ad4b56a7-866e-9194-a6f1-5cf1371e05cf-spa,"Un seductor sin corazón","Kleypas, Lisa",9788416076000,,"Vergara Grupo Zeta; Ediciones B",2016,Barcelona,Book,
https://catalog.saclibrary.org/GroupedWork/01dbe873-75f9-91ed-63d6-e4fee7b3ad36-spa,Desafío,"Noël, Alyson",9780307951472,,"Vintage Español, una división de Random House, Inc",2012,"Nueva York",Book,
https://catalog.saclibrary.org/GroupedWork/b63f286d-ddc1-4bd3-749c-a8d2614ff637-spa,"La dama blanca","García Herrera, Alicia",9788401032257,,"Plaza Janés",2023,Barcelona,Book,
https://catalog.saclibrary.org/GroupedWork/dbbceaa5-1e4d-c5f6-2a79-dc4acee6030e-spa,"Pequeños milagros","Sparks, Nicholas",9786073848800,,"ROCA EDITORIAL; Roca Editorial",2024,Barcelona,eAudiobook;Book,
https://catalog.saclibrary.org/GroupedWork/d00f1fb2-195f-e5e4-1dd3-88acd2f5411a-spa,Anatema,"Lake, Keri",9798890985729,,"Plaza & Janés Editores, S.A",2025,Barcelona,Book,
https://catalog.saclibrary.org/GroupedWork/e22b67e9-b18f-6773-ecfb-172466a35829-spa,"Agua para elefantes","Gruen, Sara",9781616054038,,Alfaguara,2011,"Doral, FL",Book,
https://catalog.saclibrary.org/GroupedWork/b28c5a3e-9fc6-9e2c-c321-0c8268b9fea8-spa,Solitario,"Oseman, Alice",9786078828326,,"VR Editoras",2022,"Ciudad de Mexico",Book,
https://catalog.saclibrary.org/GroupedWork/dc280869-1bf4-acca-1b5e-37af5af4b1a0-spa,"Ugly love: pídeme cualquier cosa menos amor","Hoover, Colleen",9786073911030,,"Editorial Planeta Mexicana",2024,"Ciudad de México",Book,
https://catalog.saclibrary.org/GroupedWork/ed279d9c-8515-eb3d-f70a-ed8f12a62d50-spa,"Imposible resistirse","Maynard, Janice",9780373514663,,"Harlequin, una división de HarperCollins Ibérica, S.A.; Harlequin Ibérica",2012,Madrid,eBook;Book,"Book::Central: SPANISH FICTION Maynard, J. - On Shelf,Book::Valley Hi-North Laguna: SPANISH FICTION Maynard, J. - On Shelf"
https://catalog.saclibrary.org/GroupedWork/f77ca2d1-668a-b7b5-d0ef-4000c87bc42d-spa,"Los puentes de Madison County","Waller, Robert James, 1939-2017",9788419311061,,"Roca Editorial",2022,Barcelona,Book,
https://catalog.saclibrary.org/GroupedWork/4bfa288f-52b9-2b58-6909-f4813ffeb65f-spa,"La cancion del fiordo","Fuente, Julia de la, 1995-",9788419252425,,Puck,2023,Argentina,Book,
https://catalog.saclibrary.org/GroupedWork/206ff0eb-5b28-f86d-c079-69d902e8b820-spa,"Dime que te quedarás","Michaels, Corinne",9788494616891,,Terciopelo,2018,Barcelona,Book,
https://catalog.saclibrary.org/GroupedWork/0d9dbf87-e0c9-f10c-06f6-befad5261069-spa,"La otra Miss Bridgerton","Quinn, Julia, 1970-",9788417421229,,Titania,2021,"[Madrid, Spain]",Book,
https://catalog.saclibrary.org/GroupedWork/9a7d409b-766b-9057-0270-d646ad7aeca8-spa,"En deuda con el jeque","West, Annie (Romantic fiction writer)",9781335634382,,"Harlequin, una división de HarperCollins Ibérica, S.A.; Harlequin",2019,Madrid,eBook;Book,"Book::Central: SPANISH FICTION West, A. - On Shelf"
https://catalog.saclibrary.org/GroupedWork/9e87bf2e-f952-7028-26a8-98b51158d879-spa,"Una luz en la llama","Armentrout, Jennifer L",9788417854966,,Puck,2023,Madrid,Book,
https://catalog.saclibrary.org/GroupedWork/87c0b99e-0f9d-0b0f-2469-243f1cf116fe-spa,"Dorado, violeta y verde menta","Santés, Marta",9788419131041,,"Ediciones Urano",2023,Madrid,Book,
https://catalog.saclibrary.org/GroupedWork/c7562020-32ba-ae00-d629-6eda3b3437ef-spa,"Todas las veces que me enamore de ti","Santana, Chloe",9788491298250,,"Suma de Letras",2023,Barcelona,Book,
https://catalog.saclibrary.org/GroupedWork/0146ffba-19d2-5439-e82a-42582b1450ad-spa,"El tiempo que tuvimos","Cherry Chic, 1987-",9788419357434,,Montena,2023,Barcelona,Book,
https://catalog.saclibrary.org/GroupedWork/8861803c-ac58-b917-5cc2-f76e5ee829be-spa,"Los manuscritos rojos de la magia","Clare, Cassandra",9786070768637,,"Editorial Planeta Mexicana",2020,"Ciudad de Mexico, Mexico",Book,
https://catalog.saclibrary.org/GroupedWork/d75c844a-baa4-c97a-b532-90842a5b51b8-spa,"Grados de pasion","Díaz de Tuesta",9788466675031,,"Ediciones B",2023,Barcelona,Book,
https://catalog.saclibrary.org/GroupedWork/4d46c898-5a62-f13b-6a4c-4902f09861fe-spa,"Tú, yo, todo","Isaac, Catherine, 1974-",9788416867974,,"Roca Editorial",2018,Barcelona,Book,
https://catalog.saclibrary.org/GroupedWork/15b4d110-7071-729f-a316-601c23ebbf70-spa,"Cuando llegue la noche","Paz, Javiera, 1997-",9788419650542,,"Wattpad by Montena, Penguin Random House Editorial",2023,Barcelona,Book,
https://catalog.saclibrary.org/GroupedWork/6c021f1c-a568-69e3-36a2-7c04105fa215-spa,"En la cama del siciliano","Kendrick, Sharon",9781335634375,,"Harlequin, una división de HarperCollins Ibérica, S.A.; Harlequin",2019,Madrid,eBook;Book,"Book::Central: SPANISH FICTION Kendrick, S. - On Shelf"
https://catalog.saclibrary.org/GroupedWork/4dfefe4e-a024-877b-9e80-8eee24acfcb4-spa,Persuasion,"Austen, Jane, 1775-1817",9788491052777,,"Penguin Random House Grupo",2023,Barcelona,Book,
https://catalog.saclibrary.org/GroupedWork/d847666f-3731-9706-bb01-3f188e3ca82f-spa,"Siempre el mismo día","Nicholls, David, 1966-",9788419030931,,Umbriel,2024,Madrid,Book,
https://catalog.saclibrary.org/GroupedWork/625d9471-fd71-7981-d316-51d27bcc886a-spa,"Rivales: desde 1962","Keeland, Vi",9788417972752,,Chic,2022,Barcelona,Book,
https://catalog.saclibrary.org/GroupedWork/5824fe97-843d-a32e-03cf-49ce7525544f-spa,Pasión,"Kate, Lauren",9780307745231,,"Vintage Español",2011,"Nueva York",Book,
https://catalog.saclibrary.org/GroupedWork/a0a0909c-9c61-0f22-bcf9-1db09a6af9bc-spa,Legado,"Roberts, Nora",9788466363235,,Debolsillo,2023,Barcelona,Book,
https://catalog.saclibrary.org/GroupedWork/d0c6a45e-23a0-671b-223c-145a3457dcb2-spa,"El amor derriba muros","Bailey, Tessa",9788419131249,,Titania,2023,Madrid,Book,
https://catalog.saclibrary.org/GroupedWork/786b2ace-a3fb-544f-7884-3c5cea0db4f1-spa,"Rozando el cielo","Tomforde, Liz",9788419848260,,Montena,2023,Barcelona,Book,
https://catalog.saclibrary.org/GroupedWork/3d47c62d-5e36-9316-b94d-062b3ce773ce-spa,"Fuego en la sangre","Delacorte, Kat",9788419743312,,"Roca Editorial",2023,Barcelona,Book,
https://catalog.saclibrary.org/GroupedWork/1e4edf27-1987-d68d-89ca-963e4f6ea8fe-spa,"Mi amor de Wattpad","Godoy, Ariana",9786070782947,,"Planeta Mexicana",2021,"Ciudad de México",Book,
https://catalog.saclibrary.org/GroupedWork/c23ed4b9-8fbe-0fa2-a9d6-40f5947b3ca6-spa,"Tiempo de veneno","Rutherford, Mara",9788419147585,,"Young Kiwi",2023,[Spain],Book,
https://catalog.saclibrary.org/GroupedWork/68d89c18-df1f-e23f-4467-30b70bd26f84-spa,"El club de la Navidad","Freeman, Becca",9788419835413,,"Suma de Letras",2023,Barcelona,Book,
https://catalog.saclibrary.org/GroupedWork/e5e3ff33-9f1f-e7fd-013c-18038ebbd3d7-spa,"Las hijas de la criada","Onega Salcedo, Sonsoles, 1977-",9786073910255,,"Editorial Planeta Mexicana",2023,"Ciudad de Mexico",Book,
https://catalog.saclibrary.org/GroupedWork/20d6cd7b-7948-e2e8-feca-f37d7df3ec5b-spa,"El camino a Rhodes","Zapata, Mariana",9788401033568,,"Plaza & Janés",2023,Barcelona,Book,
https://catalog.saclibrary.org/GroupedWork/8ef2db34-1e9d-5a9e-2108-676fa2c63023-spa,"Jugando fuerte =: The Right Move","Tomforde, Liz",9788419848284,,,2024,MONTENA,Book,
https://catalog.saclibrary.org/GroupedWork/8704eeb7-7a19-b793-3878-4edca5198f53-spa,"Las serpientes de plata","Chokshi, Roshani",9788418002205,,"Editorial Hidra",2021,[Madrid],Book,
https://catalog.saclibrary.org/GroupedWork/e25f62e1-c5c1-7ca3-1b66-20f53a2a61c9-spa,"Atmosphere: una historia de amor","Reid, Taylor Jenkins",9791387595135,,"Stefano Books",2025,Argentina,Book,
https://catalog.saclibrary.org/GroupedWork/03fe2440-73b6-73bf-f488-1b2ef4c48b23-spa,"Amor azul","Jason June",9788427234987,,Molino,2023,Barcelona,Book,
https://catalog.saclibrary.org/GroupedWork/d67fade7-a5e0-b5e6-c2ff-ff2a24724006-spa,"Cómo conquistar a un millonario","Hill, Teresa",9780373673995,,"Harlequin, una división de HarperCollins Ibérica, S.A.; Harlequin Ibérica","2009 - 2019",Madrid,eBook;Book,"Book::Central: SPANISH FICTION Hill, T. - On Shelf"
https://catalog.saclibrary.org/GroupedWork/a9b3cd7f-e040-7d71-fa73-e2cbeb60f19e-spa,"Un reino entretejido","Mafi, Tahereh",9788419252036,,Puck,2023,Madrid,Book,
https://catalog.saclibrary.org/GroupedWork/c153e7d6-e49c-416b-6155-c8a1ea4f83d6-spa,"Una vida maravillosa","Henry, Emily",9788410391109,,Titania,2025,"[Buenos Aires, Argentina]",Book,
https://catalog.saclibrary.org/GroupedWork/150a8075-2bfe-c126-ddc4-ca2d72581ad6-spa,"Pobre diabla","Criado, Adriana, 1996-",9788419507068,,Alfaguara,2023,Barcelona,Book,
https://catalog.saclibrary.org/GroupedWork/e6eac15f-4781-e28c-fcca-6c28fff49511-spa,"En la tierra de los primeros besos","Dulcinea, 1988-",9788417805807,,"Roca Editorial",2020,Barcelona,Book,
https://catalog.saclibrary.org/GroupedWork/5f4dea7a-fbc1-9b12-94c5-64111fabded8-spa,"La mujer del canciller","Glottman, Dora",9786287634534,,"Ediciones B",2024,"Bogotá, Colombia",Book,
https://catalog.saclibrary.org/GroupedWork/fbb3c7ad-a1da-7764-d050-68fa5cb642b5-spa,"El prÍncipe roto","Watt, Erin",9788418509889,,"Oz Editorial; Wonderbooks","2017 - 2024",Barcelona,eBook;Book,"Book::Central Teen Area - 3rd Floor: SPANISH TEEN FICTION Watt, E. - On Shelf,Book::Galt Teen Area: SPANISH TEEN FICTION Watt, E. - On Shelf,Book::North Natomas: SPANISH TEEN FICTION Watt, E. - On Shelf"
https://catalog.saclibrary.org/GroupedWork/dc09075e-02b4-5a5b-797e-b47b813c728b-spa,"El palacio malvado","Watt, Erin",9788418509896,,"Oz Editorial; Wonderbooks","2017 - 2024",Barcelona,eBook;Book,"Book::Central Teen Area - 3rd Floor: SPANISH TEEN FICTION Watt, E. - On Shelf,Book::Fair Oaks Teen Area: SPANISH TEEN FICTION Watt, E. - On Shelf,Book::North Natomas: SPANISH TEEN FICTION Watt, E. - On Shelf"
https://catalog.saclibrary.org/GroupedWork/22ec1d88-6a44-1cb3-0c14-9c46c354474d-spa,"Menú para dos: (The pairing)","McQuiston, Casey",9788427244863,,Molino,2024,Barcelona,Book,
https://catalog.saclibrary.org/GroupedWork/406cdfcf-2773-8caa-2527-15b861991a1c-spa,Azul,"Darío, Rubén, 1867-1916",9788418008016,,"Editorial Alma; Edicions Perelló","2020 - 2024",[Barcelona],eBook;Book,"Book::Central: SPANISH FICTION Dario, R. - On Shelf,Book::Courtland: SPANISH FICTION Dario, R. - On Shelf,Book::Galt: SPANISH FICTION Dario, R. - On Shelf"
https://catalog.saclibrary.org/GroupedWork/99122277-8b71-f7aa-1f15-e5635cd404c8-spa,"Sheccid: cuando el amor duele","Sánchez, Carlos Cuauhtémoc",9786077627852,,"Ediciones Selectas Diamante SA DE CV; Ediciones Selectas Diamante, S. A. de C. V","2016 - 2019","Tlalnepantla, Estado de México, Ciudad de México",eBook;Book,"Book::Carmichael: SPANISH FICTION Sanchez, C. - On Shelf,Book::Sacramento Public Library Storage: SPANISH FICTION Sanchez, C. - On Shelf"
https://catalog.saclibrary.org/GroupedWork/6ea3ae14-3e1f-1e80-057b-e3c32b788486-spa,"El amor no tiene reglas","Bailey, Tessa",9788419131423,,Titania,2023,Madrid,Book,
https://catalog.saclibrary.org/GroupedWork/7b3832a6-703e-13f4-24fd-52a853276bee-spa,"Casa de cielo y aliento","Maas, Sarah J",9788420459257,,"Penguin Random House Audio; Alfaguara",2022,[Barcelona],eAudiobook;Book,
https://catalog.saclibrary.org/GroupedWork/bdb3cbb3-57a3-b780-192f-416287a51e9e-spa,"La bruja de Portobello","Coelho, Paulo",9780061632730,,"Rayo; HarperCollins","2006 - 2012","New York, NY",eBook;Book,"Book::Central: SPANISH FICTION Coelho, P. - On Shelf,Book::Princeton Branch Library Adult Collection: SP Fic - On Shelf,Book::Sutter County Main Branch: SPANISH FICTION Coelho, P. - On Shelf"
https://catalog.saclibrary.org/GroupedWork/dbbdb09f-5f7f-6728-40f9-7b2159ad7667-spa,"A salvo con tu amor","Laurens, Stephanie",9780718080259,,"HarperCollinsEspañol; Harlequin, una división de HarperCollins Ibérica, S.A.",2016,"Nashville, Tennessee, Estados Unidos de América",eBook;Book,"Book::Central: SPANISH FICTION Laurens, S. - On Shelf,Book::Elk Grove: SPANISH FICTION Laurens, S. - On Shelf,Book::Sacramento Public Library Storage: SPANISH FICTION Laurens, S. - On Shelf"
https://catalog.saclibrary.org/GroupedWork/f1b6c315-35e8-12d6-287f-70563735be07-spa,"La magia de las casualidades imposibles","Martínez, María, 1975-",9786073917759,,"Cross Books; Planeta Audio; Crossbooks",2024,"Ciudad de México",eAudiobook;Book;eBook,"Book::Arcade: SPANISH FICTION Martinez, M. - On Shelf,Book::Central: SPANISH FICTION Martinez, M. - On Shelf,Book::Colonial Heights: SPANISH FICTION Martinez, M. - On Shelf"
https://catalog.saclibrary.org/GroupedWork/ea8ea57d-25ff-257d-ccf2-d2e6680e5669-spa,"Una historia divertida","Henry, Emily",9788419131850,,Titania,2024,Argentina,Book,
https://catalog.saclibrary.org/GroupedWork/2302808a-0f06-0bcf-3b70-69f98102f364-spa,Brida,"Coelho, Paulo",9780061626371,,"Rayo; HarperCollins","2008 - 2012","New York, NY",eBook;Book,"Book::Central: SPANISH FICTION Coelho, P. - On Shelf,Book::Colusa Main Branch Adult Collection: SP Fic - On Shelf,Book::Grimes Branch Library Adult Collection: SP Fic - On Shelf"
https://catalog.saclibrary.org/GroupedWork/3d29b6cf-6ba8-f89e-ea52-50e793ee92cf-spa,"Las cosas ̀ms preciosas","Yarros, Rebecca",9786073932738,,"Planeta Publishing",2025,"Ciudad de México",Book,
https://catalog.saclibrary.org/GroupedWork/f55ff7af-cbc6-a6ff-efcf-79e066dab39c-spa,"La mecánica del corazón","Malzieu, Mathias",9788439721956,,"Random House Mondadori; Penguin Random House Audio","2009 - 2018",Barcelona,eAudiobook;Book,"Book::Courtland: SPANISH FICTION Malzieu, M. - On Shelf,Book::Fair Oaks: SPANISH FICTION Malzieu, M. - On Shelf"
https://catalog.saclibrary.org/GroupedWork/690e5f4a-971b-0fc9-64ca-f7b22ddbf347-spa,"Volver a vivir","Steel, Danielle",9788466352208,,"Debols!llo; Penguin Random House Audio","2020 - 2022",Barcelona,eAudiobook;Book,"Book::Rancho Cordova: SPANISH FICTION Steel, D. - On Shelf"
https://catalog.saclibrary.org/GroupedWork/43ca276c-36a8-f30b-3e66-28d686acaa41-spa,"La isla de los amores infinitos","Chaviano, Daína, 1957-",9780307376541,,"Audiomol; Distributed by Random House; Grijalbo","2009 - 2013","Barcelona; [New York]",eAudiobook;Book,"Book::Valley Hi-North Laguna: SPANISH FICTION Chaviano, D. - On Shelf"
https://catalog.saclibrary.org/GroupedWork/3c1b91bf-9cf7-461f-a67d-64ea78255ef4-spa,"Mi nombre es Emilia del Valle","Allende, Isabel",9798890983657,,"PLAZA & JANÉS; Vintage Espanol; Penguin Random House Audio",2025,[Miami],eAudiobook;eBook;Book,"Book::Central: SPANISH FICTION Allende, I. - On Shelf,Book::Belle Cooledge: SPANISH FICTION Allende, I. - In Transit,Book::Courtland: SPANISH FICTION Allende, I. - On Shelf"
https://catalog.saclibrary.org/GroupedWork/78f33e9e-f027-26eb-a424-388452308339-spa,"Retrato en sepia","Allende, Isabel",9780060936358,,"PLAZA & JANÉS; Rayo; Penguin Random House Audio","2002 - 2017","New York",eAudiobook;Book;eBook,
https://catalog.saclibrary.org/GroupedWork/5111ee1e-d16d-a61d-e1df-0ac324112c0d-spa,"El highlander seducido","McCarty, Monica",9788483469453,,"Cisne; CISNE","2009 - 2010","[Barcelona, Spain?]",eBook;Book,"Book::Central: SPANISH FICTION McCarty, M. - On Shelf"
https://catalog.saclibrary.org/GroupedWork/7b876d53-aa8d-9e4c-cd64-4678af7c1590-spa,"Yo antes de ti","Moyes, Jojo, 1969-",9781941999882,,"SUMA; Suma de Letras; Penguin Random House Audio","2014 - 2018","Miami, FL",eAudiobook;Book;eBook,"Book::Central: SPANISH FICTION Moyes, J. - On Shelf,Book::Sacramento Public Library Storage: SPANISH FICTION Moyes, J. - On Shelf,Book::Maxwell Branch Library Adult Collection: SP Fic - On Shelf"
https://catalog.saclibrary.org/GroupedWork/ab5eeac2-d387-024c-bb33-6e36eb3e2e32-spa,"Fabricante de lágrimas","Doom, Erin",9786073825344,,"Penguin Random House Grupo Editorial; Penguin Random House Audio","2023 - 2024","Ciudad de México",eAudiobook;Book,"Book::Carmichael: SPANISH FICTION Doom, E. - On Shelf,Book::Central: SPANISH FICTION Doom, E. - On Shelf,Book::Colonial Heights: SPANISH FICTION Doom, E. - On Shelf"
https://catalog.saclibrary.org/GroupedWork/a6ec45aa-4927-924e-0f00-59485aac017f-spa,"Once minutos","Coelho, Paulo",9780060591830,,"Rayo; HarperCollins; Sant Jordi Asociados; Grijalbo","2003 - 2019","New York; Miguel Hidalgo, México, D.F",eAudiobook;eBook;Book,"Book::Carmichael: SPANISH FICTION Coelho, P. - OFF CAMPUS,Book::Folsom Reading Room: SP FICTION Coelho, P. - On Shelf,Book::Williams Branch Library Adult Collection: SP Fic - On Shelf"
https://catalog.saclibrary.org/GroupedWork/a5de3162-8115-b7ae-2c38-82a188febb46-spa,"Novia que te vea","Nissán, Rosa",9786073184090,,"Debols!llo/Penguin Random House Grupo Editorial, S.A. de C.V; Penguin Random House Audio","2019 - 2022","Ciudad de México",eAudiobook;Book,"Book::Central: SPANISH FICTION Nissan, R. - On Shelf,Book::Del Paso Heights: SPANISH FICTION Nissan, R. - On Shelf,Book::Fair Oaks: SPANISH FICTION Nissan, R. - On Shelf"
https://catalog.saclibrary.org/GroupedWork/137b3c39-8ff8-2ef3-66b6-2f9c803d4c2e-spa,"Alguien que no soy","Benavent, Elísabet, 1984-",9788466329972,,"Debolsillo; SUMA","2014 - 2016",Barcelona,eBook;Book,
https://catalog.saclibrary.org/GroupedWork/552c8e18-6999-54a1-fe79-d1d55634b563-spa,"El vencedor esta solo: novela","Coelho, Paulo",9780061829680,,"Rayo; HarperCollins","2009 - 2012","New York",eBook;Book,"Book::Central: SPANISH FICTION Coelho, P. - On Shelf,Book::Grimes Branch Library Adult Collection: SP Fic - On Shelf,Book::Sacramento Public Library Storage: SPANISH FICTION Coelho, P. - On Shelf"
https://catalog.saclibrary.org/GroupedWork/1644956e-524d-6a5a-b51d-93ff955510e6-spa,"Inés del alma mía: una novela","Allende, Isabel",9780061161551,,"PLAZA & JANÉS; Rayo/HarperCollins; Penguin Random House Audio; Fonolibro Inc","2006 - 2017","New York; Coral Gables, FL","eAudiobook;Audiobook - CD;Book;eBook","Book::Central: SPANISH FICTION Allende, I. - On Shelf,Book::Colusa Main Branch Adult Collection: SP Fic - On Shelf,Book::Folsom Reading Room: SP FICTION Allende, I. - On Shelf"
https://catalog.saclibrary.org/GroupedWork/5d346b6f-1e65-fca7-c7b0-4cc83838135d-spa,"Vampiros en El Norte","Cañas, Isabel",9798890980762,,"VINTAGE ESPAÑOL; Vintage Español",2024,"Miami, FL",eBook;Book,"Book::Arcade: SPANISH FICTION Canas, I. - On Shelf,Book::Central: SPANISH FICTION Canas, I. - On Shelf,Book::Colonial Heights: SPANISH FICTION Canas, I. - On Shelf"
https://catalog.saclibrary.org/GroupedWork/23387b7c-1d91-952b-c893-0925bcb0f6b6-spa,Ébano,"Ron, Mercedes, 1993-",9786073184243,,"Penguin Random House Audio; Montena","2019 - 2021",Barcelona,eAudiobook;Book,"Book::Central: SPANISH FICTION Ron, M. - On Shelf,Book::Belle Cooledge: SPANISH FICTION Ron, M. - On Shelf,Book::Sylvan Oaks: SPANISH FICTION Ron, M. - On Shelf"
https://catalog.saclibrary.org/GroupedWork/00997121-a5d8-de46-37f7-d50193c1ac31-spa,"El diario de Tita","Esquivel, Laura, 1950-",9781949061024,,"SUMA; Suma de Letras","2016 - 2018","Miami, FL",eBook;Book,"Book::Central: SPANISH FICTION Esquivel, L. - On Shelf,Book::Isleton: SPANISH FICTION Esquivel, L. - On Shelf,Book::Southgate: SPANISH FICTION Esquivel, L. - On Shelf"
https://catalog.saclibrary.org/GroupedWork/24a3b2ed-6357-3520-b045-9b1aa05793a9-spa,"Cumbres Borrascosas","Brontë, Emily, 1818-1848",9788490702413,,"Panamericana Editorial; Loudly; Arpa; Penguin Random House Audio; Ediciones B; Audiolibros Colección","2010 - 2024",Barcelona,eAudiobook;eBook;Book,"Book::Central: SPANISH FICTION Bronte, E. - On Shelf"
https://catalog.saclibrary.org/GroupedWork/022db35b-1cf5-11d8-dac3-3291f8915a67-spa,"En los zapatos de Valeria","Benavent, Elísabet, 1984-",9788490628973,,"Debolsillo; SUMA; Penguin Random House Audio","2014 - 2018",Barcelona,eAudiobook;Book;eBook,"Book::Central: SPANISH FICTION Benavent, E. - On Shelf,Book::McKinley: SPANISH FICTION Benavent, E. - On Shelf"
https://catalog.saclibrary.org/GroupedWork/728a4570-ceba-0fe2-e710-1140ca0103cb-spa,"Alguien como tú","Benavent, Elísabet, 1984-",9788466329989,,"Debolsillo; SUMA; Penguin Random House Audio","2014 - 2023",Barcelona,eAudiobook;Book;eBook,"Book::Central: SPANISH FICTION Benavent, E. - On Shelf,Book::Sacramento Public Library Storage: SPANISH FICTION Benavent, E. - On Shelf"
https://catalog.saclibrary.org/GroupedWork/59a86491-b275-a081-2967-344b3bf4c99e-spa,"Martina con vistas al mar","Benavent, Elísabet, 1984-",9788483658482,,"Suma de Letras; Penguin Random House Audio","2016 - 2023",Barcelona,eAudiobook;Book,"Book::Central: SPANISH FICTION Benavent, E. - On Shelf"
https://catalog.saclibrary.org/GroupedWork/7bfcacd9-da2c-dda5-28bc-eb3ce48e1af6-spa,"No me llames loca","Eärfalas, Gilraen",9786073932660,,"Planeta México; Planeta; Planeta Audio",2025,"Cuidad de México",eAudiobook;Book;eBook,"Book::Colonial Heights: SPANISH FICTION Earfalas, G. - On Shelf,Book::South Natomas: SPANISH FICTION Earfalas, G. - On Shelf,Book::Rio Linda: SPANISH FICTION Earfalas, G. - On Shelf"
https://catalog.saclibrary.org/GroupedWork/17efeff0-4c4a-1962-86aa-56a48098cff8-spa,"Heaven official's blessing =: La bendición del oficial del cielo",Moxiangtongxiu,9788411615525,,"Planeta Cómic",2024,Barcelona,"Graphic Novel/Manga",
https://catalog.saclibrary.org/GroupedWork/70401240-ffb7-61c3-ff87-24b35358fc03-spa,"Susurran tu nombre","North, Alex, 1976-",9788491394754,,"HarperCollins Ibérica S.A; HarperCollins Ibérica S.A.",2020,Madrid,eBook;Book,"Book::Fair Oaks: SPANISH FICTION North, A. - On Shelf"
https://catalog.saclibrary.org/GroupedWork/fa100135-dc56-809a-8e22-c8e6a5ff510e-spa,"Instinto de Inez","Fuentes, Carlos",9789705800061,,"ALFAGUARA; Alfaguara","2008 - 2016","México, D.F",eBook;Book,"Book::Central: SPANISH FICTION Fuentes, C. - On Shelf,Book::Arbuckle Branch Library Adult Collection: SP Fic - On Shelf"
https://catalog.saclibrary.org/GroupedWork/ca2c25a6-2a82-4a93-9409-4d1c66baa7f6-spa,"Jaque mate al amor","Hazelwood, Ali",9788418945465,,"Contraluz Editorial; Contraluz",2023,Madrid,eBook;Book,"Book::Arcade Teen Area: SPANISH TEEN FICTION Hazelwood, A. - On Shelf,Book::Central Teen Area - 3rd Floor: SPANISH TEEN FICTION Hazelwood, A. - On Shelf,Book::North Natomas: SPANISH TEEN FICTION Hazelwood, A. - On Shelf"
https://catalog.saclibrary.org/GroupedWork/eff61b59-fc8d-936c-1177-1492c2f1b78f-spa,"Lujuria: Libro 2","Muñoz, Eva, 1994-",9788419169952,,"Wattpad; Penguin Random House Audio","2023 - 2024",Barcelona,eAudiobook;Book,
https://catalog.saclibrary.org/GroupedWork/94b31165-472c-7ec4-3b74-bbff49df3f7f-spa,"El baile de las luciérnagas","Hannah, Kristin",9788466343015,,"Debolsillo; Penguin Random House Audio","2018 - 2021",Barcelona,eAudiobook;Book,"Book::Central: SPANISH FICTION Hannah, K. - On Shelf,Book::Sacramento Public Library Storage: SPANISH FICTION Hannah, K. - On Shelf"
https://catalog.saclibrary.org/GroupedWork/0fef36be-3e5c-7cca-195d-8d56026f59c7-spa,"A Sir Phillip, con amor","Quinn, Julia, 1970-",9788492801374,,"Ediciones Urano","2010 - 2022",Barcelona,eAudiobook;Book,"Book::Central: SPANISH FICTION Quinn, J. - On Shelf"
https://catalog.saclibrary.org/GroupedWork/85e10eba-1dfa-09f0-db06-d5fe1406a1fb-spa,"Dónde estás, mundo bello","Rooney, Sally",9788439739234,,"Literatura Random House; RANDOM HOUSE; Penguin Random House Audio",2021,Barcelona,eAudiobook;Book;eBook,"Book::Central: SPANISH FICTION Rooney, S. - On Shelf,Book::Del Paso Heights: SPANISH FICTION Rooney, S. - On Shelf,Book::Franklin: SPANISH FICTION Rooney, S. - On Shelf"
https://catalog.saclibrary.org/GroupedWork/eb000355-f9b0-331c-1627-03626b8d85d6-spa,"Polos opuestos","Roberts, Nora",9788490627532,,"Debolsillo; Penguin Random House Audio","2015 - 2023",Barcelona,eAudiobook;Book,"Book::Central: SPANISH FICTION Roberts, N. - On Shelf"
https://catalog.saclibrary.org/GroupedWork/8eacd304-7282-0434-84ac-e431fccf85ad-spa,"Hija de la tierra","Longarela, Andrea",9786073837934,,"ALFAGUARA IJC; Alfaguara",2023,Barcelona,eBook;Book,
https://catalog.saclibrary.org/GroupedWork/3614e1e2-0365-cd23-ee42-c3669aac5210-spa,"La reina de los condenados","Rice, Anne, 1941-2021",9786073802468,,"Penguin Random House Grupo Editorial; Penguin Random House Audio","2021 - 2023","Ciudad de México",eAudiobook;Book,"Book::Arcade: SPANISH FICTION Rice, A. - On Shelf,Book::Central: SPANISH FICTION Rice, A. - On Shelf,Book::Del Paso Heights: SPANISH FICTION Rice, A. - On Shelf"
https://catalog.saclibrary.org/GroupedWork/5a74c053-bad2-d7a6-f7ab-a2132a496add-spa,"Locura y razón","Zunzunegui, Juan Miguel, 1975-",9786073845328,,"Debolsillo; DEBOLSILLO","2015 - 2024","Ciudad de México",eBook;Book,"Book::Central: SPANISH FICTION Zunzunegui, J. - On Shelf,Book::Belle Cooledge: SPANISH FICTION Zunzunegui, J. - In Transit,Book::Isleton: SPANISH FICTION Zunzunegui, J. - On Shelf"
https://catalog.saclibrary.org/GroupedWork/15f53b79-a163-4f99-dd4a-7f5757b41944-spa,"Cincuenta sombras de Grey","James, E. L",9780345803672,,"VINTAGE ESPAÑOL; Vintage Español; Penguin Random House Audio","2012 - 2021","[New York]",eAudiobook;Book;eBook,"Book::Central: SPANISH FICTION James, E. - On Shelf"
https://catalog.saclibrary.org/GroupedWork/83f49ad6-91d2-c66f-0491-4a62d4032aa9-spa,"Radio silencio","Oseman, Alice",9786078828500,,"VRYA; VR YA",2023,"Ciudad de México",eBook;Book,
https://catalog.saclibrary.org/GroupedWork/55e29dbc-9fc0-2957-85e5-57c85a27068e-spa,"El paraíso en la otra esquina","Vargas Llosa, Mario, 1936-",9781589868892,,"ALFAGUARA; Penguin Random House Audio; Alfaguara","2003 - 2021","Jesús María, Lima, Perú",eAudiobook;Book;eBook,
https://catalog.saclibrary.org/GroupedWork/e94d78e9-44a2-b8d3-c4ab-2c8b82478cbb-spa,"Siempre amigos","Steel, Danielle",9780525433378,,"Vintage Español, una división de Penguin Random House LLC; Penguin Random House Audio","2017 - 2019","Nueva York",eAudiobook;Book,"Book::Central: SPANISH FICTION Steel, D. - On Shelf,Book::Woodland Public Library: SPANISH FICTION Steel, D. - On Shelf"
https://catalog.saclibrary.org/GroupedWork/b0b00ce7-69a3-fcb8-9d14-930a7ab05226-spa,"El libro de los secretos vivientes","Roux, Madeleine, 1985-",9788418774409,,"HarperCollins Ibérica S.A.; HarperCollins Ibérica",2023,Madrid,eAudiobook;eBook;Book,
https://catalog.saclibrary.org/GroupedWork/bb25b9f7-eb3c-6d7a-8040-e352526dbff9-spa,"Hija de humo y hueso","Taylor, Laini",9786073828512,,"Debolsillo; ALFAGUARA IJC; Penguin Random House Audio","2013 - 2024","Ciudad de México",eAudiobook;Book;eBook,"Book::Central Teen Area - 3rd Floor: SPANISH TEEN FICTION Taylor, L. - On Shelf,Book::Del Paso Heights Teen Area: SPANISH TEEN FICTION Taylor, L. - On Shelf,Book::North Natomas: SPANISH TEEN FICTION Taylor, L. - On Shelf"
https://catalog.saclibrary.org/GroupedWork/bb927eaa-ef2a-97da-d55d-1b0abc1479f7-spa,Bochica,"Flórez-Cerchiaro, Carolina",9780063445475,,"HarperCollins; HarperCollins Español",2026,"New York, NY",eAudiobook;Book;eBook,"Book::Central New Books - 4th Floor: SPANISH FICTION Florez-Cerchiaro, C. - On Shelf,Book::Elk Grove: ON ORDER - On Order,Book::North Natomas: SPANISH FICTION Florez-Cerchiaro, C. - On Shelf"
https://catalog.saclibrary.org/GroupedWork/ac6b4ab5-19d4-775b-68e2-90b0f1069f44-spa,"Cuando no queden más estrellas que contar","Martínez, María, 1975-",9786070784491,,"Cross Books; Planeta Audio; Crossbooks","2021 - 2022","Ciudad de México",eAudiobook;Book;eBook,"Book::Belle Cooledge: SPANISH FICTION Martinez, M. - On Shelf,Book::Fair Oaks: SPANISH FICTION Martinez, M. - On Shelf,Book::North Natomas: SPANISH FICTION Martinez, M. - On Shelf"
https://catalog.saclibrary.org/GroupedWork/7a56a96f-8cf4-0c1b-a5bb-def7e553644b-spa,"Diana o la cazadora solitaria","Fuentes, Carlos",9786073813150,,"Debolsillo; Penguin Random House Audio",2022,"[Barcelona, Spain]",eAudiobook;Book,"Book::Carmichael: SPANISH FICTION Fuentes, C. - On Shelf,Book::Central: SPANISH FICTION Fuentes, C. - On Shelf,Book::Sacramento Public Library Storage: SPANISH FICTION Fuentes, C. - On Shelf"
https://catalog.saclibrary.org/GroupedWork/3aac5da9-6ea5-b8a7-b7ca-444d0406be3f-spa,"Cincuenta sombras liberadas","James, E. L",9780345804297,,"VINTAGE ESPAÑOL; Vintage Español; Penguin Random House Audio","2012 - 2021","New York",eAudiobook;eBook;Book,"Book::Central: SPANISH FICTION James, E. - On Shelf"
https://catalog.saclibrary.org/GroupedWork/7f98143c-33a7-f7b6-f431-51fd5da8441e-spa,"Juliet respira profundo: una novela","Rivera, Gabby",9780593081280,,"Books on Tape; VINTAGE ESPAÑOL; Vintage Español, una división de Penguin Random House LLC",2020,"Nueva York",eAudiobook;Book;eBook,"Book::Colonial Heights: SPANISH TEEN FICTION Rivera, G. - On Shelf,Book::Valley Hi-North Laguna Teen Area: SPANISH TEEN FICTION Rivera, G. - On Shelf,Book::Woodland Public Library: TEEN SPANISH FICTION Rivera, G. - On Shelf"
https://catalog.saclibrary.org/GroupedWork/e0cf1be0-d4b6-a601-e440-16517f861277-spa,"Anita de Monte ríe la última","Gonzalez, Xochitl, 1977-",9786073929066,,"Planeta México; Planeta",2025,"Ciudad de México",eBook;Book,"Book::Central New Books - 4th Floor: SPANISH FICTION Gonzalez, X. - On Shelf,Book::Elk Grove Opening Day Collection: ON ORDER - On Order,Book::Galt: SPANISH FICTION Gonzalez, X. - On Shelf"
https://catalog.saclibrary.org/GroupedWork/3ae97516-b2c2-d3a6-c602-e2771d6c5d50-spa,"La mujer de rojo: una novela","Giovinazzo, Diana",9780062999511,,"HarperCollins; HarperCollinsEspañol",2020,"New York, NY",eBook;Book,"Book::Central: SPANISH FICTION Giovinazzo, D. - On Shelf"
https://catalog.saclibrary.org/GroupedWork/d4b4afb4-0c95-e32f-ba2c-40e2eba81fd4-spa,"Amor en secreto","Bianchin, Helen",9780373336999,,"Harlequin, una división de HarperCollins Ibérica, S.A.; Harlequin Ibérica","2002 - 2015","Madrid [Spain]",eBook;Book,
https://catalog.saclibrary.org/GroupedWork/4d788cc4-a8e4-3c0d-3641-14f2324838a9-spa,"Más allá del invierno","Allende, Isabel",9780525436454,,"PLAZA & JANÉS; Vintage Espanől; Vintage Espańðol, una divisióðn de Penguin Random House LLC; Penguin Random House Audio","2017 - 2018","New York; Nueva York",eAudiobook;eBook;Book,"Book::Arcade: SPANISH FICTION Allende, I. - On Shelf,Book::Carmichael: SPANISH FICTION Allende, I. - On Shelf,Book::Central: SPANISH FICTION Allende, I. - On Shelf"
https://catalog.saclibrary.org/GroupedWork/5e39e1c2-c41f-c986-406f-a0e86cdc58c7-spa,"El jardín olvidado","Morton, Kate, 1976-",9788466331043,,"Debolsillo; Penguin Random House Audio","2015 - 2017",Barcelona,eAudiobook;Book,"Book::Central: SPANISH FICTION Morton, K. - On Shelf"
https://catalog.saclibrary.org/GroupedWork/c930fca3-bfd6-e0ed-6fe6-31a98eb1191a-spa,Divergente,"Roth, Veronica",9788427201187,,"MOLINO; Molino; Penguin Random House Audio","2012 - 2022",Barcelona,eAudiobook;eBook;Book,
https://catalog.saclibrary.org/GroupedWork/63c4c028-9646-727c-482e-1775efa1a291-spa,"Valeria al desnudo","Benavent, Elísabet, 1984-",9788491294962,,"Suma de Letras; Penguin Random House Audio","2019 - 2020",Barcelona,eAudiobook;Book,
https://catalog.saclibrary.org/GroupedWork/77cf3d86-c74d-8148-3c67-f6268d33ac0a-spa,"Bajar es lo peor","Enriquez, Mariana",9788433999429,,"Editorial Anagrama","2022 - 2023",Barcelona,eAudiobook;Book;eBook,
https://catalog.saclibrary.org/GroupedWork/de3d1f03-a9c8-ec7a-95b9-b6b5d30a3bd9-spa,"Honradas intenciones","Mann, Catherine",9780373514670,,"Harlequin, una división de HarperCollins Ibérica, S.A.; Harlequin Ibérica","2012 - 2018",Madrid,eBook;Book,
https://catalog.saclibrary.org/GroupedWork/915a7626-54dd-91dc-a1c8-75e708b9f2c8-spa,"Todas esas cosas que te diré mañana","Benavent, Elísabet, 1984-",9788491295976,,"Suma de Letras; Penguin Random House Audio",2022,Barcelona,eAudiobook;Book,
https://catalog.saclibrary.org/GroupedWork/49b84188-4b82-809e-3b35-4bebbc46927b-spa,"La posesión de Alba Díaz","Cañas, Isabel",9798890982964,,"Vintage Espanol; VINTAGE ESPAÑOL",2025,"Miami, Florida",eBook;Book,"Book::Arcade: SPANISH FICTION Canas, I. - On Shelf,Book::Colonial Heights: SPANISH FICTION Canas, I. - On Shelf,Book::Belle Cooledge: SPANISH FICTION Canas, I. - In Transit"
https://catalog.saclibrary.org/GroupedWork/afea4f40-6406-1b9e-c0dc-a7f007085338-spa,"Asuntos de negocios","Rogers, Shirley",9780786281275,,"Harlequin, una división de HarperCollins Ibérica, S.A.; Thorndike Press","2005 - 2012","Waterville, Me",eBook;Book,
https://catalog.saclibrary.org/GroupedWork/4824a745-22db-1b17-4d1f-8c8c6429691b-spa,"Dime quién soy","Navarro, Julia, 1953-",9780307741721,,"PLAZA & JANÉS; Knopf Doubleday Publishing Group; Debols!llo; Vintage Español; Penguin Random House Audio","2010 - 2019","New York; Barcelona",eAudiobook;eBook;Book,"Book::Pocket-Greenhaven: SPANISH FICTION Navarro, J. - On Shelf"
https://catalog.saclibrary.org/GroupedWork/d92c71fd-c42b-4c35-7afb-f5825af2bead-spa,"Olga muere soñando","Gonzalez, Xochitl, 1977-",9786073911917,,"Planeta México; Planeta",2024,"Ciudad de México",eBook;Book,"Book::Arcade: SPANISH FICTION Gonzalez, X. - OFF CAMPUS,Book::Central: SPANISH FICTION Gonzalez, X. - OFF CAMPUS,Book::Elk Grove Opening Day Collection: ON ORDER - On Order"
https://catalog.saclibrary.org/GroupedWork/ef7cc512-d9ee-2e3b-9f5f-3cb712df9a7a-spa,"Cincuenta sombras más oscuras","James, E. L",9780345804273,,"VINTAGE ESPAÑOL; Vintage Español; Penguin Random House Audio","2012 - 2021","New York",eAudiobook;eBook;Book,
https://catalog.saclibrary.org/GroupedWork/587d523a-b84e-b14f-2915-2747eedaa0c6-spa,"Luna nueva","Meyer, Stephenie, 1973-",9789705800238,,"Santillana; Penguin Random House Audio; Alfaguara","2007 - 2018","México; Doral, FL",eAudiobook;Book,
https://catalog.saclibrary.org/GroupedWork/ac911fa9-da51-d73f-11f4-e402b28fc0a3-spa,"Nosotros bailamos sobre el infierno","Bueno, Marcos",9786078828340,,"VRYA; VR Editoras","2022 - 2023","[Ciudad de Mexico]",eBook;Book,
https://catalog.saclibrary.org/GroupedWork/8746fa49-1f25-23cb-ad6e-5d233228b625-spa,"La letra escarlata","Hawthorne, Nathaniel, 1804-1864",9788483270028,,"Ecos eternos; Martínez Roca","1997 - 2023",Barcelona,Book;eAudiobook,
https://catalog.saclibrary.org/GroupedWork/58fdc1c6-387d-3c21-f956-9f4c2f93be24-spa,Niebla,"Unamuno, Miguel de, 1864-1936",9789706667182,,"Grupo Editorial Tomo; Editorial Universitaria de Chile; Editorial Cõ; Legorreta; Audiolibros Colección","2006 - 2024","México, D. F",eBook;Book;eAudiobook,
https://catalog.saclibrary.org/GroupedWork/82795d21-1224-38c6-8c33-68a12fb4fbf7-spa,"Miss Austen","Hornby, Gill",9788419386090,,"Libros de Seda; BookaVivo",2023,Madrid,Book;eAudiobook,
https://catalog.saclibrary.org/GroupedWork/0cf018c6-8dfa-d8bb-3c71-e2baf28e280b-spa,"La isla bajo el mar","Allende, Isabel",9780307476050,,"PLAZA & JANÉS; Random House; Penguin Random House Audio","2009 - 2016","New York",eAudiobook;Book;eBook,
https://catalog.saclibrary.org/GroupedWork/a2adaa96-8a54-0df6-8bed-e9f8fed2e5f3-spa,"La habitación de las mariposas","Riley, Lucinda",9788401024245,,"PLAZA & JANÉS; Plaza & Janés",2020,Barcelona,eBook;Book,"Book::Carmichael: SPANISH FICTION Riley, L. - On Shelf,Book::Central: SPANISH FICTION Riley, L. - On Shelf,Book::Pocket-Greenhaven: SPANISH FICTION Riley, L. - On Shelf"
https://catalog.saclibrary.org/GroupedWork/ce2593b5-7bfd-7a41-665f-eac3c17ba583-spa,Amanecer,"Meyer, Stephenie, 1973-",9786071100337,,"Santillana; Penguin Random House Audio; Alfaguara","2008 - 2020","[México]; Doral, Fla",eAudiobook;Book,
https://catalog.saclibrary.org/GroupedWork/e2ffea26-d397-12d5-fa0c-44f1f6a7f074-spa,Eclipse,"Meyer, Stephenie, 1973-",9781603960229,,"ALFAGUARA IJC; Penguin Random House Audio; Alfaguara","2008 - 2021","Miami, FL",eAudiobook;Book;eBook,
https://catalog.saclibrary.org/GroupedWork/6f20d295-4699-ad1c-352d-e781ec3f24f5-spa,Mujercitas,"Alcott, Louisa May, 1832-1888",9781644732694,,"Ecos eternos; Grupo Sin Fronteras SAS; Lebooks Editora; NARRATORES; Editorial Cõ; Laberinto; Alfaguara","2020 - 2023","Miami, FL",eBook;Book;eAudiobook,
https://catalog.saclibrary.org/GroupedWork/c4e7bdda-4979-b0aa-9a1f-eb28370e5439-spa,"El color de la muerte","Lowell, Elizabeth, 1944-",9780060856953,,"HarperCollins; Avon Books/Rayo","2006 - 2012","New York",eBook;Book,
https://catalog.saclibrary.org/GroupedWork/3cc8b6bd-0c2d-8e9b-a207-12bfe1d96b74-spa,Irresistible,"Kleypas, Lisa",9788498726824,,"Penguin Random House Audio; Ediciones B","2012 - 2022","Barcelona, Spain",eAudiobook;Book,
https://catalog.saclibrary.org/GroupedWork/0625eb75-db6a-8010-c97b-e3619a3a8b1b-spa,"La madrina de guerra","Lucero, José Antonio, 1988-",9788466672061,,"B; Penguin Random House Audio","2022 - 2023",Barcelona,eAudiobook;Book,
https://catalog.saclibrary.org/GroupedWork/d9559b67-c8bc-313f-df19-a3f0e452c27a-spa,"Frankenstein Chicano","Olivas, Daniel A",9786073915694,,"Planeta México; Planeta; Planeta Audio",2024,"Ciudad de México",eAudiobook;Book;eBook,"Book::Carmichael: SPANISH FICTION Olivas, D. - On Shelf,Book::Central: SPANISH FICTION Olivas, D. - On Shelf,Book::Colonial Heights: SPANISH FICTION Olivas, D. - On Shelf"
https://catalog.saclibrary.org/GroupedWork/fffb973a-7340-c9bb-79ce-7288dc90b974-spa,"El juego del ángel","Ruiz Zafón, Carlos, 1964-",9780307455376,,"Planeta; Books on Tape; Vintage Español","2008 - 2022","Nueva York; México",eAudiobook;Book,"Book::Central: SPANISH FICTION Ruiz Zafon, C. - On Shelf,Book::Maxwell Branch Library Adult Collection: SP Fic - On Shelf,Book::Williams Branch Library Adult Collection: SP Fic - On Shelf"
https://catalog.saclibrary.org/GroupedWork/9ac2eda3-de4d-164f-af07-7aa636fe01b4-spa,"Llamadas de Ámsterdam","Villoro, Juan, 1956-",9789871180400,,"IZ Latinoamericana; Almadía Ediciones; Storyside","2007 - 2021","Buenos Aires",eAudiobook;eBook;Book,"Book::Central: SPANISH FICTION Villoro, J. - On Shelf"
https://catalog.saclibrary.org/GroupedWork/2df5c5ce-0af1-5838-35e6-7675202f954b-spa,"Memórias póstumas de Brás Cubas","Machado de Assis, 1839-1908",9788416677597,,"Sexto Piso",2017,"Buenos Aires",Book,"Book::Del Paso Heights: SPANISH FICTION Machado de Assis - On Shelf,Book::Sacramento Public Library Storage: SPANISH FICTION Machado de Assis - On Shelf"
https://catalog.saclibrary.org/GroupedWork/0a451f2e-c45e-df09-785f-9464fd40d375-spa,"Una nueva vida","Berlin, Lucia",9788420470337,,Alfaguara,2023,Barcelona,Book,
https://catalog.saclibrary.org/GroupedWork/f14b2989-6f52-ec39-8bfb-cd0647c0f572-spa,"Mi abuelo explicaba muy bien a los pájaros","Castro Rodelo, Iván",9781602552920,,"Grupo Nelson",2009,"Nashville, Tenn",Book,"Book::Rancho Cordova: SPANISH FICTION Castro Rodelo, I. - On Shelf"
https://catalog.saclibrary.org/GroupedWork/683ff515-ee7c-27ee-334e-142fe4833da7-spa,"La noche era terciopelo","Moreno-Garcia, Silvia",9788416517657,,Umbriel,2022,Madrid,Book,"Book::Central: SPANISH FICTION Moreno-Garcia, S. - On Shelf,Book::Fair Oaks: SPANISH FICTION Moreno-Garcia, S. - On Shelf,Book::Franklin: SPANISH FICTION Moreno-Garcia, S. - On Shelf"
https://catalog.saclibrary.org/GroupedWork/f1c9bbbb-22d3-fa0f-f968-613099e8b155-spa,"Forjada en la tormenta","Gil, David B., 1979-",9788491297000,,"Suma de Letras; Penguin Random House Audio",2022,Barcelona,eAudiobook;Book,
https://catalog.saclibrary.org/GroupedWork/7b2f958f-1b0f-af44-1d98-f51f9ae3b3ed-spa,Héroe,"Young, Samantha",9788466658485,,"Ediciones B, S.A",2016,Espana,Book,"Book::South Natomas: SPANISH FICTION Young, S. - On Shelf,Book::Southgate: SPANISH FICTION Young, S. - On Shelf"
https://catalog.saclibrary.org/GroupedWork/e06b09bd-b5a8-19e4-353f-201734d33a1d-spa,"El misterio de las siete esferas","Christie, Agatha, 1890-1976",9786073929790,,"Editorial Planeta; Planeta Audio","2025 - 2026","Ciudad de México",eAudiobook;Book,"Book::Central New Books - 4th Floor: SPANISH FICTION Christie, A. - On Shelf,Book::Del Paso Heights: SPANISH FICTION Christie, A. - On Shelf,Book::Franklin: SPANISH FICTION Christie, A. - On Shelf"
https://catalog.saclibrary.org/GroupedWork/3171bded-c45e-0a2a-818d-99804c7e4543-spa,"Vendrán por ti","Martín del Campo, David, 1952-",9786075279459,,"Editorial Océano de México",2019,"Ciudad de México",Book,"Book::Central: SPANISH FICTION Martin del Campo, D. - On Shelf,Book::Franklin: SPANISH FICTION Martin del Campo, D. - On Shelf,Book::North Sacramento-Hagginwood: SPANISH FICTION Martin del Campo, D. - On Shelf"
https://catalog.saclibrary.org/GroupedWork/366e5d61-9397-7ccd-4de8-d92f387524f3-spa,"Castigo divino","Ramírez, Sergio, 1942-",9786073134330,,Alfaguara,2015,"Mexico, D.F",Book,"Book::Central: SPANISH FICTION Ramirez, S. - On Shelf"
https://catalog.saclibrary.org/GroupedWork/f6f6ce28-1ec0-d148-2068-53eea53a7ae3-spa,"El silbido del arquero","Vallejo Moreu, Irene",9786073820974,,"Random House",2022,"Barcelona, España",Book,"Book::Central: SPANISH FICTION Vallejo Moreu, I. - On Shelf,Book::Fair Oaks: SPANISH FICTION Vallejo Moreu, I. - On Shelf,Book::Galt: SPANISH FICTION Vallejo Moreu, I. - On Shelf"
https://catalog.saclibrary.org/GroupedWork/1424b2fc-199f-51fc-be49-cf192842a189-spa,"El libro secreto de Frida Kahlo","Haghenbeck, F. G. (Francisco Gerardo)",9781451641417,,"Atria Español",2012,"Nueva York",Book,"Book::Colonial Heights: SPANISH FICTION Haghenbeck, F. - On Shelf,Book::Sacramento Public Library Storage: SPANISH FICTION Haghenbeck, F. - On Shelf"
https://catalog.saclibrary.org/GroupedWork/4b201ebf-b4ac-0f6c-e47a-4c1b9d4020d9-spa,"Una boda impuesta","Beverley, Jo",9788492916474,,"Titania Editores",2013,Argentina,Book,"Book::Rancho Cordova: SPANISH FICTION Beverley, J. - On Shelf"
https://catalog.saclibrary.org/GroupedWork/69080207-7d9b-4bfa-0c91-cd0048abdfae-spa,Catalina,"Cornejo Villavicencio, Karla",9798890983343,,"Vintage Español",2025,"Miami, FL",Book,"Book::Arcade: SPANISH FICTION Cornejo Villavicencio, K. - On Hold Shelf,Book::Carmichael: SPANISH FICTION Cornejo Villavicencio, K. - On Shelf,Book::Courtland: SPANISH FICTION Cornejo Villavicencio, K. - On Shelf"
https://catalog.saclibrary.org/GroupedWork/828066cc-54f8-2886-e036-ebded5fc8497-spa,"La reina del Tearling","Johansen, Erika",9780525433668,,"Vintage Espanól, una división de Penguin Random House Inc",2017,"Nueva York",Book,"Book::Central: SPANISH FICTION Johansen, E. - On Shelf,Book::Sacramento Public Library Storage: SPANISH FICTION Johansen, E. - On Shelf"
https://catalog.saclibrary.org/GroupedWork/3cfa750b-d82a-57e9-bf03-59d6065af775-spa,"Los días dorados","Deveraux, Jude",9788415420569,,Vergara,2013,Barcelona,Book,"Book::North Natomas: SPANISH FICTION Deveraux, J. - On Shelf"
https://catalog.saclibrary.org/GroupedWork/78703f0f-32c9-8cb0-7559-9942db9bf080-spa,"El día que no fue","Lorenzano, Sandra",9786073184434,,Alfaguara,2019,"Ciudad de México",Book,"Book::Arcade: SPANISH FICTION Lorenzano, S. - On Shelf,Book::Central: SPANISH FICTION Lorenzano, S. - On Shelf,Book::Sylvan Oaks: SPANISH FICTION Lorenzano, S. - On Shelf"
https://catalog.saclibrary.org/GroupedWork/a67c7569-778e-1495-a108-b6ba3ef2560d-spa,"Las chicas grandes no lloran","Chavez Macias, Annette",9798890983824,,"Vintage Espanol",2026,Miami,Book,"Book::Carmichael: SPANISH FICTION Chavez Macias, A. - On Shelf,Book::Central New Books - 4th Floor: SPANISH FICTION Chavez Macias, A. - On Shelf,Book::Elk Grove Opening Day Collection: ON ORDER - On Order"
https://catalog.saclibrary.org/GroupedWork/b6cb6c7d-79f7-a738-c853-e27c303a6dfb-spa,"Llámame por tu nombre","Aciman, André",9781947783706,,"Penguin Random House Audio; Alfaguara",2018,"Miami, FL",eAudiobook;Book,
https://catalog.saclibrary.org/GroupedWork/efbf6668-cb0b-30fb-145e-2563581ad21e-spa,"El camino del sol","Kleypas, Lisa",9788498729283,,"Ediciones B",2014,Barcelona,Book,"Book::Central: SPANISH FICTION Kleypas, L. - On Shelf,Book::North Natomas: SPANISH FICTION Kleypas, L. - On Shelf,Book::North Sacramento-Hagginwood: SPANISH FICTION Kleypas, L. - On Shelf"
https://catalog.saclibrary.org/GroupedWork/7af8ded5-8801-3a21-b6c6-cc1d7488e1c8-spa,Violeta,"Allende, Isabel",9781644734780,,"PLAZA & JANÉS; Vintage Espanol; Penguin Random House Audio",2022,"Miami, FL",eAudiobook;eBook;Book,"Book::Central: SPANISH FICTION Allende, I. - On Shelf,Book::Sylvan Oaks: SPANISH FICTION Allende, I. - On Shelf,Book::Valley Hi-North Laguna: SPANISH FICTION Allende, I. - On Shelf"
https://catalog.saclibrary.org/GroupedWork/dd0b3d99-fa2b-3902-8c41-04b2bab7d4e6-spa,"Lo que no he dicho / Beatriz Rivas","Rivas, Beatriz, 1965-",9786073195898,,Alfaguara,2020,Mexico,Book,"Book::Arcade: SPANISH FICTION Rivas, B. - On Shelf"
https://catalog.saclibrary.org/GroupedWork/75604e99-5d0d-e1cb-7a2f-a53a066b8e09-spa,"Recetas para amar y matar","Andrew, Sally, 1969-",9788425354045,,Grijalbo,2016,[Barcelona],Book,"Book::Arcade: SPANISH FICTION Andrew, S. - On Shelf,Book::Walnut Grove: SPANISH FICTION Andrew, S. - On Shelf,Book::Sacramento Public Library Storage: SPANISH FICTION Andrew, S. - On Shelf"
https://catalog.saclibrary.org/GroupedWork/171d5cad-90f5-e569-235e-68ead2456acf-spa,"Juego de tronos","Martin, George R. R",9780307951182,,"Books on Tape; Vintage Español","2012 - 2019","Nueva York",eAudiobook;Book,
https://catalog.saclibrary.org/GroupedWork/15762fdb-a16e-b5fe-c2a0-f0eec13e68bc-spa,"Diabólicamente sexy","Bond, Gwenda",9788417421861,,Titania,2022,Madrid,Book,"Book::Central Teen Area - 3rd Floor: SPANISH TEEN FICTION Bond, G. - On Shelf,Book::McKinley Children's Area: SPANISH TEEN FICTION Bond, G. - On Shelf,Book::North Sacramento-Hagginwood Teen Area: SPANISH TEEN FICTION Bond, G. - On Shelf"
https://catalog.saclibrary.org/GroupedWork/bddbe0b7-fc39-cce8-899e-51a9ed81ef93-spa,"Vivir y morir en Dallas","Harris, Charlaine",9788466359771,,Debolsillo,2023,Barcelona,Book,"Book::Arcade: SPANISH FICTION Harris, C. - On Shelf,Book::Central: SPANISH FICTION Harris, C. - On Shelf,Book::Fair Oaks: SPANISH FICTION Harris, C. - On Shelf"
https://catalog.saclibrary.org/GroupedWork/392ea8e9-523d-38b6-f7b1-f982905e7936-spa,"El caballero de los siete reinos","Martin, George R. R",9781101912270,,"Vintage Español, una división de Random House LLC",2015,"Nueva York",Book,"Book::Arcade: SPANISH FICTION Martin, G. - On Shelf,Book::Elk Grove: SPANISH FICTION Martin, G. - On Shelf,Book::Sacramento Public Library Storage: SPANISH FICTION Martin, G. - Checked Out"
https://catalog.saclibrary.org/GroupedWork/ee2b5953-002d-e8f7-8f07-e6ca6c730abf-spa,"El amante polaco: Libro 2","Poniatowska, Elena",9786070780462,,"Seix Barral México; Seix Barral; Planeta Audio",2021,"Ciudad de México",eAudiobook;Book;eBook,"Book::Central: SPANISH FICTION Poniatowska, E. v.2 - On Shelf,Book::Fair Oaks: SPANISH FICTION Poniatowska, E. v.2 - On Shelf,Book::Isleton: SPANISH FICTION Poniatowska, E. v.2 - On Shelf"
https://catalog.saclibrary.org/GroupedWork/77437ae9-6f8b-a89b-7c5f-556246ccee7c-spa,"La marrana negra de la literatura rosa","Velázquez, Carlos, 1978-",9786075579504,,"Océano; Sexto Piso","2015 - 2025","México, D.F; Estado de México",Book,"Book::Central New Books - 4th Floor: SPANISH FICTION Velazquez, C. - On Shelf,Book::Colonial Heights: SPANISH FICTION Velazquez, C. - On Shelf,Book::Elk Grove Opening Day Collection: ON ORDER - On Order"
https://catalog.saclibrary.org/GroupedWork/2e155856-3f7a-ca4b-06fd-7cd72d2e098d-spa,"El último en morir","Velasco, Xavier",9786073196352,,"Penguin Random House Audio; Alfaguara","2020 - 2021","Ciudad de México",eAudiobook;Book,"Book::Walnut Grove: SPANISH FICTION Velasco, X. - On Shelf"
https://catalog.saclibrary.org/GroupedWork/60b39772-2059-8b97-e7a9-c3c7f973c2a2-spa,María,"Isaacs, Jorge, 1837-1895",9788423909131,,"Espasa-Calpe; Linkgua","1983 - 2010",Madrid,eBook;Book,
https://catalog.saclibrary.org/GroupedWork/0b10b725-788c-5e6f-e524-847cccd8acb9-spa,"Tormenta de espadas","Martin, George R. R",9786073108652,,"Vintage Español, una división de Random House, Inc; Books on Tape","2012 - 2019","Neuva York",eAudiobook;Book,
https://catalog.saclibrary.org/GroupedWork/19f39cd5-f528-e077-0e46-c645a89f50a8-spa,"Carmen la Coja","Castillo, Ana",9780375724688,,"Recorded Books, Inc.; VINTAGE ESPAÑOL; Vintage Español","2000 - 2011","New York",eBook;eAudiobook;Book,
https://catalog.saclibrary.org/GroupedWork/4025bdb6-18cb-65f6-a62b-53915f1d5513-spa,"El conde de Montecristo","Dumas, Alexandre, 1802-1870",9788491054566,,"Penguin Random House Grupo; Plutón Ediciones; SAGA Egmont; Penguin Random House; Debate; ReadingU; NARRATORES; Stream Readers; Ediciones Akal; Audiolibros Colección","1998 - 2024","Barcelona; Madrid",eBook;eAudiobook;Book,"Book::Central: SPANISH FICTION Dumas, A. - On Shelf"
https://catalog.saclibrary.org/GroupedWork/8ade5710-70cb-72ec-2573-b5aa841de739-spa,"La doble esposa","Burke, Alafair",9788417805722,,"Roca Editorial",2020,Barcelona,Book,
https://catalog.saclibrary.org/GroupedWork/824900d0-d3de-731d-49b9-4265fdd8ca41-spa,"El pecado original","James, P. D",9788498725278,,Zeta,2011,"Barcelona, Spain",Book,
https://catalog.saclibrary.org/GroupedWork/2cb057ea-0146-eee2-d30b-decd10a63937-spa,"A solas conmigo","Romero, Vanesa",9788410257221,,Suma,2025,Barcelona,Book,
https://catalog.saclibrary.org/GroupedWork/d5797810-8a25-b10f-641e-2e7446014111-spa,"La Pimpinela Escarlata","Orczy, Emmuska Orczy, Baroness, 1865-1947",9788439731153,,"Literatura Random House",2016,Barcelona,Book,
https://catalog.saclibrary.org/GroupedWork/9e1f6352-a1c6-ca4c-bc36-473b44318129-spa,"Todas mis ilusiones","Cherry Chic, 1987-",9788413147048,,"B de Bolsillo",2023,Barcelona,Book,
https://catalog.saclibrary.org/GroupedWork/661bb441-7161-3e28-4991-cd482c62e6cc-spa,"En tu piel","Jones, Lisa Renee",9788415955016,,Sombras,2014,Argentina,Book,
https://catalog.saclibrary.org/GroupedWork/6143c024-4022-1565-a692-a0beb73a83bf-spa,"El pasado es un extraño país","Aguilera García, Flor",9786071123466,,"Suma de letras; Santillana",2012,"México, D.F",Book,
https://catalog.saclibrary.org/GroupedWork/2b50b8bc-82d5-9606-bb0b-4b9cd907fa92-spa,"Niños de la calle","Nguyễn, Phan Quế Mai, 1973-",9788410138209,,AdN,2024,Madrid,Book,
https://catalog.saclibrary.org/GroupedWork/f290d214-f02b-4078-bc75-f39a6af527e3-spa,"El beso del la mujer arana","Puig, Manuel",9780593313640,,"Vintage Espanol, una division de Random House LLC",2021,"Nueva York",Book,"Book::Central: SPANISH FICTION Puig, M. - On Shelf,Book::Courtland: SPANISH FICTION Puig, M. - On Shelf,Book::Sacramento Public Library Storage: SPANISH FICTION Puig, M. - On Shelf"
https://catalog.saclibrary.org/GroupedWork/38fc420a-262f-db28-0a72-688a1a74e7a8-spa,"Deja que el amor te encuentre","Lindsey, Johanna",9788415420378,,Vergara,2013,Barcelona,Book,
